date,COFORGE,HCLTECH,INFY,LTM,MPHASIS,OFSS,PERSISTENT,TCS,TECHM,WIPRO
2016-07-21,-0.010638296604156494,-0.008904099464416504,-0.0030182600021362305,0.0,-0.0037665367126464844,0.006577968597412109,-0.012187480926513672,0.004449009895324707,-0.00021326541900634766,0.005678892135620117
2016-07-22,-0.005376338958740234,0.007878422737121582,-0.006811678409576416,0.0,0.007087826728820801,-0.022094309329986572,-0.04334068298339844,0.0036072731018066406,-0.0008534789085388184,-0.007700204849243164
2016-07-25,-0.005405426025390625,0.015359282493591309,0.00781095027923584,-0.0,0.005038857460021973,-0.001750171184539795,-0.008793234825134277,0.017438650131225586,0.0074738264083862305,0.009311914443969727
2016-07-26,0.016304373741149902,0.006482958793640137,0.0071833133697509766,-0.0,0.004009246826171875,-0.00015938282012939453,-0.03877365589141846,-0.002485334873199463,-0.012293338775634766,0.00563812255859375
2016-07-27,-0.016042768955230713,0.011137962341308594,-0.003002941608428955,-0.0,-0.012076258659362793,-0.005101203918457031,-0.007523179054260254,0.009778261184692383,0.003648042678833008,0.005606532096862793
2016-07-28,0.016304373741149902,-0.0035833120346069336,-0.007341921329498291,-0.0,0.007536113262176514,-0.05175447463989258,0.001723170280456543,0.016178131103515625,-0.039341509342193604,0.008616328239440918
2016-07-29,-0.03743314743041992,0.0027970075607299805,-0.003224015235900879,0.0,-0.004851222038269043,0.010968923568725586,0.012658238410949707,1.52587890625e-05,0.005341649055480957,-0.016080379486083984
2016-08-01,-0.011111140251159668,-0.03652548789978027,0.010464191436767578,-0.0,-0.007136821746826172,0.03126925230026245,0.010343849658966064,-0.03396320343017578,0.004870414733886719,0.023493289947509766
2016-08-02,-0.005617976188659668,-0.026012301445007324,-0.0013179183006286621,-0.0,0.02542722225189209,0.0030211210250854492,0.006624460220336914,0.0033453702926635742,0.01938760280609131,-0.014471054077148438
2016-08-03,-0.04519772529602051,-0.031722187995910645,0.0011311769485473633,-0.0,0.01646709442138672,-0.004146695137023926,-0.0035566091537475586,0.01589357852935791,-0.0047547221183776855,-0.0030379891395568848
2016-08-04,0.005917191505432129,0.002784132957458496,-0.012241065502166748,0.0,0.008480072021484375,0.008259236812591553,0.012404024600982666,0.001618802547454834,0.0065146684646606445,0.0005079507827758789
2016-08-05,-0.005882382392883301,0.002549111843109131,-0.0034317970275878906,0.0,-0.0462719202041626,-0.03523385524749756,-0.009868502616882324,0.0010935068130493164,-0.010355949401855469,-0.0020304322242736816
2016-08-08,0.0,0.003164231777191162,0.009948372840881348,0.0,-0.03563189506530762,-0.00402224063873291,0.007403016090393066,-0.00015091896057128906,0.018312573432922363,0.0035605430603027344
2016-08-09,-0.017751455307006836,0.0028079748153686523,0.004356861114501953,-0.0,0.012345671653747559,-0.003081679344177246,-0.005369901657104492,-0.00026416778564453125,-0.0023549795150756836,0.0045615434646606445
2016-08-10,-0.018072307109832764,-0.0015915632247924805,-0.0009430646896362305,-0.0,0.030122995376586914,-0.005069136619567871,0.00890207290649414,-0.009508728981018066,-0.01115882396697998,-0.016145288944244385
2016-08-11,0.012269973754882812,-0.007822990417480469,-0.004530906677246094,-0.0,-0.005704641342163086,0.004432201385498047,-0.010179638862609863,-0.01289522647857666,0.006076455116271973,0.0005128383636474609
2016-08-12,-0.006060600280761719,0.01249241828918457,-0.013844072818756104,0.0,0.005462169647216797,-0.005066037178039551,-0.00978076457977295,-0.01053917407989502,-0.0142364501953125,0.0015375614166259766
2016-08-16,0.0,-0.0268976092338562,-0.010000050067901611,-0.0,0.024926066398620605,0.0113028883934021,0.0036689043045043945,0.017075300216674805,-0.022319495677947998,-0.013306021690368652
2016-08-17,-0.006097555160522461,-0.009844720363616943,-0.017676711082458496,-0.0,-0.0034662485122680664,-0.0052525997161865234,0.004713535308837891,-0.024943292140960693,-0.0183526873588562,-0.016597509384155273
2016-08-18,0.01840496063232422,0.0016571283340454102,-0.009491801261901855,-0.0,-0.014032840728759766,0.004456758499145508,0.01716744899749756,0.005334258079528809,-0.011399924755096436,-0.004746854305267334
2016-08-19,0.01204824447631836,-0.00509035587310791,-0.002196073532104492,-0.0,-0.004470944404602051,0.005402922630310059,0.025899648666381836,-0.013287544250488281,0.008302569389343262,-0.00953894853591919
2016-08-22,-0.005952358245849609,-0.012279331684112549,-0.005602240562438965,-0.0,0.012081325054168701,0.007605135440826416,0.003864586353302002,-0.02104860544204712,-0.015324831008911133,-0.009095728397369385
2016-08-23,-0.011976063251495361,0.024345993995666504,-0.0237424373626709,-0.0,0.001072704792022705,-0.0054738521575927734,-0.005431413650512695,0.020543813705444336,-0.001393735408782959,0.00809931755065918
2016-08-24,-0.006060600280761719,-0.0008849501609802246,-0.01709902286529541,-0.0,-0.001932978630065918,0.0017110109329223633,0.00910639762878418,-0.011149287223815918,0.003023982048034668,0.0005356073379516602
2016-08-25,-0.018292665481567383,0.009743094444274902,0.02009660005569458,-0.021958351135253906,0.0006430745124816895,0.006388306617736816,0.002492189407348633,-0.008164644241333008,-0.020408213138580322,-0.030513882637023926
2016-08-26,-0.0062111616134643555,-0.0241854190826416,0.01538163423538208,0.009328722953796387,-0.05341053009033203,0.003606736660003662,0.014678359031677246,-0.010231077671051025,0.004261374473571777,-0.027609050273895264
2016-08-29,-0.02499997615814209,-0.030306994915008545,-0.0026036500930786133,0.010651350021362305,0.008552253246307373,0.01384955644607544,-0.036450088024139404,-0.00966346263885498,-0.024045288562774658,-0.02271437644958496
2016-08-30,0.01282048225402832,0.024897456169128418,-0.017179369926452637,-0.016929268836975098,-0.0024646520614624023,-0.02681136131286621,0.018421053886413574,0.01743602752685547,-0.03164255619049072,-0.022080063819885254
2016-08-31,0.012658238410949707,0.005943894386291504,0.004320502281188965,-0.001764535903930664,-0.029297232627868652,-0.006395518779754639,0.005167961120605469,-0.01291579008102417,-0.013579964637756348,-0.0039795637130737305
2016-09-01,0.0,0.006807923316955566,-0.0015778541564941406,0.01118093729019165,0.0021895170211791992,-0.002805769443511963,0.004498720169067383,-0.0015131831169128418,-0.0006930828094482422,0.015288829803466797
2016-09-02,0.0,0.0008931159973144531,0.005513966083526611,0.0025557279586791992,0.0061838626861572266,0.0019861459732055664,-0.010716617107391357,0.0029113292694091797,-0.006232619285583496,0.0005750060081481934
2016-09-06,-0.00625002384185791,0.001402139663696289,-0.012673258781433105,-0.011802077293395996,0.0058209896087646484,-0.005285739898681641,0.004527091979980469,-0.012223660945892334,-0.018352866172790527,0.0017261505126953125
2016-09-07,0.006289362907409668,0.0019093751907348633,-0.0089949369430542,-0.005602121353149414,0.0191802978515625,-0.0081368088722229,-0.01271522045135498,-0.01751166582107544,0.01802206039428711,0.002305448055267334
2016-09-08,-0.012499988079071045,-0.016770362854003906,0.01589149236679077,0.007478654384613037,0.023466408252716064,-0.018416225910186768,-0.012552976608276367,-0.048538029193878174,0.028905749320983887,0.01617562770843506
2016-09-09,0.018987298011779785,0.00852823257446289,0.001969277858734131,0.011148691177368164,0.011804401874542236,-0.006822466850280762,0.01750040054321289,0.013074278831481934,0.0016536116600036621,-0.014092683792114258
2016-09-12,0.0062111616134643555,0.0028187036514282227,-0.017758488655090332,0.005131781101226807,0.017918050289154053,-0.014940738677978516,0.001298069953918457,0.0028055906295776367,-0.012778043746948242,0.0005789995193481445
2016-09-14,0.012345671653747559,-0.008176863193511963,0.007948756217956543,0.004376709461212158,0.016507387161254883,0.003214895725250244,0.0046994686126708984,-0.012971282005310059,-0.006542086601257324,0.004635035991668701
2016-09-15,-0.012195110321044922,0.0034780502319335938,0.003126859664916992,0.0020409822463989258,0.001987636089324951,0.0030555129051208496,-0.0016129016876220703,-0.0006442070007324219,0.009052932262420654,-0.001164078712463379
2016-09-16,0.006172895431518555,0.009370923042297363,-0.01725161075592041,0.001022636890411377,-0.006638646125793457,-0.004427075386047363,-0.010339319705963135,0.01492929458618164,-0.006090402603149414,-0.0017441511154174805
2016-09-19,0.006134986877441406,0.003433823585510254,-0.0009635686874389648,-0.00834643840789795,0.007474184036254883,0.0008475780487060547,0.0013059377670288086,0.02106952667236328,-0.002794027328491211,-0.0005803108215332031
2016-09-20,-0.006097555160522461,0.0038022994995117188,0.01039665937423706,0.0020302534103393555,0.02414172887802124,-0.0023752450942993164,-0.01222693920135498,-0.0020568370819091797,0.00998377799987793,-0.0023202896118164062
2016-09-21,0.006134986877441406,0.0007575750350952148,-0.005252957344055176,-0.0005476474761962891,-0.01929187774658203,0.00355452299118042,-0.007757067680358887,0.0028672218322753906,0.0023452043533325195,-0.006365656852722168
2016-09-22,0.006097555160522461,-0.00479435920715332,-0.002902984619140625,0.0013294219970703125,-0.03340017795562744,-0.001189112663269043,0.00033271312713623047,-0.014668047428131104,0.01480954885482788,0.0046002864837646484
2016-09-23,-0.04848480224609375,0.01064908504486084,0.015438079833984375,-7.832050323486328e-05,-0.023917317390441895,0.0011876225471496582,-0.009976744651794434,0.008452534675598145,0.00047725439071655273,0.0034662485122680664
2016-09-26,-0.017341017723083496,-0.010411441326141357,0.006272077560424805,0.0005480647087097168,0.013257622718811035,0.016986608505249023,0.011420845985412598,0.0012509822845458984,0.013129651546478271,0.0011594295501708984
2016-09-27,-0.0,0.00874626636505127,-0.0037474632263183594,0.0007051229476928711,-0.010450005531311035,0.006393611431121826,0.0038193464279174805,0.01457667350769043,0.0026608705520629883,-0.009866476058959961
2016-09-28,-0.0,0.000628352165222168,0.0007860064506530762,-0.0009407997131347656,0.03588014841079712,-0.003826141357421875,-0.03275430202484131,-0.0053528547286987305,0.017462968826293945,0.0011494159698486328
2016-09-29,-0.0625,-0.006655752658843994,0.009439527988433838,-0.037126898765563965,0.0067862868309021,-0.03707551956176758,0.008489489555358887,0.006083250045776367,-0.032337725162506104,-0.024165689945220947
2016-09-30,0.018181800842285156,0.011251568794250488,-0.006749987602233887,0.005368947982788086,-0.003967404365539551,0.010975122451782227,-0.034087181091308594,-0.0028714537620544434,-0.018367350101470947,0.015330076217651367
2016-10-03,0.01785719394683838,0.010876297950744629,-0.0019719600677490234,0.008010387420654297,-0.03907787799835205,0.015305161476135254,-0.00015628337860107422,-0.007857561111450195,0.002338886260986328,0.0
2016-10-04,-0.005847930908203125,0.011748671531677246,-0.0106278657913208,-0.0074651241302490234,-0.015212416648864746,0.019982457160949707,-0.03311467170715332,-0.002711772918701172,0.020222902297973633,0.005226492881774902
2016-10-05,0.0,-0.0025668740272521973,0.007400155067443848,-0.004367172718048096,-0.006035327911376953,-0.007733285427093506,-0.05185961723327637,-0.007816433906555176,-0.00838625431060791,-0.004043996334075928
2016-10-06,-0.011764705181121826,-0.01776963472366333,0.013537406921386719,-0.0012996196746826172,0.007860958576202393,-0.005542099475860596,0.012505412101745605,0.0010056495666503906,-0.01153254508972168,-0.003480195999145508
2016-10-07,-0.029761910438537598,0.006238341331481934,0.014319777488708496,-0.0039040446281433105,-0.005004167556762695,-0.007314503192901611,0.017612755298614502,-0.008774399757385254,-0.0025926828384399414,-0.002328336238861084
2016-10-10,0.01840496063232422,0.008059501647949219,-0.01715087890625,-0.0017147064208984375,0.004149377346038818,0.012631535530090332,-0.0017780065536499023,0.005279183387756348,0.005458712577819824,0.0
2016-10-13,0.01807224750518799,-0.011931121349334717,-0.021622657775878906,-0.010224103927612305,0.003125011920928955,-0.012820541858673096,-0.0023665428161621094,-0.021593987941741943,0.0007756948471069336,0.002917170524597168
2016-10-14,0.0414201021194458,0.011701703071594238,0.023883461952209473,0.006610989570617676,-0.006478548049926758,-0.010705530643463135,-0.013132572174072266,0.016016125679016113,-0.00774991512298584,-0.006980776786804199
2016-10-17,-0.0625,-0.005290985107421875,0.00457531213760376,0.016008496284484863,0.0035299062728881836,-0.0019513964653015137,0.0018933415412902832,-0.0015805959701538086,-0.027076244354248047,-0.006443977355957031
2016-10-18,0.006060600280761719,-0.03265702724456787,-0.016187071800231934,0.004605770111083984,-0.002708911895751953,0.010842561721801758,-0.007733821868896484,0.015974879264831543,-0.043617844581604004,-0.0229952335357666
2016-10-19,0.030120491981506348,0.005150914192199707,-0.002753138542175293,0.0010455846786499023,-0.05943477153778076,0.016704797744750977,-0.006081700325012207,-0.002124786376953125,0.0005128383636474609,-0.02536022663116455
2016-10-20,-0.011695921421051025,0.018061399459838867,0.004902899265289307,0.0030531883239746094,0.012593865394592285,-0.004323780536651611,0.014392614364624023,0.0025300979614257812,-0.00025653839111328125,-0.0005621910095214844
2016-10-21,0.011834263801574707,-0.01986515522003174,-0.0015766620635986328,-0.0009613037109375,-0.00872790813446045,-0.0020844340324401855,0.012120306491851807,0.011452794075012207,-0.022826313972473145,-0.007865190505981445
2016-10-24,0.0,0.025369763374328613,0.010822534561157227,0.0045702457427978516,-0.01716923713684082,-0.020017385482788086,0.024538040161132812,-0.00039523839950561523,0.01203608512878418,-0.03065776824951172
2016-10-25,-0.011695921421051025,0.007525265216827393,0.00974738597869873,-0.03639554977416992,-0.008510589599609375,-0.005150973796844482,0.002273082733154297,-0.012044310569763184,-0.01218271255493164,-0.005175352096557617
2016-10-26,0.0,0.017029225826263428,0.0028123855590820312,-0.0015401840209960938,0.0020329952239990234,0.00035703182220458984,-0.0003037452697753906,-0.0009172558784484863,0.027081191539764404,-0.020809292793273926
2016-10-27,-0.02958577871322632,0.02086496353149414,0.010676860809326172,0.0049211978912353516,-0.0033814311027526855,-0.006603598594665527,-0.003947854042053223,0.009114265441894531,0.02268040180206299,-0.02066117525100708
2016-10-28,-0.006097555160522461,0.01446467638015747,0.005905091762542725,-0.0009273290634155273,0.014702558517456055,0.00017964839935302734,0.02480340003967285,-0.008022904396057129,-0.055643439292907715,0.0006028413772583008
2016-11-01,-0.006134986877441406,-0.012842416763305664,0.007988572120666504,0.003937363624572754,0.011814475059509277,0.0008981227874755859,-0.029621601104736328,-0.020302653312683105,0.014840483665466309,-0.00301206111907959
2016-11-02,0.0,0.011126995086669922,0.00867229700088501,0.010928511619567871,0.010795354843139648,-0.0007178783416748047,-0.0006024837493896484,-0.019548892974853516,0.009289443492889404,-0.006042301654815674
2016-11-03,-0.024691343307495117,0.0015701055526733398,0.014371991157531738,0.008933484554290771,-0.037925004959106445,-0.004130721092224121,0.01610720157623291,0.006683826446533203,0.00456160306930542,-0.022492408752441406
2016-11-04,0.018987298011779785,-0.041410088539123535,-0.004226565361022949,0.010120928287506104,0.009288668632507324,0.008656501770019531,0.0070378780364990234,0.004785656929016113,-0.005091667175292969,0.011193990707397461
2016-11-07,0.0062111616134643555,-0.0283125638961792,-0.00715482234954834,-0.002476215362548828,0.001795649528503418,-0.003575921058654785,-0.011093974113464355,-0.02295583486557007,-0.03698074817657471,-0.005535125732421875
2016-11-08,0.006172895431518555,0.010034263134002686,-0.0048056840896606445,-0.006055712699890137,0.011875510215759277,0.008254051208496094,-0.010210275650024414,0.002696394920349121,-0.02222764492034912,0.003710627555847168
2016-11-09,-0.006134986877441406,0.029913485050201416,0.024745285511016846,0.005623281002044678,0.0031000375747680664,-0.029720604419708252,0.009805381298065186,-0.049640774726867676,0.04611706733703613,-0.01047438383102417
2016-11-10,0.006172895431518555,-0.006116151809692383,0.019616246223449707,-0.005655050277709961,-0.027593791484832764,0.00807046890258789,-0.03443026542663574,-0.006636440753936768,-0.019037961959838867,-0.00435870885848999
2016-11-11,-0.030674874782562256,0.03229480981826782,0.019138753414154053,0.0176619291305542,-0.0006810426712036133,-0.0052765607833862305,0.00978231430053711,-0.025191843509674072,0.030973374843597412,-0.005628466606140137
2016-11-15,0.012658238410949707,-0.008637666702270508,-0.0022172927856445312,-0.026606440544128418,-0.00931394100189209,-0.023596107959747314,-0.041562438011169434,0.009585261344909668,-0.0038051605224609375,0.011949658393859863
2016-11-16,0.0,-0.00402224063873291,-0.018805265426635742,0.011596083641052246,-0.0018345117568969727,-0.003559410572052002,-0.01287907361984253,-0.03219723701477051,-0.03133690357208252,-0.005593478679656982
2016-11-17,0.00625002384185791,0.01770484447479248,0.01172637939453125,-0.00278395414352417,-0.006891787052154541,-0.023312628269195557,0.0018166303634643555,0.023931384086608887,0.0041656494140625,-0.015625
2016-11-18,0.0,-0.0048677921295166016,0.010547161102294922,-0.0014780163764953613,-0.04024982452392578,0.008084654808044434,-0.01285851001739502,0.0056615471839904785,-0.008366107940673828,-0.0025396347045898438
2016-11-21,-0.0062111616134643555,0.007200837135314941,0.009771227836608887,-0.012416720390319824,-0.011340856552124023,-0.023486733436584473,-0.013694047927856445,-0.003670334815979004,-0.004392385482788086,0.010821104049682617
2016-11-22,0.0,-0.005011200904846191,-0.003363966941833496,0.0010824203491210938,0.01649075746536255,-0.032068848609924316,0.0,-0.0009846687316894531,-0.015063166618347168,0.01889169216156006
2016-11-23,0.0,-0.0017058849334716797,-0.0067054033279418945,0.006737112998962402,0.003129899501800537,0.0036363601684570312,-0.001354515552520752,-0.010004758834838867,0.0007179975509643555,-0.0030902624130249023
2016-11-24,0.0,-0.005763649940490723,-0.010879158973693848,0.0,-0.0011212825775146484,-0.0309983491897583,0.012377023696899414,-0.014886140823364258,-0.012934088706970215,0.004339694976806641
2016-11-25,-0.04375004768371582,-0.04441261291503906,-0.05073583126068115,-0.0246199369430542,-0.021729469299316406,-0.0324091911315918,0.0103834867477417,-0.0511319637298584,-0.06644594669342041,-0.030864238739013672
2016-11-28,-0.011976003646850586,-0.005112767219543457,-0.0022993087768554688,-0.00209653377532959,0.017101526260375977,-0.0035930871963500977,-0.0009945034980773926,0.007720530033111572,-0.004656314849853516,0.008982062339782715
2016-11-29,-0.005917191505432129,0.0008684992790222168,0.007299244403839111,-0.01689732074737549,-0.013830065727233887,-0.0030149221420288086,-0.0009955763816833496,0.009962320327758789,0.01191788911819458,-0.010271906852722168
2016-11-30,-0.0,0.001862645149230957,-0.002941131591796875,-0.018832087516784668,-0.017601728439331055,0.0035694241523742676,0.012124300003051758,-0.00716853141784668,-0.0029036998748779297,-0.0
2016-12-01,-0.0,0.0008708834648132324,-0.00020945072174072266,-0.009630322456359863,-0.004756808280944824,0.007730007171630859,-0.0057433247566223145,0.005535900592803955,0.022271692752838135,-0.006579041481018066
2016-12-02,0.005882382392883301,0.011829137802124023,0.011518299579620361,-0.0,0.013341963291168213,0.0089302659034729,-0.015349149703979492,0.018378853797912598,0.0036446452140808105,0.01723116636276245
2016-12-05,0.0059171319007873535,0.00025194883346557617,0.0029661059379577637,0.004230797290802002,0.0032715201377868652,-0.007668733596801758,-0.005028486251831055,0.016139686107635498,0.024691343307495117,0.007255136966705322
2016-12-06,-0.011904716491699219,0.015754997730255127,-0.005099892616271973,0.0019312500953674316,0.008752763271331787,-0.0020928382873535156,0.0104447603225708,0.0016651153564453125,-0.0070323944091796875,-0.0018270015716552734
2016-12-07,-0.0,-0.005634427070617676,-0.0,0.008204340934753418,0.00971299409866333,-0.012530803680419922,0.00033342838287353516,0.012738525867462158,0.022579193115234375,0.009726464748382568
2016-12-08,-0.005882382392883301,-0.01209723949432373,-0.018816113471984863,-0.003823995590209961,-0.010922908782958984,-0.017438530921936035,0.003166675567626953,-0.01912224292755127,-0.01905214786529541,-0.011049747467041016
2016-12-09,-0.02339184284210205,-0.010694503784179688,-0.004772782325744629,-0.01819169521331787,-0.0011025667190551758,-0.014190912246704102,-0.00215989351272583,0.0002276897430419922,-0.018228650093078613,0.0006071329116821289
2016-12-12,-0.02285712957382202,0.004357039928436279,0.012185096740722656,0.002214193344116211,0.009471356868743896,0.008540809154510498,-0.0006659626960754395,-0.0058945417404174805,0.005049347877502441,0.009720563888549805
2016-12-13,0.005847930908203125,-0.001375436782836914,-0.013171672821044922,0.003290534019470215,-0.012007951736450195,0.0005498528480529785,-0.000666499137878418,0.0035775303840637207,-0.034371376037597656,-0.022699356079101562
2016-12-14,-0.011627912521362305,-0.024847030639648438,-0.009698629379272461,-0.02042222023010254,-0.033179521560668945,-0.004034519195556641,0.002167344093322754,-0.003317713737487793,0.01739513874053955,-0.005398988723754883
2016-12-15,0.005882382392883301,-0.013767004013061523,0.007357418537139893,-0.01587533950805664,-0.02977454662322998,-0.0029224157333374023,0.008817195892333984,-0.02341902256011963,-0.0018156766891479492,0.0005967020988464355
2016-12-16,0.0,0.013820469379425049,-0.012765049934387207,-0.0060732364654541016,-0.03366374969482422,-0.008923649787902832,0.01319265365600586,-0.01033937931060791,0.0006796121597290039,0.005970120429992676
2016-12-19,-0.011695921421051025,-0.0049964189529418945,0.00040656328201293945,-0.0012514591217041016,-0.00019979476928710938,0.00487363338470459,-0.010742247104644775,-0.0027337074279785156,0.008388161659240723,-0.0006006956100463867
2016-12-20,0.017751455307006836,-0.006547808647155762,-0.007524847984313965,-0.0003676414489746094,-0.0011985301971435547,0.0025394558906555176,-0.004771232604980469,-0.022019386291503906,-0.0075446367263793945,-0.006602644920349121
2016-12-21,0.005813956260681152,0.011203467845916748,0.010496556758880615,-0.00044095516204833984,0.01955312490463257,-0.0069103240966796875,0.008265852928161621,0.010986149311065674,0.005218982696533203,0.008944571018218994
2016-12-22,0.0,0.004507839679718018,0.016931891441345215,0.0007346272468566895,0.020960509777069092,-0.0005418062210083008,-0.01065748929977417,0.002550184726715088,0.0011405348777770996,0.0018050670623779297
2016-12-23,-0.005780339241027832,-0.028637826442718506,-0.003942728042602539,0.0036759376525878906,-0.027644991874694824,-0.007220268249511719,-0.0036460161209106445,0.008493244647979736,0.015300273895263672,0.006630420684814453
2016-12-26,-0.04651165008544922,-0.004157721996307373,0.005787491798400879,0.011216044425964355,-0.055016160011291504,-0.023476719856262207,-0.0006653666496276855,-0.002185225486755371,0.00788503885269165,0.004854381084442139
2016-12-27,-0.036585330963134766,0.018218517303466797,-0.016424059867858887,-0.004776120185852051,0.035530805587768555,0.007340788841247559,-0.003994584083557129,-0.013213515281677246,-0.010518908500671387,-0.019512176513671875
2016-12-28,-0.0,0.002733588218688965,0.00040906667709350586,-0.010472297668457031,0.022116661071777344,-0.012934982776641846,-0.026236534118652344,0.004304051399230957,-0.013416647911071777,-0.008373260498046875
2016-12-29,-0.0,0.015241622924804688,0.006138741970062256,0.0003675222396850586,0.014357924461364746,-0.0023993849754333496,-0.017098188400268555,-0.0165557861328125,-0.019173741340637207,-0.006524205207824707
2016-12-30,-0.0,0.010496854782104492,-0.01832401752471924,-7.355213165283203e-05,-0.002591729164123535,0.0057353973388671875,0.012968242168426514,-0.005893707275390625,-0.013661861419677734,-0.004714250564575195
2017-01-02,-0.005882382392883301,0.0007246732711791992,0.009502649307250977,-0.0003676414489746094,-0.01499098539352417,0.021891117095947266,-0.010218977928161621,0.0017754435539245605,0.0019884705543518066,0.006451666355133057
2017-01-03,-0.005847930908203125,0.007966160774230957,0.007144331932067871,0.00029402971267700195,-0.040178537368774414,-0.00756072998046875,-0.008028268814086914,-0.00292205810546875,-0.0077484846115112305,0.008854806423187256
2017-01-04,-0.017441868782043457,0.02610468864440918,-0.00390625,-0.02631974220275879,-0.006553947925567627,0.022673726081848145,-0.03026437759399414,-0.004746079444885254,-0.019551873207092285,-0.0178678035736084
2017-01-05,0.017142832279205322,-0.014354109764099121,0.0016382932662963867,0.00916910171508789,0.008299589157104492,-0.0060304999351501465,0.0023190975189208984,-0.01895362138748169,0.02650296688079834,-0.009947419166564941
2017-01-06,0.017441868782043457,-0.03575652837753296,-0.024000048637390137,0.016700387001037598,-0.02300548553466797,-0.025160610675811768,0.008368134498596191,-0.022703886032104492,-0.039840638637542725,-0.02143692970275879
2017-01-09,-0.017751455307006836,0.029346704483032227,-0.0018915534019470215,-0.001029372215270996,0.00561678409576416,-0.010799944400787354,0.006094753742218018,0.00977468490600586,0.008529305458068848,0.0035524368286132812
2017-01-10,-0.0,-0.000596463680267334,0.00021064281463623047,0.001028299331665039,0.00902259349822998,0.0037009716033935547,0.0023584961891174316,0.005061507225036621,0.0,0.010029435157775879
2017-01-11,-0.0,-0.005490541458129883,-0.0014737248420715332,7.349252700805664e-05,-0.010219335556030273,0.012905597686767578,0.0018912553787231445,0.0039042234420776367,0.0011428594589233398,-0.0005840659141540527
2017-01-12,-0.0,0.0174027681350708,-0.03183639049530029,-0.00014698505401611328,-0.002151012420654297,0.016927599906921387,-0.002684354782104492,0.008587241172790527,0.016210079193115234,0.014611363410949707
2017-01-13,0.011627912521362305,0.0029491186141967773,0.024111151695251465,0.00014698505401611328,-0.012718260288238525,0.015750885009765625,0.0009448528289794922,-0.04054838418960571,0.01595151424407959,0.00345611572265625
2017-01-16,-0.005882382392883301,-0.02317100763320923,0.020728647708892822,-0.00014698505401611328,-0.005240142345428467,0.002466917037963867,0.021752893924713135,0.0041168928146362305,-0.0028748512268066406,0.0
2017-01-17,0.029239773750305176,0.008669495582580566,0.00021380186080932617,-0.0005146265029907227,0.0013169050216674805,0.007910013198852539,-0.012246251106262207,0.008943676948547363,-0.0008870959281921387,-0.004592418670654297
2017-01-18,-0.048192739486694336,0.007520556449890137,0.0049187541007995605,-0.014990091323852539,0.012494444847106934,-0.006975948810577393,-0.007640838623046875,0.007170557975769043,-0.006659269332885742,0.0011534690856933594
2017-01-19,-0.011494278907775879,0.00011849403381347656,-0.007736921310424805,0.00789111852645874,0.0021649599075317383,0.003863692283630371,-0.0012638568878173828,-0.0017864704132080078,-0.004916250705718994,-0.008064568042755127
2017-01-20,-0.005681872367858887,-0.0063973069190979,0.009810209274291992,0.010361969470977783,-0.006912887096405029,-0.007697701454162598,0.004260063171386719,-0.002461731433868408,-0.028295457363128662,-0.002322852611541748
2017-01-23,-0.0,0.02217710018157959,-0.00430750846862793,0.01902371644973755,0.010876655578613281,0.01692521572113037,-0.029630720615386963,0.009337663650512695,0.00254213809967041,0.0034923553466796875
2017-01-24,0.016949176788330078,-0.009914875030517578,0.007505893707275391,-0.022324085235595703,0.0008608102798461914,0.003814101219177246,0.01094043254852295,0.005054950714111328,0.0004611015319824219,0.0034803152084350586
2017-01-25,-0.0,-0.00895380973815918,0.009507358074188232,-0.009778738021850586,0.0189206600189209,0.011744379997253418,-0.004361093044281006,0.014941573143005371,-0.009677469730377197,-0.016184985637664795
2017-01-27,0.017241358757019043,0.0035663843154907227,-0.0058901309967041016,-0.0009465217590332031,-0.04579031467437744,0.0023899078369140625,-0.017034411430358887,0.0020400285720825195,0.0032573938369750977,-0.01703876256942749
2017-01-30,0.011695921421051025,-0.004738211631774902,-0.007590532302856445,0.014112114906311035,-0.03571426868438721,-0.0057901740074157715,-0.008252203464508057,-0.010560750961303711,0.010204076766967773,0.0005977153778076172
2017-01-31,0.02958577871322632,-0.03463464975357056,0.02173912525177002,0.013133645057678223,0.03682059049606323,-0.006166517734527588,-0.01048433780670166,-0.04419386386871338,-0.04361802339553833,-0.016726315021514893
2017-02-01,0.006097555160522461,0.0034521818161010742,0.012761235237121582,0.0043364763259887695,-0.0091019868850708,-0.0027576684951782227,-0.014463484287261963,-0.02776038646697998,-0.006000936031341553,-0.004252791404724121
2017-02-02,-0.024539828300476074,0.016218185424804688,-0.020726561546325684,-0.028159499168395996,-0.0006014108657836914,-0.06895959377288818,0.018941879272460938,0.018340349197387695,0.027046561241149902,-0.000610053539276123
2017-02-03,-0.01796412467956543,0.004352569580078125,-0.00021839141845703125,-0.005769848823547363,0.008012831211090088,-0.029264330863952637,0.0018422603607177734,0.011278986930847168,-0.04467439651489258,0.004273533821105957
2017-02-06,0.005882382392883301,-0.00794517993927002,0.0008731484413146973,-0.0020333528518676758,-0.00888526439666748,-0.01806473731994629,0.0028418302536010742,0.0036728382110595703,0.006527125835418701,0.007294774055480957
2017-02-07,-0.0,-0.01019287109375,-0.007646918296813965,0.0034061074256896973,-0.01461172103881836,0.012035191059112549,0.0021669864654541016,0.0017137527465820312,0.014725863933563232,-0.006035029888153076
2017-02-08,-0.011834263801574707,-0.008826792240142822,0.006287992000579834,-0.003490447998046875,0.013612151145935059,0.020771503448486328,0.0056552886962890625,0.011743664741516113,-0.008507728576660156,0.004250168800354004
2017-02-09,0.011695921421051025,0.013852834701538086,-0.01025533676147461,-7.2479248046875e-05,0.000800013542175293,-0.03572571277618408,0.018524646759033203,0.02040553092956543,-0.02325582504272461,0.012696504592895508
2017-02-10,-0.005917191505432129,0.010613679885864258,-0.023542046546936035,-0.007100939750671387,0.011008799076080322,-0.004619598388671875,-0.005358874797821045,0.034807682037353516,-0.0325312614440918,0.006567239761352539
2017-02-13,-0.005882382392883301,-0.0013279318809509277,-0.01667022705078125,0.006403326988220215,-0.006274104118347168,0.013182103633880615,0.017959237098693848,0.006797432899475098,0.0004315376281738281,0.011269211769104004
2017-02-14,-0.0,0.005681157112121582,-0.003320932388305664,0.00036203861236572266,-0.03419148921966553,0.00264054536819458,0.007217288017272949,-0.0033136606216430664,-0.010362625122070312,0.00469207763671875
2017-02-15,0.023391783237457275,-0.002043306827545166,0.005999147891998291,0.00036215782165527344,0.009140431880950928,0.014016509056091309,-0.009554147720336914,0.0030919313430786133,0.018589794635772705,-0.0040863752365112305
2017-02-16,-0.011976003646850586,0.017704486846923828,-0.03080117702484131,-0.0015941858291625977,0.0013739466667175293,-0.007423758506774902,0.012540221214294434,0.014111161231994629,-0.01872420310974121,0.012895703315734863
2017-02-17,-0.005917191505432129,-0.006863892078399658,0.011710047721862793,0.0002893209457397461,-0.013954520225524902,0.003449380397796631,-0.0006350874900817871,-0.01628434658050537,0.0019235014915466309,-0.011574089527130127
2017-02-20,0.005882382392883301,0.005719661712646484,-0.010010242462158203,-0.014473915100097656,0.008334994316101074,-0.018250465393066406,0.0012710094451904297,0.03916275501251221,0.007494628429412842,0.0005854368209838867
2017-02-21,0.0059171319007873535,0.008649230003356934,-0.003438591957092285,-0.015408754348754883,-0.0007818937301635742,0.005407929420471191,0.0031735897064208984,-0.014723002910614014,-0.016828417778015137,0.0005851984024047852
2017-02-22,0.005952358245849609,-0.02008688449859619,0.023180782794952393,-0.0021778345108032227,-0.00664067268371582,0.0045052170753479,-0.0025308728218078613,-0.021846771240234375,-0.0,-0.0029239654541015625
2017-02-23,-0.011976003646850586,0.010309219360351562,-0.018778443336486816,0.0017525553703308105,-0.013969659805297852,-0.017946362495422363,-0.010783374309539795,0.0291520357131958,0.008911490440368652,-0.024046897888183594
2017-02-27,0.017751455307006836,-0.00344085693359375,-0.0036458969116210938,0.0013343095779418945,-0.010332942008972168,-0.003372669219970703,0.009137511253356934,0.0032476186752319336,0.008135318756103516,-0.008018255233764648
2017-02-28,-0.0,0.00023806095123291016,-0.0,-0.0004923343658447266,-0.002840876579284668,-0.007333874702453613,0.010961174964904785,-0.009478509426116943,0.0008633732795715332,0.001704573631286621
2017-03-01,-0.00602412223815918,0.010712981224060059,-0.012512683868408203,0.0011948943138122559,0.005476891994476318,0.0027301907539367676,0.006285309791564941,0.005392789840698242,-0.0008641481399536133,0.0005691051483154297
2017-03-02,0.023952066898345947,-0.0063596367835998535,0.0017939209938049316,0.014143943786621094,-0.0018990039825439453,0.02539926767349243,-0.003279268741607666,0.008832216262817383,-0.00021588802337646484,-0.003416776657104492
2017-03-03,-0.024539828300476074,0.010904312133789062,-0.007787585258483887,0.0006424188613891602,-0.00018966197967529297,-0.02746570110321045,0.003916621208190918,-0.002958238124847412,-0.008200287818908691,-0.007377982139587402
2017-03-06,-0.0,0.003048419952392578,-0.0025757551193237305,-0.0014284849166870117,0.002653062343597412,-0.002126336097717285,-0.026217222213745117,-0.008644580841064453,0.007919549942016602,0.0045070648193359375
2017-03-07,-0.0,0.002104043960571289,0.013636350631713867,-0.0007132291793823242,0.0034200549125671387,-0.003789067268371582,-0.002564072608947754,0.011041522026062012,-0.0,-0.007357120513916016
2017-03-08,-0.0,-0.011197924613952637,0.011821269989013672,-0.00014257431030273438,0.01124882698059082,-0.024158239364624023,-0.009640097618103027,0.004960298538208008,0.01704418659210205,0.000561833381652832
2017-03-09,-0.0,-0.0040108561515808105,-0.003852367401123047,-0.0,0.015426099300384521,-0.02624201774597168,0.0061647891998291016,0.003009319305419922,0.00636523962020874,-0.02136021852493286
2017-03-10,-0.0,0.0023688077926635742,-0.010098934173583984,-0.0007126331329345703,0.006071329116821289,0.009912371635437012,-0.009996771812438965,0.00892937183380127,-0.028495728969573975,0.005169391632080078
2017-03-14,-0.011976003646850586,0.00862574577331543,-0.012597441673278809,-0.006052851676940918,-0.009852170944213867,-0.00972139835357666,0.017589569091796875,0.009928226470947266,0.008867740631103516,-0.02914285659790039
2017-03-15,0.011834323406219482,-0.01253509521484375,0.021919429302215576,-0.005379319190979004,-0.02165853977203369,0.004023551940917969,0.014404654502868652,-0.026952266693115234,-0.0004507899284362793,0.01277071237564087
2017-03-16,-0.0,0.014829754829406738,-0.01655566692352295,-0.003308892250061035,-0.0013369321823120117,-0.006636857986450195,-0.0012621879577636719,0.009046077728271484,0.0033822059631347656,-0.011811017990112305
2017-03-17,-0.01796412467956543,0.012041091918945312,-0.01112210750579834,0.0018945932388305664,-0.00209808349609375,0.01461946964263916,0.007740974426269531,0.0019279718399047852,0.006966352462768555,-0.007226228713989258
2017-03-20,0.005882382392883301,-0.0016171932220458984,0.018071115016937256,0.01181107759475708,0.0017130374908447266,-0.003490924835205078,-0.012697994709014893,-0.018117308616638184,-0.005132794380187988,0.013244986534118652
2017-03-21,0.011834323406219482,-0.005785048007965088,-0.011202216148376465,-0.004410982131958008,0.00019061565399169922,0.005073189735412598,-0.006668806076049805,0.0027016401290893555,-0.010991454124450684,-0.002237081527709961
2017-03-22,0.017964065074920654,0.015594124794006348,0.004945576190948486,-0.018132925033569336,-0.008771896362304688,0.016754090785980225,-0.01742321252822876,-0.0031125545501708984,-0.003402113914489746,-0.00390625
2017-03-23,-0.006097555160522461,0.004468798637390137,-0.01232612133026123,-0.012840807437896729,-0.009073734283447266,-0.0010372400283813477,-0.01643085479736328,-0.007503092288970947,0.015020489692687988,-0.01889944076538086
2017-03-24,-0.024242401123046875,-0.004106760025024414,0.008641064167022705,0.009938597679138184,-0.00655674934387207,0.0013321638107299805,-0.003473341464996338,-0.013477742671966553,-0.01771301031112671,-0.006000995635986328
2017-03-27,-0.005917191505432129,-0.023940443992614746,0.0025752782821655273,-0.0042691826820373535,0.005583465099334717,0.012598216533660889,-0.011286258697509766,-0.0062375664710998535,-0.011869490146636963,0.017895817756652832
2017-03-28,-0.0,0.009153962135314941,-0.00615692138671875,0.003996849060058594,0.0016843676567077637,-0.007355093955993652,-0.0005035996437072754,0.007421016693115234,-0.029799044132232666,-0.007178306579589844
2017-03-29,-0.0,0.020583748817443848,0.0031583309173583984,-0.03713095188140869,0.005249440670013428,0.008046507835388184,0.009237527847290039,0.006024837493896484,0.005952358245849609,-0.008772015571594238
2017-03-30,0.011764705181121826,-0.002051055431365967,0.006138622760772705,-0.0006978511810302734,-0.029777586460113525,-0.002553701400756836,-0.0018306374549865723,-0.0014726519584655762,0.006863832473754883,-0.007608652114868164
2017-03-31,-0.03571426868438721,-0.0012559890747070312,0.003187894821166992,0.0029291510581970215,-0.0003885030746459961,-0.009289741516113281,-0.006835579872131348,-0.0037689208984375,-0.004701435565948486,0.0005393028259277344
2017-04-03,-0.0,-0.00971764326095581,0.013192057609558105,-0.010351896286010742,-0.012436747550964355,0.008313536643981934,-0.012254476547241211,-0.008265495300292969,-0.013934791088104248,0.016729652881622314
2017-04-05,0.0057471394538879395,-0.018125176429748535,0.012760818004608154,0.005745947360992432,-0.010429024696350098,-0.016317367553710938,-0.009517371654510498,-0.0043288469314575195,-0.014610767364501953,-0.007683873176574707
2017-04-06,0.017341017723083496,0.0035272836685180664,-0.003693103790283203,0.0018799304962158203,-0.013123869895935059,-0.012962102890014648,-0.009608745574951172,-0.000499725341796875,0.0,-0.007080554962158203
2017-04-07,-0.041176438331604004,-0.004920899868011475,0.01798856258392334,0.008231639862060547,-0.014104366302490234,0.0171586275100708,-0.013340294361114502,0.012083053588867188,-0.00899362564086914,0.004867434501647949
2017-04-10,0.028248608112335205,-0.019192278385162354,0.028726041316986084,-0.016529560089111328,0.007153034210205078,-0.03032994270324707,-0.008604109287261963,-0.0027994513511657715,-0.0002452731132507324,0.015217423439025879
2017-04-11,0.005813956260681152,0.0009603500366210938,-0.014359116554260254,0.0059506893157958984,-0.014204561710357666,0.005950570106506348,-0.001062631607055664,-0.0012219548225402832,0.005152106285095215,-0.012141227722167969
2017-04-12,-0.0,-0.002638518810272217,-0.0019016265869140625,0.006682455539703369,-0.02120208740234375,-0.0012134313583374023,0.004255414009094238,-0.010763466358184814,-0.018062055110931396,0.01853865385055542
2017-04-13,-0.0,-0.02705627679824829,-0.038802266120910645,-0.005746245384216309,0.003995776176452637,0.0016704797744750977,-0.0021186470985412598,-0.026992499828338623,-0.018891334533691406,0.011111140251159668
2017-04-17,-0.01169586181640625,0.0021010637283325195,-0.006801187992095947,0.011705636978149414,-0.02346038818359375,-0.0016676783561706543,0.00371551513671875,-0.005926072597503662,-0.01976191997528076,0.0061798095703125
2017-04-18,0.005780339241027832,-0.003453373908996582,-0.0024299025535583496,0.0023266077041625977,-0.013098597526550293,0.009415388107299805,0.0012339353561401367,-0.0026178956031799316,-0.007753968238830566,-0.003391742706298828
2017-04-19,0.017441868782043457,0.0007425546646118164,-0.0037643909454345703,-0.0031800270080566406,0.033131301403045654,-0.06002706289291382,-0.007746517658233643,-0.004175364971160889,-0.011721789836883545,-0.009014129638671875
2017-04-20,-0.005917191505432129,0.007791280746459961,0.00866854190826416,-0.012750029563903809,0.005850434303283691,0.017285585403442383,0.007807016372680664,0.01145637035369873,0.01607799530029297,-0.002791762351989746
2017-04-21,-0.0,-0.002699732780456543,-0.0037460923194885254,-0.009111881256103516,0.010298430919647217,-0.005821287631988525,-0.005457699298858643,-0.0063211917877197266,0.0181581974029541,0.017260611057281494
2017-04-24,-0.011764764785766602,0.008367180824279785,0.0030966997146606445,0.0005514621734619141,0.013378620147705078,-0.0001582503318786621,-0.001239180564880371,0.007486581802368164,0.0038216114044189453,-0.0005666017532348633
2017-04-25,-0.017441868782043457,0.0004881620407104492,0.0028666257858276367,0.002206861972808838,-0.0038743019104003906,0.012503981590270996,0.006912350654602051,-0.007130324840545654,0.022335052490234375,-0.00566256046295166
2017-04-26,-0.04571425914764404,-0.024027347564697266,-0.016270875930786133,0.00905454158782959,0.0012864470481872559,-0.0028138160705566406,-0.022355198860168457,-0.000493168830871582,-0.02706056833267212,0.007319808006286621
2017-04-27,-0.010928988456726074,0.011872053146362305,0.0120697021484375,0.005161404609680176,-0.010304927825927734,-0.016773760318756104,-0.0005165338516235352,-0.0033329129219055176,-0.005358517169952393,-0.011344313621520996
2017-04-28,0.005405426025390625,0.0054340362548828125,-0.006846249103546143,0.005118191242218018,-0.002549886703491211,-0.003507673740386963,-0.007916092872619629,-0.012811243534088135,-0.02001023292541504,0.003925979137420654
2017-05-02,-0.005434751510620117,0.009703993797302246,0.004002690315246582,-0.002184629440307617,-0.055108070373535156,0.02240002155303955,-0.0015366077423095703,0.007364153861999512,0.002879619598388672,-0.0011260509490966797
2017-05-03,-0.016216158866882324,0.015936732292175293,0.012845993041992188,0.0015469789505004883,-0.012856602668762207,0.012676000595092773,0.020627319812774658,-0.020699620246887207,0.004437446594238281,-0.0033745765686035156
2017-05-04,-0.02127659320831299,-0.020476579666137695,0.0034987926483154297,0.0014789700508117676,0.014280080795288086,0.019780516624450684,-0.01375114917755127,0.003080427646636963,-0.0018190741539001465,-0.007287025451660156
2017-05-05,0.015625,0.014180898666381836,-0.006537377834320068,-0.03427839279174805,0.0014084577560424805,-0.012426137924194336,-0.0030906200408935547,0.004120051860809326,-0.015620946884155273,0.001669466495513916
2017-05-08,-0.037037014961242676,0.012777328491210938,0.0149155855178833,-0.01084291934967041,-0.05238771438598633,0.017953038215637207,0.0020540952682495117,-0.00946342945098877,0.021158456802368164,-0.0055741071701049805
2017-05-09,-0.01530611515045166,0.01130688190460205,0.0012966394424438477,-0.009782075881958008,0.02374112606048584,0.004672884941101074,0.006518006324768066,-0.004311800003051758,0.01295006275177002,-0.01385807991027832
2017-05-10,-0.06030154228210449,-0.0071790218353271484,-0.0032376646995544434,-0.00400853157043457,-0.0100020170211792,-0.0066016316413879395,-0.008459925651550293,0.008543908596038818,0.010483264923095703,0.018589377403259277
2017-05-11,0.03317534923553467,-0.005808413028717041,0.0006496906280517578,0.004990696907043457,0.011456310749053955,0.009364128112792969,-0.0005136728286743164,-0.007288455963134766,0.010880589485168457,-0.010027885437011719
2017-05-12,-0.03431367874145508,0.010611653327941895,0.021207451820373535,-0.010967612266540527,-0.0,-0.005536437034606934,-0.002224445343017578,-0.004767060279846191,0.018272757530212402,-0.004964113235473633
2017-05-15,0.00947868824005127,0.0010617971420288086,-0.013138353824615479,-0.009658098220825195,-0.0051070451736450195,-0.006770968437194824,0.002561032772064209,-0.0018808841705322266,0.0009833574295043945,0.001646578311920166
2017-05-16,-0.014354109764099121,0.001296401023864746,0.0036504268646240234,-0.013169050216674805,0.002736032009124756,0.03878200054168701,-0.0010269880294799805,-0.027085423469543457,0.002701282501220703,-0.017592191696166992
2017-05-17,0.014150917530059814,0.004590392112731934,-0.0023534297943115234,-0.006143331527709961,-0.018028616905212402,-0.029458940029144287,-0.0003420114517211914,-0.010785698890686035,-0.031104564666748047,0.0086439847946167
2017-05-18,0.019138753414154053,-0.00597536563873291,0.00943601131439209,0.0016710162162780762,0.022136688232421875,0.0004507303237915039,0.0017094016075134277,-0.03292381763458252,-0.021233558654785156,-0.028882861137390137
2017-05-19,0.024390220642089844,-0.004361152648925781,-0.004036605358123779,0.003090202808380127,-0.018110275268554688,-0.027035117149353027,0.01130133867263794,0.011450231075286865,-0.015495896339416504,0.010593235492706299
2017-05-22,0.02499997615814209,0.015034914016723633,0.0036263465881347656,-0.008911848068237305,-0.005800485610961914,-0.020067930221557617,-0.0039833784103393555,-0.009652376174926758,-0.009706199169158936,-0.0026766061782836914
2017-05-23,-0.005128264427185059,0.008747339248657227,-0.004250824451446533,0.010561347007751465,0.0011534690856933594,-0.002047896385192871,0.005692601203918457,0.0038161873817443848,0.00874173641204834,-0.009610295295715332
2017-05-24,0.01530611515045166,-0.011677682399749756,-0.0025613903999328613,-0.002846360206604004,0.031755149364471436,-0.015311777591705322,-0.007633566856384277,-0.014855027198791504,0.0036765336990356445,0.002115309238433838
2017-05-25,-0.020725369453430176,0.005615353584289551,-0.02974534034729004,-0.017159104347229004,-0.011727333068847656,0.001122117042541504,-0.0051653385162353516,-0.025570988655090332,0.02276289463043213,-0.021727681159973145
2017-05-26,-0.01522839069366455,-0.0005816817283630371,-0.012676596641540527,-0.010083675384521484,-0.017878174781799316,0.0008006095886230469,-0.0027407407760620117,0.017656028270721436,0.007930397987365723,-0.004667997360229492
2017-05-29,-0.029999971389770508,0.006169319152832031,0.010671019554138184,-0.026558637619018555,0.005018293857574463,0.0025600194931030273,0.009907841682434082,0.0020943880081176758,-0.12411165237426758,0.008260130882263184
2017-05-30,-0.019417524337768555,0.0042803287506103516,-0.011201024055480957,-0.009416937828063965,-0.016682744026184082,-0.007500827312469482,-0.0362318754196167,0.008457541465759277,0.025210022926330566,-0.0031232833862304688
2017-05-31,0.004761934280395508,-0.004492521286010742,0.019076883792877197,-0.042583584785461426,-0.044838786125183105,-0.004823923110961914,-0.009657144546508789,0.0017639398574829102,0.00480496883392334,0.0015568137168884277
2017-06-01,-0.02870810031890869,-0.002314269542694092,0.0058553218841552734,0.01061701774597168,0.014609217643737793,0.015188217163085938,-0.0026384592056274414,-0.002748727798461914,0.021378397941589355,-0.010395050048828125
2017-06-02,-0.004651188850402832,-0.004987239837646484,0.0018931031227111816,0.01035219430923462,-0.027057170867919922,0.01607513427734375,-0.0009868144989013672,-0.004425048828125,0.004957318305969238,-0.020061731338500977
2017-06-05,-0.027777791023254395,0.0009324550628662109,0.011169612407684326,0.0013394951820373535,0.020931124687194824,0.014724254608154297,0.011501789093017578,-0.015228629112243652,0.008495450019836426,-0.006555795669555664
2017-06-06,0.013513505458831787,-0.03575170040130615,-0.021525979042053223,-0.004662513732910156,-0.021747231483459473,-0.004476666450500488,-0.033078551292419434,-0.035346150398254395,0.01576077938079834,-0.0090179443359375
2017-06-07,0.0228310227394104,0.01000678539276123,0.01836007833480835,-0.019898295402526855,-0.007215023040771484,0.0072879791259765625,-0.015929222106933594,-0.029948055744171143,-0.023006916046142578,-0.01986098289489746
2017-06-08,-0.05607473850250244,0.01385575532913208,0.00510096549987793,0.011095225811004639,-0.008954167366027832,0.0020012855529785156,-0.010136127471923828,-0.0358128547668457,-0.006571829319000244,-0.006585538387298584
2017-06-09,-0.013274312019348145,0.008752703666687012,0.008117973804473877,-0.008950471878051758,-0.025204062461853027,-0.004916250705718994,0.00893700122833252,-0.005789995193481445,-0.028665900230407715,-0.015808284282684326
2017-06-12,0.030567705631256104,-0.0055768489837646484,-0.01593804359436035,0.014118790626525879,0.030990242958068848,-0.004323005676269531,-0.03812694549560547,-0.007897913455963135,0.02922821044921875,-0.020207226276397705
2017-06-13,0.004504501819610596,0.021259427070617676,0.006148040294647217,-0.009378433227539062,0.015008091926574707,-0.001395583152770996,-0.008076786994934082,-0.014329314231872559,-0.010752737522125244,-0.01586461067199707
2017-06-14,-0.022624492645263672,-0.0076732635498046875,-0.0006399154663085938,0.006152331829071045,0.024306118488311768,-0.006677031517028809,0.009826123714447021,0.007603287696838379,0.009197354316711426,-0.011284291744232178
2017-06-15,-0.0044248104095458984,0.010777831077575684,0.006608426570892334,-0.017434120178222656,0.0076223015785217285,-0.002501189708709717,-0.00854957103729248,-0.023884713649749756,-0.008284986019134521,0.01902174949645996
2017-06-16,-0.0,0.006395101547241211,0.012446343898773193,0.0017383098602294922,-0.004496097564697266,-0.02225351333618164,-0.014229536056518555,-0.004769384860992432,-0.0091896653175354,-0.02133333683013916
2017-06-19,-0.00440526008605957,-0.004171609878540039,0.011082172393798828,-0.027986764907836914,0.019582271575927734,0.012111008167266846,-0.01283574104309082,0.013334989547729492,-0.002248406410217285,-0.002724766731262207
2017-06-20,-0.013157844543457031,-0.013887286186218262,-0.014721989631652832,0.004356026649475098,-0.009130716323852539,0.002638101577758789,-0.00486302375793457,0.0054694414138793945,0.013521075248718262,-0.0010928511619567871
2017-06-21,-0.008658051490783691,0.012643396854400635,0.00021648406982421875,-0.0064411163330078125,0.004147052764892578,-0.002645134925842285,-0.0,-0.015828192234039307,-0.009449660778045654,0.006564497947692871
2017-06-22,0.017167389392852783,-0.006758332252502441,0.0034654736518859863,0.012316644191741943,-0.005110740661621094,-0.001241445541381836,-0.03695559501647949,-0.004754185676574707,-0.01094275712966919,-0.0032609105110168457
2017-06-23,0.017467260360717773,-0.00317990779876709,-0.0032601356506347656,0.013570547103881836,0.008474588394165039,0.01658397912979126,0.006091117858886719,-0.013846397399902344,-0.017304956912994385,0.005997896194458008
2017-06-27,0.00888890027999878,0.013618171215057373,0.01711440086364746,0.028505921363830566,-0.005508065223693848,0.00851064920425415,-0.02436816692352295,-0.00797724723815918,-0.0017321109771728516,-0.001083970069885254
2017-06-28,-0.03587448596954346,-0.00975954532623291,0.0024245381355285645,-0.007718324661254883,0.00018894672393798828,-0.0028612613677978516,0.009618401527404785,0.00307309627532959,-0.03441298007965088,0.007596254348754883
2017-06-29,0.008657991886138916,0.0009430050849914551,-0.005744576454162598,0.004684150218963623,-0.0,0.002694547176361084,0.01951444149017334,-0.007148802280426025,0.009225666522979736,0.003769516944885254
2017-06-30,-0.008733630180358887,-0.0038933753967285156,-0.005931377410888672,-0.0032434463500976562,-0.008501768112182617,-0.008900165557861328,0.028183937072753906,0.012471914291381836,0.019187331199645996,-0.0042917728424072266
2017-07-03,0.021645009517669678,0.01504296064376831,-0.0174710750579834,-0.0013946294784545898,0.014986872673034668,0.008664131164550781,-0.018762826919555664,0.004758000373840332,0.002013862133026123,0.00538790225982666
2017-07-04,-0.0,-0.004056811332702637,-0.010731935501098633,0.005887150764465332,-0.013122916221618652,0.0011123418807983398,0.013444900512695312,-0.0028395652770996094,0.010089337825775146,0.001607656478881836
2017-07-05,-0.0044248104095458984,0.004753410816192627,0.011679768562316895,-0.01661992073059082,0.02140045166015625,-0.012567639350891113,0.009433865547180176,-0.004588425159454346,0.0014560222625732422,-0.009095728397369385
2017-07-06,0.022026419639587402,-0.003701448440551758,0.00408250093460083,0.011901021003723145,-0.019758224487304688,-0.0036134719848632812,-0.016355156898498535,-0.003582298755645752,0.0023329854011535645,0.0
2017-07-07,-0.004504561424255371,0.010349690914154053,0.012297749519348145,-0.009001612663269043,-0.0003762245178222656,0.0048528313636779785,-0.00890737771987915,-0.006645262241363525,-0.010523200035095215,0.0
2017-07-10,-0.013452887535095215,-0.02127659320831299,-0.023154258728027344,0.010429084300994873,-0.034975647926330566,-0.002359628677368164,-0.00584179162979126,-0.044168829917907715,-0.01157069206237793,-0.04103672504425049
2017-07-11,-0.039823055267333984,-0.001177072525024414,-0.019214391708374023,0.0027934908866882324,0.02598118782043457,-0.0028249025344848633,-0.0007533431053161621,-0.01677238941192627,-0.003145456314086914,0.019190847873687744
2017-07-12,0.0170212984085083,-0.003997206687927246,0.0031419992446899414,-0.002292037010192871,-0.002424955368041992,-0.014554023742675781,-0.0051267147064208984,0.014678120613098145,-0.005986332893371582,-0.002644062042236328
2017-07-13,0.012987017631530762,-0.0053863525390625,-0.0048329830169677734,0.0013340115547180176,-0.03442502021789551,-0.0046274662017822266,-0.008487403392791748,-0.0028448104858398438,-0.005383968353271484,-0.0005273818969726562
2017-07-14,0.013157904148101807,0.009666860103607178,0.005227923393249512,0.007632613182067871,-0.014453709125518799,0.005066812038421631,-0.0032100677490234375,0.020004868507385254,0.000845491886138916,0.015287280082702637
2017-07-17,0.013333320617675781,-0.02093374729156494,-0.012402772903442383,0.008460402488708496,-0.014470040798187256,0.000925898551940918,0.0010734796524047852,0.0008342266082763672,-0.007898449897766113,-0.02623128890991211
2017-07-18,0.013513505458831787,-0.014514446258544922,-0.001661062240600586,-0.016224980354309082,0.003968238830566406,0.0033981800079345703,0.010722994804382324,-0.005385279655456543,0.001399397850036621,-0.008867979049682617
2017-07-19,-0.004566192626953125,-0.01669132709503174,0.005804300308227539,-0.005088686943054199,0.011660099029541016,-0.008214473724365234,0.005153059959411621,-0.017123699188232422,-0.0148543119430542,-0.007238984107971191
2017-07-20,0.009090900421142578,0.010944902896881104,0.010633885860443115,0.007341265678405762,-0.0015627741813659668,0.01398921012878418,-0.01206272840499878,0.0020003914833068848,0.01408451795578003,0.0066735148429870605
2017-07-21,0.0045871734619140625,-0.021793246269226074,-0.01095890998840332,0.020337939262390137,0.0025435686111450195,-0.009822249412536621,0.005036592483520508,-0.019020795822143555,-0.008683443069458008,-0.06253230571746826
2017-07-24,0.009216606616973877,-0.0027627944946289062,-0.010631561279296875,0.004945993423461914,0.0039031505584716797,-0.0,-0.036446452140808105,-0.015855789184570312,-0.011941075325012207,-0.018968820571899414
2017-07-25,0.018604636192321777,0.013665437698364258,-0.003300309181213379,-0.007390499114990234,0.0019440650939941406,0.013740956783294678,0.015602827072143555,-0.016121983528137207,0.021405041217803955,0.00668257474899292
2017-07-26,0.00947868824005127,0.0025697946548461914,-0.00020563602447509766,-0.00032460689544677734,0.029103636741638184,0.0042266845703125,-0.009000718593597412,0.006027638912200928,0.004767298698425293,0.0004805922508239746
2017-07-27,-0.004784703254699707,0.002800464630126953,-0.02322709560394287,0.003959059715270996,0.012066245079040527,0.000471651554107666,0.013467073440551758,0.02906888723373413,-0.03353053331375122,-0.0009615421295166016
2017-07-28,0.014285743236541748,-0.0032576322555541992,0.027146458625793457,0.006711363792419434,-0.014716744422912598,0.003460228443145752,-0.0033992528915405273,-0.0010477304458618164,0.011661767959594727,0.0024015307426452637
2017-07-31,0.004830896854400635,0.0002238750457763672,0.013931512832641602,-0.0027551651000976562,0.01871800422668457,-0.005681872367858887,0.002480626106262207,-0.003018975257873535,0.0126800537109375,0.001925826072692871
2017-08-01,0.01941746473312378,0.009743571281433105,-0.005657672882080078,-0.01393437385559082,-0.02152925729751587,0.0020401477813720703,-0.004020988941192627,-0.003956913948059082,-0.046385884284973145,-0.021707653999328613
2017-08-02,-0.009901046752929688,0.0024881362915039062,-0.011989414691925049,0.003613114356994629,0.011191129684448242,-0.007076621055603027,0.0037267208099365234,0.011136531829833984,0.0010879039764404297,0.0033050179481506348
2017-08-03,0.014705896377563477,0.007142841815948486,-0.009461164474487305,-0.008159041404724121,0.004689574241638184,0.006870687007904053,-0.01779085397720337,-0.006330251693725586,-0.013612866401672363,0.01563239097595215
2017-08-04,-0.0,-0.01701486110687256,-0.00020766258239746094,0.00443190336227417,-0.006534755229949951,0.0037735700607299805,0.004725098609924316,-0.013392448425292969,-0.005103468894958496,-0.0009624958038330078
2017-08-07,0.00497514009475708,0.005165040493011475,-0.015784025192260742,-0.0057419538497924805,0.0026311874389648438,0.0023674368858337402,-0.025552690029144287,0.007666110992431641,0.0069481730461120605,0.005288481712341309
2017-08-08,0.019999980926513672,0.0045146942138671875,-0.004642307758331299,0.0030791163444519043,-0.03242737054824829,0.008068323135375977,-0.009652495384216309,0.00015974044799804688,0.021528542041778564,0.0014499425888061523
2017-08-09,0.01530611515045166,0.0037415027618408203,0.0057239532470703125,0.017566382884979248,0.0,0.004625201225280762,-0.015594482421875,-0.003571629524230957,0.01182621717453003,0.00338822603225708
2017-08-10,0.01554405689239502,-0.004779815673828125,0.012225985527038574,0.02233433723449707,-0.016272783279418945,-0.03236663341522217,0.01485145092010498,0.00021499395370483398,-0.02783191204071045,-0.005828142166137695
2017-08-11,-0.010526299476623535,0.012005925178527832,0.006663799285888672,0.011857688426971436,-0.002953946590423584,0.00347745418548584,-0.007317066192626953,0.0061318278312683105,0.00324934720993042,-0.005311369895935059
2017-08-14,-0.010416626930236816,0.013986051082611084,-0.006412923336029053,-0.0007457733154296875,-0.03811967372894287,-0.04174911975860596,-0.00016373395919799805,0.010680913925170898,0.0016300082206726074,0.004322707653045654
2017-08-16,-0.010309219360351562,-0.0051157474517822266,-0.006246089935302734,-0.005013227462768555,0.010273873805999756,0.008395373821258545,0.02424633502960205,-0.009297847747802734,-0.04734694957733154,-0.005306243896484375
2017-08-17,-0.020408153533935547,-0.007981538772583008,-0.04672122001647949,-0.04583752155303955,-0.009227156639099121,0.01629394292831421,-0.013435721397399902,0.002688288688659668,-0.011431574821472168,0.005758166313171387
2017-08-18,0.004999995231628418,-0.005508303642272949,-0.09547638893127441,0.0030938386917114258,-0.0011428594589233398,0.023221850395202637,0.010538220405578613,-0.011320948600769043,-0.011302351951599121,0.0004825592041015625
2017-08-21,0.030150771141052246,0.00251084566116333,-0.05399423837661743,0.027995049953460693,-0.0022830963134765625,0.004821300506591797,0.00786137580871582,-0.0059670209884643555,-0.005587935447692871,0.0014485716819763184
2017-08-22,-0.005181312561035156,-0.002059459686279297,0.002105236053466797,0.011108219623565674,-0.0009491443634033203,-0.0008352994918823242,-0.013053178787231445,0.012353658676147461,-0.020459771156311035,-0.008220434188842773
2017-08-23,-0.020618557929992676,-0.004795670509338379,0.019841313362121582,0.003228604793548584,0.0018964409828186035,-0.0048406124114990234,-0.0014516711235046387,0.0032432079315185547,0.022277235984802246,0.00047963857650756836
2017-08-24,-0.005050539970397949,0.014204561710357666,0.021744132041931152,0.006545722484588623,-0.02432072162628174,-0.00016605854034423828,-0.004038095474243164,-0.002868175506591797,0.0063291192054748535,0.0019193291664123535
2017-08-28,0.005025148391723633,-0.00011527538299560547,0.03158605098724365,-0.019698381423950195,-0.017436504364013672,-0.009134650230407715,0.01978600025177002,0.003725111484527588,-0.00025475025177001953,-0.004326939582824707
2017-08-29,-0.005050539970397949,0.01740431785583496,-0.014332234859466553,0.003996789455413818,0.008751094341278076,0.0027979016304016113,-0.01319974660873413,0.006609559059143066,-0.009933710098266602,-0.0
2017-08-30,-0.010050296783447266,0.0038709640502929688,-0.0008812546730041504,0.0006688237190246582,-0.004781961441040039,0.00957256555557251,-0.006285309791564941,-0.0055446624755859375,0.014880180358886719,-0.0019148588180541992
2017-08-31,0.009950220584869385,-0.01895904541015625,-0.012568950653076172,-0.009436607360839844,0.005674481391906738,0.0013331174850463867,0.009406447410583496,-0.004749298095703125,-0.006144404411315918,-0.027233600616455078
2017-09-01,-0.030150771141052246,-0.0004622936248779297,0.005359649658203125,-0.00603330135345459,0.007179737091064453,-0.01701986789703369,-0.000964045524597168,0.01598334312438965,0.011959314346313477,0.00883716344833374
2017-09-04,0.004878044128417969,0.005891203880310059,-0.021323859691619873,-0.0023065805435180664,-0.002039790153503418,-0.03297781944274902,-0.015439033508300781,0.00010585784912109375,0.01854228973388672,-0.0023462772369384766
2017-09-05,-0.0098038911819458,0.0008133053779602051,0.0018156766891479492,-0.0023012161254882812,0.00018513202667236328,0.022236347198486328,-0.0014701485633850098,-0.011464953422546387,-0.03043818473815918,-0.0
2017-09-06,0.004854381084442139,0.010350048542022705,-0.0070230960845947266,-0.013382315635681152,0.0024060606956481934,-0.00812220573425293,-0.018975913524627686,0.012542545795440674,0.008148729801177979,-0.0
2017-09-07,0.014634132385253906,-0.009753227233886719,0.0002281665802001953,-0.00045311450958251953,-0.006308078765869141,-0.0008056163787841797,-0.028847694396972656,-0.0028127431869506836,-0.0035942792892456055,-0.006086111068725586
2017-09-08,0.019801974296569824,-0.00023281574249267578,-0.012773752212524414,-0.004335165023803711,0.006084144115447998,-0.002898097038269043,0.005024254322052002,-0.004268169403076172,-0.012023568153381348,-0.004653334617614746
2017-09-11,-0.005050539970397949,-0.00139617919921875,-0.0064694881439208984,0.008761763572692871,-0.007790803909301758,0.011558830738067627,0.00798177719116211,0.006532907485961914,-0.026541948318481445,-0.0023158788681030273
2017-09-12,-0.015075325965881348,-0.0038341283798217773,0.006279110908508301,0.006304383277893066,0.011227667331695557,0.017378568649291992,-0.02200329303741455,-0.013852357864379883,0.00024628639221191406,0.010166347026824951
2017-09-13,0.009900987148284912,-0.008449077606201172,-0.0004622340202331543,-0.0026816129684448242,-0.004281401634216309,0.0024793148040771484,0.008354783058166504,-0.0002974271774291992,0.0014778375625610352,0.007002830505371094
2017-09-14,0.009999990463256836,-0.010903239250183105,0.009711027145385742,-0.0005218982696533203,0.0007414817810058594,-0.00530242919921875,-0.004698634147644043,0.0008999109268188477,-0.0014799833297729492,-0.04278320074081421
2017-09-15,-0.010100960731506348,-0.007039070129394531,0.017861247062683105,0.013300299644470215,-0.04136538505554199,-0.02422940731048584,-0.016287803649902344,-0.007680058479309082,-0.006896495819091797,0.00834965705871582
2017-09-18,-0.004999995231628418,-0.011612176895141602,0.0008999109268188477,0.0010572075843811035,-0.025828301906585693,-0.008207321166992188,-0.006347179412841797,0.002793252468109131,-0.001956939697265625,0.012664318084716797
2017-09-19,-0.004975080490112305,0.004123508930206299,0.0035963058471679688,-0.017528772354125977,0.01938188076019287,-0.0081404447555542,0.007883965969085693,0.00032013654708862305,-0.00634765625,0.0
2017-09-20,-0.05445539951324463,0.004700064659118652,0.00044798851013183594,-0.0013000965118408203,-0.017399132251739502,0.0072830915451049805,-0.006357312202453613,0.0018813014030456543,-0.0026684999465942383,0.009139060974121094
2017-09-21,-0.014084458351135254,-0.02147519588470459,-0.003581821918487549,-0.014867186546325684,0.011135458946228027,0.00988835096359253,-0.01105499267578125,-0.012568354606628418,-0.027099013328552246,0.0
2017-09-22,-0.037037014961242676,0.016201376914978027,-0.012356758117675781,0.003198564052581787,-0.009387969970703125,0.00982600450515747,-0.0031239986419677734,0.00843590497970581,0.004240274429321289,0.008579611778259277
2017-09-25,-0.028846144676208496,-0.011759400367736816,-0.003184676170349121,0.0030162930488586426,-0.010205984115600586,0.0073206424713134766,0.007474303245544434,-0.002859830856323242,0.015140831470489502,-0.0085066556930542
2017-09-26,0.019801974296569824,-0.0004577040672302246,0.01186668872833252,-0.00276792049407959,-0.018228650093078613,-0.01147162914276123,-0.021807312965393066,0.014378130435943604,0.010809540748596191,-0.006196379661560059
2017-09-27,0.019417524337768555,0.0011446475982666016,-0.006765902042388916,0.0062909722328186035,-0.0067517757415771484,-0.009073257446289062,0.002917170524597168,-0.008219361305236816,-0.006313800811767578,-0.006235003471374512
2017-09-28,0.04285717010498047,0.0006860494613647461,-0.004314243793487549,0.0017441511154174805,0.03134453296661377,-0.014290332794189453,0.008777379989624023,0.007430851459503174,-0.010617733001708984,-0.008204638957977295
2017-09-29,-0.009132444858551025,-0.0004570484161376953,0.004332900047302246,-0.034038662910461426,0.01190042495727539,-0.012505888938903809,-0.04054677486419678,0.016353964805603027,-0.00787973403930664,-0.019951343536376953
2017-10-03,0.013824939727783203,0.008802056312561035,0.004087209701538086,-0.016771912574768066,0.001447439193725586,0.002501547336578369,0.010152280330657959,-0.00513148307800293,-0.012793183326721191,0.009433984756469727
2017-10-04,-0.004545450210571289,0.004645824432373047,-0.004296779632568359,-0.0008001327514648438,-0.004697322845458984,-0.0018808841705322266,-0.04494720697402954,0.002515852451324463,-0.003976583480834961,0.0
2017-10-05,0.0273972749710083,0.007331371307373047,0.003861069679260254,0.007810533046722412,-0.005808711051940918,0.00860452651977539,0.01042318344116211,0.0051999688148498535,-0.03215289115905762,0.0019675493240356445
2017-10-06,0.004444479942321777,0.016571521759033203,-0.018778204917907715,0.008801877498626709,0.0073032379150390625,0.0015780329704284668,0.014066934585571289,-0.007021665573120117,0.013962507247924805,0.011291146278381348
2017-10-09,0.0044248104095458984,-0.005617380142211914,-0.004219412803649902,0.00043773651123046875,-0.008337914943695068,0.01817607879638672,0.0003082752227783203,-0.003040909767150879,0.014957189559936523,0.00048542022705078125
2017-10-10,-0.06607925891876221,-0.0035445690155029297,-0.012383818626403809,-0.0061310529708862305,0.011149764060974121,0.0006439089775085449,0.019106388092041016,-0.0021026134490966797,0.006783604621887207,0.0009703636169433594
2017-10-11,0.02066117525100708,0.0103379487991333,0.0050240159034729,-0.0004974603652954102,0.007230639457702637,0.008698463439941406,-0.004838228225708008,-0.016712427139282227,0.0023233890533447266,0.012118220329284668
2017-10-12,-0.03375530242919922,0.0078116655349731445,0.0037322044372558594,-0.0073337554931640625,0.019920945167541504,-0.02242445945739746,-0.004861772060394287,-0.01913321018218994,0.015762686729431152,0.010057449340820312
2017-10-13,-0.016326546669006348,0.011462926864624023,-0.0030851364135742188,-0.004072070121765137,0.01214146614074707,-0.0038143396377563477,0.004885554313659668,-0.004081368446350098,0.004335880279541016,-0.005215704441070557
2017-10-16,-0.0040160417556762695,-0.0037776827812194824,-0.009666085243225098,0.005898952484130859,0.02468705177307129,-0.002374887466430664,0.010331153869628906,-0.010083556175231934,-0.00522613525390625,-0.004289865493774414
2017-10-17,-0.011999964714050293,0.0003249645233154297,0.009138405323028564,0.002596139907836914,-0.0018663406372070312,0.017058908939361572,-0.007518768310546875,-0.003931283950805664,-0.0018272995948791504,-0.002872169017791748
2017-10-18,0.031620562076568604,0.00043320655822753906,0.006587624549865723,-0.0006816387176513672,-0.01784801483154297,-0.012534141540527344,-0.011212170124053955,0.0030679702758789062,-0.032723069190979004,0.016802668571472168
2017-10-23,-0.0,0.014615178108215332,-0.0163571834564209,0.004892468452453613,-0.05347871780395508,0.022536098957061768,0.02313828468322754,-0.000502467155456543,0.011121630668640137,0.007554292678833008
2017-10-24,0.008163273334503174,-0.02422112226486206,0.013919055461883545,-0.0028628110885620117,-0.023328423500061035,-0.0037343502044677734,-0.018121957778930664,0.003670930862426758,-0.01919025182723999,0.0
2017-10-25,-0.008230447769165039,-0.008201181888580322,-0.009483933448791504,-0.0028547048568725586,-0.021191120147705078,-0.01633775234222412,0.001830458641052246,0.007174968719482422,0.0312575101852417,0.0065604448318481445
2017-10-26,0.004081606864929199,-0.04189634323120117,-0.01289057731628418,-0.01652228832244873,-0.048420071601867676,0.017030060291290283,0.0003045797348022461,0.008219003677368164,0.02082371711730957,0.011638760566711426
2017-10-27,-0.04918026924133301,-0.01622551679611206,0.0008627772331237793,0.015462279319763184,0.0515446662902832,-0.0022668838500976562,-0.00517505407333374,-0.017897725105285645,-0.0018132925033569336,-0.01794755458831787
2017-10-30,-0.00390625,-0.02175694704055786,0.0023747682571411133,-0.013479232788085938,0.0010998249053955078,0.0014539361000061035,-0.01254582405090332,-0.012343764305114746,0.02020883560180664,-0.012183666229248047
2017-10-31,-0.054474711418151855,0.02331697940826416,-0.023587942123413086,-0.013055920600891113,-0.017576932907104492,0.0066332221031188965,0.009916305541992188,-0.002981424331665039,-0.007567286491394043,0.0023719072341918945
2017-11-01,0.03321033716201782,-0.017761170864105225,0.005540728569030762,0.011803686618804932,-0.006230056285858154,-0.010097742080688477,0.009358763694763184,0.008056342601776123,0.014128804206848145,-0.0014197826385498047
2017-11-02,0.01908397674560547,0.020580649375915527,-0.0044081807136535645,0.01206660270690918,0.010609269142150879,-0.0004837512969970703,-0.004712045192718506,-0.008951663970947266,-0.04444938898086548,-0.0009478330612182617
2017-11-03,-0.01167309284210205,-0.012588918209075928,0.003984928131103516,-0.007464051246643066,0.008271098136901855,-0.007091045379638672,0.0,0.0023074746131896973,-0.0104142427444458,0.00426936149597168
2017-11-06,0.023076951503753662,-0.0024790167808532715,0.0022050142288208008,0.001530766487121582,-0.01388239860534668,0.010081589221954346,-0.008552193641662598,-0.017350435256958008,-0.0067819952964782715,0.01747751235961914
2017-11-07,-0.007874011993408203,-0.03751480579376221,-0.028822898864746094,-0.006070971488952637,0.02111661434173584,-0.03685736656188965,0.0027725696563720703,-0.01669442653656006,0.023310542106628418,0.008820891380310059
2017-11-08,-0.00390625,-0.002167224884033203,0.003207862377166748,-0.0687553882598877,0.04981982707977295,-0.003118157386779785,-0.003072202205657959,-0.009202718734741211,0.04371833801269531,0.0004601478576660156
2017-11-09,-0.027237296104431152,0.0030730366706848145,-0.00214540958404541,-0.0680391788482666,-0.01596766710281372,-0.002953052520751953,-0.021571636199951172,-0.0005118846893310547,0.0008817911148071289,0.0
2017-11-10,-0.053030312061309814,0.010160982608795166,-0.007921218872070312,-0.008650660514831543,0.008947491645812988,0.007283449172973633,0.020512759685516357,0.010100841522216797,0.0015418529510498047,0.0009200572967529297
2017-11-13,0.016000032424926758,-0.0028835535049438477,0.010407805442810059,-0.03038811683654785,-0.006162583827972412,-0.001092672348022461,0.008161425590515137,-0.018532395362854004,-0.001979351043701172,-0.013786792755126953
2017-11-14,0.02362203598022461,-0.00034499168395996094,0.003004908561706543,0.027128398418426514,-0.02646702527999878,0.0012474656105041504,-0.0004658699035644531,0.016078472137451172,-0.004847884178161621,-0.0004659891128540039
2017-11-15,-0.026923060417175293,0.02471834421157837,-0.0027986764907836914,-0.01520991325378418,0.0037283897399902344,0.0029664039611816406,-0.0009310245513916016,0.0034259557723999023,0.01882195472717285,-0.006526768207550049
2017-11-16,0.007905125617980957,-0.0042438507080078125,-0.038428544998168945,-0.001248478889465332,-0.002476334571838379,-0.005480766296386719,0.003255784511566162,-0.015288472175598145,0.007172346115112305,0.0037540197372436523
2017-11-17,0.00784313678741455,0.013968825340270996,0.017572879791259766,-0.003481149673461914,-0.001086115837097168,-0.0001556873321533203,-0.004821896553039551,0.014330089092254639,-0.03236943483352661,-0.0084151029586792
2017-11-20,0.0,-0.0024999380111694336,0.01073235273361206,-0.0017603635787963867,-0.008698344230651855,-0.004204273223876953,-0.005417943000793457,0.0014184117317199707,-0.01717209815979004,-0.0028288960456848145
2017-11-21,-0.007782101631164551,0.005225002765655518,-0.005956172943115234,-0.01690089702606201,0.03133809566497803,-0.011474609375,-0.005388736724853516,0.011281847953796387,0.03812110424041748,-0.001418471336364746
2017-11-22,0.003921627998352051,-0.005252480506896973,-0.0,-0.00904703140258789,-0.0034943819046020508,0.0013797283172607422,-0.0021439790725708008,-0.002880692481994629,-0.024262309074401855,0.0014204978942871094
2017-11-23,0.0234375,-0.013775110244750977,-0.025798320770263672,-0.00987255573272705,-0.008690357208251953,-0.0012280941009521484,-0.00030553340911865234,-0.0002238750457763672,0.01545703411102295,-0.002364039421081543
2017-11-24,0.007633566856384277,-0.0055054426193237305,-0.01855289936065674,0.0112723708152771,-0.000922858715057373,-0.0032198429107666016,0.005499482154846191,-0.002536177635192871,0.009706616401672363,-0.002843618392944336
2017-11-27,-0.030303001403808594,-0.0026793479919433594,0.010726630687713623,-0.006759762763977051,0.00815892219543457,0.0065718889236450195,-0.0044547319412231445,0.0008184313774108887,0.010050177574157715,0.006654024124145508
2017-11-28,0.0,0.0017427802085876465,0.014116168022155762,-0.0012526512145996094,0.010230541229248047,-0.0036922693252563477,0.012081384658813477,0.0002084970474243164,0.0019468069076538086,0.00047206878662109375
2017-11-29,-0.01171875,0.0070996880531311035,0.0020751357078552246,-0.016765117645263672,-0.003929853439331055,-0.011036157608032227,-0.00619196891784668,0.010106921195983887,-0.0066925883293151855,0.013213753700256348
2017-11-30,0.011857748031616211,0.0059781670570373535,0.006654143333435059,0.0024610161781311035,0.0025796890258789062,0.013341426849365234,-0.006461501121520996,0.007960379123687744,-0.015431463718414307,-0.02282249927520752
2017-12-01,-0.01171875,0.02122640609741211,0.017793595790863037,-0.004194021224975586,-0.013167858123779297,-0.002919435501098633,-0.0003057718276977539,0.002669692039489746,-0.035540878772735596,-0.008579611778259277
2017-12-04,-0.015810251235961914,-0.021566271781921387,-0.02770674228668213,0.01125192642211914,0.017331242561340332,-0.009345769882202148,0.0036675333976745605,-0.0009126663208007812,-0.0002288818359375,0.0019230842590332031
2017-12-05,0.024096369743347168,-0.00011789798736572266,0.0008295774459838867,0.023903071880340576,-0.015679121017456055,-0.004705548286437988,0.005828201770782471,-0.0012155771255493164,-0.01648348569869995,-0.023032546043395996
2017-12-06,-0.003921568393707275,-0.01249992847442627,-0.006019115447998047,0.009214937686920166,0.005054354667663574,0.009518027305603027,-0.0012341737747192383,0.0008575320243835449,0.01559591293334961,-0.002455770969390869
2017-12-07,-0.011811017990112305,-0.0057070255279541016,-0.009490370750427246,0.00775909423828125,-0.01706796884536743,-0.003050684928894043,0.002773463726043701,0.0060912370681762695,-0.05638325214385986,-0.004923701286315918
2017-12-08,0.00398409366607666,-0.007990717887878418,-0.0020437240600585938,-0.019782423973083496,-0.007906913757324219,-0.014142394065856934,0.0013906359672546387,0.006021559238433838,0.002603590488433838,0.005937695503234863
2017-12-11,0.019841313362121582,-0.011029362678527832,-0.0034673213958740234,0.002589881420135498,0.0007814168930053711,-0.024891257286071777,-0.004177689552307129,-0.022909879684448242,-0.009788990020751953,-0.02311849594116211
2017-12-12,-0.019455254077911377,0.005454540252685547,-0.005081295967102051,-0.019398212432861328,0.0032792091369628906,0.003950238227844238,0.004930675029754639,0.018390953540802002,-0.0010771751403808594,0.005288481712341309
2017-12-13,-0.027777791023254395,0.010169148445129395,0.00667339563369751,-0.055788636207580566,0.012140035629272461,-0.0017626285552978516,0.006348669528961182,-0.0062171220779418945,-0.005164623260498047,0.0024166107177734375
2017-12-14,0.008163213729858398,-0.019046545028686523,-0.009364724159240723,0.012630641460418701,-0.020298361778259277,-0.01085042953491211,-0.012310981750488281,-0.026860415935516357,-0.022265076637268066,-0.0048449039459228516
2017-12-15,-0.004048585891723633,-0.010194778442382812,-0.009681344032287598,0.003880739212036133,0.0012557506561279297,-0.0027559995651245117,0.0015394091606140137,-0.004769682884216309,0.027643978595733643,-0.003857254981994629
2017-12-18,0.004065036773681641,0.0076250433921813965,0.006192564964294434,0.008657574653625488,0.01661694049835205,-0.009691834449768066,0.0006166696548461914,0.0137099027633667,0.01443028450012207,-0.02113354206085205
2017-12-19,0.008097171783447266,0.01762712001800537,0.012462317943572998,-0.001407027244567871,0.022976160049438477,-0.03724932670593262,-0.009564995765686035,-0.0020151138305664062,-0.00305938720703125,0.011759161949157715
2017-12-20,0.028112411499023438,-0.00046002864837646484,-0.012009024620056152,0.01463174819946289,-0.0031655430793762207,0.01077347993850708,0.01100248098373413,0.005304217338562012,0.005228757858276367,-0.014278888702392578
2017-12-21,0.015625,-0.023453712463378906,-0.006033778190612793,-0.026453018188476562,-0.0328141450881958,-0.004747271537780762,-0.00355374813079834,0.0026034116744995117,0.005037248134613037,-0.004223346710205078
2017-12-22,-0.0076923370361328125,0.003706991672515869,-0.016993165016174316,-0.029890775680541992,0.02386528253555298,0.020983874797821045,-0.0006159543991088867,0.019670963287353516,-0.006163358688354492,-0.013084173202514648
2017-12-26,-0.015503883361816406,-0.0016913414001464844,0.003735065460205078,0.013441801071166992,0.01649916172027588,-0.008090853691101074,-0.06539463996887207,0.0010200738906860352,0.00021880865097045898,-0.0041512250900268555
2017-12-27,0.007874011993408203,0.005403041839599609,0.0011838674545288086,-0.018952369689941406,-0.002287626266479492,-0.0035201311111450195,0.016608893871307373,-0.011157035827636719,-0.020787715911865234,-0.01194310188293457
2017-12-28,0.015625,0.005998194217681885,0.0009877681732177734,-0.014389395713806152,0.0012172460556030273,-0.010242700576782227,-0.02423262596130371,0.00269472599029541,0.012647390365600586,-0.0049932003021240234
2017-12-29,-0.0076923370361328125,-0.013890504837036133,-0.008503079414367676,-0.020662307739257812,-0.001675724983215332,-0.009444475173950195,-0.029538273811340332,-0.02826082706451416,-0.014980435371398926,-0.020325183868408203
2018-01-01,0.015503883361816406,0.013250946998596191,0.008235335350036621,-0.023729801177978516,-0.018859386444091797,0.00811779499053955,0.008635103702545166,0.020583391189575195,0.0019251108169555664,-0.007082819938659668
2018-01-02,-0.01908397674560547,-0.01604640483856201,0.003756403923034668,-0.0031429529190063477,0.005374014377593994,0.01733940839767456,0.0036526918411254883,0.0054430365562438965,-0.022717595100402832,-0.006593465805053711
2018-01-03,0.0038909912109375,-0.005040287971496582,0.008136570453643799,0.02106177806854248,0.021461784839630127,-0.04319596290588379,0.018612563610076904,-0.0028351545333862305,-0.01131594181060791,-0.02751094102859497
2018-01-04,0.011627912521362305,0.00468069314956665,0.005802333354949951,-0.005112051963806152,0.006288290023803711,0.02598106861114502,-0.01795971393585205,-0.006988525390625,-0.006423592567443848,0.005388379096984863
2018-01-05,0.026819944381713867,-0.007725954055786133,0.0032199621200561523,0.01950383186340332,0.002778291702270508,-0.010697364807128906,-0.015666842460632324,-0.012080788612365723,-0.0057648420333862305,-0.006252765655517578
2018-01-08,-0.0522388219833374,-0.0005555152893066406,-0.023823976516723633,-0.008615255355834961,-0.0024764537811279297,-0.0021992921829223633,0.0013896822929382324,-0.009370803833007812,-0.02190375328063965,0.00494384765625
2018-01-09,0.02127659320831299,0.007440328598022461,-0.0051271915435791016,0.008049726486206055,0.0049405694007873535,0.015361428260803223,-0.03339827060699463,0.0019893646240234375,0.004807770252227783,0.01967799663543701
2018-01-10,-0.04347825050354004,-0.02461397647857666,-0.010398268699645996,-0.00347137451171875,0.0035686492919921875,-0.012257933616638184,-0.0016160011291503906,-0.036028146743774414,-0.016304373741149902,0.029385924339294434
2018-01-11,0.0034722089767456055,-0.0012011528015136719,-0.022330045700073242,-0.004672408103942871,-0.00934290885925293,-0.012935161590576172,-0.010352253913879395,0.00573652982711792,-0.01861751079559326,-0.01704305410385132
2018-01-12,0.020905911922454834,-0.009815692901611328,-0.0024690628051757812,-0.005858182907104492,-0.018821358680725098,0.005705773830413818,-0.03739190101623535,0.005067169666290283,0.001749873161315918,-0.0069353580474853516
2018-01-15,0.0035586953163146973,0.01803654432296753,-0.0024629831314086914,0.0021340250968933105,-0.03013324737548828,0.01461946964263916,-0.042585909366607666,0.010899186134338379,0.013439834117889404,-0.011785328388214111
2018-01-16,-0.014285683631896973,-0.04399466514587402,-0.03855609893798828,0.024236977100372314,0.010583579540252686,-0.005962252616882324,0.010450124740600586,-0.03814864158630371,-0.02685093879699707,-0.05344521999359131
2018-01-17,0.007042229175567627,-0.0037926435470581055,-0.02602362632751465,-0.019040226936340332,-0.029861927032470703,-0.0013784170150756836,0.02121448516845703,-0.013364315032958984,0.005191206932067871,0.018448591232299805
2018-01-18,0.0177304744720459,-0.0014693737030029297,-0.0005320310592651367,0.022224247455596924,-0.045729994773864746,0.018031656742095947,-0.023240745067596436,-0.010121345520019531,0.004252076148986816,0.0012814998626708984
2018-01-19,-0.05054152011871338,-0.004296779632568359,0.007977306842803955,-0.025020718574523926,0.006483674049377441,-0.017802119255065918,0.02233147621154785,-0.014084100723266602,-0.0005822181701660156,-0.01112055778503418
2018-01-22,-0.051546335220336914,-0.00834810733795166,-0.005718350410461426,-0.00599062442779541,-0.016939759254455566,-0.0294724702835083,0.02574443817138672,-0.05308687686920166,-0.03161978721618652,0.02241957187652588
2018-01-23,-0.026143789291381836,-0.030011415481567383,-0.023631811141967773,-0.03670787811279297,0.007782638072967529,-0.009632110595703125,0.0062111616134643555,0.004620671272277832,-0.03459954261779785,0.019472062587738037
2018-01-24,-0.09872615337371826,-0.023209095001220703,-0.007290363311767578,-0.02897799015045166,-0.008531689643859863,-0.010335206985473633,-0.004787087440490723,-0.023404240608215332,-0.026535749435424805,0.0044130682945251465
2018-01-25,-0.060869574546813965,0.008739233016967773,0.008616209030151367,-0.02303779125213623,-0.028380393981933594,0.01390165090560913,0.0007594823837280273,0.016865134239196777,0.00814443826675415,0.006205737590789795
2018-01-29,0.051912546157836914,-0.0024764537811279297,-0.00625765323638916,-0.04247260093688965,-0.07284057140350342,0.006250858306884766,-0.010751307010650635,-0.024927496910095215,-0.011067509651184082,0.0026761293411254883
2018-01-30,0.00864553451538086,0.01146245002746582,0.01036447286605835,-0.0400390625,-0.004328489303588867,0.021279454231262207,-0.0019178986549377441,0.014380097389221191,0.0031780600547790527,0.012522399425506592
2018-01-31,0.005813956260681152,0.013894438743591309,0.01745504140853882,-0.04394364356994629,-0.01391458511352539,-0.015588641166687012,0.009223699569702148,0.012845456600189209,-0.017003297805786133,0.008605122566223145
2018-02-01,0.023391783237457275,0.001621842384338379,0.004796624183654785,0.021842479705810547,0.018095731735229492,-0.0064629316329956055,-0.004569649696350098,-0.008430838584899902,0.002786576747894287,0.012791156768798828
2018-02-02,0.05389219522476196,-0.006091952323913574,0.001249551773071289,-0.03959864377975464,0.030303001403808594,0.0037457942962646484,0.00012743473052978516,-0.004798293113708496,-0.014320611953735352,0.0004627704620361328
2018-02-05,-0.04746830463409424,-0.00222015380859375,0.004468262195587158,0.009207010269165039,-0.0020407438278198242,-0.010339736938476562,-0.017722785472869873,0.016000449657440186,-0.016356706619262695,0.006018519401550293
2018-02-06,-0.0030211210250854492,-0.03957301378250122,0.026750504970550537,-0.06635993719100952,0.013620078563690186,0.015018582344055176,0.018431901931762695,0.03413891792297363,-0.03726917505264282,0.013972997665405273
2018-02-07,-0.00903618335723877,-0.016041100025177002,-0.0012912750244140625,-0.10056078433990479,0.015098750591278076,0.01956552267074585,-0.03288298845291138,0.014079511165618896,-0.006158709526062012,0.017477571964263916
2018-02-08,0.011940300464630127,0.0061800479888916016,-0.022660255432128906,-0.07071995735168457,-0.04952824115753174,0.0011010169982910156,0.04652082920074463,-0.006476998329162598,0.008852720260620117,-0.0014423131942749023
2018-02-09,-0.0030211210250854492,0.02086198329925537,0.022158145904541016,-0.001117706298828125,-0.03133583068847656,0.006200075149536133,0.0027704238891601562,0.0008405447006225586,-0.02228856086730957,0.016802668571472168
2018-02-12,-0.0,-0.02582991123199463,0.005711078643798828,-0.03392386436462402,0.04733079671859741,0.004159152507781982,-0.016325533390045166,0.0014805793762207031,-0.008616030216217041,-0.01416015625
2018-02-14,-0.0,-0.0013843178749084473,0.004446983337402344,-0.04684782028198242,-0.041169047355651855,0.010162889957427979,0.01340484619140625,0.018703877925872803,0.03747963905334473,-0.01540684700012207
2018-02-15,0.00602412223815918,0.002026081085205078,-0.015075445175170898,0.008018672466278076,0.013790667057037354,-0.005203962326049805,-0.023179590702056885,-0.004828691482543945,-0.009947657585144043,0.003319084644317627
2018-02-16,0.006060600280761719,-0.002766907215118408,-0.012284517288208008,0.012242555618286133,0.019923269748687744,-0.0026584863662719727,-0.014186203479766846,-0.0024608373641967773,-0.03684109449386597,0.005233049392700195
2018-02-19,0.07012194395065308,-0.0244370698928833,-0.003260374069213867,0.04743790626525879,0.004419207572937012,0.011303365230560303,-0.019623219966888428,0.003225266933441162,-0.021412909030914307,0.00334775447845459
2018-02-20,0.0065574049949646,-0.007438182830810547,-0.00451350212097168,-0.021175026893615723,-0.008116722106933594,-0.014255523681640625,0.00026679039001464844,-0.007237672805786133,0.0031794309616088867,-0.004798412322998047
2018-02-21,-0.049504995346069336,-0.039122819900512695,-0.00916600227355957,-0.041262269020080566,-0.02541196346282959,-0.004731416702270508,0.012540102005004883,-0.03312325477600098,0.038404107093811035,-0.002865314483642578
2018-02-22,-0.0345911979675293,0.0020151138305664062,-0.011754155158996582,0.0363081693649292,-0.023923397064208984,-0.004709124565124512,0.030830025672912598,-0.002596735954284668,0.01310586929321289,-0.0014286041259765625
2018-02-23,-0.00911855697631836,-0.015515327453613281,0.00440061092376709,-0.00935816764831543,-0.0005991458892822266,0.015164017677307129,-0.050357818603515625,-0.008392930030822754,0.03278398513793945,-0.008083701133728027
2018-02-26,-0.0,0.010046005249023438,0.014851391315460205,0.009960651397705078,0.026463866233825684,0.008118689060211182,-0.05573129653930664,0.014337778091430664,-0.015099525451660156,0.011792480945587158
2018-02-27,-0.00301206111907959,-0.004122614860534668,-0.010229706764221191,0.01061791181564331,0.014145135879516602,-0.03457522392272949,0.023397862911224365,-0.0035161972045898438,-0.0033101439476013184,-0.0009546279907226562
2018-02-28,-0.0030030012130737305,0.010106384754180908,-0.019541621208190918,-0.013441205024719238,0.015720486640930176,0.019295454025268555,-0.009323716163635254,0.002399444580078125,0.0036706924438476562,-0.0038149356842041016
2018-03-01,-0.04491019248962402,-0.0026587247848510742,0.010106384754180908,0.02350527048110962,0.005957663059234619,-0.023232460021972656,0.023854076862335205,-0.0008697509765625,-0.0013931989669799805,0.0014252066612243652
2018-03-05,-0.008595943450927734,0.011349201202392578,0.004224538803100586,0.007751107215881348,-0.004335522651672363,-0.026574671268463135,0.016530871391296387,-0.02243804931640625,0.032438039779663086,0.005233049392700195
2018-03-06,0.022727251052856445,-0.0007510185241699219,0.003889024257659912,0.013222455978393555,0.014982223510742188,0.0012066364288330078,-0.01607799530029297,0.020303547382354736,-0.022466182708740234,0.013390719890594482
2018-03-07,-0.020348787307739258,-0.01790308952331543,0.006388604640960693,0.0002905130386352539,0.005800485610961914,0.018680334091186523,-0.0023975372314453125,0.0050414204597473145,-0.01399695873260498,0.005816757678985596
2018-03-08,-0.002848982810974121,-0.0011584758758544922,-0.01107335090637207,-0.018706917762756348,0.010761022567749023,0.011682987213134766,0.0028701424598693848,0.007762253284454346,-0.003154575824737549,0.000975191593170166
2018-03-09,-0.0,0.00799494981765747,-0.005829453468322754,0.03465855121612549,0.010484933853149414,0.005700945854187012,0.016070961952209473,-0.010033488273620605,0.020745396614074707,0.00048798322677612305
2018-03-12,-0.03409087657928467,-0.026086926460266113,-0.019142866134643555,-0.02068483829498291,-0.041192054748535156,0.011627912521362305,-0.007435321807861328,-0.005952239036560059,0.0005167722702026367,-0.02001953125
2018-03-13,0.008241772651672363,0.01095491647720337,0.0015508532524108887,-0.018311381340026855,0.008777439594268799,-0.0005747079849243164,-0.02843320369720459,-0.05417799949645996,-0.0006886124610900879,-0.02058398723602295
2018-03-14,-0.03324103355407715,-0.008359432220458984,0.0025888681411743164,0.03347665071487427,-0.02066218852996826,0.002156376838684082,0.01164710521697998,3.457069396972656e-05,0.033764004707336426,0.009849846363067627
2018-03-15,-0.06166219711303711,0.006114006042480469,-0.0013842582702636719,0.020443379878997803,-0.018735051155090332,-0.004733920097351074,-0.0051184892654418945,-0.005957901477813721,-0.011831343173980713,0.0009474754333496094
2018-03-16,-0.06313133239746094,-0.008862495422363281,0.008985698223114014,0.007207036018371582,0.006788432598114014,-0.009368717670440674,0.03363335132598877,-0.015332639217376709,0.0047217607498168945,-0.008060693740844727
2018-03-19,-0.04851752519607544,-0.04247617721557617,-0.02144724130630493,0.024386584758758545,0.02460545301437378,-0.0021824240684509277,0.016789257526397705,0.0018756389617919922,-0.04078549146652222,-0.024459123611450195
2018-03-20,0.039660096168518066,0.011548876762390137,0.015502572059631348,-0.03495585918426514,0.01719963550567627,-0.02260136604309082,-0.0110931396484375,0.011960506439208984,0.0402449369430542,0.017840027809143066
2018-03-21,0.035422325134277344,0.00010669231414794922,0.0026320219039916992,-0.014678359031677246,-0.019185900688171387,0.008652806282043457,0.014053285121917725,-0.0028274059295654297,-0.012447476387023926,0.005210757255554199
2018-03-22,-0.018421053886413574,-0.007254838943481445,-0.005250275135040283,0.006605684757232666,0.014881730079650879,-0.0035497546195983887,0.014878690242767334,-0.008891165256500244,-0.011411964893341064,-0.023091375827789307
2018-03-23,-0.040214478969573975,0.02890920639038086,0.00527799129486084,-0.002451777458190918,0.012265980243682861,-0.005343616008758545,0.006219089031219482,-0.004662156105041504,0.007408618927001953,-0.01350700855255127
2018-03-26,0.008379936218261719,0.010027170181274414,-0.010500550270080566,0.007115066051483154,0.008496761322021484,-0.013580083847045898,0.005108535289764404,-0.00041157007217407227,-0.004959821701049805,-0.03716385364532471
2018-03-27,-0.016620516777038574,0.005170583724975586,-0.00106126070022583,0.00011199712753295898,0.022280871868133545,0.005597591400146484,-0.0065468549728393555,0.010898113250732422,0.002062559127807617,0.0
2018-03-28,-0.025352120399475098,-0.0034979581832885742,-0.019298791885375977,-0.0008958578109741211,-0.03478968143463135,-0.006469070911407471,-0.11490881443023682,0.0005127191543579102,0.028644919395446777,0.026409387588500977
2018-04-02,0.020231246948242188,0.01125335693359375,0.0046939849853515625,-0.05538153648376465,-0.011597514152526855,-0.05496668815612793,-0.009798228740692139,0.02123427391052246,0.0026679039001464844,0.030183076858520508
2018-04-03,0.0,-0.010515570640563965,0.0030548572540283203,-0.0016255378723144531,-0.00644075870513916,-0.024974822998046875,-0.018917322158813477,0.0005499124526977539,-0.03974717855453491,-0.02017289400100708
2018-04-04,-0.016997158527374268,-0.010317802429199219,-0.01433175802230835,0.0017639994621276855,-0.022270560264587402,0.02828735113143921,0.0038564205169677734,-0.00012367963790893555,-0.016453087329864502,-0.007843196392059326
2018-04-05,0.014409184455871582,0.0029190778732299805,0.02071964740753174,0.014666914939880371,-0.0,0.0012969970703125,-0.002216339111328125,0.0161668062210083,0.019193410873413086,0.016304373741149902
2018-04-06,0.025568127632141113,-0.009771347045898438,-0.017806291580200195,-0.003730297088623047,-0.05834472179412842,0.010966837406158447,0.008440732955932617,-0.002589583396911621,0.0013821125030517578,-0.008264422416687012
2018-04-09,-0.022160649299621582,0.0006299018859863281,-0.013959288597106934,-0.0012149810791015625,0.023660242557525635,-0.014152288436889648,-0.009985268115997314,-0.008948266506195068,-0.005693554878234863,0.003921627998352051
2018-04-10,0.0028328895568847656,-0.0050356388092041016,0.0018385648727416992,3.5703182220458984e-05,-0.015509486198425293,0.00028771162033081055,-0.004153072834014893,0.004685640335083008,0.01978135108947754,0.00341796875
2018-04-11,0.005649685859680176,0.0199282169342041,0.009726524353027344,0.002998173236846924,0.013005554676055908,-0.004892826080322266,-0.013107001781463623,0.02606201171875,0.011570453643798828,-0.0009732246398925781
2018-04-12,0.02808988094329834,-0.04414355754852295,-0.03416931629180908,0.0013245940208435059,-0.03215658664703369,-0.016898155212402344,0.01629948616027832,-0.0415041446685791,0.0321277379989624,0.00438380241394043
2018-04-13,0.0,0.018613874912261963,-0.0075571537017822266,-0.002115011215209961,0.021902084350585938,-0.005632996559143066,0.022571921348571777,-0.00447237491607666,0.029986977577209473,0.02521824836730957
2018-04-16,-0.005464494228363037,-0.008777260780334473,0.03261822462081909,0.0035771727561950684,0.01257336139678955,-0.028147339820861816,-0.005808889865875244,-0.010896444320678711,-0.00443035364151001,-0.014191091060638428
2018-04-17,0.027472496032714844,-0.011101126670837402,0.007032036781311035,0.004308044910430908,-0.004487037658691406,0.005992889404296875,0.0007303953170776367,0.006606698036193848,-0.0006357431411743164,-0.01823413372039795
2018-04-18,-0.008021414279937744,0.014045536518096924,-0.0007262229919433594,0.0007210969924926758,0.002173125743865967,-0.002877473831176758,-0.01240694522857666,0.002368450164794922,-0.017970740795135498,0.027859210968017578
2018-04-19,0.008086204528808594,-0.02176964282989502,-0.005988121032714844,-0.004618406295776367,0.015003025531768799,-0.004508852958679199,0.03428912162780762,-0.010148406028747559,0.013441324234008789,-0.0004755258560180664
2018-04-20,-0.06149733066558838,-0.043004512786865234,-0.04022359848022461,-0.004920482635498047,-0.022356033325195312,-0.042029380798339844,0.04887115955352783,-0.06621420383453369,-0.055289268493652344,0.01902949810028076
2018-04-23,-0.04282116889953613,-0.0241926908493042,-0.007976412773132324,-0.09596145153045654,-0.03280067443847656,0.015141606330871582,0.017438650131225586,-0.0018222332000732422,-0.002271294593811035,-0.002334296703338623
2018-04-24,0.038647353649139404,0.023988962173461914,0.028040587902069092,-0.004435062408447266,-0.05746865272521973,0.0108681321144104,-0.02745044231414795,0.006747543811798096,0.028554201126098633,-0.03462797403335571
2018-04-25,-0.092964768409729,-0.006497859954833984,-0.005132794380187988,-0.11989867687225342,-0.02057206630706787,-0.00937962532043457,0.05796504020690918,-0.02498781681060791,-0.005598664283752441,0.00048470497131347656
2018-04-26,-0.057471275329589844,-0.00795280933380127,-0.013910889625549316,0.03745579719543457,0.004203975200653076,0.012478411197662354,0.00858926773071289,-0.019883275032043457,-0.0071141719818115234,-0.020348846912384033
2018-04-27,0.015217363834381104,0.0331384539604187,-0.007294178009033203,0.04047948122024536,-0.012232065200805664,-0.03280007839202881,0.0005161762237548828,0.024666190147399902,0.03101968765258789,-0.018298685550689697
2018-04-30,-0.026490092277526855,-0.01065671443939209,-0.012068986892700195,0.015035510063171387,-0.028873920440673828,0.002082526683807373,0.0415269136428833,-0.023215889930725098,-0.00015842914581298828,0.009068012237548828
2018-05-02,0.05376344919204712,-0.049586713314056396,0.0018739104270935059,0.0269925594329834,0.03336447477340698,0.025042414665222168,-0.04049026966094971,0.00915604829788208,0.012517750263214111,-0.010983526706695557
2018-05-03,0.03636366128921509,-0.07476258277893066,0.012118160724639893,0.02325427532196045,0.017957031726837158,-0.015785932540893555,0.006323337554931641,0.005114614963531494,0.015243887901306152,-0.015143871307373047
2018-05-04,0.030660390853881836,0.0044291019439697266,0.008120298385620117,0.0012742280960083008,0.012263238430023193,0.023442625999450684,-0.005129516124725342,0.0003159642219543457,-0.015642762184143066,-0.006150782108306885
2018-05-07,-0.0,-0.0017207860946655273,-0.008535146713256836,-0.012322068214416504,-0.0186232328414917,-0.015778779983520508,0.006316065788269043,0.017180144786834717,0.0083426833152771,0.018566250801086426
2018-05-08,-0.03163015842437744,-0.00872659683227539,0.014853179454803467,6.639957427978516e-05,0.02426820993423462,0.0031864047050476074,-0.013833701610565186,-0.005916476249694824,0.006471455097198486,-0.007594943046569824
2018-05-09,-0.0,0.008042573928833008,-0.004558205604553223,-0.025307655334472656,-0.022083520889282227,-0.011188030242919922,0.011559844017028809,-0.013977766036987305,-0.0013028383255004883,-0.009183704853057861
2018-05-10,0.02122640609741211,0.002911090850830078,0.0024433135986328125,-0.023615479469299316,-0.0066564083099365234,0.010273993015289307,-0.0035952329635620117,0.010901927947998047,-0.01512444019317627,0.0010298490524291992
2018-05-11,-0.021686792373657227,0.002795100212097168,-0.011021733283996582,-0.02259659767150879,0.008455276489257812,0.027814745903015137,0.03608250617980957,-0.0016515254974365234,-0.004485726356506348,0.007716059684753418
2018-05-14,-0.009433984756469727,-0.008040308952331543,-0.007267594337463379,-0.01094043254852295,0.004700958728790283,0.0031485557556152344,-0.007711470127105713,0.006768941879272461,-0.0012758970260620117,-0.0010209083557128906
2018-05-15,0.011682271957397461,-0.0003241896629333496,-0.004294753074645996,0.01537710428237915,-0.10116434097290039,0.03391927480697632,-0.01804959774017334,-0.01422429084777832,-0.0052564144134521484,-0.004598855972290039
2018-05-16,-0.018912553787231445,-0.005189180374145508,0.0037631988525390625,0.012481331825256348,-0.020249366760253906,-0.006538748741149902,0.023231983184814453,-0.003302335739135742,-0.0031690597534179688,0.013347029685974121
2018-05-17,0.018561482429504395,-0.011410534381866455,0.00600963830947876,0.015311658382415771,-0.02972233295440674,0.0031068921089172363,0.005988121032714844,0.0006009936332702637,-0.004896640777587891,0.01317131519317627
2018-05-18,0.02127659320831299,-0.020886003971099854,-0.0003453493118286133,0.019572734832763672,0.0022786855697631836,0.033290863037109375,-0.014880955219268799,-0.0029382705688476562,-0.02640676498413086,-0.033499956130981445
2018-05-21,-0.01449275016784668,0.005838155746459961,0.0031082630157470703,0.004689693450927734,0.0413019061088562,0.011723339557647705,0.010322213172912598,-0.015619397163391113,0.011332333087921143,-0.015519917011260986
2018-05-22,-0.0,0.010045766830444336,-0.012125372886657715,0.01279360055923462,0.018860459327697754,0.008303701877593994,0.026165008544921875,0.013456106185913086,-0.0015490055084228516,0.0005254745483398438
2018-05-23,-0.02380955219268799,-0.011714041233062744,0.007530331611633301,-0.056941986083984375,-0.017503023147583008,-0.011513113975524902,0.004613995552062988,0.003932774066925049,-0.016702771186828613,-0.005777239799499512
2018-05-24,-0.013953447341918945,0.01945662498474121,-0.030522465705871582,-0.057198405265808105,-0.015312671661376953,-0.01788616180419922,0.01933765411376953,-0.031072020530700684,-0.020839571952819824,0.0036978721618652344
2018-05-25,-0.029816508293151855,0.004716396331787109,-0.005856752395629883,-0.0070002079010009766,-0.020663976669311523,0.004356682300567627,-0.00865548849105835,0.004967093467712402,0.012665748596191406,0.0010526180267333984
2018-05-28,0.04899775981903076,-0.023471593856811523,0.011312544345855713,0.02179741859436035,0.054308176040649414,0.007001161575317383,-0.03336918354034424,0.023353219032287598,-0.04074859619140625,-0.005257606506347656
2018-05-29,-0.021077275276184082,0.011850118637084961,-0.002019166946411133,-0.01065981388092041,0.0244520902633667,0.012338399887084961,0.03192281723022461,-0.006122112274169922,0.004090666770935059,-0.0015856623649597168
2018-05-30,0.0022935867309570312,0.0024306774139404297,0.004198133945465088,-0.0025920867919921875,-0.023504972457885742,0.012641310691833496,-0.005995213985443115,0.0026677846908569336,0.014415621757507324,-0.007411301136016846
2018-05-31,-0.02758622169494629,0.0033065080642700195,-0.01669478416442871,-0.03459131717681885,-0.04217052459716797,-0.050760626792907715,-0.04945719242095947,0.009106159210205078,-0.03815257549285889,0.0037332773208618164
2018-06-01,0.008948564529418945,-0.0060419440269470215,0.008956730365753174,0.033492207527160645,0.04153662919998169,0.0322534441947937,-0.0002537965774536133,0.004939615726470947,0.01636660099029541,-0.004782140254974365
2018-06-04,0.020316004753112793,-0.004531383514404297,-0.015230059623718262,0.017415642738342285,0.03367239236831665,0.015108883380889893,-0.01624774932861328,-0.0068111419677734375,0.004235327243804932,-0.0016016960144042969
2018-06-05,-0.05990785360336304,-0.017430901527404785,0.01500159502029419,0.025890707969665527,-0.013580322265625,0.013235092163085938,-0.020129024982452393,0.012985527515411377,-0.004405379295349121,-0.01871657371520996
2018-06-06,0.029411792755126953,-0.027005672454833984,-0.013556480407714844,-0.011674761772155762,-0.022019147872924805,-0.012802958488464355,-0.0011851787567138672,-0.0024105310440063477,0.014216601848602295,0.01525890827178955
2018-06-07,0.016666650772094727,-0.01364278793334961,-0.01221930980682373,-0.034804582595825195,-0.005182862281799316,-0.018510103225708008,0.013315677642822266,-0.005678772926330566,-0.015342116355895996,0.020933985710144043
2018-06-08,0.004683852195739746,-0.00803220272064209,-0.006035923957824707,0.01284259557723999,-0.04721474647521973,-0.004728078842163086,-0.002341926097869873,-0.006654858589172363,-0.007555127143859863,-0.002628803253173828
2018-06-11,0.011654973030090332,0.018412888050079346,-0.001783609390258789,-0.004116177558898926,-0.014191865921020508,-0.02808821201324463,0.03416800498962402,-0.0014882087707519531,-0.010647892951965332,0.001581430435180664
2018-06-12,0.03686630725860596,-0.0035103559494018555,0.0030753612518310547,-0.0007779598236083984,0.0002856254577636719,-0.010298967361450195,0.04312741756439209,-0.017888784408569336,0.00741952657699585,0.007894754409790039
2018-06-13,-0.004444420337677002,-0.00972890853881836,-0.012989163398742676,0.01103276014328003,0.01171201467514038,-0.002973198890686035,-0.02079308032989502,-0.024199843406677246,-0.006876945495605469,0.008877277374267578
2018-06-14,0.006696462631225586,-0.014290332794189453,-0.027568519115447998,-0.010883688926696777,0.007226109504699707,-0.0022586584091186523,0.01617276668548584,0.02003723382949829,0.021826326847076416,-0.008799135684967041
2018-06-15,0.0044345855712890625,-0.012167692184448242,0.03362441062927246,-0.020217180252075195,0.03280282020568848,-0.026197195053100586,-0.014336049556732178,-0.029369831085205078,-0.012598633766174316,0.0015666484832763672
2018-06-18,-0.017660021781921387,0.01592320203781128,-0.01084357500076294,0.012106835842132568,-0.025988340377807617,-0.011528968811035156,0.0012326240539550781,0.006005287170410156,-0.004796862602233887,-0.004171013832092285
2018-06-19,-0.006741583347320557,0.01371622085571289,-0.020312726497650146,-0.003560781478881836,0.01838630437850952,0.009362280368804932,0.01772749423980713,0.0024603605270385742,0.021632134914398193,-0.017800986766815186
2018-06-20,0.0248868465423584,0.010321617126464844,0.0011519193649291992,0.011797726154327393,0.0177343487739563,0.015888214111328125,-0.014636576175689697,0.0011236071586608887,0.007776737213134766,-0.004797518253326416
2018-06-21,-0.013245046138763428,0.009221673011779785,0.0027941465377807617,-0.009185791015625,-0.03681910037994385,0.0016701221466064453,0.010802865028381348,0.0017009973526000977,0.007991433143615723,-0.004284977912902832
2018-06-22,-0.01565992832183838,-0.0025484561920166016,0.0009834766387939453,0.007768034934997559,-0.0013695955276489258,-0.00878298282623291,0.010201573371887207,0.005249083042144775,-0.008985280990600586,-0.0016136765480041504
2018-06-25,-0.004545450210571289,-0.004531383514404297,0.01981329917907715,0.006663501262664795,0.008987843990325928,0.01285243034362793,-0.006131231784820557,-0.0052214860916137695,-0.0075234174728393555,-0.0032327771186828613
2018-06-26,0.013698577880859375,-0.0016503334045410156,0.004174709320068359,0.01705622673034668,0.015970051288604736,-0.0074198246002197266,-0.004475653171539307,-0.018001914024353027,0.012496232986450195,0.000540614128112793
2018-06-27,-0.018018007278442383,-0.011643171310424805,-0.006076216697692871,-0.014903903007507324,-0.05189335346221924,0.001528620719909668,-0.028189539909362793,-0.003239750862121582,-0.03996920585632324,-0.0059427618980407715
2018-06-28,-0.027522921562194824,0.01237785816192627,0.01528310775756836,0.009920716285705566,-0.06295233964920044,-0.02741825580596924,-0.021255314350128174,0.008234679698944092,-0.07285952568054199,0.003804326057434082
2018-06-29,0.0353773832321167,-0.018249869346618652,0.013785481452941895,-0.01809108257293701,0.025510668754577637,0.02140343189239502,0.03653550148010254,-0.002740621566772461,-0.013764381408691406,0.017325401306152344
2018-07-02,0.006833672523498535,0.00010800361633300781,0.02094411849975586,0.012983143329620361,0.015559911727905273,0.006367683410644531,-0.013063907623291016,-0.0019483566284179688,0.0027588605880737305,-0.0031931400299072266
2018-07-03,0.006787300109863281,-0.012309670448303223,0.014237523078918457,-0.00015151500701904297,-0.0003902912139892578,0.012120366096496582,0.008991003036499023,-0.012261390686035156,0.005826115608215332,0.004805088043212891
2018-07-04,0.0,0.012693345546722412,-0.006188631057739258,0.0020000338554382324,-0.009274661540985107,0.0221407413482666,0.02636134624481201,0.0042154788970947266,-0.009975910186767578,0.0005314350128173828
2018-07-05,-0.015730321407318115,-0.005834102630615234,-0.045565009117126465,-0.0009412765502929688,-0.002857685089111328,0.013700604438781738,-0.010731875896453857,-0.007582426071166992,-0.012676715850830078,0.007966041564941406
2018-07-06,-0.020547926425933838,-0.013856053352355957,0.00015914440155029297,-0.01198279857635498,0.021543502807617188,0.025003671646118164,0.01974642276763916,-0.017364144325256348,-0.018930017948150635,-0.005268692970275879
2018-07-09,0.027971982955932617,-0.0186460018157959,0.011455893516540527,-0.009832501411437988,0.007932782173156738,-0.031343698501586914,0.017929673194885254,0.01565641164779663,0.014765024185180664,0.008474469184875488
2018-07-10,0.015873074531555176,-0.01872074604034424,0.001887679100036621,-0.021076321601867676,0.012957096099853516,-0.019921422004699707,0.006340980529785156,0.004195451736450195,0.011243343353271484,-0.021533608436584473
2018-07-11,0.006696462631225586,-0.014190912246704102,0.014601945877075195,-0.04134082794189453,0.014970541000366211,0.015825510025024414,-0.015169203281402588,-0.05589032173156738,0.0058863162994384766,-0.005655527114868164
2018-07-12,0.008869171142578125,-0.012683629989624023,-0.019653379917144775,-0.032720088958740234,0.017830610275268555,0.0055048465728759766,0.00023698806762695312,0.004318416118621826,-0.010728299617767334,-0.026584863662719727
2018-07-13,0.0,0.02256464958190918,0.017679572105407715,0.002054572105407715,0.04246532917022705,-0.014858007431030273,-0.02937692403793335,-0.004945874214172363,-0.010844528675079346,-0.005478024482727051
2018-07-16,-0.0021978020668029785,0.011390209197998047,0.011788368225097656,0.00609511137008667,-0.00853419303894043,0.005597829818725586,-0.010007321834564209,-0.004088640213012695,0.026578068733215332,-0.007924795150756836
2018-07-17,-0.017621159553527832,-0.008435368537902832,-0.003679215908050537,-0.00869441032409668,-0.04481321573257446,0.009815216064453125,0.015285968780517578,-0.006510138511657715,-0.016666650772094727,-0.0024570226669311523
2018-07-18,0.004484295845031738,-0.009792923927307129,-0.004000663757324219,-0.004728555679321289,-0.014678597450256348,-0.01661813259124756,0.012991786003112793,0.0009489655494689941,-0.0008227825164794922,-0.0029412508010864258
2018-07-19,-0.015625,0.00787961483001709,-0.0044800639152526855,-0.07392960786819458,0.01037144660949707,0.02079153060913086,-0.009708702564239502,0.009423792362213135,-0.006587624549865723,-0.003910064697265625
2018-07-20,0.009070277214050293,-0.01741170883178711,0.02389812469482422,0.016959428787231445,0.013157844543457031,-0.004978775978088379,-0.002662837505340576,-0.007671356201171875,0.028017163276672363,0.009737074375152588
2018-07-23,0.013483166694641113,-0.00560450553894043,0.0057593584060668945,-0.0169907808303833,-0.03159242868423462,-0.0013114213943481445,0.020631074905395508,-0.0045326948165893555,-0.017255187034606934,-0.023107171058654785
2018-07-24,-0.08203995227813721,0.013136982917785645,0.01567208766937256,0.04735064506530762,0.040802717208862305,0.006839334964752197,0.008799076080322266,0.0033156275749206543,-0.01132267713546753,-0.013085007667541504
2018-07-25,-0.008196711540222168,-0.02753126621246338,0.004747748374938965,0.0009984970092773438,0.003472447395324707,-0.004981637001037598,-0.011786878108978271,0.008754372596740723,-0.016597509384155273,0.006629228591918945
2018-07-26,-0.026422739028930664,-0.012133181095123291,-0.0075310468673706055,0.003020167350769043,-0.0443493127822876,-0.00029158592224121094,0.011211752891540527,0.00847846269607544,0.001181483268737793,-0.011651396751403809
2018-07-27,0.009900987148284912,0.01133739948272705,0.00014889240264892578,0.014724135398864746,-0.003906965255737305,-0.009036540985107422,-0.015569746494293213,0.010663151741027832,0.021577835083007812,0.0112762451171875
2018-07-30,0.018000006675720215,-0.016919314861297607,-0.01636415719985962,-0.00713270902633667,-0.012054026126861572,0.0005778074264526367,-0.008147597312927246,-0.0004372596740722656,0.01683175563812256,-0.005068421363830566
2018-07-31,-0.0,0.019005417823791504,0.01043546199798584,0.027090787887573242,0.041251182556152344,0.009249866008758545,0.009181022644042969,0.002262711524963379,-0.04024660587310791,0.012226104736328125
2018-08-01,-0.018329977989196777,0.013988137245178223,-0.008082568645477295,-0.03345078229904175,0.04845154285430908,0.005981028079986572,-0.0050275325775146484,-0.018709421157836914,-0.0006240606307983398,0.00301969051361084
2018-08-02,0.0059999823570251465,-0.018495798110961914,-0.0003018379211425781,-0.03336554765701294,-0.02279585599899292,-0.0036689043045043945,0.00012028217315673828,0.014217019081115723,0.018553197383880615,0.006021022796630859
2018-08-03,-0.04024147987365723,0.0032274723052978516,0.00769805908203125,-0.03760319948196411,0.018789172172546387,-0.02792811393737793,0.0033682584762573242,-0.01593613624572754,0.009690165519714355,-0.003990054130554199
2018-08-06,-0.009671211242675781,-0.007368206977844238,-0.002546370029449463,0.02891838550567627,-0.021650075912475586,0.016642987728118896,0.02517688274383545,0.0019701719284057617,-0.006737112998962402,-0.00300443172454834
2018-08-07,0.028735637664794922,0.012859344482421875,0.00540614128112793,-0.023632943630218506,0.013659954071044922,-0.0015912055969238281,0.00783538818359375,0.004150807857513428,0.013065576553344727,0.0015066862106323242
2018-08-08,-0.019723892211914062,-0.004438459873199463,-0.0038834810256958008,0.011851191520690918,-0.03593569993972778,-0.00014448165893554688,-0.022743046283721924,-0.0033801794052124023,0.007588028907775879,0.003510594367980957
2018-08-09,0.02127659320831299,-0.008190810680389404,0.012745499610900879,-0.006863892078399658,0.001025080680847168,-0.0033212900161743164,-0.0021372437477111816,-0.00017726421356201172,0.012363791465759277,0.00099945068359375
2018-08-10,-0.0059288740158081055,0.00982654094696045,0.0039975643157958984,0.005558490753173828,0.002141118049621582,0.008779525756835938,0.010709166526794434,-0.009496808052062988,0.0003293752670288086,0.0004992485046386719
2018-08-13,-0.013752460479736328,0.017598390579223633,0.016811728477478027,0.008686423301696777,0.014026880264282227,-0.01190650463104248,0.002825498580932617,-0.0035371780395507812,-0.02257370948791504,0.010978102684020996
2018-08-14,-0.036821722984313965,0.01698887348175049,-0.00043505430221557617,0.03499770164489746,-0.004671990871429443,-0.021236896514892578,0.01901853084564209,-0.0016999244689941406,-0.020303010940551758,0.010858774185180664
2018-08-16,0.018691599369049072,-0.002500772476196289,0.015089869499206543,0.009973406791687012,0.021813154220581055,-0.0011240243911743164,-0.00023043155670166016,-0.0024706125259399414,0.006317138671875,-0.01953125
2018-08-17,-0.013333320617675781,0.005816221237182617,0.0005718469619750977,0.025020122528076172,-0.00045037269592285156,-0.0037894248962402344,0.004609346389770508,-0.002115964889526367,-0.029720306396484375,0.0024900436401367188
2018-08-20,0.011278212070465088,-0.014755725860595703,-0.03214287757873535,0.017914652824401855,0.009822487831115723,-0.004893779754638672,-0.0006881952285766602,0.0013911724090576172,-0.00030863285064697266,0.017387032508850098
2018-08-21,-0.04562735557556152,0.016595840454101562,-0.00029522180557250977,0.009969472885131836,-0.000535428524017334,0.003200232982635498,-0.02594125270843506,-0.003831028938293457,-0.032556772232055664,0.01416015625
2018-08-23,0.01272726058959961,0.020903825759887695,0.009744644165039062,-0.0013161301612854004,0.018839240074157715,-0.011306524276733398,0.02828192710876465,-0.00864863395690918,-0.025254011154174805,0.002888798713684082
2018-08-24,0.01289135217666626,-0.002242565155029297,-0.01359856128692627,-0.02981024980545044,0.031548500061035156,-0.000966191291809082,-0.010084807872772217,-0.0038819313049316406,0.01151430606842041,0.008161306381225586
2018-08-27,-0.0018656253814697266,0.015342473983764648,0.02683079242706299,0.010296463966369629,0.011044144630432129,0.0002757906913757324,-0.017828166484832764,-0.0038667917251586914,-0.0280153751373291,0.01238095760345459
2018-08-28,-0.0,0.0016361474990844727,0.00664067268371582,-0.0031461715698242188,-0.01697331666946411,-0.013517260551452637,-0.0014144182205200195,-0.008922934532165527,0.0025817155838012695,-0.0004703998565673828
2018-08-29,0.00931096076965332,-0.007590949535369873,-0.01032555103302002,-0.033017754554748535,-0.0004273653030395508,-0.004627108573913574,-0.008852720260620117,-0.001353144645690918,0.002300858497619629,0.0037647485733032227
2018-08-30,-0.01879703998565674,-0.01578235626220703,0.00434720516204834,0.004072904586791992,0.010860204696655273,-0.003522038459777832,0.0027390718460083008,-0.0050193071365356445,0.003603339195251465,0.007501125335693359
2018-08-31,-0.03874540328979492,0.029414653778076172,0.017602086067199707,-0.0010557770729064941,-0.0005921125411987305,0.0031047463417053223,-0.017102181911468506,0.0019208788871765137,-0.04817008972167969,0.007445335388183594
2018-09-03,0.01776200532913208,0.00258028507232666,-0.004820585250854492,-0.013683736324310303,-0.009988188743591309,0.011780619621276855,0.011599898338317871,-0.012269079685211182,0.02732539176940918,-0.02355659008026123
2018-09-04,0.012658238410949707,0.025927066802978516,0.027924180030822754,-0.04664015769958496,0.016928911209106445,-0.04192930459976196,0.0028666257858276367,-0.02240729331970215,-0.025397300720214844,-0.016245484352111816
2018-09-05,0.012820541858673096,0.0024156570434570312,-0.009840548038482666,-0.007920980453491211,-0.02463430166244507,0.025171637535095215,-0.042401134967803955,0.009361982345581055,-0.00304412841796875,-0.017318010330200195
2018-09-06,-0.0055658817291259766,0.009176015853881836,-0.0037794113159179688,-0.005452871322631836,0.00594782829284668,0.007393956184387207,-0.05273640155792236,0.00189971923828125,-0.012001633644104004,-0.00742030143737793
2018-09-07,-0.01291513442993164,-0.01368480920791626,0.007868409156799316,-0.04484915733337402,-0.00539851188659668,0.024096369743347168,-0.027410149574279785,-0.0021924972534179688,0.0038167834281921387,-0.010831832885742188
2018-09-10,-0.02185797691345215,0.013781428337097168,-0.002648770809173584,0.023612022399902344,-0.0003445148468017578,-0.0027045011520385742,-0.01770937442779541,-0.00043272972106933594,0.007936477661132812,-0.0012859106063842773
2018-09-11,-0.05882352590560913,-0.0033066868782043457,0.0046128034591674805,0.015401005744934082,0.017581582069396973,0.009762763977050781,0.008700549602508545,-0.016580581665039062,0.025793135166168213,0.0029966235160827637
2018-09-12,0.0018939971923828125,0.001566767692565918,0.011826872825622559,0.0051081180572509766,-0.001863241195678711,0.018933773040771484,0.04092097282409668,-0.0011240243911743164,0.01033550500869751,-0.014598608016967773
2018-09-14,0.009451746940612793,-0.014814198017120361,-0.012376248836517334,-0.0001596212387084961,-0.016037344932556152,-0.003821849822998047,-0.0076062679290771484,0.010494351387023926,-0.029041528701782227,-0.004655003547668457
2018-09-17,0.007490634918212891,0.007191658020019531,-0.0105820894241333,0.007633864879608154,-0.01077955961227417,-0.059134840965270996,-0.0,0.004236459732055664,-0.009731650352478027,0.0012636184692382812
2018-09-18,-0.02788102626800537,0.005100131034851074,-0.009428560733795166,0.009917199611663818,-0.008717656135559082,-0.053959548473358154,0.018636465072631836,-0.0016391873359680176,0.017348170280456543,-0.007591724395751953
2018-09-19,-0.026768624782562256,0.003136873245239258,0.0008523464202880859,0.0054413676261901855,0.008706331253051758,-0.038288891315460205,0.008653879165649414,0.003452777862548828,-0.02087712287902832,-0.0008372068405151367
2018-09-21,-0.045186638832092285,-0.002207338809967041,-0.020014166831970215,-0.01096963882446289,-0.03199648857116699,-0.0245743989944458,0.016003906726837158,0.012151718139648438,-0.04295909404754639,-0.007528185844421387
2018-09-24,0.010288119316101074,0.010507941246032715,0.018250226974487305,-0.022131919860839844,0.000990748405456543,0.016326546669006348,-0.004189252853393555,-0.04531300067901611,0.01893019676208496,0.007471919059753418
2018-09-25,-0.010183274745941162,0.01824319362640381,0.011095285415649414,0.008771717548370361,0.00044989585876464844,0.007616639137268066,0.0067484378814697266,0.0069367289543151855,0.00999295711517334,-0.013383567333221436
2018-09-26,-0.039094626903533936,-0.02347046136856079,-0.01153630018234253,0.004863142967224121,-0.007644593715667725,-0.03669595718383789,0.020630061626434326,0.0188027024269104,-0.013517200946807861,-0.027554035186767578
2018-09-27,-0.04068523645401001,0.001926422119140625,0.009678363800048828,0.000293731689453125,-0.01812577247619629,0.006277680397033691,0.01702827215194702,-0.021800637245178223,-0.003814101219177246,-0.0008718371391296387
2018-09-28,-0.020089268684387207,-0.004028499126434326,0.007330060005187988,-0.024147868156433105,0.011906981468200684,-0.017864763736724854,-0.011677145957946777,0.002352893352508545,-0.0008508563041687012,0.016143083572387695
2018-10-01,-0.06378138065338135,0.009744405746459961,0.02267003059387207,-0.008502840995788574,-0.011858046054840088,0.024685978889465332,0.038305461406707764,-0.03290295600891113,0.019585609436035156,0.018892288208007812
2018-10-03,-0.034261226654052734,-0.006463944911956787,-0.024220049381256104,0.012181282043457031,-0.000461578369140625,0.009721040725708008,0.024004220962524414,-0.041098594665527344,-0.012806236743927002,-0.00842815637588501
2018-10-04,0.008281588554382324,-0.013012051582336426,-0.029308617115020752,0.02314436435699463,-0.010251283645629883,-0.02023160457611084,0.031216204166412354,-0.04533374309539795,-0.04201912879943848,-0.005524873733520508
2018-10-05,0.02922755479812622,0.006406068801879883,0.02470386028289795,0.030125200748443604,-0.025193631649017334,0.014098525047302246,0.00502169132232666,0.018331050872802734,-0.00765383243560791,-0.0008546710014343262
2018-10-08,0.03225809335708618,-0.010977864265441895,-0.014098405838012695,0.01865309476852417,-0.020962893962860107,-0.03229886293411255,-0.005046963691711426,-0.011937260627746582,-0.02862650156021118,-0.02437978982925415
2018-10-09,0.006666660308837891,-0.003451108932495117,0.004575967788696289,0.024583280086517334,-0.03216654062271118,0.01567256450653076,0.004324197769165039,0.0068590641021728516,0.0018322467803955078,0.013152122497558594
2018-10-10,-0.06711411476135254,-0.01553720235824585,-0.024056971073150635,-0.03631746768951416,0.014041781425476074,0.005143642425537109,0.026618123054504395,-0.023042380809783936,0.004877328872680664,-0.017308533191680908
2018-10-11,-0.11530399322509766,-0.04069221019744873,-0.03865230083465576,-0.0444604754447937,-0.0520024299621582,-0.02075338363647461,0.012377619743347168,-0.03114604949951172,-0.005763649940490723,-0.009247064590454102
2018-10-12,-0.00947868824005127,-0.02368682622909546,0.0080413818359375,0.028716325759887695,-0.017864644527435303,0.009290218353271484,-0.003497481346130371,-0.03113710880279541,-0.0024408698081970215,0.010222196578979492
2018-10-15,0.04784691333770752,0.01806926727294922,0.029500246047973633,0.021679997444152832,-0.08078324794769287,-0.005177617073059082,0.01931452751159668,0.01626431941986084,0.0010703802108764648,0.011878609657287598
2018-10-16,0.041095852851867676,0.0004985332489013672,-0.005116939544677734,0.007960915565490723,-0.04296612739562988,0.01720404624938965,-0.02472972869873047,0.00656580924987793,0.036205291748046875,-0.0030434727668762207
2018-10-17,0.04605257511138916,0.020729422569274902,0.014548182487487793,0.008558511734008789,0.005410492420196533,-0.017907917499542236,0.008381485939025879,-0.016766071319580078,0.0026537179946899414,0.013083338737487793
2018-10-19,0.037735819816589355,-0.06414759159088135,-0.03085172176361084,-0.048923492431640625,0.05249100923538208,-0.027496397495269775,0.03701549768447876,-0.008396446704864502,-0.04293477535247803,0.0
2018-10-22,0.006060600280761719,0.022430896759033203,-0.0053803324699401855,-0.01827526092529297,-0.0079573392868042,-0.01279759407043457,-0.15314769744873047,-0.0053313374519348145,-0.02150869369506836,-0.003013312816619873
2018-10-23,-0.01606428623199463,-0.029081642627716064,-0.03275728225708008,-0.008153319358825684,0.01019287109375,-0.017636418342590332,-0.010721921920776367,-0.031187593936920166,-0.012717902660369873,-0.04058724641799927
2018-10-24,0.0,0.03068840503692627,-0.01196211576461792,-0.02271658182144165,0.041998982429504395,0.009973883628845215,0.034320831298828125,0.00263059139251709,-0.0014312267303466797,-0.0009000897407531738
2018-10-25,-0.034693896770477295,0.02457427978515625,-0.0015723109245300293,-0.01172780990600586,0.05258721113204956,-0.034639954566955566,-0.023401975631713867,0.002434372901916504,-0.025004029273986816,0.031081080436706543
2018-10-26,0.008456707000732422,-0.03801751136779785,-0.023307085037231445,0.010646700859069824,-0.04160177707672119,-0.01935786008834839,-0.004470646381378174,-0.029087960720062256,0.003103494644165039,0.006553053855895996
2018-10-29,0.05031442642211914,0.01965653896331787,0.01757490634918213,0.02342367172241211,0.032998740673065186,-0.0030492544174194336,-0.008981525897979736,0.03996443748474121,0.01742386817932129,0.027777791023254395
2018-10-30,-0.0339321494102478,0.019480586051940918,0.022975802421569824,-0.0031558871269226074,0.02540034055709839,-0.004829347133636475,0.0063440799713134766,0.012720465660095215,0.03281044960021973,-0.006334483623504639
2018-10-31,0.014462828636169434,0.05055725574493408,0.04073739051818848,0.04529845714569092,-0.0353541374206543,0.03105795383453369,0.020172953605651855,0.022878408432006836,-0.08957076072692871,0.01147472858428955
2018-11-01,-0.02443993091583252,-0.04424017667770386,-0.028724610805511475,-0.0005094408988952637,0.015103399753570557,-0.02416062355041504,-0.012711882591247559,-0.0012382864952087402,0.03242778778076172,-0.004201710224151611
2018-11-02,-0.008350729942321777,-0.004262089729309082,-0.0067421793937683105,-0.03551304340362549,0.024113774299621582,0.0011254549026489258,0.0017882585525512695,-0.011520087718963623,0.04306924343109131,-0.034599125385284424
2018-11-05,0.008421063423156738,0.01602625846862793,0.005708098411560059,-0.010776042938232422,0.01002049446105957,-0.008190155029296875,0.005355238914489746,-0.011811137199401855,-0.008294939994812012,0.018356680870056152
2018-11-06,-0.025052189826965332,0.00803375244140625,0.0006135702133178711,0.00222623348236084,0.035771846771240234,0.00987696647644043,-0.006747126579284668,0.02213287353515625,0.002742290496826172,0.0021458864212036133
2018-11-09,0.0021413564682006836,-0.0009719133377075195,-0.010424613952636719,0.01851034164428711,-0.04437553882598877,0.00208437442779541,-0.00035756826400756836,-0.012159168720245361,-0.018942952156066895,-0.00042831897735595703
2018-11-12,0.01923072338104248,0.008658409118652344,0.007126212120056152,-0.00561213493347168,-0.02535700798034668,-0.007359981536865234,-0.015736758708953857,0.0029593706130981445,-0.025637149810791016,-0.004284501075744629
2018-11-13,-0.0146750807762146,-0.0034723281860351562,0.002307295799255371,-0.003859996795654297,0.005124270915985107,-0.0066086649894714355,-0.019985437393188477,0.010496854782104492,-0.004970073699951172,0.00817561149597168
2018-11-14,-0.023404240608215332,-0.03493994474411011,-0.01872307062149048,-0.021018683910369873,0.011980712413787842,-0.018822014331817627,0.009084105491638184,-0.02806270122528076,0.03970909118652344,-0.004694879055023193
2018-11-15,0.0,-0.00842440128326416,0.0048482418060302734,-0.019940614700317383,0.008046269416809082,0.009922266006469727,-0.011941969394683838,-0.004147529602050781,-0.021811485290527344,-0.0038593411445617676
2018-11-16,-0.0174291729927063,0.033882856369018555,-0.008404731750488281,0.001958131790161133,-0.0068547725677490234,0.02832818031311035,0.026775836944580078,0.007341742515563965,-0.01897430419921875,0.009039998054504395
2018-11-19,0.0044345855712890625,0.01751124858856201,0.0012557506561279297,0.001740574836730957,0.005333065986633301,-0.025159239768981934,0.01195216178894043,0.00840139389038086,-0.006546378135681152,0.020477771759033203
2018-11-20,-0.02207505702972412,-0.029997050762176514,-0.015833258628845215,-0.033165693283081055,0.02087610960006714,-0.015191137790679932,-0.013242602348327637,-0.01272040605545044,0.032374680042266846,-0.03469902276992798
2018-11-21,-0.020316004753112793,-0.023590087890625,-0.034724414348602295,-0.03991544246673584,0.028661251068115234,-0.005141794681549072,-0.01940518617630005,-0.035272181034088135,0.0279313325881958,-0.022087454795837402
2018-11-22,-0.027649760246276855,-0.006192266941070557,0.002640247344970703,0.01290595531463623,-0.025188922882080078,0.00250089168548584,0.024597764015197754,0.00030350685119628906,-0.00015366077423095703,-0.022586405277252197
2018-11-26,0.02132701873779297,0.021961212158203125,0.00115203857421875,0.019452691078186035,0.01287001371383667,-0.007317483425140381,0.018592000007629395,0.018509745597839355,-0.005530714988708496,0.03670144081115723
2018-11-27,0.01624131202697754,0.022588729858398438,0.02811121940612793,0.010049700736999512,0.012326657772064209,-0.0038532614707946777,0.0012404918670654297,0.02391529083251953,0.0004583597183227539,-0.020104944705963135
2018-11-28,0.0022830963134765625,0.019548416137695312,0.043012380599975586,0.027707815170288086,-0.059522390365600586,0.025058865547180176,-0.06566369533538818,-0.04954373836517334,-0.005044341087341309,-0.005352377891540527
2018-11-29,-0.011389493942260742,-0.02847278118133545,-0.008125066757202148,-0.02552086114883423,0.003624439239501953,-0.02149301767349243,0.009466767311096191,0.011769711971282959,0.014904916286468506,0.01524662971496582
2018-11-30,0.004608273506164551,0.0015788078308105469,0.009737253189086914,-0.012953102588653564,-0.056723833084106445,0.01039576530456543,-0.015425801277160645,-0.003927469253540039,-0.02794504165649414,0.030477046966552734
2018-12-03,0.011467933654785156,0.0031527280807495117,0.004438996315002441,0.002261519432067871,0.004948318004608154,-0.0021573305130004883,0.0019814372062683105,-0.007189154624938965,-0.009912967681884766,0.011144399642944336
2018-12-04,0.011337876319885254,0.017678141593933105,0.022096872329711914,0.001398324966430664,-0.003675699234008789,-0.041077613830566406,-0.006287217140197754,-0.014351248741149902,-0.01591312885284424,0.02034759521484375
2018-12-05,-0.002242147922515869,0.014283061027526855,-0.005516648292541504,-0.01872420310974121,0.016910851001739502,-0.00015974044799804688,0.004274964332580566,0.0020389556884765625,-0.004684567451477051,0.004985451698303223
2018-12-06,-0.02921348810195923,-0.036631762981414795,-0.01904052495956421,-0.023059546947479248,-0.01972174644470215,-0.00015974044799804688,0.0016512274742126465,0.007001399993896484,-0.043566882610321045,-0.014882147312164307
2018-12-07,0.009259223937988281,-0.04997527599334717,0.021396875381469727,-0.009964525699615479,0.022026419639587402,-0.004631161689758301,-0.012570381164550781,-0.0012545585632324219,-0.003199338912963867,0.0050356388092041016
2018-12-10,-0.03211009502410889,-0.020688235759735107,-0.01990121603012085,-0.012739956378936768,0.033728837966918945,0.03131455183029175,0.027768731117248535,0.009723305702209473,-0.009475767612457275,-0.02004176378250122
2018-12-11,-0.04976308345794678,0.015711188316345215,0.007938981056213379,0.0340728759765625,-0.01785111427307129,-0.01361989974975586,-0.02486562728881836,-0.01224815845489502,0.011109471321105957,0.0042607784271240234
2018-12-12,-0.0022573471069335938,0.015050172805786133,0.005907297134399414,-0.06357467174530029,0.002792656421661377,-0.03658735752105713,-0.008524656295776367,-0.0084000825881958,0.01510763168334961,0.006788372993469238
2018-12-13,-0.011261224746704102,0.007001638412475586,0.028459548950195312,-0.0769277811050415,-0.009521722793579102,0.009995341300964355,-0.002925872802734375,0.016957581043243408,0.005862832069396973,0.025284409523010254
2018-12-14,-0.015590190887451172,-0.017177879810333252,0.011859416961669922,-0.035115838050842285,0.002219259738922119,-0.00820314884185791,0.006320953369140625,-0.003606438636779785,0.004184842109680176,-0.016440629959106445
2018-12-17,-0.015350818634033203,0.010819792747497559,-0.01649540662765503,0.03839993476867676,-0.004670858383178711,0.014864683151245117,0.006687283515930176,-0.0022867918014526367,0.011013507843017578,0.019640564918518066
2018-12-18,0.02591794729232788,0.013997554779052734,-0.025599539279937744,0.024390995502471924,-0.031104683876037598,-0.018742084503173828,-0.011822700500488281,0.003234267234802246,-0.015457093715667725,-0.013114750385284424
2018-12-19,-0.0044345855712890625,-0.028522193431854248,-0.01736372709274292,0.004269838333129883,0.014385402202606201,-0.008263230323791504,-0.0009737014770507812,0.009759306907653809,0.0005980730056762695,0.017026543617248535
2018-12-20,0.004415035247802734,0.0025075674057006836,0.0032268762588500977,-0.011563301086425781,0.006535232067108154,-0.002474069595336914,0.008106350898742676,0.007315337657928467,-0.0023909807205200195,-0.022049784660339355
2018-12-21,0.013303756713867188,-0.005315244197845459,-0.03124523162841797,0.02028942108154297,0.018090128898620605,0.005553007125854492,0.0008172392845153809,0.029809892177581787,-0.01767522096633911,-0.03340291976928711
2018-12-24,-0.004494428634643555,-0.017393171787261963,0.004426836967468262,-0.011608123779296875,-0.054376959800720215,0.0003102421760559082,-0.021756887435913086,-0.011973857879638672,0.003202199935913086,0.01382291316986084
2018-12-26,-0.002237081527709961,0.005331635475158691,-0.007712841033935547,0.010147452354431152,0.0034946203231811523,0.02885955572128296,-0.008325338363647461,0.015272378921508789,-0.006536006927490234,-0.0017042756080627441
2018-12-27,-0.026785731315612793,0.006363987922668457,0.0198286771774292,-0.0006556510925292969,0.03390014171600342,-0.030356287956237793,-0.00031757354736328125,-0.010454177856445312,0.023102879524230957,0.004268050193786621
2018-12-28,-0.004347801208496094,0.010012626647949219,0.00015544891357421875,-0.031032204627990723,-0.02353978157043457,0.0007753372192382812,-0.0006349086761474609,0.006757616996765137,0.007477164268493652,0.008499741554260254
2018-12-31,0.004329025745391846,0.006261110305786133,0.0031104087829589844,-0.00011551380157470703,-0.015153169631958008,-0.013811349868774414,0.012373149394989014,0.0015822649002075195,0.01335906982421875,0.0025284290313720703
2019-01-01,-0.002173900604248047,-0.004666626453399658,0.009302377700805664,0.01025301218032837,0.013338983058929443,-0.006275773048400879,-0.005621552467346191,-0.005150437355041504,-0.005859076976776123,-0.013451039791107178
2019-01-02,-0.0,-0.014065444469451904,0.005990862846374512,-0.011730790138244629,0.01706010103225708,0.005324006080627441,0.0014374256134033203,-0.010773539543151855,-0.010166525840759277,-0.002982497215270996
2019-01-03,0.017353594303131104,0.0021134614944458008,0.00015270709991455078,-0.00265347957611084,0.043445050716400146,0.03349137306213379,0.018554091453552246,0.012140631675720215,-0.030515015125274658,-0.0004273653030395508
2019-01-04,0.008830010890960693,-0.016872286796569824,-0.01221376657485962,0.025860846042633057,0.020540893077850342,-0.0011075735092163086,-0.059159040451049805,0.012158215045928955,-0.015200316905975342,-0.002992689609527588
2019-01-07,-0.017817378044128418,0.009868025779724121,0.016228795051574707,-0.009744882583618164,0.005825459957122803,0.0006322264671325684,-0.012298583984375,-0.011215567588806152,0.009822249412536621,-0.0008575916290283203
2019-01-08,0.015317261219024658,0.0038236379623413086,-0.0024334192276000977,0.012575328350067139,0.0005859732627868652,0.00427013635635376,0.0,0.0022919774055480957,0.003551006317138672,0.004291892051696777
2019-01-09,-0.03333330154418945,-0.007089138031005859,0.0089951753616333,-0.03995382785797119,0.02286583185195923,-0.00524139404296875,-0.009119629859924316,0.003485560417175293,0.005846142768859863,0.010683774948120117
2019-01-10,0.008602142333984375,-0.002770721912384033,0.005288600921630859,-0.0195084810256958,0.0016800165176391602,-0.010744214057922363,-0.004778802394866943,-0.000847935676574707,0.0012235641479492188,-0.01014798879623413
2019-01-11,-0.008676767349243164,0.004488110542297363,0.005561470985412598,0.03279519081115723,0.00516897439956665,-0.0006252527236938477,-0.026142656803131104,0.024357318878173828,0.007027268409729004,0.008970499038696289
2019-01-14,-0.021505355834960938,-0.002978682518005371,0.02690577507019043,0.001155257225036621,0.026824474334716797,0.004842996597290039,0.006939411163330078,0.015901923179626465,-0.02882283926010132,-0.04911088943481445
2019-01-15,0.002105236053466797,0.011203527450561523,-0.035225629806518555,-0.0014747381210327148,-0.0,-0.01193094253540039,-0.0038085579872131348,-0.03008413314819336,-0.04045605659484863,-0.05565452575683594
2019-01-16,-0.02109706401824951,-0.01002424955368042,-0.014060735702514648,-0.02148115634918213,0.016141057014465332,-0.006205439567565918,0.004551291465759277,-0.0012581348419189453,0.009458005428314209,-0.020244598388671875
2019-01-17,-0.010330557823181152,0.017586827278137207,0.004714369773864746,-0.006698966026306152,-0.04631495475769043,-0.003391861915588379,-0.0034431815147399902,-0.01291346549987793,-0.008487462997436523,0.0033071041107177734
2019-01-18,-0.0020450353622436523,0.012150406837463379,0.0032042264938354492,-0.01485288143157959,0.03437459468841553,0.022741258144378662,0.0016366243362426758,-0.0033521652221679688,-0.005259990692138672,-0.0319368839263916
2019-01-21,-0.036734700202941895,-0.0006209015846252441,-0.019147515296936035,0.015188813209533691,-0.006620049476623535,-0.019968509674072266,-0.01053011417388916,-0.004235386848449707,-0.0070264339447021484,0.02411574125289917
2019-01-22,-0.019685029983520508,-0.02588796615600586,-0.0005484819412231445,0.0011237263679504395,0.007072865962982178,-0.00046241283416748047,-0.0003669857978820801,0.0035625696182250977,-0.00044548511505126953,-0.0255354642868042
2019-01-23,0.015444040298461914,0.003933310508728027,0.01836615800857544,0.011728048324584961,-0.03274178504943848,-0.024499177932739258,-0.00018352270126342773,0.013828277587890625,-0.009496927261352539,-0.014859437942504883
2019-01-24,-0.019607901573181152,0.002117753028869629,-0.0004189014434814453,0.0056632161140441895,-0.027710556983947754,-0.007670283317565918,0.013218283653259277,-0.013835668563842773,-0.01014256477355957,-0.00039577484130859375
2019-01-25,0.0038461685180664062,0.02430260181427002,0.0022330284118652344,0.019204378128051758,0.00047093629837036133,0.024776101112365723,0.018300414085388184,-0.010123372077941895,-0.0018917322158813477,-0.004746794700622559
2019-01-28,0.0038610100746154785,0.008665084838867188,0.0033571720123291016,0.006273865699768066,-0.023206472396850586,-0.005509614944458008,0.005338072776794434,-0.017805099487304688,-0.008714556694030762,-0.004724383354187012
2019-01-29,-0.011627912521362305,0.010840654373168945,-0.0,-0.0047571659088134766,-0.035919904708862305,-0.0060882568359375,0.03256642818450928,-0.014194369316101074,0.005183577537536621,-0.011755585670471191
2019-01-30,0.015325665473937988,-0.030352115631103516,0.002807021141052246,-0.012304186820983887,-0.041898250579833984,-0.005900144577026367,0.031539201736450195,0.0006808638572692871,0.024026691913604736,-0.011231541633605957
2019-01-31,-0.0194551944732666,0.012961506843566895,-0.032653093338012695,-0.01674509048461914,0.00896000862121582,-0.009023904800415039,0.0004985332489013672,-0.016503453254699707,-0.025211334228515625,-0.01608574390411377
2019-02-01,-0.007633566856384277,-0.03840041160583496,-0.009949564933776855,-0.004486441612243652,-0.007426619529724121,0.0017886161804199219,0.027736306190490723,-0.007869482040405273,-0.020830392837524414,-0.006784796714782715
2019-02-04,0.0075757503509521484,-0.0009580850601196289,0.0014844536781311035,0.007943511009216309,-0.007158160209655762,-0.00029861927032470703,0.03393661975860596,-0.010000228881835938,-0.0035425424575805664,0.0011232495307922363
2019-02-05,-0.009541988372802734,-0.00277554988861084,0.0013515353202819824,-0.03425097465515137,-0.0012729167938232422,-0.009105801582336426,0.007502317428588867,0.002780139446258545,-0.002541661262512207,0.007496237754821777
2019-02-06,0.018903613090515137,-0.007158517837524414,-0.011097550392150879,-0.018872618675231934,-0.008899211883544922,-0.014349102973937988,0.02109837532043457,-0.014795422554016113,-0.08352112770080566,-0.009818792343139648
2019-02-07,-0.013487458229064941,-0.0072972774505615234,-0.0009369850158691406,-0.011952042579650879,0.003570258617401123,0.010937750339508057,-0.01534491777420044,-0.0039038658142089844,0.008059263229370117,-0.004113674163818359
2019-02-08,0.0038022994995117188,-0.005174517631530762,0.004011750221252441,0.01630014181137085,0.0031615495681762695,-0.02993220090866089,-0.018361330032348633,0.010322153568267822,-0.0006551742553710938,0.002607107162475586
2019-02-11,-0.011450409889221191,-0.010202169418334961,-0.0024167299270629883,0.024746716022491455,0.02399832010269165,0.015959858894348145,0.002829313278198242,-0.0021829605102539062,-0.004976511001586914,-0.0011203289031982422
2019-02-12,0.022641479969024658,0.018993794918060303,0.016072869300842285,0.003927290439605713,-0.02610480785369873,0.0059844255447387695,0.010031342506408691,0.006921827793121338,0.005473017692565918,-0.005221962928771973
2019-02-13,-0.009652495384216309,-0.010672330856323242,-0.005853533744812012,-0.0006990432739257812,-0.014778852462768555,0.001784682273864746,-0.00232774019241333,-0.006726384162902832,-0.005896210670471191,-0.006678938865661621
2019-02-14,0.0019120573997497559,0.008223474025726318,0.019623756408691406,0.011261403560638428,-0.013419389724731445,-0.05270189046859741,0.018665432929992676,0.01007068157196045,0.004949808120727539,0.006634652614593506
2019-02-15,0.030651330947875977,0.0038632750511169434,-0.0024847984313964844,-0.006726384162902832,-0.005132436752319336,0.0017238855361938477,-0.017865359783172607,0.007287502288818359,0.007985413074493408,-0.002968430519104004
2019-02-18,-0.013833999633789062,0.010310173034667969,0.0011016130447387695,0.01855647563934326,0.012561261653900146,-0.028786003589630127,-0.00497514009475708,-0.02926534414291382,-0.0048825740814208984,0.001479804515838623
2019-02-19,0.00389862060546875,0.00697702169418335,0.02260822057723999,0.005606412887573242,-0.003309488296508789,-0.015141725540161133,0.0009374618530273438,-0.033243656158447266,0.016021013259887695,-0.03186368942260742
2019-02-20,-0.01174163818359375,-0.018190622329711914,-0.022567033767700195,0.0015532970428466797,0.0032985806465148926,-0.00032711029052734375,-0.0279424786567688,0.005223631858825684,-0.028026103973388672,0.023344874382019043
2019-02-21,-0.0,0.004253685474395752,0.00979304313659668,0.005733191967010498,0.022235989570617676,-0.005890071392059326,0.007547736167907715,-0.0002872943878173828,-0.010515451431274414,0.006731510162353516
2019-02-22,0.0058026909828186035,-0.012056112289428711,-0.002089381217956543,0.006027102470397949,0.003173232078552246,-0.003949940204620361,-0.04112213850021362,0.0059816837310791016,-0.006808876991271973,0.011515498161315918
2019-02-25,-0.023346304893493652,-0.015101790428161621,-0.02710592746734619,0.006296873092651367,-0.006791114807128906,0.015697240829467773,-0.0003323554992675781,-0.030898690223693848,-0.0057419538497924805,0.017260432243347168
2019-02-26,-0.0019011497497558594,0.021622538566589355,0.016375720500946045,0.0029042959213256836,-0.004742860794067383,-0.008459389209747314,0.04822087287902832,-0.026975274085998535,-0.003298640251159668,0.005776166915893555
2019-02-27,-0.001897573471069336,-0.0014166831970214844,0.009768843650817871,-0.015564322471618652,-0.011014342308044434,0.008531570434570312,0.022208094596862793,-0.009515881538391113,0.009484052658081055,-0.034099042415618896
2019-02-28,-0.0,0.006036043167114258,0.0013894438743591309,0.0036503076553344727,-0.0032165050506591797,-0.0003253817558288574,0.016759753227233887,-0.03627139329910278,-0.00574493408203125,-0.01449275016784668
2019-03-01,-0.0018939971923828125,0.0012335777282714844,-0.01043546199798584,0.004943132400512695,0.008067071437835693,0.0009764432907104492,0.021062254905700684,0.006024837493896484,-0.00203096866607666,0.018099546432495117
2019-03-05,0.007561445236206055,9.495019912719727e-05,0.012668728828430176,0.0228806734085083,0.023876488208770752,0.020809650421142578,0.020328760147094727,-0.0036584138870239258,0.027109205722808838,-0.031851887702941895
2019-03-06,-0.0038095712661743164,0.008836150169372559,-0.0,0.013158679008483887,0.01986759901046753,-0.018792808055877686,-0.019044816493988037,0.005784392356872559,-0.017317652702331543,0.014537215232849121
2019-03-07,-0.003795027732849121,0.00833970308303833,0.013110220432281494,0.005757927894592285,-0.006102919578552246,-0.017854273319244385,-0.041218578815460205,0.0068514347076416016,0.019326746463775635,-0.030920088291168213
2019-03-08,0.007561445236206055,0.02464956045150757,0.01455622911453247,-0.004876852035522461,0.01689779758453369,-0.000330507755279541,0.010591864585876465,0.0046689510345458984,-0.004045963287353516,-0.041634202003479004
2019-03-11,-0.011428594589233398,0.004558920860290527,0.0015774965286254883,0.0005459785461425781,-0.013552308082580566,-0.0026450753211975098,0.04284834861755371,-0.0039055943489074707,0.005329489707946777,0.008120179176330566
2019-03-12,0.0018832683563232422,-0.008860945701599121,0.006032764911651611,0.010379374027252197,0.0027176737785339355,0.004972696304321289,0.017735719680786133,-0.0011664032936096191,0.00313645601272583,0.006041049957275391
2019-03-13,-0.005660414695739746,-0.014803171157836914,-0.0020231008529663086,-0.0013186931610107422,0.016023576259613037,-0.012040257453918457,-0.04806852340698242,-0.00593799352645874,0.019008934497833252,-0.013210594654083252
2019-03-14,0.009380877017974854,0.021005570888519287,0.0001442432403564453,-0.014333367347717285,0.01872164011001587,-0.012353897094726562,0.026697158813476562,-0.00654834508895874,0.002004563808441162,-0.004056811332702637
2019-03-15,-0.013257622718811035,-0.022449612617492676,-0.014423727989196777,0.022524774074554443,-0.03228724002838135,-0.00760650634765625,-0.007577955722808838,0.026441574096679688,-0.014327764511108398,0.025661945343017578
2019-03-18,0.014953255653381348,0.01680755615234375,0.011517107486724854,-0.03129154443740845,0.018482089042663574,-0.002554953098297119,-0.015122056007385254,-0.008406996726989746,0.013861358165740967,-0.02223992347717285
2019-03-19,-0.011385202407836914,-0.023913025856018066,-0.016973495483398438,-0.04308032989501953,-0.008913636207580566,0.0010246038436889648,-0.01581019163131714,0.0,-0.007898330688476562,-0.0008123517036437988
2019-03-20,0.0037523508071899414,-0.0016406774520874023,-0.023055195808410645,-0.015529870986938477,-0.008724451065063477,0.015694260597229004,-0.01312941312789917,-0.003831326961517334,0.006242573261260986,0.016260147094726562
2019-03-22,-0.0,0.012621641159057617,-0.005668520927429199,-0.00039136409759521484,0.011605024337768555,-0.008565664291381836,-0.012678086757659912,-0.004664897918701172,0.0014702677726745605,-0.003600001335144043
2019-03-25,0.007532954216003418,0.0070258378982543945,0.010585665702819824,-0.0024073123931884766,0.027802348136901855,-0.006776213645935059,0.00602412223815918,-0.010669887065887451,-0.001070857048034668,-0.01565641164779663
2019-03-26,0.007590115070343018,-0.016705989837646484,0.01028209924697876,-0.00138092041015625,-0.0027344226837158203,0.0020467042922973633,0.002836465835571289,-0.0008063316345214844,0.02473592758178711,-0.006117463111877441
2019-03-27,-0.005736112594604492,-0.008215785026550293,-0.0026674270629882812,-0.0018585920333862305,0.002272486686706543,0.0037447214126586914,-0.019484639167785645,-0.007439553737640381,0.007814645767211914,-0.0016413331031799316
2019-03-28,-0.015209078788757324,-0.038155555725097656,-0.01120138168334961,-0.0013165473937988281,-0.016399025917053223,-0.002374112606048584,0.020512819290161133,0.0164642333984375,-0.009258031845092773,0.0008220672607421875
2019-03-29,0.007490634918212891,-0.004155516624450684,-0.008169412612915039,-0.017571091651916504,-0.028347373008728027,0.007989168167114258,-0.011306524276733398,0.0006748437881469727,-0.0056133270263671875,0.0
2019-04-01,-0.007547140121459961,-0.021427154541015625,-0.015107870101928711,-0.0074884891510009766,0.004685103893280029,0.0008431673049926758,-0.0012706518173217773,0.014987587928771973,-0.012797832489013672,0.026694059371948242
2019-04-02,-0.011235952377319336,0.007292687892913818,-0.005682587623596191,-2.9206275939941406e-05,-0.005145072937011719,0.0077506303787231445,0.001908421516418457,-0.023453831672668457,-0.009140968322753906,0.0
2019-04-03,0.007407426834106445,-0.016324996948242188,0.008072137832641602,0.007082939147949219,0.01426708698272705,-0.029593706130981445,-0.0041269659996032715,-0.0,0.01931530237197876,0.0
2019-04-04,0.011194050312042236,0.020167768001556396,0.007052779197692871,0.018670201301574707,-0.00011050701141357422,-0.01380312442779541,-0.015620112419128418,-0.031164348125457764,0.0042108893394470215,-0.00959998369216919
2019-04-05,-0.016981124877929688,0.004735827445983887,-0.015161871910095215,0.011367380619049072,0.003203749656677246,-0.0009610652923583984,0.014572501182556152,0.01677834987640381,-0.0036829710006713867,0.011712431907653809
2019-04-08,-0.03339517116546631,-0.00320279598236084,-0.010495185852050781,0.004931986331939697,-0.0014407634735107422,-0.003680586814880371,0.0015959739685058594,0.01096034049987793,-0.013182997703552246,0.006387233734130859
2019-04-09,-0.003838777542114258,-0.019884943962097168,0.008655130863189697,-0.009517669677734375,-0.010513544082641602,-0.00031888484954833984,-0.004780113697052002,0.01002049446105957,-0.0030851364135742188,-0.03808009624481201
2019-04-10,0.0,0.01735091209411621,0.010342538356781006,0.007168829441070557,-0.010075569152832031,0.003665924072265625,0.0009607076644897461,-0.02450394630432129,-0.001069784164428711,-0.026365995407104492
2019-04-11,0.0,0.009010553359985352,0.013300716876983643,-0.006401419639587402,-0.016588926315307617,0.0019196867942810059,-0.003998696804046631,-0.010170340538024902,0.01228952407836914,-0.0011168718338012695
2019-04-12,0.0,0.004959583282470703,-0.006740093231201172,0.007596731185913086,0.021011054515838623,-0.00048089027404785156,-0.019110381603240967,-0.0024758577346801758,-0.0059506893157958984,-0.007437705993652344
2019-04-15,-0.0038535594940185547,-0.018275737762451172,-0.02705293893814087,0.014155566692352295,-0.003486156463623047,-0.01714193820953369,-0.0075310468673706055,-0.04904448986053467,-0.015595674514770508,-0.015134811401367188
2019-04-16,0.0038684606552124023,-0.0034445524215698242,-0.00463414192199707,-0.005299925804138184,0.014764904975891113,0.013860464096069336,0.016001343727111816,-0.008754134178161621,-0.0011913776397705078,0.023636341094970703
2019-04-18,0.013487458229064941,0.003974735736846924,-0.009734690189361572,-0.011585831642150879,0.002093672752380371,0.010381698608398438,0.021269679069519043,-0.008560895919799805,-0.002908945083618164,-0.0141526460647583
2019-04-22,0.0038022994995117188,0.0013604164123535156,0.005556344985961914,-0.010513901710510254,-0.0046378374099731445,0.0035506486892700195,0.00922095775604248,-0.0053021907806396484,-0.0064601898193359375,-0.011751770973205566
2019-04-23,-0.01325756311416626,-0.000817418098449707,0.009917855262756348,-0.011004209518432617,0.02011430263519287,0.0030774474143981934,0.0059860944747924805,0.0029609203338623047,0.000523984432220459,-0.009800434112548828
2019-04-24,0.005758166313171387,-0.033484578132629395,0.011363744735717773,-0.007414460182189941,-0.0019068717956542969,-0.009585738182067871,0.0,-0.013178348541259766,-0.017824292182922363,-0.006829619407653809
2019-04-25,-0.005725204944610596,0.004565894603729248,-0.010819852352142334,-0.007271528244018555,0.014778316020965576,0.002735733985900879,0.003131866455078125,-0.005289793014526367,0.002832770347595215,-0.0071402788162231445
2019-04-26,0.009596943855285645,-0.005292415618896484,0.01304173469543457,0.0005260705947875977,-0.007613658905029297,-0.004518270492553711,-0.0009365677833557129,-0.019840598106384277,-0.008522748947143555,0.001063525676727295
2019-04-30,-0.01711028814315796,-0.03825581073760986,0.017995595932006836,-0.00409388542175293,-0.011052250862121582,0.007389545440673828,-0.005937457084655762,-0.009738445281982422,-0.01613318920135498,-0.012775063514709473
2019-05-02,-0.007736921310424805,0.019690752029418945,-0.0273321270942688,-0.002562880516052246,-0.013720035552978516,-0.024599432945251465,-0.012260258197784424,0.019886374473571777,-0.0011341571807861328,0.016468048095703125
2019-05-03,-0.011695921421051025,0.01465517282485962,-0.009786128997802734,-0.02399420738220215,0.01078343391418457,0.00315248966217041,-0.012571632862091064,-0.03764551877975464,-0.0242919921875,0.009618878364562988
2019-05-06,-0.0059171319007873535,0.006124258041381836,-0.007200300693511963,0.012440919876098633,0.002447187900543213,-0.008269906044006348,0.011442303657531738,0.012124776840209961,0.0034829378128051758,0.0003597140312194824
2019-05-07,-0.003968238830566406,0.003785252571105957,0.008532404899597168,0.008583903312683105,0.0047948360443115234,0.009006023406982422,-0.00924152135848999,-0.002734243869781494,-0.006941795349121094,-0.010435342788696289
2019-05-08,-0.01394420862197876,-0.0007952451705932617,-0.0071912407875061035,-0.011279821395874023,0.013781487941741943,-0.003471076488494873,-0.020585358142852783,0.0004183053970336914,-0.01566338539123535,0.010327637195587158
2019-05-09,-0.006060600280761719,-0.0035316944122314453,0.0024144649505615234,-0.007016122341156006,0.007384657859802246,0.003648996353149414,0.0022988319396972656,0.00915062427520752,0.009468674659729004,-0.0007197856903076172
2019-05-10,0.012195110321044922,-0.0439908504486084,-0.0058089494705200195,0.007867217063903809,-0.004921555519104004,-0.018344104290008545,-0.002948939800262451,-0.016915619373321533,-0.00156325101852417,0.0021575093269348145
2019-05-13,0.0040160417556762695,-0.0027608871459960938,0.003990292549133301,0.0075702667236328125,-0.00045561790466308594,0.005218863487243652,0.0,-0.003300905227661133,0.011351704597473145,0.0039640069007873535
2019-05-14,0.003999948501586914,-0.014580965042114258,-0.00823277235031128,0.004151344299316406,-0.014002680778503418,0.007536411285400391,0.016266942024230957,-0.017099201679229736,-0.03444713354110718,0.01555711030960083
2019-05-15,0.00398409366607666,-0.0003746151924133301,0.003148674964904785,0.02369856834411621,0.00505220890045166,-0.004986703395843506,-0.016168177127838135,0.0014575719833374023,0.0002671480178833008,0.005880236625671387
2019-05-16,0.007936477661132812,0.00449681282043457,0.0238264799118042,0.025681138038635254,0.011735498905181885,0.007517576217651367,-0.003451049327850342,0.006371140480041504,-0.0012021660804748535,-0.008502721786499023
2019-05-17,-0.005905508995056152,-0.008860290050506592,-0.01254183053970337,-0.008346080780029297,0.0028545260429382324,-0.0004974007606506348,-0.0009894967079162598,-0.006307065486907959,-0.005884766578674316,-0.003299236297607422
2019-05-20,0.003960371017456055,0.010162830352783203,-0.002116858959197998,-0.015993714332580566,0.00034350156784057617,-0.003981411457061768,0.0,0.023145437240600586,-0.007264852523803711,-0.01315295696258545
2019-05-21,-0.019723892211914062,-0.0162087082862854,-0.01810210943222046,0.010627508163452148,0.0025200843811035156,-0.007494986057281494,0.006932973861694336,-0.015951871871948242,-0.008402228355407715,0.011179149150848389
2019-05-22,0.0058026909828186035,0.004639744758605957,0.0005761384963989258,0.0016306638717651367,-0.022393226623535156,0.0038597583770751953,-0.007377028465270996,-0.013271689414978027,-0.031023681163787842,0.013129115104675293
2019-05-23,0.00194549560546875,0.005089521408081055,-0.012235522270202637,-0.01193016767501831,-0.005279183387756348,-0.002507507801055908,-0.002312183380126953,-0.013306081295013428,-0.009167850017547607,0.003325939178466797
2019-05-24,0.011695921421051025,-0.00046885013580322266,0.011658430099487305,-0.0026137232780456543,0.019776523113250732,0.0033518075942993164,-0.007449090480804443,-0.002945423126220703,-0.01053386926651001,-0.0025954246520996094
2019-05-27,-0.007889509201049805,-0.0015949606895446777,-0.0015845894813537598,-0.014811873435974121,0.015046179294586182,-0.003674626350402832,0.00033354759216308594,0.0034911632537841797,-0.013810932636260986,0.00850588083267212
2019-05-28,0.007827818393707275,0.006671786308288574,-0.028278827667236328,0.03116774559020996,-0.017359137535095215,0.0065381526947021484,-0.03667891025543213,0.009050488471984863,0.015900850296020508,-0.008951902389526367
2019-05-29,-0.013806700706481934,0.012788176536560059,0.0004209280014038086,0.023944973945617676,-0.011716604232788086,-0.009993314743041992,-0.0034614205360412598,0.016299009323120117,0.0024410486221313477,-0.009611845016479492
2019-05-30,-0.01750969886779785,-0.0062673091888427734,-0.007860660552978516,-0.0006571412086486816,-0.04295027256011963,0.0025235414505004883,0.0036472082138061523,0.018386244773864746,-0.0054433345794677734,-0.008055567741394043
2019-05-31,-0.0,0.01326286792755127,-0.005710244178771973,-0.021756350994110107,0.007654130458831787,0.004698753356933594,0.007094621658325195,0.023412346839904785,-0.035863518714904785,0.005811750888824463
2019-06-03,-0.0038241147994995117,0.02077794075012207,-0.009417057037353516,0.0017926692962646484,0.005649089813232422,0.005679011344909668,0.0042955875396728516,0.02082812786102295,0.0037541985511779785,-0.01717197895050049
2019-06-04,0.005714297294616699,-0.026362895965576172,0.012621760368347168,-0.007297635078430176,0.020430445671081543,-0.01826941967010498,0.015910983085632324,-0.02640146017074585,0.01270061731338501,-0.008620619773864746
2019-06-06,-0.005747079849243164,-0.006078541278839111,-0.00041687488555908203,0.003210902214050293,-0.003011345863342285,-0.012349843978881836,0.00959920883178711,-0.007787108421325684,0.01427769660949707,0.007834672927856445
2019-06-07,-0.007619023323059082,0.0003706216812133789,-0.004722237586975098,0.013616681098937988,0.018570005893707275,-0.018156886100769043,0.019683003425598145,0.007224917411804199,-0.017926335334777832,-0.012203812599182129
2019-06-10,-0.011342167854309082,0.010744690895080566,-0.01949131488800049,-0.004293262958526611,-0.008271098136901855,0.0071527957916259766,-0.0034352540969848633,0.02280282974243164,-0.024091362953186035,-0.00709223747253418
2019-06-11,-0.00186920166015625,0.015304327011108398,-0.0018982887268066406,0.00253140926361084,0.019103288650512695,0.0008660554885864258,-0.03988838195800781,0.009545207023620605,0.00825423002243042,-0.002112746238708496
2019-06-12,-0.0,0.0001804828643798828,0.0014887452125549316,-0.006936907768249512,-0.02795279026031494,0.002076864242553711,0.0007892847061157227,0.0035954713821411133,0.019281506538391113,-0.0007026195526123047
2019-06-13,-0.0,-0.006497561931610107,0.01477360725402832,-0.01679283380508423,-0.010141611099243164,-0.015025913715362549,0.013744115829467773,-0.0030075907707214355,0.005233407020568848,-0.0014045238494873047
2019-06-14,0.014925360679626465,-0.012626051902770996,0.0028890371322631836,0.007303595542907715,0.02327895164489746,-0.011397480964660645,-0.009130239486694336,0.0001773834228515625,0.005403101444244385,-0.0014024972915649414
2019-06-17,0.0018939375877380371,-0.011131525039672852,-0.0001380443572998047,-0.0028212666511535645,-0.007906913757324219,-0.0028378963470458984,0.01904761791229248,-0.0023508667945861816,0.00528949499130249,-0.001400589942932129
2019-06-18,-0.003795027732849121,0.013675689697265625,-0.012967228889465332,-0.01185452938079834,-0.009862184524536133,0.012273192405700684,-0.02831709384918213,0.0007336139678955078,-0.007042288780212402,0.004195868968963623
2019-06-19,0.01512289047241211,-0.005047738552093506,-0.0023151636123657227,-0.006986260414123535,-0.005659818649291992,-0.018098771572113037,0.00629425048828125,0.004020571708679199,0.008277416229248047,0.013342678546905518
2019-06-20,-0.005758166313171387,0.0029518604278564453,-0.003940224647521973,5.7697296142578125e-05,0.006841778755187988,0.012705802917480469,0.004592299461364746,0.007987141609191895,0.014246702194213867,-0.023843467235565186
2019-06-21,0.001908421516418457,-0.010208845138549805,0.006225526332855225,-0.01928842067718506,0.03544449806213379,-0.04824173450469971,-0.002227187156677246,-0.012335598468780518,-0.02145981788635254,-0.004374682903289795
2019-06-24,-0.009560227394104004,0.0015796422958374023,0.006264448165893555,0.006761670112609863,-0.025803565979003906,0.00519871711730957,0.0026984214782714844,0.011400699615478516,0.01715022325515747,-0.006224870681762695
2019-06-25,-0.015151500701904297,0.0010204315185546875,-0.0035630464553833008,0.006073951721191406,-0.005727052688598633,-0.03324711322784424,0.02212315797805786,-0.0033838748931884766,0.005525648593902588,0.004790067672729492
2019-06-26,0.0055969953536987305,-0.00027805566787719727,0.012016892433166504,-0.04028677940368652,0.007592678070068359,0.009116888046264648,0.0014649033546447754,-0.005997061729431152,0.009065687656402588,0.0029336214065551758
2019-06-27,-0.0018761157989501953,-0.014832675457000732,0.011610269546508789,-0.014620065689086914,-0.03229069709777832,0.0009020566940307617,-0.00277101993560791,-0.0007319450378417969,0.02331411838531494,-0.014259576797485352
2019-06-28,-0.007490634918212891,0.0017879009246826172,-0.0019577741622924805,-0.006159782409667969,-0.014168977737426758,0.0030696988105773926,-0.003576040267944336,-0.011253952980041504,-0.0067986249923706055,-0.005563795566558838
2019-07-01,-0.0037174224853515625,-0.014559447765350342,0.0009769797325134277,-0.006450057029724121,0.01407843828201294,0.0034413933753967285,0.0019436478614807129,0.005545139312744141,0.0028511881828308105,0.005221962928771973
2019-07-02,0.0037037134170532227,0.010389924049377441,-0.011874794960021973,-0.04157501459121704,0.019293665885925293,-0.032897114753723145,0.007302820682525635,0.005603790283203125,-0.0103837251663208,0.00816333293914795
2019-07-03,0.009293675422668457,-0.008301913738250732,0.01173543930053711,-0.016716718673706055,-0.017783761024475098,0.016364574432373047,-0.006702542304992676,-0.00641632080078125,0.015490055084228516,-0.0051528215408325195
2019-07-04,-0.0037523508071899414,-0.009988605976104736,-0.003492593765258789,-0.04575836658477783,-0.005787849426269531,-0.009660124778747559,-0.007794737815856934,0.0022344589233398438,0.0007564425468444824,0.0036995410919189453
2019-07-05,0.011214971542358398,-0.0233495831489563,-0.021578729152679443,0.005978941917419434,0.013246476650238037,-0.019135355949401855,-0.010634899139404297,-0.035471320152282715,0.028917431831359863,-0.04238849878311157
2019-07-08,0.009451806545257568,-0.02223527431488037,-0.0005691051483154297,-0.02023172378540039,0.01716548204421997,0.024860918521881104,0.021205365657806396,0.005686163902282715,0.0012473464012145996,-0.018090784549713135
2019-07-09,-0.003816843032836914,0.01761305332183838,-0.002989828586578369,-0.019209563732147217,0.025302350521087646,-0.008736014366149902,-0.0024434328079223633,-0.01932966709136963,0.006712436676025391,-0.005488097667694092
2019-07-10,0.0038022994995117188,0.001763463020324707,0.0025702714920043945,-0.00606006383895874,-0.0011485815048217773,0.033050537109375,-0.0012999773025512695,-0.011789023876190186,0.0017287135124206543,0.0059125423431396484
2019-07-11,-0.00572514533996582,-0.0018646717071533203,0.005839705467224121,-0.010905444622039795,0.0010325312614440918,-0.047888875007629395,0.010223925113677979,-0.0026799440383911133,0.014011383056640625,0.0031348466873168945
2019-07-12,-0.022770404815673828,-0.0030368566513061523,0.007363319396972656,0.017253398895263672,-0.0021821260452270508,-0.0029653310775756836,-0.020823001861572266,0.0024018287658691406,-0.00015974044799804688,-0.03281247615814209
2019-07-15,0.001855313777923584,-0.003515958786010742,-0.07225179672241211,-0.006184637546539307,0.0108870267868042,-0.02921736240386963,0.0019273161888122559,0.018077373504638672,-0.018837809562683105,0.0032309293746948242
2019-07-16,-0.0,0.007688581943511963,-0.0070792436599731445,0.03623855113983154,0.014482676982879639,0.010476529598236084,0.008368194103240967,-0.018502116203308105,0.002977132797241211,0.0004025697708129883
2019-07-17,-0.0,-0.020694375038146973,-0.011845827102661133,-0.018137693405151367,0.0037620067596435547,0.007513642311096191,0.008114218711853027,0.005341887474060059,-0.022945165634155273,-0.0016096234321594238
2019-07-18,0.0018587112426757812,0.021331727504730225,0.0018010735511779785,-0.026164591312408447,-0.016875147819519043,-0.008086681365966797,0.005235612392425537,-0.024229586124420166,0.00537717342376709,-0.03708171844482422
2019-07-19,-0.003724336624145508,0.0028473734855651855,0.009150683879852295,-0.03822362422943115,0.002321004867553711,0.006144404411315918,-0.05065786838531494,0.0053244829177856445,0.01853567361831665,0.016711950302124023
2019-07-22,0.0037105679512023926,-0.0032494068145751953,0.0013007521629333496,-0.02460426092147827,0.014772593975067139,-0.0017173290252685547,-0.004331231117248535,0.01586461067199707,0.004721462726593018,-0.0003952980041503906
2019-07-23,-0.007448792457580566,0.007851600646972656,-0.007163286209106445,-0.005241096019744873,0.003659963607788086,-0.005486011505126953,0.005742073059082031,0.001208662986755371,0.0011069178581237793,0.001185297966003418
2019-07-24,0.0073937177658081055,-0.010287880897521973,0.004784703254699707,-0.04503893852233887,0.002014458179473877,0.03665816783905029,-0.02837371826171875,-0.007408440113067627,0.016780197620391846,0.0007911324501037598
2019-07-25,0.007448792457580566,0.009791433811187744,-0.010524988174438477,0.006667971611022949,-0.008905291557312012,-0.019646048545837402,0.000712275505065918,0.014832019805908203,0.012558341026306152,0.007917642593383789
2019-07-26,-0.04315197467803955,0.009789347648620605,0.00951528549194336,0.019286811351776123,-0.009297370910644531,-0.01787889003753662,0.00409245491027832,-0.008858442306518555,0.01434856653213501,-0.0055866241455078125
2019-07-29,-0.054901957511901855,-0.013980388641357422,-0.005712151527404785,-0.01809680461883545,-0.028101682662963867,0.01023191213607788,-0.051922738552093506,0.00993335247039795,-0.004466533660888672,0.004761874675750732
2019-07-30,-0.002074718475341797,-0.008075594902038574,-0.0015490055084228516,0.008821964263916016,-0.004763484001159668,0.004651963710784912,-0.05850464105606079,0.023075103759765625,0.00971674919128418,0.0003987550735473633
2019-07-31,0.0,-0.010648727416992188,-0.0011599063873291016,-0.001621246337890625,0.02178579568862915,-0.028734683990478516,0.033551692962646484,0.012183666229248047,0.006652235984802246,-0.01156759262084961
2019-08-01,0.0,0.012566447257995605,0.031153440475463867,0.004261314868927002,0.030809998512268066,0.04206627607345581,-0.004994213581085205,-0.011628925800323486,0.017411649227142334,-0.018927454948425293
2019-08-02,-0.00415802001953125,0.010768473148345947,-0.008769631385803223,-0.005175232887268066,-0.018097281455993652,-0.014579296112060547,0.02200782299041748,0.011582255363464355,-0.017549872398376465,0.024767756462097168
2019-08-05,0.006263017654418945,-0.0005937814712524414,-0.001317143440246582,-0.01623821258544922,-0.01988077163696289,0.006752073764801025,-0.027956247329711914,0.019634485244750977,-0.019591450691223145,0.00634920597076416
2019-08-06,0.01244819164276123,-0.01295614242553711,0.002893984317779541,-0.025754213333129883,-0.021557211875915527,-0.0008715391159057617,0.03225815296173096,-0.014987170696258545,-0.03645908832550049,0.0115814208984375
2019-08-07,0.014344215393066406,0.0015621781349182129,-0.0022428035736083984,-0.013392925262451172,-0.0016837120056152344,0.009230256080627441,-0.00602412223815918,-0.0006546378135681152,-0.006021261215209961,-0.014141440391540527
2019-08-08,0.032323241233825684,-0.06415021419525146,-0.016190528869628906,-0.014340639114379883,0.0036979317665100098,0.020214438438415527,0.01571965217590332,0.02017223834991455,-0.008820295333862305,-0.01195216178894043
2019-08-09,0.017612576484680176,0.0017459392547607422,-0.0014247894287109375,-0.0075463056564331055,0.0017995238304138184,0.01560819149017334,0.0031698942184448242,-0.005247831344604492,0.025917232036590576,0.008267760276794434
2019-08-13,0.009615421295166016,0.01270371675491333,-0.03169059753417969,0.03173243999481201,-0.0019154548645019531,0.030253350734710693,-0.011709988117218018,-0.020834743976593018,0.0379868745803833,0.01905512809753418
2019-08-14,0.0038095712661743164,-0.0033565759658813477,0.013091206550598145,-0.026962995529174805,-0.005622982978820801,0.02781432867050171,-0.02444988489151001,0.0022505521774291992,-0.03265571594238281,0.029138028621673584
2019-08-16,-0.020872890949249268,0.012452423572540283,-0.00039565563201904297,0.02797675132751465,-0.01118314266204834,-0.03363621234893799,-0.014844834804534912,-0.017827868461608887,0.00016129016876220703,0.007086277008056641
2019-08-19,0.02713179588317871,-0.0012233257293701172,0.004089236259460449,-0.00803375244140625,0.009400546550750732,0.0282401442527771,0.04050886631011963,-0.000970005989074707,-0.017911911010742188,-0.011754870414733887
2019-08-20,0.037735819816589355,-0.01879703998565674,0.01944291591644287,-0.013334989547729492,-0.0071451663970947266,0.013279438018798828,0.04325747489929199,0.01098012924194336,0.0022193193435668945,-0.0045642852783203125
2019-08-21,-0.0072727203369140625,0.012822926044464111,0.008376240730285645,0.009815514087677002,0.0033255815505981445,0.04095959663391113,-0.02037137746810913,-0.00025153160095214844,-0.006037473678588867,0.003304421901702881
2019-08-22,-0.003663003444671631,-0.008223533630371094,-0.004728436470031738,0.0006566643714904785,0.007896780967712402,-0.022574782371520996,0.051343321800231934,0.013630986213684082,-0.01547694206237793,0.001657724380493164
2019-08-23,0.01286768913269043,-0.007507681846618652,0.008217811584472656,-0.0015020370483398438,-0.01973092555999756,-0.04017496109008789,-0.052861928939819336,0.0143049955368042,-0.001710653305053711,0.0024906396865844727
2019-08-26,0.014519095420837402,-0.005335807800292969,0.0005093812942504883,-0.006561279296875,-0.002638578414916992,0.0009559988975524902,-0.019959330558776855,0.012724161148071289,-0.011178374290466309,0.009155213832855225
2019-08-27,0.03220033645629883,-0.00027441978454589844,-0.022403240203857422,-0.020331501960754395,0.019846439361572266,0.0011483430862426758,0.00452578067779541,-0.017484545707702637,0.022416651248931885,-0.003779888153076172
2019-08-28,-0.05545926094055176,-0.02817678451538086,0.022786498069763184,0.002251267433166504,-0.01208186149597168,0.0013412237167358398,0.013328313827514648,0.0012296438217163086,-0.021360158920288086,0.0033472776412963867
2019-08-29,0.0016420483589172363,0.0055165886878967285,0.00560152530670166,0.00509190559387207,0.010611295700073242,0.005564093589782715,-0.010188937187194824,-0.002590179443359375,-0.0015377998352050781,0.001259446144104004
2019-08-30,0.016447365283966064,0.015567600727081299,0.009747982025146484,0.0030953288078308105,-0.008602380752563477,-0.032799482345581055,0.014411449432373047,0.011708378791809082,-0.00368499755859375,-0.02185797691345215
2019-09-03,0.018394649028778076,-0.007270693778991699,-0.0007522106170654297,0.010636627674102783,-0.002658367156982422,0.009714186191558838,0.0221402645111084,-0.0035404562950134277,-0.016368389129638672,0.002879500389099121
2019-09-04,0.0034071803092956543,-0.015609383583068848,0.008657455444335938,-0.023552775382995605,0.005965530872344971,-0.0028296709060668945,0.011732816696166992,-0.0027536749839782715,0.0019567012786865234,-0.009488463401794434
2019-09-05,0.0017094016075134277,0.012171268463134766,0.015549182891845703,-0.011232256889343262,0.00500112771987915,0.006771981716156006,0.003568291664123535,-0.013405144214630127,0.011461257934570312,0.0016346573829650879
2019-09-06,0.008561670780181885,0.010342657566070557,0.007349371910095215,-0.016991376876831055,-0.002904057502746582,0.0003787875175476074,0.0129777193069458,-0.008035063743591309,-0.039359211921691895,0.013917326927185059
2019-09-09,0.0017271041870117188,0.01454019546508789,-0.013253927230834961,0.01077425479888916,-0.02951335906982422,-0.0003789663314819336,-0.015268564224243164,-0.006666600704193115,0.012769699096679688,-0.014113783836364746
2019-09-11,0.01730102300643921,0.024621963500976562,-0.010844111442565918,0.02220100164413452,0.008113384246826172,0.01174241304397583,0.005524873733520508,-0.013216733932495117,0.013380885124206543,0.028653323650360107
2019-09-12,0.007042229175567627,0.0026471614837646484,-0.004484891891479492,0.019287109375,0.0034900307655334473,0.031812965869903564,0.008684754371643066,-0.009470701217651367,-0.0027126073837280273,0.014749288558959961
2019-09-13,-0.0,-0.01289224624633789,0.015767812728881836,-3.1113624572753906e-05,-0.003392815589904785,-0.009501218795776367,0.006852984428405762,0.003913521766662598,-0.005861043930053711,-0.002993941307067871
2019-09-16,0.019503533840179443,-0.0013102293014526367,-0.001847982406616211,0.0027693510055541992,-0.00032722949981689453,0.014313697814941406,0.015706777572631836,0.0037583112716674805,-0.01449275016784668,-0.00724947452545166
2019-09-17,0.00904160737991333,0.013178765773773193,0.0041964054107666016,-0.015227198600769043,0.010140657424926758,0.010940909385681152,-0.0121992826461792,-0.012721002101898193,0.01944035291671753,0.011854350566864014
2019-09-18,0.005474448204040527,-0.0024625062942504883,-0.0015978217124938965,0.025264382362365723,-0.003194570541381836,-0.011866450309753418,0.023482322692871094,0.007490754127502441,-0.01592075824737549,-0.0004284381866455078
2019-09-19,-0.005504608154296875,0.008408963680267334,-0.011079668998718262,0.018036186695098877,0.017568886280059814,-0.011727333068847656,0.010536909103393555,-0.017114460468292236,0.01951509714126587,0.01156318187713623
2019-09-20,-0.02372264862060547,0.00038117170333862305,-0.01917088031768799,0.020390450954437256,-0.005476713180541992,-0.0836935043334961,0.007399916648864746,-0.017364799976348877,0.0036188364028930664,-0.01863086223602295
2019-09-23,-0.005347609519958496,0.01544177532196045,-0.05038714408874512,0.036221206188201904,0.015895962715148926,-0.05765044689178467,0.034056782722473145,-0.024038314819335938,0.026785731315612793,0.026797115802764893
2019-09-24,-0.014184355735778809,-0.0140380859375,-0.038759708404541016,-0.0047615766525268555,-0.009036540985107422,-0.02154672145843506,-0.030029118061065674,0.014336705207824707,-0.03203237056732178,-0.005681872367858887
2019-09-25,0.017482519149780273,-0.006110429763793945,0.0016726851463317871,-0.011542916297912598,0.0076122283935546875,0.005308747291564941,-0.05109858512878418,-0.021396756172180176,-0.0030133724212646484,0.00825732946395874
2019-09-26,0.010676145553588867,0.00825589895248413,0.012759387493133545,-0.009436845779418945,0.013987600803375244,0.007236480712890625,-0.003157317638397217,0.0004069209098815918,-0.011566758155822754,0.007011353969573975
2019-09-27,-0.0035971403121948242,0.00392305850982666,0.0005221962928771973,-0.008121967315673828,0.00915229320526123,0.023495197296142578,0.007742404937744141,0.015065252780914307,0.01366204023361206,0.0017652511596679688
2019-09-30,-0.0,-0.03804028034210205,-0.030041813850402832,0.006083548069000244,-0.021013736724853516,0.04856765270233154,-0.004714548587799072,-0.020985841751098633,-0.015055656433105469,-0.013262629508972168
2019-10-01,-0.03225809335708618,0.019526183605194092,0.015089988708496094,0.003771662712097168,0.021598994731903076,-0.03184366226196289,-0.015789449214935303,0.01874440908432007,0.013942480087280273,0.02617800235748291
2019-10-03,0.012962937355041504,-0.01632845401763916,0.009913742542266846,0.00033211708068847656,-0.00034677982330322266,0.0013082027435302734,-0.006060659885406494,-0.0001456737518310547,0.003610074520111084,-0.009856581687927246
2019-10-04,0.009140729904174805,-0.0021358728408813477,-0.009882926940917969,-0.0019267797470092773,-0.0010398626327514648,-0.005599081516265869,-0.00035858154296875,-0.009270787239074707,-0.008303165435791016,-0.007985830307006836
2019-10-07,0.0036232471466064453,0.004355430603027344,0.004893124103546143,0.01856827735900879,-0.016620397567749023,0.0024399757385253906,0.03301036357879639,0.015221178531646729,0.004791140556335449,0.0026407837867736816
2019-10-09,-0.009025275707244873,0.021686553955078125,0.007375776767730713,-0.01361536979675293,0.026680290699005127,0.00879979133605957,-0.002431333065032959,0.013478517532348633,-0.009177088737487793,-0.0030891895294189453
2019-10-10,-0.009107470512390137,-0.011797189712524414,0.0007821321487426758,0.01749885082244873,0.02309572696685791,-0.008908689022064209,-0.012186646461486816,0.007747173309326172,-0.0002981424331665039,-0.005719304084777832
2019-10-11,-0.03860294818878174,-0.015044689178466797,-0.0404435396194458,-0.001730203628540039,0.029373109340667725,0.013108611106872559,0.014804363250732422,0.008780479431152344,-0.01490318775177002,-0.0008748769760131836
2019-10-14,0.01061946153640747,-0.006762385368347168,0.03523510694503784,-0.003793001174926758,-0.024726271629333496,-0.006284654140472412,0.014935851097106934,-0.017188072204589844,0.0010279417037963867,-0.01704537868499756
2019-10-15,-0.01967799663543701,0.0021163225173950195,0.02261507511138916,-0.0065114498138427734,-0.019807934761047363,0.01729905605316162,0.006673455238342285,-0.008065342903137207,0.00029402971267700195,-0.0008594989776611328
2019-10-16,0.010526299476623535,-0.015122175216674805,-0.004122257232666016,-0.024502992630004883,-0.00035309791564941406,0.003474116325378418,0.020227789878845215,-0.004466652870178223,-0.010292649269104004,-0.02189779281616211
2019-10-17,0.001773059368133545,0.0071759819984436035,0.00251615047454834,0.01900923252105713,-0.0021181106567382812,-0.021683692932128906,0.010996341705322266,0.007549881935119629,0.0046572089195251465,0.00462186336517334
2019-10-18,-0.021314382553100586,-0.00228726863861084,0.002124309539794922,-0.07434213161468506,-0.014091134071350098,-0.006891429424285889,0.026038169860839844,-0.01299893856048584,-0.014037132263183594,-0.0046433210372924805
2019-10-22,-0.010434746742248535,0.0283888578414917,-0.1619212031364441,-9.310245513916016e-05,0.023506224155426025,0.012940764427185059,-0.006103396415710449,0.002892136573791504,0.02335977554321289,-0.01848733425140381
2019-10-23,-0.010326981544494629,-0.028842449188232422,0.010954022407531738,-0.021480679512023926,-0.01411128044128418,-0.017959654331207275,-0.026179730892181396,-0.009115815162658691,-0.0129927396774292,-0.0028878450393676758
2019-10-24,-0.017035722732543945,-0.02182447910308838,-0.023398160934448242,-0.008417606353759766,-0.0001169443130493164,0.0033936500549316406,0.009956836700439453,-0.0057485103607177734,0.0004372596740722656,0.018922269344329834
2019-10-25,-0.008375167846679688,-0.01340484619140625,0.0032159090042114258,-0.008377552032470703,-0.01987612247467041,0.00018787384033203125,-0.009858667850494385,-0.020629167556762695,0.007728159427642822,-0.014255762100219727
2019-10-27,-0.0,0.0030864477157592773,0.017951488494873047,0.0028688907623291016,0.008483290672302246,0.002066493034362793,-0.005310237407684326,0.004353046417236328,-0.008376240730285645,-0.002066969871520996
2019-10-29,-0.008305668830871582,-0.008137941360473633,0.002834320068359375,-0.017772555351257324,-0.01318061351776123,0.006186723709106445,0.007841110229492188,-0.037410855293273926,-0.04007577896118164,-0.006188154220581055
2019-10-30,-0.03953874111175537,-0.006142020225524902,0.015229940414428711,0.0008539557456970215,0.01015627384185791,0.007639288902282715,-0.0034762024879455566,-0.026402711868286133,0.0004203319549560547,0.0016399621963500977
2019-10-31,0.019017457962036133,-0.013953089714050293,0.03789055347442627,-0.014942526817321777,-0.011874556541442871,0.010354995727539062,0.02923583984375,-0.007479548454284668,0.02130645513534546,-0.01765918731689453
2019-11-01,-0.008077502250671387,0.009202659130096436,0.0032782554626464844,0.02169179916381836,-0.0018229484558105469,0.011347055435180664,-0.008715212345123291,-0.03029102087020874,-0.030220508575439453,0.0024213194847106934
2019-11-04,-0.017628192901611328,-0.0033854246139526367,0.030744075775146484,0.014959871768951416,0.01444333791732788,-0.014477014541625977,-0.026212990283966064,-0.00315779447555542,-0.012373208999633789,0.0076860785484313965
2019-11-05,0.017322838306427002,-0.002422332763671875,-0.018155574798583984,-0.004851341247558594,0.02746361494064331,-0.00018364191055297852,0.0013376474380493164,0.0036008358001708984,-0.005081057548522949,-0.00733792781829834
2019-11-06,-0.004807710647583008,0.008975505828857422,0.02318751811981201,0.013314485549926758,-0.0005933046340942383,0.0007345676422119141,0.005176067352294922,-0.006063103675842285,0.001776278018951416,0.0064751505851745605
2019-11-07,-0.004784703254699707,-8.702278137207031e-05,0.010900735855102539,-0.013889312744140625,0.012095332145690918,-0.004037439823150635,0.016777396202087402,-0.0014392733573913574,0.003011167049407959,-0.010590672492980957
2019-11-08,0.02222222089767456,-0.0014802217483520508,-0.016458511352539062,0.009232640266418457,0.029648244380950928,0.0018426179885864258,0.00473785400390625,-0.02535068988800049,-0.0021965503692626953,0.012091875076293945
2019-11-11,-0.021103858947753906,0.0036517977714538574,-0.0053375959396362305,0.014038443565368652,-0.013730764389038086,-0.002391040325164795,0.0029268264770507812,-0.01361536979675293,0.001232922077178955,-0.0
2019-11-13,-0.05723369121551514,0.006370604038238525,-0.018564164638519287,-0.012673377990722656,-0.0006101131439208984,0.0038716793060302734,0.012645840644836426,0.03695952892303467,0.0179673433303833,0.012647926807403564
2019-11-14,0.015177011489868164,-0.008080124855041504,0.02024531364440918,0.011908769607543945,-0.002317070960998535,-0.024793386459350586,-0.0653219223022461,0.008353948593139648,-0.0016759634017944336,0.0012396574020385742
2019-11-15,-0.009966790676116943,0.0047917962074279785,-0.00202786922454834,-0.037046194076538086,-0.016425371170043945,0.0009416341781616211,0.019236624240875244,-0.010173916816711426,0.00864475965499878,0.0008274316787719727
2019-11-18,0.02013421058654785,0.0010505914688110352,0.0018867254257202148,-0.009048938751220703,-0.01759624481201172,-0.0018814802169799805,0.007355153560638428,-0.010048449039459229,0.00028133392333984375,0.013250529766082764
2019-11-19,0.006578922271728516,0.005696237087249756,0.010864853858947754,0.007473170757293701,0.009057700634002686,0.00018846988677978516,-0.018987298011779785,-0.020347535610198975,-0.015756964683532715,-0.0041964054107666016
2019-11-20,-0.013071894645690918,0.0015863776206970215,0.00014340877532958984,-0.0206986665725708,0.004273533821105957,0.0030153989791870117,-0.007877588272094727,-0.00011855363845825195,-0.011218786239624023,0.005432546138763428
2019-11-21,-0.008278131484985352,-0.0033544301986694336,0.00028645992279052734,0.021175622940063477,0.023843586444854736,-0.035325050354003906,-0.0332181453704834,0.004529237747192383,0.008491933345794678,0.005462169647216797
2019-11-22,-0.008347272872924805,-0.019268035888671875,-0.028076171875,0.002659916877746582,-0.0387151837348938,-0.02006232738494873,0.02182137966156006,-0.021906495094299316,0.014781057834625244,0.01816648244857788
2019-11-25,0.010100960731506348,0.008970975875854492,0.0070743560791015625,0.009749352931976318,0.025918006896972656,0.008547067642211914,-0.0002974271774291992,0.0047304630279541016,-0.012899637222290039,0.00043022632598876953
2019-11-26,-0.009999990463256836,-0.01484835147857666,-0.010683417320251465,-0.004937648773193359,-0.04643964767456055,-0.00808042287826538,-0.0038655996322631836,-0.016742706298828125,-0.0,0.022384822368621826
2019-11-27,0.006734013557434082,-0.01823103427886963,0.0073964595794677734,0.011166691780090332,-0.008441567420959473,0.007351517677307129,-0.0014810562133789062,0.003737807273864746,-0.0053986310958862305,-0.010127663612365723
2019-11-28,0.006688952445983887,-0.0039000511169433594,0.00881052017211914,-0.0022886991500854492,0.027504920959472656,0.0013806819915771484,-0.004732370376586914,0.011220335960388184,0.001789867877960205,0.0008718371391296387
2019-11-29,-0.009966790676116943,0.004414618015289307,-0.007860302925109863,-0.015323162078857422,0.028935670852661133,-0.001378774642944336,-0.0073593854904174805,-0.011601388454437256,0.0064827799797058105,0.008726000785827637
2019-12-02,-0.01845639944076538,0.002039670944213867,-0.005281627178192139,0.03136742115020752,-0.008919715881347656,0.013017773628234863,0.004675626754760742,-0.015682458877563477,0.017770349979400635,-0.003961324691772461
2019-12-03,-0.010256409645080566,0.0007109642028808594,0.00825953483581543,0.011792421340942383,-0.02824997901916504,-0.0005841255187988281,0.007927238941192627,0.014819025993347168,0.0029681921005249023,0.007452905178070068
2019-12-04,0.0138169527053833,-0.0008893013000488281,0.014921069145202637,-0.0338207483291626,0.02688443660736084,0.008182406425476074,-0.014797329902648926,0.013408064842224121,-0.017436861991882324,-0.02252650260925293
2019-12-05,0.011925101280212402,0.003287374973297119,0.008503913879394531,0.01704496145248413,-0.01841413974761963,-0.012946844100952148,-0.003791213035583496,0.0205918550491333,-0.008360028266906738,-0.006479501724243164
2019-12-06,-0.013468027114868164,0.001069784164428711,0.00042879581451416016,-0.0075446367263793945,-0.013527274131774902,-0.004306972026824951,-0.00290524959564209,0.0010842084884643555,0.010087013244628906,0.01115882396697998
2019-12-09,0.006825923919677734,0.014724254608154297,0.003000020980834961,0.006521880626678467,0.04256153106689453,0.004718780517578125,0.012746334075927734,-0.02973729372024536,0.00977104902267456,0.0026041269302368164
2019-12-10,-0.025423705577850342,0.013766825199127197,-0.003845512866973877,-0.002644062042236328,-0.006700634956359863,-0.019765138626098633,0.009976506233215332,-0.023101747035980225,0.007471144199371338,0.009138405323028564
2019-12-11,-0.03478264808654785,0.0011938810348510742,0.00915062427520752,0.009093642234802246,-0.01861339807510376,0.007985591888427734,-0.00251924991607666,0.014432311058044434,-0.01817929744720459,-0.007465958595275879
2019-12-12,0.0016806721687316895,0.013699889183044434,-0.026353061199188232,0.002294301986694336,0.01145625114440918,-0.001386404037475586,0.0073909759521484375,-0.01028454303741455,0.0020923614501953125,0.0026154518127441406
2019-12-13,-0.0033669471740722656,-0.012678384780883789,0.01309657096862793,-0.0057642459869384766,0.000125885009765625,0.006346702575683594,-0.0019359588623046875,0.02491462230682373,-0.0074083805084228516,-0.018356680870056152
2019-12-16,0.011744976043701172,-0.016662001609802246,0.0038782358169555664,0.00021338462829589844,-0.004907548427581787,-0.01616084575653076,-0.0004458427429199219,0.026795387268066406,-0.015540480613708496,0.0021459460258483887
2019-12-17,-0.08998298645019531,-0.010050654411315918,0.021891474723815918,-0.005610466003417969,0.010495662689208984,0.023036837577819824,-0.00014865398406982422,0.017961621284484863,-0.005465269088745117,-0.006451606750488281
2019-12-18,0.0015576481819152832,-0.012460827827453613,0.0037804841995239258,-6.0677528381347656e-05,-0.006257057189941406,-0.0011748671531677246,-0.00252532958984375,0.0012933015823364258,-0.01236581802368164,-0.014529943466186523
2019-12-19,0.014040589332580566,-0.008500099182128906,-0.0020923614501953125,-0.014886975288391113,-0.000125885009765625,-0.010194063186645508,-0.017632246017456055,0.028278231620788574,0.005100667476654053,-0.0033698081970214844
2019-12-20,-0.0015822649002075195,-0.0007023811340332031,0.0009783506393432617,-0.023660898208618164,0.0064231157302856445,-0.012477695941925049,0.0037856101989746094,-0.002759099006652832,-0.0008094310760498047,-0.010495424270629883
2019-12-23,0.0031595826148986816,-0.0018423795700073242,0.006004810333251953,-0.025040149688720703,0.012263894081115723,0.0016044378280639648,-0.019584953784942627,0.0039588212966918945,0.009840905666351318,-0.007893681526184082
2019-12-24,-0.012678265571594238,0.018215298652648926,-0.003470301628112793,-0.007972002029418945,-0.010631740093231201,-0.005606710910797119,-0.0017889142036437988,-0.007214188575744629,0.0051735639572143555,0.006183028221130371
2019-12-26,-0.00782477855682373,8.916854858398438e-05,-0.006129026412963867,-0.0,0.020992159843444824,-0.01711636781692505,0.0,-0.006160914897918701,0.0021897554397583008,0.007880568504333496
2019-12-27,0.017080724239349365,-0.012578010559082031,0.010931968688964844,0.005733966827392578,0.0056296586990356445,-0.03380453586578369,0.012843489646911621,-0.001566767692565918,-0.013167023658752441,0.01045149564743042
2019-12-30,-0.0031595230102539062,-0.003083467483520508,-0.005406856536865234,-0.009034156799316406,0.017889738082885742,0.002332448959350586,-0.009141862392425537,-0.006959319114685059,-0.0033843517303466797,-0.005492210388183594
2019-12-31,-0.0015747547149658203,0.002107858657836914,-0.002369701862335205,0.014302611351013184,0.016618847846984863,-0.0038079023361206055,0.0032738447189331055,-0.009847939014434814,-0.027118206024169922,0.013025224208831787
2020-01-01,0.007861614227294922,-0.006777048110961914,0.007684826850891113,-0.018051981925964355,0.001764059066772461,-0.0014865398406982422,-0.04776036739349365,0.0027294158935546875,-0.0002772808074951172,-0.00808858871459961
2020-01-02,-0.001584768295288086,-0.002797365188598633,-0.002911865711212158,-0.022136807441711426,-0.034280359745025635,-0.005529582500457764,-0.009909391403198242,-0.004590392112731934,0.005409836769104004,-0.0025337934494018555
2020-01-03,-0.03164553642272949,-0.020050525665283203,0.015436053276062012,0.0049408674240112305,-0.012278139591217041,-0.0021385550498962402,0.026352763175964355,0.019929051399230957,0.012279272079467773,-0.010951995849609375
2020-01-06,-0.010736227035522461,0.00521320104598999,-0.0095863938331604,-0.0038067102432250977,-0.01033848524093628,-0.01135873794555664,0.01641225814819336,-9.083747863769531e-05,-0.006269633769989014,-0.0045833587646484375
2020-01-07,-0.004552364349365234,-0.003865957260131836,-0.014795362949371338,-0.007502317428588867,0.012933731079101562,-0.0078040361404418945,-0.0,0.0024541616439819336,0.009052276611328125,-0.01161336898803711
2020-01-08,-0.04380667209625244,-0.0025674104690551758,-0.013333320617675781,0.012983441352844238,-0.002209901809692383,-0.032335638999938965,-0.0007318258285522461,0.022394895553588867,-0.009786605834960938,0.0016399621963500977
2020-01-09,-0.014471769332885742,0.009304344654083252,0.012944459915161133,-0.004034638404846191,-0.0007383227348327637,-0.0012698173522949219,-0.0027788877487182617,-0.018135428428649902,0.005216121673583984,0.004517495632171631
2020-01-10,0.01569187641143799,-8.618831634521484e-05,0.014604687690734863,-0.0020918846130371094,-0.008250176906585693,-0.04121744632720947,-0.004084110260009766,-0.00036132335662841797,0.0034139156341552734,0.007013201713562012
2020-01-13,-0.02898550033569336,-0.0105971097946167,-0.048027753829956055,-0.0035980939865112305,0.007325530052185059,-0.0383678674697876,0.00798952579498291,-0.010480880737304688,0.01292872428894043,-0.011632800102233887
2020-01-14,-0.018309831619262695,-0.013299226760864258,-0.00264132022857666,-0.027915358543395996,0.021570324897766113,-0.000782012939453125,-0.0016107559204101562,0.007555723190307617,0.013704180717468262,-0.009856224060058594
2020-01-15,0.0013831257820129395,-0.00243985652923584,0.01040571928024292,-0.029633402824401855,0.001206517219543457,0.00039070844650268555,-0.035672545433044434,0.009062528610229492,-0.0014578700065612793,-0.03497350215911865
2020-01-16,0.012465357780456543,0.0041964054107666016,0.0006654858589172363,0.01654946804046631,-0.014461338520050049,0.027555227279663086,0.011857748031616211,0.005343794822692871,-0.016060590744018555,0.008428096771240234
2020-01-17,-0.009817719459533691,-0.00935518741607666,-0.0010654926300048828,-0.00039446353912353516,0.01076054573059082,-0.009847283363342285,-0.004857182502746582,-0.008799314498901367,-0.005800604820251465,0.0029251575469970703
2020-01-20,0.011111140251159668,0.01594853401184082,-0.000798344612121582,0.003390491008758545,-0.01451730728149414,-0.004378080368041992,0.0017060041427612305,-0.021968364715576172,-0.0004070401191711426,-0.012083292007446289
2020-01-21,-0.01264047622680664,0.008824825286865234,0.00784367322921753,-0.006777763366699219,-0.007120072841644287,-0.011492013931274414,-0.01694667339324951,0.0003224611282348633,0.0009502172470092773,-0.003795921802520752
2020-01-22,-0.03883492946624756,-0.011300444602966309,-0.010183572769165039,-0.008068084716796875,0.010880351066589355,-0.0015671253204345703,-0.016944408416748047,0.016512632369995117,-0.00013566017150878906,-0.005503833293914795
2020-01-23,-0.05740988254547119,-0.014052271842956543,-0.018304824829101562,-0.005820751190185547,0.02654111385345459,-0.007431983947753906,-0.01735055446624756,-0.007227301597595215,-0.013020455837249756,0.012345671653747559
2020-01-24,0.02398991584777832,-0.01460886001586914,0.00195389986038208,-0.01315009593963623,-0.0030977725982666016,-0.005630016326904297,0.01218193769454956,-0.003446042537689209,-0.024735450744628906,-0.00462573766708374
2020-01-27,-0.009055614471435547,0.005512654781341553,0.006003677845001221,0.0065024495124816895,-0.020317912101745605,0.012741327285766602,0.011235952377319336,-0.006480693817138672,-0.005498170852661133,-0.009294450283050537
2020-01-28,-0.0307692289352417,0.004798471927642822,0.00013124942779541016,-2.562999725341797e-05,-0.041112661361694336,0.014665603637695312,-0.0012472867965698242,0.006684303283691406,-0.0036009550094604492,-0.005543708801269531
2020-01-29,0.03482586145401001,-0.012303590774536133,-0.015101790428161621,-0.00528717041015625,-0.012772440910339355,0.0049613118171691895,0.029896140098571777,-0.013348579406738281,-0.012890338897705078,0.011578083038330078
2020-01-30,-0.04639172554016113,0.001642465591430664,0.011384189128875732,0.004391312599182129,0.020016193389892578,0.01396089792251587,0.016692817211151123,-0.007774055004119873,0.016399919986724854,-0.024586617946624756
2020-01-31,0.04999995231628418,-0.027062535285949707,0.006150245666503906,0.004897952079772949,-0.01263284683227539,-0.028923988342285156,-0.017121315002441406,-0.027504265308380127,-0.006802678108215332,-0.016080021858215332
2020-02-01,-0.0334620475769043,-0.0008454322814941406,-0.004608273506164551,-0.016827702522277832,0.009560465812683105,-0.01159822940826416,-0.011126995086669922,-0.04126882553100586,-0.014308452606201172,0.0
2020-02-03,0.00399470329284668,-0.019969642162322998,0.015596389770507812,0.008439362049102783,0.03190106153488159,-0.04022538661956787,0.0002821683883666992,0.028801143169403076,0.018547475337982178,0.0022084712982177734
2020-02-04,0.019893884658813477,0.012778520584106445,-0.02676081657409668,0.007974445819854736,-0.023224711418151855,0.031384289264678955,-0.011854410171508789,-0.002497076988220215,-0.023422956466674805,0.011899590492248535
2020-02-05,0.006501913070678711,0.015515685081481934,0.004279017448425293,0.008218944072723389,-0.00891268253326416,0.003857254981994629,0.0039051175117492676,-0.01840829849243164,-0.003771185874938965,0.008275270462036133
2020-02-06,-0.01808786392211914,0.006883859634399414,0.016799092292785645,0.005637228488922119,-0.025441646575927734,0.027686357498168945,0.012181460857391357,0.008478701114654541,-0.004663825035095215,0.006047487258911133
2020-02-07,-0.007894754409790039,0.013339996337890625,-0.007682085037231445,-0.01609325408935547,0.006317496299743652,0.0029868483543395996,-0.005953192710876465,-0.0038527250289916992,-0.00863957405090332,0.0012881755828857422
2020-02-10,-0.01458883285522461,-0.004607498645782471,0.005257606506347656,-0.002853989601135254,0.008322656154632568,-0.016976237297058105,0.012117862701416016,-0.011888265609741211,0.013551592826843262,-0.012435674667358398
2020-02-11,-0.014804840087890625,0.009505748748779297,-0.0005285739898681641,-0.023715496063232422,0.019116461277008057,0.01590728759765625,0.0017115473747253418,0.003954768180847168,-0.007905721664428711,0.0008684396743774414
2020-02-12,0.0013661384582519531,0.005649685859680176,-0.009640812873840332,-0.011194944381713867,0.027213335037231445,0.0011973381042480469,-0.00028574466705322266,-0.008057117462158203,-0.002057313919067383,0.01344907283782959
2020-02-13,-0.006821274757385254,-0.002686798572540283,-0.014388442039489746,-0.0007430315017700195,-0.00207674503326416,-0.0023976564407348633,-0.0015712976455688477,-0.009766221046447754,-0.00808417797088623,-0.002568542957305908
2020-02-14,0.008241772651672363,0.015021681785583496,0.0073500871658325195,-0.006038665771484375,-0.01804220676422119,0.007175624370574951,-0.0,0.0035356879234313965,-0.0077648162841796875,-0.0034334659576416016
2020-02-17,-0.0054495930671691895,-0.013190746307373047,-0.003767251968383789,-0.020516574382781982,-0.011974573135375977,0.002007603645324707,0.00014269351959228516,-0.008721709251403809,0.0011368393898010254,0.003445267677307129
2020-02-18,0.012328743934631348,-0.010432839393615723,-0.01048266887664795,-0.014165222644805908,0.025322377681732178,0.007040858268737793,-0.007844805717468262,-0.005673408508300781,-0.0069550275802612305,0.000858306884765625
2020-02-19,0.018944501876831055,-0.0021414756774902344,-0.0034580230712890625,0.0016814470291137695,0.0003641843795776367,0.004254460334777832,-0.0169827938079834,0.00875544548034668,-0.00251162052154541,0.01500856876373291
2020-02-20,-0.014608204364776611,0.0037969350814819336,0.0043395161628723145,0.02037227153778076,-0.006922483444213867,0.014038681983947754,0.0019481778144836426,0.01800715923309326,0.01390451192855835,-0.00802701711654663
2020-02-24,-0.00808626413345337,-0.021215319633483887,0.001410067081451416,-0.0033400654792785645,0.017126917839050293,0.01341313123703003,-0.005856156349182129,0.019218266010284424,0.011813998222351074,-0.005962550640106201
2020-02-25,0.027173876762390137,-0.02133917808532715,-0.003209233283996582,-0.0008503198623657227,0.0022089481353759766,-0.0029282569885253906,0.010950982570648193,-0.019287467002868652,-0.0025709867477416992,-0.0004284381866455078
2020-02-26,0.0,0.001974344253540039,0.019577741622924805,0.0004254579544067383,0.03910958766937256,0.017101168632507324,-0.005746245384216309,0.01509624719619751,0.013463258743286133,-0.01714533567428589
2020-02-27,-0.0026454925537109375,-0.018077433109283447,0.006264686584472656,-0.006104946136474609,-0.05618846416473389,0.005516648292541504,0.006270885467529297,0.008523285388946533,0.0029894113540649414,-0.034452736377716064
2020-02-28,-0.10344827175140381,-0.06753337383270264,-0.05936431884765625,-0.03828912973403931,0.02981102466583252,0.03200340270996094,-0.023418784141540527,-0.05003559589385986,-0.08290964365005493,-0.04426372051239014
2020-03-02,-0.05917155742645264,0.028726577758789062,0.012845635414123535,-0.0017799735069274902,-0.006120443344116211,-0.01961648464202881,0.003446221351623535,0.000574946403503418,0.0002843141555786133,-0.002362966537475586
2020-03-03,-0.06284916400909424,0.027924299240112305,0.00799560546875,0.028504014015197754,0.0038484930992126465,0.014267206192016602,0.013165473937988281,0.017438650131225586,0.010800004005432129,0.012790083885192871
2020-03-04,0.03810775279998779,-0.003451049327850342,0.015727519989013672,-0.03235429525375366,0.04087740182876587,0.024780690670013428,-0.0046610236167907715,0.023082256317138672,0.026289939880371094,0.02291858196258545
2020-03-05,0.0013661384582519531,0.02361929416656494,-0.005520462989807129,-0.002871990203857422,0.010524928569793701,0.007420718669891357,0.00241243839263916,0.020089387893676758,-0.020547926425933838,0.0036579370498657227
2020-03-06,0.02188783884048462,-0.017696082592010498,-0.020714879035949707,0.0028009414672851562,0.013263285160064697,0.015405535697937012,-0.011041998863220215,-0.004047036170959473,-0.021538496017456055,-0.02642369270324707
2020-03-09,0.07132869958877563,-0.045478641986846924,-0.046730220317840576,-0.01404482126235962,0.03699767589569092,-0.05292224884033203,-0.016318321228027344,-0.0680856704711914,-0.049885571002960205,-0.04117923974990845
2020-03-11,0.021084308624267578,-0.006753683090209961,-0.026105880737304688,-0.052623093128204346,0.019762277603149414,-0.022108852863311768,-0.0011641383171081543,-0.009455740451812744,0.005415916442871094,-0.006344497203826904
2020-03-12,-0.11384618282318115,-0.08094257116317749,-0.07997024059295654,-0.09140151739120483,0.060059189796447754,-0.09316772222518921,-0.056526899337768555,-0.09410351514816284,-0.08618879318237305,-0.06532418727874756
2020-03-13,-0.043402791023254395,-0.0009121298789978027,0.017643332481384277,0.006178617477416992,-0.021748900413513184,0.011232852935791016,0.008956193923950195,0.02059495449066162,0.009824752807617188,-0.008407831192016602
2020-03-16,-0.09981852769851685,-0.08561569452285767,-0.09209483861923218,-0.05742579698562622,-0.083382248878479,-0.09699267148971558,-0.07759416103363037,-0.06084263324737549,-0.0836712121963501,-0.0890302062034607
2020-03-17,-0.0463709831237793,-0.00011098384857177734,-0.04835313558578491,-0.023996591567993164,0.014093518257141113,0.0036003589630126953,-0.012775838375091553,-0.02263617515563965,-0.013802826404571533,-0.03781270980834961
2020-03-18,-0.05285412073135376,-0.03639185428619385,-0.037187039852142334,-0.07661092281341553,-0.020530641078948975,-0.055306434631347656,-0.03899163007736206,-0.0021712779998779297,-0.027812659740447998,-0.01753324270248413
2020-03-19,-0.0758928656578064,-0.04789865016937256,0.02103245258331299,-0.010497987270355225,-0.040148377418518066,-0.09050631523132324,-0.07764947414398193,-0.010910332202911377,-0.09007012844085693,-0.04492306709289551
2020-03-20,-0.10386478900909424,-0.07606720924377441,-0.07265913486480713,-0.10972833633422852,-0.06080973148345947,-0.07480859756469727,-0.0314752459526062,-0.09845077991485596,-0.09229207038879395,-0.10373711585998535
2020-03-23,-0.24288839101791382,0.062373578548431396,0.10038405656814575,-0.1444638967514038,0.08851945400238037,-0.18549692630767822,-0.08124512434005737,0.07107293605804443,-0.1624884009361267,0.050204336643218994
2020-03-24,-0.1791907548904419,-0.05969071388244629,-0.12031829357147217,0.07230687141418457,-0.0661919116973877,0.012321114540100098,-0.07010447978973389,-0.020033597946166992,0.0354766845703125,-0.036263108253479004
2020-03-25,-0.21813726425170898,-0.03517711162567139,-0.02788853645324707,0.02538585662841797,-0.07397747039794922,0.026305437088012695,-0.026284337043762207,-0.02768397331237793,0.04882228374481201,0.01008307933807373
2020-03-26,0.0583500862121582,0.021634578704833984,-0.06066739559173584,0.0045365095138549805,0.05583369731903076,0.08530986309051514,-0.06228172779083252,-0.023224592208862305,-0.02307063341140747,-0.04553627967834473
2020-03-27,-0.02564108371734619,0.038083553314208984,-0.015093684196472168,-0.02408546209335327,0.005463540554046631,0.035601019859313965,0.013150691986083984,-0.01873314380645752,-0.022779524326324463,-0.005157589912414551
2020-03-30,0.05833333730697632,0.027052104473114014,0.03991234302520752,-0.035800158977508545,0.0710938572883606,0.09189927577972412,-0.01684260368347168,0.025212407112121582,0.04747641086578369,-0.003990888595581055
2020-03-31,-0.015486717224121094,-0.041527390480041504,-0.02363872528076172,0.06317198276519775,-0.03931117057800293,0.04738152027130127,-0.002912282943725586,-0.0267641544342041,0.07778692245483398,-0.06757521629333496
2020-04-01,-0.015250563621520996,0.05236023664474487,0.060359954833984375,-0.02561497688293457,-0.018410086631774902,-0.05744045972824097,0.01524507999420166,0.06426262855529785,-0.10115557909011841,0.036702096462249756
2020-04-03,0.10944205522537231,0.018740177154541016,0.028305113315582275,-0.02736574411392212,0.0065735578536987305,0.06725609302520752,0.0525248646736145,0.03192394971847534,0.02023184299468994,0.04969632625579834
2020-04-07,-0.06265056133270264,-0.11175453662872314,-0.09105181694030762,0.009600162506103516,0.0019851326942443848,0.02455615997314453,0.009920179843902588,-0.07314717769622803,0.05866551399230957,-0.06624054908752441
2020-04-08,0.002267599105834961,-0.02648794651031494,0.01167064905166626,-0.00852137804031372,-0.004972696304321289,0.009818077087402344,-0.004125714302062988,0.039291322231292725,0.01736593246459961,-0.004359722137451172
2020-04-09,-0.009090900421142578,-0.012848138809204102,-0.007440924644470215,0.03183329105377197,-0.0034637451171875,0.026308298110961914,-0.00528264045715332,-0.035591840744018555,-0.025700092315673828,-0.02007591724395752
2020-04-13,0.03153151273727417,0.023025214672088623,-0.0017663240432739258,0.00042891502380371094,0.008053958415985107,0.022568941116333008,0.007201194763183594,0.003906846046447754,-0.03562992811203003,0.038297832012176514
2020-04-15,-0.016279101371765137,-0.04473543167114258,-0.0025644302368164062,0.05092012882232666,-0.0003314018249511719,0.026430487632751465,0.009998023509979248,0.013698995113372803,0.023678302764892578,0.01327437162399292
2020-04-16,0.011441648006439209,0.03968667984008789,0.023820996284484863,-0.0018021464347839355,-0.0258406400680542,-0.021237075328826904,0.01881188154220581,0.01100766658782959,-0.04107677936553955,-0.006165981292724609
2020-04-17,-0.030092597007751465,0.009787917137145996,-0.00786125659942627,-0.01577138900756836,-0.06345868110656738,-0.015459716320037842,0.007063567638397217,-0.05253338813781738,-0.016011595726013184,0.003899693489074707
2020-04-20,0.022471904754638672,-0.032399773597717285,-0.03916144371032715,0.03280961513519287,-0.034467101097106934,-0.06831955909729004,0.008130073547363281,-0.0068929195404052734,0.03106510639190674,0.03187918663024902
2020-04-21,0.0436781644821167,0.03042548894882202,0.030805349349975586,-0.028282225131988525,-0.10377222299575806,0.00266110897064209,0.028893470764160156,0.04453855752944946,-0.023980259895324707,0.01733100414276123
2020-04-22,-0.03846156597137451,-0.014702558517456055,-0.013714075088500977,-0.021691203117370605,-0.0062233805656433105,-0.019168376922607422,-0.023000597953796387,-0.018329381942749023,0.01112973690032959,-0.0035272836685180664
2020-04-23,-0.0902777910232544,-0.0330883264541626,-0.05825245380401611,0.028693318367004395,0.035266995429992676,0.015033125877380371,0.008663356304168701,-0.06145799160003662,0.011007189750671387,-0.012888073921203613
2020-04-24,0.053078532218933105,0.020096302032470703,0.03128296136856079,-0.017373085021972656,-0.03454315662384033,0.0023696422576904297,0.025593042373657227,0.031784892082214355,-0.04087918996810913,0.017351090908050537
2020-04-27,-0.006726503372192383,-0.032044410705566406,-0.009936332702636719,0.011752009391784668,0.039736151695251465,0.04373526573181152,-0.001494765281677246,-0.009925484657287598,0.017348527908325195,-0.0241318941116333
2020-04-28,-0.05122494697570801,0.024839580059051514,0.005841612815856934,0.010478019714355469,0.022359728813171387,0.06625139713287354,-0.009808063507080078,-0.01222372055053711,0.018105268478393555,0.012643635272979736
2020-04-29,-0.0021185874938964844,-0.04383361339569092,-0.023967862129211426,-0.0005456805229187012,-0.0096169114112854,0.0732872486114502,0.00021117925643920898,-0.025066494941711426,0.01674938201904297,-0.004656553268432617
2020-04-30,-0.016913294792175293,-0.10533809661865234,-0.057535409927368164,-0.08730065822601318,0.03445577621459961,-0.018060386180877686,-0.0021119117736816406,-0.05709338188171387,0.03518402576446533,-0.0579373836517334
2020-05-04,0.016632020473480225,0.05390489101409912,0.05840349197387695,0.029881656169891357,-0.04148375988006592,-0.016880810260772705,0.022550106048583984,0.04169875383377075,-0.0846758484840393,0.005476474761962891
2020-05-05,-0.006342530250549316,-0.011959195137023926,-0.0,0.006438612937927246,0.021323680877685547,0.015376687049865723,-0.008193254470825195,-0.0011914968490600586,-0.005151331424713135,0.03028637170791626
2020-05-06,-0.19327735900878906,0.002498149871826172,0.01152569055557251,-0.0004558563232421875,0.041602253913879395,0.0275113582611084,-0.07912743091583252,0.015082120895385742,0.014670968055725098,-0.015332221984863281
2020-05-07,0.031690120697021484,0.014159083366394043,0.0013807415962219238,-0.037204623222351074,0.019005179405212402,0.04446077346801758,-0.04954409599304199,0.006277561187744141,0.019774675369262695,0.015659987926483154
2020-05-08,-0.019999980926513672,-0.012994647026062012,-0.013826966285705566,0.0053977370262146,-0.021564900875091553,-0.019755423069000244,0.005664646625518799,-0.0009250640869140625,0.04065883159637451,0.0005682110786437988
2020-05-11,-0.024955391883850098,-0.017650365829467773,-0.012880682945251465,-0.01864755153656006,0.05510056018829346,0.01727449893951416,-0.0037980079650878906,-0.022129535675048828,-0.011821269989013672,-0.0034110546112060547
2020-05-12,0.005217373371124268,0.0002842545509338379,-0.007031679153442383,-0.021155953407287598,0.0398024320602417,0.022641539573669434,0.012674927711486816,-0.007337331771850586,0.006082773208618164,-0.01303112506866455
2020-05-13,0.006992995738983154,-0.002559661865234375,-0.00935971736907959,-0.004914045333862305,-0.004615187644958496,-0.005996286869049072,-0.03046548366546631,-7.700920104980469e-05,0.022773027420043945,-0.013982057571411133
2020-05-14,0.052816927433013916,0.021371126174926758,0.05181044340133667,0.004950344562530518,0.000545501708984375,-0.000464022159576416,0.024172544479370117,0.02426081895828247,-0.05635470151901245,0.019304990768432617
2020-05-15,-0.009293675422668457,0.011981844902038574,0.008848190307617188,0.0014864206314086914,0.056017398834228516,0.02924787998199463,0.00705033540725708,0.00496751070022583,-0.010440587997436523,0.01181107759475708
2020-05-18,0.009208083152770996,0.0009779930114746094,-0.017697691917419434,9.113550186157227e-05,-0.05562722682952881,-0.0038340091705322266,0.010554611682891846,-0.027840852737426758,-0.01350492238998413,0.00853729248046875
2020-05-19,-0.022304773330688477,-0.014684319496154785,-0.007079124450683594,-0.014887690544128418,0.025146842002868652,-0.07131534814834595,-0.005818486213684082,-0.0015677213668823242,0.017967939376831055,-0.011481046676635742
2020-05-20,-0.02909088134765625,-0.01640141010284424,-0.0015281438827514648,-0.06816756725311279,0.005066037178039551,-0.03607994318008423,-0.002699613571166992,-0.0025402307510375977,0.013658285140991211,-0.0034052133560180664
2020-05-21,-0.019434571266174316,-0.015377283096313477,-0.0039670467376708984,-0.0005044937133789062,0.019896507263183594,0.006322741508483887,-0.003461480140686035,-0.019246459007263184,0.0016584396362304688,-0.022058844566345215
2020-05-22,-0.04506063461303711,0.008319973945617676,-0.02993917465209961,-0.0009804964065551758,0.0002599954605102539,0.0032671689987182617,-0.005749344825744629,-0.01463937759399414,0.01945364475250244,0.0005533695220947266
2020-05-26,0.014925360679626465,0.012066423892974854,0.017116785049438477,-0.0003358125686645508,0.03263556957244873,-0.0010020136833190918,0.00038111209869384766,0.03828543424606323,-0.018270373344421387,0.0011075139045715332
2020-05-27,-0.006734013557434082,-0.013263344764709473,-0.036631226539611816,-0.0038886070251464844,-0.022790253162384033,0.02783346176147461,-0.002859354019165039,-0.032063841819763184,0.00682377815246582,-0.06596457958221436
2020-05-28,0.015050172805786133,-0.022035956382751465,-0.0027517080307006836,0.0004458427429199219,-0.0019327402114868164,0.03537452220916748,-0.01805734634399414,0.000498652458190918,0.011912107467651367,0.008840322494506836
2020-05-29,0.013582348823547363,-0.014005303382873535,0.02310800552368164,-0.0030388832092285156,0.020139455795288086,-0.0004712343215942383,0.01867067813873291,0.01594078540802002,0.001420736312866211,-0.06715631484985352
2020-06-01,0.0017211437225341797,-0.017264842987060547,-0.012270808219909668,-0.024515628814697266,-0.0054416656494140625,0.031824588775634766,-0.049086809158325195,-0.03696095943450928,0.026145100593566895,-0.010324478149414062
2020-06-02,-0.005172371864318848,-0.0008039474487304688,-0.01226806640625,-0.008464694023132324,0.02519404888153076,0.00502622127532959,-0.015596628189086914,-0.0009289979934692383,0.007702946662902832,-0.0038930177688598633
2020-06-03,0.00857633352279663,-0.004641175270080566,0.009233832359313965,0.005488216876983643,0.00620579719543457,-0.03205275535583496,-0.0003571510314941406,0.0004884600639343262,0.010976076126098633,0.020358681678771973
2020-06-04,-0.0,-0.02869582176208496,-0.008882999420166016,-0.006979227066040039,-0.0018502473831176758,0.0028182268142700195,-0.017493724822998047,-0.02218806743621826,-0.05506014823913574,-0.022760987281799316
2020-06-05,-0.015570878982543945,0.005181789398193359,0.0060623884201049805,0.0021491050720214844,0.0004942417144775391,0.013583183288574219,-0.0035088062286376953,0.020702362060546875,0.004226386547088623,-0.011611104011535645
2020-06-08,0.011925041675567627,-0.003993391990661621,-0.024687767028808594,-0.006865024566650391,0.012228250503540039,0.02564692497253418,-0.01643359661102295,-0.01147317886352539,-0.018453598022460938,-0.034911513328552246
2020-06-09,0.024137914180755615,0.009338557720184326,0.004535079002380371,-0.008235335350036621,-0.005125105381011963,-0.0015769600868225098,-0.0008599758148193359,-0.00014483928680419922,0.006704151630401611,0.03558224439620972
2020-06-10,0.00706714391708374,-0.010212182998657227,0.0024203062057495117,-0.0011137723922729492,0.01054835319519043,-0.003158867359161377,-0.010998368263244629,-0.017711877822875977,-0.00766146183013916,0.006229043006896973
2020-06-11,0.026690363883972168,0.0011232495307922363,0.016697585582733154,0.009059607982635498,-0.03447026014328003,0.0002263784408569336,-0.0030596256256103516,0.01949024200439453,0.03312826156616211,0.018804192543029785
2020-06-12,0.018281519412994385,0.012628614902496338,0.01683598756790161,0.010906755924224854,-0.009428024291992188,-0.003168165683746338,0.008303642272949219,0.013614416122436523,0.03164196014404297,0.02358722686767578
2020-06-15,0.007448792457580566,-0.014367103576660156,0.006495475769042969,-0.005621671676635742,-0.0012690424919128418,-0.07128262519836426,-0.011619925498962402,0.004707038402557373,0.011020898818969727,-0.0281832218170166
2020-06-16,-0.011257052421569824,-0.0033681392669677734,-0.019762277603149414,-0.00841224193572998,-0.020711541175842285,-0.05488455295562744,0.021114885807037354,-0.007832884788513184,0.02991199493408203,0.005873680114746094
2020-06-17,0.007421135902404785,0.008693516254425049,-0.003497004508972168,-0.003384709358215332,0.0005189180374145508,0.009642422199249268,-0.023986220359802246,-0.000977635383605957,-0.004433631896972656,-0.025110721588134766
2020-06-18,-0.024299025535583496,-0.0053833723068237305,-0.01466524600982666,0.002443671226501465,0.021268367767333984,-0.04604464769363403,0.014661312103271484,0.004736840724945068,-0.0008025169372558594,-0.001440882682800293
2020-06-19,0.029197096824645996,0.01614999771118164,0.011734426021575928,0.004233717918395996,-0.0224761962890625,-0.057835400104522705,-0.028903603553771973,-0.0031892061233520508,-0.005813956260681152,-0.0177457332611084
2020-06-22,-0.005639076232910156,-0.0,0.0026063919067382812,-0.0040912628173828125,0.012730598449707031,0.020085811614990234,-0.024102449417114258,0.008143424987792969,-0.018935561180114746,0.01790761947631836
2020-06-23,-0.024299025535583496,-0.018697381019592285,-0.02409994602203369,-0.0041544437408447266,0.006541848182678223,0.030752182006835938,-0.00016236305236816406,-0.003624439239501953,-0.019757390022277832,-0.011996150016784668
2020-06-24,-0.012773752212524414,-0.03558814525604248,0.00907289981842041,-0.02180027961730957,0.009685158729553223,-0.0008585453033447266,0.006653726100921631,-0.003390073776245117,-0.004028439521789551,0.011379778385162354
2020-06-25,0.007207214832305908,-0.017065763473510742,0.01902717351913452,-0.017441868782043457,0.011485576629638672,-0.019548892974853516,0.004084289073944092,0.012780308723449707,0.012800931930541992,-0.0
2020-06-26,-0.061705946922302246,0.022452592849731445,-0.06810557842254639,0.01896655559539795,0.02508103847503662,0.03067481517791748,-0.02887141704559326,-0.0509648323059082,-0.012773275375366211,-0.03309345245361328
2020-06-29,0.0307692289352417,-0.01546943187713623,0.021982550621032715,0.004018306732177734,0.016189932823181152,0.04570579528808594,-0.00749361515045166,0.00811767578125,0.03630805015563965,0.025069594383239746
2020-06-30,0.005290985107421875,0.005688905715942383,-0.0057239532470703125,0.011077046394348145,-0.032582640647888184,0.004878997802734375,-0.0050640106201171875,0.009278416633605957,-0.0037676095962524414,0.0004762411117553711
2020-07-01,0.0177304744720459,-0.009158611297607422,0.005552470684051514,-0.010470390319824219,0.003962397575378418,-0.005462288856506348,-0.004881143569946289,-0.004754781723022461,-0.004741191864013672,0.002858459949493408
2020-07-02,-0.019855618476867676,-0.03162670135498047,-0.03377997875213623,0.0130845308303833,-0.014430224895477295,0.006102561950683594,-0.00658106803894043,-0.031117677688598633,-0.028902888298034668,-0.02388918399810791
2020-07-03,-0.005309700965881348,-0.01748073101043701,-0.00796651840209961,0.007897138595581055,0.02027285099029541,-0.000202178955078125,0.0015566349029541016,-0.01970195770263672,-0.011847853660583496,-0.0027997493743896484
2020-07-06,-0.010563373565673828,0.0007770061492919922,-0.0017414093017578125,0.011222004890441895,0.02919173240661621,-0.002628922462463379,-0.015590906143188477,-0.02889096736907959,-0.026628851890563965,0.009771943092346191
2020-07-07,-0.05400693416595459,-0.023068904876708984,-0.039449095726013184,0.004324078559875488,0.01382434368133545,0.004460692405700684,-0.043291330337524414,-0.0029604434967041016,-0.00956583023071289,-0.010338306427001953
2020-07-08,-0.018181800842285156,0.028967082500457764,0.02444356679916382,0.022223949432373047,-0.0015281438827514648,-0.007670581340789795,-0.06121253967285156,0.022467970848083496,0.006013095378875732,0.007906973361968994
2020-07-09,-0.01785719394683838,-0.023221373558044434,-0.008967399597167969,0.013755321502685547,-0.02072054147720337,-0.02156221866607666,-0.029534101486206055,0.0065572261810302734,0.01118236780166626,0.007032334804534912
2020-07-10,-0.015949010848999023,0.01019972562789917,-0.0002614259719848633,0.013280510902404785,0.018514037132263184,-0.013929307460784912,0.014410793781280518,-0.008165717124938965,0.015016734600067139,-0.002360701560974121
2020-07-13,0.0031397342681884766,-0.0349506139755249,-0.019469499588012695,-0.04095470905303955,0.005193591117858887,0.02403545379638672,0.009565472602844238,0.0010575056076049805,-0.05740630626678467,-0.02496469020843506
2020-07-14,0.028346478939056396,0.01866912841796875,0.0173032283782959,-0.0202864408493042,0.011390328407287598,0.03294217586517334,-0.016280293464660645,0.021644175052642822,0.0030260086059570312,0.011948585510253906
2020-07-15,-0.09400320053100586,-0.040331482887268066,-0.06077992916107178,-0.02222621440887451,-0.06896555423736572,0.02949965000152588,-0.03801250457763672,-0.028522729873657227,-0.029816150665283203,-0.1683720350265503
2020-07-16,0.020740747451782227,-0.020399808883666992,-0.09639739990234375,-0.04582798480987549,-0.0395350456237793,-0.06253635883331299,0.011509299278259277,-0.00038051605224609375,0.027219176292419434,0.003582775592803955
2020-07-17,-0.015128612518310547,0.007327735424041748,0.008635222911834717,0.011871516704559326,0.03468805551528931,0.0194970965385437,0.0030431151390075684,0.015214204788208008,-0.0005347728729248047,0.0019975900650024414
2020-07-20,-0.008941888809204102,-0.040840864181518555,-0.034502267837524414,0.0063163042068481445,-0.008550643920898438,-0.03326523303985596,-0.0041141510009765625,-0.0032488107681274414,-0.04061269760131836,-0.03602874279022217
2020-07-21,0.014771044254302979,-0.005781650543212891,-0.0026243925094604492,-0.013312816619873047,0.02854686975479126,0.023920834064483643,0.011366605758666992,-0.007767677307128906,0.003594696521759033,-0.0023183822631835938
2020-07-22,0.011994004249572754,0.003372371196746826,0.02006763219833374,-0.022371888160705566,-0.01822805404663086,0.01824212074279785,-0.044251322746276855,0.015325546264648438,0.004638314247131348,0.020046234130859375
2020-07-23,0.007587254047393799,-0.004152774810791016,0.01090705394744873,-0.02947676181793213,0.016491293907165527,0.008633613586425781,0.02252054214477539,0.009014368057250977,-0.024507999420166016,-0.0023603439331054688
2020-07-24,-0.03975534439086914,-0.04151034355163574,-0.016428470611572266,0.005504131317138672,-0.14859342575073242,0.01268458366394043,0.0549931526184082,0.006355941295623779,-0.03335583209991455,-0.014913678169250488
2020-07-27,-0.041176438331604004,-0.0311051607131958,-0.027787089347839355,-0.06709468364715576,-0.009316205978393555,-0.00287628173828125,-0.10956954956054688,-0.022897958755493164,-0.019073963165283203,0.0061872005462646484
2020-07-28,0.0014124512672424316,-0.016188859939575195,-0.015187382698059082,0.004655957221984863,-0.03501749038696289,-0.0011472702026367188,-0.03634452819824219,-0.046651244163513184,-0.03119504451751709,-0.024124503135681152
2020-07-29,-0.053748250007629395,0.025335073471069336,0.00912463665008545,0.006312847137451172,0.020134150981903076,0.011268138885498047,-0.0011276006698608398,0.014590322971343994,0.012100517749786377,-0.006078958511352539
2020-07-30,-0.0402684211730957,-0.0015120506286621094,-0.007709503173828125,0.0058113932609558105,-0.012009739875793457,0.003863215446472168,-0.03097546100616455,-0.0015157461166381836,0.0026696324348449707,-0.025679826736450195
2020-07-31,0.006451606750488281,-0.01401972770690918,-0.004675388336181641,-0.012696385383605957,-0.0025032758712768555,0.014543354511260986,-0.0030591487884521484,-0.0008335113525390625,-0.01070702075958252,0.011045634746551514
2020-08-03,-0.001298666000366211,-0.0010635852813720703,0.009413063526153564,-0.030577540397644043,0.012022554874420166,-0.0037386417388916016,-0.06284725666046143,0.011944413185119629,0.012307226657867432,-0.00223386287689209
2020-08-04,-0.00907909870147705,0.01883983612060547,0.0073670148849487305,0.01692289113998413,0.037442684173583984,-0.006469368934631348,0.02357041835784912,0.0019741058349609375,0.032492101192474365,0.002228856086730957
2020-08-05,0.01413881778717041,0.006135880947113037,0.005378067493438721,-0.020930767059326172,-0.031800031661987305,0.0009738802909851074,0.008081436157226562,-0.0043561458587646484,0.006521046161651611,0.010052144527435303
2020-08-06,-0.05475878715515137,-0.02396857738494873,-0.027684569358825684,0.012341022491455078,-0.031951069831848145,0.002534627914428711,-0.019680500030517578,-0.021509170532226562,-0.01903510093688965,-0.0052651166915893555
2020-08-07,0.016069233417510986,0.020712196826934814,0.02051985263824463,0.0005467534065246582,0.0065760016441345215,0.009577810764312744,-0.037874817848205566,0.005524039268493652,-0.0033816099166870117,0.007856249809265137
2020-08-10,-0.0,-0.002535104751586914,-0.0004297494888305664,-0.020951509475708008,-0.014801979064941406,-0.01855146884918213,0.014297127723693848,0.005467593669891357,-0.030492663383483887,-0.0
2020-08-11,0.006281435489654541,0.011921107769012451,0.003006875514984131,0.001131296157836914,-0.024642109870910645,0.007169127464294434,0.009838759899139404,0.0012704133987426758,0.01074594259262085,-0.007918477058410645
2020-08-12,-0.012642264366149902,-0.04869842529296875,-0.006785869598388672,0.00786823034286499,0.03978776931762695,-0.02732241153717041,0.006248772144317627,0.00989067554473877,-0.026605725288391113,0.012345612049102783
2020-08-13,0.007490634918212891,-0.010458827018737793,0.0038515329360961914,0.009933233261108398,-0.034162044525146484,-0.002469658851623535,-0.029069185256958008,0.001284778118133545,-0.007514238357543945,-0.0030303001403808594
2020-08-14,0.006289303302764893,0.021391093730926514,-0.002470254898071289,0.01288515329360962,0.00543135404586792,0.0075800418853759766,0.011118888854980469,0.005455911159515381,0.0016742348670959473,0.0018882155418395996
2020-08-17,-0.010126590728759766,-0.013749837875366211,-0.0040711164474487305,-0.0003688335418701172,-0.017815589904785156,-0.012793540954589844,0.00020259618759155273,-0.005017518997192383,-0.037658095359802246,-0.01967465877532959
2020-08-18,-0.008771896362304688,0.006120860576629639,-0.010563373565673828,0.007681608200073242,0.014777064323425293,-0.0032051801681518555,-0.013373851776123047,-0.0072557926177978516,0.011460483074188232,-0.0025974512100219727
2020-08-19,-0.002484440803527832,0.006438553333282471,0.008552372455596924,0.01521366834640503,-0.005178093910217285,0.005825996398925781,-0.002399444580078125,0.005793571472167969,-0.019916772842407227,0.010362744331359863
2020-08-20,0.007434964179992676,-0.0003521442413330078,0.00436633825302124,0.004905045032501221,0.006572544574737549,0.0017012953758239746,-0.0025932788848876953,0.0016617774963378906,0.00043720006942749023,0.019820451736450195
2020-08-21,0.008739054203033447,0.005914568901062012,0.006631731986999512,0.0025488734245300293,-0.0027714967727661133,0.0007574558258056641,-0.034520506858825684,0.0018864870071411133,-0.008893370628356934,0.002670764923095703
2020-08-24,0.015113353729248047,0.00028336048126220703,0.0015075206756591797,0.01146763563156128,0.000891566276550293,-0.010801553726196289,-0.04837000370025635,0.00022238492965698242,0.01445084810256958,0.0026777982711791992
2020-08-25,0.006393849849700928,0.005809903144836426,0.009813427925109863,-0.0012177228927612305,0.014635026454925537,0.005811750888824463,-0.047514140605926514,0.0024243593215942383,-0.023167133331298828,0.010356783866882324
2020-08-26,-0.003860950469970703,-0.01596355438232422,-0.013613581657409668,-0.05479562282562256,-0.016663670539855957,0.003960013389587402,0.013482332229614258,-0.004838109016418457,0.008025169372558594,-0.007751941680908203
2020-08-27,0.005128204822540283,0.003717660903930664,0.003975510597229004,-0.010195732116699219,0.017014026641845703,-0.002271890640258789,-0.0026606321334838867,0.002263188362121582,-0.0039006471633911133,-0.001538395881652832
2020-08-28,-0.032216548919677734,0.005210161209106445,0.012513458728790283,-0.009111523628234863,0.013411939144134521,0.002833425998687744,-0.029916107654571533,0.00438082218170166,-0.02374446392059326,0.0015360713005065918
2020-08-31,-0.03870159387588501,0.01705712080001831,0.007100701332092285,0.024309396743774414,-0.055662691593170166,0.003409743309020996,-0.05892753601074219,-0.008353590965270996,0.015743613243103027,0.0026923418045043945
2020-09-01,-0.018181800842285156,0.006912529468536377,0.015513300895690918,-0.0054100751876831055,0.022954940795898438,-0.02166891098022461,0.003756999969482422,0.0048288702964782715,0.01842331886291504,-0.0011570453643798828
2020-09-02,0.029100537300109863,-0.017908930778503418,-0.010728716850280762,-0.0030546188354492188,0.01597416400909424,-0.0044686198234558105,0.05260968208312988,-0.008369088172912598,-0.010475754737854004,-0.00770413875579834
2020-09-03,0.007712125778198242,-0.006838083267211914,-0.012494444847106934,-0.0036504268646240234,0.036780595779418945,-0.008977353572845459,0.008692145347595215,-0.015164613723754883,-0.03441333770751953,-0.03325676918029785
2020-09-04,-0.020408153533935547,0.008418858051300049,0.01747298240661621,0.003878176212310791,-0.03628820180892944,0.0167388916015625,-0.03417551517486572,0.00465315580368042,0.01545107364654541,0.024047374725341797
2020-09-07,0.0013021230697631836,-0.011415481567382812,-0.0064465999603271484,0.027676939964294434,0.004496097564697266,-0.005616903305053711,-0.005373597145080566,-0.016711831092834473,0.0015552043914794922,-0.010235071182250977
2020-09-08,0.0117034912109375,-0.024125337600708008,-0.015350699424743652,-0.03251039981842041,-0.01128309965133667,0.0003895759582519531,0.012640237808227539,-0.009088754653930664,-0.007221698760986328,-0.013508439064025879
2020-09-09,-0.01799488067626953,0.005441546440124512,0.012290656566619873,0.013201534748077393,0.005941629409790039,-0.015965759754180908,-0.010771095752716064,0.008751392364501953,-0.0014058351516723633,-0.0007404088973999023
2020-09-10,0.0013089179992675781,-0.0006233453750610352,-0.013214349746704102,-0.007025003433227539,0.005531668663024902,0.002572178840637207,0.00559687614440918,-0.0015037059783935547,0.004632890224456787,-0.006659388542175293
2020-09-11,-0.09281051158905029,0.001038193702697754,-0.0060863494873046875,-0.010777473449707031,0.004941821098327637,-0.008486270904541016,0.023072242736816406,-0.018424510955810547,-0.021015524864196777,-0.030503392219543457
2020-09-14,-0.03110051155090332,-0.10157275199890137,-0.0345684289932251,-0.06093466281890869,-0.09315264225006104,-0.030652880668640137,-0.14154303073883057,-0.04940807819366455,-0.03481137752532959,-0.047075629234313965
2020-09-15,0.004640400409698486,0.0028303861618041992,-0.0040721893310546875,-0.014745235443115234,-0.06111013889312744,-0.01332557201385498,-0.012563943862915039,-0.0,-0.0005340576171875,-0.0006811618804931641
2020-09-16,-0.017482519149780273,0.004352211952209473,-0.01965475082397461,-0.0025271177291870117,0.02503591775894165,0.012769222259521484,0.0015402436256408691,-0.004656076431274414,-0.0010673999786376953,-0.01565694808959961
2020-09-17,-0.03436422348022461,-0.024136781692504883,-0.009280920028686523,-0.014957666397094727,-0.04454827308654785,-0.0027027130126953125,-0.004285216331481934,0.016799867153167725,0.006663978099822998,0.0016756057739257812
2020-09-18,0.028792917728424072,-0.0028454065322875977,0.00879138708114624,0.011340618133544922,-0.033773183822631836,0.0021178126335144043,-0.01655566692352295,0.0044901371002197266,-0.023346304893493652,-0.015441417694091797
2020-09-21,0.04104900360107422,0.009869217872619629,-0.007748007774353027,0.018415868282318115,0.009800851345062256,-0.0200655460357666,0.025604426860809326,-0.006286025047302246,0.022420406341552734,0.014545440673828125
2020-09-22,-0.028537511825561523,-0.022925496101379395,0.0023267269134521484,0.029054760932922363,0.013964593410491943,-0.0028371810913085938,-0.01490485668182373,-0.023384571075439453,-0.017435669898986816,-0.0010063648223876953
2020-09-23,-0.027745723724365234,0.008404433727264404,-0.012167930603027344,-0.050933241844177246,-0.014006733894348145,0.0026404857635498047,-0.0402376651763916,0.021998047828674316,0.00962299108505249,-0.008378028869628906
2020-09-24,0.04836893081665039,0.03169143199920654,-0.04357844591140747,-0.013906776905059814,-0.08955562114715576,-0.030446290969848633,0.03639626502990723,-0.05479341745376587,-0.05377340316772461,-0.03190428018569946
2020-09-25,-0.08983457088470459,-0.049980998039245605,0.03697490692138672,0.024561047554016113,0.0054787397384643555,0.009752273559570312,-0.032858967781066895,0.03861081600189209,0.028273940086364746,0.03020942211151123
2020-09-28,-0.03470718860626221,-0.00912165641784668,-0.001010119915008545,0.025205254554748535,0.06471621990203857,0.018543601036071777,-0.045096755027770996,0.0016512870788574219,0.00943911075592041,-0.007664144039154053
2020-09-29,0.02306079864501953,0.026938021183013916,-0.0014156103134155273,-0.013623595237731934,-0.025352299213409424,0.014223456382751465,-0.0459752082824707,0.025594472885131836,-0.01490718126296997,-0.000335693359375
2020-09-30,0.0032188892364501953,0.001414954662322998,-0.0007087588310241699,0.016809940338134766,0.05210435390472412,-0.00224381685256958,-0.006000638008117676,0.0015673637390136719,0.031778693199157715,0.007053971290588379
2020-10-01,-0.005382180213928223,-0.0016634464263916016,0.009322047233581543,-0.006408393383026123,-0.01996314525604248,-0.011056959629058838,0.027885377407073975,0.01249849796295166,0.04026663303375244,-0.0020012259483337402
2020-10-05,-0.004282712936401367,-0.013838529586791992,0.03051900863647461,0.021307826042175293,-0.011203408241271973,-0.006064057350158691,-0.01825428009033203,-0.07226216793060303,0.0237119197845459,-0.06717908382415771
2020-10-06,-0.024520277976989746,-0.00600588321685791,0.006721854209899902,0.03878188133239746,0.007289528846740723,0.0034317970275878906,0.023124396800994873,-0.0031414031982421875,0.007512211799621582,0.011901021003723145
2020-10-07,0.0031217336654663086,0.0013266801834106445,0.010257363319396973,-0.005258798599243164,-0.01006847620010376,-0.009120285511016846,0.02829831838607788,-0.007976293563842773,-0.0012426972389221191,-0.01584780216217041
2020-10-08,-0.030271410942077637,-0.02596461772918701,0.0253831148147583,-0.07285058498382568,0.059038519859313965,0.0186002254486084,-0.044278740882873535,-0.032804012298583984,0.017046213150024414,-0.07176291942596436
2020-10-09,-0.0,-0.007297992706298828,0.012050509452819824,-0.02301323413848877,-0.022659122943878174,0.004894614219665527,0.009422540664672852,0.004512131214141846,-0.007462739944458008,-0.040756940841674805
2020-10-12,-0.0810537338256836,-0.011744022369384766,0.022798538208007812,-0.11937820911407471,0.009135603904724121,-0.009366810321807861,0.0009204745292663574,-0.0060613155364990234,0.00332796573638916,-0.009230732917785645
2020-10-13,-0.04873478412628174,-0.03996312618255615,0.02274167537689209,0.008224725723266602,0.006085991859436035,0.004160404205322266,-0.03217136859893799,0.0012190937995910645,0.013636350631713867,0.0038802623748779297
2020-10-14,0.06791776418685913,0.011050641536712646,-0.018000543117523193,-0.024863481521606445,0.016181468963623047,-0.03088510036468506,-0.018448233604431152,0.0059967041015625,-0.023027539253234863,-0.0678909420967102
2020-10-15,0.03835093975067139,0.03419619798660278,-0.02524930238723755,0.010238587856292725,-0.01718878746032715,-0.021373748779296875,-0.05762910842895508,0.024558663368225098,-0.04441136121749878,-0.02537316083908081
2020-10-16,-0.02791619300842285,0.03819763660430908,0.017330288887023926,0.06713283061981201,-0.0455784797668457,-0.021105289459228516,0.005115509033203125,-0.008282780647277832,0.01324164867401123,-0.005819261074066162
2020-10-19,0.013579070568084717,-0.021277904510498047,-0.0013591647148132324,0.019478678703308105,-0.03022366762161255,-0.010684847831726074,-0.03030538558959961,0.018727600574493408,0.0017937421798706055,0.010474443435668945
2020-10-20,-0.012782692909240723,-0.041314005851745605,0.010253190994262695,0.016731619834899902,0.01022493839263916,0.014904677867889404,-0.0398409366607666,-0.010123372077941895,0.032229065895080566,0.010365843772888184
2020-10-21,0.024271845817565918,0.009776651859283447,0.009520411491394043,-0.045551180839538574,-0.010607242584228516,0.008092880249023438,0.00016558170318603516,0.023220181465148926,-0.004832088947296143,-0.009655952453613281
2020-10-22,0.02189052104949951,0.005510568618774414,-0.0168149471282959,0.015436232089996338,0.0389556884765625,-0.0450514554977417,-0.023269295692443848,0.0015885233879089355,-0.010333657264709473,0.003046870231628418
2020-10-23,0.031536102294921875,0.01593071222305298,-0.005791366100311279,-0.0029979944229125977,0.02489161491394043,0.018160223960876465,-0.006019473075866699,-0.005858898162841797,0.013334989547729492,-0.005771636962890625
2020-10-26,0.0703781247138977,0.005454897880554199,-0.00891953706741333,0.020237505435943604,-0.01944500207901001,0.017113208770751953,0.014500141143798828,-0.0005210638046264648,-0.03525763750076294,-0.007638275623321533
2020-10-27,-0.006779670715332031,0.0006487369537353516,-0.019469261169433594,0.03349226713180542,0.0018811225891113281,0.013190269470214844,-0.0052127838134765625,0.02159440517425537,0.011838912963867188,-0.01693350076675415
2020-10-28,-0.006734013557434082,0.0208321213722229,-0.013112306594848633,0.003294527530670166,-0.013534605503082275,0.014435946941375732,-0.01901620626449585,0.003022611141204834,-0.030395448207855225,0.0046977996826171875
2020-10-29,0.01895207166671753,-0.012596487998962402,-0.0015184283256530762,-0.015229105949401855,-0.009754955768585205,0.02513563632965088,0.009218692779541016,-0.003985166549682617,-0.00013118982315063477,0.00529932975769043
2020-10-30,-0.0022727251052856445,-0.0022617578506469727,-0.013306736946105957,0.005011558532714844,0.03940415382385254,-0.014654040336608887,-0.010927140712738037,-0.012231111526489258,0.011675238609313965,0.009922504425048828
2020-11-02,0.03968256711959839,0.02321988344192505,0.011077880859375,0.022408723831176758,-0.015179574489593506,-0.0003656148910522461,-0.025634348392486572,0.022609174251556396,0.0016856193542480469,-0.01750081777572632
2020-11-03,-0.0059032440185546875,0.010153234004974365,-0.009146332740783691,-0.029178738594055176,0.0018777847290039062,0.01443713903427124,-0.01257866621017456,-0.011134147644042969,-0.008284807205200195,0.0024999380111694336
2020-11-04,-0.025821566581726074,-0.0013513565063476562,0.029615402221679688,-0.034975409507751465,0.009058952331542969,0.007973313331604004,0.014622807502746582,-0.007423281669616699,0.024017810821533203,0.021820425987243652
2020-11-05,-0.005720853805541992,-0.0340428352355957,0.009151935577392578,-0.0460505485534668,-0.007352352142333984,0.004859805107116699,0.01450049877166748,-0.012268424034118652,0.017335891723632812,0.007321596145629883
2020-11-06,-0.009101271629333496,-0.00854182243347168,0.007958531379699707,0.0033815503120422363,-0.02144080400466919,-0.003380894660949707,-0.0015687942504882812,-0.008098483085632324,0.012905716896057129,0.001211404800415039
2020-11-09,-0.05073285102844238,-0.005764007568359375,0.021391868591308594,-0.03512978553771973,0.0007967948913574219,-0.007862210273742676,0.012919068336486816,-0.007073163986206055,0.026224613189697266,0.017543792724609375
2020-11-10,0.04506438970565796,-0.052982449531555176,-0.04008984565734863,-0.07798326015472412,-0.02030092477798462,0.01040118932723999,-0.0336952805519104,0.028240323066711426,-0.06087273359298706,-0.027348339557647705
2020-11-11,-0.029213428497314453,0.020192623138427734,0.028841614723205566,-0.014468550682067871,-8.124113082885742e-05,-0.0035660266876220703,-0.004369974136352539,-0.014417290687561035,0.020408153533935547,0.012836098670959473
2020-11-12,-0.019650697708129883,-0.0016342401504516602,-0.004186749458312988,0.0010905265808105469,0.026655912399291992,-0.0037404298782348633,-0.036366820335388184,0.006231844425201416,0.007043957710266113,-0.0030174851417541504
2020-11-13,0.012847959995269775,0.004122614860534668,0.005758166313171387,0.012988924980163574,-0.02216416597366333,0.0014905929565429688,0.012791752815246582,0.005316257476806641,-0.005370974540710449,-0.0042372941970825195
2020-11-14,-0.0065076351165771484,0.0028982162475585938,0.00817883014678955,0.005228281021118164,0.008823633193969727,-0.008023858070373535,-0.020486831665039062,-0.0050811767578125,0.0016325712203979492,0.003647446632385254
2020-11-17,0.006465494632720947,-0.018663465976715088,-0.00856316089630127,-0.013134360313415527,-0.009388506412506104,0.013513505458831787,-0.0023164749145507812,0.0016102790832519531,0.006268858909606934,0.009388208389282227
2020-11-18,-0.00542294979095459,-0.0008589029312133789,-0.011728346347808838,0.006537795066833496,-0.0021060705184936523,-0.005066633224487305,0.024908065795898438,0.014778494834899902,-0.011213541030883789,-0.00960087776184082
2020-11-19,-0.006472468376159668,-0.01197350025177002,-0.012419521808624268,-0.011449694633483887,-0.008604586124420166,0.011015653610229492,0.0047400593757629395,-0.0039023160934448242,-0.016381025314331055,-0.00817936658859253
2020-11-20,-0.009646296501159668,0.01827108860015869,0.006054997444152832,0.03640627861022949,0.011790633201599121,0.006041169166564941,-0.010407447814941406,-0.008855104446411133,0.018447399139404297,0.011301159858703613
2020-11-23,-0.02972400188446045,0.02435159683227539,0.03305554389953613,0.05581247806549072,-8.088350296020508e-05,0.002848982810974121,-0.009252786636352539,-0.024057865142822266,0.034842729568481445,0.02718210220336914
2020-11-24,-0.01134026050567627,0.0015491247177124023,0.000179290771484375,0.021996498107910156,0.015539050102233887,0.0034285783767700195,-0.04929947853088379,0.0008075237274169922,0.014221429824829102,-0.0008821487426757812
2020-11-25,0.011213064193725586,-0.01879829168319702,-0.021417737007141113,-0.06821149587631226,-0.0071724653244018555,-0.00038230419158935547,0.005769848823547363,0.007622957229614258,-0.018096864223480225,-0.015303075313568115
2020-11-26,-0.01134026050567627,0.021037936210632324,-0.0021978020668029785,-0.006273329257965088,-0.0003210902214050293,0.0013374090194702148,0.005471706390380859,-0.0071446895599365234,-0.00622481107711792,0.013448834419250488
2020-11-27,0.021406710147857666,-0.023692190647125244,-0.011839210987091064,0.03611314296722412,-0.00754779577255249,-0.009183049201965332,0.0051683783531188965,0.01505190134048462,0.023827075958251953,-0.012090861797332764
2020-12-01,-0.022916674613952637,0.014596819877624512,0.03436422348022461,0.0478057861328125,-0.003964424133300781,0.00796210765838623,-0.01189875602722168,-0.017595648765563965,0.03586852550506592,0.006567239761352539
2020-12-02,0.005091667175292969,0.010850071907043457,0.002693772315979004,0.012017488479614258,0.020307064056396484,0.000573277473449707,-0.0028983354568481445,-0.008343100547790527,0.0016213655471801758,0.017200469970703125
2020-12-03,-0.017400145530700684,0.02259385585784912,-0.012626469135284424,-0.027432799339294434,0.013374805450439453,-0.012810707092285156,-0.018000245094299316,0.014584243297576904,0.007284045219421387,0.004081606864929199
2020-12-04,0.015090525150299072,-0.004291355609893799,0.00725555419921875,-0.010755479335784912,-0.014219462871551514,0.003209352493286133,0.011193156242370605,-0.0066803693771362305,0.008953094482421875,0.0014518499374389648
2020-12-07,-0.003064393997192383,-0.003727436065673828,0.007833719253540039,0.0017763376235961914,-0.0102805495262146,-0.0030303001403808594,-0.0005742311477661133,-0.0037212371826171875,0.023777008056640625,-0.006668567657470703
2020-12-08,-0.009164929389953613,0.00993800163269043,0.008576750755310059,-0.002904355525970459,-0.005958616733551025,-0.02379155158996582,0.015576303005218506,-0.021770119667053223,-0.01311260461807251,0.014594316482543945
2020-12-09,-0.012108922004699707,0.007814288139343262,0.018956542015075684,0.0013490915298461914,0.0013769865036010742,-0.01420140266418457,-0.0036641359329223633,-0.004826068878173828,-0.003152787685394287,-0.01150745153427124
2020-12-10,0.00997006893157959,-0.004365026950836182,-0.006346225738525391,-0.004424631595611572,-0.007199406623840332,0.008728861808776855,-0.025804877281188965,0.009427905082702637,-0.0023720264434814453,-0.0098952054977417
2020-12-11,-0.0060422420501708984,-0.005191802978515625,-0.0038495659828186035,0.0053054094314575195,0.007333159446716309,0.0005503296852111816,-0.06292963027954102,0.00025141239166259766,-0.008831501007080078,-0.006760776042938232
2020-12-14,-0.0020020008087158203,0.012467384338378906,0.0011417865753173828,-0.010310053825378418,0.00865483283996582,-0.0005506277084350586,0.022905409336090088,-0.005065321922302246,-0.011194944381713867,-0.01154184341430664
2020-12-15,-0.014984965324401855,0.01489114761352539,-0.008597314357757568,0.00871729850769043,-0.0016840100288391113,-0.0,-0.016666650772094727,0.012921273708343506,0.01998615264892578,0.009281396865844727
2020-12-16,0.0019685029983520508,-0.001072227954864502,0.009645223617553711,0.007906436920166016,-0.026508212089538574,0.007338106632232666,-0.0001531839370727539,-0.019065380096435547,-0.006116211414337158,0.016315579414367676
2020-12-17,0.009861946105957031,-0.006440341472625732,-0.00560915470123291,0.005184054374694824,0.014320433139801025,-0.007761955261230469,0.0006893277168273926,-0.00852823257446289,0.009572625160217285,-0.004378259181976318
2020-12-18,-0.018924355506896973,0.012850403785705566,0.026440978050231934,0.01524496078491211,-0.025801897048950195,-0.011369943618774414,-0.0013030767440795898,-0.008033275604248047,0.004063606262207031,0.018762826919555664
2020-12-21,-0.065493643283844,-0.02268010377883911,-0.010475635528564453,0.011634469032287598,-0.013621211051940918,-0.02230280637741089,-0.0026025772094726562,0.014278233051300049,-0.029679596424102783,-0.02618706226348877
2020-12-22,-0.07217574119567871,-0.04980182647705078,-0.03661918640136719,0.05229055881500244,-0.02359318733215332,0.0037091970443725586,-0.051381826400756836,-0.018562912940979004,-0.042984604835510254,0.028664350509643555
2020-12-23,-0.027317047119140625,-0.009630084037780762,-0.026703476905822754,0.028533458709716797,-0.1121140718460083,0.010901689529418945,-0.05613243579864502,-0.012619614601135254,-0.0037769079208374023,-0.0588911771774292
2020-12-24,-0.00759732723236084,0.003522634506225586,0.01353442668914795,-0.013428688049316406,0.013884305953979492,0.026137828826904297,0.003437817096710205,-0.00020635128021240234,0.000885307788848877,0.008681535720825195
2020-12-28,-0.014137625694274902,-0.002664923667907715,-0.003388643264770508,0.004178643226623535,-0.0040130615234375,-0.012825071811676025,-0.016144633293151855,-0.006891489028930664,0.00022155046463012695,-0.0016421079635620117
2020-12-29,0.003717482089996338,-0.015296220779418945,-0.008072495460510254,-0.008459806442260742,0.000948488712310791,0.010465502738952637,-0.011678457260131836,-0.00037550926208496094,-0.020164012908935547,-0.005464434623718262
2020-12-30,-0.0055969953536987305,-0.005128741264343262,0.0027782320976257324,0.01418304443359375,-0.020750045776367188,0.004285693168640137,-0.028456449508666992,0.00723421573638916,-0.01878798007965088,0.0016304254531860352
2020-12-31,-0.003710627555847168,-0.005793571472167969,-0.007210731506347656,-0.0004506707191467285,0.03281742334365845,-0.004267454147338867,0.00991910696029663,0.016000449657440186,0.010553181171417236,-0.004899382591247559
2021-01-01,-0.0064694881439208984,-0.0045975446701049805,-0.0037423372268676758,0.010875821113586426,0.006799936294555664,0.010178565979003906,0.012918531894683838,-0.022880077362060547,-0.005063533782958984,-0.004604458808898926
2021-01-04,-0.04224061965942383,-0.03145718574523926,-0.02204573154449463,0.03948044776916504,0.007123112678527832,-0.0426020622253418,-0.0148237943649292,-0.03797483444213867,-0.02529740333557129,-0.021569132804870605
2021-01-05,-0.015859007835388184,-0.011168837547302246,-0.004282355308532715,-0.07385540008544922,-0.0424879789352417,-0.02492368221282959,-0.02013421058654785,-0.017618298530578613,-0.0018818378448486328,-0.025072574615478516
2021-01-06,0.027753710746765137,0.013264715671539307,0.009080886840820312,-0.04176205396652222,-0.022382616996765137,0.02613729238510132,0.006191909313201904,0.013417422771453857,0.006782829761505127,-0.0002574920654296875
2021-01-07,0.02230149507522583,0.015998780727386475,0.015539109706878662,-0.018701493740081787,-0.030257463455200195,0.012739956378936768,0.013369739055633545,0.006128132343292236,0.002521514892578125,-0.0010296106338500977
2021-01-08,-0.02372264862060547,-0.033348917961120605,-0.03958237171173096,0.05390298366546631,0.014716088771820068,-0.005677938461303711,-0.03335094451904297,-0.029049038887023926,-0.05824732780456543,-0.05734121799468994
2021-01-11,-0.004456281661987305,-0.060775041580200195,-0.04889822006225586,0.03737592697143555,-0.03772616386413574,-0.003421783447265625,-0.026608943939208984,-0.01779937744140625,-0.0259779691696167,-0.03866732120513916
2021-01-12,0.015971601009368896,-0.00663447380065918,0.003266274929046631,0.009422540664672852,0.02537381649017334,-0.035805583000183105,-0.008867144584655762,0.0005036592483520508,0.012805640697479248,-0.024350285530090332
2021-01-13,0.015329122543334961,0.005790412425994873,-0.011246085166931152,0.027373671531677246,0.0037555694580078125,-0.005102872848510742,-0.011739373207092285,0.0050081610679626465,-0.005306601524353027,-0.0029714107513427734
2021-01-14,-0.0018315315246582031,0.02675318717956543,0.012004733085632324,-0.0026689767837524414,-0.028049349784851074,0.012938082218170166,-0.01622021198272705,-0.029044508934020996,0.016422271728515625,0.010255217552185059
2021-01-15,0.035649001598358154,0.03687840700149536,0.018635869026184082,-0.023424506187438965,0.01740211248397827,0.0184171199798584,0.026123881340026855,0.005337238311767578,-0.04422581195831299,0.034538328647613525
2021-01-18,0.048341214656829834,0.008385539054870605,0.024458765983581543,-0.0650675892829895,0.020240366458892822,0.022988498210906982,0.022527754306793213,0.003587663173675537,-0.00925445556640625,0.016217470169067383
2021-01-19,-0.002988100051879883,-0.0023943185806274414,-0.0035037994384765625,0.02057945728302002,0.01149129867553711,-0.017820119857788086,0.008917391300201416,-0.012089729309082031,-0.005877375602722168,0.0031514763832092285
2021-01-20,-0.04071497917175293,-0.015652775764465332,-0.017302870750427246,-9.781122207641602e-05,-0.019396543502807617,0.005779385566711426,-0.03503990173339844,-0.014751434326171875,0.02797722816467285,-0.03428983688354492
2021-01-21,0.024809181690216064,0.0059545040130615234,-0.000152587890625,-0.027279675006866455,0.02914983034133911,-0.0017096996307373047,0.021793663501739502,0.010562717914581299,-0.014891624450683594,-0.0018811225891113281
2021-01-22,0.025440335273742676,0.007550597190856934,-0.0008388757705688477,-0.01253974437713623,0.0010558366775512695,0.011435389518737793,0.03373175859451294,-0.008934378623962402,-0.024395346641540527,0.0023468732833862305
2021-01-25,0.03714859485626221,0.03885167837142944,0.011734247207641602,-0.009059727191925049,0.005152642726898193,-0.0005179643630981445,0.0032383203506469727,0.003572404384613037,-0.009296894073486328,0.016937196254730225
2021-01-27,-0.020855069160461426,-0.008443236351013184,0.018195807933807373,0.03388679027557373,0.0034528374671936035,0.020362377166748047,0.01637423038482666,0.009190917015075684,0.026534438133239746,-0.021057724952697754
2021-01-28,0.011235952377319336,0.022553622722625732,0.01900428533554077,-0.013649463653564453,0.019789516925811768,-0.005460619926452637,0.009644687175750732,0.019778907299041748,-0.01597142219543457,0.03257560729980469
2021-01-29,0.011363625526428223,0.02136087417602539,0.029138565063476562,-0.0017502903938293457,0.016110360622406006,0.016993701457977295,-0.016675591468811035,0.026653707027435303,-0.021142542362213135,0.032218992710113525
2021-02-01,-0.013584136962890625,-0.015700221061706543,-0.01764500141143799,-0.006622254848480225,0.0008981823921203613,-0.010336875915527344,-0.014696240425109863,-0.008999347686767578,-0.021053791046142578,-0.008510589599609375
2021-02-02,-0.01134026050567627,-0.028329849243164062,-0.008183479309082031,0.025624513626098633,-0.02904367446899414,-0.010583877563476562,-0.01642310619354248,-0.020418167114257812,0.016826391220092773,-0.016381263732910156
2021-02-03,-0.028542280197143555,-0.005499362945556641,-0.010527968406677246,0.06610047817230225,-0.012028813362121582,-0.008029341697692871,-0.05432569980621338,0.0010613203048706055,0.026082158088684082,-0.011965751647949219
2021-02-04,-0.009910821914672852,0.0023440122604370117,0.004055976867675781,-0.00041800737380981445,0.0010623931884765625,0.001731574535369873,-0.022143125534057617,0.0036249756813049316,-0.012816429138183594,0.008445918560028076
2021-02-05,0.019627094268798828,0.01200854778289795,0.005669653415679932,-0.041603803634643555,0.009704828262329102,0.002254962921142578,-0.0037778615951538086,0.009565770626068115,-0.010386228561401367,0.009978115558624268
2021-02-08,-0.04304301738739014,-0.012260198593139648,-0.024654746055603027,-0.005515635013580322,-0.03785741329193115,0.018254518508911133,-0.04369306564331055,-0.017780542373657227,0.02481687068939209,-0.022861361503601074
2021-02-09,0.023992300033569336,0.006421327590942383,-0.0015674829483032227,-0.008313179016113281,-0.00957190990447998,0.0021250247955322266,0.0377507209777832,0.011574089527130127,-0.007787525653839111,-0.009372711181640625
2021-02-10,-0.0245821475982666,-0.008249282836914062,0.006964564323425293,-0.01669210195541382,0.005060851573944092,0.011180102825164795,-0.037943482398986816,-0.01145780086517334,-0.00021499395370483398,0.0009523630142211914
2021-02-11,-0.013435721397399902,-0.011412858963012695,0.002915620803833008,0.006612658500671387,0.004571497440338135,-0.006460905075073242,0.006205558776855469,0.0022718310356140137,0.01129150390625,0.00452810525894165
2021-02-12,0.010416686534881592,0.010305047035217285,-0.013277411460876465,0.0033652782440185547,-0.009249687194824219,0.0071326494216918945,-0.01873302459716797,0.004741072654724121,0.005848526954650879,-0.01149141788482666
2021-02-15,0.006698548793792725,0.005987107753753662,0.00015598535537719727,-0.001905977725982666,-0.015253424644470215,0.009159505367279053,0.003900587558746338,0.01596778631210327,-0.01247495412826538,0.005443751811981201
2021-02-16,-0.0105973482131958,0.002461671829223633,0.014665782451629639,-0.021638333797454834,-0.007954001426696777,0.011419236660003662,0.027243196964263916,0.009889006614685059,0.00802910327911377,0.004521727561950684
2021-02-17,0.01334601640701294,0.00955575704574585,0.007046163082122803,-0.01750338077545166,0.023736417293548584,0.01540154218673706,0.016964733600616455,0.011483490467071533,-0.006584465503692627,0.016973435878753662
2021-02-18,-0.010627985000610352,-0.005195021629333496,-0.008690834045410156,-0.0011867880821228027,-0.030921220779418945,0.007262587547302246,0.01181703805923462,0.005125105381011963,0.031644225120544434,-0.006566047668457031
2021-02-19,0.017208397388458252,-0.0021622180938720703,0.000948488712310791,-0.01308351755142212,0.0033603310585021973,0.007315695285797119,0.01006394624710083,-0.004742622375488281,-0.016994833946228027,0.007006525993347168
2021-02-22,0.038910508155822754,0.03157395124435425,0.020175635814666748,-0.007053732872009277,-0.006618380546569824,-0.027399837970733643,0.011362254619598389,-0.03691589832305908,-0.044802844524383545,0.026277363300323486
2021-02-23,0.0020242929458618164,0.011085152626037598,-0.0008882284164428711,-0.010319709777832031,-0.027726173400878906,0.012628674507141113,0.0008468031883239746,0.007351875305175781,-0.005297422409057617,0.00774616003036499
2021-02-24,-0.013184547424316406,-0.006648659706115723,-0.006292939186096191,-0.009535133838653564,0.02999579906463623,0.01112818717956543,-0.006477713584899902,-0.010771036148071289,0.015533089637756348,-0.018635034561157227
2021-02-25,-0.008008003234863281,-0.014465093612670898,-0.00024044513702392578,-0.016739487648010254,0.026007890701293945,-0.006641387939453125,0.011067688465118408,0.016010284423828125,-0.0024036169052124023,0.004449903964996338
2021-02-26,-0.00993049144744873,0.02130746841430664,0.016671955585479736,-0.015492916107177734,0.003002464771270752,0.008978009223937988,-0.0076029300689697266,-0.03371948003768921,-0.04183542728424072,0.026073992252349854
2021-03-01,0.014749288558959961,-0.022980928421020508,-0.010922670364379883,0.002277851104736328,0.004741370677947998,-0.03900039196014404,-0.018471598625183105,0.010330557823181152,0.019202232360839844,-0.009943842887878418
2021-03-02,-0.03892219066619873,-0.025151848793029785,-0.029592037200927734,-0.06229126453399658,-0.030773162841796875,-0.01530611515045166,-0.012565255165100098,0.02809321880340576,0.03420436382293701,-0.03862655162811279
2021-03-03,-0.02785778045654297,-0.012057662010192871,-0.02991616725921631,-0.020441889762878418,-0.004871726036071777,-0.010409235954284668,0.009833812713623047,0.01754617691040039,0.009542346000671387,-0.011910557746887207
2021-03-04,0.014953255653381348,0.007511019706726074,0.009809136390686035,-0.0034644603729248047,0.0053452253341674805,-0.007992863655090332,0.0008276104927062988,-0.0030728578567504883,-0.008378088474273682,-0.0076868534088134766
2021-03-05,0.01897531747817993,0.017223358154296875,0.010290205478668213,0.02026909589767456,0.03218144178390503,0.016035258769989014,0.0037865042686462402,-0.013657033443450928,-0.00888216495513916,-0.04123955965042114
2021-03-08,0.008704066276550293,-0.02166759967803955,-0.01450955867767334,-0.005474448204040527,0.014398276805877686,-0.004297971725463867,-0.010214924812316895,-0.0003657341003417969,0.009398937225341797,-0.009199440479278564
2021-03-09,-0.00780487060546875,-0.011695623397827148,-0.007342219352722168,-0.007837176322937012,0.012250185012817383,-0.0016047954559326172,-0.004056453704833984,0.014632821083068848,0.020896553993225098,0.0055207014083862305
2021-03-10,-0.0590512752532959,-0.015773534774780273,-0.016779303550720215,-0.05965614318847656,-0.03495156764984131,0.006765186786651611,-0.049944281578063965,0.006555318832397461,0.021529316902160645,0.01796853542327881
2021-03-12,0.004570364952087402,0.009357631206512451,-0.004853606224060059,0.027343571186065674,0.01858377456665039,0.002330183982849121,0.00591123104095459,-0.004233241081237793,-0.005710124969482422,-0.0036773681640625
2021-03-15,-0.03764927387237549,-0.013377547264099121,0.0008916854858398438,-0.0177537202835083,-0.007247805595397949,0.01509159803390503,0.007068336009979248,0.0026814937591552734,0.02401590347290039,0.0029528141021728516
2021-03-16,-0.05929207801818848,-0.015014886856079102,-0.007586479187011719,-0.006997227668762207,-0.06508493423461914,-0.03703033924102783,-0.06887006759643555,0.014317631721496582,-0.00010198354721069336,0.006624102592468262
2021-03-17,0.01420217752456665,0.019657492637634277,-0.0021407604217529297,0.016436100006103516,0.028058409690856934,0.016886532306671143,0.0345156192779541,0.0009324550628662109,-0.006526589393615723,-0.022666335105895996
2021-03-18,0.025423705577850342,-0.04020458459854126,-0.03594571352005005,0.01009070873260498,0.028304874897003174,0.029343366622924805,-0.012044191360473633,-0.024558663368225098,-0.024019718170166016,-0.022194504737854004
2021-03-19,-0.032173871994018555,0.01340019702911377,0.005501151084899902,-0.016881108283996582,-0.018044710159301758,-0.029677391052246094,-0.05063295364379883,0.004511713981628418,-0.006941497325897217,0.0007650852203369141
2021-03-22,0.016006767749786377,0.01905357837677002,0.019604921340942383,-0.004417061805725098,-0.00234222412109375,-0.005907654762268066,-0.011069893836975098,0.026047468185424805,0.02510058879852295,0.009429216384887695
2021-03-23,0.017979443073272705,0.002145528793334961,0.0005216598510742188,0.014316797256469727,-0.004041910171508789,0.00676274299621582,0.014360606670379639,0.004137873649597168,0.00030994415283203125,0.0025246143341064453
2021-03-24,0.014821290969848633,-0.005301475524902344,-0.01296091079711914,0.015441834926605225,0.002516031265258789,0.0030460357666015625,0.021286487579345703,-0.006841480731964111,-0.02210289239883423,-0.010576725006103516
2021-03-25,0.02566373348236084,-0.019064247608184814,-0.014791309833526611,0.03386032581329346,-0.0003783702850341797,0.014917314052581787,0.047352612018585205,-0.018022477626800537,-0.024292349815368652,-0.027996957302093506
2021-03-26,-0.01544046401977539,0.0015673637390136719,0.0018384456634521484,-0.028545737266540527,0.023386240005493164,0.008757531642913818,-0.009420394897460938,0.0006362199783325195,0.023706436157226562,0.010735869407653809
2021-03-30,-0.059033989906311035,0.03886079788208008,0.03677654266357422,-0.05465829372406006,-0.09087967872619629,-0.0808025598526001,-0.05544579029083252,0.029917120933532715,0.026964187622070312,0.03549230098724365
2021-03-31,0.010979712009429932,-0.013205409049987793,-0.012463152408599854,0.026110947132110596,0.0013608336448669434,0.05074930191040039,0.0003120899200439453,0.006110429763793945,-0.0257413387298584,-0.009507179260253906
2021-04-01,-0.001707911491394043,0.020302176475524902,0.01254582405090332,-0.014429092407226562,0.016708195209503174,-0.003588080406188965,-0.016233086585998535,-0.004043638706207275,0.0006340742111206055,0.0053043365478515625
2021-04-05,-0.035805583000183105,0.03081989288330078,0.017774105072021484,-0.038100600242614746,-0.004338383674621582,0.004469096660614014,-0.00286710262298584,0.02334904670715332,0.00580906867980957,0.02160811424255371
2021-04-06,0.012345671653747559,-0.00493466854095459,0.0008695125579833984,0.0027989745140075684,0.005879580974578857,-0.031064867973327637,0.01072084903717041,0.007965683937072754,-0.006510555744171143,0.0044269561767578125
2021-04-07,-0.03583335876464844,0.008556962013244629,0.013538956642150879,-0.009606599807739258,0.007483422756195068,-0.009578585624694824,-0.01259160041809082,0.0020521879196166992,0.011415362358093262,0.025220394134521484
2021-04-08,0.008849561214447021,0.0002893209457397461,0.006786227226257324,-0.00642085075378418,-0.01659977436065674,-0.05658102035522461,-0.02578747272491455,0.014046072959899902,0.027275562286376953,0.009314537048339844
2021-04-09,-0.028409123420715332,0.007614493370056152,0.0007804632186889648,-0.01214742660522461,-0.02470242977142334,-0.006367325782775879,-0.03189587593078613,0.0014770030975341797,0.02400815486907959,0.01798391342163086
2021-04-12,0.0157853364944458,-0.034436583518981934,-0.010563671588897705,0.02760016918182373,0.035664260387420654,0.05353665351867676,0.026095330715179443,-0.022785723209381104,-0.012815356254577637,-0.038819193840026855
2021-04-13,-0.07297515869140625,-0.02575784921646118,-0.020063042640686035,0.03511244058609009,0.034319937229156494,0.013712704181671143,0.038807570934295654,-0.043892741203308105,-0.037536442279815674,-0.03143894672393799
2021-04-15,0.05363321304321289,0.008643507957458496,-0.026104092597961426,0.015347182750701904,-0.010843634605407715,0.0036496520042419434,-0.0057604312896728516,0.03701615333557129,-0.00899207592010498,0.027965068817138672
2021-04-16,0.04187190532684326,0.02102029323577881,-0.005105495452880859,-0.011050105094909668,-0.005084633827209473,-0.02721083164215088,-0.003170490264892578,-0.0073937177658081055,0.017830848693847656,-0.08938539028167725
2021-04-19,-0.018912553787231445,-0.017921507358551025,0.006490111351013184,0.006491541862487793,0.003084719181060791,-0.00475466251373291,0.01564967632293701,-0.01043766736984253,-0.010365903377532959,-0.007580757141113281
2021-04-20,-0.032931745052337646,-0.03348076343536377,-0.008247733116149902,0.023158252239227295,0.02760070562362671,0.026702702045440674,0.012584149837493896,-0.005455732345581055,-0.01717817783355713,0.005753517150878906
2021-04-22,-0.04318934679031372,0.0006241798400878906,-0.00015115737915039062,0.013604581356048584,0.009355366230010986,0.005730152130126953,0.01735985279083252,-0.008188784122467041,-0.01641261577606201,-0.03516590595245361
2021-04-23,-0.010416686534881592,-0.006497561931610107,-0.012854456901550293,0.0036268234252929688,-0.03385591506958008,0.004016757011413574,-0.0007472038269042969,-0.0029819607734680176,-0.01863694190979004,0.02236074209213257
2021-04-26,-0.014912307262420654,-0.02809607982635498,0.007353544235229492,-0.008459210395812988,-0.016963839530944824,-0.013326287269592285,-0.03232002258300781,-0.002797842025756836,0.012918233871459961,-0.009456753730773926
2021-04-27,0.01068568229675293,5.3763389587402344e-05,0.0036499500274658203,0.006189584732055664,0.011487185955047607,-0.030628085136413574,-0.008266210556030273,0.010061860084533691,0.0076302289962768555,-0.010021805763244629
2021-04-28,0.010572671890258789,-0.005436837673187256,0.005606532096862793,0.004821300506591797,-0.026517391204833984,-0.048018813133239746,-0.0047141313552856445,-0.002522289752960205,0.008654236793518066,-0.00884389877319336
2021-04-29,-0.007846534252166748,-0.015425443649291992,0.00022602081298828125,0.010241985321044922,-0.012464642524719238,0.025312423706054688,-0.021266818046569824,-0.0028328299522399902,-0.0005362629890441895,-0.0010690689086914062
2021-04-30,0.008787393569946289,-0.011654078960418701,-0.0014311671257019043,-0.010192155838012695,0.003033161163330078,-0.0027942657470703125,-0.017877697944641113,-0.02555173635482788,-0.017383873462677002,-0.005980372428894043
2021-05-03,0.011324048042297363,0.00973355770111084,-0.0017348527908325195,-0.008572697639465332,-0.012288928031921387,-0.0004917383193969727,-0.054898619651794434,0.00044476985931396484,-0.002948582172393799,0.010828018188476562
2021-05-04,-0.01808786392211914,-0.007436394691467285,-0.016775012016296387,0.019675850868225098,0.017856121063232422,0.0021297335624694824,-0.02446293830871582,0.004198193550109863,0.0029573440551757812,0.01116114854812622
2021-05-05,0.014912247657775879,0.009379029273986816,0.009145379066467285,-0.01787388324737549,0.0045601725578308105,-0.022163867950439453,-0.0227891206741333,0.015066742897033691,0.0,-0.017799019813537598
2021-05-06,-0.17372512817382812,0.0072574615478515625,0.015002727508544922,0.026256918907165527,-0.05840873718261719,0.017346620559692383,0.02294713258743286,0.005087733268737793,0.01878345012664795,-0.04435920715332031
2021-05-07,0.0044182538986206055,0.0004366636276245117,-0.006677687168121338,0.011475861072540283,-0.0001138448715209961,-0.024027466773986816,-0.02607548236846924,0.00689387321472168,0.003215789794921875,-0.005717754364013672
2021-05-10,0.04659765958786011,-0.002673506736755371,-0.009592950344085693,0.027370929718017578,0.0012527704238891602,-0.02553868293762207,-0.02111828327178955,0.004021883010864258,0.009936928749084473,-0.02091372013092041
2021-05-11,-0.06051206588745117,-0.00727611780166626,-0.006635129451751709,0.012713253498077393,-0.0026797056198120117,-0.03206229209899902,-0.0010406970977783203,-0.007280230522155762,-0.013965308666229248,0.014518678188323975
2021-05-12,0.007315278053283691,-0.001322627067565918,-0.0027638673782348633,-0.011923670768737793,0.027521908283233643,0.017795205116271973,0.041666626930236816,-0.011208593845367432,-0.015450656414031982,0.020787060260772705
2021-05-14,0.012527644634246826,0.004690408706665039,-0.008006811141967773,0.01738119125366211,0.006022632122039795,0.0007677078247070312,-0.029738664627075195,-0.01169198751449585,-0.010897994041442871,0.01813685894012451
2021-05-17,-0.005223870277404785,0.012962102890014648,0.009856343269348145,0.004085242748260498,0.015236198902130127,-0.05055314302444458,-0.05530202388763428,0.0059806108474731445,0.001212000846862793,-0.0029387474060058594
2021-05-18,-0.018559813499450684,0.01024770736694336,0.00799262523651123,-0.014440536499023438,-0.001553177833557129,0.006959080696105957,0.03036099672317505,0.0062056779861450195,0.018818020820617676,-0.016324877738952637
2021-05-19,0.04446065425872803,-0.00021463632583618164,-0.0022110342979431152,-0.030890703201293945,-0.001610398292541504,-0.00032144784927368164,-0.03302741050720215,-0.0022014975547790527,0.007344961166381836,-0.007001638412475586
2021-05-20,-0.01372992992401123,-0.007515549659729004,0.0016810894012451172,0.019732117652893066,0.0020246505737304688,0.024598121643066406,0.03139007091522217,-0.007138192653656006,-0.004825234413146973,0.006543993949890137
2021-05-21,-0.0022573471069335938,0.00676119327545166,0.01136624813079834,0.004926860332489014,-0.012649893760681152,0.010826945304870605,-0.024176955223083496,0.006699323654174805,0.007865548133850098,-0.00864553451538086
2021-05-24,0.012012004852294922,0.00231015682220459,-0.004751861095428467,-0.002352595329284668,-0.025396227836608887,0.013505101203918457,-0.01674199104309082,0.00032460689544677734,0.0034209489822387695,-0.004489779472351074
2021-05-25,-0.01595747470855713,0.00836193561553955,0.010079622268676758,-0.011803269386291504,-0.02838754653930664,-0.031857848167419434,-0.02889835834503174,0.01054680347442627,0.009269118309020996,-0.0050792694091796875
2021-05-26,-0.0426328182220459,0.005528450012207031,-0.02618539333343506,-0.024909019470214844,-0.018439888954162598,-0.025312423706054688,-0.006241559982299805,0.014290332794189453,0.01572895050048828,-0.018597126007080078
2021-05-27,-0.0028694868087768555,-0.003594815731048584,-0.003509521484375,-0.03275132179260254,-0.02946341037750244,-0.0068171024322509766,-0.005169034004211426,0.00680696964263916,0.01226353645324707,-0.026195645332336426
2021-05-28,-0.013590812683105469,0.00015914440155029297,-0.0020401477813720703,-0.0015671253204345703,0.01710820198059082,0.011603236198425293,0.018077492713928223,-0.011446535587310791,0.00646817684173584,0.004254400730133057
2021-05-31,0.003528594970703125,0.0028115510940551758,0.008071064949035645,-0.003040313720703125,-0.004392147064208984,-0.01599353551864624,-0.024453163146972656,0.004946470260620117,-0.004590451717376709,-0.000582575798034668
2021-06-01,-0.01628899574279785,0.005818843841552734,0.00469130277633667,0.013126492500305176,-0.0030232667922973633,0.011492371559143066,0.019229233264923096,-0.0019466876983642578,0.00891578197479248,-0.006987571716308594
2021-06-02,0.0034843087196350098,-0.007310390472412109,0.006186485290527344,0.013416767120361328,0.02239084243774414,0.005518555641174316,0.006615638732910156,-0.007469117641448975,-0.013509392738342285,-0.00038552284240722656
2021-06-03,-0.019580364227294922,-0.00455629825592041,-0.008003473281860352,0.0002474784851074219,-0.0065517425537109375,0.0012913942337036133,0.02623504400253296,0.003770589828491211,-0.002574145793914795,0.007321774959564209
2021-06-04,-0.013717412948608398,-0.0030869245529174805,0.0028671622276306152,-0.004977226257324219,0.005524575710296631,-0.005481243133544922,-0.020600199699401855,0.0007958412170410156,0.004851818084716797,-0.0040760040283203125
2021-06-07,-0.004736185073852539,0.013934135437011719,-0.0028754472732543945,-0.008608579635620117,-0.029921412467956543,0.01313018798828125,0.0004467964172363281,0.012548685073852539,0.015307188034057617,-0.012951850891113281
2021-06-08,-0.030303001403808594,-0.018534183502197266,-0.016762256622314453,-0.02863895893096924,0.016982674598693848,0.005280017852783203,-0.02104663848876953,0.005324840545654297,0.023272275924682617,-0.004389286041259766
2021-06-09,-0.005882382392883301,-0.0042389631271362305,-0.0016630887985229492,0.016170144081115723,0.007605791091918945,-0.021645724773406982,0.009908437728881836,3.123283386230469e-05,-0.005339622497558594,0.011590301990509033
2021-06-10,-0.012995481491088867,0.00283128023147583,-0.0063523054122924805,-0.024984121322631836,-0.024689435958862305,0.012851834297180176,-0.01229846477508545,0.005171537399291992,0.012327194213867188,-0.018262147903442383
2021-06-11,-0.021167397499084473,-0.015280604362487793,-0.01592433452606201,-0.03444981575012207,-0.023880720138549805,-0.04368782043457031,-0.0005955696105957031,0.017719507217407227,0.007758021354675293,-0.00018870830535888672
2021-06-14,0.018216073513031006,-0.0008643865585327148,-0.010237932205200195,0.0015693902969360352,0.007722437381744385,0.003847360610961914,-0.0016665458679199219,0.0007789134979248047,-0.0035080909729003906,-0.01321256160736084
2021-06-15,-0.009596943855285645,-0.0012700557708740234,-0.008316993713378906,0.0033473968505859375,-0.03439033031463623,-0.02147376537322998,-0.007051229476928711,-0.004150986671447754,-0.002346932888031006,0.006706357002258301
2021-06-16,-0.00823831558227539,0.00613933801651001,-0.0045053958892822266,-0.01351916790008545,-0.018606066703796387,0.013914108276367188,0.005664348602294922,0.0035552978515625,0.002254486083984375,0.004688680171966553
2021-06-17,-0.0,-0.00714719295501709,-0.00993657112121582,0.009335994720458984,0.02894645929336548,0.03435581922531128,-0.011076807975769043,0.013254523277282715,0.010660171508789062,-0.0062181949615478516
2021-06-18,0.0018855929374694824,0.01130378246307373,-0.005397677421569824,0.02342820167541504,0.0033921003341674805,0.013659477233886719,0.0061820149421691895,-0.00616377592086792,-0.009096205234527588,0.015917599201202393
2021-06-21,-0.009445786476135254,-0.006921291351318359,0.002038717269897461,-0.0015592575073242188,-0.007271409034729004,-0.018840551376342773,-0.009999990463256836,-0.007339298725128174,-0.007519543170928955,0.013891518115997314
2021-06-22,0.00748598575592041,0.001934826374053955,-0.00769495964050293,-0.007833003997802734,0.019250452518463135,0.011695921421051025,-0.006548762321472168,0.008585095405578613,-0.005510151386260986,-0.02682352066040039
2021-06-23,0.010685086250305176,0.007346153259277344,0.005744040012359619,-0.0019704103469848633,0.012058854103088379,-0.007516384124755859,0.00836491584777832,-0.012056231498718262,-0.0006926059722900391,-0.029505670070648193
2021-06-24,-0.0349428653717041,-0.017267942428588867,-0.03731381893157959,-0.016035914421081543,-0.033025145530700684,-0.004127025604248047,-0.005701780319213867,-0.03440248966217041,0.02287125587463379,0.016266345977783203
2021-06-25,-0.0061386823654174805,-0.006011962890625,-0.009631872177124023,-0.0072879791259765625,-0.009053707122802734,-0.010433077812194824,-0.017785072326660156,-0.0021342039108276367,0.00909888744354248,-0.0028582215309143066
2021-06-28,-0.006101250648498535,0.010395228862762451,0.0015575289726257324,0.022132933139801025,0.00882035493850708,0.01142054796218872,-0.030980467796325684,0.01302945613861084,0.014676332473754883,-0.00019103288650512695
2021-06-29,0.014554262161254883,0.0017253756523132324,0.005589842796325684,-0.002911090850830078,-0.018462657928466797,0.005855381488800049,-0.04081857204437256,-0.0012288093566894531,-0.01578754186630249,-0.008792102336883545
2021-06-30,-0.023384571075439453,0.00010162591934204102,-0.011373281478881836,0.015202581882476807,-0.023651719093322754,-0.02308177947998047,-0.04490673542022705,-0.0014666318893432617,0.0069158077239990234,0.005591988563537598
2021-07-01,-0.008418560028076172,-0.0020335912704467773,0.01292574405670166,0.013386368751525879,-0.01805245876312256,0.009024441242218018,-0.007349848747253418,0.001270294189453125,-0.009634733200073242,-0.011313557624816895
2021-07-02,-0.0011925697326660156,0.0008624792098999023,-0.0047795772552490234,-0.0064852237701416016,0.007950663566589355,-0.0009421110153198242,0.010437726974487305,0.0048032402992248535,0.0040454864501953125,-0.0015515685081481934
2021-07-05,-0.00536036491394043,0.004976391792297363,-0.007102847099304199,-0.0009398460388183594,0.01938021183013916,0.00784313678741455,0.008807003498077393,0.0013381242752075195,-0.013910233974456787,-0.004079222679138184
2021-07-06,0.006516575813293457,0.00785917043685913,0.010611474514007568,0.0062767863273620605,-0.006142020225524902,-0.042845845222473145,-0.0034095048904418945,0.017675399780273438,-0.02402961254119873,-0.007021665573120117
2021-07-07,-0.012522339820861816,-0.0033948421478271484,-0.001569509506225586,-0.003369569778442383,-0.022596359252929688,0.005761086940765381,-0.034562110900878906,-0.0038776397705078125,-0.003588557243347168,-0.0007857084274291992
2021-07-08,-0.051825642585754395,-0.001486659049987793,0.0024812817573547363,-0.001908421516418457,-0.0012516975402832031,-0.013113737106323242,-0.004941463470458984,0.005022943019866943,0.014005661010742188,-0.0021623969078063965
2021-07-09,0.02407616376876831,-5.1140785217285156e-05,-0.0013747215270996094,-0.0028694868087768555,-0.02495431900024414,-0.050270915031433105,-0.00853872299194336,0.015451908111572266,-0.008089900016784668,-0.009850263595581055
2021-07-12,-0.0068846940994262695,-0.0026617050170898438,0.0096091628074646,0.004600346088409424,0.006520569324493408,0.011751234531402588,-0.0003243684768676758,0.004691123962402344,0.004674673080444336,0.0
2021-07-13,0.01538461446762085,0.011741280555725098,0.0019140839576721191,0.004361331462860107,0.011190831661224365,-0.030017375946044922,-0.006848812103271484,0.001738131046295166,-0.0062369704246521,-0.0019896626472473145
2021-07-14,-0.04976856708526611,-0.022211909294128418,-0.02069830894470215,-0.04900634288787842,-0.08638548851013184,-0.0373082160949707,0.011396646499633789,-0.008470416069030762,-0.0276947021484375,-0.07037484645843506
2021-07-15,-0.012127876281738281,-0.05083632469177246,-0.0024619102478027344,-0.048757314682006836,-0.005846142768859863,0.014657974243164062,0.021244525909423828,0.0036086440086364746,-0.032376885414123535,-0.025330543518066406
2021-07-16,0.009259283542633057,-0.03342151641845703,0.01602792739868164,0.02978336811065674,-0.0005244016647338867,0.019283771514892578,-0.0014407634735107422,0.0025445222854614258,0.008544564247131348,-0.0030881166458129883
2021-07-19,0.0005497336387634277,-0.004776120185852051,0.008866965770721436,-0.02121901512145996,0.02031010389328003,-0.013904452323913574,-0.007284343242645264,0.0031926631927490234,0.008334159851074219,0.006881535053253174
2021-07-20,0.0005500316619873047,-0.022995412349700928,-0.0054340362548828125,0.005023300647735596,-0.011234879493713379,0.02992105484008789,-0.005459010601043701,-0.006657004356384277,0.006589651107788086,0.009846866130828857
2021-07-22,-0.026417136192321777,0.001432657241821289,-0.025902986526489258,-0.011141419410705566,-0.012476921081542969,-0.025417685508728027,0.008197903633117676,-0.003290891647338867,-0.05796968936920166,-0.028360962867736816
2021-07-23,-0.00536191463470459,0.015736818313598633,-0.00019276142120361328,0.010201573371887207,-0.056694984436035156,0.010444223880767822,-0.07445371150970459,0.0010882019996643066,0.0157201886177063,-0.02560889720916748
2021-07-26,-0.006399989128112793,0.006338000297546387,-0.008414626121520996,0.002247154712677002,-0.023818373680114746,-0.03335213661193848,-0.06942617893218994,0.004762113094329834,0.009785771369934082,0.014667391777038574
2021-07-27,-0.001059889793395996,-0.008297502994537354,0.000828087329864502,0.0004596114158630371,-0.0029382705688476562,-0.008443474769592285,0.0267983078956604,0.004566013813018799,-0.0005593299865722656,-0.001772165298461914
2021-07-28,-0.004235029220581055,-0.008971810340881348,-0.0019124746322631836,-0.0018162727355957031,0.0034914612770080566,-0.05158674716949463,0.02058112621307373,-0.004665493965148926,0.0011181235313415527,-0.0010614395141601562
2021-07-29,-0.09066951274871826,0.024921178817749023,-0.007126569747924805,-0.06479930877685547,-0.032338500022888184,-0.0026967525482177734,-0.008069753646850586,0.0006254315376281738,-0.007555961608886719,0.0028274059295654297
2021-07-30,0.016916394233703613,0.017219066619873047,0.004043459892272949,-0.00963437557220459,0.026722311973571777,0.016649603843688965,-0.00646817684173584,0.008871018886566162,-0.07425248622894287,0.005316317081451416
2021-08-02,-0.011307716369628906,0.010195732116699219,-0.01306772232055664,-0.0038639307022094727,-0.01062166690826416,0.007293581962585449,0.0019088983535766602,-0.016401171684265137,-0.0010341405868530273,-0.008551597595214844
2021-08-03,0.03451627492904663,0.003911495208740234,-0.014464616775512695,-0.0037958621978759766,-0.02546215057373047,0.0013120174407958984,0.022822856903076172,-0.020345449447631836,-0.013086438179016113,-0.012012124061584473
2021-08-04,0.048338353633880615,0.00048100948333740234,0.0035799741744995117,0.005380988121032715,0.01082921028137207,-0.0014450550079345703,0.0022833943367004395,0.003333449363708496,0.00807344913482666,0.004189252853393555
2021-08-05,-0.008994698524475098,0.02038562297821045,-0.0026017427444458008,-0.0020874738693237305,-0.0005865097045898438,-0.028466463088989258,-0.008631348609924316,-0.003054380416870117,-0.02664506435394287,-0.0068361759185791016
2021-08-06,-0.00471949577331543,-0.010554671287536621,0.0020389556884765625,-0.012296080589294434,-0.011253833770751953,-0.004336714744567871,-0.010826587677001953,-0.007871627807617188,-0.013435721397399902,0.005048811435699463
2021-08-09,-0.002087712287902832,0.0005714893341064453,-0.007986664772033691,0.00298154354095459,-0.0027822256088256836,-0.009144067764282227,-0.00391232967376709,-0.003897428512573242,-0.018527626991271973,0.0017497539520263672
2021-08-10,-0.0026041269302368164,0.012517213821411133,-0.008353233337402344,-0.008560895919799805,-0.002504706382751465,-0.010319709777832031,-0.009582877159118652,-0.0033707618713378906,-0.028215765953063965,-0.011568784713745117
2021-08-11,0.02545452117919922,0.0030553340911865234,-0.00018274784088134766,0.007224917411804199,0.013414859771728516,0.012705504894256592,0.020565688610076904,-0.0030895471572875977,-0.0004717111587524414,0.004158675670623779
2021-08-12,-0.033582091331481934,0.027695775032043457,-0.007186412811279297,-0.025797128677368164,-0.03494763374328613,-0.05324244499206543,-0.023194193840026855,-0.002257704734802246,-0.048569560050964355,-0.007656097412109375
2021-08-13,0.007220208644866943,0.020930171012878418,-0.013363122940063477,0.0029833316802978516,0.003915011882781982,0.011859118938446045,0.01357579231262207,-0.033310890197753906,0.0025482773780822754,-0.015886783599853516
2021-08-16,0.005714297294616699,0.0037518739700317383,0.0045348405838012695,0.01803600788116455,0.002758920192718506,-0.0,0.0033286213874816895,-0.002757430076599121,0.011271417140960693,0.0025497078895568848
2021-08-17,-0.017763853073120117,0.017176151275634766,-0.021878600120544434,-0.038546204566955566,-0.035358309745788574,0.0030306577682495117,-0.031438589096069336,-0.023064017295837402,-0.03419971466064453,-0.03408312797546387
2021-08-18,-0.02156054973602295,-0.00761181116104126,0.004751324653625488,-0.0046280622482299805,-0.0009517669677734375,0.018482506275177002,-0.0007783174514770508,-0.0021108388900756836,0.000808417797088623,0.008569538593292236
2021-08-20,0.013567864894866943,-0.014899730682373047,0.00029468536376953125,0.012756407260894775,-0.0013530254364013672,0.020069360733032227,0.01017296314239502,0.0002949237823486328,0.009634435176849365,0.014960110187530518
2021-08-23,-0.016301631927490234,-0.04094505310058594,-0.0033605098724365234,-0.02741825580596924,-0.0067560672760009766,0.005689024925231934,-0.010277509689331055,-0.021885037422180176,-0.012253046035766602,-0.014174818992614746
2021-08-24,0.009022533893585205,0.008769631385803223,0.010282635688781738,0.014001309871673584,0.024122178554534912,-0.04094088077545166,-0.00024890899658203125,0.0066530704498291016,-0.034113407135009766,-0.007820367813110352
2021-08-25,-0.011633753776550293,-0.0012576580047607422,-0.008549094200134277,-0.021184802055358887,0.002527594566345215,-0.028948307037353516,-0.003483414649963379,-0.012675762176513672,0.00021278858184814453,0.00330197811126709
2021-08-26,0.0059999823570251465,-0.011348366737365723,0.00453263521194458,-0.009788036346435547,0.01784980297088623,-0.006172895431518555,0.003719329833984375,-0.0035119056701660156,0.009437322616577148,0.0041411519050598145
2021-08-27,-0.021629810333251953,0.0038545727729797363,0.010939598083496094,-0.01866590976715088,-0.056381821632385254,-0.005427122116088867,-0.012163996696472168,-0.013154029846191406,0.002865314483642578,-0.009481072425842285
2021-08-30,-0.008862614631652832,-0.00038695335388183594,0.006277680397033691,-0.007518768310546875,0.010487735271453857,0.010912954807281494,-0.02148449420928955,0.005066931247711182,0.018534541130065918,0.003954589366912842
2021-08-31,-0.017081499099731445,-0.016245484352111816,-0.004933595657348633,-0.007491111755371094,-0.011760354042053223,0.0033218860626220703,0.00042122602462768555,-0.023005366325378418,-0.020494818687438965,-0.01356494426727295
2021-09-01,0.00815737247467041,0.01492851972579956,0.016823410987854004,0.005995392799377441,0.02238643169403076,0.010236859321594238,-0.0033112764358520508,-0.018883109092712402,0.008033275604248047,-0.001632094383239746
2021-09-02,0.0019351840019226074,-0.00695490837097168,-0.006759285926818848,-0.020527958869934082,-0.019486308097839355,-0.01443171501159668,-0.015001535415649414,0.03278648853302002,-0.0010845661163330078,-0.014502167701721191
2021-09-03,-0.01648080348968506,-0.0017054080963134766,-0.006834745407104492,-0.013406991958618164,-0.022461414337158203,-0.007113218307495117,-0.017262697219848633,0.0013813972473144531,-0.002961397171020508,-0.005621552467346191
2021-09-06,-0.007153034210205078,-0.02162158489227295,-0.017481684684753418,0.003140270709991455,-0.02534770965576172,-0.01530313491821289,-0.026239395141601562,0.002589702606201172,-0.013538837432861328,-0.04791569709777832
2021-09-07,0.01893937587738037,0.014956533908843994,0.013697803020477295,0.007218897342681885,0.016583681106567383,0.016463756561279297,0.00501173734664917,-0.009371757507324219,0.01811850070953369,0.01768016815185547
2021-09-08,0.008687257766723633,-0.005582928657531738,0.007841944694519043,0.0012026429176330566,0.0062146782875061035,0.006955087184906006,0.014570295810699463,-0.010941088199615479,0.005210280418395996,0.017843306064605713
2021-09-09,0.0038948655128479004,-0.00820159912109375,0.0009653568267822266,-0.006715059280395508,-0.012155771255493164,-0.012583136558532715,-0.009443163871765137,0.004570603370666504,-0.003855466842651367,-0.0003160238265991211
2021-09-13,-0.012218952178955078,-0.00821828842163086,-0.00018107891082763672,-0.010010123252868652,-0.002256155014038086,-0.019460678100585938,-0.026376724243164062,0.014229655265808105,0.002608656883239746,-0.012476205825805664
2021-09-14,-0.02269434928894043,-0.025033116340637207,0.0034418106079101562,-0.016660690307617188,-0.018770575523376465,0.005059778690338135,2.7835369110107422e-05,0.010545134544372559,-0.016056418418884277,-0.004055619239807129
2021-09-15,-0.014164328575134277,-0.027933597564697266,-0.015026569366455078,-0.012445330619812012,-0.04541599750518799,-0.007397174835205078,-0.018424510955810547,0.01766645908355713,-0.009009599685668945,-0.0009320974349975586
2021-09-16,-0.01769089698791504,0.007971763610839844,0.005372464656829834,-0.003973484039306641,0.00539785623550415,0.012849926948547363,-0.011413097381591797,-0.012959778308868408,0.011480391025543213,0.009312450885772705
2021-09-17,0.003659665584564209,-0.00015842914581298828,0.0064217448234558105,-0.0075719356536865234,-0.006179094314575195,0.0036029815673828125,-0.04259347915649414,-0.01932978630065918,-0.002222418785095215,0.003916680812835693
2021-09-20,0.017447173595428467,-0.010171771049499512,0.0020537972450256348,-0.02935999631881714,0.027846455574035645,0.020996153354644775,-0.0017523765563964844,-0.0011364221572875977,0.014234662055969238,0.003932058811187744
2021-09-21,-0.03411209583282471,-0.018297195434570312,-0.018158674240112305,0.03466451168060303,-0.029579877853393555,0.005838215351104736,0.013760685920715332,0.010317802429199219,-0.02169656753540039,-0.007579326629638672
2021-09-22,-0.004970669746398926,-0.01231241226196289,0.0009511709213256836,0.01891195774078369,-0.01720559597015381,-0.0008388757705688477,0.038152217864990234,-0.00020712614059448242,-0.036150574684143066,-0.0009403228759765625
2021-09-23,-0.01663672924041748,-0.009730219841003418,-0.014935970306396484,0.03221452236175537,-0.027414321899414062,-0.005628108978271484,0.014796853065490723,0.0018383264541625977,-0.005346417427062988,-0.009237408638000488
2021-09-24,0.00044226646423339844,-0.02250993251800537,-0.012253761291503906,0.03224444389343262,-0.0011181831359863281,-0.002857804298400879,-0.004665970802307129,0.0005298852920532227,0.004499852657318115,-0.0031026601791381836
2021-09-27,-0.04159289598464966,-0.04638493061065674,-0.024210870265960693,-0.04030424356460571,-0.03772997856140137,-0.028140604496002197,-0.0390474796295166,-0.00887298583984375,-0.03390181064605713,-0.03325086832046509
2021-09-28,-0.03693443536758423,-0.02022850513458252,-0.01976609230041504,-0.03492361307144165,-0.020088374614715576,-0.0014660954475402832,-0.02671992778778076,-0.015064060688018799,-0.03502058982849121,-0.022076427936553955
2021-09-29,0.0086289644241333,0.009613871574401855,0.003027677536010742,-0.004634976387023926,-0.0030930638313293457,-0.010277748107910156,0.008942365646362305,0.00337374210357666,-0.013517439365386963,0.001963019371032715
2021-09-30,-0.003327012062072754,-0.0012877583503723145,-0.010082125663757324,0.0035772323608398438,-0.013170123100280762,0.005192279815673828,0.04897260665893555,-0.004311800003051758,-0.010798335075378418,-0.010448992252349854
2021-10-01,0.007153034210205078,-0.004532873630523682,-0.005976676940917969,-0.0024890899658203125,-0.025654733180999756,-0.010207831859588623,-0.01967012882232666,-0.012011528015136719,-0.006926178932189941,0.0032998323440551758
2021-10-04,0.01089012622833252,0.003846883773803711,0.008159995079040527,-0.0021996498107910156,0.02118086814880371,0.025720715522766113,0.01951587200164795,0.011554360389709473,0.020695924758911133,0.007564663887023926
2021-10-05,0.008430957794189453,0.020725011825561523,0.00833737850189209,0.004748940467834473,0.01717817783355713,0.018534183502197266,0.009880661964416504,0.01590120792388916,0.010249495506286621,0.00897669792175293
2021-10-06,-0.01486295461654663,-0.02275604009628296,-0.011346518993377686,-0.01327747106552124,-0.009617328643798828,-0.009633660316467285,-0.007891237735748291,-0.0058435797691345215,-0.01977640390396118,-0.01698482036590576
2021-10-07,0.0278170108795166,0.024187564849853516,0.010438919067382812,0.01560068130493164,0.024426817893981934,0.018734216690063477,0.0242919921875,0.021517276763916016,0.023250579833984375,0.011354207992553711
2021-10-08,0.03577983379364014,0.012133479118347168,0.019393444061279297,0.03564620018005371,0.019609808921813965,0.010373711585998535,0.05265223979949951,0.010981559753417969,0.01634538173675537,-0.02831113338470459
2021-10-11,-0.05004429817199707,-0.014559626579284668,-0.019083797931671143,-0.017447829246520996,-0.04472702741622925,-0.009800493717193604,-0.01617443561553955,-0.06353455781936646,-0.02812635898590088,0.012658238410949707
2021-10-12,-0.01538461446762085,-0.04033315181732178,-0.003383457660675049,-0.009389042854309082,0.006120085716247559,-0.0016495585441589355,-0.01433783769607544,-0.00888592004776001,-0.018774092197418213,-0.009615421295166016
2021-10-13,0.01089012622833252,0.011996626853942871,0.014246702194213867,0.02187514305114746,0.002227187156677246,0.0014162063598632812,0.02863013744354248,0.0006432533264160156,0.02057015895843506,-0.020476222038269043
2021-10-14,0.0501171350479126,-0.011222124099731445,0.0038254261016845703,0.02479267120361328,0.04431021213531494,0.007542729377746582,0.0523686408996582,-0.011969268321990967,0.020822525024414062,-0.05288541316986084
2021-10-18,0.0,-0.023778140544891357,-0.044539690017700195,-0.03165322542190552,0.028043389320373535,-0.010644495487213135,-0.019824326038360596,0.009885191917419434,0.03484320640563965,-0.0023636817932128906
2021-10-19,0.04594111442565918,0.008760452270507812,-0.016759753227233887,-0.16073894500732422,0.05749154090881348,-0.047765374183654785,0.015380859375,-0.0035644173622131348,0.04096519947052002,-0.002358078956604004
2021-10-20,-0.00724947452545166,0.0006493330001831055,0.010876893997192383,-0.012399435043334961,-0.021880805492401123,-0.0551794171333313,0.00794363021850586,-0.006961703300476074,0.0001347064971923828,0.013380348682403564
2021-10-21,-0.06400340795516968,-0.01800638437271118,0.027037739753723145,0.041331946849823,-0.021563827991485596,-0.031529903411865234,-0.04461216926574707,-0.021156370639801025,-0.009971678256988525,0.008196711540222168
2021-10-22,-0.009178519248962402,-0.013793647289276123,0.019283413887023926,0.01650303602218628,-0.04242980480194092,0.0009865760803222656,-0.04084920883178711,-0.009525775909423828,-0.004559755325317383,0.01983475685119629
2021-10-25,-0.0606762170791626,-0.02395308017730713,0.007128417491912842,0.02018028497695923,-0.01593881845474243,-0.02266848087310791,0.02267622947692871,-0.0016863346099853516,0.004512310028076172,0.021615803241729736
2021-10-26,0.003451704978942871,0.0012012720108032227,0.0022735595703125,-0.01484835147857666,0.012795567512512207,0.022185802459716797,-0.007601559162139893,-0.0029630661010742188,0.026202917098999023,-0.0007834434509277344
2021-10-27,-0.008845210075378418,0.008870363235473633,-0.01481175422668457,-0.023345351219177246,0.033743858337402344,0.027623653411865234,0.027585506439208984,0.0020530223846435547,0.0029181241989135742,-0.004227399826049805
2021-10-28,-0.001983165740966797,-0.02136516571044922,0.014477312564849854,-0.004625678062438965,-0.024474024772644043,-0.052442073822021484,-0.012258529663085938,-0.01951432228088379,-0.02241760492324829,0.02104771137237549
2021-10-29,-0.032290101051330566,-0.007161438465118408,0.021225571632385254,0.001053929328918457,-0.010910570621490479,-0.0016463994979858398,-0.0162467360496521,-0.006984889507293701,-0.03686666488647461,0.015448331832885742
2021-11-01,0.042607784271240234,-0.039737701416015625,-0.019358038902282715,-0.017935514450073242,0.026775717735290527,-0.003551959991455078,0.03241837024688721,0.0231475830078125,0.030552029609680176,-0.013264298439025879
2021-11-02,-0.006893157958984375,0.015598654747009277,0.0012620091438293457,0.007240355014801025,0.0203934907913208,-0.0017822980880737305,0.005282759666442871,0.0022437572479248047,-0.021059095859527588,0.0022350549697875977
2021-11-03,0.004462122917175293,-0.00486910343170166,-0.0027077198028564453,0.0024952292442321777,-0.026474475860595703,0.0017855167388916016,-0.0170174241065979,0.0023103952407836914,0.0054302215576171875,0.0020799636840820312
2021-11-04,0.003455042839050293,-0.0057381391525268555,-0.00366055965423584,-0.004297852516174316,0.0053130388259887695,0.004201173782348633,0.011591315269470215,0.0046961307525634766,0.0049163103103637695,-0.0019240379333496094
2021-11-08,0.033448100090026855,0.00021129846572875977,-0.0168609619140625,-0.009297847747802734,0.021015048027038574,0.012043595314025879,0.013508200645446777,-0.001681506633758545,0.034107327461242676,-0.007201194763183594
2021-11-09,0.024750113487243652,0.008496344089508057,-0.002881169319152832,-0.0017209053039550781,-0.0036141276359558105,-0.008768618106842041,0.008113741874694824,0.0008422136306762695,0.0019322633743286133,-0.0
2021-11-10,-0.005109131336212158,0.0031122565269470215,0.0013484358787536621,0.0005629062652587891,-0.003012537956237793,0.011879205703735352,0.004060626029968262,-0.00610429048538208,0.004854679107666016,0.00889742374420166
2021-11-11,0.0037348270416259766,0.007227540016174316,0.003933608531951904,-0.016523361206054688,-0.004501640796661377,-0.005744993686676025,-0.005681037902832031,0.0011192560195922852,-0.02905362844467163,0.01651167869567871
2021-11-12,0.00790703296661377,-0.010037064552307129,-0.0270540714263916,-0.04238176345825195,0.0015796422958374023,-0.003642737865447998,0.00397038459777832,0.010850906372070312,0.04226028919219971,-0.028198838233947754
2021-11-15,0.014305472373962402,0.0012794733047485352,-0.003902435302734375,0.00633692741394043,0.02102792263031006,0.0013867616653442383,0.02623581886291504,0.007728219032287598,-0.003793060779571533,0.0015853047370910645
2021-11-16,0.04140126705169678,0.006362855434417725,-0.002858281135559082,-0.013053417205810547,0.00938880443572998,0.0025179386138916016,0.010667920112609863,0.0008723735809326172,0.013391971588134766,-0.0038107633590698242
2021-11-17,0.020532965660095215,0.009412109851837158,0.002679169178009033,-0.0145035982131958,-0.0034505724906921387,0.002260446548461914,0.0035338401794433594,-0.00970083475112915,0.011789917945861816,-0.0006326436996459961
2021-11-18,-0.04580479860305786,0.02798384428024292,0.004515349864959717,0.03371614217758179,-0.030560314655303955,-0.023806512355804443,-0.03590953350067139,-0.01311790943145752,-0.03188425302505493,0.015807807445526123
2021-11-22,-0.02602064609527588,0.009016215801239014,0.01125335693359375,-0.044497132301330566,-0.027827858924865723,-0.030933141708374023,-0.014177918434143066,-0.004977405071258545,-0.017194628715515137,0.011243164539337158
2021-11-23,0.0050667524337768555,-0.0022521018981933594,0.012775123119354248,0.014312744140625,0.013545513153076172,-0.0017218589782714844,0.01837944984436035,0.001691579818725586,0.012717843055725098,0.0019492506980895996
2021-11-24,-0.014207124710083008,-0.0061566829681396484,0.02352803945541382,-0.02573859691619873,-0.024364888668060303,-0.02043253183364868,-0.016898751258850098,-0.006047487258911133,-0.014617919921875,0.009765625
2021-11-25,0.02324497699737549,-0.004779219627380371,-0.015541315078735352,0.014927983283996582,0.015668869018554688,0.005417823791503906,-0.010445117950439453,0.0007550716400146484,0.01409304141998291,-0.0003286600112915039
2021-11-26,-0.042707860469818115,0.013113439083099365,0.017853975296020508,-0.029416918754577637,-0.0631401538848877,0.00040411949157714844,-0.03818613290786743,0.00027573108673095703,-0.020879089832305908,0.023989439010620117
2021-11-29,0.004746079444885254,-0.02080988883972168,-0.0027780532836914062,0.015079021453857422,-0.023529052734375,0.0071370601654052734,0.026374340057373047,0.016000032424926758,0.006179928779602051,-0.014646530151367188
2021-11-30,0.02645254135131836,-0.004853725433349609,-0.009636282920837402,0.009061217308044434,-0.03181499242782593,0.006284236907958984,0.03155374526977539,0.007752656936645508,0.00317227840423584,-0.010618805885314941
2021-12-01,-0.010124266147613525,-0.01585209369659424,-0.001312255859375,0.015052080154418945,0.04101276397705078,-0.025112926959991455,0.016478300094604492,0.013785243034362793,0.030478358268737793,0.003940165042877197
2021-12-02,0.0069735050201416016,-0.02420675754547119,-0.019420981407165527,0.005287766456604004,0.03229033946990967,0.013356924057006836,0.044116973876953125,0.018195509910583496,0.02696526050567627,-0.018954992294311523
2021-12-03,-0.012003719806671143,0.011226415634155273,0.0072463154792785645,-0.014376699924468994,-0.00661700963973999,-0.007128417491912842,-0.012839734554290771,-0.0006725192070007324,-0.022696971893310547,0.009220361709594727
2021-12-06,-0.04205608367919922,0.029750704765319824,0.023192882537841797,-0.0427517294883728,-0.021126985549926758,-0.013817369937896729,-0.022023916244506836,-0.028581619262695312,-0.026541709899902344,0.02546936273574829
2021-12-07,0.016097545623779297,-0.011526107788085938,-0.00964200496673584,5.340576171875e-05,0.00814509391784668,0.017445087432861328,-0.015162646770477295,0.013601422309875488,0.0163726806640625,-0.012732386589050293
2021-12-08,0.008641362190246582,-0.019092679023742676,-0.024352312088012695,0.013940572738647461,0.02815842628479004,0.014175772666931152,0.02643418312072754,0.01182866096496582,0.01814711093902588,-0.014722943305969238
2021-12-09,0.003331780433654785,0.0026032328605651855,-0.005768537521362305,-0.006272733211517334,0.0005636215209960938,-0.0007987022399902344,0.01199042797088623,-0.0069342851638793945,0.004068493843078613,-0.002282261848449707
2021-12-10,0.00853884220123291,0.005434155464172363,0.002375304698944092,0.0010747909545898438,0.0002982616424560547,0.020783424377441406,-0.00013834238052368164,0.009731411933898926,-0.005402624607086182,0.007807374000549316
2021-12-13,0.03057384490966797,0.0026673078536987305,0.008304297924041748,0.02380084991455078,0.029251933097839355,-0.004567980766296387,0.01738286018371582,-0.0074654221534729,0.022568583488464355,-0.011311531066894531
2021-12-14,-0.006846189498901367,-0.0028039216995239258,-0.004274725914001465,-0.014851033687591553,-0.01149052381515503,0.0024911165237426758,-0.0011556744575500488,0.003920078277587891,0.002782464027404785,-0.0022693872451782227
2021-12-15,-0.0234375,0.011571347713470459,0.010204076766967773,0.0008395910263061523,0.0068051815032958984,-0.028119266033172607,-0.005558192729949951,-0.014749705791473389,-0.0006936788558959961,0.016173362731933594
2021-12-16,0.008000016212463379,-0.00944375991821289,-0.021561145782470703,0.024551868438720703,0.0004203319549560547,0.0010765790939331055,0.02744448184967041,0.00315093994140625,0.0068787336349487305,-0.012329459190368652
2021-12-17,0.007002830505371094,-0.010045289993286133,-0.02779543399810791,0.0202864408493042,0.016777753829956055,-0.014383673667907715,0.03030836582183838,0.000767827033996582,-0.006016910076141357,-0.04108476638793945
2021-12-20,-0.03894299268722534,0.009817302227020264,0.012063086032867432,-0.03471475839614868,-0.051441848278045654,-0.03887069225311279,-0.04797208309173584,-0.00765836238861084,-0.02774447202682495,0.007019162178039551
2021-12-21,0.04148578643798828,-0.03888261318206787,-0.0070421695709228516,0.03568863868713379,0.00298309326171875,0.012913346290588379,0.0028748512268066406,0.014450788497924805,0.022245287895202637,-0.037229061126708984
2021-12-22,0.0143585205078125,-0.014771819114685059,-0.007274985313415527,0.021436333656311035,0.020318150520324707,-0.008826017379760742,0.024671077728271484,0.006221771240234375,0.01668572425842285,0.007572293281555176
2021-12-23,-0.0036529898643493652,-0.003802657127380371,-0.0180281400680542,-0.012980639934539795,0.005535244941711426,-0.0005653500556945801,0.019847631454467773,0.00879979133605957,0.014726996421813965,-0.013276338577270508
2021-12-24,0.034830451011657715,-0.030754804611206055,-0.0031347274780273438,0.018916606903076172,0.010064840316772461,-0.023334741592407227,-0.002527177333831787,0.002238750457763672,0.02416825294494629,-0.005421638488769531
2021-12-27,-0.004871547222137451,-0.0015808343887329102,-0.0014253854751586914,0.002051234245300293,0.003901958465576172,0.004054427146911621,0.0009961128234863281,0.00686490535736084,0.03608739376068115,-0.0016477108001708984
2021-12-28,0.006675601005554199,-0.013178706169128418,-0.01171576976776123,0.012630105018615723,0.031351327896118164,0.011104702949523926,0.005300045013427734,0.002827286720275879,0.01199650764465332,-0.008374452590942383
2021-12-29,-0.0008841753005981445,-0.006231069564819336,0.0012987256050109863,-0.0012170076370239258,-0.0060422420501708984,-0.006703734397888184,0.00023674964904785156,-0.0031970739364624023,-0.010823428630828857,0.0025211572647094727
2021-12-30,0.037168145179748535,-0.019467473030090332,-0.003901243209838867,0.004047870635986328,0.010904669761657715,0.0053130388259887695,0.03493821620941162,0.010569214820861816,0.007468223571777344,-0.014867663383483887
2021-12-31,0.005119442939758301,-0.001556396484375,0.0026986002922058105,0.005416512489318848,0.015529513359069824,0.001285552978515625,0.019498586654663086,0.0012320280075073242,-0.0053441524505615234,-0.001757979393005371
2022-01-03,0.014006733894348145,-0.0053446292877197266,-0.005628228187561035,0.027393579483032227,0.007783412933349609,0.016119837760925293,-0.006585896015167236,0.021239280700683594,-0.0032352805137634277,-0.0046797990798950195
2022-01-04,0.02218496799468994,-0.005504608154296875,-0.00037670135498046875,0.003836512565612793,-0.007965624332427979,0.016987204551696777,-0.00736844539642334,0.017549633979797363,0.0028400421142578125,-0.0037845373153686523
2022-01-05,-0.027027010917663574,0.01702350378036499,-0.028672873973846436,-0.03235357999801636,-0.02463817596435547,-0.010767519474029541,-0.032504916191101074,-0.006126523017883301,-0.029649734497070312,0.011020839214324951
2022-01-06,-0.0016834735870361328,0.019721508026123047,-0.014565765857696533,-0.017199456691741943,-0.017309963703155518,-0.008791506290435791,-0.030946731567382812,-0.013856709003448486,-0.026624619960784912,0.010850489139556885
2022-01-07,-0.029510974884033203,-0.004397273063659668,-0.001910865306854248,0.0019747018814086914,-0.005287587642669678,-0.0026749372482299805,0.0024039745330810547,0.012094736099243164,0.0070983171463012695,-0.00800478458404541
2022-01-10,-0.03040832281112671,0.0018984675407409668,0.020046114921569824,-0.014142155647277832,-0.012328684329986572,0.022444963455200195,-0.01128697395324707,0.006837964057922363,0.007230520248413086,0.02514702081680298
2022-01-11,0.033602118492126465,-0.04312562942504883,0.0026497840881347656,0.009938716888427734,0.0020749568939208984,0.015048980712890625,-0.0004004836082458496,0.009291529655456543,0.012547492980957031,-0.0010558366775512695
2022-01-12,0.0034676790237426758,-0.006326079368591309,0.011782169342041016,-0.00047391653060913086,0.0031708478927612305,0.014145851135253906,-0.0014470219612121582,-0.014300644397735596,-0.003932058811187744,0.004219412803649902
2022-01-13,-0.010367155075073242,0.013238191604614258,0.010284662246704102,-0.005320191383361816,0.02796316146850586,-0.010595500469207764,0.007334709167480469,0.009844779968261719,-0.006818592548370361,-0.06007874011993408
2022-01-14,-0.0069838762283325195,-0.00221097469329834,0.017181992530822754,-0.007605910301208496,-0.012989401817321777,-0.014775633811950684,-0.01611185073852539,0.018022537231445312,0.01120138168334961,-0.015456438064575195
2022-01-17,-0.010549426078796387,-0.05866730213165283,0.0052422285079956055,0.0034824609756469727,0.006548404693603516,-0.0063291192054748535,-0.015251100063323975,0.012852311134338379,-0.008992910385131836,0.010629653930664062
2022-01-18,-0.03864949941635132,-0.0309830904006958,-0.009639739990234375,-0.032873451709747314,-0.025739014148712158,-0.02464693784713745,-0.006578624248504639,-0.007103443145751953,-0.03635817766189575,-0.020388305187225342
2022-01-19,-0.0004621148109436035,-0.016847729682922363,-0.02797722816467285,-0.025103747844696045,-0.03601408004760742,0.004542827606201172,-0.01880890130996704,-0.019032299518585205,0.005675077438354492,-0.019160926342010498
2022-01-20,-0.018030524253845215,-0.019888222217559814,-0.0232011079788208,-0.013528287410736084,-0.012240290641784668,-0.07928210496902466,-0.004804074764251709,-0.02250516414642334,-0.0019223690032958984,-0.009767591953277588
2022-01-21,-0.020715653896331787,-0.006296038627624512,-0.020839154720306396,-0.0321882963180542,-0.008851349353790283,-0.006907165050506592,0.012927651405334473,0.0018162727355957031,-0.044734418392181396,-0.016496598720550537
2022-01-24,-0.07211536169052124,-0.03685939311981201,-0.027404308319091797,-0.06642365455627441,-0.0260012149810791,-0.04822254180908203,-0.05472385883331299,-0.016212284564971924,-0.05138212442398071,-0.05325955152511597
2022-01-25,-0.008808314800262451,-0.0010668039321899414,-0.008411765098571777,0.01089775562286377,-0.03970801830291748,-0.0076323747634887695,0.019133329391479492,-0.0003845095634460449,-0.008433341979980469,-0.017716944217681885
2022-01-27,-0.0799790620803833,-0.04089164733886719,-0.025330722332000732,-0.047802865505218506,0.04263472557067871,-0.01980036497116089,-0.01862931251525879,-0.03200346231460571,-0.037339210510253906,-0.03161025047302246
2022-01-28,-0.07102274894714355,0.002505183219909668,0.004564762115478516,0.02886497974395752,-0.03656196594238281,-0.001669466495513916,-0.0541456937789917,0.011180400848388672,-0.024709045886993408,0.013440847396850586
2022-01-31,-0.02122020721435547,0.017539024353027344,0.029627442359924316,-0.06069481372833252,-0.02252376079559326,0.031772613525390625,-0.026382088661193848,0.012520194053649902,-0.0494917631149292,-0.03694581985473633
2022-02-01,0.004675328731536865,0.0303802490234375,0.02065432071685791,-0.003994941711425781,-0.013270020484924316,0.01717984676361084,-0.021954059600830078,0.01723647117614746,-0.018385887145996094,-0.007125973701477051
2022-02-02,-0.006784915924072266,0.03367757797241211,0.008475065231323242,-0.016099095344543457,0.006234705448150635,0.05130660533905029,0.013454318046569824,0.014615893363952637,0.015435457229614258,-0.01959359645843506
2022-02-03,0.030067384243011475,-0.0121268630027771,-0.027155280113220215,0.031023621559143066,0.037078797817230225,-0.008184313774108887,0.02109915018081665,-0.008194565773010254,0.01966691017150879,0.016726016998291016
2022-02-04,-0.0037412643432617188,0.006094694137573242,0.0014691352844238281,-0.013503789901733398,-0.01285851001739502,-0.02551954984664917,0.010684847831726074,-0.0025362372398376465,0.004283547401428223,0.010857760906219482
2022-02-07,0.0074547529220581055,-0.005542278289794922,-0.014963030815124512,0.024570226669311523,0.009802281856536865,-0.01019287109375,0.014780521392822266,-0.009410440921783447,0.0027245283126831055,0.025978684425354004
2022-02-08,0.016630887985229492,0.003974556922912598,0.001310586929321289,-0.0026601552963256836,0.013749003410339355,-0.0007921457290649414,0.016372621059417725,-0.009407281875610352,0.0071176886558532715,-0.005822658538818359
2022-02-09,-0.039825439453125,0.016308903694152832,0.011660456657409668,-0.023885250091552734,-0.01662421226501465,0.04058980941772461,-0.04878222942352295,0.004567980766296387,-0.01462709903717041,-0.0156862735748291
2022-02-10,0.0073451995849609375,0.008002281188964844,0.018582701683044434,-0.004244327545166016,-0.026842713356018066,-0.003961622714996338,-0.01064920425415039,0.002606034278869629,-0.009634613990783691,-0.007905840873718262
2022-02-11,0.039640605449676514,-0.02238839864730835,-0.02725011110305786,0.05026590824127197,0.03555572032928467,-0.01086127758026123,0.04912751913070679,-0.01999819278717041,0.03032439947128296,0.021160244941711426
2022-02-14,0.04127681255340576,-0.014823436737060547,-0.022731363773345947,0.019083797931671143,0.03447800874710083,-0.0442313551902771,0.060125887393951416,0.010500788688659668,0.024857938289642334,0.03522169589996338
2022-02-15,-0.03444314002990723,0.019276976585388184,0.03328073024749756,-0.03692209720611572,-0.0330202579498291,0.04999995231628418,-0.05423557758331299,0.022510886192321777,-0.03633105754852295,-0.04017770290374756
2022-02-16,0.009433984756469727,-0.0006418228149414062,-0.002821207046508789,0.01634538173675537,0.001665949821472168,-0.003544449806213379,0.03299814462661743,-0.001231074333190918,-0.0031017065048217773,-0.0009285211563110352
2022-02-17,0.016806721687316895,-0.004067480564117432,-0.004892110824584961,0.011444449424743652,-0.007022380828857422,-0.017939984798431396,0.0267372727394104,-0.007579147815704346,-0.0025168657302856445,-0.0018552541732788086
2022-02-18,0.01538461446762085,0.0016765594482421875,-0.010365426540374756,0.012394309043884277,-0.004177212715148926,-0.002362191677093506,0.013978719711303711,0.0025632381439208984,0.006814420223236084,0.004629611968994141
2022-02-21,-0.021412014961242676,-0.00021457672119140625,0.013885498046875,-0.00011086463928222656,-0.014473319053649902,-0.02288872003555298,0.005442678928375244,-0.019636809825897217,0.013938963413238525,-0.015069723129272461
2022-02-22,-0.0011332035064697266,-0.013049960136413574,0.0021251440048217773,-0.022136688232421875,-0.019112825393676758,-0.015670418739318848,-0.02334916591644287,-0.03575843572616577,0.004101753234863281,0.011546909809112549
2022-02-23,-0.004527449607849121,0.003001093864440918,0.004889249801635742,0.013228058815002441,0.0045555830001831055,0.011981010437011719,-0.008301496505737305,-0.006301522254943848,-0.0005148649215698242,-0.005191922187805176
2022-02-24,0.047887325286865234,-0.047224581241607666,-0.03710651397705078,0.052581191062927246,-0.051242709159851074,-0.05611419677734375,0.046343088150024414,-0.045499205589294434,-0.05792415142059326,-0.05294215679168701
2022-02-25,-0.06568050384521484,0.02835547924041748,0.009801506996154785,-0.02041614055633545,0.03397643566131592,0.025945067405700684,-0.025820255279541016,0.03501248359680176,0.04346132278442383,0.033696889877319336
2022-02-28,-0.0072182416915893555,-0.002434253692626953,0.012419462203979492,-0.023533344268798828,0.01947760581970215,-0.006364107131958008,-0.016573667526245117,0.009500861167907715,0.014880657196044922,0.0011305809020996094
2022-03-02,0.009371578693389893,-0.010115742683410645,-0.007503211498260498,-0.0019658803939819336,0.013393878936767578,-0.006067752838134766,0.013205349445343018,-0.0022649168968200684,-0.011346817016601562,-0.0011292695999145508
2022-03-03,-0.041179776191711426,0.021648406982421875,0.010619878768920898,-0.02647876739501953,-0.0012524724006652832,0.0032219886779785156,-0.053270936012268066,-0.000493466854095459,0.023699402809143066,0.02581501007080078
2022-03-04,0.0032068490982055664,-0.0010967850685119629,0.0014249086380004883,-0.015316247940063477,0.013398528099060059,-0.010987162590026855,0.005033254623413086,-0.005656778812408447,0.019219636917114258,0.01010286808013916
2022-03-07,-0.012868642807006836,0.013834595680236816,0.00960397720336914,-0.017041444778442383,-0.01940864324569702,0.001880049705505371,-0.017754554748535156,-0.011193633079528809,-0.020714282989501953,-0.006001174449920654
2022-03-08,-0.019057750701904297,0.018281102180480957,0.02201998233795166,-0.036215901374816895,0.015940546989440918,0.02439439296722412,-0.012474417686462402,0.03301382064819336,0.027133464813232422,0.027259469032287598
2022-03-09,0.05350649356842041,0.0062961578369140625,0.019764423370361328,0.009817123413085938,0.012552380561828613,-0.0021648406982421875,-0.010199666023254395,0.009069561958312988,0.02989637851715088,-0.0032056570053100586
2022-03-10,0.06476402282714844,0.007990241050720215,0.006929874420166016,0.013953864574432373,-0.0039708614349365234,0.015854477882385254,-0.009577751159667969,-0.003207087516784668,-0.01316976547241211,0.004466652870178223
2022-03-11,-0.00880277156829834,0.001090407371520996,-0.0021262168884277344,0.009768366813659668,0.026674866676330566,-0.0006571412086486816,-0.018459677696228027,-0.006020545959472656,0.000978231430053711,-0.003379642963409424
2022-03-14,-0.018033742904663086,0.007876396179199219,0.03773689270019531,-0.0077359676361083984,0.00842905044555664,0.01693248748779297,-0.02672874927520752,0.012183427810668945,0.011098742485046387,0.02034628391265869
2022-03-15,0.05085712671279907,-0.021615326404571533,-0.027232885360717773,0.03739434480667114,-0.038662612438201904,-0.020530223846435547,0.03311663866043091,-0.013477921485900879,-0.030100107192993164,-0.017491698265075684
2022-03-16,-0.04756176471710205,0.019246339797973633,0.027273178100585938,0.002003967761993408,-0.028461694717407227,0.023931384086608887,-0.023457884788513184,0.01725149154663086,0.021923184394836426,0.017803072929382324
2022-03-17,-0.013793110847473145,-0.00216752290725708,-0.018438398838043213,-0.014629006385803223,0.0029162168502807617,0.006125092506408691,-0.012781143188476562,0.0046089887619018555,0.0024378299713134766,0.00524747371673584
2022-03-21,-0.0056688785552978516,-0.024103939533233643,-0.0008262991905212402,0.01986473798751831,-0.0009692907333374023,-0.002403080463409424,0.01210695505142212,-0.012538313865661621,-0.009380221366882324,-0.0020880699157714844
2022-03-22,-0.0050733089447021484,0.007148623466491699,0.018524646759033203,-0.02088475227355957,0.027131080627441406,0.01573789119720459,-0.02507495880126953,0.020473122596740723,0.040260910987854004,0.01656496524810791
2022-03-23,0.0050476789474487305,0.0036551952362060547,-0.007957160472869873,0.00731503963470459,0.017327308654785156,-0.011225283145904541,0.01122903823852539,0.0030938386917114258,0.0026296377182006836,0.00205838680267334
2022-03-24,-0.010146617889404297,0.009655356407165527,0.007639050483703613,-0.017216205596923828,0.028973937034606934,0.02062678337097168,-0.03317892551422119,0.010087847709655762,0.01741766929626465,-0.0010271072387695312
2022-03-25,0.01283484697341919,-0.010695397853851318,-0.005360841751098633,-0.0009551048278808594,-0.01649034023284912,-0.013943314552307129,-0.007802128791809082,-0.011307179927825928,-0.024654686450958252,-0.011823117733001709
2022-03-28,0.01921987533569336,-0.013058066368103027,-0.001415550708770752,0.018089234828948975,0.018285393714904785,-0.023832201957702637,0.009538114070892334,6.747245788574219e-05,-0.004066169261932373,-0.005201995372772217
2022-03-29,-0.016138315200805664,0.003221750259399414,0.006487846374511719,0.0077658891677856445,0.012147307395935059,-0.005859375,-0.027335166931152344,-0.0006337761878967285,-0.0014289617538452148,0.0038347244262695312
2022-03-30,-0.026091933250427246,-0.002140939235687256,0.009479403495788574,-0.04749143123626709,0.01534736156463623,0.021447300910949707,-0.00613713264465332,0.00707089900970459,-0.017376482486724854,-0.002778351306915283
2022-03-31,0.014372587203979492,-0.00124436616897583,0.0015561580657958984,0.024554908275604248,-0.015447795391082764,0.010899186134338379,0.004574775695800781,0.0022510290145874023,0.0020804405212402344,-0.014800608158111572
2022-04-01,0.009534478187561035,0.005069851875305176,-0.0017680525779724121,-0.002940535545349121,-0.009886980056762695,-0.00015854835510253906,0.0089186429977417,0.005026817321777344,-0.008373677730560303,0.01661372184753418
2022-04-04,-0.022083759307861328,0.014876246452331543,-0.010787904262542725,-0.02054750919342041,-0.009613573551177979,0.024421215057373047,-0.014546513557434082,0.0030862092971801758,0.00795590877532959,0.006432533264160156
2022-04-05,-0.009972333908081055,0.007076263427734375,-0.011610865592956543,-0.005912423133850098,0.0017848014831542969,0.002321958541870117,-0.025920987129211426,0.011789321899414062,-0.006577551364898682,-0.010710000991821289
2022-04-06,0.020296216011047363,-0.020870745182037354,-0.017346441745758057,0.0019092559814453125,-0.03691434860229492,0.002316594123840332,0.008340597152709961,-0.015584051609039307,-0.020281612873077393,-0.009254395961761475
2022-04-07,0.016797304153442383,0.0023921728134155273,-0.009775996208190918,0.018852293491363525,-0.01041799783706665,0.007241964340209961,-0.03462785482406616,-0.018959641456604004,0.006402492523193359,-0.021501600742340088
2022-04-08,0.003986358642578125,-0.006775796413421631,0.0020308494567871094,0.008547782897949219,-0.0012462735176086426,-0.0029065608978271484,0.0010625123977661133,0.00040709972381591797,-0.013713061809539795,0.00468289852142334
2022-04-11,0.013722121715545654,-0.02733081579208374,-0.026517271995544434,0.015187263488769531,-0.010278165340423584,-0.0021479129791259766,-0.04149949550628662,0.002916693687438965,0.0002865791320800781,-0.021333754062652588
2022-04-12,0.03826087713241577,-0.002073228359222412,-0.013648688793182373,0.02462148666381836,-0.02339082956314087,-0.02583026885986328,-0.02936619520187378,-0.0014337897300720215,-0.024073898792266846,-0.021798908710479736
2022-04-13,-0.0030138492584228516,-0.005348563194274902,0.0035179853439331055,-0.021698474884033203,-0.0021742582321166992,-0.010416686534881592,-0.012047052383422852,-0.007897436618804932,-0.003303706645965576,0.0009363889694213867
2022-04-18,0.021033644676208496,-0.020753681659698486,-0.07268476486206055,0.02734816074371338,-0.05702906847000122,0.005582094192504883,-0.026466548442840576,-0.036565184593200684,-0.04765760898590088,-0.036856889724731445
2022-04-19,0.011049747467041016,-0.028590857982635498,-0.03667062520980835,-0.0683220624923706,-0.008087873458862305,-0.006344199180603027,-0.009821116924285889,-0.015915334224700928,-0.03287184238433838,-0.015151500701904297
2022-04-20,0.01117318868637085,0.017893075942993164,0.01648235321044922,-0.05519568920135498,0.01033782958984375,-0.0142059326171875,-0.04508864879608154,0.02445352077484131,0.006237983703613281,0.011439800262451172
2022-04-21,-0.027620792388916016,0.008995652198791504,0.019561171531677246,-0.018054962158203125,0.00518798828125,0.004371762275695801,0.00652313232421875,0.020200729370117188,0.0027022361755371094,0.005070328712463379
2022-04-22,-0.009163141250610352,0.002592921257019043,-0.02057427167892456,0.0033288002014160156,-0.001720428466796875,-0.014186680316925049,0.0038884878158569336,-0.004436850547790527,-0.004755854606628418,-0.0029103755950927734
2022-04-25,0.030871689319610596,-0.0110703706741333,-0.015400469303131104,-0.04668378829956055,-0.03554505109786987,-0.0008176565170288086,-0.00496596097946167,-0.017812907695770264,-0.028273344039916992,-0.015372693538665771
2022-04-26,-0.009993791580200195,0.004083156585693359,0.012761831283569336,-0.008020877838134766,-0.00997692346572876,0.01947629451751709,0.0123521089553833,-0.000535428524017334,0.004098057746887207,-0.0003952980041503906
2022-04-27,0.0024737119674682617,0.0011879205703735352,-0.01783519983291626,-3.1113624572753906e-05,0.011130332946777344,-0.012843132019042969,0.00495457649230957,0.004201531410217285,-0.011427640914916992,-0.019177496433258057
2022-04-28,-0.01673901081085205,-0.0028294920921325684,0.019211769104003906,0.014345049858093262,0.00011157989501953125,0.00699305534362793,-0.05680644512176514,0.006486654281616211,0.008174419403076172,0.006853461265563965
2022-04-29,-0.024390220642089844,-0.012128174304962158,-0.009553909301757812,-0.00961923599243164,0.016472697257995605,0.010497450828552246,-0.0027850866317749023,-0.010490238666534424,-0.009909868240356445,-0.02642643451690674
2022-05-02,0.01964282989501953,-0.011443138122558594,-0.016880691051483154,-0.025294184684753418,-0.03698420524597168,-0.017420470714569092,0.040110230445861816,-0.0012124180793762207,-0.022582530975341797,-0.02693808078765869
2022-05-04,0.014571964740753174,-0.020573675632476807,-0.0035799741744995117,0.0045583248138427734,-0.020968616008758545,-0.022121012210845947,0.008487403392791748,-0.01768571138381958,-0.015318214893341064,-0.006551146507263184
2022-05-05,-0.028342604637145996,-0.025934338569641113,0.03233528137207031,0.005709052085876465,0.0035696029663085938,0.01829671859741211,-0.010189414024353027,0.009670257568359375,-0.04271590709686279,0.018932104110717773
2022-05-06,-0.06411021947860718,0.020381629467010498,-0.026682138442993164,-0.03613704442977905,0.00030934810638427734,0.008493900299072266,0.022388041019439697,-0.022997617721557617,-0.02217280864715576,-0.032150328159332275
2022-05-09,-0.012163877487182617,-0.024662017822265625,0.017812252044677734,-0.03137385845184326,-0.019866347312927246,0.014253377914428711,0.01694166660308838,0.0036416053771972656,0.02346581220626831,-0.003666996955871582
2022-05-10,-0.053791344165802,0.0032988786697387695,-0.011059761047363281,-0.026242434978485107,0.003470182418823242,0.0022356510162353516,0.010269999504089355,-0.0018432140350341797,0.015276610851287842,-0.011690855026245117
2022-05-11,0.019863009452819824,0.010861992835998535,-0.01690673828125,-0.018789708614349365,-0.008881151676177979,-0.010994255542755127,0.02887725830078125,-0.0077790021896362305,0.0146750807762146,-0.011829137802124023
2022-05-12,-0.01813298463821411,0.001413881778717041,-0.011777281761169434,-0.021125614643096924,-0.04464536905288696,-0.01047205924987793,0.03546953201293945,-0.0009818673133850098,0.009787261486053467,0.00399017333984375
2022-05-13,0.023939847946166992,0.006843507289886475,-0.0029117465019226074,-0.01207655668258667,-0.028055667877197266,-0.0825464129447937,0.028857052326202393,0.0018335580825805664,0.008336901664733887,-0.011039972305297852
2022-05-16,0.014028072357177734,0.007223308086395264,-0.010118842124938965,-0.0038679838180541992,0.014304637908935547,-0.026441872119903564,-0.0023648738861083984,-0.011156916618347168,0.011787235736846924,-0.001116335391998291
2022-05-17,0.03820812702178955,-0.03671431541442871,0.01968991756439209,-0.04567992687225342,-0.039951205253601074,0.03955519199371338,-0.03422439098358154,0.02215111255645752,-0.00789332389831543,-0.03956198692321777
2022-05-18,0.0025380849838256836,0.008495748043060303,-0.0061226487159729,0.015845954418182373,-0.027162671089172363,-0.014378368854522705,-0.03531944751739502,-0.0008112192153930664,0.022363364696502686,0.011180400848388672
2022-05-19,-0.07215189933776855,-0.05988633632659912,-0.0543595552444458,0.05271708965301514,-0.07164806127548218,-0.044476091861724854,-0.06252598762512207,-0.05417829751968384,-0.055629730224609375,-0.06218743324279785
2022-05-20,0.0334242582321167,0.01926887035369873,0.01961493492126465,-0.012938857078552246,0.0005942583084106445,0.0443120002746582,0.022785186767578125,0.009518861770629883,0.020829439163208008,0.01854860782623291
2022-05-23,0.01716172695159912,-0.010254144668579102,0.009127259254455566,-0.025633692741394043,0.025371313095092773,0.002139449119567871,0.023358941078186035,0.008730649948120117,0.01089465618133545,0.013885736465454102
2022-05-24,-0.03569108247756958,-0.02607285976409912,-0.01864612102508545,0.03303474187850952,-0.012744128704071045,-0.016189277172088623,-0.04422485828399658,-0.010160326957702637,-0.04000371694564819,-0.01302194595336914
2022-05-25,-0.06998652219772339,-0.01744389533996582,-0.021198153495788574,0.046494483947753906,-0.05917853116989136,-0.03146475553512573,-0.05655372142791748,-0.03660285472869873,-0.03567689657211304,-0.03298455476760864
2022-05-26,0.006512284278869629,0.006413817405700684,0.00956106185913086,-0.01322019100189209,0.023743748664855957,0.004854321479797363,0.009404659271240234,0.018720507621765137,0.017857074737548828,0.019524812698364258
2022-05-27,0.05607473850250244,0.023656606674194336,0.026259183883666992,-0.03194165229797363,0.03633439540863037,0.026198387145996094,0.02928626537322998,0.010644793510437012,0.04255115985870361,0.029995441436767578
2022-05-30,0.061266183853149414,0.03586018085479736,0.044812679290771484,-0.048299193382263184,0.0421985387802124,0.039109230041503906,0.05961310863494873,0.03494000434875488,0.03718852996826172,0.019489288330078125
2022-05-31,0.0038486719131469727,0.000817418098449707,-0.015188992023468018,-0.014936447143554688,0.00269925594329834,0.0024394989013671875,0.0006120204925537109,-0.003229379653930664,0.014342069625854492,0.00395512580871582
2022-06-01,-0.03067094087600708,-0.02195531129837036,-0.016714274883270264,0.011848628520965576,-0.025233089923858643,-0.0029549598693847656,-0.0055054426193237305,-0.0027197599411010742,-0.029250621795654297,-0.015101730823516846
2022-06-02,0.012524724006652832,0.021416544914245605,0.019969582557678223,-0.03099954128265381,0.022217631340026855,0.01098322868347168,0.01294398307800293,0.02020740509033203,-0.0005461573600769043,0.007333278656005859
2022-06-03,-0.020833313465118408,0.0031740665435791016,0.009078025817871094,-0.0003345012664794922,-0.006492137908935547,-0.011208832263946533,0.003537893295288086,0.005010247230529785,0.0017305612564086914,0.0026472806930541992
2022-06-06,-0.04055851697921753,-0.00546497106552124,0.005438089370727539,-1.1563301086425781e-05,-0.011892199516296387,0.0013952255249023438,-0.015837907791137695,-0.002674281597137451,-0.0032734274864196777,-0.004840493202209473
2022-06-07,-0.015938997268676758,-0.013882219791412354,-0.015224337577819824,0.015778183937072754,-0.012733638286590576,-0.0026123523712158203,-0.010425567626953125,-0.019892454147338867,-0.012497663497924805,-0.01171785593032837
2022-06-08,-0.01478874683380127,0.0071364641189575195,-0.004475235939025879,-0.011343598365783691,0.006490588188171387,-0.012921273708343506,-0.02366417646408081,0.012326359748840332,-0.00554269552230835,0.0058165788650512695
2022-06-09,0.015010714530944824,-0.0015044808387756348,0.010012269020080566,-0.012884974479675293,0.028522968292236328,-0.010790705680847168,-0.0035969018936157227,0.006741881370544434,0.013190865516662598,0.009786486625671387
2022-06-10,-0.019014060497283936,-0.01292961835861206,-0.025220870971679688,0.008980274200439453,-0.033479392528533936,-0.010729610919952393,-0.02954566478729248,-0.019608497619628906,-0.02594655752182007,-0.029515385627746582
2022-06-13,-0.04881548881530762,-0.023193955421447754,-0.035420238971710205,0.056459248065948486,-0.058216869831085205,-0.03416484594345093,-0.048615097999572754,-0.041757166385650635,-0.053463876247406006,-0.032228827476501465
2022-06-14,-0.02339625358581543,0.0051422119140625,0.011260151863098145,-0.025520682334899902,-0.0254327654838562,-0.005614817142486572,0.012000441551208496,-0.0028108954429626465,-0.021280765533447266,-0.00046902894973754883
2022-06-15,0.013137578964233398,-0.007021784782409668,-0.012695074081420898,-0.002541065216064453,0.01440739631652832,0.008469820022583008,0.011352777481079102,-0.0013237595558166504,-0.010160565376281738,-0.01313936710357666
2022-06-16,0.005339384078979492,-0.025204598903656006,-0.017599284648895264,0.03344959020614624,-0.013086199760437012,-0.02071666717529297,-0.0452541708946228,-0.020054280757904053,-0.04506266117095947,-0.04018068313598633
2022-06-17,0.024279236793518066,-0.006425201892852783,-0.007092654705047607,0.014281153678894043,-0.051319122314453125,-0.012197434902191162,-0.01899045705795288,-0.01690012216567993,-0.010856688022613525,-0.040624260902404785
2022-06-20,-0.001481473445892334,0.001355886459350586,0.01936805248260498,0.011602938175201416,-0.0066307783126831055,-0.0007717609405517578,-0.013334155082702637,0.007607936859130859,0.015322685241699219,0.02323782444000244
2022-06-21,0.06676554679870605,0.02765476703643799,0.02528536319732666,-0.04084062576293945,0.04999041557312012,-0.041127681732177734,0.053198933601379395,0.031984925270080566,0.021834611892700195,0.025485754013061523
2022-06-22,-0.0257301926612854,-0.025643587112426758,-0.008737266063690186,0.02343118190765381,0.0008232593536376953,0.02318251132965088,-0.02853173017501831,0.0034247636795043945,-0.020739495754241943,-0.03272634744644165
2022-06-23,0.050678133964538574,0.010350584983825684,0.010591387748718262,-0.02761101722717285,0.010693192481994629,-0.02259349822998047,0.04661858081817627,0.02663707733154297,0.011658906936645508,0.01882469654083252
2022-06-24,-0.008831501007080078,-0.0046846866607666016,-0.007807552814483643,0.024014055728912354,-0.022290587425231934,-0.007797956466674805,-0.03165459632873535,-0.004744887351989746,-0.010255873203277588,-0.000499427318572998
2022-06-27,0.039067864418029785,0.02653348445892334,0.02325260639190674,-0.03211641311645508,0.0354236364364624,-0.01252758502960205,-0.06010425090789795,0.006559133529663086,0.027240633964538574,0.014489173889160156
2022-06-28,-0.01451188325881958,0.009674072265625,0.003741145133972168,-0.014243602752685547,0.014113545417785645,0.0078238844871521,-0.01917850971221924,0.001040816307067871,0.013831138610839844,0.005663633346557617
2022-06-29,-0.01941096782684326,-0.014371991157531738,-0.011388719081878662,0.032136619091033936,-0.024310827255249023,-0.0005501508712768555,0.006159007549285889,-0.008332908153533936,0.00041031837463378906,-0.015181124210357666
2022-06-30,-0.033447086811065674,-0.014480292797088623,-0.0009774565696716309,0.027270019054412842,-0.009117960929870605,0.013013184070587158,0.028501272201538086,-0.00711137056350708,-0.021224260330200195,-0.01143711805343628
2022-07-01,-0.014830529689788818,0.0021576881408691406,0.012020349502563477,-0.00637662410736084,-0.023642420768737793,0.013741850852966309,0.025809884071350098,0.014691948890686035,0.010999321937561035,0.01458752155303955
2022-07-04,0.005017876625061035,0.009483814239501953,0.005800724029541016,0.006161332130432129,-0.005645573139190674,0.004330635070800781,0.016566038131713867,-0.024147093296051025,-0.010983288288116455,-0.004214107990264893
2022-07-05,0.010699033737182617,-0.002488255500793457,-0.00810164213180542,0.004288017749786377,-0.027073919773101807,-0.0015128850936889648,0.0015648603439331055,-0.005795896053314209,0.003352522850036621,-0.015932321548461914
2022-07-06,0.0183485746383667,0.004530787467956543,0.01065969467163086,-0.01356363296508789,0.016252636909484863,-0.01567220687866211,-0.031468987464904785,0.013820171356201172,0.006891489028930664,0.005818367004394531
2022-07-07,0.0006929636001586914,0.0032941102981567383,0.00472569465637207,-0.008086562156677246,0.0025627613067626953,-0.013943076133728027,-0.007627248764038086,0.008311033248901367,0.01099252700805664,0.011569380760192871
2022-07-08,-0.0006925463676452637,-0.006364583969116211,0.010497689247131348,-0.005586862564086914,0.010650396347045898,-0.02383565902709961,-0.004671812057495117,-0.006812989711761475,0.005846738815307617,-0.003978133201599121
2022-07-11,-0.0291060209274292,-0.040669023990631104,-0.027320563793182373,0.02761906385421753,-0.014425575733184814,-0.002865314483642578,0.03343343734741211,-0.046440720558166504,-0.018967926502227783,-0.018721938133239746
2022-07-12,0.004282712936401367,-0.016692280769348145,-0.023441314697265625,-0.007470607757568359,-0.016965210437774658,0.017499983310699463,-0.014006495475769043,-0.009345531463623047,-0.01039499044418335,-0.005087792873382568
2022-07-13,-0.0035536885261535645,-0.010832071304321289,0.0041190385818481445,-0.007628440856933594,-0.008459806442260742,-0.013813138008117676,0.0034832358360290527,-0.014896094799041748,-0.00756305456161499,-0.005880892276763916
2022-07-14,-0.024964332580566406,-0.01607191562652588,-0.010821163654327393,0.03532600402832031,-0.017161548137664795,0.00986015796661377,0.04411500692367554,-0.013163328170776367,-0.014817953109741211,-0.013117194175720215
2022-07-15,-0.011704444885253906,-0.021982252597808838,0.001072525978088379,-0.026061058044433594,0.014782428741455078,0.017925024032592773,0.009583234786987305,-0.0013839006423950195,-0.0021486878395080566,-0.019025325775146484
2022-07-18,0.019245028495788574,0.019419074058532715,-0.04156851768493652,-0.06068611145019531,0.008359074592590332,-0.030236005783081055,-0.03466165065765381,0.023007988929748535,-0.03617572784423828,0.027895808219909668
2022-07-19,-0.008714616298675537,-0.011773824691772461,0.003840148448944092,-0.022582054138183594,-0.00581735372543335,-0.010021448135375977,-0.02377951145172119,0.003509044647216797,0.00031179189682006836,0.0020678043365478516
2022-07-20,0.03589749336242676,0.03113412857055664,-0.020995378494262695,-0.031013965606689453,-0.05236971378326416,-0.00761866569519043,-0.05606973171234131,0.029454350471496582,-0.038561463356018066,0.015991687774658203
2022-07-21,0.024045228958129883,0.0076847076416015625,-0.01159656047821045,-0.019191622734069824,-0.001529097557067871,0.0202215313911438,-0.01377105712890625,0.003949642181396484,0.01251000165939331,0.0045697689056396484
2022-07-22,0.029696106910705566,-0.0045432448387146,0.017328739166259766,0.005552053451538086,-0.007587313652038574,-0.012024402618408203,-0.019590258598327637,-0.0019828081130981445,0.004053890705108643,-0.007581472396850586
2022-07-25,0.016767263412475586,0.011301279067993164,0.0017634034156799316,0.0008879303932189941,-0.02066206932067871,0.0015960335731506348,0.007212042808532715,-0.0013402700424194336,0.011397182941436768,0.009676575660705566
2022-07-26,-0.02308708429336548,-0.018428027629852295,0.034923255443573,0.041525959968566895,-0.0638355016708374,-0.045825958251953125,-0.07558369636535645,-0.016057491302490234,0.018116295337677002,-0.02320307493209839
2022-07-27,0.022957444190979004,0.016365647315979004,-0.013728499412536621,-0.02294909954071045,0.01902937889099121,-0.014519751071929932,0.014816999435424805,0.023412227630615234,-0.008596181869506836,0.00361478328704834
2022-07-28,0.015181541442871094,0.019010186195373535,-0.031530022621154785,-0.05352497100830078,0.008440971374511719,0.018700361251831055,0.04046225547790527,0.022468924522399902,-0.03097391128540039,0.022896766662597656
2022-07-29,0.02860856056213379,0.002431035041809082,-0.02127516269683838,-0.017562508583068848,0.029132604598999023,0.014463186264038086,0.03195750713348389,0.012697458267211914,-0.010484933853149414,0.018360137939453125
2022-08-01,-0.0025284290313720703,0.003954052925109863,-0.0008569955825805664,-0.008095979690551758,0.002771615982055664,0.005666255950927734,0.006165981292724609,-0.0009388327598571777,-0.0009976625442504883,0.012595772743225098
2022-08-02,-0.03168565034866333,-0.0011553168296813965,0.004808306694030762,0.016365885734558105,-0.010285913944244385,-0.04652857780456543,-0.008645176887512207,-0.0021219849586486816,0.016645073890686035,0.0014634132385253906
2022-08-03,0.01308906078338623,0.006466507911682129,-0.014560818672180176,-0.0202409029006958,0.016665220260620117,-0.00955188274383545,0.027100086212158203,0.014490485191345215,-0.01996755599975586,0.0065757036209106445
2022-08-04,0.007751941680908203,0.0009402036666870117,-0.021593093872070312,-0.024927139282226562,0.02274155616760254,0.0018923282623291016,0.012735724449157715,0.0046263933181762695,-0.0032793283462524414,0.00725865364074707
2022-08-05,0.008974313735961914,-0.00036525726318359375,-0.010472536087036133,-0.004097700119018555,0.010083198547363281,-0.01499485969543457,0.006155133247375488,0.0030105113983154297,-0.002080082893371582,0.010088920593261719
2022-08-08,-0.012706458568572998,0.008666157722473145,-0.001706242561340332,0.005106210708618164,-0.0015693306922912598,-0.002037644386291504,-0.007594108581542969,0.002793431282043457,0.0015815496444702148,-0.009512484073638916
2022-08-10,-0.01608753204345703,-0.0144919753074646,0.010472536087036133,0.008897602558135986,-0.011439025402069092,0.011015057563781738,-0.03193753957748413,-0.005986154079437256,0.0012869834899902344,-0.01272505521774292
2022-08-11,0.009156346321105957,0.010818719863891602,-0.010902166366577148,-0.02983570098876953,0.02610194683074951,-0.022789597511291504,0.02412581443786621,0.02034735679626465,-0.021411657333374023,0.019212007522583008
2022-08-12,-0.016850292682647705,-0.006182730197906494,0.01595604419708252,0.018014609813690186,-0.021435022354125977,0.00971686840057373,-0.0021172761917114258,-0.006121218204498291,0.010772526264190674,-0.005487978458404541
2022-08-16,0.009228706359863281,0.0018820762634277344,-0.0014740228652954102,0.004967987537384033,-0.008709073066711426,0.011334776878356934,0.0012354850769042969,-0.002601802349090576,-0.011380434036254883,0.0023992061614990234
2022-08-17,0.017635583877563477,0.023377180099487305,-0.0061435699462890625,-0.015152454376220703,0.022052645683288574,-0.009411334991455078,0.018454909324645996,0.0024759769439697266,-0.025511622428894043,0.01364290714263916
2022-08-18,0.0012836456298828125,-0.007240414619445801,0.01450192928314209,0.007437944412231445,0.002865314483642578,0.007628440856933594,0.00969243049621582,-0.005836367607116699,-0.0005676746368408203,-0.01818186044692993
2022-08-19,0.005769252777099609,-0.0035439133644104004,-0.008971214294433594,0.006386816501617432,-0.0072293877601623535,0.0029039978981018066,-0.018233537673950195,0.0013308525085449219,0.0009453296661376953,-0.0060124993324279785
2022-08-22,-0.04079031944274902,-0.010927259922027588,0.013433098793029785,0.03495001792907715,-0.020450949668884277,0.016275465488433838,-0.018811285495758057,-0.009215056896209717,0.02365630865097046,-0.028792619705200195
2022-08-23,-0.01661127805709839,-0.013080418109893799,0.0211372971534729,0.012050807476043701,-0.035478949546813965,0.012713313102722168,-0.018711566925048828,-0.020852267742156982,0.01211482286453247,-0.00797206163406372
2022-08-24,-0.0006756782531738281,0.0023761987686157227,0.0031793713569641113,0.0013719797134399414,-0.02016890048980713,0.0021167993545532227,-0.004194498062133789,-0.008905172348022461,-0.004807233810424805,-0.0010045766830444336
2022-08-25,-0.0033806562423706055,-0.005636632442474365,0.012558996677398682,0.005731523036956787,-0.012670695781707764,0.00707089900970459,-0.01840054988861084,-0.01141202449798584,0.00029283761978149414,-0.002262413501739502
2022-08-26,-0.00610584020614624,0.001960158348083496,-0.002220749855041504,-0.005883336067199707,-0.012594878673553467,-0.0026704072952270508,-0.004686295986175537,0.0012428760528564453,-0.014356851577758789,0.004787087440490723
2022-08-29,-0.04095560312271118,-0.029767930507659912,-0.03928017616271973,-0.04015928506851196,-0.037300050258636475,0.02521306276321411,-0.028023600578308105,-0.027822554111480713,-0.0472751259803772,-0.030842483043670654
2022-08-30,0.013523101806640625,0.023378729820251465,0.0213167667388916,0.03798210620880127,0.021480560302734375,-0.005464434623718262,0.026613712310791016,-0.02509129047393799,-0.0402224063873291,0.022768378257751465
2022-09-01,-0.016853928565979004,-0.013738751411437988,-0.019229531288146973,-0.023235023021697998,-0.017540454864501953,0.02264493703842163,-0.03354179859161377,0.02474188804626465,0.02215099334716797,-0.007589161396026611
2022-09-02,-0.009285688400268555,-0.001727759838104248,-0.007675111293792725,-0.0026137232780456543,-0.01065206527709961,-0.015384674072265625,0.004235267639160156,0.0004151463508605957,-0.0033780336380004883,-0.006627500057220459
2022-09-05,0.002162933349609375,0.01249384880065918,0.005695462226867676,-0.005639076232910156,0.009705305099487305,0.008397221565246582,-0.0035437941551208496,-0.0009583234786987305,-0.00841665267944336,-0.005388796329498291
2022-09-06,-0.0021582841873168945,0.0019230842590332031,-0.004194915294647217,-0.00787276029586792,-0.015369176864624023,0.011045634746551514,-0.014901697635650635,0.002026498317718506,0.001276552677154541,-0.0028380155563354492
2022-09-07,0.010814666748046875,-0.006504535675048828,0.0017552375793457031,0.011017441749572754,0.011389017105102539,0.005956828594207764,-0.0150376558303833,-0.00721132755279541,0.007570505142211914,0.0075032711029052734
2022-09-08,0.0,-0.0006976723670959473,0.012475371360778809,0.0029267072677612305,0.006233692169189453,-0.023033738136291504,-0.006694495677947998,-0.006365776062011719,-0.03289079666137695,0.013353943824768066
2022-09-09,0.01783168315887451,0.01874232292175293,0.024228215217590332,0.03319370746612549,0.02363109588623047,-0.011165976524353027,-0.03479611873626709,-0.015143632888793945,-0.034816861152648926,0.010643601417541504
2022-09-12,0.014015436172485352,0.007432818412780762,0.016288161277770996,0.029634594917297363,0.007565021514892578,-0.012490987777709961,-0.008458137512207031,-0.00786292552947998,-0.021410703659057617,0.011534571647644043
2022-09-13,-0.0027643442153930664,-0.00015693902969360352,0.005652666091918945,-0.007107138633728027,-0.004068911075592041,0.0012515783309936523,0.0066336989402771,0.004193663597106934,0.002359330654144287,0.0014873743057250977
2022-09-14,-0.03811502456665039,-0.024492383003234863,-0.044967591762542725,-0.033393263816833496,-0.029766499996185303,0.02201932668685913,0.029095053672790527,-0.03373748064041138,0.029288768768310547,-0.015099048614501953
2022-09-15,-0.014409244060516357,-0.012982785701751709,-0.028874099254608154,-0.0047419071197509766,0.0034589767456054688,0.010433852672576904,0.01621067523956299,-0.005143523216247559,0.029141664505004883,-0.0030158162117004395
2022-09-16,-0.04020470380783081,-0.025002717971801758,-0.03893047571182251,-0.04719948768615723,-0.03936648368835449,0.02552717924118042,0.026395201683044434,-0.030811667442321777,0.04719620943069458,-0.03226625919342041
2022-09-19,-0.014470696449279785,0.0010033845901489258,0.009644627571105957,-0.005776882171630859,0.006032586097717285,0.013287782669067383,-0.0006010532379150391,0.006680607795715332,-0.006179094314575195,0.0010418891906738281
2022-09-20,0.0316847562789917,0.018044114112854004,-0.0013226866722106934,0.011839151382446289,0.022641539573669434,-0.007118105888366699,-0.0054378509521484375,0.0037969350814819336,-0.016510605812072754,0.0070258378982543945
2022-09-21,-0.0037453174591064453,-0.014277875423431396,-0.008093595504760742,0.0011688470840454102,0.0011119842529296875,0.0021012425422668457,0.00037729740142822266,-0.012860596179962158,-0.0038625001907348633,-0.010077476501464844
2022-09-22,0.021804451942443848,-0.0036627650260925293,-0.006750226020812988,0.004738211631774902,-0.008129239082336426,0.001148521900177002,-0.006794571876525879,0.0020657777786254883,0.01134568452835083,-0.007047772407531738
2022-09-23,-0.017660021781921387,-0.002005279064178467,-0.001867055892944336,-0.0031363964080810547,-0.01954793930053711,0.00594097375869751,0.016434431076049805,-0.008429169654846191,0.013072550296783447,-0.008937954902648926
2022-09-26,0.014232158660888672,0.012111425399780273,0.010849237442016602,-0.001584470272064209,0.011889934539794922,0.01388084888458252,-0.009148716926574707,0.004141449928283691,0.0021233558654785156,0.0010609626770019531
2022-09-27,0.022895097732543945,0.013289928436279297,0.009622454643249512,0.023158550262451172,0.004977107048034668,-0.015444755554199219,0.00034630298614501953,0.007697701454162598,0.010335385799407959,0.009009003639221191
2022-09-28,-0.0036101341247558594,0.0022312402725219727,0.0008797645568847656,0.0029027462005615234,0.014908671379089355,0.017135143280029297,-0.008313179016113281,0.006031513214111328,-0.0071669816970825195,-0.001050412654876709
2022-09-29,-0.024637699127197266,0.002443552017211914,0.002783536911010742,-0.018978595733642578,-0.0032196640968322754,-0.0,-0.006714344024658203,-0.012633144855499268,0.02256786823272705,-0.013144075870513916
2022-09-30,-0.0007429122924804688,0.01007533073425293,0.010591626167297363,0.0039637088775634766,0.005753517150878906,-0.012144923210144043,-0.0054596662521362305,0.0024188756942749023,-0.0015600919723510742,0.0037293434143066406
2022-10-03,-0.009665429592132568,-0.002252340316772461,-0.013950169086456299,-0.0016039013862609863,-0.039994001388549805,0.02225661277770996,0.012896478176116943,-0.006523489952087402,0.003115236759185791,0.000796198844909668
2022-10-04,-0.04504501819610596,0.01693093776702881,0.02558279037475586,0.03087151050567627,0.03162407875061035,-0.027315855026245117,-0.031099557876586914,-0.03557848930358887,-0.023333311080932617,-0.02784407138824463
2022-10-06,-0.04094827175140381,0.01960885524749756,0.01801168918609619,0.0170440673828125,0.026854515075683594,-0.015799641609191895,-0.0769650936126709,-0.0034939050674438477,-0.0029518604278564453,-0.011609911918640137
2022-10-07,0.005521059036254883,-0.007101714611053467,-0.002668023109436035,-0.004510998725891113,-0.0017763376235961914,0.025037944316864014,0.01790142059326172,0.011944115161895752,0.00740891695022583,0.005355775356292725
2022-10-10,-0.009715437889099121,0.005795121192932129,0.007884502410888672,0.011247992515563965,0.003905057907104492,0.00116729736328125,-0.02120828628540039,-0.01750469207763672,-0.005521535873413086,-0.007948756217956543
2022-10-11,0.01237112283706665,-0.025590479373931885,-0.026611685752868652,-0.019755125045776367,-0.015756547451019287,0.02064669132232666,0.005977809429168701,0.015712440013885498,0.024506866931915283,0.016789615154266357
2022-10-12,-0.007654786109924316,0.014276623725891113,0.0034443140029907227,0.008165478706359863,-0.0030516386032104492,-0.0031821727752685547,-0.015669584274291992,-0.010164380073547363,-0.011362433433532715,-0.009055614471435547
2022-10-13,-0.0041435956954956055,0.03161764144897461,-0.006149888038635254,-0.009801149368286133,-0.0005018115043640137,-0.004758119583129883,0.022460639476776123,-0.0008224248886108398,0.0029891133308410645,-0.07102566957473755
2022-10-14,-0.029573559761047363,0.020822763442993164,-0.038278818130493164,0.015608668327331543,0.009388446807861328,-0.0063141584396362305,-0.03719496726989746,0.0013373494148254395,-0.007029891014099121,-0.004692196846008301
2022-10-17,-0.005344033241271973,-0.007929801940917969,-0.010672211647033691,-0.0057190656661987305,-0.0022879838943481445,0.00254899263381958,0.005154311656951904,-0.0040656328201293945,-0.0033878087997436523,-0.005823671817779541
2022-10-18,-0.019933581352233887,0.014679312705993652,-0.009256720542907715,0.017352938652038574,0.00682985782623291,-0.0033417940139770508,-0.016893506050109863,-0.010588884353637695,0.0038878917694091797,0.011157631874084473
2022-10-19,0.0065146684646606445,-0.013426482677459717,0.012161195278167725,-0.00588679313659668,-0.002673804759979248,-0.0021551847457885742,0.007398545742034912,0.0072661638259887695,0.0002053976058959961,-0.00331038236618042
2022-10-20,-0.011803269386291504,0.021844983100891113,-0.01038515567779541,0.013632655143737793,0.018468856811523438,0.012903213500976562,-0.01201331615447998,-0.011355400085449219,-0.022703886032104492,0.009410500526428223
2022-10-21,-0.0012961626052856445,0.009632349014282227,0.0002722740173339844,0.0013974905014038086,-0.04991710186004639,0.0011883378028869629,0.01103442907333374,0.006302893161773682,0.0005022883415222168,0.0027419328689575195
2022-10-24,-0.0038834810256958008,0.004283547401428223,-0.011574864387512207,-0.0056555867195129395,-0.0024628043174743652,-0.007138609886169434,-0.011539459228515625,-0.007745265960693359,-0.006834149360656738,0.005468964576721191
2022-10-25,-0.004513263702392578,-0.004943728446960449,-0.0055866241455078125,0.015068769454956055,-0.0018516778945922852,0.007678687572479248,-0.03271305561065674,-0.0001266002655029297,-0.03373920917510986,-0.0002719759941101074
2022-10-27,0.0019255280494689941,0.005406737327575684,0.0015395283699035645,-0.027746081352233887,-0.03256720304489136,0.003968238830566406,0.015747010707855225,0.0014864206314086914,0.006373107433319092,-0.005168616771697998
2022-10-28,-0.03858518600463867,-0.001986384391784668,0.0070389509201049805,-0.019695281982421875,-0.01150524616241455,0.004382491111755371,0.03913503885269165,-0.001852869987487793,0.02565598487854004,0.0013672113418579102
2022-10-31,0.019397974014282227,0.010825276374816895,-0.016135573387145996,0.03396487236022949,0.016165494918823242,-0.007603049278259277,-0.01974320411682129,-0.009452223777770996,-0.01416313648223877,0.009284496307373047
2022-11-01,0.009186387062072754,0.018153071403503418,-0.022988438606262207,0.022321343421936035,0.017074942588806152,-0.0029785633087158203,-0.01938807964324951,-0.020841479301452637,-0.007277727127075195,0.014880895614624023
2022-11-02,-0.0019505620002746582,-0.014008879661560059,0.012534856796264648,0.0029305219650268555,0.01266944408416748,-0.02197587490081787,0.003400087356567383,0.005521953105926514,-0.010642528533935547,0.003998875617980957
2022-11-03,-0.01107490062713623,-4.774332046508789e-05,0.014535605907440186,-0.004290282726287842,-0.023425817489624023,0.0017434954643249512,-0.0009595155715942383,0.010781347751617432,0.027630150318145752,-0.014073312282562256
2022-11-04,-0.015151500701904297,0.0001913309097290039,0.010945737361907959,-0.006633639335632324,-0.010280489921569824,-0.011643648147583008,0.01528465747833252,-0.003321051597595215,-0.0006954669952392578,0.005655765533447266
2022-11-07,-0.006688952445983887,0.0017219781875610352,0.0043187737464904785,0.01114034652709961,0.005859494209289551,-0.005563020706176758,-0.009464621543884277,-0.005066275596618652,9.930133819580078e-05,0.0021425485610961914
2022-11-09,-0.008754193782806396,0.006016254425048828,-0.0025075674057006836,-0.004814445972442627,-0.01631098985671997,-0.0019077062606811523,0.005893409252166748,0.00545811653137207,0.024227917194366455,-0.0010690093040466309
2022-11-10,-0.0013586878776550293,-0.0009492635726928711,0.006151974201202393,0.005261540412902832,-0.011305510997772217,-0.0030465126037597656,0.012503325939178467,0.0032338500022888184,0.007530272006988525,-0.005617916584014893
2022-11-11,-0.06054425239562988,-0.03629636764526367,-0.045371055603027344,-0.04020559787750244,-0.05254554748535156,-0.015565633773803711,-0.02273094654083252,-0.034407973289489746,-0.0378345251083374,0.027710437774658203
2022-11-14,-0.03078901767730713,-0.007655978202819824,-0.00969541072845459,-0.01931595802307129,-0.004449009895324707,-0.007850408554077148,-0.023186326026916504,-0.005895733833312988,-0.006421685218811035,-0.007591605186462402
2022-11-15,0.011201024055480957,-0.00445866584777832,-0.0054779052734375,0.003927707672119141,0.01097029447555542,0.0005564093589782715,0.004172325134277344,0.0008693933486938477,-0.001570582389831543,0.0015827417373657227
2022-11-16,0.006922602653503418,-0.0011775493621826172,-0.0055762529373168945,0.017019033432006836,-0.011612772941589355,0.006494700908660889,0.0016759634017944336,-0.006826519966125488,9.799003601074219e-05,0.0023702383041381836
2022-11-17,0.02027881145477295,0.011445820331573486,0.00962454080581665,0.023385226726531982,0.032224833965301514,-0.0016809701919555664,0.009521484375,0.0018925070762634277,0.007939636707305908,-0.003415703773498535
2022-11-18,0.01423025131225586,-0.009702086448669434,-0.0037970542907714844,0.0069168806076049805,0.012499988079071045,0.004102170467376709,0.0109902024269104,0.001657247543334961,-0.0021736621856689453,-0.007645666599273682
2022-11-21,0.01312333345413208,0.006934702396392822,0.015836358070373535,0.026358723640441895,0.012227296829223633,0.0037446022033691406,0.02013605833053589,0.017930567264556885,0.017647624015808105,-0.013283729553222656
2022-11-22,-0.012632966041564941,-0.00721132755279541,-0.010749220848083496,0.002244710922241211,0.0008179545402526855,-0.007141470909118652,-0.01440131664276123,-0.009578227996826172,-0.00792849063873291,0.0005385875701904297
2022-11-23,-0.017728209495544434,-0.0,0.0012246370315551758,0.002964615821838379,0.012989163398742676,0.01026308536529541,-0.0060613155364990234,0.002006053924560547,0.006472170352935791,0.0
2022-11-24,-0.018709659576416016,-0.023744702339172363,-0.029491543769836426,-0.04291391372680664,-0.02256011962890625,0.0033936500549316406,-0.04115569591522217,-0.02171802520751953,-0.024854660034179688,-0.024219632148742676
2022-11-25,0.0006332993507385254,0.0012394189834594727,-0.0035729408264160156,0.0014659762382507324,-0.025631308555603027,-0.001135110855102539,-0.0212174654006958,-0.0028104782104492188,-0.010463595390319824,-0.011823415756225586
2022-11-28,-0.008872032165527344,0.008331775665283203,0.0074953436851501465,-0.0006074905395507812,-0.011388301849365234,-0.015684008598327637,-0.014405131340026855,-0.0016521215438842773,0.002806544303894043,-0.006751537322998047
2022-11-29,0.0006281137466430664,-0.009072184562683105,-0.0034612417221069336,0.005899250507354736,0.004066109657287598,-0.0005581378936767578,-0.001688241958618164,-0.0006185770034790039,0.0025232434272766113,0.0010318160057067871
2022-11-30,-0.01508486270904541,0.0072190165519714355,-0.003637552261352539,0.014983296394348145,-0.0069615840911865234,-0.004648566246032715,-0.02971649169921875,0.0019279718399047852,-0.0023349523544311523,-0.004389405250549316
2022-12-01,-0.019814252853393555,-0.013918638229370117,-0.013559937477111816,-0.03552722930908203,-0.0600893497467041,-0.004812121391296387,-0.040724873542785645,-0.025023579597473145,-0.023296475410461426,-0.016452431678771973
2022-12-02,-0.029143929481506348,0.000747978687286377,0.011590659618377686,-0.011036872863769531,-0.010689377784729004,-0.03370785713195801,-0.004926204681396484,0.010501623153686523,-0.012331604957580566,0.003034830093383789
2022-12-05,0.01061946153640747,0.0041390061378479,-0.0011228322982788086,0.017835497856140137,0.01018822193145752,0.014255166053771973,0.018756330013275146,0.0038527250289916992,0.013774335384368896,-0.0
2022-12-06,0.026833653450012207,0.008754491806030273,0.016386330127716064,0.032128095626831055,0.01940983533859253,0.014822840690612793,0.030138134956359863,0.011836230754852295,0.0101662278175354,0.002536773681640625
2022-12-07,0.01348036527633667,0.013426065444946289,0.004560708999633789,0.026570141315460205,0.01239621639251709,0.008440375328063965,0.0185239315032959,0.0014030933380126953,0.010174810886383057,0.012207567691802979
2022-12-08,0.009937882423400879,0.004114329814910889,-0.009099602699279785,0.027476787567138672,-0.0050612688064575195,0.0037009716033935547,-0.010742664337158203,0.008888959884643555,0.0036849379539489746,0.006694138050079346
2022-12-09,0.026976168155670166,-0.06705403327941895,-0.031340718269348145,0.03444981575012207,0.04109179973602295,0.017830610275268555,0.035736918449401855,0.017250895500183105,-0.03718125820159912,-0.02384650707244873
2022-12-12,-0.00709223747253418,0.0008759498596191406,-0.01412665843963623,0.016084492206573486,-0.000840306282043457,0.003403961658477783,-0.024547457695007324,0.001913309097290039,-0.0031338930130004883,0.006107211112976074
2022-12-13,-0.003201007843017578,0.015849828720092773,0.016178011894226074,0.0030363798141479492,0.0051422119140625,-0.020493388175964355,-0.0066375732421875,-0.013890385627746582,0.013588905334472656,0.003431081771850586
2022-12-14,-0.01723039150238037,0.011007905006408691,0.00454866886138916,-0.029031038284301758,-0.006170868873596191,0.00018596649169921875,-0.028826355934143066,-0.009978652000427246,0.01900947093963623,0.005523324012756348
2022-12-15,0.027603507041931152,-0.013113021850585938,-0.02458113431930542,0.025173604488372803,0.019761979579925537,0.018039822578430176,0.022324442863464355,0.017903029918670654,-0.0408443808555603,-0.012032389640808105
2022-12-16,-0.019999980926513672,-0.012183964252471924,-0.011870801448822021,-0.0011659860610961914,0.025828897953033447,0.008522748947143555,0.03292316198348999,0.019621193408966064,-0.0019449591636657715,-0.013502776622772217
2022-12-19,0.014547765254974365,0.0034962892532348633,-0.009798645973205566,-0.008359551429748535,-0.005379676818847656,0.006876766681671143,0.0017639398574829102,0.011789202690124512,0.005948662757873535,-0.0021471381187438965
2022-12-20,-0.0,-0.003435790538787842,0.0,0.002378404140472412,-0.014796614646911621,-0.007693767547607422,0.012419819831848145,-0.013085365295410156,-0.008768320083618164,0.0
2022-12-21,-0.006418466567993164,0.010342836380004883,0.0014910697937011719,-0.014224410057067871,-0.0045195817947387695,-0.0013360977172851562,0.0008435249328613281,-0.0075833797454833984,0.008125901222229004,0.0013447999954223633
2022-12-22,0.00892859697341919,-0.0012015104293823242,0.008256673812866211,0.010340750217437744,-0.01569366455078125,0.006099879741668701,0.002942025661468506,0.00270766019821167,-0.010203063488006592,-0.0018801689147949219
2022-12-23,0.03861004114151001,-0.00818014144897461,-0.016378045082092285,0.02556818723678589,0.03607022762298584,0.007479846477508545,0.01616460084915161,0.009617388248443604,-0.02030712366104126,-0.028794407844543457
2022-12-26,-0.009370803833007812,0.0010672807693481445,0.0035485029220581055,-0.01931309700012207,0.0014224052429199219,-0.006183624267578125,0.006180882453918457,-0.007604479789733887,0.005366086959838867,0.007758378982543945
2022-12-27,-0.027851462364196777,0.004507184028625488,0.008296012878417969,-0.009542584419250488,-0.013532042503356934,-0.0044171810150146484,-0.027632713317871094,-0.002028942108154297,0.008791208267211914,0.016222119331359863
2022-12-28,-0.01032257080078125,-0.0008684396743774414,-0.0031023025512695312,0.013313055038452148,0.0008108019828796387,0.004780113697052002,0.0142747163772583,0.0007362961769104004,0.0068471431732177734,0.0027055740356445312
2022-12-29,-0.0,0.008691906929016113,0.004870891571044922,-0.020360112190246582,0.0047065019607543945,0.0030739903450012207,0.008419454097747803,-0.0035767555236816406,-0.0030912160873413086,0.008095026016235352
2022-12-30,0.007662832736968994,-0.004930734634399414,-0.006126284599304199,0.012397706508636475,-0.02195882797241211,-0.010599374771118164,-0.011312484741210938,0.0036864280700683594,0.0033074617385864258,0.004817962646484375
2023-01-02,-0.01673102378845215,0.0001442432403564453,0.010431408882141113,0.00991886854171753,0.0017551183700561523,-0.00019073486328125,-0.04058492183685303,-0.0014585256576538086,-0.007005214691162109,0.0005327463150024414
2023-01-03,-0.01772153377532959,0.0018279552459716797,-0.0009384751319885254,-0.006258487701416016,-0.018221497535705566,0.008770287036895752,-0.005188703536987305,-0.01530003547668457,0.014524340629577637,0.010383367538452148
2023-01-04,0.017412960529327393,-0.004561364650726318,-0.018251419067382812,0.016370952129364014,-0.0010465383529663086,-0.005193352699279785,0.029612958431243896,-0.0009964704513549805,-0.003476858139038086,-0.018445312976837158
2023-01-05,0.005063295364379883,0.007235169410705566,-0.013054430484771729,0.004149198532104492,-0.0036066770553588867,0.0024875402450561523,-0.00010180473327636719,0.0010709166526794434,-0.008722424507141113,-0.006979882717132568
2023-01-06,0.007633566856384277,-0.010822653770446777,-0.01814401149749756,0.014694154262542725,0.018229186534881592,0.004028379917144775,0.019723117351531982,-0.030065536499023438,-0.02587991952896118,-0.012706100940704346
2023-01-09,-0.03012824058532715,-0.03354942798614502,-0.024827122688293457,-0.023263216018676758,-0.011352777481079102,-0.004044651985168457,-0.03709864616394043,-0.033753156661987305,0.03028690814971924,-0.02546548843383789
2023-01-10,0.010578691959381104,0.003372490406036377,0.009910523891448975,0.014818668365478516,0.005507767200469971,-0.004603862762451172,0.007935285568237305,0.010105609893798828,-0.012686967849731445,-0.00293731689453125
2023-01-11,0.010062873363494873,0.00850677490234375,-0.0010427236557006836,0.0014415383338928223,-0.020781755447387695,-0.010311245918273926,0.009260475635528564,-0.012871265411376953,0.0037609338760375977,-0.0021299123764038086
2023-01-12,0.007623910903930664,-0.01597452163696289,-0.0063190460205078125,-0.011986732482910156,0.007389068603515625,-0.002079010009765625,-0.01319277286529541,-0.0016974210739135742,-0.004891753196716309,-0.0018597841262817383
2023-01-13,0.00512164831161499,-0.00573885440826416,-0.015594840049743652,-0.0026426315307617188,-0.010671496391296387,-0.01056206226348877,-0.006962895393371582,-0.012056350708007812,0.0016734600067138672,0.0015910863876342773
2023-01-16,-0.003217458724975586,-0.01475214958190918,-0.014539957046508789,0.002437412738800049,-0.00231778621673584,-0.00354611873626709,0.007913291454315186,0.012001574039459229,-0.03205597400665283,-0.01195216178894043
2023-01-17,-0.00513148307800293,-0.015863656997680664,-0.009174942970275879,0.0006429553031921387,-0.0008221864700317383,-0.01264643669128418,-0.0006290674209594727,-0.013302087783813477,-0.011533737182617188,0.005511820316314697
2023-01-18,-0.0019145011901855469,-0.0036901235580444336,-0.0038489103317260742,0.0001170039176940918,-0.002772688865661621,0.005325973033905029,0.0042999982833862305,-0.0034335851669311523,-0.002200484275817871,-0.017154932022094727
2023-01-19,-0.010828018188476562,0.0033627748489379883,0.004230797290802002,0.008189499378204346,-0.010189414024353027,0.006646990776062012,-0.07541167736053467,0.004985213279724121,-0.0048902034759521484,-0.0002595186233520508
2023-01-20,-0.034026503562927246,0.003239154815673828,0.00869685411453247,-0.006912350654602051,-0.021187126636505127,-0.018587350845336914,-0.0153350830078125,0.002964615821838379,0.006654083728790283,0.0002593994140625
2023-01-23,-0.06276655197143555,-0.012095928192138672,-0.014733433723449707,-0.02361738681793213,0.01729583740234375,0.018371224403381348,-0.062380075454711914,-0.015402436256408691,-0.018496274948120117,-0.009600400924682617
2023-01-24,0.008027493953704834,-0.014850139617919922,-0.002507925033569336,-0.03218245506286621,0.029167771339416504,0.009112834930419922,0.0010668635368347168,-0.0062667131423950195,-0.005104541778564453,0.0010280013084411621
2023-01-25,0.012138724327087402,0.01327061653137207,0.005727410316467285,0.017474472522735596,-0.022900402545928955,-0.012716531753540039,-0.0012422800064086914,0.0019061565399169922,0.018654227256774902,0.01234889030456543
2023-01-27,-0.0052661895751953125,0.0063683390617370605,0.01542741060256958,0.007132172584533691,0.0012148618698120117,-0.011386990547180176,0.0037004947662353516,0.005452275276184082,0.02060115337371826,0.009116947650909424
2023-01-30,-0.02852153778076172,-0.017165660858154297,-0.01291191577911377,-0.011332035064697266,0.022043585777282715,0.001132965087890625,-0.008280515670776367,-0.006625533103942871,-0.005995392799377441,-0.010778188705444336
2023-01-31,0.008488953113555908,0.011059761047363281,0.003253161907196045,0.018060684204101562,-0.021370232105255127,-0.0026404857635498047,-0.01575338840484619,0.021828055381774902,0.020909130573272705,0.008582532405853271
2023-02-01,0.006278514862060547,-0.008821964263916016,-0.011256814002990723,-0.004475235939025879,-0.00035387277603149414,-0.0075643062591552734,0.0006827116012573242,-0.014782547950744629,-0.008872389793395996,-0.009181499481201172
2023-02-02,-0.01895463466644287,-0.015457987785339355,-0.021077632904052734,-0.045498013496398926,0.011731386184692383,-0.03105950355529785,-0.029886484146118164,-0.015271306037902832,0.007158219814300537,-0.017156124114990234
2023-02-03,0.02874857187271118,0.003000974655151367,-0.009869694709777832,0.018647432327270508,-0.004148364067077637,-0.0038809776306152344,-0.005513668060302734,-0.0063288211822509766,0.005355894565582275,0.0035778284072875977
2023-02-06,-0.002321481704711914,0.00039267539978027344,0.018460571765899658,-0.02084529399871826,0.003563404083251953,-0.00018405914306640625,0.0024737119674682617,0.0064182281494140625,0.00610959529876709,0.008207201957702637
2023-02-07,0.0034742355346679688,0.015230834484100342,0.004750728607177734,0.0003916025161743164,-0.0016502737998962402,-0.016565442085266113,0.0038024187088012695,-0.0036417245864868164,0.0029172897338867188,0.01008540391921997
2023-02-08,-0.006391644477844238,-0.014845967292785645,-0.017982125282287598,-0.02621757984161377,0.017482280731201172,0.0007242560386657715,-0.0027382373809814453,-0.013693094253540039,-0.008777499198913574,-0.015935182571411133
2023-02-09,-0.002309441566467285,-0.0011789798736572266,-0.01670098304748535,0.0040405988693237305,0.006449460983276367,-0.0072476863861083984,0.001861870288848877,-0.005894660949707031,-0.005075573921203613,-0.003342866897583008
2023-02-10,0.0011520981788635254,-0.02678060531616211,0.005243897438049316,0.0008624792098999023,0.006310224533081055,0.004857003688812256,-0.013658642768859863,0.0009319782257080078,-0.0013397932052612305,0.005894482135772705
2023-02-13,-0.06978082656860352,-0.002375304698944092,-0.025531888008117676,0.015048205852508545,-0.011763513088226318,0.018257439136505127,0.034534990787506104,0.01558995246887207,0.015026748180389404,0.01288992166519165
2023-02-14,0.011779308319091797,0.011185884475708008,0.01642441749572754,-0.0033867359161376953,0.011362552642822266,-0.007549285888671875,-0.006311178207397461,-0.00508272647857666,-0.009822368621826172,-0.011230111122131348
2023-02-15,0.00857841968536377,0.006619691848754883,0.0023725032806396484,-0.022904515266418457,0.0031126737594604492,-0.006944417953491211,-0.01671016216278076,-0.005871176719665527,-0.06032693386077881,-0.005681753158569336
2023-02-16,0.0279465913772583,-0.004192769527435303,0.0030066967010498047,-0.04325461387634277,-0.04935765266418457,-0.019419193267822266,-0.022521138191223145,-0.01062309741973877,-0.05640685558319092,-0.006163358688354492
2023-02-17,-0.005910158157348633,-0.01648712158203125,-0.01122516393661499,0.018128573894500732,0.01178210973739624,-0.003382563591003418,0.005951642990112305,0.015991926193237305,0.0010161399841308594,0.008677899837493896
2023-02-20,0.03091561794281006,0.005542755126953125,0.005418300628662109,-0.005876660346984863,-0.00299227237701416,-0.0024840831756591797,-0.03087329864501953,0.00395578145980835,-0.013685941696166992,-0.0018023252487182617
2023-02-21,0.0011533498764038086,-0.009411156177520752,-0.008147776126861572,0.0016268491744995117,0.01496356725692749,0.012920379638671875,0.0185697078704834,0.010409235954284668,0.008757531642913818,0.010280132293701172
2023-02-22,0.000576019287109375,-0.01140064001083374,-0.011190176010131836,0.015085399150848389,0.00477975606918335,0.012013614177703857,-0.01439213752746582,0.014329195022583008,0.007914602756500244,0.019215762615203857
2023-02-23,0.01784682273864746,0.0016016960144042969,-0.007064759731292725,-0.010051488876342773,0.007893502712249756,0.0038112401962280273,0.01359260082244873,-0.0036013126373291016,-0.0027829408645629883,0.0029124021530151367
2023-02-24,-0.00961536169052124,0.00045692920684814453,-6.586313247680664e-05,1.0371208190917969e-05,-0.00699770450592041,0.0020040273666381836,0.01528865098953247,0.0039106011390686035,0.008880615234375,0.0018587708473205566
2023-02-27,-0.023415207862854004,-0.00995570421218872,-0.026683330535888672,0.016183972358703613,-0.07377439737319946,-0.0040160417556762695,0.01501530408859253,0.020173728466033936,0.004573464393615723,0.007182717323303223
2023-02-28,0.005263209342956543,-0.005858182907104492,-0.014418244361877441,0.011089026927947998,-0.002261042594909668,-0.0032727718353271484,0.005890250205993652,0.005702555179595947,0.012658238410949707,0.00884246826171875
2023-03-01,0.0005817413330078125,0.02180767059326172,0.005769252777099609,-0.004606008529663086,0.012618422508239746,0.002174675464630127,-0.02399277687072754,-0.021990060806274414,-0.02488124370574951,-0.010543346405029297
2023-03-02,-0.011627912521362305,0.004404664039611816,-0.015979230403900146,0.008063137531280518,-0.006561219692230225,0.005266964435577393,0.009718656539916992,0.018976867198944092,0.015567004680633545,0.008025705814361572
2023-03-03,0.0017646551132202148,0.011799812316894531,0.004857778549194336,-0.001020193099975586,0.016025066375732422,-0.0020084381103515625,-0.001193404197692871,-0.006232261657714844,0.022778689861297607,-0.006472587585449219
2023-03-06,0.01644158363342285,0.006881117820739746,0.018991708755493164,-0.023533344268798828,0.02927684783935547,-0.028607845306396484,-0.0024248361587524414,-0.008886575698852539,-0.0046234130859375,-0.008574485778808594
2023-03-08,-0.010976314544677734,-0.005369603633880615,-0.00975942611694336,0.008244812488555908,0.0031332969665527344,0.00017714500427246094,-0.002788066864013672,-0.005501389503479004,0.01102590560913086,0.0029224157333374023
2023-03-09,-0.0058411359786987305,-0.003569364547729492,-0.008281409740447998,0.00908726453781128,-0.019180119037628174,0.0028348565101623535,0.015127956867218018,0.01579451560974121,0.017450332641601562,0.006394863128662109
2023-03-10,-0.027614593505859375,-0.0003134012222290039,-0.0059351325035095215,0.02066272497177124,-0.03214406967163086,-0.004975080490112305,0.014156460762023926,0.0017531514167785645,-0.0011839866638183594,0.0026816725730895996
2023-03-13,-0.012688815593719482,-0.015856027603149414,-0.02478480339050293,0.005193889141082764,-0.038918256759643555,0.019801974296569824,0.02682441473007202,0.014725327491760254,-0.07026708126068115,0.009411156177520752
2023-03-14,-0.0397796630859375,-0.013244032859802246,-0.010536015033721924,0.010626018047332764,-0.03412860631942749,0.006313145160675049,0.019234061241149902,0.02041471004486084,0.01675868034362793,0.015743732452392578
2023-03-15,0.007010817527770996,-0.004058897495269775,-0.00021588802337646484,-0.0055506229400634766,0.0014399290084838867,-0.012161970138549805,0.0018310546875,0.004992306232452393,0.0008428692817687988,0.009376704692840576
2023-03-16,-0.02468353509902954,-0.006715118885040283,-0.01093834638595581,0.008546888828277588,0.003097057342529297,-0.001972794532775879,0.009746193885803223,0.004345238208770752,-0.0030930042266845703,0.008073568344116211
2023-03-17,0.012329697608947754,-0.033616065979003906,0.011786937713623047,-0.026553750038146973,-0.010089337825775146,-0.01073920726776123,-0.0382305383682251,0.0017896294593811035,-0.008596539497375488,-0.010103821754455566
2023-03-20,-0.032051265239715576,0.015878021717071533,-0.012009143829345703,-0.0009199380874633789,-0.03441941738128662,0.0028333663940429688,0.02020639181137085,0.011323273181915283,0.016490697860717773,-0.02500694990158081
2023-03-21,-0.016556262969970703,0.006371140480041504,-0.009243786334991455,0.0008870363235473633,-0.01753467321395874,0.015805363655090332,0.017858684062957764,0.011834681034088135,0.01233983039855957,-0.0017098784446716309
2023-03-22,0.006734013557434082,0.002260446548461914,-0.0010284185409545898,0.005209565162658691,0.004050850868225098,-0.010285139083862305,-0.0035741329193115234,-0.007952094078063965,-0.0037195682525634766,0.0
2023-03-23,0.0026755332946777344,0.014378786087036133,-0.010589838027954102,0.010290920734405518,-0.009472548961639404,0.009108781814575195,0.014668524265289307,0.001964390277862549,0.0001901388168334961,-0.01341700553894043
2023-03-24,-0.012675106525421143,0.013275206089019775,0.0044596195220947266,9.775161743164062e-05,-0.026328206062316895,-0.0054073333740234375,0.023019492626190186,0.001328110694885254,-0.002375960350036621,0.0008679628372192383
2023-03-27,-0.017567574977874756,0.0002377033233642578,0.0059937238693237305,0.009507894515991211,-0.007517874240875244,-0.006095409393310547,-0.0097808837890625,-0.0005768537521362305,-0.0009481906890869141,-0.001734614372253418
2023-03-28,-0.01031637191772461,0.00989067554473877,-0.008164763450622559,0.0006144046783447266,-0.03329259157180786,0.0019600987434387207,-0.013258218765258789,0.0020498037338256836,0.03040635585784912,-0.013900935649871826
2023-03-29,0.017373204231262207,-0.025357842445373535,0.004301309585571289,-0.014412999153137207,0.030394911766052246,-0.006605982780456543,-0.026395440101623535,-0.007381439208984375,-0.010355591773986816,0.007635831832885742
2023-03-31,-0.04234969615936279,-0.01662766933441162,-0.032122254371643066,-0.030104637145996094,-0.046608567237854004,-0.010464668273925781,-0.014906048774719238,-0.021345019340515137,-0.019725441932678223,-0.017487645149230957
2023-04-03,-0.00982964038848877,-0.01188671588897705,0.011948168277740479,0.0041599273681640625,-0.001113295555114746,-0.003510594367980957,0.016465961933135986,0.001840353012084961,-0.001232743263244629,-0.007447719573974609
2023-04-05,-0.05905258655548096,-0.01188349723815918,-0.008978962898254395,-0.019747495651245117,-0.010359883308410645,0.0027986764907836914,-0.0037497282028198242,-0.01243746280670166,-0.0002840757369995117,-0.005118012428283691
2023-04-06,0.019607841968536377,0.017413556575775146,0.001148223876953125,0.01245492696762085,0.012281298637390137,0.0038589835166931152,0.0007252693176269531,0.005895435810089111,0.010035932064056396,0.008486568927764893
2023-04-10,-0.015625,-0.010303616523742676,-0.004023551940917969,-0.005059480667114258,-0.010146617889404297,-0.016376137733459473,-0.004948019981384277,-0.013257980346679688,-0.01367640495300293,-0.017974257469177246
2023-04-11,0.014153838157653809,0.014595210552215576,0.015027880668640137,0.005211174488067627,0.007199704647064209,0.00641024112701416,0.012538790702819824,0.015198826789855957,0.008397042751312256,0.008127808570861816
2023-04-12,-0.014981269836425781,-0.006899714469909668,-0.015693068504333496,-0.01158750057220459,-0.01233983039855957,-0.009241461753845215,-0.006891965866088867,-0.008665680885314941,-0.01094198226928711,-0.005086183547973633
2023-04-13,0.009225070476531982,0.020694375038146973,0.02732473611831665,-0.037554144859313965,0.028076231479644775,0.0034554004669189453,0.033409714698791504,0.016287922859191895,0.021364688873291016,0.010402083396911621
2023-04-17,0.03351956605911255,0.027662456035614014,-0.09427863359451294,-0.0675361156463623,0.02009040117263794,0.006761431694030762,0.042624831199645996,0.015475809574127197,-0.053664207458496094,0.018465936183929443
2023-04-18,-0.03468203544616699,-0.02077341079711914,0.0008931159973144531,-0.0032312870025634766,-0.028084516525268555,-0.0061092376708984375,-0.03591299057006836,0.0027870535850524902,-0.004776418209075928,-0.017655611038208008
2023-04-19,0.0310366153717041,0.023640573024749756,-0.021578609943389893,-0.02872467041015625,-0.00017690658569335938,0.0032963156700134277,0.008770346641540527,0.013143777847290039,-0.011334598064422607,0.01905578374862671
2023-04-20,0.02306210994720459,0.001155257225036621,-0.00713038444519043,-0.009941399097442627,0.015101432800292969,-0.0022628307342529297,0.006346404552459717,-0.004919767379760742,0.008056163787841797,-0.005218982696533203
2023-04-21,-0.004590153694152832,-0.011036038398742676,0.0032567977905273438,0.0043343305587768555,-0.0011379718780517578,-0.004168152809143066,-0.002657294273376465,-0.01805269718170166,-0.023258209228515625,-0.014421701431274414
2023-04-24,-0.016318559646606445,-0.004862070083618164,-0.0009155869483947754,0.0030210018157958984,-0.00023937225341796875,-0.03528189659118652,-0.032756805419921875,-0.0044133663177490234,0.007552742958068848,-0.027295947074890137
2023-04-25,-0.009633898735046387,0.0005693435668945312,-0.001083076000213623,0.0007051229476928711,0.00029903650283813477,-0.0005011558532714844,-0.006730794906616211,-0.00037801265716552734,-0.009266018867492676,0.0063658952713012695
2023-04-26,-0.0031806230545043945,-0.011486172676086426,0.002085089683532715,-0.006270289421081543,-0.00011968612670898438,-0.015194535255432129,-0.0,-0.0069741010665893555,-0.0007355809211730957,0.0025069713592529297
2023-04-27,-0.027901053428649902,-0.005349278450012207,0.015314221382141113,0.0384601354598999,-0.014118194580078125,-0.01019740104675293,-0.02481997013092041,0.0031893253326416016,0.007151126861572266,0.0005585551261901855
2023-04-28,-0.032695889472961426,0.006674468517303467,0.0051642656326293945,0.022985339164733887,-0.017579078674316406,-0.018886327743530273,-0.03360092639923096,-0.009818196296691895,0.020987749099731445,-0.028220176696777344
2023-05-02,0.013142168521881104,-0.0032422542572021484,0.01973581314086914,0.029143810272216797,-0.026492714881896973,-0.021572351455688477,-0.0028918981552124023,-4.661083221435547e-05,0.02986299991607666,-0.008695721626281738
2023-05-03,0.007263898849487305,0.008055925369262695,-0.0064778923988342285,-0.011048197746276855,0.004800379276275635,-0.003910541534423828,0.015344440937042236,0.012269377708435059,-0.01350545883178711,0.008351325988769531
2023-05-04,-0.0012195110321044922,-0.007413148880004883,0.0034612417221069336,0.0006780624389648438,0.00419926643371582,-0.013555645942687988,0.0018811225891113281,-0.012830615043640137,0.005838513374328613,0.0038033127784729004
2023-05-05,-0.0030450820922851562,0.010545551776885986,-0.011390924453735352,-0.002932608127593994,0.013904750347137451,0.007840096950531006,0.006296694278717041,-0.0031049251556396484,-0.008907139301300049,0.0111808180809021
2023-05-08,0.0006071925163269043,-0.019136905670166016,0.005193114280700684,0.006673455238342285,-0.017452597618103027,-0.01224052906036377,-0.00741422176361084,-0.006159663200378418,0.006866574287414551,-0.0027579069137573242
2023-05-09,-0.0024300813674926758,-0.0030211210250854492,0.0040361881256103516,0.023208260536193848,-0.005225539207458496,-0.07806521654129028,-0.004471302032470703,-0.010044217109680176,0.0044127702713012695,-0.005225539207458496
2023-05-10,-0.0,0.0006486773490905762,-0.005869150161743164,-0.00604623556137085,-0.0031076669692993164,0.01726710796356201,0.0049626827239990234,-0.001081228256225586,-0.001597583293914795,-0.0035567283630371094
2023-05-11,-0.0,-0.009088277816772461,-0.005661129951477051,0.013820290565490723,-0.0035486221313476562,0.01762688159942627,0.0009845495223999023,0.0014147758483886719,-0.002100229263305664,-0.0021810531616210938
2023-05-12,0.00969696044921875,-0.00680088996887207,-0.008702695369720459,0.0062255859375,0.01094520092010498,0.0004811286926269531,0.0032782554626464844,0.0023916959762573242,0.0023050308227539062,0.0038084983825683594
2023-05-15,-0.011627912521362305,-0.003879547119140625,0.010584115982055664,0.004256248474121094,-0.00709378719329834,-0.004648923873901367,-0.008491158485412598,0.005879104137420654,0.017798304557800293,-0.00709986686706543
2023-05-16,-0.017543911933898926,0.008229196071624756,0.004709005355834961,0.006139516830444336,-0.008339881896972656,0.004187464714050293,-0.005669951438903809,-0.0009523630142211914,-0.007073402404785156,-0.002982616424560547
2023-05-17,-0.002378106117248535,0.014806926250457764,-0.013737380504608154,0.0008128881454467773,0.010673940181732178,0.0033681392669677734,-0.018312811851501465,0.015177309513092041,-0.0029682517051696777,0.01189512014389038
2023-05-18,0.0023725032806396484,-0.004978775978088379,-0.0007374286651611328,-0.005717456340789795,-0.0008473396301269531,-0.01566493511199951,0.011697530746459961,0.0027580857276916504,-0.005259513854980469,-0.0005471706390380859
2023-05-19,-0.017241358757019043,-0.014306783676147461,0.018366694450378418,0.019139409065246582,-0.02449476718902588,0.012666463851928711,-0.029484868049621582,-0.007187843322753906,0.022944927215576172,-0.009570717811584473
2023-05-22,-0.02162480354309082,-0.022367238998413086,0.018840551376342773,0.03840315341949463,-0.033660292625427246,0.0076972246170043945,-0.03127944469451904,-0.02353501319885254,0.030914664268493652,-0.024647831916809082
2023-05-23,0.014874160289764404,0.011162221431732178,0.005610823631286621,-0.025985240936279297,0.012844502925872803,-0.003182709217071533,0.018071472644805908,0.0005001425743103027,-0.012959957122802734,-0.004758119583129883
2023-05-24,0.011614382266998291,-0.004154086112976074,-0.0011002421379089355,-0.006484329700469971,-0.0018895864486694336,0.0023946762084960938,-0.00337374210357666,-0.0019108057022094727,0.007763028144836426,-0.004998683929443359
2023-05-25,-0.00998830795288086,-0.0036423206329345703,0.004405617713928223,0.017445802688598633,0.00732874870300293,-0.002229630947113037,-0.012040138244628906,0.002981841564178467,-0.0005705952644348145,0.013874292373657227
2023-05-26,-0.03781270980834961,-0.02078843116760254,0.010025858879089355,0.01844000816345215,-0.021714329719543457,0.009417414665222168,-0.012434124946594238,-0.01074838638305664,0.0155104398727417,-0.01937878131866455
2023-05-29,0.008968591690063477,0.011411488056182861,-0.0022489428520202637,-0.0024394989013671875,0.0035598278045654297,-0.006641387939453125,0.009785771369934082,0.002568364143371582,-0.0005621910095214844,0.0049479007720947266
2023-05-30,0.004524886608123779,-0.008568644523620605,0.0071506500244140625,0.0004711151123046875,-0.0036792755126953125,0.004297971725463867,-0.006588339805603027,0.0012499094009399414,-0.014438450336456299,-0.007066130638122559
2023-05-31,-0.035227298736572266,-0.00814366340637207,-0.004167318344116211,0.0014325380325317383,0.014609813690185547,0.013314366340637207,-0.013011574745178223,0.008051395416259766,0.01598179340362549,-0.002338886260986328
2023-06-01,-0.0016465187072753906,0.0027944445610046387,0.0009299516677856445,-0.005821883678436279,-0.016120314598083496,-0.005005478858947754,-0.006830930709838867,-0.010487914085388184,0.004868865013122559,-0.009333610534667969
2023-06-02,-0.006027340888977051,0.004247307777404785,-0.015562057495117188,0.005000710487365723,-0.02095818519592285,-0.0007860660552978516,-0.010244488716125488,0.005535483360290527,0.002050042152404785,0.005651116371154785
2023-06-05,-0.0005446672439575195,-0.0010993480682373047,0.004246950149536133,-0.010201871395111084,0.015434980392456055,0.0045626163482666016,0.003271818161010742,0.005052089691162109,-0.01255345344543457,0.002066671848297119
2023-06-06,-0.03864997625350952,0.008521556854248047,-0.01957869529724121,-0.01180410385131836,-0.03774082660675049,-0.023022711277008057,-0.04384380578994751,0.017209351062774658,-0.021282553672790527,0.01035463809967041
2023-06-07,0.008493781089782715,-0.0003987550735473633,0.007748126983642578,0.0035619735717773438,-0.0030718445777893066,0.012503981590270996,0.007548689842224121,-0.013179421424865723,0.008852005004882812,-0.007324099540710449
2023-06-08,-0.015160024166107178,0.0020371675491333008,-0.004755854606628418,-0.01979696750640869,-0.02421039342880249,-0.015357792377471924,-0.01841151714324951,0.011740803718566895,-0.022794485092163086,0.008309543132781982
2023-06-09,0.005131125450134277,0.015087664127349854,-0.013141155242919922,0.0037146806716918945,-0.005864441394805908,0.0,-0.007998108863830566,0.008388817310333252,-0.00790548324584961,0.005498826503753662
2023-06-12,0.022688627243041992,-0.026942968368530273,0.02057945728302002,0.015819907188415527,0.020419716835021973,0.01656210422515869,0.01982903480529785,-0.011715888977050781,0.011313319206237793,0.004476010799407959
2023-06-13,0.013311147689819336,0.007326781749725342,0.009963631629943848,0.009307384490966797,0.004502534866333008,-0.06010758876800537,0.011336922645568848,0.000985562801361084,0.004377484321594238,-0.0
2023-06-14,0.011494278907775879,-0.004021883010864258,-0.003366708755493164,-0.007735192775726318,-0.01134413480758667,-0.02432107925415039,-0.01507878303527832,-0.00226593017578125,-0.0016464591026306152,-0.0021158456802368164
2023-06-15,-0.00811690092086792,-0.006823062896728516,-0.01052713394165039,0.013135075569152832,-0.001231372356414795,0.008885681629180908,0.004028797149658203,0.010688841342926025,0.0036864280700683594,0.01873844861984253
2023-06-16,0.0027277469635009766,-0.004022359848022461,0.0038111209869384766,0.007935881614685059,-0.008238077163696289,-0.0049970149993896484,-0.0050961971282958984,0.012871980667114258,-0.004059493541717529,0.0196341872215271
2023-06-19,-0.007072925567626953,0.009275317192077637,0.0018191337585449219,0.007853388786315918,0.007176399230957031,0.001462399959564209,-0.003166019916534424,-0.011181473731994629,0.015625,0.0030178427696228027
2023-06-20,-0.000547945499420166,-0.027339458465576172,0.007263541221618652,-0.005505084991455078,0.006339669227600098,-0.013034582138061523,0.005239605903625488,-0.005388736724853516,0.012900114059448242,-0.006053924560546875
2023-06-21,0.009868383407592773,-0.0015401840209960938,-0.0031352639198303223,-0.004310905933380127,-0.004237055778503418,0.0010120272636413574,-0.006359457969665527,-0.009449481964111328,0.011603832244873047,-0.007932186126708984
2023-06-22,-0.01520085334777832,0.006023287773132324,-0.013681411743164062,0.005109429359436035,-0.01192539930343628,0.014761209487915039,-0.013671159744262695,0.006046295166015625,-0.0007461309432983398,0.008141100406646729
2023-06-23,-0.007717728614807129,-0.0015041828155517578,-0.012914597988128662,-0.013808012008666992,-0.013315975666046143,0.01116335391998291,-0.013367831707000732,0.006839573383331299,-0.003266453742980957,0.00629270076751709
2023-06-26,0.02388894557952881,-0.002016901969909668,0.0041997432708740234,0.010218620300292969,-0.009647965431213379,-0.003862142562866211,0.021103978157043457,0.008301377296447754,-0.0032771825790405273,-0.00247800350189209
2023-06-27,0.018990755081176758,-0.0021413564682006836,0.006996870040893555,-0.031104564666748047,0.014381051063537598,0.006066858768463135,-0.002914726734161377,-0.002414107322692871,0.007139444351196289,-0.004394412040710449
2023-06-28,-0.005324840545654297,-0.000213623046875,0.011101365089416504,0.01436161994934082,0.005373477935791016,-0.008337020874023438,-0.0032706856727600098,-0.005660891532897949,-0.010633349418640137,0.0021876096725463867
2023-06-30,0.009100675582885742,-0.015124917030334473,-0.03254342079162598,-0.021281719207763672,0.025757670402526855,-0.006644010543823242,0.027707695960998535,-0.026994705200195312,0.0211181640625,-0.019457459449768066
2023-07-03,-0.005835533142089844,0.005345344543457031,0.0013004541397094727,-0.002722620964050293,0.004490017890930176,0.011586964130401611,-0.02977454662322998,0.009069561958312988,-0.008586406707763672,-0.0061827898025512695
2023-07-04,0.004802584648132324,-0.007616758346557617,-0.008579015731811523,-0.007521986961364746,0.006622195243835449,-0.004451751708984375,0.0011518001556396484,-0.01116955280303955,0.024306178092956543,-0.011220932006835938
2023-07-05,0.0037174224853515625,-0.0035276412963867188,-0.0015950202941894531,0.0016093254089355469,-0.017981410026550293,-0.008273005485534668,-0.0022804737091064453,-0.0033545494079589844,0.024093151092529297,0.005284011363983154
2023-07-06,0.00423276424407959,0.01184302568435669,0.002578139305114746,0.012189745903015137,0.0003349781036376953,-0.0014652013778686523,0.006795287132263184,-0.0008885860443115234,0.003728628158569336,-0.0058432817459106445
2023-07-07,-0.011064291000366211,0.019523203372955322,0.010187029838562012,0.012291967868804932,-0.0028461217880249023,0.016971468925476074,-0.012210249900817871,-0.0019110441207885742,-0.020166218280792236,0.0010563135147094727
2023-07-10,-0.01704847812652588,-0.028593599796295166,0.0007680654525756836,0.022836744785308838,0.003917574882507324,0.015031993389129639,-0.016854405403137207,0.017211079597473145,-0.007853448390960693,0.014538705348968506
2023-07-11,0.01842820644378662,-0.008537113666534424,-0.01460409164428711,0.014706611633300781,0.013212203979492188,-0.02311873435974121,-0.0063814520835876465,-0.00013756752014160156,0.012737751007080078,-0.0050966739654541016
2023-07-12,-0.010111749172210693,-0.003901660442352295,0.011287868022918701,0.0219423770904541,-0.0025859475135803223,0.006941378116607666,-0.004896283149719238,0.0038198232650756836,-0.0017967820167541504,0.0005338191986083984
2023-07-13,0.022580623626708984,-0.001575767993927002,-0.02382957935333252,-0.016008377075195312,0.00981903076171875,-0.009666919708251953,0.013909101486206055,-0.024740099906921387,0.014040112495422363,-0.006408572196960449
2023-07-14,-0.0357518196105957,-0.03801393508911133,-0.04452931880950928,-0.04083144664764404,-0.07893586158752441,-0.049344539642333984,-0.034432053565979004,-0.052117109298706055,-0.04650747776031494,-0.02706289291381836
2023-07-17,-0.006598949432373047,-0.0024328231811523438,0.002077758312225342,-0.008197307586669922,-0.02688467502593994,0.01852893829345703,-0.007757902145385742,0.006529808044433594,-0.011449456214904785,-0.025316476821899414
2023-07-18,-0.0015128850936889648,-0.01165759563446045,-0.03676044940948486,0.02603781223297119,0.00014787912368774414,0.00929635763168335,-0.0042722225189208984,-0.0014749765396118164,-0.004276394844055176,-0.004787087440490723
2023-07-19,0.01812690496444702,-0.0015851259231567383,0.00020778179168701172,0.002129495143890381,-0.022436976432800293,-0.010827183723449707,-0.031163573265075684,0.007664024829864502,0.0023377537727355957,-0.002006053924560547
2023-07-20,0.011282026767730713,0.011334002017974854,0.017247259616851807,0.0010921359062194824,-0.020835399627685547,0.007712066173553467,0.01846778392791748,0.001945197582244873,-0.006778836250305176,0.0010010004043579102
2023-07-21,-0.037344396114349365,-0.03491097688674927,-0.0813363790512085,0.012497305870056152,-0.054190635681152344,0.019430041313171387,-0.058328986167907715,0.027430474758148193,-0.04721534252166748,-0.031062185764312744
2023-07-24,0.018319010734558105,-0.0022860169410705566,0.0037593841552734375,0.008877217769622803,0.025590479373931885,0.0016145706176757812,0.00511622428894043,-0.007852554321289062,-0.028528988361358643,-0.0018096566200256348
2023-07-25,-0.007936537265777588,-0.0012130141258239746,-0.0015286803245544434,0.002131521701812744,0.002069711685180664,0.0019112229347229004,-0.019041001796722412,-0.0012960433959960938,-0.004669904708862305,-0.008805990219116211
2023-07-26,0.005866646766662598,0.0031037330627441406,0.010717272758483887,0.0016637444496154785,0.006129920482635498,0.012667536735534668,-0.004014492034912109,0.0031919479370117188,-0.011820018291473389,0.006271243095397949
2023-07-27,-0.004772007465362549,0.0021076202392578125,0.0031810998916625977,-0.0003910064697265625,-0.012010812759399414,0.002536177635192871,0.012049198150634766,-0.0025380849838256836,-0.03880572319030762,-0.007270872592926025
2023-07-28,-0.004262149333953857,-0.01235055923461914,-0.00936204195022583,0.0037841796875,0.013746976852416992,-0.008375763893127441,-0.00499957799911499,0.012217044830322266,-0.008264422416687012,-0.0028772354125976562
2023-07-31,0.006420493125915527,0.011916041374206543,0.011355876922607422,-0.00982654094696045,-0.020350337028503418,-0.0188370943069458,0.01004946231842041,-0.019684672355651855,0.022988557815551758,0.015477418899536133
2023-08-01,0.030303001403808594,0.01952183246612549,0.00700831413269043,-0.0175400972366333,0.00018221139907836914,0.0045130252838134766,0.013828039169311523,-0.008943557739257812,0.0257490873336792,0.00516664981842041
2023-08-02,-0.018059849739074707,-0.006675422191619873,-0.006136417388916016,0.022401034832000732,0.03866642713546753,0.004825949668884277,-0.019253194332122803,0.003302454948425293,0.0019168853759765625,-0.010280132293701172
2023-08-03,0.0015764236450195312,-0.004774987697601318,0.005496621131896973,-0.0008116960525512695,-0.013312458992004395,0.00984567403793335,-0.005469560623168945,0.011829137802124023,-0.002550959587097168,-0.008309543132781982
2023-08-04,0.025708317756652832,0.01674807071685791,0.010333895683288574,-0.014579296112060547,-0.012389540672302246,-0.01855146884918213,0.020165324211120605,-0.012823700904846191,0.029046297073364258,0.023042678833007812
2023-08-07,0.0112532377243042,0.005636453628540039,0.010598897933959961,-0.021483898162841797,-0.03011000156402588,-0.0192335844039917,0.020122051239013672,-0.011761069297790527,0.007367372512817383,0.006142854690551758
2023-08-08,0.0075871944427490234,-0.008211731910705566,-0.0019801855087280273,-0.007033824920654297,-0.004393339157104492,0.0005718469619750977,-0.005141258239746094,0.0038604140281677246,0.018856287002563477,0.01246500015258789
2023-08-09,0.01757025718688965,0.002453327178955078,0.0030128955841064453,-0.004259705543518066,-0.010132193565368652,-0.007867217063903809,-0.0015235543251037598,0.0023339390754699707,0.019199132919311523,0.003517627716064453
2023-08-10,0.01578688621520996,-0.008608996868133545,-0.0038098692893981934,-0.0004603862762451172,0.006230413913726807,0.002412736415863037,-0.0010516643524169922,0.005891680717468262,0.006448864936828613,0.001752614974975586
2023-08-11,0.02331233024597168,-0.03275144100189209,-0.012429118156433105,-0.00015676021575927734,0.0084037184715271,0.003414452075958252,0.00992882251739502,-0.0019464492797851562,-0.012646496295928955,-0.013246715068817139
2023-08-14,0.0018984079360961914,0.0003840923309326172,0.015787839889526367,-0.01682865619659424,-0.016636013984680176,-0.007423281669616699,0.009299755096435547,-0.0003044605255126953,-0.0005977153778076172,0.005319118499755859
2023-08-16,-0.03837043046951294,-0.005251884460449219,0.017961859703063965,-0.0008857250213623047,0.022979795932769775,-0.030182838439941406,0.006925702095031738,-0.002478361129760742,0.006749868392944336,0.008062481880187988
2023-08-17,-0.013793110847473145,0.00038236379623413086,-0.004897415637969971,0.019305884838104248,-0.011286139488220215,0.011554360389709473,-0.011684656143188477,0.006549239158630371,0.003224968910217285,-0.002249419689178467
2023-08-18,-0.0169830322265625,0.0025495290756225586,-0.016139507293701172,0.002432525157928467,0.021383047103881836,0.01502925157546997,-0.012718260288238525,0.019981026649475098,-0.017342031002044678,-0.014278590679168701
2023-08-21,0.015752077102661133,-0.00472867488861084,0.01191699504852295,-0.01227104663848877,-0.011586546897888184,-0.00028252601623535156,-0.032772064208984375,-0.010260939598083496,0.006801009178161621,0.007115602493286133
2023-08-22,-0.0075037479400634766,-0.00021195411682128906,-0.0011631250381469727,0.0014861226081848145,-0.022817373275756836,0.011440694332122803,-0.0037919282913208008,0.005732536315917969,-0.004788339138031006,0.006056070327758789
2023-08-23,-0.009576618671417236,-0.0025434494018554688,0.0029839277267456055,-0.006731629371643066,0.006172299385070801,-0.0005714893341064453,0.0048909783363342285,-0.004760265350341797,-0.01022428274154663,-0.0045146942138671875
2023-08-24,-0.09720098972320557,0.0095137357711792,0.01110231876373291,0.0008406639099121094,-0.04768872261047363,-0.015279173851013184,-0.02295660972595215,0.0030898451805114746,-0.001649320125579834,-0.0060468316078186035
2023-08-25,0.02504640817642212,0.014770567417144775,-0.0024400949478149414,0.008268594741821289,0.029808998107910156,0.013220787048339844,-0.0034960508346557617,0.0019038915634155273,-0.008173227310180664,-0.007351040840148926
2023-08-28,0.015699326992034912,0.0064994096755981445,-0.003093540668487549,-0.0004973411560058594,0.026316940784454346,-0.01011967658996582,0.01757526397705078,0.0017005205154418945,-0.004120230674743652,-0.004085838794708252
2023-08-29,-0.010149836540222168,-0.009682178497314453,0.001371145248413086,-0.0013254880905151367,0.00860595703125,-0.0007054805755615234,-0.011649012565612793,-0.00017774105072021484,0.011443614959716797,0.0
2023-08-30,-0.013875603675842285,-0.011187434196472168,0.012395501136779785,-0.007183551788330078,-0.02432405948638916,-0.00930631160736084,-0.015568733215332031,-0.004383683204650879,-0.0006963014602661133,-0.0017948746681213379
2023-08-31,-0.03209066390991211,-0.0014096498489379883,0.0001423358917236328,-0.003817439079284668,-0.027233362197875977,-0.01830124855041504,-0.03563511371612549,0.01007091999053955,0.0040934085845947266,0.0025687217712402344
2023-09-01,0.0027434825897216797,-0.011645317077636719,0.005907535552978516,-0.021171092987060547,-0.0018476247787475586,-0.006996870040893555,-0.032137274742126465,-0.006672978401184082,0.022204875946044922,0.019728422164916992
2023-09-04,-0.006877541542053223,-0.0393826961517334,0.0147172212600708,-0.0117567777633667,-0.024918437004089355,-0.001089930534362793,-0.043169260025024414,-0.011629939079284668,0.02392864227294922,-0.04246234893798828
2023-09-05,-0.022313356399536133,-0.002474665641784668,0.009413599967956543,-0.011265993118286133,-0.012093663215637207,-0.016330957412719727,-0.02474665641784668,-0.0031739473342895508,-0.001823127269744873,0.00530242919921875
2023-09-06,-0.002227187156677246,-0.00024271011352539062,-0.0009671449661254883,0.003483116626739502,0.018729865550994873,-0.0006694793701171875,-0.005349516868591309,-0.00016033649444580078,-0.004566192626953125,0.005815446376800537
2023-09-07,0.002666652202606201,-0.014686226844787598,-0.007675290107727051,-0.014545321464538574,0.0029916763305664062,-0.016057848930358887,0.0029543042182922363,-0.007390856742858887,0.016680598258972168,-0.008286714553833008
2023-09-08,0.010695159435272217,-0.006419539451599121,0.0023691654205322266,0.0013489127159118652,0.0009720325469970703,-0.0190964937210083,-0.005252718925476074,0.003863692283630371,-0.005086123943328857,0.006526470184326172
2023-09-11,0.006306290626525879,-0.01545107364654541,0.004657626152038574,-0.005503296852111816,-0.0042726993560791016,-0.012018561363220215,0.005828142166137695,-0.011258363723754883,0.004782319068908691,-0.0111922025680542
2023-09-12,0.009972810745239258,-0.0006632804870605469,0.016675949096679688,0.0005808472633361816,0.003412008285522461,-0.026050329208374023,0.01622253656387329,-0.02877342700958252,-0.002297639846801758,-0.0004811286926269531
2023-09-13,0.004120886325836182,0.0055754780769348145,-0.0018376708030700684,-0.006112098693847656,0.009552299976348877,-0.019535839557647705,0.010342597961425781,0.003616511821746826,-0.004523754119873047,-0.001443028450012207
2023-09-14,-0.0036782026290893555,-0.006547689437866211,0.005727529525756836,0.007311642169952393,-0.007041335105895996,0.01591336727142334,-0.02763223648071289,0.0021861791610717773,0.015781164169311523,-0.0016810894012451172
2023-09-15,-0.029775500297546387,-0.01636028289794922,0.0031186342239379883,-0.006219744682312012,-0.012967109680175781,0.006581544876098633,-0.004445075988769531,-0.010744214057922363,0.01610541343688965,-0.010549068450927734
2023-09-18,0.013345181941986084,-0.0003066062927246094,-0.013111650943756104,0.0034430623054504395,0.0037650465965270996,-0.011246263980865479,0.02123844623565674,-0.002181529998779297,-0.008005142211914062,0.011150658130645752
2023-09-20,0.02299368381500244,0.008888840675354004,-0.0010272860527038574,0.0073089599609375,0.000545799732208252,-0.008199989795684814,0.008957147598266602,2.771615982055664e-05,-0.012265920639038086,0.013675570487976074
2023-09-21,0.014766931533813477,0.011906623840332031,0.0076781511306762695,0.014488160610198975,-0.002226710319519043,0.008401155471801758,0.005460917949676514,0.005754232406616211,0.013888835906982422,0.002675771713256836
2023-09-22,0.008430898189544678,0.0033646821975708008,-0.003673732280731201,-0.006182670593261719,0.0008384585380554199,-0.014546394348144531,-0.01640307903289795,-0.005118131637573242,0.010797739028930664,0.024390220642089844
2023-09-25,0.0014171004295349121,0.008047401905059814,-0.01474905014038086,0.009286046028137207,-0.0030210018157958984,-0.015700459480285645,-0.011625170707702637,0.007353663444519043,-0.004623770713806152,0.010500013828277588
2023-09-26,0.01750236749649048,0.0015829801559448242,-0.00914829969406128,0.0026130080223083496,0.021291792392730713,-0.0002726912498474121,0.009869158267974854,-0.002390146255493164,-0.013455033302307129,0.0027791261672973633
2023-09-27,-0.0024073123931884766,0.00027745962142944336,0.00433659553527832,-0.013770222663879395,-0.011967301368713379,0.008727669715881348,0.00344771146774292,-0.0010039806365966797,0.005033254623413086,-0.00633394718170166
2023-09-28,0.01585012674331665,0.015224754810333252,-0.0187339186668396,-0.03163570165634155,-0.03488612174987793,-0.025280535221099854,0.017435073852539062,0.014640748500823975,-0.04693049192428589,0.024420976638793945
2023-09-29,0.003416299819946289,0.005717039108276367,-0.00283890962600708,-0.01045602560043335,-0.003938555717468262,0.011373043060302734,-0.010406136512756348,0.002304375171661377,-0.0055089592933654785,-0.0015484094619750977
2023-10-03,-0.0004897117614746094,-0.0031583309173583984,-0.0009964704513549805,0.0005565881729125977,0.0013619661331176758,-0.006171166896820068,0.011851608753204346,0.00418013334274292,-0.0055394768714904785,0.001546025276184082
2023-10-04,-0.005384206771850586,-0.0006862878799438477,0.007267117500305176,-0.005093216896057129,0.020445823669433594,-0.011591017246246338,0.006180167198181152,-0.006801605224609375,-0.009426712989807129,0.0012903213500976562
2023-10-05,-0.013631939888000488,0.0033077597618103027,0.013226747512817383,0.007722377777099609,0.018531203269958496,-0.0065615177154541016,-0.008221149444580078,-0.014585614204406738,0.0005190372467041016,-0.004909515380859375
2023-10-06,0.003842473030090332,-0.0018211603164672852,0.010401368141174316,0.002477884292602539,0.008189558982849121,0.022484540939331055,-0.0014984607696533203,-0.008929133415222168,0.00959789752960205,-0.0023142099380493164
2023-10-09,0.008678853511810303,-0.00961458683013916,-0.0022109150886535645,-0.006250977516174316,-0.006573677062988281,-0.002336442470550537,0.026478826999664307,-0.004680514335632324,-0.003597080707550049,0.005387306213378906
2023-10-10,-0.010700345039367676,-0.009763240814208984,0.013363838195800781,0.011504888534545898,0.0021494626998901367,0.017771005630493164,-0.028843164443969727,0.0025973916053771973,0.01272130012512207,-0.005416512489318848
2023-10-11,0.007699728012084961,0.01283884048461914,-0.0005466938018798828,-0.004158437252044678,-0.006645083427429199,0.0,-0.0006600618362426758,0.005235731601715088,0.0032253265380859375,-0.0328373908996582
2023-10-12,0.011154234409332275,0.017541706562042236,-0.0192793607711792,-0.017103850841522217,-0.0034293532371520996,-0.015836477279663086,-0.0018051862716674805,-0.01865696907043457,-0.027326583862304688,0.00968700647354126
2023-10-13,0.01765573024749756,-0.026271700859069824,-0.02349245548248291,-0.011562168598175049,-0.033180415630340576,0.00013756752014160156,0.0010396242141723633,0.007988572120666504,-0.003914058208465576,0.014547348022460938
2023-10-16,-0.006490230560302734,-0.01174461841583252,0.002141594886779785,0.013208746910095215,-0.007162630558013916,0.0016502141952514648,0.0007805228233337402,-0.013106107711791992,-0.008208096027374268,0.0020360946655273438
2023-10-17,-0.004464268684387207,-0.005115509033203125,0.005770087242126465,0.009937047958374023,-0.029830873012542725,0.016611695289611816,0.008557677268981934,-0.0048239827156066895,0.011269569396972656,-0.002805471420288086
2023-10-18,-0.005925893783569336,0.0060291290283203125,-0.0013456940650939941,-0.011229872703552246,-0.015921473503112793,-0.009858191013336182,-0.0007352828979492188,-0.005645811557769775,-0.008967399597167969,0.009664356708526611
2023-10-19,-0.003436446189880371,0.0016542673110961914,-0.004751741886138916,-0.05869793891906738,0.0025032758712768555,-0.03096020221710205,-0.023303866386413574,-0.009061634540557861,-0.012914061546325684,0.029789447784423828
2023-10-20,0.02152639627456665,0.006904184818267822,-0.004489481449127197,0.007622063159942627,-0.04124855995178223,-0.022378623485565186,-0.009967446327209473,0.011256933212280273,-0.001246035099029541,0.00873476266860962
2023-10-23,0.017000019550323486,0.017439961433410645,-0.01302790641784668,0.03959423303604126,-0.02295863628387451,0.0018715858459472656,0.017114341259002686,-0.024151921272277832,-0.012921035289764404,0.02216285467147827
2023-10-25,0.0030518770217895508,0.006186068058013916,-0.027415156364440918,-0.00044214725494384766,0.003110051155090332,0.006897568702697754,-0.015913963317871094,-0.005879461765289307,-0.012187421321868896,0.0032769441604614258
2023-10-26,-0.0010204315185546875,-0.0022783279418945312,-0.0076808929443359375,0.00644683837890625,-0.01072835922241211,-0.015270471572875977,0.0054250359535217285,-0.015737056732177734,-0.024035751819610596,0.009589016437530518
2023-10-27,-0.02140676975250244,-0.02995610237121582,0.015330314636230469,-9.66787338256836e-05,0.00437772274017334,0.008260846138000488,-0.037023067474365234,0.00425565242767334,0.004682064056396484,-0.011065006256103516
2023-10-30,0.004491031169891357,0.003113389015197754,-0.0023683905601501465,0.0042157769203186035,0.014858841896057129,-0.012936592102050781,0.0026134848594665527,0.008236527442932129,0.005871891975402832,0.0008207559585571289
2023-10-31,0.0005012750625610352,-0.008895039558410645,-0.006306111812591553,0.017245471477508545,-0.010297715663909912,-0.002038717269897461,-0.015211224555969238,-0.0029006600379943848,0.005652427673339844,0.0005477070808410645
2023-11-01,-0.008525609970092773,0.013362109661102295,-0.010377824306488037,0.01219266653060913,0.009073495864868164,0.010652303695678711,-0.008246421813964844,-0.01130986213684082,-0.007279098033905029,0.0021917223930358887
2023-11-02,-0.005967140197753906,-0.011477828025817871,0.01176917552947998,-0.004271030426025391,0.02179539203643799,-0.0020213723182678223,-0.0023185014724731445,0.008842229843139648,-0.008724749088287354,-0.006589770317077637
2023-11-03,-0.004943132400512695,0.005614936351776123,0.013794660568237305,-0.02288830280303955,0.01056969165802002,0.006799817085266113,-0.009766459465026855,-0.002738058567047119,0.01619851589202881,-0.0
2023-11-06,-0.006394505500793457,-0.0027245283126831055,0.010297179222106934,-0.002862691879272461,-0.008613348007202148,0.012932896614074707,0.00639498233795166,0.008758902549743652,0.008200407028198242,-0.0027277469635009766
2023-11-07,0.005376338958740234,-0.0033472776412963867,0.0007280111312866211,-0.0072432756423950195,0.004964590072631836,-0.005532681941986084,0.003170013427734375,-0.0028992295265197754,0.00612330436706543,0.003536522388458252
2023-11-08,-0.004914045333862305,0.004945218563079834,-0.00953000783920288,-0.008955121040344238,-0.009357750415802002,-0.0320969820022583,-0.00998997688293457,0.0032933950424194336,-0.00881105661392212,0.002456963062286377
2023-11-09,-0.002933979034423828,0.00011837482452392578,-0.011604905128479004,-0.0040700435638427734,0.00541841983795166,0.00511401891708374,-0.00497746467590332,-0.010084152221679688,-0.013654589653015137,0.0038313865661621094
2023-11-10,-0.0024378299713134766,0.009506940841674805,-0.004309952259063721,-0.0014177560806274414,0.003958463668823242,0.010836362838745117,0.01163029670715332,-0.004182279109954834,0.012914538383483887,0.004120886325836182
2023-11-12,0.000972747802734375,-0.0037834644317626953,0.014105558395385742,-0.0003325939178466797,0.003135204315185547,-0.0033707618713378906,-0.0026415586471557617,0.00715482234954834,0.0036690235137939453,-0.008275866508483887
2023-11-13,0.009737074375152588,-0.0006349086761474609,-0.01052403450012207,0.0005319118499755859,-0.02670830488204956,0.008958578109741211,0.0042473673820495605,-0.00766986608505249,-0.009687423706054688,0.0019152164459228516
2023-11-15,-0.05063915252685547,-0.012410759925842285,-0.026850104331970215,-0.02671492099761963,-0.05614745616912842,-0.014124274253845215,-0.00444185733795166,-0.02183663845062256,-0.038390517234802246,-0.026041626930236816
2023-11-16,-0.06691622734069824,-0.02694559097290039,-0.024409770965576172,-0.021817445755004883,-0.04358041286468506,-0.02325904369354248,-0.021137356758117676,-0.027480006217956543,-0.02915036678314209,-0.014159798622131348
2023-11-17,0.004385948181152344,0.0014492273330688477,0.005090892314910889,0.0001811981201171875,0.01739293336868286,-0.01020824909210205,0.0014696717262268066,-0.001314997673034668,0.003713369369506836,0.00447845458984375
2023-11-20,-0.005726814270019531,-0.012412667274475098,0.0006396174430847168,-0.006813406944274902,-0.010602474212646484,-0.003907322883605957,-0.014670968055725098,-0.004896640777587891,-0.007714390754699707,-0.012172579765319824
2023-11-21,0.014454662799835205,-0.0009053945541381836,-0.0016356706619262695,0.006452381610870361,0.00582355260848999,0.010468363761901855,0.002299189567565918,0.0026708245277404785,0.006192982196807861,-0.0010457038879394531
2023-11-22,-0.0017777681350708008,-0.002336740493774414,-0.013063549995422363,-0.006050467491149902,-0.006975531578063965,0.018038809299468994,-0.019858956336975098,-0.005683422088623047,-0.009260773658752441,0.001044631004333496
2023-11-23,0.0026619434356689453,0.0005263686180114746,0.005816817283630371,0.014819025993347168,-0.00013327598571777344,-0.0031768083572387695,-0.03263574838638306,0.006203651428222656,0.0037732720375061035,-0.006013035774230957
2023-11-24,0.00044482946395874023,0.01493602991104126,0.008177042007446289,-0.00022840499877929688,0.01434093713760376,0.016659796237945557,0.001818537712097168,0.0145798921585083,0.01101827621459961,-0.016372084617614746
2023-11-28,0.008900761604309082,-0.005728960037231445,-0.0036246776580810547,-0.0012151002883911133,0.00864863395690918,0.0012601613998413086,-0.011157333850860596,-0.0037747621536254883,-0.0038297176361083984,0.0021135807037353516
2023-11-29,-0.022900819778442383,-0.01313936710357666,-0.01175546646118164,-0.01993882656097412,-0.02008354663848877,0.0008411407470703125,0.019559741020202637,-0.012564301490783691,-0.016474485397338867,-0.023727893829345703
2023-11-30,-0.01141357421875,-0.005210161209106445,0.003079652786254883,0.009268999099731445,-0.004276156425476074,0.0032271742820739746,-0.006627678871154785,0.007442176342010498,0.0006824731826782227,-0.016739606857299805
2023-12-01,0.0078125,0.0031322836875915527,0.001965939998626709,-0.00728762149810791,-0.008915066719055176,-0.008586764335632324,0.005203127861022949,-0.006895780563354492,0.0002561211585998535,0.013171195983886719
2023-12-04,0.0069991350173950195,-0.0009351968765258789,-0.008301138877868652,-6.282329559326172e-05,0.0016705989837646484,-0.0022330284118652344,0.0012590885162353516,-0.00022780895233154297,-0.0027322769165039062,0.0005133748054504395
2023-12-05,0.012334823608398438,0.015247106552124023,0.007046759128570557,0.01609170436859131,0.011801421642303467,0.005430996417999268,-0.00953209400177002,-0.0054520368576049805,0.002724885940551758,0.007447361946105957
2023-12-06,-0.01739513874053955,-0.009107828140258789,-0.013982534408569336,-0.027734994888305664,-0.017646193504333496,-0.02114248275756836,-0.006927907466888428,-0.02052891254425049,-0.0038422346115112305,-0.035704970359802246
2023-12-07,0.00043839216232299805,0.0011658668518066406,0.005682170391082764,0.01288151741027832,-0.005123257637023926,-0.005896091461181641,-0.004261493682861328,-0.0029965639114379883,0.0016160011291503906,0.001249074935913086
2023-12-08,-0.014473676681518555,-0.02718377113342285,-0.01721370220184326,-0.02541673183441162,-0.013156890869140625,0.0006815791130065918,0.024679899215698242,-0.003264307975769043,-0.0017038583755493164,-0.010505318641662598
2023-12-11,-0.014267206192016602,-0.008210539817810059,0.0017812848091125488,-0.010851860046386719,-0.002579927444458008,-0.02100670337677002,0.009668231010437012,-0.004466891288757324,-0.006718754768371582,0.004950523376464844
2023-12-12,0.0012787580490112305,-0.0,0.00837332010269165,0.0021921396255493164,4.291534423828125e-05,-0.02631932497024536,6.127357482910156e-05,-0.008015632629394531,0.005913674831390381,-0.003980159759521484
2023-12-13,0.004694819450378418,0.004435479640960693,0.018341660499572754,0.0052970051765441895,0.0031310319900512695,-0.010016441345214844,-0.0008732080459594727,-0.02139103412628174,0.008413255214691162,0.006442010402679443
2023-12-14,-0.05617499351501465,-0.033158063888549805,-0.036170005798339844,-0.03785240650177002,-0.07396101951599121,0.025086641311645508,-0.0517655611038208,0.020509004592895508,-0.04088103771209717,-0.03541147708892822
2023-12-15,-0.04587900638580322,-0.05422031879425049,-0.05130648612976074,-0.031122207641601562,-0.02275538444519043,-0.049756646156311035,-0.05328536033630371,-0.05283248424530029,-0.03351163864135742,-0.028179168701171875
2023-12-18,-0.0,-0.008717179298400879,0.008932054042816162,-0.001615285873413086,-0.00810849666595459,-0.0034775733947753906,0.01082378625869751,0.00046622753143310547,0.011233270168304443,0.003279447555541992
2023-12-19,0.026009321212768555,0.01063615083694458,0.003853142261505127,0.0043084025382995605,0.002098262310028076,0.00038504600524902344,0.011516034603118896,0.011142194271087646,0.008137941360473633,0.014336109161376953
2023-12-20,0.03706657886505127,0.032486796379089355,0.014030039310455322,0.013128280639648438,0.019352078437805176,-0.04519772529602051,0.009583353996276855,0.00947272777557373,0.026238858699798584,0.015498340129852295
2023-12-21,-0.01448678970336914,0.012430906295776367,0.00026601552963256836,-0.013021111488342285,-0.007980942726135254,0.002420663833618164,-0.02372586727142334,-0.0019708871841430664,-0.0012513399124145508,-0.004601597785949707
2023-12-22,-0.026519775390625,-0.028585433959960938,-0.01749253273010254,-0.01931750774383545,-0.03631925582885742,0.0040247440338134766,-0.037528276443481445,-0.009636998176574707,-0.020496606826782227,-0.0660560131072998
2023-12-26,0.0023847222328186035,0.003110647201538086,0.012158513069152832,-0.0049124956130981445,0.009046673774719238,-0.01362907886505127,0.00979626178741455,0.007439851760864258,-0.00547027587890625,-0.016056060791015625
2023-12-27,-0.00398409366607666,-0.009532690048217773,-0.015021204948425293,-0.004393219947814941,-0.009627938270568848,0.009211540222167969,-0.0050553083419799805,-0.004123210906982422,0.0014616847038269043,-0.002003192901611328
2023-12-28,0.004365086555480957,-0.00027167797088623047,0.002803325653076172,0.005415797233581543,0.00414121150970459,0.0006711483001708984,-0.01665818691253662,0.0029649734497070312,-0.004635334014892578,0.0033318400382995605
2023-12-29,-0.0003985166549682617,0.0043125152587890625,0.012683093547821045,-0.006684660911560059,-0.004196524620056152,0.004024147987365723,0.01723635196685791,0.0017105937004089355,0.010603845119476318,-0.00401151180267334
2024-01-01,0.013147413730621338,-0.012038707733154297,-0.005496025085449219,0.005250275135040283,0.0011017322540283203,0.03166329860687256,0.009676039218902588,-0.00466609001159668,-0.019716858863830566,-0.012430667877197266
2024-01-02,0.02503025531768799,0.009570300579071045,0.010931849479675293,0.018828153610229492,0.023656487464904785,0.031209588050842285,-0.0015168190002441406,0.007320761680603027,0.0150032639503479,0.016663014888763428
2024-01-03,0.018219470977783203,0.02163928747177124,0.028963327407836914,0.029777050018310547,0.03614974021911621,-0.03064173460006714,0.005648791790008545,0.024172663688659668,0.02712380886077881,0.028539538383483887
2024-01-04,-0.004639387130737305,0.012380480766296387,-0.01529073715209961,0.01587808132171631,-0.0078810453414917,0.00012958049774169922,0.0030736923217773438,0.006758272647857666,-0.002679109573364258,0.0075740814208984375
2024-01-05,-0.020570993423461914,-0.009049654006958008,-0.013101935386657715,-0.013850092887878418,-0.015317916870117188,0.029145121574401855,-0.011782169342041016,-0.019390106201171875,-0.0006680488586425781,-0.009250640869140625
2024-01-08,0.002879500389099121,-0.010538816452026367,0.006399571895599365,0.017158031463623047,0.022393345832824707,-0.0250471830368042,0.008760929107666016,0.015944719314575195,0.015854477882385254,0.013519704341888428
2024-01-09,-0.001237630844116211,-0.008633136749267578,-0.004293918609619141,-0.010914206504821777,0.009574592113494873,-0.0007746219635009766,-0.0007685422897338867,-0.003153562545776367,-0.005596041679382324,-0.0009291172027587891
2024-01-10,-0.01400911808013916,-0.021706342697143555,0.006146073341369629,-0.006447315216064453,-0.0015091896057128906,-0.0034883618354797363,-0.012246251106262207,-0.006273865699768066,-0.004300117492675781,-0.006265997886657715
2024-01-11,-0.013815522193908691,0.004892408847808838,0.01687169075012207,-0.0020933151245117188,-0.0077790021896362305,-0.0018151402473449707,-0.0013141632080078125,-0.006059765815734863,-0.007052302360534668,0.01199263334274292
2024-01-12,-0.05691385269165039,-0.03771555423736572,-0.07931077480316162,-0.04649364948272705,-0.03992891311645508,-0.08078968524932861,-0.03571915626525879,-0.039418578147888184,-0.048020005226135254,-0.038281917572021484
2024-01-15,-0.003412961959838867,-0.03076314926147461,-0.024388670921325684,-0.012521982192993164,0.020480334758758545,-0.09361851215362549,-0.0015414953231811523,-0.005408525466918945,-0.023069024085998535,-0.06294965744018555
2024-01-16,0.0026454925537109375,0.02062082290649414,0.012429654598236084,0.012549161911010742,0.008688688278198242,0.03252744674682617,0.006182491779327393,0.010886847972869873,0.013140499591827393,0.019458532333374023
2024-01-17,-0.004547119140625,-0.013147354125976562,-0.005322456359863281,-0.006366372108459473,-0.009205102920532227,-0.03691506385803223,-0.012205719947814941,-0.006034255027770996,-0.004885077476501465,0.005392551422119141
2024-01-18,0.02112412452697754,0.00529855489730835,-0.001432657241821289,-0.1071770191192627,0.04390078783035278,-0.3012378215789795,-0.006586790084838867,-0.004633665084838867,-0.021875500679016113,-0.0004336833953857422
2024-01-19,0.011175334453582764,-0.0002551078796386719,-0.01013803482055664,0.008772015571594238,-0.014227032661437988,-0.05261385440826416,-0.013216137886047363,-0.010364890098571777,-0.026241064071655273,-0.004985928535461426
2024-01-20,0.020654737949371338,0.01527470350265503,0.006280362606048584,0.0008138418197631836,-0.015049934387207031,0.026631474494934082,-0.007094025611877441,0.02089756727218628,0.003215014934539795,0.014452159404754639
2024-01-23,0.012733757495880127,0.013180017471313477,0.0040274858474731445,-0.0032262206077575684,0.02107173204421997,0.03261852264404297,-0.04201173782348633,0.0006216168403625488,0.013951361179351807,0.017071545124053955
2024-01-24,-0.02700519561767578,-0.03462076187133789,-0.020218968391418457,-0.0033608675003051758,-0.013129234313964844,-0.018005728721618652,-0.02682197093963623,0.004263579845428467,-0.03088390827178955,-0.017368078231811523
2024-01-25,0.02590268850326538,0.016588449478149414,0.0037807822227478027,-0.02222597599029541,0.0172652006149292,-0.01651930809020996,0.011444330215454102,0.00819927453994751,-0.062278568744659424,0.01685267686843872
2024-01-29,-0.00805807113647461,-0.015674948692321777,0.007467687129974365,-0.008426368236541748,-0.024430513381958008,0.011736690998077393,-0.030887484550476074,0.0024407505989074707,-0.005901813507080078,-0.006455898284912109
2024-01-30,0.0015987157821655273,0.009685277938842773,0.0030835866928100586,-0.017537474632263184,-0.008231878280639648,0.02973175048828125,-0.030540883541107178,0.00011837482452392578,0.0026912689208984375,0.001105964183807373
2024-01-31,-0.0008006095886230469,-0.010709881782531738,-0.0056912899017333984,0.01788783073425293,0.0019611716270446777,-0.012839198112487793,-0.002460002899169922,-0.0040520429611206055,0.012236475944519043,-0.012178897857666016
2024-02-01,0.012799978256225586,-0.0008883476257324219,0.0022758841514587402,-0.015398561954498291,-0.0006417036056518555,0.01242285966873169,-0.006871640682220459,-0.010010600090026855,-0.016144096851348877,0.014220058917999268
2024-02-02,-0.041329026222229004,-0.004025578498840332,-0.021886587142944336,0.02259242534637451,0.015709519386291504,-0.019510507583618164,0.02492821216583252,-0.0290985107421875,0.019896984100341797,-0.0250777006149292
2024-02-05,0.0089493989944458,0.017932116985321045,0.0036199092864990234,-0.008640408515930176,0.02377760410308838,-0.008309602737426758,0.005998134613037109,-0.0017648935317993164,-0.0041193366050720215,0.0017319321632385254
2024-02-06,-0.030231595039367676,-0.04397726058959961,-0.02500760555267334,0.0058563947677612305,-0.031905531883239746,-0.06559562683105469,0.01033484935760498,-0.04094827175140381,0.014048218727111816,-0.035784006118774414
2024-02-07,-0.003429889678955078,0.005173206329345703,0.020616769790649414,-0.004094839096069336,-0.004890561103820801,0.0016404986381530762,0.0010298490524291992,0.012717604637145996,-0.0249364972114563,0.008794009685516357
2024-02-08,-0.0037980079650878906,-0.011421680450439453,0.0009650588035583496,-0.004974424839019775,-0.0025740861892700195,-0.030907630920410156,-0.002439141273498535,-0.01241612434387207,-0.006788194179534912,0.01309669017791748
2024-02-09,0.016269385814666748,0.0019586682319641113,0.013463795185089111,0.005995392799377441,0.003209352493286133,-0.04182159900665283,0.0010428428649902344,9.673833847045898e-05,0.001350998878479004,-0.0032106637954711914
2024-02-12,-0.02538466453552246,-0.022292375564575195,-0.006425976753234863,0.011589407920837402,-0.004588127136230469,0.04495120048522949,0.0076400041580200195,0.00314486026763916,0.00603175163269043,-0.022402405738830566
2024-02-13,0.0003750920295715332,0.0008098483085632324,-0.002675652503967285,0.007368803024291992,-0.01081693172454834,-0.07216417789459229,-0.0008385777473449707,-0.006989002227783203,0.007494449615478516,-0.020450711250305176
2024-02-14,0.028517842292785645,-0.003542304039001465,0.010916352272033691,-0.009357333183288574,0.026673555374145508,-0.008751392364501953,-0.009255528450012207,0.011905014514923096,-0.027327537536621094,-0.005725979804992676
2024-02-15,-0.02665126323699951,0.005354464054107666,-0.006070256233215332,0.0031152963638305664,-0.059369683265686035,-0.006065726280212402,0.01255655288696289,-0.0007561445236206055,0.005876660346984863,-0.007726788520812988
2024-02-16,-0.003009796142578125,-0.002947211265563965,-0.015114545822143555,0.0105210542678833,-0.035170674324035645,-0.01402127742767334,0.01654970645904541,-0.006117105484008789,0.001760721206665039,-0.04721546173095703
2024-02-19,-0.013503432273864746,-0.004677772521972656,0.0011407732963562012,-0.011889874935150146,0.008206188678741455,0.01306694746017456,-0.015028834342956543,0.005934655666351318,0.005832076072692871,0.012716710567474365
2024-02-20,0.01517397165298462,0.0072824954986572266,0.008475065231323242,-0.0017591118812561035,0.005316317081451416,0.0028020739555358887,-0.00405198335647583,0.017824947834014893,0.008260488510131836,0.007611274719238281
2024-02-21,0.016159355640411377,0.016084909439086914,0.017640650272369385,-0.015306055545806885,0.04080098867416382,0.005690217018127441,-0.020802438259124756,0.009713053703308105,-0.018591463565826416,0.020059049129486084
2024-02-22,-0.011077165603637695,-0.030617833137512207,-0.015550732612609863,0.012296795845031738,-0.016991019248962402,-0.020771503448486328,0.004730105400085449,-0.023950934410095215,0.024883627891540527,-0.018663525581359863
2024-02-23,0.0018889307975769043,0.0122450590133667,0.0026735663414001465,0.01018822193145752,-0.010996699333190918,0.0024917125701904297,0.01075899600982666,0.008563518524169922,-0.004542648792266846,-0.009850263595581055
2024-02-26,0.0018925070762634277,0.009575247764587402,0.009931206703186035,-0.013802051544189453,0.018929779529571533,0.0004857182502746582,-0.026224195957183838,0.012598395347595215,-0.018489360809326172,0.006437718868255615
2024-02-27,0.004550635814666748,-0.0054552555084228516,-0.0020923614501953125,-0.004289984703063965,-0.004551410675048828,0.004790008068084717,0.01108551025390625,-0.025830626487731934,-0.001763463020324707,0.002748847007751465
2024-02-28,0.014857113361358643,0.0041596293449401855,-0.004605770111083984,-0.006017208099365234,0.01328277587890625,0.0263671875,-0.012959480285644531,-0.003545045852661133,-0.008030176162719727,0.025792479515075684
2024-02-29,-0.013921141624450684,-0.007234096527099609,-0.0015282630920410156,-0.02016657590866089,0.01405024528503418,-0.003224015235900879,0.02640211582183838,0.005790352821350098,-0.009552359580993652,-0.001819014549255371
2024-03-01,0.0076277852058410645,0.011870086193084717,0.011413633823394775,-0.005150198936462402,3.975629806518555e-05,-0.004998922348022461,-0.003638327121734619,0.0001831650733947754,-0.0016346573829650879,-0.0010086297988891602
2024-03-02,-0.0,-0.0013381242752075195,-0.0009261369705200195,0.004048466682434082,-0.015604496002197266,-0.006608366966247559,-0.0026980042457580566,-0.0031141042709350586,0.0005730390548706055,-0.0070536136627197266
2024-03-04,0.009607970714569092,0.005072057247161865,0.011534631252288818,-0.014740586280822754,0.021792829036712646,-0.0028237104415893555,-0.01219707727432251,0.006427943706512451,0.00605463981628418,0.004202544689178467
2024-03-05,0.019402384757995605,0.01135563850402832,0.01872074604034424,-0.016350924968719482,0.022158145904541016,0.006053805351257324,-0.02630084753036499,0.016810834407806396,-0.006018221378326416,0.014067530632019043
2024-03-06,-0.0007914304733276367,-0.01534569263458252,-0.006868124008178711,0.0063626766204833984,0.008441150188446045,-0.03618979454040527,0.01416027545928955,-0.013010621070861816,-0.0012273192405700684,0.00020384788513183594
2024-03-07,0.011071562767028809,0.003983676433563232,0.0006948113441467285,-0.00803607702255249,0.012273728847503662,-0.038069844245910645,0.0008248090744018555,-0.010899782180786133,0.013762593269348145,-0.0046890974044799805
2024-03-11,0.0007996559143066406,-0.0006105899810791016,0.009796500205993652,5.8531761169433594e-05,0.009497582912445068,0.02462470531463623,-0.016423583030700684,-0.003346681594848633,0.0007272958755493164,0.0018262863159179688
2024-03-12,-0.002400994300842285,0.0018613338470458984,-0.007723331451416016,0.016826152801513672,0.01795220375061035,-0.021263718605041504,-0.0028902292251586914,-0.016956329345703125,0.0025839805603027344,0.00752180814743042
2024-03-13,0.014371275901794434,0.002506732940673828,0.0009500980377197266,-0.002725958824157715,0.021549224853515625,0.02961200475692749,-0.010157346725463867,0.010316669940948486,-0.011920034885406494,0.01229006052017212
2024-03-14,0.013770759105682373,-0.029267549514770508,-0.025993824005126953,0.013320565223693848,-0.04624581336975098,-0.056126952171325684,0.02229487895965576,-0.014123916625976562,0.012879014015197754,-0.026752352714538574
2024-03-15,-0.004928112030029297,0.019026339054107666,0.011678934097290039,-0.013268887996673584,-0.0021848678588867188,0.0020638704299926758,0.0149003267288208,-0.0027687549591064453,-0.008771955966949463,0.002019822597503662
2024-03-18,-0.06865549087524414,0.0023674964904785156,0.019194722175598145,-0.005178689956665039,0.010690927505493164,-0.019582509994506836,-0.030003368854522705,0.015820324420928955,-0.007631659507751465,0.012952804565429688
2024-03-19,-0.02457219362258911,0.026925861835479736,0.025690019130706787,-0.011949777603149414,0.030766546726226807,0.04056793451309204,-0.02445167303085327,-0.04219144582748413,-0.01636260747909546,0.03014153242111206
2024-03-20,-0.004948258399963379,0.007535278797149658,0.004187405109405518,-0.0009108185768127441,0.0013554692268371582,0.004030108451843262,0.0028824806213378906,-0.0016091465950012207,0.00981450080871582,0.0027483701705932617
2024-03-21,-0.032097697257995605,-0.005481719970703125,0.00013136863708496094,0.011536836624145508,-0.02241683006286621,-0.02102816104888916,0.025292396545410156,0.0005162954330444336,0.014908194541931152,-0.013991832733154297
2024-03-22,0.029347360134124756,0.023781239986419678,0.02950453758239746,-0.030019938945770264,0.019912660121917725,0.003833174705505371,-0.028446733951568604,-0.01561814546585083,-0.015987634658813477,0.026552319526672363
2024-03-26,-0.0013537406921386719,-0.00282442569732666,0.010765790939331055,-0.00595402717590332,0.005155801773071289,-0.047348856925964355,0.01297140121459961,-0.008540213108062744,-0.006762862205505371,0.014819562435150146
2024-03-27,-0.0004506111145019531,0.01027369499206543,0.005886375904083252,-0.009587585926055908,-0.01273655891418457,-0.004483461380004883,0.003071308135986328,-0.00943911075592041,-0.0004152059555053711,0.015914559364318848
2024-03-28,0.008558571338653564,0.0017138123512268066,-0.00957036018371582,0.002212047576904297,0.008066177368164062,0.0033475756645202637,-0.016111910343170166,0.009216666221618652,-0.0046520233154296875,-0.01661503314971924
2024-04-01,0.003180384635925293,-0.008519291877746582,0.0017049908638000488,-0.011299192905426025,-0.031609296798706055,-0.020588397979736328,0.0030367374420166016,0.010435223579406738,-0.0029210448265075684,-0.010241866111755371
2024-04-02,-0.012762069702148438,0.01824367046356201,0.008471131324768066,0.0037173032760620117,-0.0027970075607299805,0.01413947343826294,-0.00660550594329834,-0.008412599563598633,-0.006361424922943115,0.007981061935424805
2024-04-03,-0.019351959228515625,-0.004940032958984375,0.001446843147277832,-0.006417453289031982,-0.006508350372314453,-0.0013600587844848633,0.0006674528121948242,0.0163499116897583,0.015162944793701172,-0.0043487548828125
2024-04-04,-0.027814626693725586,-0.002474188804626465,-0.004070878028869629,0.013533830642700195,-0.012428522109985352,0.005124092102050781,0.014246582984924316,0.014186859130859375,0.019666433334350586,-0.008659839630126953
2024-04-05,0.006443321704864502,-0.0036371946334838867,0.005085170269012451,-0.0015602707862854004,0.0015344619750976562,0.0021718740463256836,-0.008127570152282715,-0.006007552146911621,-0.012695372104644775,0.004936635494232178
2024-04-08,0.017293572425842285,0.0033650994300842285,0.001657724380493164,-0.006108582019805908,0.02296990156173706,0.024875640869140625,-0.023256361484527588,-0.0016837120056152344,0.0014836788177490234,0.010569453239440918
2024-04-09,-0.005279421806335449,-0.00029218196868896484,-0.012314915657043457,-0.0009698867797851562,-0.0012754201889038086,0.020790815353393555,0.01358938217163086,-0.006544888019561768,-0.011193394660949707,0.008502364158630371
2024-04-10,0.0017505288124084473,0.000876307487487793,-0.007996201515197754,0.005252838134765625,0.00501018762588501,0.0072945356369018555,0.0004801750183105469,0.009653925895690918,0.012235641479492188,-0.0030783414840698242
2024-04-12,0.01534414291381836,0.011467397212982178,0.014645040035247803,-0.005987823009490967,-0.0003840923309326172,0.015614748001098633,0.004850029945373535,0.004203677177429199,-0.01957070827484131,0.013590574264526367
2024-04-15,0.039180755615234375,0.010811686515808105,0.011147081851959229,-0.015085220336914062,0.021669626235961914,0.018461763858795166,-0.006334900856018066,-0.015044748783111572,-0.019206583499908447,0.024222195148468018
2024-04-16,0.03429102897644043,0.01843792200088501,-0.036601483821868896,-0.031629323959350586,0.03688687086105347,0.025395512580871582,-0.02390742301940918,-0.01735508441925049,-0.01932615041732788,0.023912549018859863
2024-04-18,0.00047981739044189453,0.007073760032653809,0.0033947229385375977,0.007355928421020508,-0.012630820274353027,0.017417967319488525,-0.003719329833984375,-0.0027886629104614258,-0.013777494430541992,0.009099364280700684
2024-04-19,0.01728278398513794,0.013191521167755127,-0.0056146979331970215,-0.007791996002197266,0.024633467197418213,0.01645040512084961,0.010614275932312012,-0.0092698335647583,0.012113094329833984,-0.01907217502593994
2024-04-22,0.003419637680053711,-0.012711644172668457,0.015201926231384277,0.003358006477355957,0.01934272050857544,0.008723258972167969,-0.09684145450592041,0.010036110877990723,0.012405037879943848,-0.020332813262939453
2024-04-23,-0.02303922176361084,-0.014155149459838867,0.006702780723571777,0.0100935697555542,-0.0028978586196899414,0.02632725238800049,0.005857229232788086,0.0026134252548217773,-0.006644308567047119,-0.00022649765014648438
2024-04-24,0.004791557788848877,0.0049776434898376465,-0.008074820041656494,0.0007197856903076172,4.655122756958008e-05,-0.0017179250717163086,-0.01775270700454712,-0.011265337467193604,-0.012421786785125732,0.004754364490509033
2024-04-25,-0.0033702850341796875,-0.016832828521728516,0.005427002906799316,-0.01948457956314087,0.006478428840637207,0.030348241329193115,-0.01039975881576538,0.0055207014083862305,0.00395810604095459,-0.002274751663208008
2024-04-26,-0.007677555084228516,0.020144283771514893,-0.005681812763214111,-0.03308725357055664,-0.03166484832763672,-0.0504460334777832,-0.00959092378616333,-0.008008360862731934,-0.0761345624923706,-0.007716774940490723
2024-04-29,0.01238095760345459,-0.05865585803985596,0.003142833709716797,0.009210348129272461,-0.019052505493164062,0.005417287349700928,-0.006961047649383545,0.012783408164978027,-0.007652759552001953,0.0031531453132629395
2024-04-30,0.0159112811088562,-0.014992117881774902,-0.009897470474243164,0.007915377616882324,0.011378347873687744,-0.02038860321044922,-0.0015412569046020508,-0.012802958488464355,0.019713878631591797,0.0013556480407714844
2024-05-02,0.02302795648574829,-0.004317283630371094,-0.004315018653869629,0.0029108524322509766,-0.001985907554626465,-0.021928906440734863,0.011607170104980469,0.011163115501403809,-0.002802252769470215,0.01085972785949707
2024-05-03,-0.10080242156982422,-0.009296596050262451,0.0013000965118408203,0.00868368148803711,0.012117087841033936,-0.0027529001235961914,-0.011987507343292236,-0.005151093006134033,0.013314664363861084,-0.0
2024-05-06,-0.015616297721862793,0.007974505424499512,0.0067806243896484375,-0.011178135871887207,-0.0032373666763305664,-0.01062929630279541,0.008568763732910156,0.020203471183776855,-0.009662628173828125,-0.0027446746826171875
2024-05-07,0.001699686050415039,-0.020496070384979248,0.010532379150390625,0.0009673237800598145,0.005499422550201416,-0.0061293840408325195,-0.009953796863555908,0.014766454696655273,-0.024502992630004883,-0.01163327693939209
2024-05-08,-0.0022624731063842773,-0.01299816370010376,-0.009429991245269775,-0.0030641555786132812,0.0031991004943847656,0.0032536983489990234,0.007704019546508789,-0.0005026459693908691,0.0043485164642333984,0.0015783905982971191
2024-05-09,-0.024376392364501953,0.004871964454650879,0.00858926773071289,0.011837542057037354,0.013617098331451416,0.010765373706817627,-0.008929073810577393,-0.004211783409118652,0.014234840869903564,0.016034245491027832
2024-05-10,0.03776872158050537,-0.0029166340827941895,-0.010219335556030273,0.010809361934661865,0.008273601531982422,-0.0027382373809814453,0.002963423728942871,-0.016741573810577393,0.003774285316467285,0.008721649646759033
2024-05-13,0.015677452087402344,-0.002507150173187256,-0.0010037422180175781,0.00306016206741333,-0.010779857635498047,-0.022545814514160156,0.008730530738830566,0.013842225074768066,0.0018941760063171387,-0.0002315044403076172
2024-05-14,0.005512714385986328,0.006207704544067383,0.0008612871170043945,-0.008990883827209473,-0.021515250205993652,-0.009997248649597168,0.007977843284606934,-0.011804044246673584,-0.010891914367675781,-0.009722232818603516
2024-05-15,0.012061357498168945,0.008970141410827637,-0.003298640251159668,-0.003117680549621582,0.012301445007324219,0.006305098533630371,0.01677858829498291,-0.005331695079803467,0.0008162856101989746,-0.004355788230895996
2024-05-16,0.014084458351135254,0.011441230773925781,-0.023526787757873535,-0.02621912956237793,-0.04352235794067383,-0.014327645301818848,0.013500094413757324,0.005295872688293457,-0.02687692642211914,-0.013238906860351562
2024-05-17,0.006944417953491211,-0.011089324951171875,0.006256163120269775,0.0014462471008300781,0.025632083415985107,0.013385355472564697,0.0033159255981445312,-0.017136812210083008,0.0019888877868652344,0.007434070110321045
2024-05-18,0.0037134885787963867,0.0042754411697387695,0.00042438507080078125,0.002770543098449707,-0.004745960235595703,-0.0002727508544921875,-0.003629744052886963,0.004525184631347656,-0.00015938282012939453,-0.0036314725875854492
2024-05-21,0.012684941291809082,0.0022406578063964844,0.006581246852874756,0.004283249378204346,-0.022133350372314453,0.01526719331741333,-0.003798961639404297,-0.0081138014793396,-0.014266371726989746,0.00384443998336792
2024-05-22,0.025052189826965332,0.0008569955825805664,-0.014389514923095703,-0.009512186050415039,0.002156674861907959,0.0020071864128112793,-0.004154860973358154,0.003088831901550293,-0.005029082298278809,-0.0009080171585083008
2024-05-23,0.03207743167877197,0.007817983627319336,-0.012078642845153809,-0.011631608009338379,-0.012791156768798828,0.0034676194190979004,0.019746780395507812,0.016036033630371094,-0.005473017692565918,-0.009752869606018066
2024-05-24,0.007400155067443848,-0.006169021129608154,0.004926443099975586,-0.0017490386962890625,0.0026130080223083496,0.011135101318359375,-0.0036991238594055176,-0.011288166046142578,0.01205289363861084,0.004492342472076416
2024-05-27,0.030852079391479492,0.0060214996337890625,-0.004253506660461426,-0.01080632209777832,-0.02148282527923584,-0.007319331169128418,-0.051051974296569824,-0.0006364583969116211,-0.006139397621154785,-0.0243682861328125
2024-05-28,-0.022327780723571777,0.0037685632705688477,0.0029162168502807617,0.0012468695640563965,0.017055630683898926,0.0054495930671691895,0.012323737144470215,-0.0018585920333862305,0.011186778545379639,0.007863044738769531
2024-05-29,-0.0004858970642089844,-0.003901660442352295,0.011002838611602783,0.0010541081428527832,0.01543813943862915,0.0004215240478515625,0.011054933071136475,-0.009440362453460693,0.022230982780456543,-0.011243700981140137
2024-05-30,-0.028196394443511963,-0.015704691410064697,0.01619488000869751,-0.02205580472946167,0.022261440753936768,0.0174291729927063,-0.03638505935668945,-0.017759203910827637,-0.03624892234802246,-0.030633509159088135
2024-05-31,-0.005502760410308838,-0.005818963050842285,0.014385879039764404,-0.014927268028259277,0.01273953914642334,-0.00457763671875,-0.03029531240463257,-0.017437994480133057,-0.010242581367492676,0.0028728246688842773
2024-06-03,0.009557366371154785,-0.0072879791259765625,0.000726163387298584,-0.01116567850112915,-0.002653956413269043,-0.014524698257446289,0.004500865936279297,0.00868988037109375,0.01408088207244873,0.013129591941833496
2024-06-04,-0.009965121746063232,-0.00829237699508667,0.0087202787399292,-0.004032790660858154,0.00648045539855957,-0.036072731018066406,-0.02160048484802246,0.003281235694885254,-0.004935204982757568,-0.012959480285644531
2024-06-05,0.032712578773498535,-0.030800461769104004,-0.026171207427978516,0.012568473815917969,-0.03899860382080078,-0.06013834476470947,-0.06417346000671387,0.00846564769744873,0.022780776023864746,-0.03031754493713379
2024-06-06,0.016081929206848145,-0.04003870487213135,-0.02950417995452881,0.023758411407470703,-0.03214120864868164,-0.057276248931884766,-0.03571677207946777,0.022407889366149902,-0.040766119956970215,-0.02085268497467041
2024-06-07,0.04172658920288086,-0.024329185485839844,-0.04163491725921631,-0.036862730979919434,-0.0149918794631958,-0.028645634651184082,-0.04219949245452881,0.01659095287322998,-0.046671390533447266,-0.05129373073577881
2024-06-10,-0.03867405652999878,0.008906722068786621,0.02205049991607666,0.014817595481872559,0.031988561153411865,-0.0,0.027206003665924072,-0.009052515029907227,0.027614295482635498,0.019430041313171387
2024-06-11,-0.008620679378509521,-0.007083773612976074,0.002656698226928711,-2.0265579223632812e-05,0.001177072525024414,-0.0038520097732543945,0.003110349178314209,-0.001710355281829834,-0.006905555725097656,-0.001761317253112793
2024-06-12,0.000966191291809082,-0.006963849067687988,0.007103383541107178,-0.0096970796585083,-0.0026187896728515625,-0.036107420921325684,-0.009815573692321777,-0.005308866500854492,-0.016028404235839844,-0.0017582178115844727
2024-06-13,0.01785719394683838,-0.0037533044815063477,-0.005915999412536621,-0.019409894943237305,-0.02498793601989746,-0.10466885566711426,-0.00535738468170166,0.012135744094848633,-0.013651847839355469,-0.01206672191619873
2024-06-14,-0.013276457786560059,0.009071052074432373,0.0033509135246276855,0.002902686595916748,0.019876837730407715,0.015223979949951172,0.0047220587730407715,-0.011887073516845703,0.012869417667388916,0.010622143745422363
2024-06-18,0.013455033302307129,-0.004297494888305664,-0.00624394416809082,-0.011336207389831543,-0.0036400556564331055,-0.013785004615783691,-0.019812822341918945,-0.004423201084136963,7.587671279907227e-05,-0.030017614364624023
2024-06-19,0.023233771324157715,-0.006018638610839844,-0.008728265762329102,0.013704419136047363,0.00254744291305542,-0.01981830596923828,0.0012995004653930664,-0.0035123825073242188,-0.007352948188781738,-0.008083343505859375
2024-06-20,-0.01482856273651123,0.0016599297523498535,-0.002704024314880371,-0.006494283676147461,-0.004068970680236816,0.00987851619720459,-0.014521598815917969,-0.0038009285926818848,-0.00880420207977295,0.010972738265991211
2024-06-21,0.01269996166229248,-0.0030483007431030273,-0.011393427848815918,-0.014448404312133789,-0.0037075281143188477,-0.0002726316452026367,-0.01182544231414795,0.006205081939697266,-0.004923105239868164,-0.0004266500473022461
2024-06-24,-0.005573630332946777,0.004834771156311035,0.0035994648933410645,0.0027802586555480957,0.014947175979614258,-0.004414916038513184,-0.005995750427246094,0.0015876293182373047,-0.001410365104675293,-0.0
2024-06-25,-0.00046706199645996094,-0.004927635192871094,-0.009700298309326172,-0.0024749040603637695,-0.006017327308654785,0.005589306354522705,-0.0015372037887573242,0.0056722164154052734,-0.018901467323303223,-0.012582659721374512
2024-06-26,-0.004672884941101074,0.002935171127319336,0.0007951259613037109,-0.01047062873840332,-0.004724383354187012,0.024120032787322998,0.005862832069396973,0.004533171653747559,0.01047581434249878,0.002948582172393799
2024-06-27,0.021596193313598633,-0.007757902145385742,-0.021152496337890625,-0.03854167461395264,-0.009576797485351562,-0.03813672065734863,-0.020425796508789062,0.020306706428527832,-0.013895034790039062,-0.03126323223114014
2024-06-28,0.0036764144897460938,-0.003230452537536621,0.004155874252319336,-0.0014878511428833008,-0.006067633628845215,-0.0028548240661621094,-0.05205130577087402,-0.0076255202293396,0.001377701759338379,-0.007988572120666504
2024-07-01,0.010531187057495117,-0.006337404251098633,-0.015323400497436523,-0.011596918106079102,-0.015969514846801758,-0.031528592109680176,-0.060050129890441895,0.018967032432556152,-0.029770493507385254,-0.02438533306121826
2024-07-02,0.02492070198059082,-0.008135676383972168,-0.019009709358215332,-0.0048645734786987305,-0.004598498344421387,-0.004009366035461426,-0.0012454986572265625,0.009853720664978027,-0.0,-0.020432472229003906
2024-07-03,0.004420876502990723,-0.00013506412506103516,-0.003907561302185059,0.0013883709907531738,-0.025841593742370605,-0.019137024879455566,-0.020358681678771973,-0.012980997562408447,-0.005288362503051758,-0.0015552043914794922
2024-07-04,0.0382922887802124,-0.02792036533355713,-0.014313459396362305,0.0012622475624084473,-0.005476236343383789,-0.0005598068237304688,-0.03428828716278076,0.014047026634216309,0.01416844129562378,0.015333890914916992
2024-07-05,-0.004662990570068359,0.0019377470016479492,0.0019186735153198242,0.006923675537109375,-0.01807403564453125,0.0011188983917236328,-0.004283428192138672,-0.0022755861282348633,-0.0014941692352294922,-0.008279204368591309
2024-07-08,-0.002555370330810547,-0.009214162826538086,-0.00861966609954834,0.005902230739593506,0.007529199123382568,0.006211817264556885,-0.038763463497161865,-0.00463634729385376,-0.004404664039611816,-0.011339187622070312
2024-07-09,-0.016225457191467285,0.001499950885772705,0.002705216407775879,0.0023285746574401855,0.0035535693168640137,-0.0008198022842407227,0.01121819019317627,-0.0019282698631286621,0.0012732148170471191,0.000386655330657959
2024-07-10,-0.015625,0.013813614845275879,0.0054250359535217285,0.00016736984252929688,-0.0017631053924560547,0.011416018009185791,-0.017077267169952393,-0.019156992435455322,0.0016997456550598145,0.009862661361694336
2024-07-11,-0.018959462642669678,-0.001291513442993164,-0.0027272701263427734,-0.005831241607666016,-0.0040400028228759766,0.009631812572479248,0.013063430786132812,0.003722071647644043,0.0019153952598571777,0.0029296875
2024-07-12,-0.07460677623748779,-0.031946539878845215,-0.03572976589202881,-0.030521869659423828,-0.05095410346984863,-0.03989541530609131,0.0412290096282959,-0.06632781028747559,-0.030990123748779297,-0.04897165298461914
2024-07-15,0.010455846786499023,-0.006024837493896484,0.0027454495429992676,0.01695781946182251,-0.01713418960571289,-0.03464400768280029,-0.002911508083343506,0.003525376319885254,0.0039986371994018555,0.0009337067604064941
2024-07-16,0.0029585957527160645,3.1828880310058594e-05,-0.011131763458251953,-0.01537013053894043,-0.022883176803588867,-0.015551328659057617,0.005412459373474121,-0.00221860408782959,-0.01162874698638916,-0.0
2024-07-18,-0.016956329345703125,-0.015928149223327637,-0.018526196479797363,-0.03497624397277832,-0.012060046195983887,0.013590455055236816,0.015703916549682617,-0.03281116485595703,-0.01553189754486084,-0.024112224578857422
2024-07-19,0.002084195613861084,-0.0,-0.0198744535446167,-0.0010161399841308594,-0.014256477355957031,0.01091545820236206,-0.06386643648147583,0.0030471086502075195,0.013205766677856445,0.02792489528656006
2024-07-22,-0.01503753662109375,0.010943591594696045,-0.0099714994430542,0.007704615592956543,-0.01813793182373047,0.001667618751525879,0.03830075263977051,0.0034980177879333496,-0.002799391746520996,-0.09237700700759888
2024-07-23,-0.017283916473388672,-0.013474106788635254,-0.014386415481567383,0.005202531814575195,-0.00390470027923584,-0.017244815826416016,0.010748028755187988,-0.003498673439025879,0.0014297962188720703,-0.010343372821807861
2024-07-24,-0.02508091926574707,0.009165704250335693,0.0016129016876220703,0.004122316837310791,-0.022919833660125732,-0.010722041130065918,0.0017359256744384766,-0.0009064674377441406,-0.026728510856628418,-0.0006270408630371094
2024-07-25,0.0019731521606445312,-0.002462625503540039,0.004957973957061768,0.011870801448822021,-0.008778870105743408,0.0021503567695617676,-0.021054327487945557,-0.0037735700607299805,0.0021915435791015625,0.013177156448364258
2024-07-26,-0.0031633377075195312,-0.03007686138153076,-0.02961599826812744,-0.03403961658477783,-0.0650794506072998,-0.0008140802383422852,0.011850714683532715,-0.015118598937988281,-0.00732111930847168,0.035507917404174805
2024-07-29,0.0047299861907958984,0.0018344521522521973,0.004132449626922607,0.00031960010528564453,0.032386183738708496,-0.018087029457092285,0.0011837482452392578,0.0015383362770080566,0.010241150856018066,-0.0005981326103210449
2024-07-30,-0.0,0.0012864470481872559,-0.0032213926315307617,0.0197179913520813,0.005671143531799316,0.016731679439544678,-0.00041854381561279297,0.00359499454498291,-0.008344411849975586,-0.005784928798675537
2024-07-31,0.0011880993843078613,-0.007575511932373047,0.004734992980957031,0.002529740333557129,0.0077329277992248535,0.005401253700256348,0.011660933494567871,-0.004581570625305176,-0.010592460632324219,0.001003265380859375
2024-08-01,0.0031720995903015137,0.001248002052307129,0.008366584777832031,-0.0036672353744506836,0.01294165849685669,0.012158811092376709,-0.0074187517166137695,-0.0026793479919433594,0.006419956684112549,-0.0008017420768737793
2024-08-02,0.03261733055114746,0.01904851198196411,0.01698470115661621,0.02975928783416748,0.027937591075897217,-0.04777425527572632,-0.03337889909744263,0.02593761682510376,-0.023801684379577637,-0.03711134195327759
2024-08-05,0.030016422271728516,-0.029143095016479492,-0.03803431987762451,0.021742641925811768,0.044323503971099854,-0.048791706562042236,-0.02151477336883545,0.02988523244857788,-0.03404027223587036,-0.03416663408279419
2024-08-06,0.0004239082336425781,0.01302480697631836,-0.0004665255546569824,-0.0131072998046875,0.004999399185180664,-0.00843268632888794,-0.008188903331756592,-0.0038869380950927734,0.01859891414642334,0.009275197982788086
2024-08-07,-0.020780324935913086,0.007486939430236816,0.023162126541137695,-0.019548654556274414,-0.032968759536743164,0.024429917335510254,0.03927135467529297,-0.007012367248535156,-0.006589829921722412,0.01602911949157715
2024-08-08,0.028666377067565918,-0.023046553134918213,-0.027085602283477783,0.041167497634887695,0.0295218825340271,0.0022736787796020508,-0.013846874237060547,0.0066422224044799805,-0.004905998706817627,-0.020193517208099365
2024-08-09,-0.00556027889251709,0.02060532569885254,0.01582467555999756,-0.006603240966796875,-0.028337955474853516,0.04996037483215332,0.019007205963134766,-0.01346898078918457,0.02749812602996826,0.008158087730407715
2024-08-12,0.0004253387451171875,-0.0029560327529907227,0.01505887508392334,-0.005006074905395508,0.006486237049102783,0.016129016876220703,-0.004926502704620361,0.007827401161193848,0.0038521289825439453,-0.004684865474700928
2024-08-13,0.0046808719635009766,0.004667997360229492,5.6862831115722656e-05,0.0028794407844543457,0.0023397207260131836,-0.0002472400665283203,0.007838010787963867,-0.00030994415283203125,-0.006058990955352783,0.0029952526092529297
2024-08-14,-0.003847837448120117,0.0210341215133667,0.014322996139526367,-0.007920265197753906,-0.008283853530883789,-0.009298622608184814,0.010938882827758789,-0.023421764373779297,0.013952851295471191,0.009812355041503906
2024-08-16,-0.035349249839782715,0.02588939666748047,0.01961219310760498,-0.025094270706176758,-0.0706406831741333,0.0250624418258667,0.0195314884185791,-0.028124094009399414,-0.04001343250274658,0.04224753379821777
2024-08-19,0.002879500389099121,0.006144165992736816,0.0031325817108154297,-0.02019321918487549,-0.02295100688934326,0.004139900207519531,0.00357210636138916,-0.016745805740356445,-0.0058449506759643555,0.007093667984008789
2024-08-20,-0.00907588005065918,0.004915118217468262,0.003944516181945801,-0.005584716796875,-0.010481595993041992,0.010331273078918457,0.012442231178283691,-0.007416486740112305,-0.021328210830688477,0.00925743579864502
2024-08-21,0.004088282585144043,-0.005632162094116211,0.0002728700637817383,-0.0009899139404296875,-0.009322047233581543,0.009169459342956543,-0.00456923246383667,-0.006234407424926758,0.014693021774291992,0.0031903982162475586
2024-08-22,0.0008209943771362305,-0.000655829906463623,0.004037141799926758,0.0015840530395507812,-0.0094374418258667,-0.004661977291107178,0.0095977783203125,0.010875523090362549,-0.004061222076416016,-0.013913750648498535
2024-08-23,0.010271131992340088,-0.008770167827606201,-0.009617507457733154,0.011009037494659424,0.022192001342773438,-0.0157243013381958,-0.015575408935546875,0.008462905883789062,0.007963180541992188,-0.01269906759262085
2024-08-26,-0.0004150867462158203,-0.03490924835205078,0.007516384124755859,-0.0174330472946167,-0.007383823394775391,0.006943821907043457,0.022713780403137207,-0.008635997772216797,-0.026119589805603027,0.014904022216796875
2024-08-27,-0.009128689765930176,0.004565417766571045,0.012796759605407715,-0.0020208358764648438,-0.004728794097900391,-0.005208075046539307,-0.0167921781539917,0.0011771917343139648,0.009498953819274902,-0.0056326985359191895
2024-08-28,-0.02878284454345703,-0.004586338996887207,0.02048492431640625,-0.06537365913391113,-0.018254518508911133,0.006398797035217285,0.018005847930908203,-0.0019789934158325195,-0.0016922950744628906,0.033785223960876465
2024-08-29,-0.0043964385986328125,-0.01884329319000244,-0.0029504895210266113,-0.0007425546646118164,-0.004556179046630859,-0.019266903400421143,0.01600658893585205,-0.0012760162353515625,-0.012327194213867188,0.007632136344909668
2024-08-30,-0.009948253631591797,-0.0007991790771484375,0.005337119102478027,-0.003905653953552246,-0.0004601478576660156,0.016747713088989258,0.018294811248779297,-0.009297847747802734,0.006613969802856445,-0.0005827546119689941
2024-09-02,0.0007880330085754395,-0.030457735061645508,0.010722756385803223,0.00041419267654418945,0.0007884502410888672,-0.004637241363525391,0.006952404975891113,0.007180929183959961,-0.006222367286682129,-0.011076509952545166
2024-09-03,-0.010646700859069824,0.008966922760009766,-0.011857092380523682,0.001267552375793457,-0.007364392280578613,-0.04731631278991699,0.01610398292541504,0.001924276351928711,0.0015459656715393066,0.0068776607513427734
2024-09-04,0.012095212936401367,0.0029042959213256836,-0.009683728218078613,0.012122273445129395,0.011716365814208984,0.020202934741973877,-0.007730603218078613,0.0073354244232177734,-0.0007432699203491211,-0.03142082691192627
2024-09-05,-0.03475511074066162,-0.0029687881469726562,0.0055800676345825195,-0.012863993644714355,0.00033020973205566406,-0.0038306713104248047,0.0028382539749145508,0.0007367134094238281,0.003527700901031494,0.010679006576538086
2024-09-06,-0.011450409889221191,0.019239962100982666,-0.016171634197235107,-0.0026181936264038086,0.01172703504562378,0.037171363830566406,-0.014188945293426514,0.0042896270751953125,0.009937286376953125,-0.00777512788772583
2024-09-09,0.02037733793258667,0.005324304103851318,-0.00381392240524292,0.0030492544174194336,0.018918931484222412,-0.0068503618240356445,-0.00408482551574707,0.0016155838966369629,0.027099907398223877,-0.011251747608184814
2024-09-10,-0.04892146587371826,-0.018520116806030273,0.009328722953796387,-0.03200960159301758,-0.02895987033843994,-0.03061676025390625,0.020401477813720703,-0.013102531433105469,-0.0178605318069458,0.021337151527404785
2024-09-11,-0.0047740936279296875,0.00019669532775878906,-0.0011219382286071777,0.00694429874420166,0.004503190517425537,-0.009383678436279297,0.0030051469802856445,0.006322324275970459,0.003040611743927002,-0.021687209606170654
2024-09-12,-0.00548243522644043,-0.016219258308410645,0.021072864532470703,-0.014771580696105957,-0.010277748107910156,-0.01873302459716797,0.0031474828720092773,-0.008561491966247559,-0.025416135787963867,0.030303001403808594
2024-09-13,-0.019992709159851074,-0.002876758575439453,-0.003247559070587158,-0.0037310123443603516,-0.015506744384765625,-0.05929291248321533,0.0100250244140625,-0.0010845661163330078,-0.0077457427978515625,0.0388866662979126
2024-09-16,0.003563821315765381,0.0005241036415100098,0.003153085708618164,-0.0011299848556518555,0.006484031677246094,0.0018614530563354492,-0.010989010334014893,0.002067387104034424,0.0042427778244018555,0.002280116081237793
2024-09-17,-0.001073002815246582,-0.0010486841201782227,0.001204848289489746,-0.005028367042541504,-0.016642212867736816,-0.0033829212188720703,0.010365962982177734,0.001683950424194336,-0.0015437602996826172,0.0
2024-09-18,0.019649863243103027,-0.031564414501190186,-0.03092294931411743,0.01385587453842163,-0.0545659065246582,-0.08312082290649414,-0.032907307147979736,-0.03539997339248657,0.027930259704589844,-0.024834096431732178
2024-09-19,-0.008017539978027344,-0.011386275291442871,0.0010797977447509766,-0.0017043352127075195,-0.008691251277923584,-0.019140124320983887,0.020049333572387695,-0.011504411697387695,0.006279349327087402,-0.00894254446029663
2024-09-20,-0.004338383674621582,0.013561844825744629,0.006094574928283691,0.0006350278854370117,0.016815662384033203,0.029654860496520996,0.013532519340515137,-0.0026186108589172363,-0.016723036766052246,0.010788559913635254
2024-09-23,0.008639335632324219,-0.004119217395782471,-0.00487828254699707,0.007374763488769531,0.004648089408874512,0.0052280426025390625,-0.004771173000335693,-0.003827393054962158,0.009165644645690918,-0.007762491703033447
2024-09-24,-0.016339898109436035,0.013007760047912598,0.001131296157836914,-0.0028454065322875977,0.009789466857910156,0.01741349697113037,0.011164307594299316,0.0006558895111083984,-0.018627524375915527,0.008801102638244629
2024-09-25,0.01286172866821289,0.0038297176361083984,-0.0017219781875610352,-0.038074791431427,-0.017463505268096924,-0.03801918029785156,-0.012228608131408691,0.0008077621459960938,0.02096158266067505,-0.006203949451446533
2024-09-26,0.00470501184463501,0.0008134841918945312,0.0025873184204101562,0.010077714920043945,0.01165771484375,0.008208036422729492,0.01941537857055664,0.0041522979736328125,-0.002604842185974121,0.010339498519897461
2024-09-27,-0.008727312088012695,0.013762354850769043,0.00344085693359375,-0.004534304141998291,0.009452581405639648,0.01002347469329834,0.0019441843032836914,0.0037740468978881836,-0.0014574527740478516,-0.00019317865371704102
2024-09-30,-0.011896133422851562,-0.006801605224609375,-0.01634162664413452,0.017641544342041016,-0.02342665195465088,0.005823969841003418,0.0024645328521728516,-0.009330034255981445,0.019931674003601074,-0.0005793571472167969
2024-10-01,-0.015675067901611328,0.011357903480529785,0.015305876731872559,0.004660248756408691,0.001728057861328125,-0.0014823079109191895,0.00685274600982666,0.004544854164123535,-0.030537724494934082,0.009855031967163086
2024-10-03,0.009470343589782715,-0.020891785621643066,-0.005740344524383545,-0.014282405376434326,-0.03135460615158081,-0.023473739624023438,-0.04327821731567383,-0.01286172866821289,0.013093531131744385,-0.030233442783355713
2024-10-04,-0.009206771850585938,-0.0010964274406433105,0.013057708740234375,-0.011279404163360596,-0.02549058198928833,-0.0199049711227417,-0.02075141668319702,0.004606962203979492,-0.007681012153625488,0.0063141584396362305
2024-10-07,-0.011578917503356934,0.00019693374633789062,0.008415460586547852,0.023036956787109375,0.009782195091247559,-0.0006301403045654297,0.017281651496887207,0.004844546318054199,-0.0013228654861450195,-0.0041176676750183105
2024-10-08,-0.015955567359924316,0.0070345401763916016,0.007394552230834961,0.019480466842651367,0.009297013282775879,0.023280620574951172,0.015009164810180664,-0.004587113857269287,-0.00654292106628418,-0.008269309997558594
2024-10-09,-0.007511138916015625,0.011316299438476562,0.0021495819091796875,0.009997129440307617,-0.0006680488586425781,0.040525197982788086,0.004794120788574219,-7.051229476928711e-05,-0.01818859577178955,0.008139729499816895
2024-10-10,0.01287698745727539,-0.0005801916122436523,-0.017264842987060547,-0.014672636985778809,-0.015585362911224365,-0.015988707542419434,-0.017435014247894287,-0.006007671356201172,0.02357274293899536,-0.011815667152404785
2024-10-11,-0.013388276100158691,0.017139911651611328,0.008358120918273926,0.010226845741271973,0.007826685905456543,0.007823348045349121,-0.04358816146850586,-0.01849830150604248,-0.016911864280700684,0.006377100944519043
2024-10-14,-0.007113814353942871,0.008833169937133789,0.012301325798034668,0.005864858627319336,0.03000009059906006,0.015157818794250488,-0.026903510093688965,-0.003024756908416748,-0.027573347091674805,-0.04019796848297119
2024-10-15,-0.005045413970947266,0.007651209831237793,0.0002086162567138672,0.0018996000289916992,-0.011085927486419678,0.007284760475158691,-0.002528071403503418,-0.004798591136932373,0.010107636451721191,0.030268430709838867
2024-10-16,-0.03547525405883789,-0.0025934576988220215,-0.020022928714752197,-0.015702366828918457,-0.006301283836364746,-0.02075284719467163,0.015459299087524414,-0.005307495594024658,0.008995354175567627,0.0013741254806518555
2024-10-17,0.007286548614501953,0.0013670921325683594,-0.025007963180541992,0.005519390106201172,-0.058017730712890625,-0.006009161472320557,0.001416027545928955,0.003431081771850586,-0.023305773735046387,0.006290555000305176
2024-10-18,-0.006544947624206543,-0.005407512187957764,-0.04495429992675781,-0.06298428773880005,-0.005033373832702637,0.007106900215148926,0.005392014980316162,0.0034192800521850586,0.006532847881317139,-0.03738880157470703
2024-10-21,-0.053398072719573975,-0.007589995861053467,-0.014295041561126709,-0.008111238479614258,0.03561663627624512,-0.033450961112976074,-0.046947479248046875,-0.010477602481842041,-0.007902979850769043,0.0009534955024719238
2024-10-22,-0.003663003444671631,-0.011309385299682617,-0.000606536865234375,-0.011181056499481201,0.0026306509971618652,-0.027307629585266113,-0.017045676708221436,-0.015772640705108643,0.002753317356109619,0.00496286153793335
2024-10-23,-0.11139702796936035,0.012618303298950195,0.01175236701965332,0.009937644004821777,-0.04775118827819824,0.029731392860412598,-0.10867154598236084,0.012638568878173828,-0.023227930068969727,-0.003261089324951172
2024-10-24,-0.01885545253753662,-0.00046050548553466797,-0.00534433126449585,0.005947709083557129,0.006767570972442627,-0.047474801540374756,0.0048174262046813965,-0.004512786865234375,0.00011736154556274414,0.000573575496673584
2024-10-25,-0.0051947832107543945,0.004038095474243164,-0.0007128119468688965,-0.011247217655181885,0.018597781658172607,0.019280433654785156,0.0035669803619384766,0.0023839473724365234,0.011146306991577148,0.006313323974609375
2024-10-28,0.004521965980529785,0.010473251342773438,0.0017557144165039062,-0.002270042896270752,0.009290635585784912,0.009409070014953613,0.0007758736610412598,0.008206963539123535,0.008068323135375977,-0.027916789054870605
2024-10-29,-0.006489276885986328,0.0,-0.013966500759124756,-0.006375372409820557,-0.0032161474227905273,0.0,-0.0007059574127197266,-0.0038133859634399414,0.0023923516273498535,-0.006368160247802734
2024-10-30,0.0016118884086608887,-0.017603814601898193,-0.020218849182128906,-0.009756922721862793,0.005129396915435791,0.02516305446624756,0.0092848539352417,0.0023065805435180664,0.007973670959472656,-0.005583524703979492
2024-10-31,0.015175998210906982,-0.03956383466720581,-0.024888038635253906,-0.014546632766723633,0.04240018129348755,-0.0337793231010437,0.04367333650588989,-0.028447985649108887,-0.04526495933532715,0.023875534534454346
2024-11-01,0.009508192539215088,-0.004897952079772949,0.0020929574966430664,0.0036333799362182617,-0.005100727081298828,-0.00589984655380249,-0.0030711889266967773,0.00396883487701416,-0.003101646900177002,0.0005689263343811035
2024-11-04,0.0013240575790405273,0.003157973289489746,0.0015665292739868164,0.0009683370590209961,0.008317232131958008,0.001912832260131836,0.005659699440002441,-0.005032360553741455,0.02165210247039795,0.0191614031791687
2024-11-05,-0.0006629228591918945,0.006012678146362305,-0.005387246608734131,-0.0030153989791870117,0.004335582256317139,0.0088118314743042,-0.011514425277709961,0.0018162727355957031,-0.0034804344177246094,-0.005222439765930176
2024-11-06,-0.0374295711517334,-0.03656506538391113,-0.03966224193572998,-0.0472564697265625,-0.013563156127929688,-0.05692243576049805,-0.05487799644470215,-0.04237854480743408,0.03729569911956787,-0.03713679313659668
2024-11-07,-0.002873539924621582,0.0035085082054138184,0.011315882205963135,0.01738685369491577,0.019790828227996826,0.011937558650970459,-0.0034542083740234375,-0.00271761417388916,-0.02513223886489868,0.0009276270866394043
2024-11-08,-0.013053178787231445,-0.0030295848846435547,-0.01490163803100586,-0.0069571733474731445,-0.0067899227142333984,-0.008317828178405762,0.011974036693572998,0.0009395480155944824,0.0183790922164917,-0.010027885437011719
2024-11-11,-0.014142036437988281,-0.016217708587646484,-0.016469359397888184,-0.008039474487304688,-0.0010704994201660156,-0.03599238395690918,-0.009340763092041016,-0.012466907501220703,0.013565897941589355,-0.007721900939941406
2024-11-12,-0.0040285587310791016,-0.002972126007080078,-0.004668593406677246,-0.005096554756164551,0.0028159618377685547,0.006450176239013672,0.007253170013427734,0.0003097057342529297,-0.010097980499267578,0.004926025867462158
2024-11-13,0.005555570125579834,0.004324972629547119,0.0002186298370361328,0.009575247764587402,0.0028238892555236816,0.007880032062530518,0.006962835788726807,0.011209249496459961,-0.00676041841506958,0.0027502775192260742
2024-11-14,-0.002482891082763672,0.003110349178314209,0.0020232200622558594,-0.00791919231414795,0.0021150708198547363,-0.0005415678024291992,-0.012977242469787598,0.001072227954864502,0.007110238075256348,0.004044890403747559
2024-11-18,0.008359134197235107,0.012883603572845459,0.028491616249084473,0.02554774284362793,0.028594970703125,0.04217219352722168,0.01184844970703125,0.03048795461654663,-0.01580977439880371,0.02455228567123413
2024-11-19,-0.013737082481384277,0.007874608039855957,-0.00733184814453125,-0.007609367370605469,-0.01127922534942627,0.009182512760162354,-0.011370658874511719,-0.004988193511962891,0.023421168327331543,-0.016654014587402344
2024-11-21,-0.011395096778869629,-0.008678674697875977,-0.00509488582611084,-0.007662296295166016,0.0010970234870910645,0.0023763179779052734,-0.0026619434356689453,-0.008243560791015625,0.0014977455139160156,0.008562982082366943
2024-11-22,-0.014311790466308594,-0.033789873123168945,-0.03721034526824951,-0.03416776657104492,-0.03496122360229492,-0.033538222312927246,-0.012356996536254883,-0.04216945171356201,0.026559829711914062,-0.02591073513031006
2024-11-25,-0.03422391414642334,0.0035293102264404297,0.006605803966522217,0.0030080080032348633,-0.03427541255950928,-0.038442015647888184,-0.02095317840576172,-0.0166093111038208,-0.00850766897201538,-0.01885068416595459
2024-11-26,-0.0005805492401123047,-0.004149794578552246,-0.0182192325592041,-0.01829850673675537,-0.005574584007263184,0.01810997724533081,-0.008660435676574707,-0.008713603019714355,0.0074051618576049805,-0.011316657066345215
2024-11-27,-0.006382346153259277,0.004474759101867676,-0.00015926361083984375,-0.005548357963562012,-0.005985736846923828,-0.01075899600982666,0.009725391864776611,0.004629373550415039,0.006534099578857422,0.010479629039764404
2024-11-28,0.001441359519958496,0.02651965618133545,0.03524971008300781,0.016281545162200928,0.0196760892868042,0.017710983753204346,0.015268385410308838,0.020230531692504883,-0.024749338626861572,0.01812952756881714
2024-11-29,-0.0028868913650512695,-0.003883957862854004,-0.0006603002548217773,-0.0020536184310913086,-0.005724787712097168,-0.0032782554626464844,-0.014603137969970703,-0.006113290786743164,-0.0005943179130554199,-0.009506464004516602
2024-12-02,-0.002878546714782715,-0.012688994407653809,-0.011822938919067383,-0.006634354591369629,-0.02534031867980957,-0.04874062538146973,-0.004529595375061035,-0.0013580322265625,0.01962411403656006,-0.01195216178894043
2024-12-03,-0.000861048698425293,-0.01028585433959961,-0.006521701812744141,0.007459759712219238,0.010166525840759277,-0.02107405662536621,-0.018356800079345703,-0.006102919578552246,0.002041339874267578,0.002326369285583496
2024-12-04,-0.005448818206787109,-0.0036493539810180664,0.0015119314193725586,-0.008837342262268066,0.00040543079376220703,0.008560776710510254,0.0049574971199035645,-0.012003898620605469,0.005762219429016113,-0.00807178020477295
2024-12-05,-0.005989789962768555,-0.01388561725616455,-0.024172663688659668,-0.020196080207824707,-0.011120080947875977,-0.0018807649612426758,-0.015038251876831055,-0.02518141269683838,0.015567183494567871,-0.017971515655517578
2024-12-06,-0.009639978408813477,0.0006756782531738281,0.006441771984100342,-0.005002260208129883,-0.0008691549301147461,-0.01113581657409668,-0.011881828308105469,0.004155397415161133,-0.0023363232612609863,0.006467342376708984
2024-12-09,-0.0016849040985107422,0.006657242774963379,-0.0006377696990966797,-0.0015912055969238281,-0.016599297523498535,-0.0004220008850097656,-0.009717822074890137,-0.0014958381652832031,-0.002798736095428467,-0.021639704704284668
2024-12-10,-0.010092496871948242,-0.01384890079498291,-0.012958765029907227,-0.02977752685546875,-0.02487015724182129,0.026993989944458008,-0.01782095432281494,0.0044023990631103516,-0.008018791675567627,-0.014293074607849121
2024-12-11,0.0013877153396606445,0.0028145313262939453,-0.013107538223266602,-0.002933502197265625,-0.0008654594421386719,-0.00013005733489990234,-0.0022693872451782227,0.0011504888534545898,-0.0004042387008666992,-0.0028862953186035156
2024-12-12,-0.022234559059143066,-0.0027447938919067383,-0.006520748138427734,-0.010464310646057129,-0.0017936229705810547,0.012395977973937988,-0.011981606483459473,-0.006211280822753906,0.015191793441772461,-0.00033855438232421875
2024-12-13,-0.011419296264648438,-0.016837120056152344,-0.006375670433044434,-0.00701904296875,-0.0015985965728759766,-0.015579700469970703,-0.006479144096374512,-0.0042536258697509766,0.0038121938705444336,-0.0027077198028564453
2024-12-16,0.0016129016876220703,0.007314085960388184,0.009809494018554688,-0.003574371337890625,-0.0006064176559448242,-0.01404428482055664,-0.004778027534484863,0.013120472431182861,-0.011619985103607178,0.0023629069328308105
2024-12-17,-0.012654781341552734,0.0019443631172180176,0.0017542839050292969,0.006158709526062012,0.005040347576141357,0.0020881295204162598,-0.006260991096496582,0.01963675022125244,-0.0026953816413879395,0.001015007495880127
2024-12-18,-0.007444858551025391,-0.004998445510864258,-0.0012922286987304688,0.01835167407989502,0.0014748573303222656,0.004313111305236816,0.00016796588897705078,-0.004470348358154297,0.0046002864837646484,-0.012023687362670898
2024-12-19,-0.019530177116394043,0.01331394910812378,0.016621887683868408,-0.053764402866363525,0.01872009038925171,-0.03671300411224365,-0.019234180450439453,0.01746845245361328,-0.013795077800750732,-0.0005021095275878906
2024-12-20,-0.029769599437713623,0.011839210987091064,0.012388467788696289,-0.06370770931243896,-0.05340313911437988,-0.045465826988220215,-0.04577326774597168,0.023783326148986816,-0.03894597291946411,-0.02425152063369751
2024-12-23,0.004002094268798828,0.004368603229522705,-0.0011161565780639648,-0.016113460063934326,0.009160637855529785,0.0018203258514404297,0.00540924072265625,0.002877473831176758,0.01564192771911621,0.008913159370422363
2024-12-24,-0.0015944838523864746,0.003179192543029785,0.00791078805923462,-0.0008289217948913574,-0.015791475772857666,0.0024226903915405273,-0.008160054683685303,-0.0050983428955078125,-0.0044002532958984375,-0.008494734764099121
2024-12-26,0.010646820068359375,-0.002003192901611328,0.0008562207221984863,0.004654407501220703,-0.0075525641441345215,-0.0016399621963500977,0.007069826126098633,0.0024883151054382324,-0.0036433935165405273,-0.0008567571640014648
2024-12-27,-0.004477202892303467,0.004603445529937744,-0.004927635192871094,-0.012925148010253906,-0.008416593074798584,0.029914021492004395,-0.0003439188003540039,0.0010194182395935059,0.007613062858581543,0.013376832008361816
2024-12-30,-0.03888893127441406,-0.01952958106994629,0.005649685859680176,-0.00607609748840332,0.017754197120666504,0.023630619049072266,-0.03817880153656006,0.0014526844024658203,0.017074108123779297,-0.017431139945983887
2024-12-31,0.015788137912750244,0.005987703800201416,0.013614952564239502,-0.010206460952758789,-0.029989242553710938,-0.01205509901046753,0.02711784839630127,0.015389025211334229,-0.019887685775756836,-0.006200432777404785
2025-01-01,0.0036222338676452637,0.002842426300048828,-0.0013042688369750977,0.015655517578125,0.0027227401733398438,-0.012451231479644775,0.003236532211303711,-0.0043103694915771484,-0.0013725757598876953,-0.005026042461395264
2025-01-02,-0.00727081298828125,-0.03151237964630127,-0.040052175521850586,0.014048099517822266,0.015326857566833496,0.0014289617538452148,-0.006890058517456055,-0.015392184257507324,0.013566017150878906,0.011670470237731934
2025-01-03,0.0028358101844787598,0.012955009937286377,0.009757936000823975,-0.0034155845642089844,-0.01016920804977417,-0.01032400131225586,0.011602818965911865,0.018164396286010742,-0.021757066249847412,-0.030819475650787354
2025-01-06,0.003877997398376465,-0.003287672996520996,0.0004742145538330078,-0.00035750865936279297,0.009918212890625,-0.04126030206680298,0.014798760414123535,0.0011951327323913574,-0.0018684864044189453,-0.0005330443382263184
2025-01-07,0.0012977123260498047,0.019021570682525635,0.00358504056930542,0.004466652870178223,0.009855985641479492,0.012119054794311523,-0.003668069839477539,0.016288161277770996,-0.008937239646911621,-0.0008887052536010742
2025-01-08,0.006496906280517578,-0.008533835411071777,-0.0011639595031738281,0.021695494651794434,-0.00045305490493774414,-0.013765692710876465,0.01643425226211548,-0.019884228706359863,-0.00444793701171875,0.011919617652893066
2025-01-09,0.028773188591003418,-0.0013197660446166992,0.008191525936126709,-0.006996095180511475,-0.018098831176757812,-0.021047472953796387,0.008161842823028564,0.016928672790527344,-0.012607872486114502,-0.017580866813659668
2025-01-10,-0.013196825981140137,-0.0311659574508667,-0.025896549224853516,-0.04857289791107178,0.014987349510192871,-0.023536860942840576,-0.022704601287841797,-0.056154489517211914,-0.03824460506439209,-0.028274893760681152
2025-01-13,-0.0744284987449646,0.0028569698333740234,0.002441227436065674,0.015291273593902588,-0.047167420387268066,-0.052751123905181885,-0.05004233121871948,-0.005966305732727051,0.026925384998321533,0.029063642024993896
2025-01-14,-0.012923598289489746,-0.0883934497833252,0.01124650239944458,0.046238064765930176,0.0009914636611938477,-0.009199917316436768,-0.020538330078125,0.013528048992156982,0.007362425327301025,-0.0034055709838867188
2025-01-15,-0.001163780689239502,0.006699562072753906,-0.00494992733001709,-0.014890670776367188,-0.00018340349197387695,-0.01832371950149536,0.039310574531555176,-0.0039098262786865234,-0.01730632781982422,0.0005359053611755371
2025-01-16,0.01747739315032959,-0.018321692943572998,0.010899186134338379,-0.024196743965148926,0.014970898628234863,-0.03416180610656738,-0.006488025188446045,0.010189235210418701,-0.006987094879150391,0.015728294849395752
2025-01-17,-0.010306298732757568,-0.0018691420555114746,-0.058592915534973145,0.014802277088165283,-0.001482248306274414,-0.01599210500717163,-0.018182992935180664,0.019494593143463135,0.016230225563049316,0.021245718002319336
2025-01-20,0.0023140907287597656,0.004080653190612793,-0.00118178129196167,0.01103508472442627,-0.004236042499542236,-0.0009528994560241699,0.02175736427307129,0.011274576187133789,-0.008647680282592773,-0.06493508815765381
2025-01-21,-0.046464622020721436,0.003451824188232422,-0.006929993629455566,0.011484384536743164,-0.011307895183563232,-0.025116562843322754,-0.0318835973739624,0.01028740406036377,0.02036970853805542,0.006271719932556152
2025-01-22,-0.003934621810913086,0.014036774635314941,0.03092026710510254,-0.015889883041381836,0.012761116027832031,-0.0177193284034729,-0.036215245723724365,-0.02991938591003418,-0.026441574096679688,-0.035939693450927734
2025-01-23,-0.11789727210998535,-0.011325657367706299,0.004842877388000488,-0.026008963584899902,-0.039180874824523926,-0.048362135887145996,-0.10637593269348145,0.0026824474334716797,-0.017536401748657227,-0.02775418758392334
2025-01-24,-0.00407719612121582,-0.007830679416656494,0.005367159843444824,0.0006497502326965332,-0.030924558639526367,0.02496570348739624,-0.011601924896240234,-0.0016644001007080078,-0.00558626651763916,-0.007574558258056641
2025-01-27,0.04683268070220947,-0.04512369632720947,-0.02849048376083374,-0.052091002464294434,0.023963630199432373,0.05169707536697388,0.04707062244415283,0.021000206470489502,0.040127694606781006,0.0379146933555603
2025-01-28,0.03436523675918579,-0.010923206806182861,0.004261493682861328,-0.0035704374313354492,0.018162250518798828,0.0055942535400390625,0.02490413188934326,0.006112873554229736,0.0033246278762817383,-0.0054357051849365234
2025-01-29,-0.029117703437805176,0.015207409858703613,0.028140664100646973,0.038364529609680176,-0.04350435733795166,-0.03134334087371826,-0.0618666410446167,-0.014726519584655762,-0.01989126205444336,-0.029227852821350098
2025-01-30,0.04801374673843384,-0.0034322142601013184,-0.011295795440673828,-0.0072245001792907715,0.04707998037338257,0.05682957172393799,0.034934937953948975,-6.103515625e-05,0.006602048873901367,0.011162161827087402
2025-01-31,0.007505238056182861,0.007209181785583496,0.010655879974365234,0.012653589248657227,-0.0001423358917236328,-0.014163494110107422,0.003979086875915527,-0.0030121803283691406,-0.002621769905090332,-0.009462118148803711
2025-02-01,0.022686004638671875,-0.018227100372314453,-0.015163064002990723,-0.0013273358345031738,0.024219393730163574,0.02508002519607544,0.016419172286987305,0.009544312953948975,0.016723453998565674,0.022693634033203125
2025-02-03,-0.033116698265075684,-0.0011806488037109375,0.006456613540649414,-0.01958078145980835,-0.0068520307540893555,-0.03545427322387695,-0.024134039878845215,0.0011047720909118652,-0.0050095319747924805,-0.02877342700958252
2025-02-04,-0.013780713081359863,0.02396571636199951,0.0190809965133667,0.019272446632385254,0.004343867301940918,-0.0016139745712280273,-0.005784273147583008,-0.009438037872314453,-0.002646207809448242,-0.008504986763000488
2025-02-05,-0.005023598670959473,-0.011370539665222168,-0.0009146332740783691,0.020746350288391113,-0.012979388236999512,-0.009611010551452637,-0.012688398361206055,0.0038834810256958008,-0.0011661052703857422,-0.0025949478149414062
2025-02-06,-0.0023522377014160156,0.0062177181243896484,0.009801268577575684,-0.01325380802154541,0.005706667900085449,0.004161179065704346,-0.006325244903564453,0.002041041851043701,-0.0051496028900146484,-0.002749919891357422
2025-02-07,-0.0014667510986328125,0.0012475252151489258,-0.006292939186096191,0.001976490020751953,-0.015160799026489258,-0.019347429275512695,-0.0040940046310424805,0.013067185878753662,-0.013478875160217285,-0.00016129016876220703
2025-02-10,0.014059782028198242,0.004751801490783691,-0.012236356735229492,-0.02664273977279663,0.02841097116470337,0.017407894134521484,0.04160475730895996,-0.0018737316131591797,-0.004152417182922363,-0.0032258033752441406
2025-02-11,0.03773021697998047,-0.00614243745803833,-0.0024992823600769043,-0.020731568336486816,0.026350438594818115,0.01645904779434204,0.02761971950531006,0.018182039260864258,0.01767951250076294,0.018971025943756104
2025-02-12,0.011423289775848389,-0.0034238100051879883,-0.006645262241363525,0.004896283149719238,0.01729065179824829,0.009936094284057617,0.021129488945007324,0.0033808350563049316,-0.006711006164550781,0.008849620819091797
2025-02-13,0.016239821910858154,-0.00826883316040039,-0.0106925368309021,-0.018236756324768066,0.024250268936157227,0.004636406898498535,0.007344245910644531,0.010126173496246338,0.002969503402709961,0.00529104471206665
2025-02-14,0.010476171970367432,0.004785418510437012,0.007150053977966309,-0.016040503978729248,0.018345773220062256,0.004422187805175781,0.01776343584060669,-0.0063169002532958984,0.009664416313171387,0.001495957374572754
2025-02-17,0.013795316219329834,-0.0007888674736022949,-0.007594466209411621,-0.007075965404510498,-0.014535665512084961,0.018477916717529297,0.005644798278808594,0.007713139057159424,-0.003559708595275879,0.008989572525024414
2025-02-18,-0.0009759664535522461,0.00912332534790039,0.005212664604187012,0.035814762115478516,0.004802107810974121,0.004646122455596924,-0.0480809211730957,0.008016407489776611,-0.024035215377807617,-0.02250969409942627
2025-02-19,-0.010724782943725586,-0.007649898529052734,-0.022231996059417725,-0.03501749038696289,-0.012537598609924316,-0.00424349308013916,-0.01768934726715088,0.02300417423248291,0.0112876296043396,-0.006078600883483887
2025-02-20,-0.0022507905960083008,-0.014454245567321777,0.007955312728881836,-0.013683497905731201,-0.009960532188415527,0.01291799545288086,-0.0030679702758789062,0.0012421011924743652,0.016550898551940918,0.0026127099990844727
2025-02-21,0.0381777286529541,0.007792353630065918,-0.005541563034057617,-0.017932415008544922,0.026415526866912842,0.031678080558776855,0.035080015659332275,-0.0017462968826293945,0.005036532878875732,0.022102177143096924
2025-02-24,-0.017678499221801758,-0.033309757709503174,-0.028087377548217773,-0.04738128185272217,0.031025350093841553,0.008525967597961426,0.012346088886260986,-0.029160022735595703,0.021729767322540283,-0.03699982166290283
2025-02-25,-0.0009832382202148438,-0.004835665225982666,0.002084970474243164,-0.016691625118255615,0.014102935791015625,0.014905393123626709,0.023351848125457764,-0.012528598308563232,0.012242019176483154,-0.012691199779510498
2025-02-27,0.018991470336914062,-0.004217386245727539,-0.0019649863243103027,-0.01704549789428711,0.03118765354156494,0.015454232692718506,0.00632709264755249,-0.004683792591094971,0.0035136938095092773,0.011093497276306152
2025-02-28,0.017022669315338135,-0.03323709964752197,-0.043372511863708496,-0.04358828067779541,-0.054339468479156494,0.03940629959106445,0.030941426753997803,-0.03579193353652954,-0.0632132887840271,-0.05729717016220093
2025-03-03,0.0006791353225708008,-0.0016825199127197266,0.012348651885986328,0.03605914115905762,0.008079171180725098,-0.009435296058654785,0.0021399259567260742,0.0028134584426879883,0.0034903287887573242,0.021245121955871582
2025-03-04,0.019707798957824707,-0.023467302322387695,-0.011899054050445557,-0.030863463878631592,-0.008284509181976318,0.025806009769439697,0.0263671875,0.011165022850036621,-0.003273606300354004,-0.012481868267059326
2025-03-05,-0.08353555202484131,-0.02438938617706299,0.013736724853515625,0.018890023231506348,0.027240514755249023,-0.037474751472473145,-0.046206116676330566,0.004246830940246582,0.033527255058288574,0.01813507080078125
2025-03-06,0.024312198162078857,-0.00794684886932373,0.0025669336318969727,0.010390758514404297,0.015247941017150879,0.01206272840499878,0.01629537343978882,0.015378952026367188,-0.022509098052978516,0.0028787851333618164
2025-03-07,-0.010819673538208008,0.01734524965286255,-0.01738607883453369,-0.020971953868865967,-0.01741325855255127,0.032763540744781494,0.004610419273376465,0.002665400505065918,-0.007382333278656006,-0.003767549991607666
2025-03-10,0.0223807692527771,0.005552113056182861,0.009149789810180664,-0.010800600051879883,-0.01617121696472168,0.023844599723815918,0.021179020404815674,-0.005967557430267334,-0.003684520721435547,-0.01368623971939087
2025-03-11,-0.01293957233428955,-0.011973142623901367,-0.023417770862579346,-0.0035324692726135254,0.005674123764038086,-0.019469738006591797,-0.014118432998657227,-0.0039975643157958984,-0.005136311054229736,-0.011320114135742188
2025-03-12,0.03046184778213501,0.017380475997924805,-0.04254800081253052,-0.0362127423286438,-0.023150622844696045,0.031360089778900146,0.010448575019836426,-0.019327104091644287,-0.02767258882522583,-0.03305637836456299
2025-03-13,0.01452702283859253,0.0037972331047058105,-0.006935477256774902,-0.004202067852020264,-0.008984684944152832,-0.004365205764770508,0.011465370655059814,0.0013833045959472656,0.0016283988952636719,-0.01699763536453247
2025-03-17,-0.009941697120666504,-0.006776332855224609,0.00646662712097168,-0.024009108543395996,-0.00222015380859375,-0.02100682258605957,-0.008106112480163574,-0.0038022994995117188,-0.000353395938873291,-0.01573735475540161
2025-03-18,-0.027155518531799316,-0.00844573974609375,0.012143373489379883,0.0196683406829834,-0.04237163066864014,-0.013763785362243652,-0.027480483055114746,0.015653133392333984,-0.0065757036209106445,0.005329608917236328
2025-03-19,0.0019828081130981445,0.008824288845062256,-0.014219522476196289,-0.018017947673797607,0.003291010856628418,-0.01189720630645752,0.005405545234680176,-0.01558077335357666,-0.02412813901901245,0.0170823335647583
2025-03-20,-0.003642439842224121,-0.01136326789855957,0.018288373947143555,0.012759208679199219,-0.008745670318603516,0.012518167495727539,0.01639026403427124,0.018887042999267578,0.010283708572387695,0.008687257766723633
2025-03-21,-0.02243483066558838,-0.0030089616775512695,-0.01422882080078125,0.02241504192352295,-0.05378866195678711,-0.008614659309387207,-0.015691041946411133,0.004195809364318848,-0.0008662939071655273,-0.013779938220977783
2025-03-24,-0.002904176712036133,-0.023903846740722656,0.00012826919555664062,0.02215588092803955,-0.02182769775390625,-0.04145550727844238,-0.02762746810913086,0.014211416244506836,0.03504335880279541,0.01921212673187256
2025-03-25,-0.024131298065185547,-0.012935161590576172,0.02245032787322998,-0.003030061721801758,-0.020704030990600586,-0.00033342838287353516,-0.025270700454711914,0.007936239242553711,-0.002164006233215332,0.0060929059982299805
2025-03-26,-0.00879669189453125,-0.005231142044067383,-0.01781684160232544,0.0028982162475585938,0.007566332817077637,0.009398102760314941,0.007430315017700195,-0.006000936031341553,-0.026934385299682617,-0.013436853885650635
2025-03-27,-0.009965777397155762,0.00198972225189209,0.0025548934936523438,0.007825136184692383,-0.005190849304199219,0.0028932690620422363,-0.022557616233825684,0.004235625267028809,0.005320310592651367,0.018031835556030273
2025-03-28,-0.0003083944320678711,0.023096024990081787,-0.020514726638793945,-0.03534221649169922,0.011094510555267334,0.001956939697265625,0.022636055946350098,-0.012338399887084961,-0.003933370113372803,-0.03655552864074707
2025-04-01,0.040690481662750244,-0.03902667760848999,-0.028099417686462402,-0.01441657543182373,0.021377265453338623,0.03380662202835083,-0.05480849742889404,-0.015348732471466064,-0.01629817485809326,0.0013691186904907227
2025-04-02,0.0022493600845336914,-0.0018296241760253906,0.015459895133972168,0.01655888557434082,-0.011297225952148438,-0.023932814598083496,0.020329833030700684,-0.001929163932800293,0.019998550415039062,0.0037109851837158203
2025-04-03,-0.07793879508972168,-0.0376092791557312,-0.034600913524627686,-0.035100698471069336,0.040562212467193604,0.02385181188583374,-0.09857076406478882,-0.03972971439361572,-0.03771018981933594,-0.027437329292297363
2025-04-04,-0.07684248685836792,-0.03265082836151123,-0.029969990253448486,-0.04737508296966553,-0.06100964546203613,0.007911503314971924,-0.0382612943649292,-0.030486464500427246,-0.035395681858062744,-0.03921562433242798
2025-04-07,-0.04048430919647217,-0.0337529182434082,-0.037792980670928955,-0.019123613834381104,-0.05696636438369751,0.03027522563934326,-0.007896065711975098,-0.007683157920837402,-0.024899721145629883,-0.0137442946434021
2025-04-08,0.020899057388305664,0.021286606788635254,0.022893548011779785,0.02925705909729004,0.03173208236694336,-0.034568071365356445,0.004755616188049316,0.005772590637207031,0.02047598361968994,0.017947673797607422
2025-04-09,-0.023174941539764404,-0.016638755798339844,-0.01751875877380371,-0.01628410816192627,-0.023654937744140625,0.01920372247695923,-0.041901469230651855,-0.01407545804977417,-0.03168576955795288,-0.04293715953826904
2025-04-11,-0.0007908344268798828,0.007645010948181152,0.00407564640045166,0.032364845275878906,0.020278334617614746,-0.02416980266571045,0.0322185754776001,-0.004651069641113281,0.0074405670166015625,0.013003945350646973
2025-04-15,0.023347854614257812,0.02585303783416748,0.011742591857910156,0.018109917640686035,0.0505145788192749,-0.028501391410827637,0.03771507740020752,0.005167841911315918,0.015168428421020508,0.017757892608642578
2025-04-16,-0.008894026279449463,0.00364530086517334,-0.00902712345123291,-0.009565591812133789,-0.0011234879493713379,-0.011098265647888184,-0.0022264719009399414,0.0078812837600708,0.005397677421569824,0.014925360679626465
2025-04-17,0.03004288673400879,0.004400372505187988,0.004482388496398926,-0.019736647605895996,0.002924323081970215,-0.008552193641662598,0.027733445167541504,0.007666945457458496,-0.0014005303382873535,-0.043289124965667725
2025-04-21,0.05113637447357178,0.030598044395446777,0.0222398042678833,0.02516758441925049,0.047057271003723145,-0.022968530654907227,0.013337492942810059,0.006881117820739746,-0.05103635787963867,0.006494879722595215
2025-04-22,0.0025224685668945312,-0.0014169812202453613,-0.01943260431289673,0.005352020263671875,0.00882565975189209,-0.006200671195983887,0.012345671653747559,-0.0021677017211914062,-0.00214993953704834,-0.018068373203277588
2025-04-23,0.06290435791015625,-0.07709980010986328,0.03661954402923584,0.050064921379089355,0.04395461082458496,-0.05312657356262207,0.04081833362579346,-0.029749035835266113,-0.04586482048034668,0.040306687355041504
2025-04-24,-0.019276320934295654,0.004579722881317139,-0.002424299716949463,-0.0006393194198608398,-0.015661895275115967,-0.01712346076965332,-0.0013556480407714844,0.00334012508392334,-0.0038902759552001953,-0.003369152545928955
2025-04-25,0.019310355186462402,0.005357027053833008,0.005971431732177734,-0.00783008337020874,0.028598546981811523,0.01840972900390625,0.0226898193359375,-0.013640642166137695,-0.011625409126281738,-0.007606089115142822
2025-04-28,-0.0016914606094360352,0.018311917781829834,0.0013114213943481445,-0.0025786757469177246,-0.013861536979675293,-0.017521142959594727,0.0025600194931030273,0.0013051033020019531,0.00034821033477783203,-0.0017032623291015625
2025-04-29,0.014571309089660645,-0.012715339660644531,0.010408878326416016,0.02482891082763672,0.0033817291259765625,-0.009458541870117188,0.02212977409362793,-0.008421659469604492,-0.02313101291656494,0.00362551212310791
2025-04-30,-0.0240480899810791,0.0009559988975524902,0.0017055273056030273,-0.0025228261947631836,-0.017094969749450684,0.01315397024154663,-0.015266478061676025,0.005414009094238281,-0.005107283592224121,0.00042498111724853516
2025-05-02,0.010609149932861328,-0.005741596221923828,0.004495024681091309,-0.0014390349388122559,-0.0033463239669799805,0.003164947032928467,0.01954340934753418,0.002605915069580078,0.0044037699699401855,0.005734920501708984
2025-05-05,0.015577435493469238,0.005011141300201416,0.001152634620666504,0.009017705917358398,-0.0018652677536010742,0.006777405738830566,0.019813895225524902,-0.002786874771118164,0.0011568069458007812,0.0029567480087280273
2025-05-06,-0.009669899940490723,-0.006693840026855469,0.001963973045349121,-0.018306970596313477,-0.04007476568222046,0.029015779495239258,-0.019519269466400146,-0.001650094985961914,-0.0010900497436523438,-0.00989675521850586
2025-05-07,0.02356898784637451,0.010005652904510498,-0.0020952820777893066,0.004959702491760254,0.018862247467041016,-0.017600536346435547,0.014562249183654785,0.004306316375732422,0.0006805658340454102,0.011909723281860352
2025-05-08,0.02039468288421631,-0.011130213737487793,0.0020319223403930664,0.00901496410369873,-0.01133716106414795,0.013376474380493164,-0.006268143653869629,-0.0011029243469238281,-0.005039572715759277,-0.01008826494216919
2025-05-09,-0.009671151638031006,0.007148683071136475,-0.002501070499420166,0.004651904106140137,0.005196690559387207,0.019926846027374268,-0.004845023155212402,0.0024935007095336914,0.006030619144439697,0.0016984939575195312
2025-05-12,-0.08235681056976318,-0.0642920732498169,-0.07908117771148682,-0.06898045539855957,0.0607990026473999,-0.09014284610748291,-0.0796436071395874,-0.05235004425048828,-0.05317330360412598,-0.06316244602203369
2025-05-13,0.005413532257080078,0.030353844165802002,0.03579503297805786,0.004230380058288574,-0.016513586044311523,0.027090847492218018,0.019654572010040283,-0.02911275625228882,0.0003883838653564453,0.022129178047180176
2025-05-14,-0.023586273193359375,-0.01117563247680664,-0.015175104141235352,-0.0233154296875,0.0325169563293457,-0.003033280372619629,0.00043398141860961914,0.009587526321411133,-0.019490957260131836,-0.005300760269165039
2025-05-15,0.00029540061950683594,-0.0355987548828125,-0.012895464897155762,5.9664249420166016e-05,0.02050614356994629,-0.005564332008361816,0.018233895301818848,0.008791923522949219,-0.016196608543395996,-0.014398694038391113
2025-05-16,0.004137098789215088,0.02128535509109497,0.014314711093902588,-0.002761244773864746,-0.009094774723052979,-0.017021536827087402,-0.008048057556152344,-0.00519561767578125,0.007438004016876221,0.008796513080596924
2025-05-19,0.01780414581298828,0.006205201148986816,0.018892109394073486,0.005487501621246338,-0.025377511978149414,0.008693575859069824,0.005176365375518799,-0.011933863162994385,0.011901795864105225,0.010084688663482666
2025-05-20,0.008459210395812988,0.006850123405456543,-0.0004584789276123047,0.0009362697601318359,-0.000804901123046875,0.02141749858856201,0.003968596458435059,-0.0058258771896362305,0.013638436794281006,0.007946193218231201
2025-05-21,-0.007312655448913574,-0.008362293243408203,-0.005106449127197266,-0.003668665885925293,0.009948372840881348,0.006279349327087402,-0.004072904586791992,0.007861018180847168,-0.01408541202545166,-0.004723787307739258
2025-05-22,0.0003024935722351074,0.011501193046569824,0.013417661190032959,0.002105712890625,-0.005423784255981445,0.010674834251403809,0.015432119369506836,-0.013840854167938232,0.020388662815093994,0.019828319549560547
2025-05-23,-0.007261753082275391,-0.00930798053741455,-0.011223316192626953,-0.004499077796936035,-0.0009221434593200684,-0.008743643760681152,-0.01424098014831543,0.01081395149230957,-0.00936591625213623,-0.005839347839355469
2025-05-26,-0.015920639038085938,-0.015410780906677246,-0.009988903999328613,-0.013040661811828613,0.001806020736694336,-0.010143280029296875,-0.005121827125549316,0.006458759307861328,-0.013402819633483887,-0.011610984802246094
2025-05-27,-0.0005913972854614258,0.012846529483795166,0.00659334659576416,0.000762939453125,-0.0032050013542175293,0.005781412124633789,0.007995069026947021,-0.010912299156188965,0.005658984184265137,0.00799340009689331
2025-05-28,-0.0008865594863891602,-0.003147602081298828,-0.0011061429977416992,0.0016446709632873535,-0.0024919509887695312,-0.013527631759643555,0.010893642902374268,-0.00028580427169799805,0.007609665393829346,0.003305792808532715
2025-05-29,-0.01919102668762207,-0.004464983940124512,-0.008774757385253906,-0.005667567253112793,0.013779878616333008,0.0019326210021972656,-0.015401124954223633,0.00011444091796875,-0.012500762939453125,-0.010986804962158203
2025-05-30,0.009270012378692627,0.016879916191101074,0.014433026313781738,0.011563539505004883,-0.002941131591796875,0.004356741905212402,0.005643725395202637,-0.009919703006744385,0.016292273998260498,0.0018454194068908691
2025-06-02,-0.004093527793884277,0.0031161904335021973,0.005687713623046875,-0.0007102489471435547,-0.026467859745025635,0.00784003734588623,0.0211067795753479,-0.003926753997802734,0.015785694122314453,0.00801151990890503
2025-06-03,0.009900987148284912,0.0006741881370544434,0.006969571113586426,0.002267122268676758,0.0041353702545166016,0.003185272216796875,0.006160557270050049,-0.012928307056427002,0.003418147563934326,0.006005346775054932
2025-06-04,-0.0144118070602417,0.0026374459266662598,-0.005296945571899414,-0.018178224563598633,0.0007748603820800781,-0.03533458709716797,-0.0034639835357666016,-0.007136166095733643,-0.008376836776733398,-0.0027083158493041992
2025-06-05,-0.02406489849090576,-0.0038743019104003906,-0.0020416975021362305,-0.005530714988708496,0.01055288314819336,-0.008606314659118652,-0.021620631217956543,-0.002898573875427246,-0.00392460823059082,-0.0043631792068481445
2025-06-06,-0.005379438400268555,-0.0032466650009155273,-0.00611269474029541,-0.004342317581176758,0.0060882568359375,-0.00529634952545166,-0.009514451026916504,0.003885984420776367,-0.005277514457702637,-0.002689361572265625
2025-06-09,-0.010419607162475586,-0.006472587585449219,-0.005814313888549805,-0.010376691818237305,0.022722721099853516,-0.0427325963973999,-0.020082831382751465,0.011139988899230957,-0.005120277404785156,-0.010728240013122559
2025-06-10,-0.020345568656921387,-0.012012362480163574,-0.01467907428741455,-0.024153709411621094,0.026293158531188965,-0.03604114055633545,-0.026854276657104492,0.011981606483459473,-0.0201185941696167,-0.014288663864135742
2025-06-11,0.007648169994354248,-0.03225231170654297,-0.02202022075653076,-0.0016713142395019531,0.003168940544128418,0.006556510925292969,-0.003279566764831543,0.002599000930786133,-0.016498088836669922,-0.015898585319519043
2025-06-12,0.01761627197265625,0.012021660804748535,0.01384192705154419,-0.003893256187438965,-0.005823194980621338,0.002399921417236328,0.007291913032531738,-0.010858595371246338,-0.0042285919189453125,-0.0027734041213989258
2025-06-13,-0.0044831037521362305,0.0034680962562561035,0.004064798355102539,-0.0025854110717773438,-0.0075418949127197266,-0.007599830627441406,0.006670057773590088,0.003348708152770996,-0.008854985237121582,-0.0021729469299316406
2025-06-16,-0.020641565322875977,-0.01633930206298828,-0.01358330249786377,-0.003776073455810547,0.023916006088256836,-0.021596431732177734,-0.023204445838928223,0.01468503475189209,-0.021053314208984375,-0.010250329971313477
2025-06-17,-0.006012558937072754,-0.003830552101135254,-0.009940862655639648,-0.01192772388458252,-0.005198836326599121,-0.005099058151245117,-0.008140921592712402,0.005434274673461914,-0.014607787132263184,-0.00019502639770507812
2025-06-18,0.0038033127784729004,0.00792086124420166,0.00429844856262207,0.01160573959350586,-0.00219649076461792,0.007874011993408203,0.007003962993621826,-0.01817774772644043,0.004621446132659912,0.005072116851806641
2025-06-19,0.021543502807617188,0.0011655688285827637,0.0088844895362854,0.015136241912841797,-0.014574229717254639,-0.03408968448638916,0.021077096462249756,-0.007938802242279053,0.015595197677612305,-0.015294075012207031
2025-06-20,-0.021181702613830566,-0.015170097351074219,-0.002777576446533203,-0.0015834569931030273,0.01806354522705078,0.007389426231384277,-0.03526318073272705,0.0034170150756835938,-0.007195472717285156,-0.0036693811416625977
2025-06-23,0.0005458593368530273,0.02109318971633911,-0.023984849452972412,0.009113729000091553,-0.00851207971572876,-0.025071144104003906,0.004339635372161865,-0.012253642082214355,0.00846487283706665,0.012507200241088867
2025-06-24,-0.016930580139160156,0.006693243980407715,-0.0014835000038146973,-0.001689314842224121,0.0035866498947143555,-0.0003368854522705078,-0.00041115283966064453,-0.0009430050849914551,0.0027851462364196777,-0.006625056266784668
2025-06-25,-0.009667038917541504,-0.014954447746276855,0.021058082580566406,-0.018645167350769043,0.02604365348815918,0.0022467374801635742,-0.004274606704711914,0.016045331954956055,-0.016636371612548828,-0.01684093475341797
2025-06-26,-0.0042552947998046875,-0.004076600074768066,0.0006959438323974609,0.011589407920837402,0.0181199312210083,-0.01120823621749878,0.008676409721374512,-0.0008708834648132324,0.008659839630126953,0.0034266114234924316
2025-06-27,-0.006091117858886719,0.0004639625549316406,-0.004994332790374756,0.014889240264892578,-0.0009098649024963379,-0.009238243103027344,0.0074312686920166016,-0.0002033710479736328,0.009337902069091797,0.012798488140106201
2025-06-30,-0.013161301612854004,-0.0030754804611206055,-0.0038121938705444336,-0.004534244537353516,0.016247034072875977,-0.0005720257759094238,-0.005157589912414551,0.006073594093322754,-0.00747990608215332,-0.0034829378128051758
2025-07-01,0.0010392069816589355,0.00595855712890625,0.0031251907348632812,0.0024449825286865234,0.012653708457946777,-0.0031480789184570312,0.0004965662956237793,-0.00932985544204712,0.00935596227645874,0.005399107933044434
2025-07-02,-0.0018725395202636719,-0.00017452239990234375,0.0022889375686645508,-9.429454803466797e-05,0.002442479133605957,-0.0016651153564453125,0.003974497318267822,-0.0018660426139831543,-0.003534078598022461,-0.009305953979492188
2025-07-03,-0.006334066390991211,0.0038985013961791992,0.005074858665466309,-0.0037703514099121094,-0.0019774436950683594,0.009777426719665527,0.010640978813171387,-0.006572604179382324,0.0030965209007263184,-0.00019216537475585938
2025-07-04,-0.0063457489013671875,-0.008177995681762695,0.013569831848144531,0.0015963912010192871,0.014365077018737793,0.008771419525146484,0.009158909320831299,0.005586862564086914,-0.008100271224975586,-0.01113879680633545
2025-07-07,0.004562735557556152,0.008980810642242432,-0.00834423303604126,-0.006395816802978516,-0.016952037811279297,-0.011461794376373291,0.009413182735443115,-0.0023685693740844727,0.01891005039215088,0.008547008037567139
2025-07-08,-0.004068613052368164,0.0013447403907775879,0.007221341133117676,-0.0035513639450073242,0.01217043399810791,0.00017130374908447266,0.009673833847045898,-0.0016121268272399902,-0.007081747055053711,-0.007088184356689453
2025-07-09,0.00938647985458374,0.01996368169784546,-0.0030548572540283203,0.00735706090927124,0.00396120548248291,-0.007538139820098877,0.010373473167419434,-0.006576240062713623,0.012596309185028076,0.00684809684753418
2025-07-10,-0.0225754976272583,0.006152927875518799,-0.01094365119934082,0.001782536506652832,-0.000977635383605957,-0.018067777156829834,0.007599592208862305,-0.0005319714546203613,0.009103357791900635,0.010151267051696777
2025-07-11,-0.010541856288909912,0.015267133712768555,-0.01296156644821167,0.021428585052490234,-0.007794201374053955,-0.01605623960494995,0.017956137657165527,-0.034299254417419434,-0.0014998912811279297,-0.02554178237915039
2025-07-14,0.0038547515869140625,0.011292219161987305,-0.015437841415405273,0.009220123291015625,-0.003276050090789795,0.011315584182739258,-0.004750370979309082,-0.013257801532745361,0.016099870204925537,-0.01568704843521118
2025-07-15,0.01007997989654541,-0.03296703100204468,0.009759306907653809,-0.017933249473571777,0.019544124603271484,0.004711151123046875,0.004192709922790527,0.009184837341308594,-0.0014587640762329102,0.012305736541748047
2025-07-16,-0.006072103977203369,-0.0022982358932495117,0.014046430587768555,-0.014569997787475586,-0.0027731657028198242,0.004513263702392578,-0.0019707679748535156,-0.005903482437133789,-0.0183027982711792,0.02112400531768799
2025-07-17,-0.009084105491638184,-0.012093722820281982,-0.015122652053833008,0.024873316287994385,-0.011401593685150146,-0.007877230644226074,0.017523467540740967,-0.0073923468589782715,-0.027489304542541504,-0.008391916751861572
2025-07-18,-0.0032166242599487305,0.003173828125,0.0016129016876220703,0.01357203722000122,-0.0039733052253723145,0.005175590515136719,-0.009646058082580566,-0.006013989448547363,-0.009464681148529053,0.02440464496612549
2025-07-21,0.008067607879638672,-0.011880159378051758,-0.0011594295501708984,-0.00585484504699707,-0.01052004098892212,0.003510594367980957,-0.041730523109436035,-0.009937584400177002,-0.0032926201820373535,-0.024783849716186523
2025-07-22,-0.008483171463012695,-0.006730318069458008,-0.008447766304016113,-0.004171490669250488,-0.009169042110443115,-0.012885570526123047,0.011334121227264404,0.00044333934783935547,0.002202272415161133,-0.0025610923767089844
2025-07-23,-0.0046814680099487305,0.0063811540603637695,0.0023412704467773438,-0.02366924285888672,-0.014691054821014404,0.008210301399230957,0.018902599811553955,0.006171703338623047,-0.0003877878189086914,0.006517887115478516
2025-07-24,-0.09390711784362793,-0.014773249626159668,-0.014015018939971924,0.01736503839492798,-0.030295252799987793,0.018220186233520508,-0.07697796821594238,-0.009782671928405762,-0.03103584051132202,0.0017660856246948242
2025-07-25,0.0076372623443603516,-0.011345505714416504,-0.023690462112426758,0.021129488945007324,-0.010740518569946289,-0.036939024925231934,-0.004541933536529541,-0.003875434398651123,-0.02448946237564087,-0.009990215301513672
2025-07-28,0.021257638931274414,-0.01610630750656128,0.00020229816436767578,0.00961536169052124,-0.030019044876098633,0.008364200592041016,-0.00019413232803344727,-0.018017709255218506,-0.007729709148406982,-0.03541749715805054
2025-07-29,-0.0024352073669433594,0.004297137260437012,-0.0015500187873840332,-0.001882314682006836,-0.02607440948486328,-0.0018959641456604004,0.005243182182312012,-0.007566690444946289,0.002206087112426758,0.006974339485168457
2025-07-30,0.016855597496032715,0.0027846097946166992,0.0035097599029541016,-0.016414523124694824,-0.01164257526397705,-0.010863125324249268,-0.0027045011520385742,-0.0007852911949157715,0.006465792655944824,-0.0063149333000183105
2025-07-31,-0.0007430911064147949,-0.005824565887451172,-0.006591379642486572,0.006518125534057617,0.005843400955200195,-0.011102437973022461,-0.00038743019104003906,-0.005501747131347656,0.00034177303314208984,-0.007585048675537109
2025-08-01,-0.023967444896697998,-0.010763704776763916,-0.026066362857818604,0.01733255386352539,0.01175546646118164,-0.011409163475036621,-0.0191841721534729,-0.011130154132843018,-0.017011642456054688,-0.022309482097625732
2025-08-04,0.02355968952178955,-0.015357136726379395,0.007368803024291992,-0.01425015926361084,0.0036628246307373047,0.02283608913421631,0.022918105125427246,-0.02377617359161377,-0.025159835815429688,0.013522148132324219
2025-08-05,-0.02278846502304077,-0.005629301071166992,-0.013594627380371094,-0.008351325988769531,0.015324175357818604,0.0006002187728881836,0.002704024314880371,0.0034152865409851074,-0.007050871849060059,-0.0006254315376281738
2025-08-06,-0.040077269077301025,0.013151705265045166,-0.01616060733795166,0.018707990646362305,0.01888948678970337,-0.006717860698699951,-0.027833938598632812,0.010313630104064941,0.017773032188415527,-0.024196922779083252
2025-08-07,0.040163516998291016,-0.008406281471252441,0.00014221668243408203,-0.0003972053527832031,-0.018311262130737305,0.006400942802429199,0.02684760093688965,-0.00484776496887207,-0.015764236450195312,0.009833216667175293
2025-08-08,-0.057097554206848145,-0.00013554096221923828,-0.009598314762115479,0.0050620436668396,0.002516031265258789,-0.017220675945281982,-0.014857709407806396,0.0034788846969604492,0.0010796189308166504,-0.013336122035980225
2025-08-11,0.004418730735778809,-0.008335113525390625,0.003517627716064453,-0.010873913764953613,0.008791089057922363,-0.00244218111038208,0.012829303741455078,-0.0014491081237792969,-0.00047278404235839844,0.010727286338806152
2025-08-12,0.0071256160736083984,-0.0074596405029296875,-0.0028614401817321777,-0.007993698120117188,-0.017064571380615234,0.013097524642944336,0.011893272399902344,0.0017759203910827637,-0.01903998851776123,0.00042450428009033203
2025-08-13,-0.0022764205932617188,-0.0013341903686523438,0.001793503761291504,-0.0014685392379760742,0.008315563201904297,0.009484648704528809,0.0028667449951171875,-0.00026357173919677734,0.0019876956939697266,-0.00042432546615600586
2025-08-14,0.012517809867858887,0.007527768611907959,0.01475214958190918,0.001270890235900879,-0.00927579402923584,-0.0008976459503173828,0.00790858268737793,0.004578053951263428,0.013012051582336426,0.021439194679260254
2025-08-18,0.008221626281738281,0.0032219290733337402,-0.008186280727386475,0.0036217570304870605,0.008124351501464844,-0.003953278064727783,-0.010682523250579834,0.0036727190017700195,0.010425746440887451,-0.006442248821258545
2025-08-19,-0.0016913414001464844,0.005993306636810303,0.0029172897338867188,-0.004224419593811035,-0.01649308204650879,0.005171656608581543,0.0007644891738891602,-0.001660466194152832,-0.017332792282104492,0.0071114301681518555
2025-08-20,0.03370249271392822,-0.013481497764587402,-0.03902089595794678,-0.013598084449768066,-0.03387296199798584,0.01932394504547119,0.02072000503540039,-0.02731919288635254,-0.018306970596313477,0.015784025192260742
2025-08-21,0.011589765548706055,0.001671135425567627,-0.00013649463653564453,-0.010520219802856445,-0.006665468215942383,-0.007336556911468506,0.0004677772521972656,-0.0012909173965454102,0.0018370747566223145,-0.0038846731185913086
2025-08-22,0.011283397674560547,0.018212199211120605,0.0059397220611572266,0.00200575590133667,0.002031862735748291,-0.008573293685913086,0.004020571708679199,0.015664339065551758,0.010714530944824219,-0.004926145076751709
2025-08-25,0.009326577186584473,-0.025847315788269043,-0.029945015907287598,-0.013111352920532227,-0.024257421493530273,0.014670848846435547,0.015086650848388672,-0.028356313705444336,-0.014684319496154785,0.020833373069763184
2025-08-26,-0.01400226354598999,0.007578730583190918,0.0016004443168640137,-0.02408844232559204,0.015251755714416504,-0.02515578269958496,-0.013486266136169434,-0.00528562068939209,0.01630544662475586,-0.007072150707244873
2025-08-28,-0.0012074112892150879,-0.0288049578666687,0.0193026065826416,-0.008227646350860596,0.014409005641937256,-0.01875072717666626,-0.011717677116394043,0.02011275291442871,0.004393517971038818,-0.005494475364685059
2025-08-29,-0.007425665855407715,0.0034487247467041016,0.02029561996459961,0.002049565315246582,0.015467226505279541,-0.009216606616973877,-0.0015056133270263672,0.0029091238975524902,0.009494483470916748,-0.004911065101623535
2025-09-01,0.02337181568145752,0.009348392486572266,-0.020229339599609375,0.012369751930236816,-0.04788374900817871,0.021581411361694336,0.021581411361694336,-0.009044647216796875,-0.016268372535705566,0.003701448440551758
2025-09-02,-0.0056670308113098145,-0.0018388032913208008,0.0004088282585144043,0.008947491645812988,0.006469249725341797,0.0004856586456298828,-0.00322878360748291,0.0003534555435180664,-0.004848957061767578,0.0022536516189575195
2025-09-03,-0.012994349002838135,0.0002728700637817383,0.013087928295135498,-0.010012388229370117,0.0033419132232666016,-0.007584512233734131,-0.006571054458618164,0.0044994354248046875,0.003040790557861328,-0.005314826965332031
2025-09-04,-0.022693157196044922,-0.015551388263702393,0.01091313362121582,0.0036602020263671875,0.010957837104797363,-0.014123260974884033,-0.013694822788238525,0.0005811452865600586,0.005171656608581543,-0.018495678901672363
2025-09-05,-0.020206749439239502,-0.016836464405059814,0.012569844722747803,-0.0027831196784973145,0.022298336029052734,-0.0016124248504638672,-0.030509114265441895,0.01531153917312622,0.014995992183685303,-0.005234479904174805
2025-09-08,0.002472400665283203,-0.011275529861450195,0.008062243461608887,-0.02049851417541504,0.0036818981170654297,0.0024846792221069336,-0.023577570915222168,0.009611904621124268,0.011638164520263672,-0.004841148853302002
2025-09-09,0.020572662353515625,0.017177462577819824,-0.04976475238800049,0.018962502479553223,-0.023752212524414062,0.013507604598999023,0.02394735813140869,-0.010069489479064941,-0.02567267417907715,-0.027495741844177246
2025-09-10,-0.04243779182434082,0.025786638259887695,-0.01881277561187744,0.023430705070495605,-0.04033923149108887,-0.1012411117553711,-0.05612945556640625,-0.01987278461456299,-0.018555641174316406,-0.026348352432250977
2025-09-11,-0.0013570785522460938,0.0025957822799682617,0.014932334423065186,-0.002920687198638916,0.014452219009399414,0.01371234655380249,0.002122163772583008,-0.0045659542083740234,0.0031455159187316895,0.007220208644866943
2025-09-12,0.0039525628089904785,-0.0003406405448913574,-0.010557055473327637,0.007748246192932129,0.007280826568603516,0.017336487770080566,-0.0006473064422607422,-0.0029447078704833984,-0.002826690673828125,0.00767672061920166
2025-09-15,0.005498826503753662,-0.00047707557678222656,0.01125025749206543,0.001687765121459961,-0.01205146312713623,0.0009737610816955566,0.008778393268585205,0.006861567497253418,0.003736436367034912,0.00264662504196167
2025-09-16,-0.014421701431274414,0.011319398880004883,-0.0018963813781738281,0.006365299224853516,-0.003912687301635742,-0.01920759677886963,-0.02367854118347168,-0.010861515998840332,-0.0076982975006103516,-0.01081860065460205
2025-09-17,-0.006911635398864746,-0.001078784465789795,-0.007368326187133789,0.00883638858795166,-0.009285926818847656,0.0019127130508422852,-0.008195996284484863,-0.00861501693725586,-0.010251402854919434,-0.0006058216094970703
2025-09-18,-0.01819300651550293,0.008302450180053711,-0.011944770812988281,0.01871657371520996,-0.007555127143859863,-0.0054672956466674805,-0.005780816078186035,-0.0012291669845581055,-0.002262115478515625,-0.010898113250732422
2025-09-19,0.01600438356399536,-0.017673075199127197,0.0002652406692504883,-0.002715170383453369,0.002266228199005127,0.0170973539352417,0.011046230792999268,0.0023609399795532227,-0.0019991397857666016,0.003992795944213867
2025-09-22,-0.04366958141326904,-0.01874065399169922,0.026465952396392822,-0.04528540372848511,-0.04723101854324341,-0.004277348518371582,0.04268074035644531,-0.030102193355560303,-0.031149446964263916,0.02164757251739502
2025-09-23,-0.028539836406707764,-0.007014334201812744,0.0012944936752319336,0.00047528743743896484,-0.03007984161376953,-0.00522458553314209,0.0057863593101501465,-0.0037088394165039062,-0.022253215312957764,0.0028682351112365723
2025-09-24,-0.026800215244293213,0.008742451667785645,0.001978456974029541,-0.010546326637268066,-0.009289443492889404,0.00468897819519043,0.009350240230560303,-0.00881659984588623,-0.013248205184936523,0.02013564109802246
2025-09-25,-0.019652485847473145,-0.012826740741729736,0.006493926048278809,0.0013443231582641602,-0.008573830127716064,0.016800999641418457,0.017143428325653076,-0.025696754455566406,-0.005576968193054199,0.01069408655166626
2025-09-26,-0.03318047523498535,-0.020016849040985107,0.024219095706939697,-0.026659011840820312,-0.02759993076324463,0.04422122240066528,0.029691338539123535,-0.019713222980499268,-0.025341033935546875,0.025858402252197266
2025-09-29,0.008904695510864258,-0.005661904811859131,0.00486522912979126,0.016354680061340332,0.013510465621948242,0.007248103618621826,0.016259312629699707,-0.0010347962379455566,0.0021311044692993164,-0.01653611660003662
2025-09-30,0.02499675750732422,-0.0016577839851379395,-0.0,-9.691715240478516e-05,-0.008700191974639893,0.005962550640106201,0.009855270385742188,-0.002658843994140625,-0.007372140884399414,0.0010702013969421387
2025-10-01,0.006159663200378418,0.0031766891479492188,-0.00276339054107666,-0.006689310073852539,0.013635635375976562,-0.0381932258605957,-0.027558326721191406,0.008932352066040039,0.011211872100830078,-0.00707089900970459
2025-10-03,0.0076836347579956055,0.0028787851333618164,-0.0005652904510498047,-0.0005856156349182129,0.017056822776794434,-0.02729630470275879,-0.022884130477905273,-0.004220724105834961,-0.010875701904296875,0.00042557716369628906
2025-10-06,0.030562281608581543,0.01736629009246826,-0.02026832103729248,0.03007817268371582,0.020241975784301758,-0.014634132385253906,-0.023772835731506348,-0.02980804443359375,0.027631044387817383,-0.004895687103271484
2025-10-07,0.014497041702270508,0.011074304580688477,0.011836349964141846,-0.0009480714797973633,0.009096384048461914,-0.026300907135009766,-0.015782594680786133,0.004918992519378662,-0.0002779364585876465,-0.0057190656661987305
2025-10-08,0.016128063201904297,0.013813257217407227,-0.025007009506225586,0.01394951343536377,-0.006352663040161133,0.015321016311645508,0.0014418363571166992,-0.017991065979003906,0.013412952423095703,-0.0029486417770385742
2025-10-09,0.003734588623046875,0.022915005683898926,-0.00956737995147705,0.017126798629760742,0.002642989158630371,-0.013264656066894531,-0.015521645545959473,-0.011396646499633789,0.005760550498962402,-0.008819818496704102
2025-10-10,0.001278996467590332,0.006054520606994629,-0.0037230253219604492,0.0069010257720947266,-0.00854945182800293,0.010550141334533691,-0.002319812774658203,0.010908961296081543,-0.006409406661987305,-0.009367227554321289
2025-10-13,-0.0036579370498657227,-0.0005349516868591309,0.014297306537628174,0.004843235015869141,-0.01185685396194458,0.0017305612564086914,0.00522613525390625,0.006967663764953613,-0.004323303699493408,0.014435946941375732
2025-10-14,-0.009032607078552246,0.00046837329864501953,0.0022577643394470215,-0.005274653434753418,-0.0017816424369812012,0.026898562908172607,-0.0015385150909423828,0.015595853328704834,0.011785745620727539,-0.013391852378845215
2025-10-15,0.03816521167755127,0.00020051002502441406,0.010354578495025635,0.025690197944641113,0.013331770896911621,0.021550476551055908,-0.07244420051574707,-0.0032091140747070312,-0.006130814552307129,-0.0072269439697265625
2025-10-16,-0.0022091269493103027,0.012903690338134766,0.0020093321800231934,0.0023175477981567383,0.0006111860275268555,-0.004522442817687988,-0.02042067050933838,-0.00030303001403808594,0.003289937973022461,-0.014350175857543945
2025-10-17,-0.01510077714920044,-0.019009947776794434,0.020620763301849365,-0.003112494945526123,-0.03229635953903198,0.001812577247619629,0.014687955379486084,0.0028612613677978516,-0.01106715202331543,-0.05072754621505737
2025-10-20,0.007205009460449219,0.006190299987792969,-0.013753056526184082,-0.0015165209770202637,0.019972562789916992,0.02220010757446289,-0.015462875366210938,-0.017892122268676758,-0.0022104978561401367,0.001277327537536621
2025-10-21,-0.003376483917236328,-0.006285965442657471,-0.007832169532775879,-0.006343245506286621,-0.0024750232696533203,-0.004073619842529297,0.007630884647369385,0.002819061279296875,0.00297701358795166,0.0006378889083862305
2025-10-23,0.007579684257507324,0.025504708290100098,-0.03809332847595215,0.010070085525512695,0.021344900131225586,0.010261893272399902,-0.006172299385070801,-0.022117257118225098,0.0101470947265625,0.012112140655517578
2025-10-24,0.0030205249786376953,-6.562471389770508e-05,0.0020052194595336914,-0.012640178203582764,0.007037758827209473,-0.0038579702377319336,0.0016964077949523926,0.003253936767578125,-0.006628453731536865,-0.005458712577819824
2025-10-27,0.04011356830596924,0.006365656852722168,0.01372981071472168,0.016949176788330078,0.024761438369750977,-0.015252470970153809,-0.008942723274230957,-0.0070841312408447266,0.006259918212890625,0.0037997961044311523
2025-10-28,-0.01136237382888794,-0.0074340105056762695,0.0028520822525024414,-0.007801413536071777,-0.02000904083251953,0.01082390546798706,0.008710324764251709,0.008752286434173584,-0.01052778959274292,-0.006098806858062744
2025-10-29,-0.006851613521575928,0.02312600612640381,-0.006810188293457031,0.013938546180725098,0.015436887741088867,-0.006756782531738281,-0.011017918586730957,9.804964065551758e-05,0.0033162832260131836,-0.00042319297790527344
2025-10-30,0.0057305097579956055,-0.0048160552978515625,0.010957837104797363,0.004406094551086426,0.0066443681716918945,0.005464136600494385,-0.01198422908782959,0.007293343544006348,-0.012670338153839111,-0.001481771469116211
2025-10-31,-0.016374409198760986,-0.005355536937713623,0.0077280402183532715,-0.0025442838668823242,-0.04468327760696411,0.01128697395324707,0.007564961910247803,-0.007478594779968262,-0.006556034088134766,-0.005299985408782959
2025-11-03,0.009392142295837402,0.0012974739074707031,-0.0021365880966186523,0.003518342971801758,0.007162570953369141,0.012684226036071777,-0.00243377685546875,0.01347285509109497,-0.0032294392585754395,-0.0006394386291503906
2025-11-04,-0.01548922061920166,-0.009329438209533691,0.011829376220703125,-0.014812886714935303,-0.006321310997009277,0.009788334369659424,0.012223899364471436,0.008817315101623535,-0.0074658989906311035,-0.010663270950317383
2025-11-06,-0.0017543435096740723,-0.0017657279968261719,0.0008352398872375488,0.005693912506103516,0.002638578414916992,0.013468444347381592,0.002816438674926758,-0.006922602653503418,0.0031223297119140625,0.008838176727294922
2025-11-07,-0.013436198234558105,-0.009171903133392334,-0.0068961381912231445,-0.014950454235076904,-0.013663053512573242,0.016595661640167236,0.010441601276397705,0.006343543529510498,-0.019029438495635986,-0.014743566513061523
2025-11-10,0.009998917579650879,0.018579721450805664,-0.024835705757141113,0.013560891151428223,0.014693021774291992,-0.012418031692504883,-0.01444387435913086,-0.011163830757141113,0.00800466537475586,0.014096736907958984
2025-11-11,0.022473812103271484,0.01914966106414795,-0.011138081550598145,0.011961698532104492,0.00046825408935546875,-0.007988452911376953,-0.028391122817993164,-0.0072062015533447266,0.007297158241271973,0.0076988935470581055
2025-11-12,0.01702737808227539,0.015286564826965332,-0.013952851295471191,-0.03204619884490967,0.017389774322509766,-0.018408775329589844,-0.01716136932373047,-0.02783071994781494,-0.034161925315856934,0.014643430709838867
2025-11-13,-0.00957489013671875,0.0028231143951416016,0.006386697292327881,0.007890045642852783,-0.0013447403907775879,0.010784327983856201,-0.0004075765609741211,0.008333921432495117,0.0032277703285217285,0.0004183053970336914
2025-11-14,-0.005855679512023926,-0.0024397969245910645,0.025246798992156982,0.006499052047729492,-0.017682433128356934,0.009601116180419922,0.005866050720214844,-9.655952453613281e-05,0.008405745029449463,-0.003972411155700684
2025-11-17,0.0008335113525390625,0.007400035858154297,-0.003195047378540039,-0.006799817085266113,-0.03008556365966797,-0.0076302289962768555,-0.00254058837890625,0.001223444938659668,-0.00944972038269043,-0.001259446144104004
2025-11-18,-0.009327590465545654,-0.006972134113311768,0.014094948768615723,0.015816032886505127,-0.011232197284698486,0.013158738613128662,0.006049215793609619,0.004867494106292725,0.021200478076934814,-0.01282048225402832
2025-11-19,-0.04141676425933838,-0.0422518253326416,-0.03684103488922119,-0.03752601146697998,0.020763516426086426,-0.019057750701904297,-0.03890120983123779,-0.019630074501037598,-0.008368492126464844,-0.021503090858459473
2025-11-20,0.006511688232421875,0.010345220565795898,0.00298309326171875,-0.009209632873535156,0.00983893871307373,-0.004752516746520996,-0.005462288856506348,0.0009212493896484375,-0.015412449836730957,-0.0006252527236938477
2025-11-21,0.026325762271881104,0.02273005247116089,-0.005518674850463867,0.01675790548324585,0.0024449825286865234,0.024264395236968994,0.008503258228302002,-0.0018442869186401367,-0.0037775039672851562,0.007081866264343262
2025-11-24,-0.005952715873718262,-0.0014925003051757812,-0.0019176006317138672,0.0006749629974365234,0.006625175476074219,0.002833068370819092,-0.012387871742248535,0.0029836297035217285,-0.022716403007507324,-0.011327862739562988
2025-11-25,-0.012996315956115723,0.005774974822998047,0.011219620704650879,0.015028715133666992,0.01153576374053955,0.00763934850692749,0.0006275177001953125,0.007003664970397949,-0.0,0.006637632846832275
2025-11-26,-0.02151012420654297,-0.010492801666259766,-0.017821431159973145,-0.009771943092346191,0.001072525978088379,-0.011515498161315918,-0.006985306739807129,-0.014009952545166016,-0.017194151878356934,-0.018584251403808594
2025-11-27,-0.0208967924118042,-0.0068607330322265625,-0.005442976951599121,-0.023005127906799316,-0.0031068921089172363,0.0032706260681152344,-0.002650022506713867,0.008315086364746094,0.006971836090087891,0.002460002899169922
2025-11-28,0.0007852315902709961,0.002946615219116211,0.003978610038757324,-0.011783242225646973,0.007128715515136719,0.005363762378692627,0.012282311916351318,-0.00028693675994873047,-0.0049675703048706055,0.00020551681518554688
2025-12-01,0.0031958818435668945,-0.011513352394104004,-0.002488374710083008,-0.009185552597045898,0.00743412971496582,-0.00526583194732666,-0.008342504501342773,0.0013068318367004395,-0.008040547370910645,-0.0030832290649414062
2025-12-02,-0.0059392452239990234,0.004504263401031494,0.0019596219062805176,-0.00186920166015625,0.0020477771759033203,0.006184935569763184,0.0019512772560119629,-0.0007340908050537109,-0.00470733642578125,0.0006147027015686035
2025-12-03,0.0007315278053283691,-0.003057122230529785,-0.011388182640075684,0.000811159610748291,0.00806879997253418,0.002921164035797119,0.00977557897567749,-0.014127612113952637,-0.0032536983489990234,-0.018248915672302246
2025-12-04,-0.028078436851501465,-0.008594870567321777,-0.011971831321716309,-0.017372965812683105,0.016567587852478027,-0.014394044876098633,-0.019112348556518555,-0.015471696853637695,-0.013361930847167969,-0.008658885955810547
2025-12-05,-0.005950570106506348,-0.017164230346679688,-0.011638283729553223,-0.004149436950683594,0.015541315078735352,-0.0033277273178100586,-0.010616898536682129,-0.0027871131896972656,-0.005440711975097656,-0.011579155921936035
2025-12-08,0.013448596000671387,-0.0033273696899414062,0.003350198268890381,0.005721569061279297,-0.019230782985687256,0.023466825485229492,-0.026608407497406006,0.0005249977111816406,-0.013368964195251465,-0.005723237991333008
2025-12-09,-0.03987085819244385,0.01835840940475464,0.007357120513916016,0.0016784071922302246,-0.006213724613189697,-0.004485726356506348,-0.007089972496032715,0.008713126182556152,0.018972277641296387,0.015109896659851074
2025-12-10,-0.02844947576522827,-0.005067586898803711,0.008881211280822754,0.004002869129180908,-0.0073989033699035645,0.02379584312438965,-0.04260551929473877,0.005953311920166016,0.006915926933288574,-0.0021916627883911133
2025-12-11,0.01164710521697998,-0.0038415193557739258,-0.008380651473999023,-0.011896133422851562,0.013088345527648926,-0.01712191104888916,0.028258919715881348,-0.0008466243743896484,-0.011219978332519531,-0.004970192909240723
2025-12-12,0.005213379859924316,-0.0004782676696777344,-6.401538848876953e-05,0.0015887022018432617,0.006148815155029297,0.0018633008003234863,0.021357178688049316,-0.008960247039794922,-0.0065042972564697266,-0.005143404006958008
2025-12-15,0.010264754295349121,-0.0064547061920166016,-0.005433797836303711,0.002386808395385742,-0.005081236362457275,0.0028322935104370117,-0.006154835224151611,-0.003011941909790039,0.0019006729125976562,-0.004329800605773926
2025-12-16,-0.0017111897468566895,0.0191805362701416,0.00864708423614502,0.008533358573913574,-0.012008607387542725,0.017429471015930176,-0.005478382110595703,0.007770359516143799,-0.0017772912979125977,0.009602189064025879
2025-12-17,-0.01183849573135376,-0.0019979476928710938,-0.005708098411560059,-0.005871891975402832,0.0007684230804443359,0.014847934246063232,0.0031135082244873047,-0.003962397575378418,-0.0007604360580444336,-0.007321000099182129
2025-12-18,0.005475163459777832,-0.003867030143737793,-0.01543271541595459,0.0011995434761047363,0.007887482643127441,0.006468832492828369,0.005730152130126953,-0.01957857608795166,-0.016588568687438965,-0.010410547256469727
2025-12-19,-0.005067944526672363,0.011436164379119873,-0.007347822189331055,0.007606089115142822,0.0007964372634887695,-0.02100956439971924,0.0062514543533325195,-0.0003657341003417969,-0.004297494888305664,-0.0023326873779296875
2025-12-22,0.012625932693481445,-0.016987323760986328,-0.031047463417053223,0.0009681582450866699,-0.0011071562767028809,-0.004733443260192871,0.03232145309448242,-0.013071298599243164,-0.021209239959716797,-0.03103184700012207
2025-12-23,-0.04735910892486572,-0.005747437477111816,0.0125771164894104,-0.001776576042175293,0.01780390739440918,0.005496323108673096,-0.011350631713867188,0.004481315612792969,0.008319616317749023,0.00470280647277832
2025-12-24,-0.023873746395111084,0.0030954480171203613,0.0029394030570983887,0.006368398666381836,-0.01582491397857666,0.004473984241485596,-0.021035611629486084,-0.0027190446853637695,0.0009185671806335449,0.012284994125366211
2025-12-26,-0.037060439586639404,0.008240222930908203,0.004422008991241455,-0.020687997341156006,-0.014281213283538818,0.0006608963012695312,-0.008185744285583496,0.011750519275665283,0.01176828145980835,0.006505846977233887
2025-12-29,0.005976200103759766,0.01812267303466797,0.0068476200103759766,-0.0003314018249511719,-0.013435781002044678,0.01104426383972168,-0.011427640914916992,0.008689045906066895,-6.198883056640625e-05,0.00770413875579834
2025-12-30,-0.016871631145477295,0.009565889835357666,0.014038145542144775,0.006712555885314941,-0.005902647972106934,0.00842583179473877,-0.007305145263671875,0.001445472240447998,0.004837512969970703,0.002329230308532715
2025-12-31,0.0048944950103759766,-0.005014896392822266,0.003843069076538086,-0.001728653907775879,-0.0016096234321594238,-0.007957935333251953,0.014394283294677734,0.012504637241363525,0.00853794813156128,0.0013619065284729004
2026-01-01,-0.004329502582550049,-0.006899476051330566,-0.00891733169555664,0.00799870491027832,0.013399362564086914,-6.687641143798828e-05,0.001674056053161621,-0.006612181663513184,-0.010560035705566406,-0.015390634536743164
2026-01-02,-0.0033216476440429688,-0.003487229347229004,-0.0065190792083740234,-0.007362544536590576,-0.007565617561340332,-0.005686759948730469,0.0011142492294311523,-0.007219433784484863,-0.002674698829650879,-0.0063315629959106445
2026-01-05,-0.005029439926147461,0.01987558603286743,0.020738601684570312,-0.0013186335563659668,-0.0018880367279052734,0.007051646709442139,-0.013594090938568115,0.010643839836120605,0.009367227554321289,0.021353721618652344
2026-01-06,0.009196043014526367,-0.005411863327026367,-0.003625035285949707,-0.01262587308883667,0.00503230094909668,0.010920524597167969,0.007253408432006836,-0.012344121932983398,-0.0030684471130371094,-0.008766770362854004
2026-01-07,0.026793837547302246,-0.019427061080932617,-0.016602277755737305,-0.019974946975708008,0.020880699157714844,-0.03156542778015137,-0.04232680797576904,-0.012224316596984863,-0.014608502388000488,-0.019698739051818848
2026-01-08,-0.032030582427978516,0.0006068944931030273,0.015707850456237793,0.013765990734100342,-0.02003622055053711,-0.0304681658744812,0.01059335470199585,-0.02782505750656128,-0.02910405397415161,-0.03181815147399902
2026-01-09,0.021007895469665527,-0.008926987648010254,-0.0005066394805908203,-0.0031571388244628906,0.0074541568756103516,0.00047409534454345703,0.004267215728759766,0.0012173652648925781,0.0027251243591308594,-0.0009781122207641602
2026-01-12,0.009217381477355957,-0.0037317276000976562,0.011266589164733887,0.0060460567474365234,-0.0021139979362487793,-0.0017600655555725098,0.014258980751037598,0.009913325309753418,0.002464890480041504,0.004503607749938965
2026-01-13,0.006717324256896973,0.001559138298034668,-0.001920461654663086,-0.016665220260620117,0.01465296745300293,0.014715909957885742,-0.005058884620666504,0.008766531944274902,0.018094778060913086,0.004093527793884277
2026-01-14,-0.015744805335998535,-0.0021021366119384766,-0.00051116943359375,0.01147449016571045,-0.029543757438659668,-0.02138608694076538,0.013134121894836426,-0.02310281991958618,-0.016286849975585938,-0.015142679214477539
2026-01-16,0.03014993667602539,-0.01768052577972412,-0.056261539459228516,-0.04601609706878662,-0.03503298759460449,-0.056887269020080566,-0.0205610990524292,0.00444793701171875,-0.051621079444885254,0.027794241905212402
2026-01-19,-0.002482295036315918,-0.011071920394897461,0.005078613758087158,-0.015694379806518555,-0.0011432170867919922,-0.003876924514770508,-0.0054662227630615234,-0.013440549373626709,-0.028614163398742676,-0.08036059141159058
2026-01-20,-0.019849538803100586,0.017183125019073486,0.013247430324554443,-0.06719213724136353,0.025641918182373047,0.02072608470916748,0.014833807945251465,-0.019376695156097412,0.023162484169006348,-0.024608969688415527
2026-01-21,-0.014465391635894775,0.0028448104858398438,0.002709686756134033,-0.022170186042785645,0.005966544151306152,0.019324302673339844,0.01584547758102417,0.006543517112731934,-0.004885315895080566,-0.001496732234954834
2026-01-22,0.011083126068115234,-0.01224362850189209,-0.005495905876159668,0.017624855041503906,-0.004001617431640625,-0.029088497161865234,-0.012576103210449219,0.008902788162231445,-0.0004150867462158203,0.0047109127044677734
2026-01-23,-0.030396342277526855,-0.002290010452270508,-0.004360318183898926,-0.008996129035949707,0.020390748977661133,-0.007489919662475586,0.02618461847305298,0.003840804100036621,-0.008118987083435059,-0.009377717971801758
2026-01-27,0.017049670219421387,-0.007732868194580078,-0.007154226303100586,0.007974863052368164,-0.01936209201812744,-0.006270647048950195,-0.00991058349609375,-0.0014229416847229004,-0.025865674018859863,0.01032710075378418
2026-01-28,0.01796543598175049,-0.0054645538330078125,0.009653329849243164,0.01262521743774414,-0.00983572006225586,-0.0008351802825927734,0.0004826188087463379,0.013331294059753418,-0.010200023651123047,0.010860323905944824
2026-01-29,-0.009503006935119629,0.0046253204345703125,0.004168689250946045,-0.0034078359603881836,0.021491289138793945,0.021888434886932373,0.023016273975372314,-0.01740574836730957,-0.003119826316833496,0.010322332382202148
2026-01-30,-0.0144805908203125,0.015102207660675049,0.011204183101654053,-0.00341951847076416,0.004976928234100342,0.009843826293945312,0.005766034126281738,-0.0065195560455322266,0.014306724071502686,-0.012093424797058105
2026-02-01,0.0009675025939941406,0.017338991165161133,-0.008280396461486816,0.016068339347839355,-0.003950715065002441,0.0007290840148925781,-0.005468130111694336,0.020167112350463867,0.014801204204559326,0.020683884620666504
2026-02-02,0.007732272148132324,-0.006361842155456543,0.015189886093139648,-0.01391977071762085,0.003068685531616211,0.0025867223739624023,-0.00238955020904541,-0.005428433418273926,-0.0039014816284179688,0.0020678043365478516
2026-02-03,0.026315808296203613,-0.011032938957214355,-0.016301989555358887,0.0096893310546875,-0.020967721939086914,-0.011903166770935059,-0.03222358226776123,0.017573237419128418,0.0043503642082214355,0.0016095638275146484
2026-02-04,-0.057356417179107666,-0.04335516691207886,-0.07255226373672485,-0.055840492248535156,-0.04653632640838623,0.03949528932571411,-0.046587586402893066,-0.07013297080993652,-0.04147970676422119,-0.03852653503417969
2026-02-05,-0.008736610412597656,-0.007275879383087158,-0.0101776123046875,-0.004030466079711914,-0.014657258987426758,0.008894383907318115,-0.0009188055992126465,-0.002534151077270508,0.0005469322204589844,0.0002143383026123047
2026-02-06,-0.03362923860549927,-0.010124266147613525,-0.00860220193862915,-0.021465659141540527,-0.014422178268432617,0.02505868673324585,-0.021486520767211914,-0.016680538654327393,-0.015976130962371826,-0.011440098285675049
2026-02-09,0.002134561538696289,0.005208015441894531,-0.006575345993041992,0.011687517166137695,0.0017621517181396484,-0.0007789134979248047,0.003930330276489258,0.002243638038635254,0.001111149787902832,-0.0027739405632019043
2026-02-10,0.0010972023010253906,-0.018039941787719727,0.0004093647003173828,0.006309390068054199,-0.00038242340087890625,-0.009975910186767578,-0.00042551755905151367,0.012346625328063965,0.014121055603027344,0.006041407585144043
2026-02-11,-0.019729197025299072,-0.013667285442352295,-0.017324864864349365,-0.02587425708770752,-0.009907841682434082,0.016952693462371826,-0.025287330150604248,-0.02506202459335327,-0.006202101707458496,-0.007171571254730225
2026-02-12,-0.0650486946105957,-0.048659443855285645,-0.05837440490722656,-0.05511736869812012,-0.04798698425292969,-0.06285184621810913,-0.04751920700073242,-0.054883480072021484,-0.05983847379684448,-0.04669070243835449
2026-02-13,-0.04199784994125366,-0.014158964157104492,-0.012162744998931885,-0.018420815467834473,-0.00227278470993042,-0.018477678298950195,0.0049523115158081055,-0.021053850650787354,-0.0014317035675048828,-0.022777080535888672
2026-02-16,0.022543668746948242,0.004535555839538574,-0.0025371313095092773,0.0005865097045898438,0.001260995864868164,0.009064197540283203,0.0187990665435791,0.005348801612854004,-0.014142394065856934,-0.0038768649101257324
2026-02-17,-0.009838402271270752,0.0142289400100708,0.01870274543762207,0.008986949920654297,0.0015031099319458008,0.021804213523864746,0.008240818977355957,0.00399017333984375,0.00733792781829834,0.011394619941711426
2026-02-18,-0.004351615905761719,-0.010387182235717773,-0.012557804584503174,-0.02139604091644287,-0.011925995349884033,-0.019084811210632324,-0.019012093544006348,-0.008279979228973389,-0.012468814849853516,-0.017339706420898438
2026-02-19,-0.008595585823059082,-0.011450350284576416,-0.0023055076599121094,-0.018698036670684814,-0.02426314353942871,-0.009345054626464844,-0.04618728160858154,-0.006308197975158691,-0.01694577932357788,-0.003491342067718506
2026-02-20,-0.014989018440246582,-0.009583592414855957,-0.012672364711761475,-0.014114320278167725,-0.0012201666831970215,-0.001391768455505371,-0.03304213285446167,0.0030994415283203125,-0.015142321586608887,-0.006391763687133789
2026-02-23,-0.038490235805511475,-0.007170259952545166,-0.01895052194595337,-0.01186215877532959,-0.02696096897125244,0.004026293754577637,-0.02248626947402954,-0.003685474395751953,-0.010982215404510498,-0.018917381763458252
2026-02-24,-0.059581100940704346,-0.0610012412071228,-0.03917193412780762,-0.06840527057647705,-0.03757905960083008,-0.03231281042098999,-0.0633852481842041,-0.03833651542663574,-0.06627804040908813,-0.027927517890930176
2026-02-25,0.0005775690078735352,0.029121875762939453,0.011453747749328613,0.01288604736328125,0.015564560890197754,0.024545788764953613,0.014800548553466797,0.02160322666168213,0.012189745903015137,0.008893728256225586
2026-02-26,-0.01030588150024414,-0.0034102201461791992,-0.0007919073104858398,-0.012064039707183838,0.001727461814880371,0.03694772720336914,0.010674238204956055,0.0069980621337890625,0.0,-0.004160046577453613
2026-02-27,-0.012162566184997559,0.011357784271240234,0.008559107780456543,-0.009325027465820312,0.015476465225219727,0.011026978492736816,-0.010143280029296875,-0.00389021635055542,-0.00293731689453125,-0.0005967617034912109
2026-03-02,-0.019480586051940918,-0.013029992580413818,-0.008643746376037598,-0.01290905475616455,-0.017853260040283203,-0.012093782424926758,-0.012592434883117676,-0.009061932563781738,-0.009132444858551025,-0.011892914772033691
2026-03-04,0.006278514862060547,-0.005105733871459961,0.014346837997436523,-0.012510240077972412,0.005187273025512695,-0.0024033188819885254,0.007639050483703613,-0.00983351469039917,0.004310965538024902,-0.015208780765533447
2026-03-05,-0.014786362648010254,-0.007258057594299316,-0.0012502670288085938,-0.009863615036010742,-0.015702128410339355,-0.006173312664031982,-0.014312684535980225,-0.0034778714179992676,-0.013247430324554443,0.0006647109985351562
2026-03-06,0.008848905563354492,0.0019201040267944336,0.002034306526184082,-0.003343820571899414,-0.007528245449066162,-0.010529518127441406,0.029256463050842285,-0.008220851421356201,-0.0012000799179077148,-0.0014309287071228027
2026-03-09,0.004815578460693359,0.0014004707336425781,0.00499725341796875,0.005871415138244629,-0.012235939502716064,-0.0008421540260314941,0.001172184944152832,-0.011808037757873535,0.0034543275833129883,0.017144322395324707
2026-03-10,-0.025074899196624756,0.002134561538696289,-0.014684200286865234,0.0013666152954101562,0.006627917289733887,0.016627073287963867,0.009366273880004883,-0.00565791130065918,0.0002244710922241211,0.010968565940856934
2026-03-11,-0.02668529748916626,-0.008226156234741211,-0.014902949333190918,-0.013971447944641113,-0.007855832576751709,-0.004672884941101074,-0.016611695289611816,-0.019179582595825195,-0.0016459226608276367,0.0064699649810791016
2026-03-12,-0.0008116960525512695,0.005776405334472656,-0.008244633674621582,0.014286637306213379,0.0001373291015625,-0.014387428760528564,-0.007013976573944092,-0.009128153324127197,0.011540770530700684,0.0013844966888427734
2026-03-13,-0.01642751693725586,-0.02407771348953247,-0.0138014554977417,-0.027083933353424072,-0.032216668128967285,-0.0251997709274292,-0.01603597402572632,-0.01306086778640747,-0.012594461441040039,-0.024344444274902344
2026-03-16,-0.008350908756256104,0.0024143457412719727,0.0011457204818725586,0.00014269351959228516,-0.015935301780700684,-0.01710277795791626,0.0,-0.0005393028259277344,0.0050269365310668945,-0.012501299381256104
2026-03-17,-0.006200194358825684,-0.005645036697387695,-0.01348811388015747,-0.004254698753356934,-0.0033636093139648438,-0.017480552196502686,-0.023583650588989258,-0.007263839244842529,0.0017170906066894531,-0.019424915313720703
2026-03-18,-0.05410182476043701,0.027325749397277832,-0.027759313583374023,0.026162385940551758,0.02396214008331299,-0.046437621116638184,0.037356019020080566,-0.02052938938140869,0.03234457969665527,0.015576004981994629
2026-03-19,0.03507065773010254,-0.0334511399269104,0.03660404682159424,-0.023332059383392334,-0.03597325086593628,0.03431600332260132,-0.020389139652252197,0.03474271297454834,-0.03219747543334961,-0.030313968658447266
2026-03-20,0.0027465224266052246,0.01669454574584961,-0.028789043426513672,0.02388942241668701,0.02134418487548828,-0.033193349838256836,0.024745941162109375,-0.014685988426208496,0.032970309257507324,0.013215780258178711
2026-03-23,-0.010190010070800781,0.018669843673706055,-0.0007320642471313477,-0.04494273662567139,-0.013150990009307861,0.020479977130889893,0.0016536712646484375,0.002844512462615967,-0.0005777478218078613,-0.017600834369659424
2026-03-24,-0.00881493091583252,0.01082003116607666,-0.017070412635803223,0.025794029235839844,0.025780200958251953,-0.024898290634155273,0.0400465726852417,-0.006292462348937988,0.03518784046173096,0.006398677825927734
2026-03-25,-0.04774343967437744,0.005825400352478027,-0.0006394386291503906,0.019327998161315918,0.007227897644042969,0.0010122060775756836,0.003072977066040039,0.008921205997467041,-0.016891121864318848,0.001642465591430664
2026-03-27,0.015819787979125977,-0.012234866619110107,0.007348179817199707,-0.02147728204727173,-0.0070822834968566895,-0.05276691913604736,-0.00588381290435791,-0.005215883255004883,-0.011998593807220459,0.013488531112670898
2026-03-30,0.02620774507522583,-0.01671069860458374,0.01504671573638916,-0.04449260234832764,-0.030231475830078125,0.03109496831893921,-0.004612326622009277,0.012930035591125488,-0.005461335182189941,-0.020668089389801025
2026-04-01,-0.03516650199890137,0.009540915489196777,-0.020096421241760254,0.023219823837280273,-0.04072093963623047,-0.022617816925048828,0.035245656967163086,-0.020899534225463867,0.014812111854553223,0.01886582374572754
2026-04-02,-0.05156421661376953,-0.03529226779937744,-0.019620418548583984,0.047942519187927246,-0.03430676460266113,-0.015915751457214355,0.03537261486053467,-0.017647981643676758,0.026343941688537598,0.019510507583618164
2026-04-06,-0.0056040287017822266,-0.0007845163345336914,-0.004162788391113281,0.0008132457733154297,-0.011448502540588379,-0.0034569501876831055,0.01562821865081787,-0.00946664810180664,0.005549788475036621,0.012210726737976074
2026-04-07,-0.008523225784301758,-0.027292728424072266,-0.025420427322387695,0.03136467933654785,-0.04156231880187988,-0.024921178817749023,0.014464974403381348,-0.026638150215148926,0.01648843288421631,0.03766036033630371
2026-04-08,-0.032341957092285156,-0.013457298278808594,-0.005110621452331543,0.018120408058166504,-0.0097503662109375,0.0016448497772216797,-0.0022836923599243164,-0.007638335227966309,-0.014931440353393555,-0.006350159645080566
2026-04-09,0.004329323768615723,-0.0026694536209106445,0.010852158069610596,0.010833501815795898,-0.01467585563659668,-0.00522923469543457,0.01808750629425049,-0.011644244194030762,0.007027626037597656,-0.0027037858963012695
2026-04-10,0.03209739923477173,0.00935220718383789,0.029384732246398926,-0.014938712120056152,0.02456718683242798,-0.004988193511962891,-0.00804227590560913,0.024990320205688477,-0.014641523361206055,0.009907841682434082
2026-04-13,-0.00571751594543457,0.015021979808807373,0.012093842029571533,-0.008237719535827637,0.004555761814117432,0.012266874313354492,-0.009157776832580566,0.0204809308052063,-0.003332793712615967,-0.009322524070739746
2026-04-15,-0.04174447059631348,-0.015321135520935059,-0.02232348918914795,0.03629159927368164,-0.04024004936218262,-0.05276381969451904,0.02066051959991455,-0.033284664154052734,0.03371882438659668,0.033403992652893066
2026-04-16,-0.02377796173095703,0.0007579922676086426,-0.010644197463989258,0.021885156631469727,-0.013489365577697754,-0.030958056449890137,0.002186417579650879,-0.008610963821411133,0.004852414131164551,0.0024313926696777344
2026-04-17,-0.0027414560317993164,0.005447447299957275,0.0003871917724609375,0.004989504814147949,-0.008354425430297852,-0.02784574031829834,-0.009817302227020264,-0.0017851591110229492,0.013682126998901367,-0.028250694274902344
2026-04-20,0.021795332431793213,0.009706735610961914,0.004648268222808838,-0.007951915264129639,0.018357574939727783,-0.011261224746704102,-0.022271156311035156,0.0007359981536865234,-0.004631459712982178,-0.009005546569824219
2026-04-21,-0.0036488771438598633,-0.00903165340423584,-0.00046694278717041016,0.008927464485168457,-0.0008274316787719727,0.018771886825561523,0.0008825063705444336,-0.011978507041931152,-0.0023929476737976074,0.012495040893554688
2026-04-22,0.044090330600738525,-0.108173668384552,-0.03399723768234253,-0.03228318691253662,0.036378681659698486,-0.024643301963806152,-0.04814350605010986,0.02758091688156128,-0.025453150272369385,-0.004926562309265137
2026-04-23,0.012299776077270508,-0.005990862846374512,-0.02206641435623169,-0.015811264514923096,0.023166000843048096,-0.08183538913726807,-0.0015965104103088379,0.006578683853149414,-0.02810060977935791,-0.006078481674194336
2026-04-24,0.05710303783416748,-0.058234214782714844,-0.06934040784835815,-0.054992854595184326,0.04444444179534912,-0.017960548400878906,-0.06276166439056396,-0.04952818155288696,-0.04431939125061035,-0.016768574714660645
2026-04-27,-0.04474759101867676,0.02077794075012207,0.013627171516418457,0.014875173568725586,-0.04095041751861572,-0.04591953754425049,0.014787435531616211,0.021152377128601074,0.027677536010742188,0.02854132652282715
2026-04-28,0.0012475252151489258,-0.026217162609100342,-0.015539109706878662,0.007961392402648926,-0.0023843050003051758,-0.022418856620788574,-0.0029060840606689453,-0.0011848807334899902,0.00859534740447998,-0.016922712326049805
2026-04-29,-0.002581357955932617,0.003511667251586914,0.013390183448791504,-0.013126075267791748,0.008633255958557129,-0.012307167053222656,0.0004787445068359375,0.012271404266357422,0.03671622276306152,-0.00446474552154541
2026-04-30,0.00672757625579834,-0.0009164810180664062,0.012250661849975586,-0.012375354766845703,-0.011551976203918457,-0.0039817094802856445,-0.001206815242767334,-0.00032329559326171875,0.009384870529174805,-0.0001494884490966797
2026-05-04,0.03704327344894409,0.0011675357818603516,-0.011324405670166016,-0.015668869018554688,4.38690185546875e-05,-0.0003701448440551758,-0.0024791359901428223,-0.017219722270965576,-0.0012894868850708008,0.0004984140396118164
2026-05-05,-0.014935851097106934,-0.0002499222755432129,0.008219003677368164,0.022866129875183105,0.02934199571609497,0.002378702163696289,0.005889534950256348,-0.001645207405090332,-0.01318293809890747,-0.004831910133361816
2026-05-06,-0.0954824686050415,-0.009248435497283936,-0.009192585945129395,0.004001140594482422,-0.0039370059967041016,0.001271665096282959,0.04104816913604736,0.0033370256423950195,0.009984850883483887,-0.0033036470413208008
2026-05-07,-0.0038269758224487305,-0.004793524742126465,-0.0038512349128723145,-0.015291929244995117,0.011449158191680908,-0.007851839065551758,-0.005983233451843262,-0.013960719108581543,-0.012613356113433838,-0.008838891983032227
2026-05-08,-0.06442070007324219,0.012675285339355469,0.01414632797241211,0.023482322692871094,-0.009621024131774902,0.016107797622680664,0.026003241539001465,-0.0029149651527404785,0.010219573974609375,0.0027867555618286133
2026-05-11,-0.005189657211303711,-0.0029205679893493652,-0.0018194317817687988,0.0005518198013305664,0.005871176719665527,0.011342346668243408,-0.003031134605407715,-0.0006264448165893555,-0.0038277506828308105,-0.0062149763107299805
2026-05-12,0.0398486852645874,-0.04109126329421997,-0.031247317790985107,-0.04788392782211304,0.024850070476531982,0.024784862995147705,-0.043349504470825195,-0.038697779178619385,-0.04425686597824097,-0.03615003824234009
2026-05-13,0.017646193504333496,-0.002269268035888672,-0.015052378177642822,-0.01385200023651123,0.0006056427955627441,0.009100496768951416,-0.006581783294677734,-0.011954963207244873,-0.01285088062286377,-0.00933694839477539
2026-05-14,0.01734638214111328,-0.016794919967651367,-0.02501589059829712,-0.040671467781066895,0.01403123140335083,0.0026880502700805664,-0.044623374938964844,-0.011791646480560303,-0.02298182249069214,0.0026624202728271484
2026-05-15,-0.0058841705322265625,0.007651209831237793,0.021925687789916992,0.012295246124267578,0.015082120895385742,-0.012409448623657227,0.01583564281463623,0.008014202117919922,0.020172715187072754,0.009028077125549316
2026-05-18,-0.051478028297424316,0.012360930442810059,0.020998835563659668,0.026761412620544434,-0.03134608268737793,-0.04364943504333496,0.05146634578704834,0.008480548858642578,0.04341483116149902,0.0114210844039917
2026-05-19,-0.04740011692047119,0.028606414794921875,-0.04757213592529297,0.044225096702575684,-0.03351175785064697,-0.025243163108825684,0.02471625804901123,0.01922750473022461,0.025943994522094727,0.01561117172241211
2026-05-20,0.006869673728942871,-0.008139729499816895,0.002646148204803467,-0.02627617120742798,-0.003377676010131836,-0.005961060523986816,0.0035134553909301758,0.00012886524200439453,-0.0191534161567688,0.009991288185119629
2026-05-21,0.01804184913635254,-0.0013678669929504395,0.010441720485687256,-0.0032101869583129883,0.00017946958541870117,-0.002782464027404785,-0.012804627418518066,-8.589029312133789e-05,-0.013203620910644531,0.013291478157043457
2026-05-22,-0.007334709167480469,-0.0035952329635620117,0.00570833683013916,-0.02951788902282715,0.002334415912628174,0.02111917734146118,-0.00970315933227539,-0.004253983497619629,0.0015492439270019531,0.016871929168701172
2026-05-25,-0.00785815715789795,0.001460433006286621,0.005045175552368164,-0.004042088985443115,-0.009719252586364746,-0.01868760585784912,0.013620972633361816,-0.003927052021026611,0.009351730346679688,0.018364429473876953
2026-05-26,-0.01773965358734131,-0.0032597780227661133,0.000699460506439209,-0.005311191082000732,-0.009492039680480957,-0.0184478759765625,0.013457655906677246,-0.013863623142242432,0.016161561012268066,-0.015035808086395264
2026-05-27,0.0241776704788208,0.0028401613235473633,0.006736636161804199,0.004583954811096191,0.01430279016494751,-0.04224848747253418,-0.001449286937713623,0.0035146474838256836,-0.0021251440048217773,-0.010553181171417236
2026-05-29,-0.024056434631347656,0.015962958335876465,-0.0008808374404907227,0.018302202224731445,-0.0172421932220459,0.03257441520690918,0.018809795379638672,-0.011076092720031738,0.019442200660705566,0.013245344161987305
