date,DBCORP,HATHWAY,NAZARA,NETWORK18,PVRINOX,PFOCUS,SAREGAMA,SUNTV,TIPSMUSIC,ZEEL
2021-03-30,0.02325582504272461,-0.019493162631988525,0.0,0.034482717514038086,0.022217631340026855,0.03462493419647217,-0.03465008735656738,-0.021581172943115234,0.02834010124206543,0.005004167556762695
2021-03-31,-0.027597427368164062,0.02186882495880127,-0.0,-0.0,-0.0166018009185791,0.02220320701599121,-0.001339554786682129,-0.013796091079711914,0.011458337306976318,0.011177659034729004
2021-04-01,0.01836395263671875,-0.013618707656860352,0.0,-0.04395604133605957,0.009705185890197754,-0.06288206577301025,-0.0739130973815918,-0.017116785049438477,-0.0453108549118042,0.02979600429534912
2021-04-05,-0.016939938068389893,-0.05128210783004761,-0.0,0.03157895803451538,-0.048382580280303955,0.018077194690704346,0.007474303245544434,0.01923280954360962,-0.03729844093322754,-0.03395944833755493
2021-04-06,-0.052251338958740234,-0.004157960414886475,-0.0,0.0040760040283203125,-0.04231208562850952,-0.17907941341400146,-0.046124815940856934,-0.018331050872802734,0.0048590898513793945,-0.011111736297607422
2021-04-07,-0.0036978721618652344,0.01043844223022461,0.0,-0.02046382427215576,0.011300206184387207,0.028388917446136475,-0.009298205375671387,0.0016744732856750488,0.017578125,0.0025026798248291016
2021-04-08,0.014210522174835205,-0.016528964042663574,-0.0,0.00802147388458252,0.0013145208358764648,-0.0043828487396240234,0.021693885326385498,-0.007652759552001953,-0.000993967056274414,0.0077440738677978516
2021-04-09,0.01922053098678589,0.01050424575805664,-0.0,0.0040430426597595215,0.005382657051086426,0.0036363601684570312,0.010328114032745361,-0.026737451553344727,-0.011916637420654297,0.02027297019958496
2021-04-12,-0.06586819887161255,-0.07484406232833862,-0.0,0.05412721633911133,-0.05340820550918579,0.06934309005737305,0.02670341730117798,-0.08015000820159912,-0.0500490665435791,-0.12105441093444824
2021-04-13,0.008741259574890137,0.022471904754638672,0.0,-0.021459221839904785,-0.0013794898986816406,-0.0015685558319091797,-0.0003154277801513672,0.02467501163482666,-0.014462828636169434,0.03833568096160889
2021-04-15,0.006932377815246582,-0.010989010334014893,-0.0,0.01680678129196167,-0.0221024751663208,0.005481600761413574,0.0015763044357299805,-0.0017200708389282227,0.02725362777709961,0.006135344505310059
2021-04-16,-0.009753286838531494,0.026666641235351562,0.0,-0.044159650802612305,-0.009605824947357178,-0.08503937721252441,-0.049257874488830566,0.02530694007873535,0.03367352485656738,0.02509307861328125
2021-04-19,-0.043453097343444824,-0.034632086753845215,-0.0,-0.01637101173400879,-0.03993725776672363,0.029027581214904785,0.013241052627563477,-0.03739100694656372,-0.0088844895362854,-0.01853024959564209
2021-04-20,-0.02907329797744751,-0.022421538829803467,0.0,-0.03624153137207031,-0.06675577163696289,-0.03512704372406006,-0.017688393592834473,0.01833057403564453,0.005976080894470215,0.037009239196777344
2021-04-22,-0.03306305408477783,0.0,0.0,-0.11528503894805908,-0.012627005577087402,-0.06787002086639404,-0.0215761661529541,-0.02335798740386963,-0.015841543674468994,-0.025809407234191895
2021-04-23,-0.013548433780670166,-0.006880700588226318,0.0,0.05923342704772949,-0.050061821937561035,0.04665309190750122,0.037254273891448975,-0.0012067556381225586,0.006036162376403809,-0.02235203981399536
2021-04-26,-0.0026160478591918945,0.018475770950317383,0.0,0.027160465717315674,-0.010521769523620605,-0.009219884872436523,-0.005484461784362793,0.025043964385986328,0.019999980926513672,-0.008526086807250977
2021-04-27,-0.0642622709274292,0.009070277214050293,-0.0,-0.02664971351623535,-0.02739131450653076,0.02178502082824707,-0.018181800842285156,0.0472567081451416,0.04411768913269043,0.009366273880004883
2021-04-28,-0.019716501235961914,-0.07640457153320312,0.0,-0.018541455268859863,-0.015811681747436523,0.002873539924621582,-0.03214287757873535,0.030799150466918945,0.014084458351135254,0.005046725273132324
2021-04-29,0.006042301654815674,0.022964537143707275,-0.0,0.020631134510040283,0.015689730644226074,0.024495720863342285,0.001153409481048584,0.03126859664916992,0.012037038803100586,-0.013444244861602783
2021-04-30,0.012158036231994629,-0.002136826515197754,-0.0,0.02106565237045288,0.04411822557449341,0.031019210815429688,0.0054849982261657715,0.04601013660430908,0.023787736892700195,-0.005144476890563965
2021-05-03,-0.030153751373291016,-0.010661005973815918,0.0,-0.006329059600830078,-0.0007039308547973633,-0.012195110321044922,-0.02119004726409912,-0.07030457258224487,0.038427114486694336,-0.009957075119018555
2021-05-04,0.011350035667419434,0.02109706401824951,-0.0,0.04528301954269409,0.021983802318572998,0.021084368228912354,0.010801553726196289,-0.029892146587371826,0.04216873645782471,-0.008945941925048828
2021-05-05,0.01873117685317993,0.008620738983154297,-0.0,-0.025032997131347656,0.0011687874794006348,-0.015384674072265625,-0.0341954231262207,0.021630406379699707,0.01899254322052002,0.004653573036193848
2021-05-06,-0.016625642776489258,-0.0,-0.0,-0.043701767921447754,-0.024439692497253418,-0.006818175315856934,-0.004723548889160156,-0.02057325839996338,0.04700160026550293,-0.003850698471069336
2021-05-07,-0.004239797592163086,-0.013043403625488281,-0.0,0.01231527328491211,-0.01506960391998291,0.017306149005889893,-0.01603984832763672,0.009279012680053711,0.05030965805053711,0.021960735321044922
2021-05-10,-0.008443832397460938,0.0042917728424072266,-0.0,-0.02244389057159424,0.001731276512145996,0.013016939163208008,-0.011431694030761719,0.020913362503051758,0.04053056240081787,0.01474618911743164
2021-05-11,-0.019736886024475098,-0.006465554237365723,0.0,0.003658592700958252,-0.00897514820098877,-0.0294802188873291,-0.0034983158111572266,0.026422500610351562,0.049575090408325195,-0.011344611644744873
2021-05-12,0.006451666355133057,0.0064239501953125,0.0,0.022031784057617188,-0.016114473342895508,0.020346641540527344,-0.04263877868652344,0.015426158905029297,0.04993259906768799,0.03289437294006348
2021-05-14,0.003541886806488037,0.02370697259902954,-0.0,0.01376718282699585,0.01691615581512451,0.023076951503753662,0.04033613204956055,-0.009684741497039795,0.036632418632507324,-0.007247507572174072
2021-05-17,-0.02665877342224121,-0.017660021781921387,-0.0,0.016497492790222168,0.004516899585723877,0.014960646629333496,-0.099892258644104,0.006136178970336914,0.04959702491760254,-0.017744839191436768
2021-05-18,-0.0392383337020874,-0.0,0.0,-0.018064498901367188,-0.032323479652404785,0.017585933208465576,-0.09424722194671631,-0.002572953701019287,0.050206780433654785,0.011989355087280273
2021-05-19,-0.012215375900268555,-0.0065076351165771484,-0.0,-0.05069708824157715,-0.005860447883605957,0.0008136630058288574,0.020357966423034668,0.017865777015686035,0.05005621910095215,0.011525750160217285
2021-05-20,0.0027427077293395996,-0.04310345649719238,-0.0,-0.007237672805786133,-0.0028716325759887695,-0.003257274627685547,-0.03471112251281738,-0.016331911087036133,0.04981255531311035,-0.005458652973175049
2021-05-21,0.0038503408432006836,-0.03719007968902588,-0.0,0.02754497528076172,-0.0350651741027832,0.012987017631530762,-0.01655268669128418,0.0013358592987060547,0.0,-0.004689335823059082
2021-05-24,-0.0353395938873291,-0.045816659927368164,-0.0,0.017241299152374268,0.0020847320556640625,-0.046875,0.0032566189765930176,-0.009433984756469727,0.05000007152557373,-0.03854799270629883
2021-05-25,-0.04960000514984131,0.013333320617675781,0.0,0.008772015571594238,-0.034349799156188965,-0.019638657569885254,-0.012851238250732422,-0.003367006778717041,-0.031584084033966064,-0.017682313919067383
2021-05-26,0.006097555160522461,0.0038610100746154785,-0.07035422325134277,-0.020227551460266113,0.01681816577911377,0.017719566822052002,0.014623641967773438,0.04092669486999512,-0.050175607204437256,-0.021832704544067383
2021-05-27,-0.0,-0.015503883361816406,-0.0009065866470336914,-0.01363074779510498,-0.017895936965942383,-0.0007842779159545898,-0.0032737255096435547,0.005100131034851074,-0.049656689167022705,-0.018441438674926758
2021-05-28,0.02914118766784668,0.01908397674560547,0.024456560611724854,0.0012225508689880371,-0.009974360466003418,0.026645779609680176,-0.018707752227783203,0.007472991943359375,0.05002784729003906,-0.009540438652038574
2021-05-31,-0.013164877891540527,0.0019455552101135254,0.01021355390548706,0.006119966506958008,-0.006878495216369629,-0.0008052587509155273,-0.03566098213195801,-0.007966995239257812,-0.016410768032073975,0.011330723762512207
2021-06-01,0.025467753410339355,0.037037014961242676,0.006097555160522461,0.0036945343017578125,0.0020990967750549316,0.016090095043182373,-0.012783527374267578,-0.02953934669494629,-0.03498387336730957,-0.018385767936706543
2021-06-02,-0.006399989128112793,-0.042510032653808594,-0.01179802417755127,-0.0024721622467041016,-0.010326266288757324,-0.01880621910095215,0.014658033847808838,-0.002758502960205078,-0.05019521713256836,0.0018677115440368652
2021-06-03,0.003709554672241211,0.0019417405128479004,0.009328365325927734,-0.003699183464050293,-0.025173187255859375,0.004815399646759033,0.030785083770751953,0.003433823585510254,0.004697561264038086,-0.03195321559906006
2021-06-04,-0.014893651008605957,-0.007782101631164551,0.011299431324005127,-0.06879603862762451,-0.02337348461151123,-0.04032254219055176,0.03048396110534668,-0.008079826831817627,-0.020455896854400635,0.005950987339019775
2021-06-07,-0.02410900592803955,-0.036679625511169434,0.012857139110565186,-0.0471264123916626,-0.03268992900848389,0.030232548713684082,-0.009234905242919922,0.0033540725708007812,0.05011928081512451,0.003180384635925293
2021-06-08,-0.1995905637741089,0.027932941913604736,-0.0,-0.016465425491333008,-0.003913164138793945,0.005595505237579346,-0.021350741386413574,0.009742021560668945,0.05000007152557373,-0.011682987213134766
2021-06-09,0.07892489433288574,0.022988498210906982,-0.017848491668701172,0.03671705722808838,0.0028191208839416504,0.000803828239440918,0.00021326541900634766,-0.01891791820526123,0.00865793228149414,0.016324937343597412
2021-06-10,-0.0685502290725708,-0.10980391502380371,-0.01895737648010254,-0.19955158233642578,-0.0057239532470703125,0.004022538661956787,-0.0032002925872802734,0.024778366088867188,-0.012338995933532715,-0.02560114860534668
2021-06-11,0.029908955097198486,0.0335688591003418,-0.003720998764038086,0.020560741424560547,0.001041114330291748,-0.03877222537994385,0.004253506660461426,-0.0007526874542236328,-0.021727323532104492,0.0071713924407958984
2021-06-14,-0.020107269287109375,-0.0036562681198120117,0.020389318466186523,-0.05820608139038086,0.0013548731803894043,0.015552163124084473,-0.015591621398925781,-0.030788004398345947,0.03609108924865723,0.010464370250701904
2021-06-15,-0.01576864719390869,-0.010928988456726074,0.0070955753326416016,0.008115410804748535,-0.012070775032043457,0.016587674617767334,-0.041640400886535645,0.01301729679107666,0.049839138984680176,-0.05591690540313721
2021-06-16,0.022854626178741455,0.0162162184715271,0.010004699230194092,0.020909130573272705,0.009658277034759521,-0.002409696578979492,-0.02685248851776123,0.015822768211364746,0.0500255823135376,0.012363791465759277
2021-06-17,0.0008826851844787598,0.01648348569869995,-0.0,0.024141132831573486,0.013049721717834473,0.0152243971824646,0.0033425092697143555,0.005003213882446289,0.05007290840148926,0.01669132709503174
2021-06-18,0.0481448769569397,0.03351956605911255,-0.08710300922393799,0.012369155883789062,0.002742946147918701,0.019528090953826904,0.007496535778045654,0.03240656852722168,0.05000007152557373,0.008031010627746582
2021-06-21,0.0143851637840271,-0.026974916458129883,0.013178706169128418,-0.027938246726989746,-0.02725762128829956,0.004149377346038818,-0.0,0.0027295351028442383,0.049823641777038574,0.0011500120162963867
2021-06-22,-0.011299490928649902,-0.007504701614379883,-0.017689883708953857,0.0028115510940551758,0.020771384239196777,0.011666655540466309,-0.012919902801513672,-0.0010887980461120605,0.04955899715423584,0.01598048210144043
2021-06-23,-0.01350092887878418,0.011173248291015625,-0.003707587718963623,0.0037593841552734375,0.006392240524291992,0.0008431673049926758,-0.0007848739624023438,-0.021800339221954346,0.015206098556518555,0.007815778255462646
2021-06-24,0.013780415058135986,0.007532894611358643,0.006911158561706543,0.030188679695129395,-0.020960509777069092,-0.005907177925109863,-0.006274580955505371,-0.006314456462860107,-0.05005913972854614,0.007830202579498291
2021-06-25,-0.007452249526977539,0.005692601203918457,0.004223823547363281,0.03599226474761963,-0.00014412403106689453,-0.006711483001708984,-0.028448939323425293,0.014671564102172852,0.03153526782989502,-0.016734838485717773
2021-06-28,0.019879817962646484,-0.0,0.02418506145477295,0.0191725492477417,-0.00915616750717163,0.0008333325386047363,-0.050019025802612305,-0.008381009101867676,0.04987931251525879,-0.0036939382553100586
2021-06-29,0.03349059820175171,-0.0,-0.011807024478912354,-0.03806591033935547,-0.01491612195968628,-0.019182562828063965,-0.0443882942199707,-0.003622114658355713,0.050191640853881836,0.014162540435791016
2021-06-30,0.01561737060546875,0.011450409889221191,-0.016103923320770264,0.007928669452667236,-0.014181733131408691,0.009001612663269043,-0.014167308807373047,-0.012397527694702148,0.048157572746276855,0.006001651287078857
2021-07-01,-0.02379775047302246,0.013513505458831787,0.008447766304016113,-0.015984058380126953,-0.003409147262573242,0.00495457649230957,-0.002555370330810547,-0.008683323860168457,0.0156630277633667,-0.002329587936401367
2021-07-02,0.019854724407196045,-0.001956939697265625,-0.08691108226776123,0.003933072090148926,0.018344521522521973,0.0273858904838562,0.0005097389221191406,0.006188750267028809,-0.037354350090026855,-0.008585095405578613
2021-07-05,-0.10276687145233154,-0.013671875,-0.04431593418121338,-0.013820290565490723,0.0031377077102661133,0.03754258155822754,-0.040122389793395996,-0.004636645317077637,0.017799973487854004,-0.008041739463806152
2021-07-06,0.01836913824081421,-0.013487458229064941,-0.0018450021743774414,0.0272638201713562,-0.04294383525848389,0.00886523723602295,-0.05001640319824219,0.002566695213317871,-0.032528817653656006,-0.002752542495727539
2021-07-07,0.01734369993209839,-0.05513310432434082,0.0239410400390625,-0.05205202102661133,0.015842199325561523,-0.008944511413574219,-0.015566587448120117,-0.007301270961761475,0.00506138801574707,-0.000883936882019043
2021-07-08,0.011611700057983398,0.009009003639221191,-0.055660367012023926,0.0038059353828430176,0.024809062480926514,-0.02127659320831299,-0.023145318031311035,-0.0026746392250061035,-0.009352564811706543,0.01589733362197876
2021-07-09,-0.013627767562866211,-0.018181800842285156,-0.0031278133392333984,-0.0019102096557617188,-0.012940645217895508,0.016493022441864014,-0.003595590591430664,-0.0002872347831726074,-0.018155395984649658,-0.0020782947540283203
2021-07-12,-0.07139551639556885,0.017857134342193604,-0.018262863159179688,-0.006672978401184082,0.006242513656616211,0.009708762168884277,-0.029407382011413574,0.003927946090698242,-0.013313651084899902,0.005797743797302246
2021-07-13,-0.013846755027770996,-0.014545440673828125,0.012248456478118896,0.029356062412261963,0.003725290298461914,0.000891268253326416,-0.049984633922576904,-0.005153179168701172,-0.044977426528930664,0.0036980509757995605
2021-07-14,0.02816903591156006,0.012544810771942139,-0.011514544486999512,-0.0009756088256835938,-0.0197221040725708,-0.008028507232666016,0.04225349426269531,0.013525128364562988,0.01883828639984131,0.0013800263404846191
2021-07-15,0.02151954174041748,0.018148839473724365,-0.021891474723815918,-0.013645291328430176,0.01617717742919922,-0.02389383316040039,-0.011960268020629883,0.005867958068847656,0.012326598167419434,0.0205385684967041
2021-07-16,-0.00314176082611084,0.009242117404937744,-0.029563069343566895,0.010576903820037842,-0.00032889842987060547,-0.03975808620452881,-0.02059417963027954,0.004516243934631348,-0.03158289194107056,0.004330039024353027
2021-07-19,-0.024161100387573242,0.0018656253814697266,0.0008322596549987793,-0.0,0.015268862247467041,-0.019118785858154297,-0.007704615592956543,0.00946044921875,-0.01807469129562378,0.011678457260131836
2021-07-20,0.04718214273452759,0.018691599369049072,0.03540194034576416,0.027210891246795654,0.035499632358551025,-0.04812401533126831,-0.013426065444946289,-0.016609370708465576,-0.048819541931152344,-0.02472066879272461
2021-07-22,0.03943145275115967,0.01904761791229248,-0.0017271041870117188,-0.01998007297515869,-0.03411400318145752,0.012853503227233887,0.034103989601135254,0.00868082046508789,0.035338759422302246,0.017134785652160645
2021-07-23,0.04295945167541504,-0.0058252811431884766,-0.022844791412353516,0.0195886492729187,0.01956266164779663,0.042301177978515625,-0.028064072132110596,-0.0042095184326171875,-0.004469752311706543,0.0053827762603759766
2021-07-26,0.06084787845611572,0.0019304752349853516,0.027391493320465088,0.006992995738983154,-0.008990168571472168,0.019480586051940918,0.0145188570022583,-0.028464078903198242,-0.03836733102798462,-0.0009914636611938477
2021-07-27,-0.030270814895629883,0.0019342899322509766,0.013431549072265625,-0.008048295974731445,-0.021993279457092285,-0.027866244316101074,0.010290980339050293,0.01635003089904785,0.021222352981567383,-0.025258123874664307
2021-07-28,0.015979409217834473,0.01744180917739868,-0.005270123481750488,-0.002994060516357422,0.01714235544204712,-0.029484033584594727,0.006366372108459473,0.0014857053756713867,0.04987525939941406,0.0
2021-07-29,0.020429491996765137,-0.01577901840209961,-0.0021843910217285156,-0.003980159759521484,-0.019013404846191406,0.030379772186279297,0.011070728302001953,-0.01394963264465332,0.0498812198638916,-0.007229030132293701
2021-07-30,0.009090900421142578,-0.011650443077087402,-0.010897994041442871,0.008919715881347656,-0.028575539588928223,0.0,0.01673710346221924,-0.06319355964660645,0.0030165910720825195,0.018306732177734375
2021-08-02,-0.009174346923828125,-0.03646838665008545,-0.015092730522155762,-0.0009999275207519531,-0.01260530948638916,0.005733013153076172,0.0006154775619506836,0.011473357677459717,0.014285683631896973,-0.001460433006286621
2021-08-03,0.001604318618774414,-0.007407426834106445,-0.0059473514556884766,-0.012987017631530762,0.03628730773925781,-0.005700349807739258,0.00584256649017334,0.007592320442199707,-0.032987356185913086,0.009128093719482422
2021-08-04,0.007498621940612793,0.036764681339263916,0.0012668967247009277,0.03057199716567993,-0.005452275276184082,-0.027027010917663574,-0.012687206268310547,0.015388667583465576,-0.049827516078948975,-0.012243926525115967
2021-08-05,0.02320563793182373,0.022900760173797607,0.033403754234313965,0.020345866680145264,0.022600650787353516,-0.021885573863983154,0.013469457626342773,0.016790151596069336,-0.03832191228866577,-0.0009612441062927246
2021-08-06,-0.011602282524108887,-0.005859375,0.02143484354019165,0.0031152963638305664,0.004803478717803955,-0.0447503924369812,-0.0013748407363891602,0.015078544616699219,-0.0314597487449646,-0.02506840229034424
2021-08-09,-0.02839970588684082,-0.02135920524597168,0.03352701663970947,-0.07499992847442627,-0.04987466335296631,0.027027010917663574,0.02111053466796875,0.003688991069793701,0.033780813217163086,-0.026959598064422607
2021-08-10,0.037705838680267334,0.03231930732727051,0.038390398025512695,0.031007707118988037,-0.010869622230529785,-0.056140363216400146,-0.023220956325531006,0.03082484006881714,-0.0377042293548584,-0.04105275869369507
2021-08-11,-0.014348864555358887,0.03143423795700073,0.012024998664855957,-0.006999969482421875,0.019531071186065674,-0.046468377113342285,-0.0007668733596801758,-0.0034383535385131836,-0.019155383110046387,-0.01035463809967041
2021-08-12,-0.01251363754272461,-0.028397560119628906,-0.012658238410949707,-0.00496518611907959,-0.013196229934692383,0.0545809268951416,0.0029163360595703125,-0.0039025545120239258,0.047936081886291504,0.018732070922851562
2021-08-13,0.01880711317062378,0.011834383010864258,-0.009615421295166016,0.011857688426971436,-0.002377748489379883,0.015711665153503418,-0.0036731362342834473,0.0037925243377685547,-0.01397716999053955,-0.00894540548324585
2021-08-16,0.020262956619262695,0.01796400547027588,0.010476171970367432,0.029999971389770508,0.0075057148933410645,-0.05550497770309448,-0.029646694660186768,0.022270798683166504,0.003865957260131836,-0.01170039176940918
2021-08-17,0.01621013879776001,0.016260147094726562,-0.0014437437057495117,-0.011340141296386719,0.005814611911773682,-0.026974976062774658,0.003957629203796387,0.008468866348266602,-0.023534417152404785,-0.012966513633728027
2021-08-18,0.013068199157714844,0.026859581470489502,0.008169233798980713,-0.03465855121612549,0.003659844398498535,-0.00396043062210083,-0.01734471321105957,0.01070094108581543,-0.014461040496826172,-0.011480450630187988
2021-08-20,-0.0005757808685302734,0.03397023677825928,0.0029069185256958008,0.036453187465667725,0.045340001583099365,-0.09940361976623535,-0.04926186800003052,0.04157984256744385,-0.03779458999633789,-0.03536146879196167
2021-08-23,0.03222095966339111,0.026373624801635742,0.044217705726623535,0.02965235710144043,0.011392354965209961,-0.0994575023651123,-0.026835501194000244,0.017291367053985596,-0.04990750551223755,-0.0029349327087402344
2021-08-24,-0.02080857753753662,-0.03837478160858154,-0.012709736824035645,-0.006322383880615234,-0.01053154468536377,-0.09950661659240723,-0.048734068870544434,-0.04794013500213623,0.05009722709655762,0.012315154075622559
2021-08-25,0.004659295082092285,-0.010869622230529785,0.005020081996917725,0.005235612392425537,0.0036249756813049316,-0.03141355514526367,-0.007606983184814453,0.026844918727874756,0.008800387382507324,-0.011037945747375488
2021-08-26,0.029256880283355713,0.0021504759788513184,-0.06458127498626709,-0.023157835006713867,0.01459050178527832,-0.03263235092163086,0.007549583911895752,0.017357230186462402,0.008723616600036621,-0.012301146984100342
2021-08-27,0.004822134971618652,0.008620738983154297,-0.014691948890686035,-0.008230447769165039,-0.01865243911743164,0.04213482141494751,-0.004299640655517578,-0.014930129051208496,0.001820683479309082,0.016038894653320312
2021-08-30,-0.0030285120010375977,-0.019565224647521973,-0.06118631362915039,0.007142841815948486,-0.007890701293945312,0.04178881645202637,-0.017948389053344727,-0.005076169967651367,0.039981722831726074,0.013752579689025879
2021-08-31,-0.049516916275024414,0.012793242931365967,-0.010563373565673828,-0.0030832290649414062,0.005131900310516357,-0.049732208251953125,0.009543895721435547,0.005256712436676025,0.024901747703552246,-0.008375585079193115
2021-09-01,-0.02128887176513672,0.004319667816162109,0.023083627223968506,0.005122959613800049,-0.006099700927734375,0.045918405055999756,-0.004082918167114258,-0.008496522903442383,0.023870348930358887,0.01284801959991455
2021-09-02,-0.014084458351135254,-0.008676767349243164,-0.02452075481414795,-0.01544797420501709,0.00044918060302734375,-0.04965627193450928,0.014638900756835938,-0.0014383792877197266,0.01582014560699463,-0.0069296956062316895
2021-09-03,-0.01277780532836914,-0.021505355834960938,0.012184500694274902,-0.05172407627105713,-0.0026208162307739258,-0.04949057102203369,-0.026741504669189453,-0.006668686866760254,-0.005327880382537842,0.021703124046325684
2021-09-06,0.002194225788116455,-0.008421063423156738,-0.022026419639587402,-0.004821658134460449,-0.02841782569885254,-0.049930572509765625,-0.037459731101989746,-0.0007134675979614258,-0.03378653526306152,0.017595648765563965
2021-09-07,0.003848254680633545,0.012526154518127441,0.016810297966003418,0.020153522491455078,0.01194620132446289,-0.04953765869140625,-0.03719198703765869,0.013036012649536133,-0.006396591663360596,-0.009214460849761963
2021-09-08,0.01600438356399536,-0.012685060501098633,0.005260884761810303,0.004897177219390869,0.005328714847564697,-0.049716830253601074,-0.05005228519439697,0.003611624240875244,0.030901312828063965,-0.0025259852409362793
2021-09-09,-0.011216998100280762,0.012526154518127441,0.017188191413879395,0.009842514991760254,-0.021207332611083984,-0.04976022243499756,-0.04994308948516846,-0.017916321754455566,0.04995834827423096,0.031597137451171875
2021-09-13,0.01663893461227417,0.008456587791442871,-0.07982063293457031,-0.009940385818481445,-0.00886392593383789,-0.04968583583831787,-0.049329161643981934,0.005697488784790039,0.048374295234680176,0.021033167839050293
2021-09-14,-0.06034970283508301,-0.07036244869232178,-0.05647838115692139,-0.06692922115325928,-0.009395718574523926,0.04951035976409912,0.003874480724334717,-0.048091769218444824,0.015885114669799805,-0.3997596502304077
2021-09-15,0.012234032154083252,0.00796818733215332,-0.0707547664642334,0.03505539894104004,-0.0029488801956176758,0.01774466037750244,-0.019318103790283203,0.007517397403717041,-0.04542076587677002,0.021587252616882324
2021-09-16,-0.00592350959777832,0.016064226627349854,0.007342159748077393,0.005736112594604492,0.002833843231201172,-0.04020977020263672,0.03866702318191528,0.011115491390228271,-0.011310458183288574,0.034192442893981934
2021-09-17,-0.07334041595458984,0.012244880199432373,0.039201200008392334,0.023076951503753662,0.011012434959411621,0.02689075469970703,0.05001324415206909,0.018899857997894287,-0.03905320167541504,-0.033585309982299805
2021-09-20,0.0059850215911865234,0.010330557823181152,-0.010777592658996582,0.011811017990112305,-0.022844910621643066,0.04951059818267822,0.042479097843170166,0.010240256786346436,-0.03899836540222168,-0.0
2021-09-21,0.01655799150466919,0.004175364971160889,-0.009139299392700195,-0.01593625545501709,-0.059488654136657715,0.03270751237869263,-0.009599924087524414,0.007887721061706543,0.04997861385345459,-0.0009592771530151367
2021-09-22,-0.004591822624206543,-0.0482180118560791,-0.01358497142791748,-0.0313725471496582,-0.039675116539001465,-0.03068256378173828,-0.0409163236618042,-0.045844078063964844,0.05004072189331055,-0.31720173358917236
2021-09-23,0.03047233819961548,0.015999972820281982,-0.005212187767028809,0.01140683889389038,-0.0006694793701171875,0.01944112777709961,0.0040138959884643555,-0.04373574256896973,-0.011236011981964111,0.055232226848602295
2021-09-24,0.011524319648742676,0.020325183868408203,0.008148193359375,0.00961536169052124,-0.03727537393569946,0.04399001598358154,0.018343448638916016,0.033390045166015625,-0.012539148330688477,-0.0021818876266479492
2021-09-27,-0.053524136543273926,0.00622403621673584,-0.056758880615234375,0.006796061992645264,-0.05787932872772217,0.04990273714065552,-0.009060025215148926,0.013015031814575195,-0.004761874675750732,-0.010533452033996582
2021-09-28,0.01106637716293335,-0.0,-0.02402818202972412,-0.0009775161743164062,-0.0006569623947143555,0.03547072410583496,0.02511221170425415,0.011302769184112549,0.0015949010848999023,0.040680527687072754
2021-09-29,0.016276776790618896,-0.004175305366516113,0.012077271938323975,-0.029296875,-0.008190512657165527,-0.049504995346069336,0.019859015941619873,-0.004211783409118652,-0.02229297161102295,-0.0024439096450805664
2021-09-30,-0.011892437934875488,0.0020789504051208496,-0.0006985664367675781,0.014231503009796143,0.00815504789352417,0.007412314414978027,0.009690165519714355,-0.009286999702453613,0.002850174903869629,0.021612346172332764
2021-10-01,0.01073068380355835,-0.04374992847442627,-0.015357732772827148,-0.04523575305938721,-0.00012505054473876953,-0.00814664363861084,-0.03573012351989746,-0.030869722366333008,-0.006902158260345459,0.02424490451812744
2021-10-04,-0.02221071720123291,-0.011976122856140137,-0.006531476974487305,-0.0745856761932373,-0.029383301734924316,-0.03164982795715332,-0.022902965545654297,-0.017947912216186523,0.014309048652648926,-0.01825582981109619
2021-10-05,-0.0348660945892334,-0.0453648567199707,-0.06284165382385254,-0.06426739692687988,-0.00795602798461914,0.021540462970733643,-0.0376434326171875,-0.0077315568923950195,-0.0020152926445007324,0.005998730659484863
2021-10-06,0.0283203125,0.039622604846954346,-0.05366313457489014,0.0362318754196167,0.011568725109100342,0.01000666618347168,-0.049089670181274414,-0.006268620491027832,0.02059769630432129,0.015854597091674805
2021-10-07,0.009547710418701172,-0.019646406173706055,-0.030802130699157715,-0.0417710542678833,-0.023621559143066406,0.02358490228652954,0.03856533765792847,-0.009855866432189941,-0.02928370237350464,0.006790518760681152
2021-10-08,0.0020294785499572754,-0.011560678482055664,-0.15473365783691406,0.0184442400932312,-0.009796380996704102,0.007591366767883301,-0.006551623344421387,0.007826149463653564,0.0020383596420288086,-0.006662487983703613
2021-10-11,-0.0020335912704467773,0.00952380895614624,-0.02562129497528076,0.002451002597808838,-0.0004717111587524414,-0.04937410354614258,-0.05007970333099365,0.006124675273895264,0.05004072189331055,-0.039363861083984375
2021-10-12,-0.000507354736328125,-0.021153807640075684,0.05021226406097412,-0.19983625411987305,-0.0083998441696167,-0.049701809883117676,-0.027324438095092773,-0.0006535053253173828,0.04998064041137695,0.0003001689910888672
2021-10-13,0.000507056713104248,0.013182640075683594,0.04997366666793823,0.05870312452316284,-0.0013152360916137695,-0.04987382888793945,-0.024750709533691406,-0.01231694221496582,0.049077391624450684,-0.035416603088378906
2021-10-14,0.0213090181350708,-0.02480912208557129,0.04152822494506836,-0.14213204383850098,-0.0004962682723999023,-0.04990983009338379,0.0228310227394104,-0.022121906280517578,-0.022863149642944336,-0.00898599624633789
2021-10-18,-0.0025919675827026367,0.013035416603088379,-0.01242053508758545,-0.0634920597076416,-0.0029175281524658203,-0.049828171730041504,0.0020905137062072754,0.007755398750305176,0.005399584770202637,0.02812272310256958
2021-10-19,0.020165443420410156,0.039622604846954346,-0.04992866516113281,0.054925382137298584,0.017308592796325684,0.049645423889160156,-0.0012322664260864258,0.00290834903717041,-0.019692063331604004,0.005320906639099121
2021-10-20,-0.0031663179397583008,0.01964634656906128,0.029347777366638184,-0.05874919891357422,0.009976089000701904,0.04994255304336548,0.005907654762268066,0.009935319423675537,0.04601895809173584,-0.03510105609893799
2021-10-21,-0.0915306806564331,0.0420842170715332,0.0375140905380249,0.017899751663208008,0.005681157112121582,-0.025981903076171875,-0.005447506904602051,-0.012520790100097656,0.009427428245544434,-0.003126382827758789
2021-10-22,0.029879510402679443,-0.0,0.002908647060394287,0.058930814266204834,0.021200478076934814,0.022379279136657715,-0.009481549263000488,-0.0010911226272583008,-0.03147703409194946,0.040642380714416504
2021-10-25,0.015399932861328125,0.027196645736694336,0.039089858531951904,0.012911558151245117,-0.06141519546508789,-0.00301206111907959,0.008904576301574707,-0.017075419425964355,-0.013214349746704102,0.011701524257659912
2021-10-26,-0.029767990112304688,-0.02365589141845703,-0.023983001708984375,-0.0660562515258789,-0.01806175708770752,0.015615642070770264,0.003938496112823486,-0.0148240327835083,0.038726091384887695,-0.043033480644226074
2021-10-27,-0.0039196014404296875,0.014705836772918701,-0.022235393524169922,0.03190183639526367,0.009041309356689453,-0.01281273365020752,0.01754605770111084,0.005895853042602539,0.0411149263381958,0.04469883441925049
2021-10-28,0.01561737060546875,0.012793242931365967,0.015661239624023438,0.03231942653656006,0.03893381357192993,0.042771100997924805,0.001760721206665039,-0.03514200448989868,0.017403006553649902,0.019793331623077393
2021-10-29,0.024293482303619385,0.05831533670425415,0.023276329040527344,-0.011132955551147461,-0.0016717910766601562,-0.01573312282562256,0.0405694842338562,0.02935779094696045,-0.0036184191703796387,-0.012260079383850098
2021-11-01,-0.011178851127624512,0.002293527126312256,0.04977375268936157,-0.06541454792022705,-0.031114935874938965,0.002478301525115967,-0.02153646945953369,-0.052049875259399414,0.0009905099868774414,-0.033891916275024414
2021-11-02,-0.02914571762084961,0.029885053634643555,0.050158679485321045,-0.05531919002532959,-0.003121614456176758,0.027950286865234375,-0.04923510551452637,0.004405319690704346,-0.05013197660446167,-0.008695602416992188
2021-11-03,0.0019531846046447754,0.06161141395568848,0.03709894418716431,0.012672901153564453,-0.0024492740631103516,0.011501610279083252,0.006371021270751953,-0.010210990905761719,-0.04999995231628418,0.022316157817840576
2021-11-04,0.016144752502441406,-0.05050504207611084,0.0013883709907531738,-0.02625441551208496,-0.013998270034790039,-0.02650296688079834,-0.011220693588256836,-0.023500680923461914,0.04751467704772949,-0.010747313499450684
2021-11-08,-0.011934280395507812,-0.009615421295166016,-0.0118178129196167,-0.06026160717010498,-0.022592663764953613,0.011335015296936035,-0.004023909568786621,-0.05077767372131348,-0.03489184379577637,-0.021463632583618164
2021-11-09,-0.012284994125366211,-0.002380967140197754,0.004122316837310791,0.03592491149902344,0.005959987640380859,0.01592355966567993,0.0018216967582702637,0.007629513740539551,0.040853142738342285,-0.024622082710266113
2021-11-10,0.004368901252746582,0.011876463890075684,0.0031045079231262207,-0.0033370256423950195,0.014055013656616211,-0.0038834810256958008,-0.007908463478088379,-0.014627456665039062,-0.008336186408996582,0.022331953048706055
2021-11-11,0.0078011155128479,0.02403843402862549,0.01660895347595215,0.032705068588256836,0.028991639614105225,-0.009026408195495605,-0.04985511302947998,-0.00925600528717041,0.018914222717285156,0.010423660278320312
2021-11-12,0.0029484033584594727,-0.019704461097717285,-0.01759326457977295,0.0177651047706604,-0.010166049003601074,-0.001277923583984375,0.034954607486724854,-0.008725583553314209,0.012719154357910156,0.00429147481918335
2021-11-15,0.01872837543487549,-0.01690816879272461,-0.008990287780761719,0.041423499584198,0.01623457670211792,0.049776673316955566,0.03943759202957153,-0.010669529438018799,-0.016293346881866455,-0.03950762748718262
2021-11-16,-0.03465592861175537,-0.007125973701477051,0.010966360569000244,0.010955572128295898,-0.0023741722106933594,0.022834062576293945,-0.011907696723937988,-0.016266703605651855,-0.01794332265853882,0.0012249350547790527
2021-11-17,0.03106790781021118,0.011792480945587158,0.0013859868049621582,-0.030153751373291016,-0.016258716583251953,-0.014433026313781738,-0.0110321044921875,0.012516021728515625,-0.021433591842651367,0.013711631298065186
2021-11-18,-0.005510926246643066,0.026253044605255127,0.012144327163696289,0.05017918348312378,0.024573445320129395,0.03726285696029663,0.01588261127471924,-0.027790367603302002,0.004308819770812988,0.020311176776885986
2021-11-22,0.04035872220993042,0.012254893779754639,0.02634352445602417,0.03647798299789429,0.05348235368728638,0.009148478507995605,0.036097049713134766,0.0032482147216796875,-0.045405805110931396,0.04703015089035034
2021-11-23,-0.01713395118713379,-0.03970229625701904,-0.0057718753814697266,-0.03524816036224365,0.0005609989166259766,0.011363685131072998,-0.03182506561279297,-0.008695662021636963,0.029213428497314453,-0.04501378536224365
2021-11-24,-0.0010210275650024414,-0.004773139953613281,-0.013629913330078125,0.0063051581382751465,0.02167266607284546,-0.049569010734558105,-0.02279210090637207,0.0013065338134765625,0.00036394596099853516,-0.07042944431304932
2021-11-25,0.004079580307006836,-0.023752927780151367,-0.0502476692199707,-0.04378163814544678,0.0048767924308776855,0.01026695966720581,-0.020104169845581055,0.0014910697937011719,0.004365324974060059,-0.01957070827484131
2021-11-26,0.015873074531555176,0.044083476066589355,0.02088940143585205,0.05592703819274902,-0.10890454053878784,0.02627938985824585,0.028255939483642578,-0.026056230068206787,-0.028250694274902344,-0.004701495170593262
2021-11-29,0.03173774480819702,0.03640776872634888,0.010667622089385986,0.07533800601959229,-0.010028719902038574,-0.019886374473571777,0.0014660954475402832,-0.0019109249114990234,-0.027208328247070312,0.03692889213562012
2021-11-30,0.02041912078857422,-0.0075566768646240234,0.02539128065109253,0.0027855634689331055,-0.003957808017730713,0.004178285598754883,0.021044909954071045,-0.002584695816040039,-0.0007663369178771973,0.0169905424118042
2021-12-01,-0.010422348976135254,-0.004999995231628418,-0.0064239501953125,0.011173129081726074,-0.013305604457855225,-0.012587428092956543,-0.00687408447265625,0.005950570106506348,0.02645719051361084,-0.039322495460510254
2021-12-02,-0.016286611557006836,-0.03233826160430908,-0.02588653564453125,-0.01977396011352539,0.03387892246246338,-0.04903304576873779,-0.00955808162689209,0.018318891525268555,-0.007844626903533936,-0.015146017074584961
2021-12-03,0.0016025900840759277,-0.004819273948669434,-0.02661597728729248,-0.03324103355407715,0.030660390853881836,-0.04937458038330078,-0.01930403709411621,-0.010587513446807861,0.016942739486694336,-0.021604180335998535
2021-12-06,0.005350470542907715,0.02158278226852417,0.03434348106384277,0.03217160701751709,-0.06341445446014404,0.033249616622924805,-0.0006030797958374023,-0.0010416507720947266,0.04294705390930176,-0.01846015453338623
2021-12-07,-0.005917191505432129,0.004902005195617676,-0.004881501197814941,-0.09833800792694092,0.047310590744018555,-0.029201865196228027,-0.04990959167480469,0.007109642028808594,0.048278212547302246,0.015028059482574463
2021-12-08,-0.004812836647033691,-0.009852290153503418,-0.005898594856262207,-0.02395951747894287,0.02704036235809326,0.04161417484283447,-0.050063133239746094,-0.025320053100585938,0.05011856555938721,-0.017557621002197266
2021-12-09,-0.006386399269104004,-0.08780479431152344,-0.004484415054321289,-0.16009855270385742,0.02436661720275879,0.016447365283966064,-0.020667076110839844,0.004590094089508057,0.049983859062194824,-0.031247377395629883
2021-12-10,-0.0010576248168945312,-0.03139019012451172,-0.002403736114501953,-0.1868366003036499,-0.015589296817779541,0.0033444762229919434,-0.021427035331726074,-0.015401601791381836,0.049140095710754395,-0.00826871395111084
2021-12-13,-0.006339073181152344,0.008695662021636963,-0.04522097110748291,0.04159212112426758,-0.0077474117279052734,0.020805418491363525,0.024963319301605225,0.01725703477859497,-0.012880563735961914,0.03489553928375244
2021-12-14,0.0020996928215026855,0.028508782386779785,0.024254322052001953,-0.015398979187011719,-0.019777774810791016,-0.0,0.0026893019676208496,-0.010166406631469727,-0.010676145553588867,-0.03407573699951172
2021-12-15,-0.0026302337646484375,-0.0,-0.007725834846496582,0.05790442228317261,-0.024212241172790527,0.02193284034729004,-0.00657963752746582,0.018206775188446045,0.0113908052444458,0.008107244968414307
2021-12-16,0.011542558670043945,0.013543963432312012,0.018000006675720215,0.03268289566040039,-0.023374557495117188,0.007708430290222168,-0.0028933286666870117,0.024415194988250732,-0.03378778696060181,-0.0025854110717773438
2021-12-17,0.015392720699310303,0.03890162706375122,0.04820096492767334,0.08421581983566284,-0.03479635715484619,0.03884178400039673,0.0018164515495300293,0.01375490427017212,-0.029141128063201904,-0.07021045684814453
2021-12-20,-0.04474395513534546,0.038095176219940186,0.03566336631774902,0.08094722032546997,-0.044710636138916016,0.049963295459747314,0.012524068355560303,-0.05152541399002075,-0.04707741737365723,-0.03167217969894409
2021-12-21,0.012415289878845215,-0.03217816352844238,-0.0073964595794677734,-0.04973042011260986,0.01633322238922119,-0.00541377067565918,-0.007371306419372559,0.011334657669067383,0.041114091873168945,0.04915452003479004
2021-12-22,0.009476065635681152,-0.01199042797088623,-0.014684319496154785,-0.0091325044631958,0.040157198905944824,-0.01230776309967041,-0.016571640968322754,0.014640569686889648,0.03694272041320801,0.0027300119400024414
2021-12-23,0.006073951721191406,-0.0023696422576904297,-0.018089771270751953,0.013009071350097656,0.025687575340270996,-0.026595711708068848,0.024875640869140625,-0.0018907785415649414,-0.0003071427345275879,-0.03038811683654785
2021-12-24,-0.009330391883850098,-0.0,-0.007107377052307129,-0.04871058464050293,-0.028506159782409668,0.012583374977111816,-0.03462874889373779,-0.019441664218902588,0.0125960111618042,-0.018780171871185303
2021-12-27,-0.005540192127227783,-0.004728198051452637,-0.0003528594970703125,0.02950817346572876,0.011941790580749512,0.024737536907196045,-0.04994237422943115,-0.005388915538787842,0.04975724220275879,-0.04175645112991333
2021-12-28,0.013370394706726074,-0.01882350444793701,-0.020105838775634766,-0.018018007278442383,-0.03705096244812012,-0.047655582427978516,0.008594036102294922,0.005724787712097168,0.04942202568054199,0.011175036430358887
2021-12-29,0.025288701057434082,-0.004619002342224121,-0.008298754692077637,0.018252253532409668,-0.018868684768676758,-0.010271430015563965,0.0020159482955932617,-0.0036592483520507812,0.018176794052124023,-0.011051535606384277
2021-12-30,-0.008042871952056885,0.01379305124282837,0.011659801006317139,-0.016901373863220215,0.009873509407043457,-0.010167121887207031,0.007574975490570068,-0.004590928554534912,-0.00027048587799072266,0.00048160552978515625
2021-12-31,0.005945920944213867,-0.020978927612304688,0.00693964958190918,-0.0022159814834594727,0.0195540189743042,-0.01006460189819336,-0.0005089044570922852,0.02511012554168701,-0.0010822415351867676,0.008505582809448242
2022-01-03,0.009672164916992188,-0.0022832155227661133,-0.04961562156677246,-0.015478134155273438,0.03288912773132324,-0.02206408977508545,-0.027667641639709473,0.0085982084274292,0.04117000102996826,0.006683468818664551
2022-01-04,0.0031932592391967773,-0.0,-0.04460716247558594,0.015786588191986084,0.004287838935852051,0.021587789058685303,0.009106218814849854,-0.002081632614135742,0.04994797706604004,-0.0018652677536010742
2022-01-05,0.0015915632247924805,-0.01594531536102295,0.015296339988708496,0.0049779415130615234,0.011843323707580566,0.008540928363800049,0.007591605186462402,0.006655454635620117,0.04980182647705078,-0.010230600833892822
2022-01-06,-0.005826294422149658,0.008968532085418701,0.018122971057891846,0.0005558133125305176,0.014823555946350098,0.03086864948272705,0.0036235451698303223,0.01075589656829834,0.00873255729675293,0.01724863052368164
2022-01-07,-0.005860388278961182,0.011312246322631836,0.004943966865539551,-0.012235760688781738,-0.01156991720199585,0.005185186862945557,0.02434593439102173,-0.011129558086395264,0.012634515762329102,-0.011545300483703613
2022-01-10,-0.04555201530456543,-0.02974832057952881,0.017555415630340576,-0.005494475364685059,0.04883313179016113,0.002978503704071045,-0.027231335639953613,0.01520395278930664,0.049907565116882324,0.023360133171081543
2022-01-11,0.018452107906341553,0.004444479942321777,0.009777486324310303,0.023497283458709717,0.03428316116333008,0.0014936327934265137,0.0002015233039855957,0.0066127777099609375,-0.013424336910247803,-0.010946929454803467
2022-01-12,-0.007310628890991211,-0.002232193946838379,0.019067108631134033,0.013989925384521484,0.04919743537902832,-0.00897526741027832,-0.001613020896911621,-0.008211791515350342,-0.03502112627029419,0.00367891788482666
2022-01-13,-0.012960076332092285,-0.0534520149230957,-0.0329747200012207,-0.022701501846313477,-0.006106376647949219,0.008154094219207764,0.009662806987762451,0.013345122337341309,0.049930691719055176,-0.001378476619720459
2022-01-14,-0.008700132369995117,0.021141648292541504,-0.041330575942993164,0.005549371242523193,0.005303144454956055,0.024663686752319336,-0.00030493736267089844,-0.005575358867645264,0.049977898597717285,-0.008909523487091064
2022-01-17,-0.008625030517578125,-0.004319667816162109,0.009680569171905518,-0.020089268684387207,0.011965751647949219,-0.01992344856262207,-0.00020325183868408203,-0.001546621322631836,0.04990565776824951,0.003260374069213867
2022-01-18,0.022635817527770996,0.03225809335708618,0.032258033752441406,0.0175054669380188,-0.005085647106170654,-0.04958665370941162,-0.004368185997009277,-0.017620325088500977,-0.018773794174194336,-0.02164381742477417
2022-01-19,0.006690680980682373,-0.0022221803665161133,-0.04983162879943848,-0.010022163391113281,0.004887938499450684,0.042233288288116455,0.009709775447845459,0.0059130191802978516,-0.03887641429901123,0.0029990673065185547
2022-01-20,-0.0,0.011086463928222656,-0.05003213882446289,0.0214993953704834,-0.005881607532501221,-0.014947652816772461,0.012153983116149902,-0.0037229061126708984,-0.011224091053009033,-0.028647661209106445
2022-01-21,-0.032124340534210205,0.017937183380126953,0.04092848300933838,0.026478826999664307,-0.016693830490112305,0.0007364153861999512,-0.0011372566223144531,-0.026354670524597168,-0.04626262187957764,-0.061931073665618896
2022-01-24,-0.047109246253967285,0.04337894916534424,0.050000011920928955,-0.04976856708526611,-0.01105797290802002,0.043478190898895264,-0.0498812198638916,-0.037975966930389404,-0.05007857084274292,-0.07342976331710815
2022-01-25,-0.031460702419281006,-0.014319777488708496,0.049949705600738525,-0.049939095973968506,0.031736135482788086,-0.019260406494140625,0.005760908126831055,-0.00020998716354370117,0.04893624782562256,-0.07719254493713379
2022-01-27,0.0034803152084350586,-0.039999961853027344,0.04128432273864746,-0.05000007152557373,-0.020687222480773926,-0.04988658428192139,-0.04074352979660034,-0.002415180206298828,0.04732930660247803,0.01937347650527954
2022-01-28,0.02601158618927002,-0.0,0.0018402934074401855,-0.028693556785583496,0.011424660682678223,-0.04967606067657471,-0.04990983009338379,-0.03778946399688721,0.024962306022644043,-0.00811159610748291
2022-01-31,0.0011267662048339844,0.009049832820892334,0.022123873233795166,0.026706218719482422,0.022301673889160156,-0.049382686614990234,-0.04257082939147949,-0.009838700294494629,-0.01994544267654419,-0.014197349548339844
2022-02-01,-0.015194118022918701,0.018264830112457275,-0.0196077823638916,-0.006707310676574707,0.008877158164978027,-0.04967319965362549,-0.021610498428344727,-0.013459205627441406,-0.017780601978302002,-0.00017631053924560547
2022-02-02,0.015428543090820312,-0.0,-0.01701188087463379,-0.040581464767456055,-0.0009360909461975098,-0.049813151359558105,-0.0027832984924316406,-0.023191332817077637,0.0065430402755737305,-0.010188698768615723
2022-02-03,-0.005064666271209717,-0.05116283893585205,0.020727336406707764,-0.021536707878112793,-0.0012804269790649414,-0.04982197284698486,0.04751861095428467,0.003293335437774658,0.003900289535522461,0.017275094985961914
2022-02-04,-0.016402781009674072,0.006637156009674072,0.018195271492004395,0.02621084451675415,0.006066679954528809,-0.04971754550933838,0.04534327983856201,0.017589867115020752,-0.03647744655609131,0.03199690580368042
2022-02-07,-0.008625626564025879,0.020044565200805664,0.04349470138549805,0.02574598789215088,-0.0024866461753845215,-0.049515604972839355,0.050061047077178955,0.0011870861053466797,-0.0439068078994751,0.010052084922790527
2022-02-08,-0.0046402812004089355,0.004545450210571289,0.03242385387420654,-0.004204154014587402,0.008444547653198242,0.049743592739105225,0.023521840572357178,0.0024759769439697266,-0.01827549934387207,0.017084121704101562
2022-02-09,-0.05827510356903076,-0.0,-0.007355928421020508,-0.04964113235473633,0.018323421478271484,-0.04641115665435791,0.025404751300811768,-0.027104854583740234,-0.008830606937408447,0.009953677654266357
2022-02-10,-0.016519784927368164,-0.0022832155227661133,-0.025557875633239746,-0.04957258701324463,0.01332080364227295,0.028365135192871094,-0.0499730110168457,-0.008409857749938965,-0.007705211639404297,0.01603257656097412
2022-02-11,0.03033590316772461,0.011389493942260742,0.011867105960845947,0.007057547569274902,-0.029465436935424805,0.04352438449859619,-0.01582193374633789,0.007189393043518066,-0.023295342922210693,0.007198750972747803
2022-02-14,0.03184354305267334,-0.07603693008422852,0.05724579095840454,0.04975390434265137,-0.014192700386047363,0.049944519996643066,0.027478814125061035,0.002220630645751953,-0.049937903881073,0.04794943332672119
2022-02-15,-0.01038658618927002,0.012468814849853516,-0.006369471549987793,-0.0017261505126953125,0.030578017234802246,-0.007009387016296387,-0.01835930347442627,0.011805713176727295,0.02667367458343506,-0.07300794124603271
2022-02-16,-0.014848589897155762,-0.009852170944213867,-0.043038010597229004,0.004020750522613525,-0.021653294563293457,0.013341009616851807,-0.04999363422393799,0.01596158742904663,0.015792131423950195,-0.0003815889358520508
2022-02-17,-0.001688241958618164,-0.007462680339813232,-0.00728154182434082,0.01614755392074585,-0.008039712905883789,0.01881253719329834,-0.01254260540008545,0.01741468906402588,-0.016298890113830566,0.017394602298736572
2022-02-18,0.01404494047164917,-0.020050227642059326,0.015261054039001465,0.025791406631469727,-0.017273783683776855,0.0089874267578125,-0.0055321455001831055,0.01671057939529419,0.0002548694610595703,0.0060561299324035645
2022-02-21,0.0216524600982666,-0.028132975101470947,0.04363781213760376,0.011431992053985596,-0.00522226095199585,0.049576759338378906,0.034684836864471436,0.026264309883117676,-0.0017838478088378906,0.02698904275894165
2022-02-22,0.03319740295410156,-0.04473686218261719,0.017484009265899658,0.04990869760513306,0.0074263811111450195,0.04325699806213379,0.04720604419708252,0.021260857582092285,-0.04289001226425171,0.05463230609893799
2022-02-23,-0.012650609016418457,0.030303120613098145,-0.009114623069763184,-0.00768733024597168,0.003844738006591797,-0.019281983375549316,-0.00234067440032959,-0.002809882164001465,0.004801273345947266,0.0010614991188049316
2022-02-24,-0.056513965129852295,-0.08823537826538086,-0.09032255411148071,0.04958677291870117,-0.041401565074920654,0.04827141761779785,0.04994809627532959,-0.07921111583709717,-0.02628093957901001,-0.07910394668579102
2022-02-25,0.045397162437438965,0.058650970458984375,0.04208040237426758,-0.03879594802856445,-0.05441641807556152,-0.03015768527984619,-0.008193373680114746,0.04143249988555908,-0.046619415283203125,0.04588043689727783
2022-02-28,0.0036187171936035156,0.030470967292785645,-0.024047136306762695,0.00901484489440918,-0.02448880672454834,-0.007984042167663574,0.009616672992706299,0.005956411361694336,-0.015629053115844727,-0.009047210216522217
2022-03-02,0.003004789352416992,0.0,-0.0004649162292480469,0.009096801280975342,-0.012807607650756836,0.015841543674468994,-0.04991793632507324,0.013518095016479492,0.0035906434059143066,0.03749895095825195
2022-03-03,0.0041942596435546875,-0.005376338958740234,0.006511569023132324,-0.006557345390319824,0.017021775245666504,0.016767263412475586,-0.05001950263977051,-0.008597850799560547,-0.04967820644378662,0.0006438493728637695
2022-03-04,0.0065631866455078125,-0.016216158866882324,0.009704232215881348,-0.009771943092346191,0.03865516185760498,-0.01909947395324707,-0.026671648025512695,-0.027685165405273438,-0.025257468223571777,-0.058212876319885254
2022-03-07,-0.011855363845825195,-0.02197808027267456,0.010526299476623535,0.049677371978759766,0.04295617341995239,0.048192739486694336,0.0033832788467407227,0.0019439458847045898,0.01841670274734497,0.061811089515686035
2022-03-08,0.0071985721588134766,0.019662976264953613,0.011322498321533203,-0.006109952926635742,-0.06634175777435303,-0.035865068435668945,-0.010305523872375488,0.015863895416259766,-0.023148179054260254,-0.0054909586906433105
2022-03-09,0.0047647953033447266,0.019283771514892578,-0.0237349271774292,-0.04993259906768799,-0.029761552810668945,-0.04955875873565674,-0.03360140323638916,0.03988313674926758,-0.042629241943359375,0.05874991416931152
2022-03-10,0.050385355949401855,0.01081085205078125,0.04403674602508545,-0.002570629119873047,-0.017383337020874023,-0.007761955261230469,-0.03192853927612305,-0.0154494047164917,-0.013704895973205566,-0.0151558518409729
2022-03-11,0.024266362190246582,0.008021354675292969,-0.002636253833770752,0.0019230842590332031,-0.0077964067459106445,-0.04621303081512451,-0.023514866828918457,-0.0014265179634094238,-0.029517769813537598,-0.017622947692871094
2022-03-14,-0.012672185897827148,-0.0159151554107666,-0.03083699941635132,0.017341017723083496,-0.022141218185424805,-0.0490797758102417,-0.0008794069290161133,0.01912093162536621,-0.006784915924072266,0.069061279296875
2022-03-15,-0.03683030605316162,0.008086323738098145,-0.014545440673828125,-0.03071892261505127,0.030477046966552734,-0.03742682933807373,0.05008232593536377,-0.029221534729003906,-0.050000011920928955,-0.020246565341949463
2022-03-16,0.04982614517211914,0.0,0.01752769947052002,0.013950526714324951,-0.030807018280029297,0.011837601661682129,0.04590129852294922,0.017438650131225586,0.010983943939208984,0.0008040666580200195
2022-03-17,0.0005519390106201172,0.010695099830627441,0.01178598403930664,-0.01286172866821289,0.009546160697937012,-0.01882493495941162,0.002787172794342041,0.02478170394897461,0.003847956657409668,0.01827824115753174
2022-03-21,-0.01709878444671631,0.007936477661132812,-0.0017920732498168945,-0.005079388618469238,-0.027713537216186523,0.01903700828552246,0.007291257381439209,-0.007457137107849121,0.018489360809326172,-0.0077323317527771
2022-03-22,-0.0005611181259155273,-0.01312333345413208,-0.003590703010559082,-0.04990518093109131,0.00282210111618042,0.025114119052886963,-0.03305172920227051,-0.012879669666290283,0.0006641149520874023,-0.03212469816207886
2022-03-23,-0.025266706943511963,-0.010638236999511719,-0.008108139038085938,0.017448842525482178,-0.004402279853820801,-0.03161585330963135,0.013982772827148438,-0.0028270483016967773,-0.007079660892486572,0.030192255973815918
2022-03-24,-0.0034562349319458008,0.0,-0.02270662784576416,-0.04776489734649658,-0.011242032051086426,0.0011350512504577637,0.0003605484962463379,0.016246914863586426,0.049465298652648926,-0.16735124588012695
2022-03-25,-0.004624307155609131,-0.010752737522125244,-0.04042750597000122,-0.0005843639373779297,-0.02538621425628662,0.03465914726257324,0.005890786647796631,0.003648042678833008,-0.025265395641326904,0.012740850448608398
2022-03-28,0.004065036773681641,-0.04076087474822998,-0.03341400623321533,-0.023364543914794922,-0.03384292125701904,-0.02825188636779785,0.01088404655456543,-0.0067351460456848145,-0.007188022136688232,0.017610609531402588
2022-03-29,-0.009832262992858887,-0.022662878036499023,0.004007935523986816,0.03767120838165283,0.01372593641281128,-0.04693758487701416,-0.0036679506301879883,0.026800155639648438,-0.03554189205169678,0.017926335334777832
2022-03-30,0.0035047531127929688,0.01449275016784668,0.003493070602416992,-0.01779353618621826,-0.006245136260986328,-0.025150418281555176,-0.04994523525238037,0.023899316787719727,-0.0018198490142822266,-0.032669782638549805
2022-03-31,-0.00931316614151001,-0.014285743236541748,0.018398761749267578,0.0075757503509521484,-0.028490424156188965,0.026133298873901367,-0.05000579357147217,0.002968907356262207,-0.004102051258087158,0.019238710403442383
2022-04-01,0.02056407928466797,-0.09565210342407227,0.0126953125,-0.031708717346191406,0.003173351287841797,-0.0032857656478881836,0.002320408821105957,0.01745426654815674,0.02974832057952881,-0.03972804546356201
2022-04-04,0.027058124542236328,0.00529104471206665,0.008196830749511719,-0.04951620101928711,0.0033138394355773926,-0.00818777084350586,-0.03887474536895752,-0.0005016326904296875,0.027111172676086426,-0.0098419189453125
2022-04-05,0.013453006744384766,0.0026595592498779297,0.029172658920288086,-0.009219169616699219,-0.003979325294494629,0.012452661991119385,0.015884876251220703,0.00020074844360351562,0.010168671607971191,0.008599400520324707
2022-04-06,0.018805265426635742,0.002666652202606201,-0.014869868755340576,-0.015583038330078125,0.007822871208190918,0.020285069942474365,-0.016032934188842773,0.0007025003433227539,-0.03405439853668213,0.030818402767181396
2022-04-07,-0.01628667116165161,-0.0026737451553344727,0.0014151334762573242,-0.01904761791229248,0.0052037835121154785,0.02909904718399048,0.017272651195526123,-0.0022062063217163086,-0.04656320810317993,0.021128833293914795
2022-04-08,0.027042031288146973,-0.08799993991851807,-0.0023551583290100098,-0.009345769882202148,0.006446361541748047,0.003458261489868164,-0.01367032527923584,0.03055274486541748,-0.012093067169189453,-0.004374384880065918
2022-04-11,-0.016657769680023193,-0.03676474094390869,-0.012275755405426025,-0.012345671653747559,0.0011433959007263184,-0.010989069938659668,-0.003210902214050293,0.0331578254699707,-0.028483927249908447,-0.01677858829498291
2022-04-12,-0.019672155380249023,0.03073287010192871,-0.021988511085510254,0.036077260971069336,-0.023240327835083008,0.011441648006439209,0.004480957984924316,-0.02133280038833618,0.005088329315185547,0.029211461544036865
2022-04-13,0.020624399185180664,0.05121946334838867,0.0009775161743164062,0.011070072650909424,0.009105801582336426,-0.009837985038757324,-0.004715442657470703,-0.01726466417312622,-0.006268024444580078,0.010632932186126709
2022-04-18,-0.06717634201049805,-0.002570629119873047,-0.0146484375,-0.09808099269866943,-0.04145771265029907,-0.0034384727478027344,0.009920001029968262,-0.007459044456481934,-0.018922924995422363,0.01846027374267578
2022-04-19,0.03275328874588013,-0.03333330154418945,-0.022794902324676514,0.037864089012145996,-0.020653069019317627,0.028555095195770264,0.01023489236831665,-0.013447999954223633,-0.003956496715545654,0.023686349391937256
2022-04-20,-0.018518567085266113,-0.004962801933288574,-0.005578041076660156,-0.024722576141357422,0.0138167142868042,0.031746089458465576,-0.04898226261138916,-0.002806425094604492,-0.022343575954437256,0.007476627826690674
2022-04-21,0.004155874252319336,-0.01481473445892334,-0.003569662570953369,-0.018709897994995117,-0.017352700233459473,-0.010928988456726074,-0.045095622539520264,0.012262463569641113,-0.0005078315734863281,-0.004881024360656738
2022-04-22,0.0020865797996520996,-0.04866182804107666,-0.014329493045806885,0.04398256540298462,-0.005502641201019287,-0.0012011528015136719,0.008510112762451172,-0.011319577693939209,-0.03912597894668579,-0.010135412216186523
2022-04-25,0.019341349601745605,0.0417633056640625,0.004153609275817871,-0.06875622272491455,-0.022104322910308838,0.020395874977111816,0.001663804054260254,-0.015968680381774902,-0.0002644062042236328,0.03782510757446289
2022-04-26,-0.04051172733306885,0.02905571460723877,0.008273005485534668,-0.08041632175445557,0.013510465621948242,0.026944339275360107,-0.0008305907249450684,0.023372173309326172,0.015075325965881348,-0.005942106246948242
2022-04-27,0.02817624807357788,-0.052369117736816406,0.009230732917785645,0.004378259181976318,0.018343329429626465,-0.0018880367279052734,0.0036813020706176758,-0.009673893451690674,-0.012245893478393555,0.02757894992828369
2022-04-28,0.003162860870361328,0.04739338159561157,-0.008130133152008057,-0.19656991958618164,0.016027092933654785,0.010678350925445557,-0.028632283210754395,-0.010473310947418213,-0.011078894138336182,-0.007120490074157715
2022-04-29,0.03172922134399414,-0.0,-0.000512242317199707,-0.05637657642364502,0.006992459297180176,0.015238046646118164,-0.032034099102020264,-0.018013358116149902,-0.006401717662811279,0.029159188270568848
2022-05-02,0.01802295446395874,-0.0,-0.006663262844085693,-0.013921082019805908,-0.009923696517944336,0.02127659320831299,0.01270914077758789,-0.0021764039993286133,0.002147674560546875,-0.029212117195129395
2022-05-04,0.034482717514038086,0.00995028018951416,-0.04024767875671387,-0.09470593929290771,-0.018141210079193115,0.03359687328338623,-0.028578519821166992,-0.04341500997543335,-0.00964367389678955,0.04541277885437012
2022-05-05,0.03744238615036011,0.005025148391723633,-0.0005376935005187988,0.04353487491607666,-0.0003936886787414551,0.029993116855621338,-0.018930673599243164,0.005320310592651367,-0.019475281238555908,-0.0022614002227783203
2022-05-06,-0.03052055835723877,0.017676711082458496,-0.05217856168746948,-0.024284005165100098,-0.043606698513031006,-0.002810955047607422,-0.034289419651031494,-0.021492600440979004,-0.0463448166847229,-0.015961170196533203
2022-05-09,-0.009872198104858398,0.025706946849822998,-0.04653799533843994,-0.05296748876571655,0.0036182403564453125,0.003503859043121338,-0.0013500452041625977,-0.013686537742614746,-0.02111661434173584,0.05399954319000244
2022-05-10,0.013800978660583496,0.04485487937927246,-0.05357140302658081,-0.018867850303649902,-0.0388944149017334,0.009845256805419922,-0.009328126907348633,-0.02294093370437622,-0.000590980052947998,0.009347081184387207
2022-05-11,0.022740483283996582,0.027624309062957764,-0.09182393550872803,-0.059752821922302246,-0.008604884147644043,0.02414780855178833,-0.04939955472946167,-0.012369692325592041,-0.010644614696502686,-0.02966606616973877
2022-05-12,0.014916479587554932,0.04261362552642822,-0.04986149072647095,0.06281960010528564,0.017818152904510498,-0.016739487648010254,-0.027418851852416992,-0.040589094161987305,-0.02749556303024292,0.013809025287628174
2022-05-13,-0.0024226903915405273,-0.01780414581298828,-0.1282799243927002,0.05360829830169678,0.005240261554718018,0.0014316439628601074,-0.049889326095581055,-0.008944690227508545,-0.036263108253479004,-0.012705802917480469
2022-05-16,0.03746223449707031,-0.02623915672302246,-0.007751941680908203,-0.026744961738586426,0.002433478832244873,-0.020071744918823242,-0.04990863800048828,0.0029271841049194336,0.021648943424224854,-0.0018776655197143555
2022-05-17,-0.013182640075683594,-0.03125,0.0006410479545593262,0.044235944747924805,-0.01750659942626953,-0.021082162857055664,-0.04164445400238037,-0.030037760734558105,-0.04395270347595215,-0.02649402618408203
2022-05-18,0.010532796382904053,-0.01377415657043457,0.0032072067260742188,0.0051348209381103516,-0.006966829299926758,-0.011699914932250977,-0.013626456260681152,0.003187716007232666,-0.0499420166015625,0.01460641622543335
2022-05-19,-0.013149738311767578,0.027173936367034912,0.03603595495223999,-0.0338442325592041,0.027366220951080322,0.032653093338012695,0.000887751579284668,0.04204666614532471,-0.09983408451080322,0.050322115421295166
2022-05-20,-0.02657604217529297,-0.025139689445495605,-0.011348485946655273,0.06741571426391602,-0.0504838228225708,-0.004219412803649902,-0.03236865997314453,-0.08395159244537354,0.05007672309875488,-0.036670804023742676
2022-05-23,-0.012642979621887207,0.021798372268676758,0.009900987148284912,-0.008668720722198486,0.002385079860687256,0.025210142135620117,0.023976385593414307,0.024751901626586914,-0.0043885111808776855,0.003336310386657715
2022-05-24,0.03388822078704834,0.01671314239501953,-0.011999964714050293,-0.013741493225097656,-0.06389117240905762,0.0035919547080993652,0.020534098148345947,0.018479526042938232,-0.027328789234161377,0.003991186618804932
2022-05-25,0.02892303466796875,0.025495707988739014,0.027009248733520508,-0.05446481704711914,-0.016409754753112793,0.04686373472213745,0.0499035120010376,0.01084369421005249,-0.050151050090789795,0.03313511610031128
2022-05-26,0.024714887142181396,-0.020348787307739258,0.002708137035369873,-0.04085737466812134,0.033098578453063965,-0.049924373626708984,0.00040608644485473633,-0.011805891990661621,-0.02512723207473755,-0.0030750036239624023
2022-05-27,-0.05653023719787598,0.008547008037567139,0.010862231254577637,0.0006983280181884766,0.03729605674743652,-0.005043148994445801,-0.017334818840026855,-0.011310815811157227,0.0006525516510009766,-0.03305494785308838
2022-05-30,-0.005535006523132324,-0.03735625743865967,-0.026767373085021973,0.02093505859375,0.03743100166320801,-0.049462318420410156,-0.03248131275177002,-0.020602822303771973,0.02771437168121338,-0.030750036239624023
2022-05-31,0.01100921630859375,-0.0027701854705810547,-0.016042709350585938,0.03212571144104004,-0.01205366849899292,-0.049863457679748535,-0.0448685884475708,-0.02780020236968994,0.01554560661315918,-0.03329575061798096
2022-06-01,0.001855313777923584,0.011049747467041016,0.03092104196548462,0.007284760475158691,-0.02258092164993286,-0.049447059631347656,0.025296151638031006,0.006172835826873779,-0.009059667587280273,-0.001211404800415039
2022-06-02,-0.006195783615112305,-0.008379817008972168,-0.025797724723815918,0.005917072296142578,0.012093424797058105,0.03781777620315552,-0.01987588405609131,0.0013551712036132812,0.011979818344116211,-0.008872747421264648
2022-06-03,-0.0030788183212280273,0.008310198783874512,-0.013898015022277832,0.0013071298599243164,-0.001757979393005371,-0.018041253089904785,0.03649449348449707,0.024426043033599854,0.008099675178527832,0.015270829200744629
2022-06-06,0.010435819625854492,0.0223463773727417,0.026109635829925537,-0.025456905364990234,-0.017693519592285156,0.037974655628204346,-0.03826332092285156,0.01761913299560547,-0.025339961051940918,0.009945988655090332
2022-06-07,0.008064508438110352,-0.0,0.012064337730407715,0.01674485206604004,0.004930257797241211,0.03618419170379639,0.040823936462402344,0.00719761848449707,-0.014584660530090332,0.044161081314086914
2022-06-08,-0.011882543563842773,-0.014285683631896973,0.00949794054031372,0.05467724800109863,0.0037910938262939453,0.027303755283355713,-0.0037516355514526367,-0.019847869873046875,-0.004504501819610596,-0.003346085548400879
2022-06-09,0.011124849319458008,0.0028168559074401855,-0.0013698339462280273,0.011242866516113281,-0.008136630058288574,-0.002807021141052246,0.020878970623016357,-0.02493882179260254,-0.023594021797180176,-0.0058574676513671875
2022-06-10,0.014999985694885254,-0.0,0.006839931011199951,-0.029030263423919678,-0.007979393005371094,0.005598247051239014,-0.0002633333206176758,0.009664595127105713,-0.028798460960388184,0.016832411289215088
2022-06-13,0.015228509902954102,0.03954803943634033,0.03305786848068237,-0.06424927711486816,-0.026642560958862305,0.03166782855987549,0.04118967056274414,0.03685414791107178,-0.05214720964431763,0.04003465175628662
2022-06-14,-0.0354381799697876,-0.0,-0.007122516632080078,-0.009517371654510498,0.02189171314239502,-0.04941856861114502,0.010156393051147461,-0.0007151365280151367,-0.07407408952713013,0.016528546810150146
2022-06-15,0.02862471342086792,-0.0,0.008486568927764893,0.02402198314666748,0.001220107078552246,0.02077561616897583,-0.005823612213134766,0.019773662090301514,0.04932045936584473,0.008746564388275146
2022-06-16,0.012171745300292969,0.026470661163330078,0.041369497776031494,-0.09852546453475952,-0.018987715244293213,0.024752497673034668,0.013647675514221191,0.004982411861419678,-0.02738720178604126,0.03372448682785034
2022-06-17,0.022049248218536377,-0.006042361259460449,0.02455347776412964,-0.06691449880599976,-0.02027970552444458,0.04931098222732544,-0.024318695068359375,-0.057767391204833984,0.0026636123657226562,-0.0058329105377197266
2022-06-20,0.01458883285522461,0.03603607416152954,0.02745997905731201,-0.06135457754135132,-0.0035973191261291504,0.049580514430999756,0.053486168384552,0.010968685150146484,-0.001138448715209961,0.02861487865447998
2022-06-21,-0.012112975120544434,-0.03115260601043701,-0.00941169261932373,0.057724952697753906,-0.05489468574523926,-0.008828282356262207,-0.03748023509979248,-0.04506194591522217,0.019376754760742188,-0.0618516206741333
2022-06-22,0.027925491333007812,0.018126845359802246,0.027972042560577393,-0.05056178569793701,-0.00670468807220459,0.021479666233062744,0.056412458419799805,-0.08713138103485107,-0.013417720794677734,0.04626727104187012
2022-06-23,-0.009575963020324707,-0.0,-0.04076743125915527,0.03803884983062744,-0.013905167579650879,0.0008130073547363281,-0.0044176578521728516,0.010523676872253418,-0.016244888305664062,-0.01633155345916748
2022-06-24,-0.010162591934204102,-0.021538496017456055,-0.1904761791229248,0.044788241386413574,-0.014209151268005371,-0.005695700645446777,0.0014660358428955078,0.004964947700500488,0.007296442985534668,-0.028858065605163574
2022-06-27,-0.046277642250061035,-0.00602412223815918,-0.03870964050292969,-0.020265042781829834,0.006286919116973877,0.0016180872917175293,0.029364287853240967,-0.00012052059173583984,0.012581110000610352,-0.005175352096557617
2022-06-28,0.026282072067260742,-0.008982062339782715,-0.04658389091491699,0.0787590742111206,-0.0069266557693481445,-0.01053476333618164,0.00015121698379516602,0.008074283599853516,0.02070784568786621,0.021836042404174805
2022-06-29,-0.0019750595092773438,0.005934715270996094,-0.01008903980255127,0.005899667739868164,0.0034665465354919434,-0.008019208908081055,-0.0257185697555542,0.005977272987365723,0.04278862476348877,0.020020663738250732
2022-06-30,0.018396854400634766,0.02985072135925293,0.014101028442382812,0.011730194091796875,-0.011441469192504883,-0.010342121124267578,-0.0008848905563354492,-0.019489049911499023,-0.014149248600006104,-0.005658864974975586
2022-07-01,-0.03346717357635498,-0.003076910972595215,0.033373117446899414,-0.019565224647521973,-0.014858841896057129,0.0039370059967041016,0.0035366415977478027,0.024724364280700684,-0.08324360847473145,-0.005579352378845215
2022-07-04,-0.003886103630065918,-0.012269973754882812,0.005548655986785889,-0.031042098999023438,-0.0013238191604614258,-0.030830025672912598,-0.009464621543884277,-0.0011827349662780762,-0.030804991722106934,-0.018115520477294922
2022-07-05,-0.005161285400390625,0.009090900421142578,0.003099799156188965,-0.002288341522216797,0.005050241947174072,-0.049846649169921875,-0.03237628936767578,-0.014564812183380127,-0.04466581344604492,0.017560243606567383
2022-07-06,-0.0077021121978759766,-0.0030580759048461914,0.02363187074661255,-0.0015290379524230957,0.003933072090148926,-0.026296615600585938,-0.07648634910583496,0.0283585786819458,-0.08366656303405762,-0.03854548931121826
2022-07-07,-0.0006369352340698242,-0.021341443061828613,-0.010828018188476562,0.029862165451049805,-0.00621640682220459,0.01494663953781128,0.001318216323852539,0.0035054683685302734,0.015043973922729492,0.0026934146881103516
2022-07-08,-0.01909613609313965,-0.0029850006103515625,0.04599875211715698,0.002230525016784668,-0.006708383560180664,0.01228320598602295,0.003167867660522461,0.00034928321838378906,-0.010086417198181152,-0.0036162137985229492
2022-07-11,-0.000624537467956543,0.005952298641204834,0.03236454725265503,0.013353109359741211,-0.008296728134155273,-0.02999269962310791,0.004899382591247559,0.017460107803344727,-0.030813097953796387,-0.001322627067565918
2022-07-12,0.007490634918212891,-0.0,0.0006826519966125488,0.013177037239074707,0.013400554656982422,0.011363685131072998,0.030605435371398926,-0.013385117053985596,0.017436981201171875,0.014940321445465088
2022-07-13,-0.005660295486450195,0.005988061428070068,-0.0,0.020231246948242188,-0.005666017532348633,0.006465494632720947,-0.02717912197113037,-0.014842331409454346,0.01408451795578003,-0.010404109954833984
2022-07-14,0.01063162088394165,0.01204824447631836,0.032786786556243896,-0.012039661407470703,-0.002185225486755371,0.020968973636627197,0.006548106670379639,-0.016478359699249268,-0.018285751342773438,-0.00585782527923584
2022-07-15,-0.010113835334777832,0.006097555160522461,0.022598981857299805,-0.020071685314178467,-0.010035157203674316,-0.013293981552124023,-0.026365280151367188,0.0010770559310913086,-0.005050539970397949,-0.0008645057678222656
2022-07-18,-0.006883502006530762,-0.012269973754882812,-0.04479777812957764,-0.002926051616668701,0.007620692253112793,-0.024781465530395508,-0.0048493146896362305,0.01386725902557373,-0.0335007905960083,-0.027638912200927734
2022-07-19,-0.007458090782165527,-0.006060600280761719,0.006915628910064697,-0.015407264232635498,0.00728607177734375,0.012802302837371826,-0.027390122413635254,-0.001650691032409668,-0.00027000904083251953,0.0011059045791625977
2022-07-20,-0.012338042259216309,-0.00301206111907959,0.026462435722351074,-0.0014902949333190918,0.004910588264465332,-0.0,0.014726459980010986,0.0035431385040283203,-0.02835536003112793,-0.0
2022-07-21,0.007921993732452393,-0.006006002426147461,0.012875556945800781,-0.02985072135925293,-0.015892386436462402,0.010806918144226074,0.018296539783477783,0.029069066047668457,0.007352888584136963,-0.019086837768554688
2022-07-22,0.004914045333862305,-0.02985072135925293,0.005797147750854492,-0.019230782985687256,-0.013241052627563477,-0.008739948272705078,0.013125061988830566,0.009492158889770508,0.01613759994506836,-0.00317227840423584
2022-07-25,0.008641958236694336,0.020289897918701172,0.011661767959594727,-0.012548983097076416,0.01360929012298584,0.009386301040649414,-0.018619537353515625,0.003058791160583496,0.01828444004058838,0.009313464164733887
2022-07-26,0.0006226897239685059,0.011834263801574707,0.037610650062561035,-0.0007942914962768555,-0.019937872886657715,0.008017420768737793,0.013578832149505615,-0.052179694175720215,0.006025791168212891,-0.0073021650314331055
2022-07-27,-0.01744544506072998,0.002994060516357422,0.015325665473937988,0.03179645538330078,-0.0358424186706543,0.01396036148071289,-0.00675046443939209,-0.01545727252960205,0.013226747512817383,-0.01996791362762451
2022-07-28,-0.06062459945678711,0.003002941608428955,-0.0163424015045166,0.0038521289825439453,-0.011080503463745117,-0.011922597885131836,0.010649442672729492,-0.0021141767501831055,0.0033510327339172363,-0.03396177291870117
2022-07-29,0.0213625431060791,-0.009036064147949219,-0.014548182487487793,-0.003837287425994873,-0.049071669578552246,-0.02503681182861328,-0.04039871692657471,0.003797471523284912,-0.05547773838043213,0.004239559173583984
2022-08-01,-0.027138710021972656,-0.017910361289978027,-0.20000004768371582,0.03158700466156006,-0.0055963993072509766,0.0071839094161987305,-0.0031932592391967773,-0.0009529590606689453,0.013273179531097412,-0.025132298469543457
2022-08-02,-0.03790915012359619,-0.03225815296173096,-0.10440254211425781,0.016430258750915527,-0.011849284172058105,-0.0007236003875732422,0.02151775360107422,0.004125654697418213,0.018025338649749756,0.02370971441268921
2022-08-03,0.0016602277755737305,0.01704549789428711,-0.01082003116607666,0.0168992280960083,-0.005110383033752441,0.028922617435455322,-0.01873779296875,0.01009136438369751,0.01369863748550415,0.025483250617980957
2022-08-04,0.001662909984588623,0.011560618877410889,0.02760559320449829,-0.018786072731018066,0.018855810165405273,-0.0498882532119751,0.028228402137756348,-0.00922846794128418,0.018333375453948975,-0.007247328758239746
2022-08-05,-0.007773399353027344,0.002924025058746338,0.02201622724533081,0.002945423126220703,0.01893937587738037,-0.029787182807922363,0.0051261186599731445,-0.002870798110961914,0.009903788566589355,-0.004965066909790039
2022-08-08,-0.02754819393157959,-0.0029326677322387695,0.017180144786834717,-0.008810579776763916,-0.008266806602478027,-0.008953213691711426,0.02391338348388672,0.004346966743469238,0.030008554458618164,-0.030355095863342285
2022-08-10,0.030562996864318848,0.0058479905128479,0.015672028064727783,-0.012592554092407227,0.0005404353141784668,-0.02935159206390381,0.00040602684020996094,0.010222554206848145,-0.029463768005371094,0.005404531955718994
2022-08-11,-0.0016592741012573242,0.005882382392883301,-0.007960796356201172,0.00825202465057373,0.03185015916824341,0.03912472724914551,-0.0027081966400146484,-0.0211942195892334,0.0314825177192688,0.007394969463348389
2022-08-12,0.0011044144630432129,-0.00295865535736084,0.023693859577178955,0.017113089561462402,0.021899521350860596,-0.0020704269409179688,-0.012964129447937012,-0.005478262901306152,0.001773059368133545,0.025190353393554688
2022-08-16,-0.019347667694091797,-0.002949833869934082,-0.025513410568237305,-0.051938652992248535,0.016159474849700928,0.02961432933807373,0.01373147964477539,-0.019069552421569824,0.0008880496025085449,0.016551971435546875
2022-08-17,0.002169191837310791,-0.0,-0.009708642959594727,-0.009040355682373047,0.02417057752609253,-0.0014195442199707031,-0.033522605895996094,0.009973227977752686,0.021037042140960693,-0.06096768379211426
2022-08-18,-0.0048912763595581055,0.002941131591796875,0.001201927661895752,0.015162050724029541,0.008196055889129639,0.024805128574371338,-0.015563726425170898,0.003946483135223389,0.029358327388763428,-0.0016187429428100586
2022-08-19,-0.03407251834869385,-0.002949833869934082,0.014440417289733887,-0.03219044208526611,-0.05696040391921997,0.019622206687927246,0.0025756359100341797,-0.013345837593078613,0.019020915031433105,-0.029857397079467773
2022-08-22,-0.15062761306762695,0.002941131591796875,0.028083086013793945,0.02169489860534668,-0.008762955665588379,-0.06300961971282959,0.014848291873931885,-0.02891242504119873,0.0565798282623291,0.004236876964569092
2022-08-23,0.04772728681564331,0.0058997273445129395,-0.005025148391723633,-0.0013859272003173828,0.01854538917541504,0.00418400764465332,0.00026214122772216797,0.028299987316131592,-0.025606513023376465,0.009258568286895752
2022-08-24,-0.01336514949798584,0.00890207290649414,0.008749961853027344,-0.026297569274902344,0.0019439458847045898,0.006302595138549805,-0.004850625991821289,-0.05269122123718262,-0.037122249603271484,-0.02787613868713379
2022-08-25,0.01318889856338501,-0.005987882614135742,-0.015762925148010254,0.0013486146926879883,0.0063124895095825195,0.008456647396087646,-0.0009132623672485352,0.004301548004150391,0.0009503364562988281,0.005687117576599121
2022-08-26,-0.0019092559814453125,-0.0029762983322143555,-0.0,0.0006752610206604004,-0.004426360130310059,0.004975080490112305,0.006908237934112549,0.004320085048675537,0.019974589347839355,0.016225099563598633
2022-08-29,-0.010004758834838867,-0.03560829162597656,0.021104931831359863,-0.058783769607543945,-0.008592009544372559,-0.10000002384185791,0.014306366443634033,0.005127668380737305,-0.013264298439025879,0.026340782642364502
2022-08-30,0.011320710182189941,-0.028653264045715332,-0.043753981590270996,0.013639569282531738,0.006960749626159668,0.03701299428939819,-0.0059920549392700195,0.00485682487487793,-0.0044699907302856445,-0.022706985473632812
2022-09-01,-0.02624046802520752,-0.0027854442596435547,-0.017010807991027832,0.038243651390075684,0.013579249382019043,0.01618349552154541,-0.029913902282714844,0.000896453857421875,0.007310926914215088,0.04786115884780884
2022-09-02,0.013017237186431885,-0.005555629730224609,0.004778921604156494,-0.021828174591064453,0.002480030059814453,-0.08841681480407715,0.007196962833404541,-0.03409433364868164,-0.008005142211914062,-0.016352415084838867
2022-09-05,-0.022609472274780273,-0.03314924240112305,0.015006005764007568,0.05439329147338867,-0.042055487632751465,-0.01007544994354248,-0.00012946128845214844,0.015521109104156494,0.008259117603302002,-0.009029746055603027
2022-09-06,-0.023491382598876953,-0.008021354675292969,0.007921993732452393,-0.021825432777404785,0.004490017890930176,0.05049872398376465,0.005436122417449951,-0.004210710525512695,-0.02242147922515869,0.009559035301208496
2022-09-07,0.009900987148284912,-0.02917778491973877,0.007371008396148682,0.015551090240478516,0.012079060077667236,-0.007222533226013184,-0.015616893768310547,-0.004388093948364258,0.014097750186920166,-0.0484619140625
2022-09-08,-0.004545450210571289,-0.005464375019073486,-0.025371193885803223,-0.01930755376815796,-0.0150604248046875,-0.06388533115386963,-0.013454675674438477,0.008932054042816162,-0.02287888526916504,0.01363152265548706
2022-09-09,0.004072368144989014,-0.02472531795501709,-0.10983705520629883,0.005431056022644043,0.05182617902755737,0.0098038911819458,-0.009482860565185547,-0.00019598007202148438,0.002174556255340576,-0.024899721145629883
2022-09-12,-0.02589726448059082,0.011267662048339844,-0.04730844497680664,-0.0020256638526916504,-0.0357668399810791,-0.001237630844116211,-0.028682410717010498,-0.019001007080078125,-0.040473222732543945,-0.025999784469604492
2022-09-13,-0.19441986083984375,-0.0055710673332214355,0.03219115734100342,0.0033829212188720703,-0.004921913146972656,0.01297903060913086,-0.0018053054809570312,-0.025182604789733887,-0.004787445068359375,-0.00407862663269043
2022-09-14,-0.055617332458496094,-0.014005601406097412,0.013411998748779297,-0.01213759183883667,-0.010633468627929688,0.018159031867980957,-0.008784353733062744,0.011906921863555908,0.0029779672622680664,-0.026140689849853516
2022-09-15,-0.028802156448364258,-0.00852268934249878,-0.0016313791275024414,-0.02047783136367798,0.04346024990081787,-0.020408153533935547,-0.01850646734237671,0.012524962425231934,0.011350035667419434,0.017227530479431152
2022-09-16,0.05428469181060791,0.008595943450927734,0.015743732452392578,-0.04320555925369263,0.04565161466598511,0.02499997615814209,-0.039835333824157715,0.02517533302307129,0.044410884380340576,0.0458376407623291
2022-09-19,0.06425988674163818,-0.00852268934249878,-0.0336458683013916,-0.023306608200073242,-0.009595513343811035,-0.009615421295166016,-0.016871750354766846,-0.010448455810546875,0.0003160834312438965,-0.021264076232910156
2022-09-20,-0.022762298583984375,-0.005730688571929932,0.009605050086975098,0.03877699375152588,0.007339119911193848,0.0069841742515563965,-0.013926029205322266,-0.019022583961486816,-0.005059957504272461,-0.01462090015411377
2022-09-21,0.03508108854293823,-0.005763709545135498,0.01023709774017334,0.0035893917083740234,0.01385188102722168,0.04667508602142334,-0.02125537395477295,0.02594292163848877,0.006922543048858643,-0.0029424428939819336
2022-09-22,-0.01172780990600586,-0.008695602416992188,-0.027218341827392578,0.0014306306838989258,-0.016516804695129395,-0.028839588165283203,0.02302873134613037,-0.025159716606140137,-0.0009505748748779297,-0.007184028625488281
2022-09-23,0.03245747089385986,-0.008771896362304688,0.029146790504455566,-0.03285717964172363,0.01805698871612549,0.008474469184875488,-0.029776334762573242,0.02684307098388672,0.024691343307495117,0.045522451400756836
2022-09-26,0.04353034496307373,-0.04424780607223511,-0.07314407825469971,-0.05465281009674072,0.03568446636199951,0.04799473285675049,0.008370041847229004,0.035464465618133545,-0.02109706401824951,0.011894047260284424
2022-09-27,-0.04926931858062744,-0.015432178974151611,-0.03003537654876709,-0.00234377384185791,0.011310338973999023,-0.03107738494873047,0.009465575218200684,-0.016954421997070312,-0.008264541625976562,-0.019956469535827637
2022-09-28,0.012733757495880127,-0.01567399501800537,-0.023679375648498535,-0.03367263078689575,-0.005976438522338867,0.03616887331008911,-0.038949787616729736,0.005423367023468018,0.02585124969482422,0.023370444774627686
2022-09-29,-0.0028214454650878906,0.003184676170349121,0.0024875402450561523,0.042949676513671875,-0.05613899230957031,0.0041695237159729,0.02416682243347168,-0.011107802391052246,-0.009385108947753906,0.02237945795059204
2022-09-30,0.012459814548492432,0.02539682388305664,0.013647675514221191,0.003885030746459961,-0.016222119331359863,-0.0034891366958618164,-0.010845601558685303,-0.01637876033782959,-0.0,-0.028055548667907715
2022-10-03,0.0024419426918029785,-0.00619196891784668,0.009791970252990723,-0.010061860084533691,0.018143653869628906,-0.007649421691894531,0.019113898277282715,0.008646965026855469,0.015068888664245605,0.023018479347229004
2022-10-04,-0.025703787803649902,0.0093458890914917,0.05818188190460205,0.032056331634521484,0.009367644786834717,-0.008971691131591797,0.007269501686096191,-0.03211414813995361,-0.009765625,-0.06343615055084229
2022-10-06,-0.0011932849884033203,0.02160489559173584,0.05899190902709961,0.019697070121765137,-0.028914690017700195,-0.005471944808959961,-0.0031755566596984863,-0.011812090873718262,0.016441047191619873,-0.0438159704208374
2022-10-07,-0.015097379684448242,-0.0030211210250854492,-0.0167657732963562,0.01337289810180664,0.020699501037597656,0.003401339054107666,0.004488945007324219,-0.026006102561950684,-0.00491642951965332,-0.00660097599029541
2022-10-10,0.033268094062805176,-0.006060600280761719,-0.02035200595855713,-0.013929545879364014,0.004307210445404053,-0.0436859130859375,0.019028425216674805,0.010823249816894531,0.011089324951171875,0.011376440525054932
2022-10-11,0.024291515350341797,-0.024390220642089844,-0.013475596904754639,-0.0044609904289245605,0.019996583461761475,0.028776943683624268,-0.00947803258895874,0.007013916969299316,0.01022428274154663,0.021328866481781006
2022-10-12,-0.0257260799407959,0.0031249523162841797,0.0017074346542358398,0.026138901710510254,-0.008594393730163574,-0.014141440391540527,0.004998564720153809,-0.01488029956817627,-0.04665112495422363,0.017262637615203857
2022-10-13,0.020631015300750732,0.006230592727661133,-0.015340864658355713,-0.016011595726013184,0.015187501907348633,0.00398409366607666,0.005968451499938965,0.002691209316253662,0.013371586799621582,-0.019394874572753906
2022-10-14,0.010739386081695557,0.00619196891784668,-0.013848841190338135,-0.005917191505432129,0.00409090518951416,-0.02866673469543457,0.006921887397766113,0.0026053190231323242,-0.0019360780715942383,0.021044373512268066
2022-10-17,-0.014613747596740723,-0.018461525440216064,0.006436586380004883,-0.011904716491699219,0.001950383186340332,0.04018145799636841,-0.019640862941741943,0.010635316371917725,-0.020933985710144043,0.013822078704833984
2022-10-18,-0.0004115104675292969,-0.006269574165344238,0.016279101371765137,0.054216861724853516,-0.022503137588500977,-0.0033761262893676758,0.01846027374267578,-0.008486509323120117,0.013880133628845215,-0.02671515941619873
2022-10-19,0.038667261600494385,0.006309151649475098,-0.008009195327758789,-0.06285715103149414,-0.03156399726867676,0.003364741802215576,-0.01784461736679077,0.009724199771881104,-0.013755559921264648,-0.0016970634460449219
2022-10-20,0.04535722732543945,-0.003134787082672119,-0.008073806762695312,-0.007621943950653076,0.024029433727264404,-0.0067522525787353516,-0.052646636962890625,-0.020583510398864746,-0.014831185340881348,0.0007529854774475098
2022-10-21,-0.06857907772064209,-0.0031446218490600586,-0.02674424648284912,-0.021505355834960938,0.0190698504447937,0.006706893444061279,-0.04851865768432617,0.025811851024627686,0.006218910217285156,0.014956891536712646
2022-10-24,0.007969796657562256,0.006309151649475098,0.0047789812088012695,0.007064342498779297,-0.006186962127685547,-0.012829184532165527,0.010141491889953613,0.0004748106002807617,-0.059136390686035156,-0.0018742084503173828
2022-10-25,0.008879542350769043,-0.003134787082672119,-0.014268696308135986,0.014029622077941895,-0.0065277814865112305,-0.0,0.008201360702514648,0.0017102360725402832,-0.045494794845581055,0.016835272312164307
2022-10-27,0.01877129077911377,0.0,0.0012062788009643555,-0.01152956485748291,-0.0059642791748046875,0.012000024318695068,0.005469918251037598,-0.005424976348876953,0.025148332118988037,-0.011221528053283691
2022-10-28,0.02478259801864624,-0.006289243698120117,0.005421638488769531,-0.01632976531982422,-0.002014636993408203,-0.013495326042175293,-0.01632028818130493,0.0194055438041687,-0.0017391443252563477,0.010712981224060059
2022-10-31,-0.006241559982299805,0.009493589401245117,-0.013780653476715088,0.014229297637939453,-0.019675374031066895,-0.011983990669250488,-0.001985311508178711,-0.00946033000946045,-0.004050850868225098,0.0022901296615600586
2022-11-01,-0.015064239501953125,-0.006269574165344238,-0.02004861831665039,-0.01948559284210205,0.006422519683837891,-0.005263209342956543,0.03765273094177246,0.0004781484603881836,-0.036887526512145996,-0.000194549560546875
2022-11-02,-0.012221693992614746,-0.003154575824737549,-0.00929945707321167,0.004769444465637207,-0.00025522708892822266,-0.017015695571899414,0.0016431808471679688,-0.04114043712615967,-0.031684279441833496,-0.009334921836853027
2022-11-03,0.009918034076690674,0.006329059600830078,-0.02753448486328125,-0.007120251655578613,-0.009721875190734863,0.02059197425842285,-0.020642459392547607,-0.0011028051376342773,-0.007543087005615234,-0.009248495101928711
2022-11-04,0.013501763343811035,0.009433984756469727,-0.0032175183296203613,0.03346610069274902,-0.027621865272521973,0.001971125602722168,-0.0008375644683837891,-0.014870524406433105,-0.004278063774108887,0.008591055870056152
2022-11-07,-0.030022144317626953,0.0,-0.002582252025604248,0.008481144905090332,-0.001311182975769043,0.01119154691696167,0.023190855979919434,0.0009949207305908203,0.0023961663246154785,0.0026574134826660156
2022-11-09,0.019717156887054443,0.0093458890914917,-0.01229768991470337,-0.0022935867309570312,0.009957432746887207,0.003994584083557129,0.019661307334899902,-0.0029878616333007812,0.02188420295715332,0.007375657558441162
2022-11-10,0.017052888870239258,-0.009259343147277832,-0.024901747703552246,-0.011494278907775879,0.008073627948760986,0.00802147388458252,0.007498741149902344,-0.01200568675994873,-0.0057299137115478516,0.0028398633003234863
2022-11-11,0.00756227970123291,0.0031152963638305664,-0.05174732208251953,-0.008527100086212158,-0.024779081344604492,0.001347661018371582,-0.024853825569152832,0.016858458518981934,0.014921307563781738,-0.01587855815887451
2022-11-14,0.003137648105621338,-0.006211221218109131,0.010862588882446289,0.0015637874603271484,0.01626455783843994,-0.010121464729309082,-0.017036914825439453,-0.08845937252044678,0.01652437448501587,0.023541688919067383
2022-11-15,0.021133065223693848,-0.003125011920928955,0.000646054744720459,-0.01561284065246582,-0.004904985427856445,0.030060112476348877,-0.004575669765472412,-0.010450899600982666,-0.017361998558044434,-0.0021238327026367188
2022-11-16,0.026642203330993652,-0.003134787082672119,0.029734909534454346,-0.007930219173431396,0.025117933750152588,-0.057162582874298096,-0.0034824013710021973,-0.027861595153808594,-0.019818425178527832,0.020761430263519287
2022-11-17,-0.029259085655212402,-0.009433925151824951,-0.05662888288497925,-0.003996789455413818,0.014204561710357666,-0.004382669925689697,-0.004752635955810547,-0.0011380910873413086,-0.005668044090270996,0.007053792476654053
2022-11-18,-0.001375436782836914,-0.00317460298538208,-0.07062149047851562,-0.011235952377319336,0.013895630836486816,0.0036684274673461914,-0.006882071495056152,-0.0073544979095458984,-0.008856654167175293,0.008314847946166992
2022-11-21,0.016025662422180176,0.003184676170349121,0.015831172466278076,-0.013798654079437256,-0.0124131441116333,-0.02266085147857666,-0.011172354221343994,0.007095932960510254,0.016759753227233887,0.014937520027160645
2022-11-22,0.009771943092346191,-0.00317460298538208,0.010723769664764404,0.0016460418701171875,-0.0029152631759643555,0.0037397146224975586,-0.0022884011268615723,0.00880742073059082,-0.005411267280578613,-0.019833087921142578
2022-11-23,-0.01738715171813965,0.009554147720336914,-0.016260147094726562,-0.00493013858795166,-0.019463658332824707,0.020119190216064453,0.004873871803283691,0.013044357299804688,0.016953766345977783,-0.007130622863769531
2022-11-24,-0.010161638259887695,0.012618184089660645,-0.006666660308837891,-0.0024772286415100098,-0.01844918727874756,0.010956883430480957,0.002282381057739258,-0.022305607795715332,0.0035586953163146973,0.00414353609085083
2022-11-25,-0.01874721050262451,0.0093458890914917,0.010596096515655518,-0.042218565940856934,-0.02431797981262207,-0.009392976760864258,0.0034159421920776367,0.00808870792388916,0.01263737678527832,-0.02633810043334961
2022-11-28,-0.019299864768981934,0.006172776222229004,-0.009370923042297363,-0.012708544731140137,-0.0006698369979858398,-0.18307793140411377,0.006241202354431152,0.00442349910736084,-0.021981120109558105,-0.004250764846801758
2022-11-29,-0.01673269271850586,-0.01840496063232422,-0.0013262033462524414,-0.00313723087310791,0.005060911178588867,-0.14426636695861816,-0.0009867548942565918,0.0024579763412475586,0.003267049789428711,-0.005369424819946289
2022-11-30,-0.008228659629821777,-0.03313243389129639,0.022516489028930664,-0.06411266326904297,0.004521489143371582,-0.03717672824859619,0.007901787757873535,0.004903912544250488,0.012564897537231445,-0.010291695594787598
2022-12-01,-0.009020566940307617,-0.011661887168884277,-0.037262916564941406,-0.07861864566802979,-0.026305794715881348,0.038961052894592285,0.0006999969482421875,0.005795001983642578,-0.02600276470184326,-0.006598234176635742
2022-12-02,0.0017028450965881348,-0.0,-0.013716459274291992,-0.010899066925048828,-0.0005004405975341797,0.02054053544998169,0.0016788244247436523,-0.006064891815185547,0.00835806131362915,-0.017671704292297363
2022-12-05,-0.05799579620361328,-0.014409184455871582,0.009020566940307617,-0.023584961891174316,-0.006950974464416504,0.007174432277679443,0.0005587339401245117,0.009661316871643066,-0.0016313791275024414,0.010509312152862549
2022-12-06,0.027005314826965332,-0.025568246841430664,0.02015608549118042,0.032258033752441406,-0.002614736557006836,0.016675949096679688,0.0,0.00030219554901123047,0.012757837772369385,0.014351487159729004
2022-12-07,0.011598944664001465,-0.011661767959594727,-0.013271450996398926,0.03129255771636963,0.025245070457458496,-0.010175228118896484,-0.01702958345413208,-0.006847262382507324,-0.00027489662170410156,0.011741101741790771
2022-12-08,-0.03688180446624756,0.011799335479736328,0.011132895946502686,-0.04283714294433594,-0.013484597206115723,-0.07946276664733887,0.003976106643676758,0.007807016372680664,-0.023914217948913574,-0.005354046821594238
2022-12-09,0.027890026569366455,-0.01749265193939209,0.0019868016242980957,0.018181800842285156,0.005755007266998291,0.046137869358062744,-0.011739730834960938,-0.001307845115661621,0.016375839710235596,0.007424712181091309
2022-12-12,-0.0083160400390625,-0.0029674172401428223,0.01592564582824707,0.006858706474304199,-0.0033986568450927734,0.042391300201416016,-0.008730530738830566,0.0043315887451171875,-0.0008188486099243164,-0.0070885419845581055
2022-12-13,-0.012371182441711426,0.029761910438537598,-0.010788917541503906,0.0034530162811279297,-0.0029637813568115234,-0.005675315856933594,-0.010395526885986328,0.012136340141296387,0.0019089579582214355,0.007233142852783203
2022-12-14,-0.010590672492980957,-0.10693645477294922,-0.00333559513092041,-0.04504501819610596,0.01042163372039795,-0.0011286735534667969,-0.011380314826965332,0.004756808280944824,0.0049179792404174805,-0.006737470626831055
2022-12-15,0.006852149963378906,0.04960829019546509,-0.0,0.025198936462402344,-0.03479349613189697,0.008455455303192139,-0.007526516914367676,-0.005424618721008301,-0.0005490779876708984,0.015641450881958008
2022-12-16,0.027191519737243652,-0.027472496032714844,0.011303186416625977,0.022449016571044922,0.01129770278930664,0.010233044624328613,-0.038066864013671875,-0.009123384952545166,0.0010976791381835938,-0.03000122308731079
2022-12-19,-0.031289100646972656,-0.024064064025878906,0.010087430477142334,0.012526094913482666,0.00824892520904541,0.0080413818359375,0.0022919178009033203,0.015112042427062988,0.0027472376823425293,0.005990266799926758
2022-12-20,-0.007686138153076172,0.01827681064605713,0.005434811115264893,-0.005637764930725098,-0.017229735851287842,0.03358429670333862,-0.009619593620300293,0.01015472412109375,-0.00661158561706543,-0.0031595230102539062
2022-12-21,-0.047771990299224854,0.058510541915893555,0.02595621347427368,-0.06657320261001587,-0.04542827606201172,0.043738722801208496,0.011092126369476318,-0.013761460781097412,-0.0016421079635620117,-0.015929102897644043
2022-12-22,0.0016863346099853516,0.04237288236618042,0.03716689348220825,-0.015765726566314697,-0.002599000930786133,0.03947371244430542,-0.01481163501739502,-0.0002968907356262207,0.02486342191696167,-0.008299946784973145
2022-12-23,-0.03324919939041138,0.056047260761260986,0.0298616886138916,-0.07551491260528564,-0.05576300621032715,0.0821918249130249,-0.04619532823562622,-0.04246687889099121,-0.05127483606338501,-0.0413891077041626
2022-12-26,0.03352200984954834,-0.04999995231628418,-0.039789795875549316,0.037953853607177734,0.025235295295715332,-0.061123013496398926,0.01961076259613037,0.021503090858459473,-0.0386887788772583,0.01702713966369629
2022-12-27,0.02274644374847412,-0.01785719394683838,-0.02310466766357422,0.04610490798950195,0.03352665901184082,-0.026791691780090332,0.0036426782608032227,-0.011132478713989258,-0.06283760070800781,0.0
2022-12-28,-0.0061779022216796875,-0.01169586181640625,-0.016231536865234375,0.0189969539642334,-0.006366312503814697,-0.007175445556640625,-0.07563889026641846,-0.007573366165161133,0.013643622398376465,0.0
2022-12-29,-0.0037298202514648438,0.005780279636383057,0.006944417953491211,-0.013422846794128418,-0.0071642398834228516,0.003885924816131592,-0.057632625102996826,0.0006186962127685547,0.010577797889709473,0.000811457633972168
2022-12-30,0.026206374168395996,-0.0058138370513916016,-0.015384554862976074,-0.0007559061050415039,0.009151935577392578,0.03641098737716675,0.03480374813079834,0.0030918121337890625,0.03262060880661011,0.0033712387084960938
2023-01-02,-0.06809890270233154,-0.017341136932373047,-0.05647385120391846,0.021936535835266113,0.0036333799362182617,-0.018218636512756348,0.019238829612731934,0.0036988258361816406,0.011051297187805176,0.012674450874328613
2023-01-03,0.009867191314697266,-0.0,0.003911256790161133,-0.010362744331359863,-0.006950855255126953,0.007289528846740723,-0.007197260856628418,-0.0032756924629211426,-0.0017192363739013672,-0.012347757816314697
2023-01-04,0.034879207611083984,0.014204561710357666,0.03861260414123535,-0.016454756259918213,-0.006328701972961426,0.034712910652160645,-0.000683903694152832,-0.017253756523132324,-0.017162442207336426,-0.01309746503829956
2023-01-05,0.015885651111602783,0.00864553451538086,0.0034036636352539062,0.0,-0.015731871128082275,-0.001383066177368164,-0.009581148624420166,0.007210731506347656,0.019403815269470215,0.011806249618530273
2023-01-06,-0.06255042552947998,0.008720993995666504,0.016393423080444336,-0.005323171615600586,-0.028388261795043945,-0.023480653762817383,-0.031785547733306885,-0.004046440124511719,0.01003730297088623,-0.008133888244628906
2023-01-09,0.0018990039825439453,0.0029324889183044434,0.0034722089767456055,-0.009938836097717285,0.02160632610321045,0.014844775199890137,0.0012845993041992188,-0.0009376406669616699,0.007531881332397461,-0.0035636425018310547
2023-01-10,0.00456613302230835,0.005882382392883301,-0.006271719932556152,-0.015444040298461914,0.0034548044204711914,-0.01095890998840332,-0.018959343433380127,-0.012200236320495605,0.005253970623016357,-0.023009300231933594
2023-01-11,-0.03325676918029785,-0.005917191505432129,-0.05609416961669922,0.0015685558319091797,0.019849181175231934,0.008807599544525146,-0.015111923217773438,-0.011717498302459717,-0.00586855411529541,-0.0118638277053833
2023-01-12,0.0414353609085083,-0.0,-0.013770580291748047,-0.00391542911529541,0.02941429615020752,-0.008202314376831055,-0.0045735836029052734,0.008865594863891602,0.008751451969146729,-0.006114780902862549
2023-01-13,-0.003473520278930664,0.008823513984680176,0.009055674076080322,0.003930807113647461,0.0003707408905029297,0.0027118325233459473,-0.0019267797470092773,0.018422484397888184,0.006474316120147705,0.012753725051879883
2023-01-16,0.021538496017456055,0.011869490146636963,0.02480417490005493,0.025058746337890625,-0.039880216121673584,-0.008157730102539062,0.00014841556549072266,0.00311887264251709,0.0005924701690673828,-0.0026162266731262207
2023-01-17,0.002751588821411133,0.003002941608428955,0.006693422794342041,-0.032085537910461426,-0.006858468055725098,0.01955503225326538,-0.01380842924118042,0.001761794090270996,0.009780645370483398,-0.005646169185638428
2023-01-18,-0.014189958572387695,0.021084368228912354,0.004716932773590088,-0.0078926682472229,-0.0017040371894836426,-0.011004209518432617,-0.003763914108276367,0.0049659013748168945,0.01825803518295288,0.007421970367431641
2023-01-19,0.009716212749481201,-0.0,0.010155737400054932,-0.009546518325805664,0.004941105842590332,0.010204076766967773,-0.008463084697723389,0.002985358238220215,0.003658592700958252,-0.024542927742004395
2023-01-20,0.0023548007011413574,0.0030768513679504395,-0.0068399906158447266,-0.014457881450653076,-0.039930880069732666,0.0075601935386657715,0.0268251895904541,-0.005234479904174805,-0.031517863273620605,-0.007370650768280029
2023-01-23,-0.026750564575195312,0.0030865073204040527,-0.008152127265930176,0.0024449825286865234,0.007480263710021973,0.002770066261291504,-0.07674038410186768,0.010730504989624023,0.046573758125305176,0.004950284957885742
2023-01-24,0.008429169654846191,0.009287893772125244,-0.030323505401611328,0.0016260147094726562,0.03635358810424805,0.01250004768371582,-0.001286149024963379,-0.03327888250350952,0.012445569038391113,-0.0046977996826171875
2023-01-25,0.018933534622192383,0.00937497615814209,0.007194161415100098,-0.011363565921783447,-0.010493695735931396,-0.0056258440017700195,-0.0758209228515625,-0.015205919742584229,-0.02646505832672119,-0.012556135654449463
2023-01-27,0.035053133964538574,0.009463787078857422,0.02503293752670288,-0.030377686023712158,0.0453643798828125,0.02027970552444458,0.006284594535827637,-0.029809117317199707,0.019336998462677002,-0.021162033081054688
2023-01-30,0.016734719276428223,-0.0,0.02162158489227295,-0.010160863399505615,-0.02776181697845459,-0.002141237258911133,0.04246342182159424,-0.004973471164703369,0.007198691368103027,0.018585205078125
2023-01-31,-0.03528439998626709,-0.038216471672058105,-0.02071821689605713,-0.05303680896759033,0.0036062002182006836,0.0007121562957763672,0.0004718303680419922,0.02632462978363037,-0.004413604736328125,-0.033978819847106934
2023-02-01,0.045308709144592285,0.027607321739196777,0.034506142139434814,0.03736799955368042,-0.023385941982269287,0.034925222396850586,-0.0045626163482666016,-0.015259742736816406,0.023854374885559082,0.024263978004455566
2023-02-02,-0.08021843433380127,0.006309151649475098,0.007708430290222168,0.0008438825607299805,0.013420581817626953,-0.010339856147766113,-0.0037589073181152344,0.0021981000900268555,0.006430864334106445,-0.003414154052734375
2023-02-03,-0.028767108917236328,-0.0031746625900268555,0.03531074523925781,-0.0025337934494018555,0.0070230960845947266,-0.019005775451660156,-0.013574600219726562,-0.020945310592651367,-0.01456308364868164,0.006529033184051514
2023-02-06,0.0075223445892333984,0.0031645894050598145,-0.014641284942626953,-0.0058972835540771484,-0.0055852532386779785,-0.049497783184051514,-0.007696986198425293,0.031026005744934082,-0.015311002731323242,-0.014485955238342285
2023-02-07,-0.01913207769393921,0.00317460298538208,-0.00432896614074707,0.0025125741958618164,-0.0008915066719055176,0.0007547140121459961,0.0009165406227111816,-0.005649089813232422,0.0075400471687316895,0.011177003383636475
2023-02-08,-0.005708813667297363,-0.0,0.007902204990386963,0.00167924165725708,0.0062760114669799805,-0.0022624731063842773,0.005198836326599121,0.0037146806716918945,-0.0193098783493042,-0.008350610733032227
2023-02-09,0.007176995277404785,-0.003184676170349121,0.0065171122550964355,-0.025231242179870605,-0.004758954048156738,0.002267599105834961,0.0066092610359191895,-0.0007619857788085938,0.0015528202056884766,-0.0060852766036987305
2023-02-10,-0.021852731704711914,-0.0,-0.00437319278717041,0.0016407370567321777,0.009058475494384766,-0.06033182144165039,-0.030635952949523926,0.005119800567626953,-0.004043459892272949,-0.008231401443481445
2023-02-13,-0.009713470935821533,0.01269841194152832,0.0036284327507019043,0.00903862714767456,-0.00706404447555542,0.003556191921234131,0.031977176666259766,-0.02839493751525879,-0.07280051708221436,0.035363078117370605
2023-02-14,0.009808778762817383,-0.02250802516937256,0.006555080413818359,0.004145920276641846,0.0049207210540771484,-0.053533196449279785,0.009305238723754883,0.0025655031204223633,0.016170859336853027,0.009632468223571777
2023-02-15,-0.017969846725463867,-0.006289362907409668,0.005865037441253662,-0.0033305883407592773,0.010589599609375,0.014905214309692383,0.010801434516906738,0.007565617561340332,-0.011446952819824219,0.008073687553405762
2023-02-16,-0.00890207290649414,-0.00625002384185791,-0.03834807872772217,-0.0024896860122680664,-0.0011383295059204102,0.04607975482940674,0.012660205364227295,0.009054780006408691,0.038595497608184814,0.0025702714920043945
2023-02-17,0.009481072425842285,0.012422382831573486,0.011363685131072998,-0.016556262969970703,-0.032523930072784424,0.006488800048828125,0.0044879913330078125,-0.005581080913543701,0.009658873081207275,-0.006108283996582031
2023-02-20,-0.0177953839302063,0.0031446218490600586,0.005028724670410156,0.015472352504730225,0.001932978630065918,0.012336671352386475,0.008694171905517578,-0.00869375467300415,0.013105809688568115,0.0014229416847229004
2023-02-21,0.0055359601974487305,0.015772879123687744,0.008664250373840332,0.0008271336555480957,-0.002562403678894043,-0.039676666259765625,0.00048720836639404297,-0.015430688858032227,0.03489804267883301,0.019997119903564453
2023-02-22,-0.007507503032684326,0.016025662422180176,0.02257835865020752,0.01738417148590088,-0.018708229064941406,0.008480548858642578,-0.001787424087524414,-0.0117262601852417,0.018880009651184082,0.020405232906341553
2023-02-23,0.006555795669555664,0.0032573342323303223,0.00745159387588501,0.005054771900177002,-0.014198601245880127,-0.029223084449768066,0.012814342975616455,-0.00034224987030029297,0.007501661777496338,0.037306368350982666
2023-02-24,-0.03707420825958252,0.006535947322845459,0.015015006065368652,0.009314119815826416,-0.001655876636505127,0.029085874557495117,0.00016427040100097656,-0.01141291856765747,0.023332178592681885,0.01562422513961792
2023-02-27,-0.0036420226097106934,0.016447365283966064,0.015243887901306152,0.019658148288726807,-0.04278022050857544,-0.08059918880462646,-0.015776515007019043,-0.013853609561920166,0.0016823410987854004,-0.06442850828170776
2023-02-28,-0.017232418060302734,-0.013377904891967773,-0.020897865295410156,-0.018308639526367188,-0.0072907209396362305,-0.005280494689941406,-0.0017796754837036133,0.0037461519241333008,-0.013818621635437012,-0.06914448738098145
2023-03-01,0.028692960739135742,-0.009901046752929688,0.005307018756866455,-0.00856161117553711,0.01123046875,-0.007222533226013184,-0.005329489707946777,0.024725914001464844,0.009640932083129883,-0.018634438514709473
2023-03-02,-0.004648804664611816,0.009803950786590576,0.010670661926269531,0.005942285060882568,0.0045920610427856445,0.012385904788970947,0.00016057491302490234,0.00614619255065918,0.02148371934890747,0.015782654285430908
2023-03-03,0.025947093963623047,-0.003300309181213379,-0.004622459411621094,-0.012809514999389648,0.007326722145080566,-0.017821788787841797,0.0024100542068481445,-0.005656123161315918,-0.02675807476043701,-0.01988852024078369
2023-03-06,-0.027314066886901855,-0.0,-0.012269973754882812,0.0025295019149780273,0.01654231548309326,-0.025291919708251953,-0.0016105175018310547,0.0003412961959838867,-0.013364553451538086,0.02302306890487671
2023-03-08,-0.043161749839782715,0.006578922271728516,0.006060600280761719,-0.0,-0.007598280906677246,-0.016445279121398926,0.010130345821380615,0.009894251823425293,-0.029014229774475098,-0.0064269304275512695
2023-03-09,-0.0014954805374145508,-0.0033111572265625,-0.0030488967895507812,0.0033812522888183594,-0.016493380069732666,-0.0031113624572753906,0.0019492506980895996,-0.004729747772216797,0.0032041072845458984,0.014485180377960205
2023-03-10,0.0019910335540771484,0.009900987148284912,0.018237173557281494,0.011874496936798096,-0.014531731605529785,-0.006823897361755371,-0.019693970680236816,-0.011314749717712402,-0.009000301361083984,0.0010536909103393555
2023-03-13,0.013965129852294922,0.026666641235351562,0.0030959248542785645,-0.04892700910568237,-0.014482736587524414,0.02711033821105957,-0.035275280475616455,-0.01728081703186035,0.029627203941345215,0.027370572090148926
2023-03-14,0.016691982746124268,0.010273993015289307,0.032608747482299805,-0.03068596124649048,0.020573735237121582,-0.0018999576568603516,-0.004136323928833008,0.0029113292694091797,-0.014116883277893066,-0.02201378345489502
2023-03-15,-0.0030864477157592773,0.01038062572479248,-0.016051411628723145,-0.05121040344238281,0.012566685676574707,0.0012642145156860352,-0.020767569541931152,-0.017998158931732178,0.0284881591796875,0.017666757106781006
2023-03-16,-0.005128264427185059,-0.03146851062774658,0.013428092002868652,-0.0736016035079956,0.026566624641418457,0.0069620609283447266,0.01153719425201416,-0.028851747512817383,0.009330272674560547,-0.09337866306304932
2023-03-17,-0.004081606864929199,0.010830283164978027,0.013610899448394775,0.03930532932281494,-0.007996797561645508,0.0006372928619384766,0.005870461463928223,0.007815182209014893,-0.01614534854888916,-0.0026674270629882812
2023-03-20,0.005589485168457031,-0.025000035762786865,0.013798654079437256,-0.12654614448547363,-0.0186612606048584,0.005102038383483887,0.0016674995422363281,-0.00671839714050293,0.015557825565338135,0.0016750097274780273
2023-03-21,-0.018395543098449707,0.0036630630493164062,-0.04197525978088379,-0.0067566633224487305,0.01562035083770752,-0.004487156867980957,-0.07507908344268799,0.011506140232086182,-0.01479482650756836,-0.0331113338470459
2023-03-22,-0.003512263298034668,0.0,-0.0007898807525634766,0.025167763233184814,-0.016048908233642578,0.0031908154487609863,0.04087948799133301,-0.005354523658752441,0.003976106643676758,-0.0034867525100708008
2023-03-23,0.0040000081062316895,-0.0036496520042419434,-0.007103443145751953,0.03270220756530762,0.0022330284118652344,-0.013444304466247559,0.032773733139038086,0.010651886463165283,-0.010645270347595215,-0.0069969892501831055
2023-03-24,-0.00301206111907959,-0.018315017223358154,-0.0015674829483032227,0.07028472423553467,-0.027317583560943604,0.039797842502593994,-0.000500798225402832,0.020128726959228516,0.0023040771484375,0.019663453102111816
2023-03-27,0.02852851152420044,-0.02985072135925293,0.023474156856536865,-0.025837302207946777,0.0002987384796142578,0.004605233669281006,0.029362738132476807,0.021736562252044678,0.029033362865447998,0.005207240581512451
2023-03-28,0.007727980613708496,-0.04230773448944092,-0.004807710647583008,0.023320913314819336,-0.0075334906578063965,0.01982814073562622,-0.013406634330749512,0.028323709964752197,0.021406710147857666,0.008772850036621094
2023-03-29,-0.006230473518371582,0.0040160417556762695,-0.009569406509399414,-0.027698159217834473,0.014178156852722168,0.0087660551071167,-0.04833781719207764,-0.02060556411743164,-0.005208373069763184,-0.03471720218658447
2023-03-31,-0.006707906723022461,-0.03600001335144043,-0.019747257232666016,-0.008364319801330566,0.011573076248168945,-0.07414960861206055,-0.004368185997009277,-0.02388286590576172,-0.008980989456176758,0.017579495906829834
2023-04-03,-0.07380831241607666,-0.038609981536865234,-0.006971240043640137,-0.032258033752441406,-0.013005197048187256,0.029132306575775146,0.01336979866027832,-0.007334351539611816,-0.08113658428192139,-0.007744431495666504
2023-04-05,-0.014797210693359375,-0.0037175416946411133,-0.053846120834350586,-0.011607170104980469,-0.00023120641708374023,-0.03131115436553955,-0.005387783050537109,-0.005609989166259766,-0.000316619873046875,-0.0007159709930419922
2023-04-06,-0.0009406805038452148,-0.011111140251159668,-0.0014598369598388672,0.0017652511596679688,0.010702252388000488,-0.0012650489807128906,0.0008119344711303711,-0.0032047033309936523,-0.0015827417373657227,0.007488608360290527
2023-04-10,0.02349621057510376,0.0036629438400268555,0.01676386594772339,0.004420876502990723,0.013007402420043945,-0.16614019870758057,-0.002762913703918457,-0.0060340166091918945,-0.008849620819091797,0.004709720611572266
2023-04-11,-0.013474464416503906,0.007352948188781738,-0.024462580680847168,0.012433409690856934,0.004839301109313965,-0.022210121154785156,0.036142587661743164,-0.009996414184570312,-0.022556304931640625,-0.01018834114074707
2023-04-12,-0.0023741722106933594,-0.01481485366821289,0.007235884666442871,0.010791361331939697,-0.012072205543518066,-0.01059877872467041,-0.00756680965423584,-0.010712623596191406,-0.010722994804382324,0.009368598461151123
2023-04-13,0.0009474754333496094,0.014598548412322998,0.01967930793762207,-0.0036363601684570312,-0.00532984733581543,-0.07551133632659912,0.004172205924987793,0.011405587196350098,-0.010912418365478516,0.016308844089508057
2023-04-17,-0.036036014556884766,0.018518507480621338,0.02453535795211792,-0.03894925117492676,-0.0003267526626586914,-0.05411994457244873,-0.010055303573608398,0.01514977216720581,0.007196366786956787,0.020650386810302734
2023-04-18,0.015560626983642578,0.022641539573669434,0.012957274913787842,0.034001708030700684,0.011406660079956055,0.08001852035522461,0.0018251538276672363,-0.00366818904876709,-0.007248520851135254,0.0002504587173461914
2023-04-19,-0.031148314476013184,-0.003861069679260254,0.011583030223846436,0.007220268249511719,-0.02976250648498535,0.07340365648269653,-0.016289949417114258,0.009431719779968262,-0.0032984018325805664,0.028205037117004395
2023-04-20,0.004057765007019043,-0.0,-0.0390625,0.0036363601684570312,0.004996061325073242,0.001627802848815918,0.011612772941589355,0.00761723518371582,-0.004781842231750488,0.0063408613204956055
2023-04-21,-0.008601188659667969,-0.0076923370361328125,-0.061654090881347656,0.010948896408081055,-0.006561875343322754,0.007065236568450928,-0.0,-0.0037180185317993164,0.04015469551086426,0.00430607795715332
2023-04-24,-0.052962303161621094,-0.0,0.008498549461364746,-0.0009224414825439453,-0.014078021049499512,0.0005472898483276367,0.012576520442962646,-0.004540562629699707,0.04307413101196289,0.016308903694152832
2023-04-25,0.0012787580490112305,-0.0,0.02857142686843872,-0.012903213500976562,0.0006090402603149414,0.0750274658203125,0.0013406872749328613,0.0009515881538391113,0.02623051404953003,0.028550267219543457
2023-04-26,-0.034571051597595215,0.0038167834281921387,-0.022058844566345215,-0.0009099245071411133,-0.019579291343688965,0.02545875310897827,-0.016445636749267578,-0.0007143020629882812,-0.0006650686264038086,-0.011504888534545898
2023-04-27,0.011551082134246826,-0.045976996421813965,0.0035971403121948242,-0.07090914249420166,0.006311893463134766,-0.024908781051635742,-0.013868212699890137,-0.018441438674926758,-0.012961149215698242,0.01719576120376587
2023-04-28,0.020868122577667236,0.018315017223358154,0.004332184791564941,0.014431297779083252,0.002981901168823242,0.019561350345611572,-0.007816433906555176,-0.008878469467163086,0.003936946392059326,-0.056987762451171875
2023-05-02,-0.01705026626586914,-0.007462739944458008,-0.005076289176940918,-0.006029367446899414,0.01192629337310791,-0.006650567054748535,0.0027468204498291016,-0.00717926025390625,-0.005599379539489746,0.0020757317543029785
2023-05-03,-0.016764402389526367,-0.007407426834106445,-0.012986898422241211,0.0008562207221984863,0.0028367042541503906,0.0162162184715271,-0.0034024715423583984,0.002299368381500244,0.009826421737670898,0.002547919750213623
2023-05-04,0.021434485912322998,-0.014705896377563477,-0.001424551010131836,-0.020565509796142578,-0.0010776519775390625,-0.0018315315246582031,-0.009203910827636719,-0.00864255428314209,-0.008931517601013184,0.003805696964263916
2023-05-05,-0.0029486417770385742,0.010869622230529785,0.006401181221008301,0.03442484140396118,-0.023125648498535156,0.004265785217285156,0.0004799962043762207,-0.017708241939544678,-0.06918036937713623,0.01203620433807373
2023-05-08,0.0016800165176391602,-0.0,-0.012884736061096191,0.006956577301025391,0.0002415180206298828,0.012851834297180176,-0.005442500114440918,0.011863231658935547,-0.024839043617248535,0.006991863250732422
2023-05-09,0.0029448866844177246,0.010989010334014893,-0.040282607078552246,0.014886140823364258,0.001000523567199707,0.021698713302612305,0.006209135055541992,-0.003793060779571533,0.023638606071472168,0.01018834114074707
2023-05-10,0.00042194128036499023,-0.02592599391937256,0.03872281312942505,-0.053333282470703125,-0.0030329227447509766,-0.03422045707702637,0.0009613037109375,0.003230571746826172,-0.019613981246948242,-0.017406702041625977
2023-05-11,-0.013085722923278809,0.0036101341247558594,-0.005653738975524902,0.010970473289489746,0.005358457565307617,0.006740152835845947,0.005131423473358154,0.002875208854675293,0.007213771343231201,0.003390014171600342
2023-05-12,0.005416691303253174,0.00362318754196167,0.011946558952331543,0.008532404899597168,-0.004779815673828125,0.007402896881103516,0.01257258653640747,-0.0022935867309570312,-0.0030275583267211914,0.030720174312591553
2023-05-15,-0.0012568235397338867,0.0036363601684570312,-0.008534789085388184,-0.0430293083190918,0.012404203414916992,-0.004972100257873535,0.002448558807373047,-0.03172409534454346,-0.0310896635055542,-0.021494746208190918
2023-05-16,-0.0066945552825927734,0.0036496520042419434,0.0028209686279296875,0.017326712608337402,-0.02040886878967285,0.0006183981895446777,0.005563676357269287,0.007241547107696533,0.007611274719238281,0.005797326564788818
2023-05-17,0.00540316104888916,0.007325947284698486,-0.00282895565032959,0.005037784576416016,-0.04776507616043091,0.015470325946807861,-0.016126394271850586,0.010997653007507324,-0.0023598670959472656,0.01058262586593628
2023-05-18,0.004178881645202637,0.007380127906799316,-0.02397739887237549,0.025316476821899414,0.005744218826293945,0.0037712454795837402,0.013765156269073486,-0.032225072383880615,0.020011723041534424,0.010422945022583008
2023-05-19,-0.007973074913024902,0.014869868755340576,-0.032369136810302734,-0.012987017631530762,-0.001345992088317871,0.0012618303298950195,-0.022167503833770752,-0.0012897849082946777,0.006306350231170654,-0.0032535791397094727
2023-05-22,-0.011656999588012695,0.0037735700607299805,-0.004002690315246582,0.0034188032150268555,-0.017922163009643555,0.03032219409942627,-0.018471896648406982,-0.03416299819946289,-0.003928780555725098,-0.00027489662170410156
2023-05-23,0.0065844058990478516,-0.011363625526428223,-0.016611337661743164,-0.025728940963745117,0.0014095306396484375,-0.015635132789611816,0.005303621292114258,-0.01430356502532959,-0.004816293716430664,0.012363970279693604
2023-05-24,-0.06172323226928711,-0.029962539672851562,-0.015032649040222168,-0.014214038848876953,0.011593461036682129,-0.1295703649520874,-0.02195364236831665,0.017347514629364014,-0.004793286323547363,0.014744281768798828
2023-05-25,0.004291832447052002,0.014545440673828125,-0.01996135711669922,0.004946470260620117,-0.003112316131591797,-0.009085655212402344,0.0038280487060546875,-0.003872513771057129,-0.002385258674621582,0.010786116123199463
2023-05-26,0.002742946147918701,-0.003690004348754883,0.010100960731506348,0.0024854540824890137,-0.03169751167297363,-0.03095102310180664,-0.00780034065246582,-0.01089167594909668,-0.009518146514892578,-0.06684935092926025
2023-05-29,-0.0015716552734375,-0.014705896377563477,0.005102038383483887,-0.014950156211853027,0.0043433308601379395,-0.0,0.017295479774475098,-0.0038160085678100586,-0.004714250564575195,-0.00861513614654541
2023-05-30,0.0054923295974731445,0.00724637508392334,-0.0038461685180664062,-0.002454996109008789,-0.012479066848754883,-0.05513107776641846,0.011677861213684082,-0.0014535188674926758,-0.03636360168457031,-0.01379382610321045
2023-05-31,-0.048520684242248535,-0.0,-0.022988438606262207,-0.00081634521484375,0.0003178715705871582,0.049146413803100586,-0.033271193504333496,0.008150041103363037,-0.07300519943237305,0.00026166439056396484
2023-06-01,0.012415289878845215,-0.01824820041656494,0.014981210231781006,-0.0628058910369873,-0.0006005764007568359,-0.06474423408508301,0.029242634773254395,-0.020035982131958008,-0.08676159381866455,0.014865994453430176
2023-06-02,-0.008000016212463379,-0.043010830879211426,0.0038022994995117188,-0.016116619110107422,0.011509597301483154,0.024527370929718018,0.0027077794075012207,-0.006400346755981445,0.02402329444885254,-0.007013797760009766
2023-06-05,-0.00037789344787597656,0.013745665550231934,-0.0050890445709228516,0.02341383695602417,-0.02200150489807129,-0.1231011152267456,0.002375662326812744,-0.008442997932434082,-0.033316731452941895,-0.03978466987609863
2023-06-06,0.0026445388793945312,0.017421603202819824,0.0018987655639648438,-0.01082754135131836,-0.012825965881347656,0.008861899375915527,0.0103759765625,-0.008263587951660156,-0.012511968612670898,0.016898393630981445
2023-06-07,-0.006060600280761719,-0.028368711471557617,0.004438817501068115,-0.0214231014251709,0.004209697246551514,0.019294142723083496,-0.0024063587188720703,0.0077645182609558105,0.01093149185180664,-0.016466259956359863
2023-06-08,0.006400644779205322,0.01034480333328247,0.010191142559051514,0.035955071449279785,0.009321153163909912,0.01871401071548462,-0.006344318389892578,0.02401912212371826,-0.017539620399475098,0.02437537908554077
2023-06-09,0.002652466297149658,0.0034843087196350098,-0.013513565063476562,0.00932401418685913,0.01059812307357788,-0.03960883617401123,0.00153350830078125,0.012138128280639648,0.029279768466949463,0.010722458362579346
2023-06-12,-0.007598757743835449,-0.024475455284118652,-0.0488889217376709,0.0031372904777526855,-0.019019365310668945,-0.04703664779663086,-0.0005118846893310547,-0.002480030059814453,-0.01167595386505127,-0.004104018211364746
2023-06-13,-0.01583707332611084,-0.006825923919677734,-0.055084824562072754,-0.017309188842773438,-0.003954887390136719,-0.00044918060302734375,0.0013644695281982422,-0.007196664810180664,-0.023082494735717773,0.0046111345291137695
2023-06-14,-0.008537530899047852,0.010169446468353271,0.017785489559173584,0.012374341487884521,-0.00684201717376709,0.04849576950073242,-0.014175891876220703,0.001674652099609375,0.007520616054534912,-0.004632472991943359
2023-06-15,0.0036805272102355957,-0.0034246444702148438,0.009345769882202148,0.014095485210418701,-0.02879500389099121,0.01274186372756958,-0.022734880447387695,0.01017671823501587,-0.004499197006225586,0.04233914613723755
2023-06-16,-0.0044329166412353516,-0.05119454860687256,-0.015330076217651367,-0.042096853256225586,-0.03192561864852905,-0.006214141845703125,-0.04939901828765869,-0.00519716739654541,-0.0025930404663085938,-0.002954721450805664
2023-06-19,-0.026848196983337402,0.0064934492111206055,0.008710801601409912,-0.013719558715820312,-0.01929771900177002,0.006650805473327637,-0.0014122724533081055,0.004046320915222168,-0.044204115867614746,0.010147273540496826
2023-06-20,0.012535810470581055,-0.006535887718200684,0.006443977355957031,0.005263149738311768,-0.01500403881072998,-0.013868927955627441,-0.10059547424316406,-0.0004514455795288086,-0.02882230281829834,-0.0644841194152832
2023-06-21,-0.02357637882232666,-0.003246784210205078,-0.04834902286529541,0.006046891212463379,-0.009524822235107422,0.006603717803955078,-0.07517087459564209,0.0014664530754089355,-0.060407161712646484,0.040355801582336426
2023-06-22,0.019489705562591553,-0.009708762168884277,0.016872882843017578,0.007604539394378662,-0.00486224889755249,0.014719903469085693,-0.010460734367370605,0.006439208984375,0.03323012590408325,-0.004700183868408203
2023-06-23,-0.013010382652282715,0.016025662422180176,0.019450843334197998,0.03218388557434082,0.00014472007751464844,-0.0,0.03171271085739136,-0.02728825807571411,0.05742955207824707,-0.015589356422424316
2023-06-26,0.010702848434448242,0.026058673858642578,0.002333700656890869,-0.0023752450942993164,-0.004885315895080566,0.007710874080657959,-0.07470560073852539,0.001870274543762207,-0.07610416412353516,0.006762266159057617
2023-06-27,0.0021636486053466797,0.006688952445983887,-0.019883036613464355,-0.0,0.0009455680847167969,-0.11607575416564941,0.01775592565536499,0.021817803382873535,-0.045464158058166504,0.006487250328063965
2023-06-28,-0.00216829776763916,0.003367006778717041,0.002293527126312256,0.00710904598236084,0.0026521682739257812,0.006962597370147705,-0.0,-0.006394147872924805,-0.057781338691711426,-0.008384644985198975
2023-06-30,-0.017670512199401855,0.006756782531738281,-0.041379332542419434,0.0007955431938171387,-0.004674315452575684,-0.015337467193603516,0.019358932971954346,0.009538054466247559,-0.01712977886199951,-0.0008628368377685547
2023-07-03,-0.023741960525512695,0.0034013986587524414,0.021523118019104004,0.012738823890686035,0.0039681196212768555,-0.06473886966705322,0.016341984272003174,0.001821279525756836,-0.01328587532043457,0.019746780395507812
2023-07-04,-0.0010384321212768555,-0.006825923919677734,-0.0005639791488647461,-0.007258057594299316,-0.0035535693168640137,-0.032022714614868164,-0.027910709381103516,0.012612223625183105,0.01440441608428955,0.008863449096679688
2023-07-05,-0.05497920513153076,-0.050847411155700684,-0.02367532253265381,-0.0016012191772460938,-0.0012736320495605469,0.025137484073638916,0.013835012912750244,-0.004824936389923096,-0.014052867889404297,0.003581404685974121
2023-07-06,-0.02294325828552246,-0.0032258033752441406,0.001101374626159668,-0.015987157821655273,0.002076864242553711,0.012489914894104004,0.004588961601257324,-0.04577744007110596,0.013488531112670898,0.03412520885467529
2023-07-07,0.010893940925598145,0.0032154321670532227,0.0066152215003967285,-0.009441375732421875,-0.04708743095397949,0.010199904441833496,-0.0006586313247680664,0.0031267404556274414,0.014984071254730225,-0.0886983871459961
2023-07-10,-0.06511163711547852,0.006451666355133057,-0.007769227027893066,0.013250231742858887,0.012605488300323486,-0.02638089656829834,0.005528509616851807,0.0036772489547729492,-0.028522491455078125,0.02253478765487671
2023-07-11,-0.03041362762451172,0.012987017631530762,0.02753305435180664,0.003949463367462158,-0.003341078758239746,-0.012851357460021973,0.014956951141357422,-0.033977389335632324,-0.014605164527893066,-0.002482771873474121
2023-07-12,-0.05283355712890625,0.003289461135864258,0.02548128366470337,-0.006344199180603027,0.004136085510253906,-0.00832676887512207,-0.0,-0.026561617851257324,0.00965738296508789,0.00025272369384765625
2023-07-13,0.02102607488632202,-0.0,0.0325392484664917,0.010244309902191162,0.012671172618865967,0.02320098876953125,-0.005912303924560547,0.01482921838760376,0.020239174365997314,0.015116333961486816
2023-07-14,-0.0572737455368042,-0.009901046752929688,-0.0030030012130737305,-0.01114654541015625,-0.0101243257522583,0.03542667627334595,-0.07320332527160645,-0.026782870292663574,-0.005633831024169922,-0.08598124980926514
2023-07-17,-0.018418192863464355,-0.03594768047332764,-0.0011975765228271484,-0.02362203598022461,-0.009070038795471191,0.005843102931976318,0.008215129375457764,-0.01526641845703125,-0.00784313678741455,-0.06319713592529297
2023-07-18,-0.018085122108459473,-0.05047321319580078,0.001196146011352539,0.010000050067901611,0.018081963062286377,0.02099078893661499,-0.05346393585205078,-0.011551499366760254,-0.02927553653717041,0.024585425853729248
2023-07-19,-0.0141066312789917,0.01328897476196289,0.007185637950897217,-0.07536906003952026,-0.025253772735595703,0.009433925151824951,-0.08220160007476807,-0.019885778427124023,-0.0586857795715332,0.0036007165908813477
2023-07-20,-0.01854705810546875,0.013114690780639648,0.00904703140258789,0.003361344337463379,-0.006427168846130371,-0.024675369262695312,0.06175696849822998,0.008301138877868652,0.005781292915344238,-0.0013723373413085938
2023-07-21,-0.1664137840270996,-0.006472468376159668,0.0048691630363464355,-0.015075385570526123,-0.03842043876647949,0.01816648244857788,0.03074038028717041,-0.025403857231140137,-0.003078460693359375,0.012790679931640625
2023-07-24,0.029271483421325684,0.003257274627685547,0.0055045485496521,-0.00935375690460205,0.0064157843589782715,-0.0,-0.018520832061767578,-0.027622222900390625,0.006308615207672119,-0.0049974918365478516
2023-07-25,0.03663170337677002,-0.0032467246055603027,0.01722019910812378,-0.014592230319976807,0.007092893123626709,-0.0012909173965454102,0.03624910116195679,0.00535738468170166,-0.0044612884521484375,-0.06271004676818848
2023-07-26,-0.02388131618499756,-0.0065146684646606445,-0.041927337646484375,0.015679359436035156,-0.03120267391204834,0.008594751358032227,0.01985454559326172,-0.004457592964172363,-0.018619656562805176,-0.003379344940185547
2023-07-27,0.0018116235733032227,0.006557345390319824,0.006006002426147461,-0.014579713344573975,-0.012319087982177734,0.014737725257873535,-0.03497731685638428,0.020062804222106934,0.007211089134216309,-0.0006477832794189453
2023-07-28,0.00045365095138549805,0.03257334232330322,-0.004229545593261719,0.017406463623046875,0.012911558151245117,-0.01231849193572998,0.01932889223098755,-0.02471923828125,0.014020264148712158,-0.0361180305480957
2023-07-31,0.006581902503967285,0.0031545162200927734,-0.0445246696472168,-0.0034217238426208496,-0.018378019332885742,0.009126484394073486,0.02194124460220337,0.002670109272003174,0.00959402322769165,0.011411488056182861
2023-08-01,-0.04683578014373779,0.012578606605529785,-0.03398609161376953,-0.0034334659576416016,-0.005362510681152344,0.020614027976989746,-0.049936652183532715,0.014771044254302979,-0.0025947093963623047,0.021864593029022217
2023-08-02,-0.0010912418365478516,-0.024844765663146973,0.03509753942489624,0.0017226934432983398,-0.027915358543395996,0.029108822345733643,0.03633517026901245,0.017709791660308838,-0.00017261505126953125,0.043457627296447754
2023-08-03,-0.003924131393432617,0.0,-0.012702107429504395,0.0068787336349487305,-0.0004971027374267578,0.01937270164489746,-0.018163561820983887,0.0007631778717041016,0.006727635860443115,-0.03196907043457031
2023-08-04,0.0008686184883117676,0.015923619270324707,0.005131065845489502,-0.006831705570220947,-0.004410147666931152,-0.004703640937805176,0.03432571887969971,-0.018043041229248047,-0.0389024019241333,-0.0014834403991699219
2023-08-07,-0.0034775733947753906,-0.04702198505401611,0.019484221935272217,0.015477180480957031,0.010049164295196533,-0.06460672616958618,-0.01719963550567627,-0.0028132200241088867,-0.06051492691040039,-0.006622195243835449
2023-08-08,-0.008663654327392578,0.00898212194442749,0.01987147331237793,0.019475102424621582,-0.0007808208465576172,-0.030530571937561035,0.015405893325805664,-0.01589679718017578,-0.012925505638122559,-0.010387301445007324
2023-08-09,-0.03585994243621826,0.0030211210250854492,-0.01967799663543701,-0.0024917125701904297,-0.023906826972961426,-0.011874020099639893,0.001526474952697754,0.016476452350616455,-0.007936596870422363,-0.01636326313018799
2023-08-10,-0.010986804962158203,-0.024242401123046875,0.01286548376083374,0.032472968101501465,0.005547583103179932,-0.022466003894805908,0.0021659135818481445,-0.029574155807495117,0.016365647315979004,-0.16554975509643555
2023-08-11,0.009021997451782227,0.023668646812438965,0.0017772912979125977,0.0032258033752441406,-0.004628419876098633,0.0010689496994018555,0.013151168823242188,0.009090065956115723,0.018050551414489746,0.04057133197784424
2023-08-14,0.004345059394836426,0.006060600280761719,0.01780414581298828,-0.015273332595825195,-0.04561269283294678,-0.06353449821472168,-0.011644482612609863,-0.00999915599822998,-0.060262084007263184,-0.0018467903137207031
2023-08-16,-0.03657519817352295,0.003048717975616455,-0.05256795883178711,0.021224498748779297,0.0008753538131713867,0.018244028091430664,0.012405693531036377,0.002452254295349121,-0.006123542785644531,-0.01696634292602539
2023-08-17,0.010224461555480957,0.012232482433319092,0.0028702616691589355,-0.025579512119293213,-0.002423882484436035,0.017357230186462402,0.0005180239677429199,-0.006191372871398926,0.0415881872177124,0.007805228233337402
2023-08-18,-0.010532617568969727,-0.024767756462097168,-0.0005757808685302734,-0.04183757305145264,-0.002709507942199707,-0.0016511082649230957,-0.032132625579833984,0.005881845951080322,-0.011666059494018555,0.0005592107772827148
2023-08-21,0.041892170906066895,-0.012084603309631348,-0.0,-0.0031496286392211914,0.006392180919647217,0.0033077001571655273,-0.0018830299377441406,-0.007737159729003906,-0.01762259006500244,0.009475171566009521
2023-08-22,0.02887028455734253,-0.014925360679626465,-0.00805521011352539,-0.06436419486999512,0.0064917802810668945,0.0,0.0032576918601989746,0.020865321159362793,0.04873919486999512,-0.00497126579284668
2023-08-23,-0.09887981414794922,0.005882382392883301,-0.010273933410644531,-0.0007374286651611328,-0.005533456802368164,-0.023626387119293213,0.005782485008239746,-0.04843175411224365,-0.0012909173965454102,-0.0053212642669677734
2023-08-24,-0.06508529186248779,0.011834263801574707,0.0005649924278259277,0.013264596462249756,-0.015104055404663086,0.003939151763916016,0.0147932767868042,-0.02516496181488037,0.008078813552856445,0.006224989891052246
2023-08-25,-0.019920289516448975,0.002994060516357422,0.0005652308464050293,-0.008215188980102539,0.004729032516479492,0.012892365455627441,0.01078033447265625,-0.03725004196166992,0.031094670295715332,0.023668408393859863
2023-08-28,-0.03423190116882324,-0.018018126487731934,-0.0248868465423584,-0.017037034034729004,-0.006663799285888672,-0.018815696239471436,0.009989619255065918,0.0030615925788879395,0.025182723999023438,0.01056516170501709
2023-08-29,0.029463887214660645,0.01769918203353882,-0.04746139049530029,-0.010924935340881348,-0.007367968559265137,-0.01692044734954834,0.0009172558784484863,-0.002987980842590332,-0.008642911911010742,-0.007610440254211426
2023-08-30,0.0060253143310546875,0.006006002426147461,0.009483695030212402,0.009366035461425781,-0.015399575233459473,-0.00458979606628418,-0.0035413503646850586,-0.015309453010559082,0.008871197700500488,-0.004547119140625
2023-08-31,-0.030588209629058838,0.0030211210250854492,-0.03297865390777588,0.005818188190460205,-0.007850289344787598,-0.004034578800201416,-0.037119388580322266,-0.005786895751953125,-0.013341426849365234,0.014845788478851318
2023-09-01,0.004633665084838867,-0.024242401123046875,0.022142112255096436,-0.011704564094543457,0.006672382354736328,0.027777791023254395,0.011216163635253906,-0.0061588287353515625,0.014597415924072266,-0.0013239383697509766
2023-09-04,-0.009883582592010498,-0.09171605110168457,-0.0989995002746582,-0.023138046264648438,-0.009443521499633789,-0.033783793449401855,0.014912009239196777,0.017155230045318604,0.013478755950927734,-0.011821985244750977
2023-09-05,-0.0088731050491333,0.005420088768005371,-0.07235264778137207,-0.05229675769805908,-0.0006124973297119141,-0.06002318859100342,0.010997533798217773,-0.008358597755432129,-0.03661090135574341,-0.03482067584991455
2023-09-06,-0.02506709098815918,-0.0,0.012511193752288818,0.030893146991729736,-0.01638925075531006,0.013743817806243896,-0.0231553316116333,-0.00016248226165771484,-0.025438249111175537,-0.008542180061340332
2023-09-07,0.005509614944458008,-0.010899066925048828,0.007239818572998047,0.019404053688049316,-0.011553049087524414,0.027870655059814453,-0.030175209045410156,-0.0032502412796020508,0.023078203201293945,-0.022021770477294922
2023-09-08,0.013698577880859375,-0.002695441246032715,0.001367330551147461,-0.019788026809692383,-0.0009472370147705078,-0.006307363510131836,0.005957543849945068,-0.0042116641998291016,-0.005911588668823242,0.021907508373260498
2023-09-11,-0.012837886810302734,-0.0,-0.00821542739868164,0.016632080078125,-0.028012096881866455,0.034188032150268555,0.0004994869232177734,0.007661879062652588,-0.011267602443695068,-0.009578108787536621
2023-09-12,-0.019393086433410645,-0.07526880502700806,-0.06699860095977783,-0.07188159227371216,-0.015383362770080566,0.023598849773406982,0.004497170448303223,0.025520145893096924,-0.02659064531326294,0.0294836163520813
2023-09-13,0.04746401309967041,0.008720874786376953,0.015041232109069824,0.04100239276885986,0.005283236503601074,0.02175229787826538,-0.01631319522857666,-0.005337834358215332,0.03528451919555664,-0.016016840934753418
2023-09-14,-0.004442453384399414,0.011527299880981445,-0.010038197040557861,0.0,-0.00275421142578125,-0.010500431060791016,-0.012841105461120605,-0.004562854766845703,0.00219881534576416,0.011064708232879639
2023-09-15,-0.08567607402801514,0.031339049339294434,0.010139942169189453,-0.0350109338760376,-0.006735384464263916,0.009168684482574463,-0.000853419303894043,0.015277862548828125,-0.0017238259315490723,-0.004752397537231445
2023-09-18,-0.026099443435668945,0.002762436866760254,-0.004302084445953369,0.0,-0.028486311435699463,-0.02282536029815674,0.023629724979400635,0.0043610334396362305,-0.0031397342681884766,0.021861374378204346
2023-09-20,0.0422590970993042,0.019283771514892578,0.0571291446685791,0.007558584213256836,5.841255187988281e-05,0.0168878436088562,0.025324344635009766,-0.0001685619354248047,0.009448766708374023,0.013250112533569336
2023-09-21,0.016729414463043213,0.0756756067276001,-0.021798372268676758,0.01050257682800293,-0.003416717052459717,-0.1521472930908203,0.0208626389503479,0.010864078998565674,-0.019032776355743408,-0.010032415390014648
2023-09-22,-0.025095701217651367,-0.03768843412399292,0.013927578926086426,0.010393500328063965,0.007413625717163086,-0.04366350173950195,-0.047843098640441895,-0.011579394340515137,-0.014631092548370361,0.006570935249328613
2023-09-25,0.031950175762176514,-0.09138381481170654,-0.028388261795043945,-0.030859768390655518,-0.002036154270172119,0.04744899272918701,-0.005628824234008789,-0.00942683219909668,-0.03599095344543457,0.01072913408279419
2023-09-26,-0.01607370376586914,0.03588515520095825,-0.009425044059753418,-0.021986305713653564,-0.01603078842163086,-0.006427407264709473,-0.013668298721313477,0.01317441463470459,-0.017411649227142334,0.0009329319000244141
2023-09-27,0.005062222480773926,0.017369747161865234,-0.015699326992034912,-0.008527100086212158,0.016084671020507812,-0.0031932592391967773,-0.01273798942565918,0.003548741340637207,-0.06491732597351074,0.0022956132888793945
2023-09-28,-0.034979820251464844,-0.005050539970397949,0.013049840927124023,-0.01172792911529541,-0.004227161407470703,0.0307692289352417,0.04409480094909668,0.016704857349395752,0.004159986972808838,0.029599905014038086
2023-09-29,-0.049160122871398926,-0.005025148391723633,-0.0028626322746276855,0.010284781455993652,0.0053282976150512695,-0.019157052040100098,-0.015616536140441895,-0.05579519271850586,0.006266117095947266,-0.0413132905960083
2023-10-03,-0.06540417671203613,-0.03500008583068848,-0.0019138455390930176,-0.07361006736755371,-0.0012813210487365723,0.009129941463470459,0.01255345344543457,-0.01633584499359131,-0.010185956954956055,0.004322469234466553
2023-10-04,0.030969440937042236,-0.00966179370880127,-0.013422846794128418,0.0072939395904541016,-0.012363314628601074,0.008672118186950684,-0.026158034801483154,0.017680644989013672,0.006722152233123779,0.021861255168914795
2023-10-05,-0.007375240325927734,-0.007176995277404785,-0.051992177963256836,-0.07053625583648682,0.0071446895599365234,-0.02241671085357666,-0.013010621070861816,-0.03763401508331299,0.0016113519668579102,-0.002536177635192871
2023-10-06,0.013140618801116943,0.021377623081207275,-0.002309441566467285,0.006177008152008057,-0.0007035732269287109,-0.03155076503753662,0.004535794258117676,0.0064653754234313965,0.00032269954681396484,-0.00909125804901123
2023-10-09,0.024348437786102295,0.06310683488845825,-0.002765059471130371,0.02002769708633423,-0.01739555597305298,0.009849607944488525,-0.02666860818862915,0.029521405696868896,0.019050776958465576,0.015159189701080322
2023-10-10,-0.043088316917419434,-0.010362744331359863,0.0027573704719543457,-0.009866118431091309,0.007433652877807617,0.0010470747947692871,0.015366792678833008,-0.0070323944091796875,0.0011519789695739746,-0.009346961975097656
2023-10-11,0.0076634883880615234,-0.01794874668121338,0.015207409858703613,-0.007676124572753906,0.005304455757141113,0.009433984756469727,0.021987438201904297,-0.010962247848510742,-0.017136216163635254,-0.0021278858184814453
2023-10-12,-0.05387067794799805,-0.052896738052368164,-0.0028077363967895508,-0.11565101146697998,-0.0410919189453125,-0.009523868560791016,0.011735200881958008,-0.028353452682495117,-0.06253039836883545,-0.010027050971984863
2023-10-13,-0.0439678430557251,0.028708159923553467,0.018198847770690918,0.0223463773727417,0.007390022277832031,-0.016247272491455078,-0.005523324012756348,0.01038825511932373,0.028053104877471924,0.014677226543426514
2023-10-16,-0.008046627044677734,0.01970440149307251,-0.006178736686706543,-0.0,0.005191504955291748,-0.017534852027893066,-0.00069427490234375,-0.017442703247070312,0.0023529529571533203,0.010668158531188965
2023-10-17,0.000679314136505127,-0.005025148391723633,-0.0,0.013968229293823242,-0.009691715240478516,0.028890013694763184,0.005141019821166992,0.003258049488067627,-0.07704401016235352,-0.0
2023-10-18,-0.03229093551635742,0.014999985694885254,-0.0009447336196899414,-0.0038634538650512695,-0.0070143938064575195,-0.0005218982696533203,-0.03607964515686035,-0.03011906147003174,-0.013576626777648926,-0.004313230514526367
2023-10-19,-0.028811335563659668,-0.010152220726013184,0.014629483222961426,0.0012828707695007324,0.016046226024627686,-0.0026082992553710938,0.044026970863342285,0.0018888115882873535,-0.03298294544219971,-0.010736823081970215
2023-10-20,-0.025123953819274902,0.025125622749328613,0.013409972190856934,0.013487398624420166,0.02828812599182129,0.017689883708953857,-0.010164856910705566,0.015744388103485107,-0.0009760856628417969,-0.00767207145690918
2023-10-23,0.047455430030822754,-0.07989686727523804,-0.05436891317367554,-0.08854168653488159,-0.046012282371520996,-0.08580505847930908,-0.04010540246963501,0.028531968593597412,0.05446445941925049,-0.045095980167388916
2023-10-25,0.04457557201385498,-0.005602240562438965,0.007186770439147949,-0.020000040531158447,0.0012366771697998047,0.018539905548095703,-0.04091370105743408,-0.00467073917388916,-0.0014731884002685547,-0.025023579597473145
2023-10-26,-0.035162925720214844,0.0,0.0010193586349487305,-0.005830943584442139,-0.026957690715789795,-0.026734888553619385,-0.003919243812561035,0.0174139142036438,-0.005589842796325684,-0.019752562046051025
2023-10-27,-0.0008285045623779297,0.03661966323852539,0.00967419147491455,0.008064508438110352,0.019104480743408203,-0.08474576473236084,0.021640419960021973,-0.01587820053100586,-0.007753133773803711,-0.04402327537536621
2023-10-30,0.0028145909309387207,-0.013586938381195068,0.0025213956832885742,0.006545424461364746,-0.009902536869049072,0.015625059604644775,-0.0071100592613220215,0.0037891268730163574,-0.01988673210144043,-0.005614042282104492
2023-10-31,0.0018262863159179688,-0.002754807472229004,0.018611669540405273,-0.01445084810256958,0.005346775054931641,-0.008210182189941406,-0.03878861665725708,-0.004675149917602539,-0.009963035583496094,-0.0345151424407959
2023-11-01,0.02045905590057373,-0.008287250995635986,0.0,-0.016862094402313232,0.0008759498596191406,0.0010857582092285156,-0.002638518810272217,-0.013092517852783203,0.020715832710266113,-0.03281211853027344
2023-11-02,-0.006792306900024414,0.005570888519287109,-0.0004938840866088867,0.008202791213989258,0.007845401763916016,0.0032609105110168457,-0.0552443265914917,0.0036589503288269043,-0.036983609199523926,-0.006140351295471191
2023-11-03,-0.029178619384765625,0.019390583038330078,-0.0019762516021728516,0.048816561698913574,-0.000651240348815918,-0.08887684345245361,0.012387514114379883,-0.020081281661987305,0.03399944305419922,-0.02209925651550293
2023-11-06,-0.011799454689025879,0.04347836971282959,0.008910894393920898,0.011283397674560547,0.02606832981109619,0.0010014772415161133,-0.029416203498840332,0.001991569995880127,0.0011492371559143066,0.025255978107452393
2023-11-07,0.013605475425720215,-0.013020813465118408,0.022571086883544922,-0.011157512664794922,0.00795447826385498,-0.04310774803161621,0.006092250347137451,-0.0013047456741333008,-0.014957666397094727,0.02214348316192627
2023-11-08,0.012479424476623535,0.0026384592056274414,-0.0019193291664123535,0.015514731407165527,0.003000617027282715,0.0009611248970031738,0.007734954357147217,-0.008201837539672852,-0.014170289039611816,0.010310888290405273
2023-11-09,0.016794204711914062,-0.018421053886413574,-0.013942301273345947,-0.0006945133209228516,-0.0037994980812072754,0.027897953987121582,0.00411832332611084,0.002660989761352539,-0.013413429260253906,-0.012148141860961914
2023-11-10,-0.0091325044631958,0.01608586311340332,-0.0004876255989074707,-0.07366228103637695,0.0007507801055908203,0.013359785079956055,0.011667370796203613,0.013721585273742676,-0.008134603500366211,0.05290353298187256
2023-11-12,0.0003352165222167969,0.01319265365600586,0.00780487060546875,-0.011003255844116211,-0.0016204118728637695,-0.00902712345123291,-0.02181708812713623,-0.006337881088256836,-0.013129115104675293,-0.012262701988220215
2023-11-13,0.015590906143188477,-0.005208373069763184,-0.008228540420532227,0.026888608932495117,-0.01547938585281372,0.016401588916778564,0.01564788818359375,-0.03264212608337402,-0.011609077453613281,-0.0004050731658935547
2023-11-15,-0.006130695343017578,-0.09162306785583496,0.0009762048721313477,-0.10000002384185791,0.0075408220291137695,-0.0015159845352172852,-0.006982684135437012,0.009371519088745117,-0.0009340047836303711,0.015470564365386963
2023-11-16,-0.017434000968933105,0.026378929615020752,-0.012189149856567383,-0.023923397064208984,0.006484508514404297,-0.008072733879089355,-0.0001475811004638672,-0.005706071853637695,-0.007732391357421875,-0.0074454545974731445
2023-11-17,0.011645317077636719,0.01970440149307251,-0.006910204887390137,0.005256950855255127,-0.003432154655456543,-0.07457458972930908,-0.09750699996948242,-0.007017612457275391,-0.003836393356323242,0.01580178737640381
2023-11-20,0.002524852752685547,-0.0,-0.003976166248321533,0.025836825370788574,0.008851408958435059,-0.007918000221252441,0.03024190664291382,-0.008451342582702637,-0.01752769947052002,0.010164260864257812
2023-11-21,0.0023624300956726074,-0.005025148391723633,-0.004490971565246582,-0.030741453170776367,0.010061383247375488,-0.030961275100708008,-0.022868990898132324,-0.02587670087814331,0.00025898218154907227,-0.033446550369262695
2023-11-22,0.011840343475341797,0.012499988079071045,0.005513787269592285,0.03976607322692871,-0.018677175045013428,0.025549113750457764,-0.0035229921340942383,0.0008300542831420898,-0.02798295021057129,0.009693026542663574
2023-11-23,-0.007018089294433594,-0.02025318145751953,-0.003988027572631836,-0.0036541223526000977,-0.001027226448059082,-0.02621901035308838,-0.010532021522521973,0.0005278587341308594,-0.011195480823516846,-0.002170562744140625
2023-11-24,0.019207894802093506,-0.0,0.005005002021789551,-0.01274263858795166,-0.0008165240287780762,-0.0022411346435546875,-0.00040078163146972656,0.009721875190734863,-0.005256831645965576,-0.012014150619506836
2023-11-28,-0.011091947555541992,0.009925484657287598,-0.005976080894470215,0.006590723991394043,0.00865626335144043,0.011627912521362305,0.0303192138671875,0.007165193557739258,-0.03333330154418945,-0.011669635772705078
2023-11-29,0.01868361234664917,-0.017543792724609375,-0.007014095783233643,-0.01568150520324707,0.019234180450439453,0.015837132930755615,-0.029889822006225586,-0.006076812744140625,0.020465373992919922,0.023828446865081787
2023-11-30,-0.05205237865447998,0.01231527328491211,0.007063627243041992,-0.02790975570678711,0.011334538459777832,0.017471253871917725,0.005617260932922363,0.005666613578796387,-0.007142901420593262,-0.013615727424621582
2023-12-01,-0.025059938430786133,0.014962553977966309,-0.005010008811950684,-0.013287067413330078,0.013332605361938477,0.007955074310302734,-0.0037659406661987305,-0.0009638667106628418,-0.010376334190368652,-0.05312633514404297
2023-12-04,-0.02135699987411499,-0.007594943046569824,0.0,-0.011402487754821777,0.0054007768630981445,-0.012264132499694824,0.00013399124145507812,0.004304289817810059,0.007409453392028809,0.03995102643966675
2023-12-05,0.01873314380645752,0.002512514591217041,-0.010070502758026123,-0.02367532253265381,-0.016658127307891846,0.03308480978012085,0.007504761219024658,-0.017512798309326172,-0.021371006965637207,0.01639801263809204
2023-12-06,0.012322306632995605,-0.002518892288208008,-0.006103813648223877,-0.0842510461807251,0.006654024124145508,-0.0009638071060180664,-0.0021604299545288086,0.0015794038772583008,0.00623929500579834,-0.02523016929626465
2023-12-07,-0.002808988094329834,-0.0025125741958618164,0.011258959770202637,-0.0792279839515686,0.00626373291015625,-0.044776082038879395,0.003098905086517334,0.02050018310546875,-0.002536594867706299,-0.05250239372253418
2023-12-08,-0.05802816152572632,0.0150376558303833,-0.029352188110351562,-0.034197449684143066,0.0010325908660888672,0.0188940167427063,-0.003243684768676758,-0.011626243591308594,0.010172367095947266,-0.027065634727478027
2023-12-11,0.034888267517089844,-0.045801520347595215,0.019665658473968506,-0.034266114234924316,0.01432788372039795,-0.1319868564605713,-0.03596925735473633,0.0023080110549926758,0.019860148429870605,-0.024888277053833008
2023-12-12,-0.03486800193786621,-0.0,-0.010030031204223633,0.024837374687194824,-0.010481059551239014,0.041078805923461914,0.030429184436798096,0.0004456043243408203,0.0,-0.011034965515136719
2023-12-13,-0.07185626029968262,0.004866123199462891,-0.06206560134887695,0.0005769729614257812,0.0007423162460327148,0.00043272972106933594,-0.0018776655197143555,0.01581406593322754,-0.015496432781219482,0.01557689905166626
2023-12-14,0.017132222652435303,-0.0,-0.0032726526260375977,-0.0034601688385009766,0.009842514991760254,-0.02337658405303955,-0.005890250205993652,0.007016539573669434,-0.03510236740112305,0.023358464241027832
2023-12-15,0.00625234842300415,0.004889965057373047,-0.00838768482208252,-0.005787014961242676,0.0034748315811157227,0.02664971351623535,0.010646820068359375,0.009870767593383789,0.013860821723937988,0.001102149486541748
2023-12-18,0.0007627010345458984,-0.0565110445022583,-0.0268021821975708,0.0034923553466796875,0.019735336303710938,0.01999133825302124,0.00470811128616333,-0.005174696445465088,0.0004093647003173828,-0.010445356369018555
2023-12-19,-0.0209883451461792,-0.07906985282897949,0.015301525592803955,0.01682138442993164,0.0002760887145996094,0.025277137756347656,0.009731054306030273,0.0007224082946777344,0.0024573206901550293,0.03137636184692383
2023-12-20,0.06746399402618408,-0.08620691299438477,0.036563098430633545,-0.051340579986572266,-0.034611284732818604,0.061874449253082275,0.022110044956207275,-0.021152138710021973,-0.06199532747268677,-0.0726766586303711
2023-12-21,-0.016032099723815918,0.02122640609741211,-0.040796875953674316,0.033072710037231445,-0.005546450614929199,-0.0019398927688598633,0.004187047481536865,0.0234529972076416,0.027283310890197754,0.04068565368652344
2023-12-22,0.004142045974731445,0.018475770950317383,0.001823127269744873,0.0023282766342163086,-0.022050976753234863,-0.058083295822143555,0.02074277400970459,-0.045687079429626465,-0.0019882917404174805,0.02040410041809082
2023-12-26,-0.021588444709777832,0.002267599105834961,0.01917809247970581,0.03193962574005127,-0.025605618953704834,-0.025617480278015137,-0.058251023292541504,0.020329415798187256,0.001280665397644043,-0.011791646480560303
2023-12-27,0.0063977837562561035,-0.020362019538879395,-0.001862168312072754,0.0005627870559692383,0.010288119316101074,0.031222105026245117,-0.0,0.008159816265106201,-0.013502001762390137,0.006448864936828613
2023-12-28,0.01931709051132202,-0.018475711345672607,0.0074349045753479,-0.009561300277709961,-0.01197516918182373,-0.006445765495300293,-0.017446517944335938,-0.014964580535888672,-0.01066124439239502,0.01952958106994629
2023-12-29,-0.06366884708404541,-0.002352893352508545,-0.0028089284896850586,-0.007950067520141602,0.0029016733169555664,0.028819799423217773,0.01448887586593628,0.004681706428527832,-0.0042231082916259766,0.01253199577331543
2024-01-01,0.019640862941741943,0.02122640609741211,-0.0,0.013165473937988281,0.0008137226104736328,-0.008007526397705078,0.0025627613067626953,0.002667844295501709,0.03524422645568848,0.037688255310058594
2024-01-02,-0.00858616828918457,0.011547327041625977,0.009337067604064941,0.011864423751831055,0.004456758499145508,-0.04018700122833252,-0.009871482849121094,0.004645884037017822,-0.017234086990356445,0.009312629699707031
2024-01-03,-0.006432175636291504,0.0022832155227661133,0.0037700533866882324,0.0016750097274780273,0.027581214904785156,0.020215630531311035,-0.004418849945068359,-0.01683175563812256,0.0038809776306152344,-0.007133007049560547
2024-01-04,-0.002631664276123047,0.03416860103607178,-0.0033112764358520508,0.006131529808044434,-0.028445541858673096,-0.05823016166687012,0.0014664530754089355,-0.01509249210357666,0.022479891777038574,0.017335057258605957
2024-01-05,-0.058680176734924316,0.024229049682617188,-0.0014144182205200195,0.031024932861328125,-0.009459197521209717,-0.0021663904190063477,0.0022696852684020996,0.011579334735870361,0.03206837177276611,-0.02599865198135376
2024-01-08,-0.015052199363708496,0.0666666030883789,-0.012241125106811523,-0.08060181140899658,-0.04025954008102417,-0.0350193977355957,0.020339906215667725,0.001940906047821045,-0.017367660999298096,-0.01731419563293457
2024-01-09,0.007152915000915527,-0.02822577953338623,0.0027907490730285645,0.010442614555358887,-0.012887775897979736,0.0100250244140625,0.0016390681266784668,-0.002778172492980957,0.0349351167678833,-0.07855224609375
2024-01-10,-0.03707611560821533,0.03319501876831055,-0.008395552635192871,-0.20000004768371582,-0.008512020111083984,-0.009282708168029785,0.011766374111175537,0.00512540340423584,-0.015076696872711182,0.013663768768310547
2024-01-11,0.009318888187408447,-0.01004016399383545,-0.04347825050354004,-0.09673357009887695,-0.014684975147247314,0.01045149564743042,0.0006922483444213867,0.010442793369293213,0.05486321449279785,-0.03328615427017212
2024-01-12,0.009235560894012451,-0.02231234312057495,-0.048758864402770996,0.05154639482498169,0.0,0.01182931661605835,-0.012053251266479492,0.00196993350982666,0.006164073944091797,-0.0047969818115234375
2024-01-15,-0.036768436431884766,0.01867210865020752,-0.011411666870117188,0.01086956262588501,-0.008614718914031982,0.03505772352218628,-0.0023272037506103516,0.030804991722106934,-0.010083019733428955,-0.028593599796295166
2024-01-16,-0.038961052894592285,-0.028513193130493164,-0.011282920837402344,0.03500199317932129,-0.0052204132080078125,0.04563581943511963,0.025812625885009766,0.019856035709381104,0.0070912837982177734,0.04322779178619385
2024-01-17,0.019070565700531006,-0.0020964741706848145,0.03223139047622681,-0.09405303001403809,0.0026570558547973633,-0.010213613510131836,0.012337028980255127,0.012021362781524658,-0.005761086940765381,-0.029384493827819824
2024-01-18,-0.006371498107910156,0.0021009445190429688,0.02519214153289795,0.02659982442855835,-0.019345462322235107,-0.040441155433654785,0.026685595512390137,-0.008186936378479004,-0.01570945978164673,0.009551525115966797
2024-01-19,-0.06412339210510254,0.008385658264160156,0.0004380345344543457,-0.0067327022552490234,0.015065550804138184,-0.027385234832763672,-0.008312702178955078,0.0026074647903442383,0.01635265350341797,-0.0531880259513855
2024-01-20,-0.011594176292419434,-0.0062369704246521,-0.010955333709716797,-0.004327297210693359,0.013211250305175781,0.015477240085601807,-0.020682692527770996,0.006573081016540527,-0.013386547565460205,-0.01533651351928711
2024-01-23,0.030010521411895752,-0.0711296796798706,0.03771132230758667,0.09988248348236084,-0.032515525817871094,-0.06593888998031616,-0.04817909002304077,-0.06804513931274414,-0.001956939697265625,-0.3260677456855774
2024-01-24,-0.09965789318084717,0.04054057598114014,-0.011711716651916504,-0.047867655754089355,-0.014631450176239014,0.04347825050354004,-0.009379148483276367,-0.039048075675964355,-0.08457517623901367,0.06671464443206787
2024-01-25,0.027852416038513184,0.00432896614074707,-0.013357043266296387,-0.0012458562850952148,0.005133271217346191,0.04614698886871338,-0.0492936372756958,-0.009006857872009277,0.01518625020980835,-0.018903732299804688
2024-01-29,0.05439203977584839,0.028017282485961914,0.018453478813171387,0.029448390007019043,0.021662354469299316,-0.018843650817871094,0.010455429553985596,-0.019853830337524414,-0.05495047569274902,-0.008945941925048828
2024-01-30,0.00046139955520629883,0.004192829132080078,0.02640998363494873,0.01239311695098877,-0.01932424306869507,-0.19598424434661865,0.003039538860321045,0.010790050029754639,-0.006032466888427734,0.056621670722961426
2024-01-31,0.011386394500732422,0.0,-0.022528648376464844,-0.012548685073852539,-0.00448155403137207,-0.014233589172363281,-0.011759638786315918,-0.004729151725769043,0.014760136604309082,0.012844204902648926
2024-02-01,0.024902701377868652,-0.002087712287902832,0.024280548095703125,0.009401679039001465,-0.014089345932006836,-0.012954354286193848,-0.01779305934906006,0.0058457255363464355,-0.0011703968048095703,-0.014745771884918213
2024-02-02,-0.02075016498565674,0.004184126853942871,0.0073732733726501465,0.023727357387542725,0.0,0.05932509899139404,0.013816416263580322,0.006414651870727539,-0.007131099700927734,0.01382911205291748
2024-02-05,0.05895233154296875,-0.08333337306976318,0.02924787998199463,-0.01104724407196045,-0.017427682876586914,-0.029456257820129395,-0.002144336700439453,0.00853121280670166,0.03981423377990723,0.029465556144714355
2024-02-06,0.01146554946899414,-0.046153903007507324,-0.035868048667907715,0.006118893623352051,-0.002128422260284424,0.00623631477355957,-0.03323817253112793,0.005968928337097168,-0.022727251052856445,-0.01233220100402832
2024-02-07,-0.04521763324737549,0.03308826684951782,-0.02031385898590088,0.029903173446655273,0.0003911256790161133,0.016242146492004395,-0.017948389053344727,0.0008578896522521973,-0.005200982093811035,0.037226319313049316
2024-02-08,-0.001286625862121582,0.01140683889389038,0.018099546432495117,-0.012692570686340332,0.01613295078277588,0.009005606174468994,-0.0013562440872192383,0.002107381820678711,0.023871183395385742,0.06007838249206543
2024-02-09,0.04657888412475586,0.0326923131942749,0.012903213500976562,0.0299910306930542,-0.017030954360961914,0.03634989261627197,0.031152665615081787,0.025811493396759033,-0.006143927574157715,0.0514446496963501
2024-02-12,0.06266838312149048,0.06759440898895264,-0.011671304702758789,0.01938164234161377,-0.02611362934112549,0.1080549955368042,0.0254439115524292,0.025933384895324707,0.02550286054611206,-0.07550114393234253
2024-02-13,0.007908046245574951,-0.008528709411621094,0.01799720525741577,0.007999956607818604,-0.0037992000579833984,-0.005726933479309082,-0.019939780235290527,-0.011210083961486816,-0.024941682815551758,0.003966569900512695
2024-02-14,-0.03025364875793457,-0.0190274715423584,0.007048845291137695,-0.03889942169189453,0.0038503408432006836,-0.05606663227081299,-0.010970473289489746,-0.021111726760864258,-0.011148333549499512,0.061211228370666504
2024-02-15,-0.04993844032287598,-0.020746946334838867,-0.004259347915649414,-0.028767108917236328,-0.0050411224365234375,-0.010369181632995605,-0.08736777305603027,0.008142352104187012,-0.11973917484283447,-0.06140357255935669
2024-02-16,-0.02562391757965088,-0.006097555160522461,-0.0009424686431884766,0.0031069517135620117,0.015126466751098633,0.018883466720581055,-0.04119753837585449,-0.005392313003540039,-0.02541029453277588,-0.022114694118499756
2024-02-19,-0.025800108909606934,0.0020201802253723145,0.002824842929840088,-0.049866437911987305,-0.00010842084884643555,-0.020502090454101562,-0.012779593467712402,0.007204592227935791,0.006298363208770752,-0.028560340404510498
2024-02-20,0.043298304080963135,-0.006072878837585449,0.0165250301361084,-0.009329915046691895,-0.00528109073638916,-0.028290271759033203,0.01225435733795166,-0.0019352436065673828,0.003013312816619873,0.07927703857421875
2024-02-21,0.02262890338897705,0.03018110990524292,0.036965906620025635,0.03235292434692383,0.005236387252807617,0.03030306100845337,0.001842498779296875,0.01738286018371582,-0.013548731803894043,-0.14558273553848267
2024-02-22,-0.02366352081298828,-0.002074599266052246,0.019940197467803955,-0.010421156883239746,0.0004341602325439453,-0.004934191703796387,-0.0038149356842041016,-0.023177742958068848,-0.0064781904220581055,0.021523356437683105
2024-02-23,0.007816433906555176,0.008281528949737549,-0.008138298988342285,-0.01160287857055664,0.004628181457519531,0.013093292713165283,0.005271553993225098,-0.015608787536621094,-0.017981290817260742,0.03151381015777588
2024-02-26,0.0013409256935119629,0.008350789546966553,0.02068614959716797,-0.0076465606689453125,0.012417197227478027,0.013266980648040771,-0.023786067962646484,0.002206861972808838,-0.04114818572998047,-0.01206737756729126
2024-02-27,0.017791152000427246,0.021052658557891846,-0.005151987075805664,0.01686340570449829,-0.0047637224197387695,0.03277313709259033,-0.011676907539367676,0.020774126052856445,0.008289933204650879,0.009891033172607422
2024-02-28,0.02392345666885376,0.03225809335708618,0.03075343370437622,0.03430533409118652,-0.024897277355194092,0.04257166385650635,0.01963353157043457,0.020246803760528564,0.014774560928344727,-0.06383860111236572
2024-02-29,-0.03168761730194092,-0.011111140251159668,0.013220489025115967,0.04973357915878296,0.00450587272644043,-0.016333937644958496,0.022818386554718018,-0.013996362686157227,-0.022888779640197754,-0.006491482257843018
2024-03-01,0.02681148052215576,0.004395604133605957,-0.009110331535339355,0.04252338409423828,0.0149155855178833,0.0004464387893676758,-0.004844188690185547,0.0030853748321533203,0.021412134170532227,-0.035079896450042725
2024-03-02,-0.00505673885345459,-0.002207517623901367,-0.018587350845336914,-0.029770612716674805,0.0047789812088012695,-0.046002745628356934,-0.010136008262634277,-0.023212194442749023,0.009856104850769043,0.019919753074645996
2024-03-04,-0.01717555522918701,0.017621219158172607,0.019812345504760742,0.049763023853302,-0.01133638620376587,0.015798449516296387,0.0108909010887146,-0.01735246181488037,0.009356915950775146,-0.022044599056243896
2024-03-05,0.04997438192367554,0.013452887535095215,0.02180856466293335,0.04987531900405884,0.005606651306152344,-0.022125840187072754,0.03043419122695923,-0.0074329376220703125,-0.0009043216705322266,0.0009227991104125977
2024-03-06,0.04991018772125244,0.020454585552215576,0.04404562711715698,0.049868762493133545,-0.008596837520599365,0.05348050594329834,0.01658797264099121,-0.04333639144897461,0.02559983730316162,-0.006453275680541992
2024-03-07,-0.04988658428192139,-0.027842283248901367,0.014789581298828125,-0.032596707344055176,-0.027138829231262207,0.013452887535095215,-0.008044600486755371,0.010634779930114746,-0.011436223983764648,0.04255032539367676
2024-03-11,0.03725695610046387,0.040632009506225586,0.02655881643295288,0.014981210231781006,-0.025185465812683105,0.03454548120498657,0.04170423746109009,-0.011004984378814697,-0.010797619819641113,-0.028353512287139893
2024-03-12,0.0231819748878479,0.03529411554336548,0.002965569496154785,0.04942971467971802,-0.020183324813842773,0.047551751136779785,0.017998695373535156,-0.011614620685577393,0.030232787132263184,0.001962900161743164
2024-03-13,0.049952149391174316,-0.06585365533828735,-0.06186801195144653,0.04971426725387573,-0.034763336181640625,-0.09095406532287598,0.05471205711364746,-0.037307918071746826,-0.10911357402801514,-0.07104611396789551
2024-03-14,-0.012288451194763184,-0.054830312728881836,0.027266979217529297,-0.018039703369140625,0.011724233627319336,0.05057096481323242,-0.01432502269744873,0.013572335243225098,0.05960583686828613,0.01138770580291748
2024-03-15,0.007761180400848389,-0.007425665855407715,0.037037014961242676,-0.04961597919464111,-0.0077255964279174805,-0.00362318754196167,-0.0047075748443603516,-0.005895256996154785,-0.009026885032653809,-0.035376787185668945
2024-03-18,-0.016245484352111816,0.009828031063079834,0.010714292526245117,-0.04333138465881348,0.00320589542388916,0.05454540252685547,-0.01135873794555664,0.0016096830368041992,0.04610085487365723,0.008790254592895508
2024-03-19,0.00019735097885131836,0.022332429885864258,-0.00706714391708374,0.04908299446105957,-0.028342068195343018,-0.02561575174331665,0.005053997039794922,-0.027911722660064697,0.024211525917053223,-0.015713155269622803
2024-03-20,-0.0021713972091674805,0.015228509902954102,-0.0011863112449645996,0.02439028024673462,-0.003445446491241455,-0.019716918468475342,-0.053195953369140625,0.0015660524368286133,-0.02104717493057251,-0.00036281347274780273
2024-03-21,-0.02068150043487549,-0.0,0.019596219062805176,-0.012209296226501465,-0.037480831146240234,0.05879318714141846,0.005225121974945068,0.031100749969482422,0.010061383247375488,0.001742243766784668
2024-03-22,-0.016981840133666992,-0.048969149589538574,0.008153796195983887,-0.04997122287750244,-0.007081389427185059,-0.02338045835494995,0.016700387001037598,-0.011964023113250732,0.0014679431915283203,0.011014580726623535
2024-03-26,0.033776044845581055,0.024570047855377197,-0.02715200185775757,0.004923462867736816,0.0051138997077941895,-0.013965129852294922,0.015751242637634277,-0.0016201138496398926,-0.01078420877456665,-0.022434115409851074
2024-03-27,0.012372374534606934,0.002518951892852783,-0.0178147554397583,0.0379328727722168,-0.002985835075378418,0.0288316011428833,0.030475854873657227,0.018448948860168457,-0.01577049493789673,0.015030503273010254
2024-03-28,-0.0471266508102417,0.010100960731506348,0.014510393142700195,0.014857172966003418,0.0004521608352661133,-0.03441494703292847,0.0028706789016723633,0.006793022155761719,-0.009248316287994385,-0.019792020320892334
2024-04-01,-0.0311431884765625,-0.09693872928619385,0.03218114376068115,-0.04872393608093262,-0.04452407360076904,0.08808553218841553,-0.0346912145614624,0.018242478370666504,0.020405888557434082,-0.06175386905670166
2024-04-02,-0.026151061058044434,-0.0,0.020785212516784668,0.005530953407287598,-0.003176093101501465,-0.014506280422210693,-0.05425715446472168,0.007607936859130859,-0.00010633468627929688,-0.04247641563415527
2024-04-03,-0.04361093044281006,-0.02093029022216797,-0.011877834796905518,-0.027808666229248047,0.006332278251647949,0.03513765335083008,-0.029163360595703125,0.00820016860961914,0.004042506217956543,0.0032622814178466797
2024-04-04,-0.017540812492370605,0.004555821418762207,-0.03262734413146973,0.004870176315307617,-0.00481569766998291,0.0045871734619140625,0.007052183151245117,-0.0040264129638671875,-0.00010591745376586914,-0.0012689828872680664
2024-04-05,0.0025350451469421387,-0.011441588401794434,-0.009467482566833496,0.01196300983428955,0.008360147476196289,0.0027397871017456055,-0.0076187849044799805,0.0073577165603637695,-0.0030730366706848145,0.004536330699920654
2024-04-08,-0.010674357414245605,0.009049832820892334,-0.0023894309997558594,-0.009906411170959473,-0.006831645965576172,-0.009562849998474121,-0.01127767562866211,-0.02263432741165161,-0.021045923233032227,0.01742398738861084
2024-04-09,0.01190274953842163,0.018264830112457275,-0.02514970302581787,0.025068163871765137,0.0003247857093811035,-0.02850574254989624,0.008997559547424316,-0.02151590585708618,0.008034825325012207,0.021347641944885254
2024-04-10,0.021207988262176514,-0.009302377700805664,-0.001842796802520752,0.005030691623687744,-0.018593430519104004,0.0070989131927490234,-0.009462952613830566,-0.05866551399230957,0.0019388198852539062,-0.025925159454345703
2024-04-12,0.016294002532958984,0.009216606616973877,0.006769299507141113,-0.0028090476989746094,-0.0023392438888549805,-0.023026347160339355,0.022168755531311035,0.018471598625183105,0.005267620086669922,0.024930477142333984
2024-04-15,0.028370022773742676,0.034883737564086914,-0.02444988489151001,0.037535011768341064,0.012730300426483154,-0.02356898784637451,-0.007773041725158691,0.01849609613418579,-0.023633837699890137,0.032116472721099854
2024-04-16,-0.03463900089263916,-0.019277095794677734,-0.003759443759918213,-0.0,0.007808208465576172,-0.005911290645599365,-0.06286144256591797,0.003044724464416504,0.009419441223144531,-0.041243910789489746
2024-04-18,0.0068361759185791016,-0.040189146995544434,0.008176088333129883,-0.041909217834472656,-0.030251502990722656,0.0,-0.030478954315185547,-0.003384232521057129,-0.002387106418609619,0.01963222026824951
2024-04-19,0.013060271739959717,-0.004545450210571289,-0.025577068328857422,0.021229088306427002,-0.0011563301086425781,0.011397480964660645,-0.0076291561126708984,0.01735764741897583,0.010223984718322754,0.013467788696289062
2024-04-22,-0.023247480392456055,-0.006787300109863281,0.017925739288330078,0.0045662522315979,-0.0033249855041503906,-0.010289132595062256,0.0022131800651550293,-0.02109670639038086,0.0005383491516113281,0.00521773099899292
2024-04-23,-0.005941867828369141,-0.017977476119995117,0.015723228454589844,-0.009747743606567383,0.009104490280151367,0.006930708885192871,0.00758814811706543,-0.011560320854187012,-0.008716225624084473,-0.010202765464782715
2024-04-24,0.013551056385040283,-0.004415035247802734,0.007430315017700195,-0.049971580505371094,0.008448898792266846,0.0,-0.013527870178222656,-0.004538774490356445,0.004016518592834473,0.024039864540100098
2024-04-25,-0.005811929702758789,0.017582416534423828,-0.019053399562835693,-0.0032449960708618164,-0.0007810592651367188,-0.001966536045074463,0.013231158256530762,-0.024608731269836426,-0.002054274082183838,-0.018583297729492188
2024-04-26,0.011381566524505615,0.006711363792419434,-0.01190483570098877,0.023180603981018066,0.004647374153137207,-0.008867025375366211,-0.04422485828399658,-0.04646039009094238,-0.004117012023925781,-0.02239382266998291
2024-04-29,0.001948237419128418,-0.00450444221496582,0.010145902633666992,0.020419418811798096,0.018640637397766113,-0.06411540508270264,0.011714279651641846,0.012867748737335205,0.019582271575927734,-0.02330303192138672
2024-04-30,-0.002839326858520508,0.011210739612579346,0.00627744197845459,-0.0016901493072509766,0.011295080184936523,-0.014946222305297852,0.01823568344116211,0.0007622838020324707,-0.014511346817016602,0.015728652477264404
2024-05-02,0.012741029262542725,0.004535079002380371,-0.027448594570159912,0.02362203598022461,0.01491391658782959,0.0036815404891967773,0.01358252763748169,-0.0036618709564208984,-0.03713726997375488,0.021121323108673096
2024-05-03,0.011113107204437256,-0.002277851104736328,0.02373325824737549,0.03571432828903198,0.014654874801635742,0.021247148513793945,-0.0037660598754882812,0.0028123855590820312,-0.006971776485443115,0.005181312561035156
2024-05-06,0.012144327163696289,0.02499997615814209,0.0037593841552734375,0.036439597606658936,0.0004919171333312988,0.036337852478027344,-0.005627870559692383,0.0042685866355896,-0.030574142932891846,0.04680365324020386
2024-05-07,0.023669779300689697,0.018648087978363037,-0.007490634918212891,0.008059561252593994,0.010147333145141602,0.022526860237121582,-0.006529092788696289,0.029931962490081787,-0.02815091609954834,0.01983541250228882
2024-05-08,0.004510343074798584,-0.004750609397888184,-0.006289303302764893,-0.0074999332427978516,-0.013158321380615234,-0.0010019540786743164,0.0015058517456054688,-0.025173664093017578,0.02596151828765869,-0.005269169807434082
2024-05-09,0.015102863311767578,0.03309684991836548,-0.02658224105834961,0.03784114122390747,0.01849961280822754,0.012512505054473877,0.003712296485900879,-0.011161565780639648,0.011715054512023926,0.016788244247436523
2024-05-10,-0.019359707832336426,-0.017114877700805664,0.0039011240005493164,-0.005802631378173828,0.009039521217346191,0.0010136961936950684,-0.012575626373291016,-0.019336223602294922,-0.01748490333557129,0.006798982620239258
2024-05-13,-0.022188782691955566,0.0024037957191467285,-0.016839325428009033,0.019871830940246582,-0.021349310874938965,0.00963979959487915,0.01885920763015747,-0.0008214712142944336,0.019092559814453125,0.011046350002288818
2024-05-14,-0.013061165809631348,-0.016867518424987793,0.009881377220153809,-0.04970574378967285,0.013796031475067139,-0.01588118076324463,-0.004453778266906738,0.002014756202697754,0.02035379409790039,-0.014630794525146484
2024-05-15,-0.009260892868041992,0.0118483304977417,-0.00652313232421875,-0.0031152963638305664,0.009441614151000977,0.0005043148994445801,0.009101510047912598,0.011739253997802734,-0.004193603992462158,0.0068222880363464355
2024-05-16,0.016552746295928955,0.007194221019744873,0.013788461685180664,-0.0006211996078491211,-0.029022812843322754,0.00958627462387085,-0.0018841028213500977,-0.01384580135345459,-0.0002275705337524414,-0.017172694206237793
2024-05-17,-0.01975858211517334,-0.02173912525177002,0.005181312561035156,-0.014276742935180664,-0.0018525123596191406,-0.029037117958068848,-0.0280911922454834,-0.006716370582580566,0.00785517692565918,-0.014350414276123047
2024-05-18,-0.001076340675354004,-0.004728198051452637,0.005799055099487305,-0.0018360614776611328,-0.0005283355712890625,-0.009405851364135742,0.013718962669372559,-0.0002224445343017578,-0.002485036849975586,-0.04365265369415283
2024-05-21,-0.0014336109161376953,0.011764705181121826,-0.0076874494552612305,0.016493558883666992,-0.017840266227722168,0.034330546855926514,0.01193922758102417,0.01052403450012207,-0.028196096420288086,-0.04798853397369385
2024-05-22,-0.04992842674255371,-0.009523868560791016,-0.006455779075622559,-0.02173912525177002,0.0030387043952941895,-0.0005079507827758789,0.036015987396240234,-0.011309981346130371,-0.012001872062683105,-0.024693846702575684
2024-05-23,-0.04994034767150879,0.002358555793762207,-0.0006496906280517578,0.007902741432189941,-0.0027505159378051758,0.015736043453216553,-0.1350858211517334,0.011331617832183838,-0.023233890533447266,0.01782095432281494
2024-05-24,-0.04999995231628418,-0.011820316314697266,-0.0013003945350646973,-0.007352948188781738,0.007302224636077881,-0.023207783699035645,-0.025731801986694336,0.003221273422241211,0.03429114818572998,-0.020824790000915527
2024-05-27,-0.029562532901763916,0.018691599369049072,-0.09505200386047363,0.018856406211853027,-0.0003733634948730469,0.005040347576141357,-0.009093761444091797,-0.043063223361968994,-0.004903078079223633,0.01777416467666626
2024-05-28,0.028878211975097656,0.016666710376739502,-0.04875147342681885,0.01735895872116089,0.004553854465484619,-0.061803460121154785,0.015744805335998535,-0.03777587413787842,-0.017832040786743164,-0.013777494430541992
2024-05-29,0.03268873691558838,-0.007263898849487305,0.019274353981018066,0.018296480178833008,-0.0012373924255371094,-0.008110642433166504,-0.04072833061218262,0.010519146919250488,0.03451979160308838,0.00033795833587646484
2024-05-30,-0.026185035705566406,0.012019217014312744,-0.018497109413146973,-0.040488362312316895,0.01674032211303711,0.018930435180664062,-0.02568507194519043,-0.025238990783691406,-0.02020549774169922,-0.0075751543045043945
2024-05-31,0.02944183349609375,0.004866123199462891,0.0045403242111206055,0.012970924377441406,0.002818465232849121,0.014954209327697754,0.0088731050491333,0.02058929204940796,-0.01708698272705078,0.021010994911193848
2024-06-03,-0.0304182767868042,-0.024449825286865234,-0.12428736686706543,0.004380464553833008,-0.014781713485717773,0.025465190410614014,-0.042076945304870605,-0.02460193634033203,-0.04423928260803223,-0.04971206188201904
2024-06-04,-0.049957334995269775,-0.073985755443573,-0.14401620626449585,0.049654364585876465,-0.04362398386001587,-0.07989948987960815,0.040091633796691895,-0.0289919376373291,-0.06949323415756226,-0.11163365840911865
2024-06-05,-0.02368992567062378,0.0283505916595459,0.032582879066467285,-0.006613731384277344,-0.03963172435760498,-0.001092374324798584,0.0027843713760375977,-0.08112990856170654,0.031275272369384766,0.05360293388366699
2024-06-06,0.05000007152557373,0.017543792724609375,-0.16121625900268555,-0.049277305603027344,-0.012643814086914062,0.030071020126342773,-0.059732675552368164,0.03915804624557495,-0.10326802730560303,0.04954993724822998
2024-06-07,0.039040565490722656,0.019704461097717285,-0.0009882450103759766,-0.013149738311767578,-0.0006355047225952148,0.024946928024291992,-0.04093348979949951,-0.0019472837448120117,-0.053554534912109375,0.01762080192565918
2024-06-10,0.03386688232421875,0.013043403625488281,0.010858893394470215,0.013967931270599365,-0.00594019889831543,-0.009425222873687744,-0.017627954483032227,-0.006941080093383789,-0.01731884479522705,0.052208662033081055
2024-06-11,-0.006029903888702393,0.03385794162750244,-0.05588829517364502,-0.002131223678588867,-0.026108503341674805,0.02237558364868164,-0.0002665519714355469,-0.03825736045837402,-0.019456148147583008,0.004968047142028809
2024-06-12,0.0008198022842407227,0.026752710342407227,-0.017013192176818848,-0.04178130626678467,-0.011799216270446777,0.007158994674682617,0.022913038730621338,-0.03432488441467285,-0.010626792907714844,0.009516119956970215
2024-06-13,0.06684136390686035,0.00044929981231689453,0.010223031044006348,-0.009966373443603516,0.004364132881164551,-0.00010156631469726562,0.0029993653297424316,0.025226294994354248,0.026287555694580078,-0.010466992855072021
2024-06-14,-0.01428133249282837,-0.0031432509422302246,-0.012206554412841797,-0.011770248413085938,0.0009700655937194824,0.05829179286956787,-0.004102468490600586,0.0023047327995300293,-0.016528964042663574,-0.006495118141174316
2024-06-18,-0.011684060096740723,0.01756751537322998,-0.010204076766967773,0.006345510482788086,-0.009314537048339844,-0.02677285671234131,-0.004176497459411621,0.0006600022315979004,0.03295397758483887,-0.018678784370422363
2024-06-19,-0.01213747262954712,0.0048694610595703125,0.009182751178741455,0.005558192729949951,0.009121716022491455,-0.014592766761779785,-0.006871581077575684,-0.012944936752319336,-0.01333928108215332,-0.04086035490036011
2024-06-20,-0.011169612407684326,0.0017620325088500977,0.003243744373321533,-0.0,0.004818558692932129,0.0007004737854003906,0.00269395112991333,-0.005346536636352539,-0.0014380216598510742,0.00807034969329834
2024-06-21,-0.021300673484802246,-0.00043976306915283203,-0.006043672561645508,0.0076108574867248535,-0.03837394714355469,0.052194833755493164,-0.0009903907775878906,-0.006744980812072754,-0.031149864196777344,-0.008661925792694092
2024-06-24,0.010717272758483887,0.0,0.021256864070892334,0.0089874267578125,0.010961472988128662,0.05312168598175049,0.02212822437286377,0.02609032392501831,0.036850571632385254,-0.020189344882965088
2024-06-25,-0.01288747787475586,-0.019357621669769287,-0.005193591117858887,0.022249042987823486,-0.004925727844238281,0.061541199684143066,-0.015729904174804688,0.007143855094909668,-0.0163496732711792,-0.015876293182373047
2024-06-26,0.04495131969451904,-0.007178187370300293,0.01831841468811035,-0.0028443336486816406,-0.01652538776397705,0.07352948188781738,-0.008784651756286621,-0.016455650329589844,0.03644120693206787,0.04626905918121338
2024-06-27,0.0026886463165283203,-0.022141873836517334,0.027272701263427734,0.02318406105041504,-0.012089252471923828,-0.03325682878494263,-8.976459503173828e-05,0.010618031024932861,0.04758661985397339,-0.02827894687652588
2024-06-28,-0.0006309747695922852,0.006469607353210449,-0.06886374950408936,-0.0054285526275634766,0.028517961502075195,0.003030538558959961,0.002782762050628662,0.003378570079803467,0.026234209537506104,0.0038486719131469727
2024-07-01,-0.07544195652008057,0.009641885757446289,-0.01932811737060547,-0.03201913833618164,-0.04935729503631592,-0.18716323375701904,0.002610504627227783,-0.03449881076812744,-0.06992411613464355,0.007533431053161621
2024-07-02,-0.004549384117126465,-0.07594358921051025,-0.04379236698150635,-0.06667470932006836,0.01839369535446167,0.084605872631073,0.015342950820922852,-0.00758206844329834,-0.03662586212158203,0.0017358064651489258
2024-07-03,0.01110297441482544,0.008030474185943604,0.013408243656158447,-0.008440852165222168,0.006291449069976807,-0.013901352882385254,-0.005132913589477539,-0.014731168746948242,0.005741417407989502,-0.01552814245223999
2024-07-04,-0.05362677574157715,0.014060497283935547,0.0017536282539367676,0.014364957809448242,-0.006125926971435547,-0.0668494701385498,0.005106687545776367,0.018288075923919678,-0.021210432052612305,-0.005280256271362305
2024-07-05,-0.022434115409851074,0.014261007308959961,-0.008344411849975586,0.016869425773620605,0.0014286041259765625,-0.017575502395629883,-0.004307985305786133,-0.004481196403503418,0.005980849266052246,0.0071457624435424805
2024-07-08,-0.027838706970214844,-0.010083317756652832,-0.017421603202819824,0.009688377380371094,0.006608247756958008,-0.0025942325592041016,0.013416051864624023,0.000573575496673584,-0.014549851417541504,-0.0028380155563354492
2024-07-09,0.01454305648803711,-0.02039933204650879,-0.0012842416763305664,0.0003535747528076172,0.00020575523376464844,-0.008511543273925781,0.0013875961303710938,-0.010457873344421387,-0.02005600929260254,0.00020325183868408203
2024-07-10,-0.0421067476272583,0.017864763736724854,0.03377509117126465,0.028652310371398926,0.005487561225891113,0.017419517040252686,-0.03214448690414429,0.014767169952392578,-0.0409090518951416,-0.028252124786376953
2024-07-11,-0.02429521083831787,-0.0017323493957519531,-0.0039823055267333984,-0.005826711654663086,-0.007138609886169434,0.0160791277885437,-0.007656991481781006,-0.03990519046783447,-0.06885349750518799,0.0050199031829833984
2024-07-12,0.02207005023956299,0.004755675792694092,0.0013220906257629395,-0.0007240772247314453,-0.011471033096313477,0.05733644962310791,0.012152791023254395,0.0042501091957092285,-0.0438004732131958,-0.05653834342956543
2024-07-15,0.007263243198394775,-0.09556901454925537,-0.0026477575302124023,-0.02351665496826172,0.011510193347930908,0.0008149147033691406,0.018677353858947754,-0.00872194766998291,-0.039868950843811035,-0.02987527847290039
2024-07-16,0.037758052349090576,0.012291789054870605,-0.014964818954467773,0.012254059314727783,0.01482921838760376,0.0293615460395813,0.009073853492736816,0.010486304759979248,-0.031162500381469727,0.028817355632781982
2024-07-18,0.014935493469238281,-0.07346445322036743,-0.005203843116760254,0.04187047481536865,0.018146514892578125,0.01917356252670288,0.005469560623168945,0.006940960884094238,0.03089982271194458,-0.08429068326950073
2024-07-19,0.03308063745498657,-0.012131750583648682,0.038826584815979004,0.01743030548095703,0.0068686604499816895,0.043380022048950195,-0.0238797664642334,0.019845247268676758,0.03276103734970093,-0.034411072731018066
2024-07-22,0.003278672695159912,-0.0017543435096740723,0.019748687744140625,0.009503304958343506,-0.019358277320861816,-0.04998779296875,0.0013223886489868164,0.004902541637420654,0.013131678104400635,-0.022199153900146484
2024-07-23,0.018592655658721924,-0.014499127864837646,-0.0018315315246582031,-0.0924907922744751,-0.0010840892791748047,-0.04993414878845215,0.005376935005187988,-0.007230043411254883,-0.048362016677856445,0.0018982887268066406
2024-07-24,-0.02215099334716797,0.016941547393798828,-0.043875694274902344,0.023419201374053955,-0.040595412254333496,-0.049996256828308105,0.01566898822784424,-0.025409698486328125,-0.061449527740478516,0.014626860618591309
2024-07-25,-0.01568293571472168,0.04471719264984131,0.0017513036727905273,-0.010911226272583008,-0.005170226097106934,-0.0012660026550292969,-0.013025403022766113,-0.011336922645568848,-0.004535675048828125,0.02427542209625244
2024-07-26,-0.023441791534423828,0.0037767887115478516,0.0074561238288879395,-0.08634793758392334,0.0021042227745056152,-0.0037229061126708984,0.020123600959777832,-0.01733541488647461,-0.01617276668548584,0.018668413162231445
2024-07-29,0.04910159111022949,0.006270885467529297,0.0013256669044494629,-0.02150893211364746,-0.019981861114501953,-0.020925283432006836,0.014680266380310059,-0.04371380805969238,0.03118443489074707,0.009735822677612305
2024-07-30,-0.01557767391204834,0.004154562950134277,-0.0017699003219604492,0.027682721614837646,0.0032486319541931152,0.002810537815093994,0.012568950653076172,-0.014595508575439453,-0.05261850357055664,0.008011221885681152
2024-07-31,-0.0042607784271240234,-0.003309905529022217,-0.0013251304626464844,-0.07947671413421631,0.01218104362487793,0.007836639881134033,-0.01053762435913086,-0.024847984313964844,0.002772688865661621,0.0241243839263916
2024-08-01,0.03365856409072876,-0.03320878744125366,-0.04719889163970947,0.04623210430145264,0.006632208824157715,0.01233285665512085,-0.030866384506225586,0.01231694221496582,-0.012948751449584961,-0.0463566780090332
2024-08-02,0.00834190845489502,-0.009446144104003906,-0.033698439598083496,0.00405728816986084,0.013051092624664307,-0.0011925697326660156,-0.03063887357711792,-0.002696394920349121,0.029566287994384766,0.00626528263092041
2024-08-05,0.05165290832519531,-0.05591672658920288,-0.07334965467453003,0.0593910813331604,-0.03606754541397095,0.019758999347686768,-0.054376065731048584,0.004985988140106201,0.027638673782348633,-0.059471845626831055
2024-08-06,0.013227522373199463,-0.0280073881149292,-0.007915496826171875,-0.07111930847167969,-0.008252263069152832,-0.013438224792480469,0.025805115699768066,0.019649803638458252,-0.015708088874816895,0.0009130239486694336
2024-08-07,-0.036902785301208496,0.03495514392852783,0.003545999526977539,-0.04745686054229736,-0.04089319705963135,-0.015587568283081055,-0.029414713382720947,-0.020273447036743164,-0.05793309211730957,0.019765853881835938
2024-08-08,-0.0232698917388916,-0.020082175731658936,0.027826905250549316,0.02163761854171753,0.005739271640777588,0.02736300230026245,0.000408172607421875,0.004446983337402344,-0.04184389114379883,0.009467720985412598
2024-08-09,-0.010701537132263184,0.011644124984741211,0.016759872436523438,-0.0374830961227417,-0.031610727310180664,-0.03334522247314453,-0.020807862281799316,-0.03680872917175293,-0.06362283229827881,-0.005243360996246338
2024-08-12,-0.00823521614074707,-0.017034947872161865,0.003803849220275879,0.031024813652038574,0.01738607883453369,0.020936965942382812,0.01760423183441162,-0.10694223642349243,-0.04187893867492676,-0.010616123676300049
2024-08-13,0.022462010383605957,-0.0056206583976745605,-0.01094740629196167,0.03253459930419922,0.014778614044189453,0.012774348258972168,0.015252232551574707,0.001099228858947754,0.030615627765655518,-0.0030015110969543457
2024-08-14,-0.012831926345825195,-0.018841266632080078,-0.019157111644744873,-0.0019216537475585938,0.014037013053894043,0.015870749950408936,-0.006049633026123047,-0.008051753044128418,0.013614356517791748,-0.012869656085968018
2024-08-16,0.00795513391494751,-0.0028804540634155273,0.023003458976745605,-0.012360215187072754,-0.04686307907104492,-0.010097384452819824,0.03956186771392822,0.01063835620880127,-0.04280805587768555,0.003735780715942383
2024-08-19,-0.026730060577392578,0.012518048286437988,-0.006364047527313232,-0.00463104248046875,-0.013832926750183105,0.012082040309906006,0.030542492866516113,-0.009187698364257812,-0.037489891052246094,0.004937410354614258
2024-08-20,0.018079280853271484,0.000950932502746582,-0.0008539557456970215,-0.03614461421966553,0.010389328002929688,-0.0032030344009399414,0.0026513338088989258,-0.027634501457214355,0.024543404579162598,0.0016628503799438477
2024-08-21,0.007070302963256836,0.019477486610412598,0.03333330154418945,0.0025278329849243164,-0.007541537284851074,-0.047384023666381836,0.005949497222900391,0.0006947517395019531,0.028414011001586914,0.02958047389984131
2024-08-22,-0.005933880805969238,0.006057858467102051,-0.015715479850769043,-0.01287376880645752,0.0007913708686828613,0.007551610469818115,-0.015959441661834717,-0.002713799476623535,0.018380582332611084,0.0009528398513793945
2024-08-23,-0.0013272762298583984,-0.010653078556060791,-0.011764705181121826,0.01871490478515625,0.01937103271484375,-0.049982547760009766,0.0025758743286132812,-0.026262521743774414,-0.05464291572570801,-0.02006298303604126
2024-08-26,0.018703997135162354,-0.0014045238494873047,-0.00765305757522583,0.023967444896697998,-0.017566323280334473,-0.04939830303192139,-0.019507110118865967,0.02963542938232422,0.027984976768493652,-0.010535776615142822
2024-08-27,0.014858126640319824,0.0037505626678466797,0.013710379600524902,-0.02173459529876709,-0.005688190460205078,0.037379562854766846,0.004367232322692871,0.02638387680053711,-0.030827760696411133,-0.11561691761016846
2024-08-28,0.014472901821136475,-0.007940232753753662,0.0,0.016260981559753418,0.0009207725524902344,0.03185462951660156,0.009372830390930176,0.0027059316635131836,0.028061389923095703,0.034251630306243896
2024-08-29,0.015612959861755371,0.0018832683563232422,-0.005071878433227539,-0.033579349517822266,0.006451129913330078,0.017199158668518066,-0.0013402700424194336,-0.006562352180480957,0.015452444553375244,0.022990107536315918
2024-08-30,-0.05323493480682373,-0.00798875093460083,-0.013593852519989014,0.04284846782684326,-0.003478407859802246,0.010237336158752441,-0.025210797786712646,0.014816641807556152,-0.0364149808883667,0.01076120138168335
2024-09-02,0.019233644008636475,-0.01042163372039795,-0.011197209358215332,0.009142518043518066,0.0006933212280273438,0.004822134971618652,-0.0036385059356689453,-0.01387035846710205,0.020191311836242676,-0.008630037307739258
2024-09-03,-0.011857748031616211,-0.011010050773620605,0.0,0.013044893741607666,-0.001387476921081543,-0.011587142944335938,-0.010067105293273926,-0.014065444469451904,0.005219578742980957,0.035878658294677734
2024-09-04,0.006460309028625488,-0.007744431495666504,0.030487775802612305,0.01396942138671875,-0.007587790489196777,0.012218058109283447,-0.008275151252746582,0.00932300090789795,-0.009880781173706055,0.009247422218322754
2024-09-05,-0.00892186164855957,0.021463394165039062,-0.0025359392166137695,-0.0027245283126831055,-0.034739136695861816,0.013844847679138184,0.008444666862487793,-0.012584447860717773,0.007422387599945068,0.00030118227005004883
2024-09-06,0.014088749885559082,-0.01814711093902588,-0.025423705577850342,0.025214672088623047,0.00825875997543335,0.017460167407989502,0.00628054141998291,0.005462050437927246,0.018354833126068115,0.008658945560455322
2024-09-09,0.009121298789978027,-0.006322920322418213,0.004347801208496094,0.0039023756980895996,0.00041478872299194336,-0.03923988342285156,-0.006142258644104004,0.012550711631774902,0.02499997615814209,0.010329663753509521
2024-09-10,-0.050168752670288086,-0.04601085186004639,-0.041991353034973145,-0.011752843856811523,-0.022120118141174316,0.020589053630828857,-0.045255184173583984,-0.0006783008575439453,-0.02613818645477295,-0.0440521240234375
2024-09-11,0.025273919105529785,0.018249928951263428,-0.0024927854537963867,0.021020054817199707,0.010211706161499023,0.022945940494537354,0.007152378559112549,-0.002962052822113037,0.03537064790725708,0.024625062942504883
2024-09-12,-0.004796147346496582,-0.0,-0.04434311389923096,-0.004294276237487793,-0.006562590599060059,-0.0028444528579711914,0.005378901958465576,0.0013617277145385742,-0.003946661949157715,0.005501508712768555
2024-09-13,0.014170646667480469,-0.014299392700195312,-0.041269779205322266,0.002025425434112549,-0.03761398792266846,-0.04778182506561279,-0.00898122787475586,0.020149588584899902,0.008219540119171143,-0.00901782512664795
2024-09-16,-0.046451687812805176,-0.021616458892822266,-0.014481782913208008,-0.03258538246154785,-0.020995020866394043,-0.008398652076721191,0.005264163017272949,0.022417426109313965,0.019674181938171387,0.007960915565490723
2024-09-17,0.023857712745666504,0.01839923858642578,-0.003380894660949707,0.016051530838012695,0.011835038661956787,0.041506052017211914,0.002116858959197998,-0.02417778968811035,-0.0030875205993652344,0.01392984390258789
2024-09-18,0.023700177669525146,0.010309219360351562,-0.01759636402130127,-0.0032182931900024414,-0.0040122270584106445,0.008904874324798584,0.005785346031188965,0.0020647048950195312,0.0043239593505859375,0.0133589506149292
2024-09-19,-0.026854872703552246,0.0317234992980957,-0.05040466785430908,-0.0736725926399231,0.001938462257385254,0.03557705879211426,-0.0009698867797851562,-0.018907904624938965,0.00044161081314086914,0.038673996925354004
2024-09-20,0.009160757064819336,-0.018581867218017578,0.004261970520019531,0.006806731224060059,0.011444151401519775,-0.04425239562988281,-0.0019377470016479492,-0.002779662609100342,-0.005154609680175781,-0.016108155250549316
2024-09-23,-0.0011930465698242188,0.005280852317810059,0.012345552444458008,-0.011267900466918945,-0.02671992778778076,0.007698476314544678,0.0005801916122436523,0.015981078147888184,0.002417623996734619,0.006372928619384766
2024-09-24,-0.030384182929992676,-0.0,-0.02896338701248169,-0.015115201473236084,-0.0037387609481811523,0.0020301342010498047,-0.023609161376953125,0.011583924293518066,-0.0008078813552856445,0.00032067298889160156
2024-09-25,-0.061289429664611816,0.010135114192962646,-0.01255887746810913,-0.006455540657043457,-0.006511211395263672,-0.0048677921295166016,-0.16173553466796875,0.004821658134460449,-0.029277920722961426,-0.05726206302642822
2024-09-26,0.029964566230773926,-0.002925395965576172,-0.01669323444366455,0.00784599781036377,-0.01407468318939209,-0.012797355651855469,0.040764808654785156,-5.996227264404297e-05,-0.000855565071105957,-0.014336585998535156
2024-09-27,0.05251336097717285,0.0024306774139404297,-0.009296655654907227,-0.0032842159271240234,-0.03178161382675171,-0.04583096504211426,0.03961324691772461,0.0017995834350585938,0.02528667449951172,0.005683481693267822
2024-09-30,-0.010966300964355469,-0.0014619827270507812,0.004487872123718262,0.0003660917282104492,-0.01249474287033081,0.031535804271698,-0.11596894264221191,-0.002335190773010254,-0.015127062797546387,-0.014365077018737793
2024-10-01,0.018909454345703125,-0.017518281936645508,0.017059326171875,0.0012199878692626953,-0.009797751903533936,0.018325388431549072,-0.0677483081817627,0.01986563205718994,-0.01612555980682373,-0.017498373985290527
2024-10-03,0.0134468674659729,0.03156381845474243,-0.0179712176322937,-0.02095770835876465,-0.010714173316955566,-0.04207348823547363,0.0386924147605896,-0.033660948276519775,-0.035494089126586914,0.031042754650115967
2024-10-04,0.020899593830108643,0.010370314121246338,-0.029686808586120605,-0.02489107847213745,-0.018530964851379395,0.028386354446411133,0.062379539012908936,-0.011205196380615234,0.016557157039642334,0.029405176639556885
2024-10-07,-0.11724674701690674,-0.046407222747802734,-0.05196988582611084,-0.055520057678222656,-0.03166615962982178,0.021344542503356934,0.0398026704788208,-0.020878195762634277,0.01753169298171997,0.04416549205780029
2024-10-08,0.0027689337730407715,0.0266876220703125,0.0565871000289917,0.023648619651794434,0.03551018238067627,-0.04999649524688721,-0.08744430541992188,0.005220770835876465,-0.06224334239959717,-0.006647229194641113
2024-10-09,0.011522948741912842,0.010193586349487305,0.023430943489074707,0.02151811122894287,-0.0043021440505981445,-0.036574482917785645,0.018271982669830322,0.012952923774719238,-0.022331833839416504,-0.016991496086120605
2024-10-10,0.012219130992889404,0.004540920257568359,-0.04088306427001953,-0.014473974704742432,0.0070760250091552734,0.006857156753540039,0.027115941047668457,-0.02316528558731079,-0.054903507232666016,-0.0029298067092895508
2024-10-11,0.0038390755653381348,0.0090407133102417,-0.016197800636291504,-0.06687641143798828,0.007616996765136719,-0.011127471923828125,0.03084021806716919,-0.008600592613220215,-0.024972081184387207,-0.006395101547241211
2024-10-14,0.03311443328857422,0.031856656074523926,0.007799029350280762,0.027777791023254395,-0.018821358680725098,-0.01896047592163086,0.06330299377441406,0.0044013261795043945,0.002774059772491455,-0.00855100154876709
2024-10-15,0.05949223041534424,-0.0024119019508361816,-0.013757586479187012,-0.10101139545440674,0.019339680671691895,-0.049837350845336914,-0.0032700300216674805,-0.010669350624084473,-0.0035074949264526367,0.014934659004211426
2024-10-16,-0.046460628509521484,-0.009187638759613037,-0.003923237323760986,0.012975037097930908,0.0037636756896972656,0.019149720668792725,-0.027071118354797363,-0.0030813217163085938,-0.06653010845184326,0.0030795931816101074
2024-10-17,-0.0013499259948730469,-0.022938013076782227,-0.018380701541900635,0.04816192388534546,-0.01051110029220581,0.009098410606384277,0.03596621751785278,-0.01468127965927124,-0.005745649337768555,0.024396061897277832
2024-10-18,0.01437985897064209,-0.00849151611328125,0.03299152851104736,0.0017110705375671387,0.000217437744140625,-0.008225440979003906,0.01828819513320923,-0.006731092929840088,0.013895273208618164,-0.053340911865234375
2024-10-21,-0.014893651008605957,-0.021662473678588867,-0.02891671657562256,0.02056807279586792,-0.018259763717651367,0.04983550310134888,0.05625927448272705,-0.006579399108886719,-0.008901715278625488,0.04717129468917847
2024-10-22,0.042976975440979004,-0.02986609935760498,-0.04000002145767212,0.04899996519088745,-0.030144810676574707,0.050053298473358154,0.0024674534797668457,-0.007086634635925293,-0.030628085136413574,0.020789504051208496
2024-10-23,0.009388208389282227,0.004777073860168457,0.0,-0.04008936882019043,-0.0016307234764099121,0.018007338047027588,0.008706808090209961,-0.012873470783233643,0.03172922134399414,0.0001652836799621582
2024-10-24,0.01421576738357544,-0.00898045301437378,0.0064814090728759766,0.008593440055847168,-0.01421058177947998,0.030681312084197998,0.0002994537353515625,-0.0025002360343933105,0.023388028144836426,-0.005453228950500488
2024-10-25,0.0467873215675354,-0.0362473726272583,-0.013799428939819336,0.02625870704650879,-0.012758493423461914,0.046227455139160156,0.03065091371536255,-0.019712746143341064,0.009848475456237793,0.03771883249282837
2024-10-28,0.023869574069976807,0.03429210186004639,-0.06063437461853027,-0.007985353469848633,0.027491450309753418,-0.0012347698211669922,0.0081368088722229,0.011332988739013672,0.044886231422424316,-0.008966684341430664
2024-10-29,-0.011537790298461914,0.0032085180282592773,-0.009234905242919922,-0.02103900909423828,-0.0036916136741638184,-0.015262603759765625,-0.03883695602416992,0.013665914535522461,-0.011248111724853516,0.011764705181121826
2024-10-30,-0.02213144302368164,0.027718544006347656,-0.019607901573181152,-0.03167128562927246,0.023740053176879883,-0.02323281764984131,-0.01999199390411377,0.0053253173828125,0.0351567268371582,-0.025094270706176758
2024-10-31,-0.07728171348571777,0.00622403621673584,-0.007264971733093262,-0.06522011756896973,0.005861401557922363,0.004452049732208252,-0.05507636070251465,0.008716583251953125,0.03893148899078369,0.0004177689552307129
2024-11-01,-0.0027829408645629883,0.01907217502593994,-0.005515456199645996,0.002662062644958496,0.003534555435180664,-0.004919171333312988,0.009288489818572998,0.0020606517791748047,0.010015130043029785,-0.008525609970092773
2024-11-04,-0.034690141677856445,-0.035913050174713135,0.0172995924949646,0.016711115837097168,-0.049341559410095215,0.016465187072753906,-0.005625367164611816,-0.013001620769500732,0.012868404388427734,0.022294044494628906
2024-11-05,0.023394346237182617,0.009443879127502441,0.0055817365646362305,0.013218462467193604,0.0038050413131713867,-0.03838324546813965,0.04437810182571411,0.0013442039489746094,0.000825047492980957,-0.008222460746765137
2024-11-06,0.015563011169433594,0.01819133758544922,-0.023316025733947754,-0.03002035617828369,0.007514834403991699,0.0050109028816223145,0.026439011096954346,-0.01986706256866455,0.03011488914489746,-0.01580631732940674
2024-11-07,0.016584038734436035,0.0020418167114257812,0.013502120971679688,0.026823103427886963,-0.006699681282043457,0.018392741680145264,-0.027156949043273926,-0.001711130142211914,-0.020912230014801025,-0.012580633163452148
2024-11-08,0.015287637710571289,-0.02088642120361328,0.011548340320587158,0.01730102300643921,-0.02501910924911499,0.02498328685760498,0.03541463613510132,0.007686734199523926,-0.036015987396240234,0.01839137077331543
2024-11-11,0.011843740940093994,-0.010405778884887695,0.02769368886947632,0.02015542984008789,-0.0021809935569763184,0.012201666831970215,0.024881184101104736,0.013903617858886719,0.003221869468688965,0.015405118465423584
2024-11-12,0.03417563438415527,-0.015247166156768799,0.018691599369049072,-0.012639403343200684,0.009972691535949707,-0.030572175979614258,0.018566489219665527,0.01893383264541626,-0.0015212297439575195,0.013870060443878174
2024-11-13,0.02079486846923828,-0.024025559425354004,-0.00634920597076416,0.045888423919677734,-0.023840129375457764,0.02974003553390503,-0.005495667457580566,0.008075475692749023,-0.00993114709854126,0.03481990098953247
2024-11-14,-0.005137920379638672,0.002735137939453125,-0.027489900588989258,-0.08785426616668701,0.012609601020812988,-0.007566332817077637,-0.026697516441345215,-0.008348226547241211,0.05380141735076904,-0.005509138107299805
2024-11-18,-0.014482855796813965,-0.012547731399536133,-0.010526299476623535,0.0004715919494628906,-0.017652511596679688,0.050038278102874756,0.04443073272705078,0.007594943046569824,-0.03704702854156494,0.0011488795280456543
2024-11-19,0.005374550819396973,0.012154698371887207,-0.006510376930236816,0.007195115089416504,0.027685880661010742,-0.015084266662597656,-0.006642341613769531,-0.02123546600341797,0.009884834289550781,-0.06184196472167969
2024-11-21,0.014184415340423584,-0.011462807655334473,0.021561026573181152,-0.0015445947647094727,-0.02053546905517578,0.03782576322555542,0.04608345031738281,0.016945719718933105,-0.0409320592880249,0.03257787227630615
2024-11-22,-0.014388561248779297,0.0033130645751953125,-0.013662457466125488,0.056227803230285645,0.014184832572937012,-0.027337312698364258,-0.01416933536529541,-0.018680095672607422,-0.015482723712921143,0.011626899242401123
2024-11-25,-0.004052639007568359,0.006053924560546875,-0.030434727668762207,-0.012066364288330078,0.01023399829864502,0.025403916835784912,-0.04312431812286377,-0.02393317222595215,0.02962648868560791,-0.011153697967529297
2024-11-26,-0.01227724552154541,0.013676166534423828,-0.05063295364379883,0.01701432466506958,-0.0006753802299499512,-0.013115525245666504,-0.02088165283203125,0.010666370391845703,0.009495973587036133,-0.017752528190612793
2024-11-27,-0.01113128662109375,-0.08148950338363647,0.005220890045166016,-0.007075190544128418,0.02331554889678955,-0.007653474807739258,-0.024380087852478027,-0.0009982585906982422,0.003626704216003418,-0.013717174530029297
2024-11-28,-0.014459490776062012,0.02350175380706787,-0.031085968017578125,0.006398200988769531,0.0032690763473510742,-0.03021979331970215,-0.005244016647338867,0.0077787041664123535,-0.013268589973449707,-0.007183432579040527
2024-11-29,-0.007936477661132812,-0.00803673267364502,0.020360231399536133,0.004545450210571289,0.013757705688476562,0.004078388214111328,-0.020666122436523438,-0.01634955406188965,-0.016880273818969727,-0.049095988273620605
2024-12-02,-0.007231235504150391,0.011574029922485352,-0.009592413902282715,-0.002663731575012207,0.02107071876525879,-0.01598668098449707,-0.022311687469482422,0.001846015453338623,-0.014434516429901123,-0.010513901710510254
2024-12-03,-0.027121901512145996,0.02173924446105957,-0.0075217485427856445,-0.009614109992980957,0.016407012939453125,-0.007906436920166016,0.0031726956367492676,-0.023117542266845703,0.027520179748535156,-0.05867171287536621
2024-12-04,-0.0159987211227417,0.0005599260330200195,-0.0066797733306884766,0.0005012154579162598,-0.00037544965744018555,0.0029993057250976562,-0.004533171653747559,0.0063266754150390625,0.03345012664794922,-0.021207332611083984
2024-12-05,-0.0,0.003357529640197754,-0.0007805824279785156,0.007020175457000732,-0.012392759323120117,0.012110412120819092,-0.0002881288528442383,0.004547834396362305,0.0027251243591308594,-0.012518048286437988
2024-12-06,-0.013912320137023926,0.007808089256286621,-0.028081178665161133,-0.00479733943939209,-0.019044339656829834,-0.007027387619018555,0.008063018321990967,0.00032633543014526367,-0.02540212869644165,-0.005074024200439453
2024-12-09,0.025482535362243652,0.011068105697631836,0.008346021175384521,0.008795022964477539,-0.04377037286758423,-0.010700225830078125,0.020030975341796875,0.014232516288757324,-0.03653538227081299,0.01599830389022827
2024-12-10,-0.05616581439971924,-0.010946929454803467,0.02907419204711914,0.0062111616134643555,0.00824272632598877,0.008055269718170166,-0.002863645553588867,0.010133147239685059,-0.035203754901885986,0.011489272117614746
2024-12-11,0.03061819076538086,-0.00608748197555542,0.012608349323272705,0.013010263442993164,-0.0038196444511413574,-0.023279190063476562,-0.015754222869873047,-0.0030777454376220703,-0.002204000949859619,0.011622786521911621
2024-12-12,0.020855367183685303,-0.012806236743927002,-0.0015960931777954102,0.04122507572174072,-0.018128573894500732,0.04685962200164795,0.03169828653335571,-0.035885751247406006,0.003865480422973633,0.02448052167892456
2024-12-13,-0.017132282257080078,-0.007332146167755127,0.0015935897827148438,-0.006739497184753418,-0.003048717975616455,-0.06565690040588379,0.005806446075439453,0.0003459453582763672,-0.009595990180969238,0.014404833316802979
2024-12-16,0.009104728698730469,0.011931777000427246,-0.030327200889587402,0.004418313503265381,0.013159751892089844,0.02425771951675415,0.0024166107177734375,0.022477388381958008,0.022463560104370117,-0.022307634353637695
2024-12-17,0.012863755226135254,-0.014037072658538818,-0.0003871917724609375,0.01102745532989502,0.013734817504882812,0.0351560115814209,-0.004239439964294434,-0.00791400671005249,-0.01514977216720581,-0.000903010368347168
2024-12-18,0.015203237533569336,-0.010819971561431885,-0.018583059310913086,0.013326108455657959,-0.05764085054397583,0.018732190132141113,-0.004824638366699219,-0.017590463161468506,0.008702635765075684,0.0302962064743042
2024-12-19,0.0034656524658203125,-0.013241291046142578,0.017863988876342773,0.032800376415252686,0.00908803939819336,-0.03785741329193115,0.0036011338233947754,-0.01374143362045288,-0.014946222305297852,0.009535670280456543
2024-12-20,0.024660110473632812,-0.030921757221221924,0.03405570983886719,-0.05927610397338867,-0.027546167373657227,-0.031276702880859375,0.0029113292694091797,-0.019280850887298584,0.0008018016815185547,0.040701329708099365
2024-12-23,0.03014582395553589,-0.012040972709655762,0.00600963830947876,-0.02044665813446045,-0.015266597270965576,-0.01128840446472168,-0.04500603675842285,0.013274073600769043,-0.002403557300567627,-0.003916501998901367
2024-12-24,-0.02673792839050293,-0.01340639591217041,-0.0036275386810302734,0.03150540590286255,0.009441614151000977,-0.004613757133483887,0.006009459495544434,-0.020110368728637695,-0.00691908597946167,-0.004145026206970215
2024-12-26,0.010742247104644775,-0.05435454845428467,-0.016867399215698242,0.019735991954803467,-0.02693164348602295,0.034222185611724854,-0.025361597537994385,-0.007876873016357422,-0.016858458518981934,0.010279297828674316
2024-12-27,-0.002303481101989746,0.016329169273376465,-0.013428211212158203,-0.016245603561401367,0.0013464689254760742,-0.035434842109680176,0.0046236515045166016,0.0,0.005884528160095215,0.0010631084442138672
2024-12-30,0.020518720149993896,-0.023136258125305176,0.0062354207038879395,0.038939833641052246,-0.021402180194854736,-0.03125929832458496,-0.012308657169342041,-0.005972802639007568,-0.02151346206665039,0.020957887172698975
2024-12-31,-0.012736678123474121,-0.03486835956573486,0.006274521350860596,-0.01677560806274414,-0.003893136978149414,0.01364743709564209,0.003034234046936035,0.0014655590057373047,-0.021279335021972656,0.006605863571166992
2025-01-01,-0.0191957950592041,-0.036872267723083496,0.00315701961517334,-0.0008389949798583984,0.009464263916015625,-0.015948057174682617,-0.03846156597137451,0.009804606437683105,-0.03277719020843506,-0.014646410942077637
2025-01-02,-0.0009741783142089844,0.008583664894104004,-0.0,0.003352940082550049,0.0022394657135009766,-0.025374531745910645,0.004889726638793945,0.004999637603759766,-0.03959256410598755,-0.0073004961013793945
2025-01-03,0.007948160171508789,-0.009894847869873047,-0.00356292724609375,-0.020465493202209473,-0.013672113418579102,0.05781197547912598,-0.15232610702514648,-0.00879591703414917,-0.039669156074523926,-0.012436151504516602
2025-01-06,0.04087638854980469,0.03612983226776123,0.03274160623550415,0.052884697914123535,-0.03951162099838257,0.030642569065093994,-0.03874075412750244,-0.027349531650543213,0.032034337520599365,0.023509323596954346
2025-01-07,0.0042618513107299805,-0.005082607269287109,-0.031810760498046875,-0.0005801916122436523,-0.022387444972991943,-0.031458139419555664,-0.0015721321105957031,-0.00381392240524292,-0.020938754081726074,-0.05664777755737305
2025-01-08,0.008731365203857422,0.0037926435470581055,0.026482224464416504,0.007392287254333496,-0.03680378198623657,0.009053170680999756,0.043428897857666016,0.0047293901443481445,0.04225742816925049,-0.03295493125915527
2025-01-09,-0.002245187759399414,-0.0012689828872680664,-0.0056841373443603516,0.02730727195739746,-0.013670682907104492,0.046428024768829346,-0.007019758224487305,0.0,0.009269893169403076,0.007708847522735596
2025-01-10,0.021712839603424072,0.036755383014678955,0.031893372535705566,0.05449634790420532,-0.022468984127044678,-0.0024344921112060547,0.04119139909744263,0.001494288444519043,0.0045694708824157715,-0.056764841079711914
2025-01-13,0.03910517692565918,0.043421030044555664,-0.07172644138336182,0.04985707998275757,-0.05068254470825195,-0.07873094081878662,0.014257371425628662,-0.037675321102142334,0.027907371520996094,-0.04803067445755005
2025-01-14,0.019431650638580322,-0.04814302921295166,0.010781645774841309,-0.02673792839050293,0.007699847221374512,0.04804420471191406,-0.036685824394226074,0.020234107971191406,-0.046248435974121094,0.044886112213134766
2025-01-15,-0.008412837982177734,0.01640421152114868,0.03644442558288574,0.06966143846511841,-0.0015649795532226562,-0.01882350444793701,0.018017172813415527,-0.007142901420593262,0.0179826021194458,-0.016478121280670166
2025-01-16,0.018353760242462158,-0.006003975868225098,-0.06946825981140137,0.008922278881072998,-0.0012448430061340332,0.034896254539489746,0.03001505136489868,-0.0006121993064880371,-0.01670682430267334,0.00200045108795166
2025-01-17,-0.029084086418151855,-0.0006631612777709961,-0.02485966682434082,0.003883540630340576,0.017540574073791504,0.012145400047302246,-0.013095378875732422,-0.005437374114990234,0.010117650032043457,-0.010897576808929443
2025-01-20,-0.015048503875732422,-0.05235254764556885,-0.040688514709472656,-0.012759208679199219,-0.008845925331115723,-0.003789365291595459,-0.053331971168518066,-0.004311978816986084,-0.01000368595123291,-0.0037006139755249023
2025-01-21,0.014283061027526855,0.000629723072052002,0.03796994686126709,0.03254592418670654,-0.013776302337646484,-0.026626527309417725,0.023179709911346436,-0.0034027099609375,0.017440617084503174,-0.0028701424598693848
2025-01-22,0.0311812162399292,0.0315060019493103,0.016803383827209473,0.021522939205169678,-0.008075058460235596,-0.037857234477996826,0.014051735401153564,0.0018624067306518555,0.05916726589202881,-0.02184218168258667
2025-01-23,-0.0009466409683227539,0.012361705303192139,0.002384781837463379,0.003881692886352539,0.02255082130432129,-0.05322390794754028,0.014157593250274658,0.011153340339660645,-0.06327641010284424,0.0236281156539917
2025-01-24,0.019860029220581055,-0.0,0.013147413730621338,0.0302467942237854,-0.026262879371643066,-0.015997886657714844,0.02565819025039673,-0.018843352794647217,0.015261054039001465,-0.03678023815155029
2025-01-27,0.026437699794769287,0.019762873649597168,0.04400479793548584,0.042671263217926025,-0.026642203330993652,-0.0653950572013855,0.07605385780334473,-0.012881577014923096,0.06658750772476196,-0.06680124998092651
2025-01-28,-0.027552127838134766,0.006720483303070068,0.028293907642364502,0.007195711135864258,0.01757180690765381,-0.020894110202789307,-0.01829206943511963,-0.008541643619537354,0.021528542041778564,-0.04496282339096069
2025-01-29,0.015046358108520508,-0.018944621086120605,-0.03563666343688965,-0.03482997417449951,0.028416991233825684,0.05419349670410156,-0.02088773250579834,0.014518260955810547,-0.024518966674804688,0.024130821228027344
2025-01-30,-0.007050514221191406,0.009296178817749023,0.01384812593460083,-0.001750946044921875,-0.01393115520477295,-0.0024480223655700684,0.034782588481903076,-0.007076561450958252,-0.0041207075119018555,-0.016253173351287842
2025-01-31,-0.02061450481414795,-0.007372617721557617,-0.0012766122817993164,-0.02311122417449951,0.02030313014984131,0.01840496063232422,-0.009114980697631836,-0.019876539707183838,-0.015941977500915527,0.011047005653381348
2025-02-01,-0.02496194839477539,-0.005322694778442383,0.006374835968017578,-0.0026575326919555664,0.030490636825561523,-0.0020389556884765625,-0.02520740032196045,0.010261058807373047,-0.06098031997680664,0.03277897834777832
2025-02-03,0.016359984874725342,0.025810658931732178,0.0004277229309082031,0.027640998363494873,-0.010456085205078125,-0.0274888277053833,-0.11002969741821289,-0.012396037578582764,0.012300491333007812,-0.022563397884368896
2025-02-04,0.006992936134338379,-0.0020380020141601562,-0.027813434600830078,-0.009151101112365723,-0.004766225814819336,0.009740233421325684,0.03341019153594971,0.021297216415405273,-0.024017810821533203,0.011302709579467773
2025-02-05,0.009706974029541016,-0.006101727485656738,0.0008326172828674316,-0.027590155601501465,0.02322220802307129,0.04236805438995361,-0.005728960037231445,0.008404731750488281,-0.04871869087219238,0.019321799278259277
2025-02-06,-0.059388816356658936,-0.01415097713470459,-0.008333325386047363,0.01783698797225952,-0.009758055210113525,0.01660323143005371,-0.005411505699157715,0.004639029502868652,0.034996867179870605,-0.012637078762054443
2025-02-07,-0.05210459232330322,0.02325582504272461,0.01404958963394165,0.009940743446350098,-0.029428839683532715,-0.03195005655288696,9.441375732421875e-05,-0.01127016544342041,0.025679588317871094,0.008940339088439941
2025-02-10,-0.003880143165588379,-0.008843541145324707,0.0029338598251342773,0.026453018188476562,-0.011577129364013672,-0.030699729919433594,-0.0147322416305542,-0.04124128818511963,0.04559135437011719,-0.0415073037147522
2025-02-11,0.014715433120727539,0.013486146926879883,0.03278684616088867,0.021420061588287354,-0.022031068801879883,-0.03557157516479492,0.036854326725006104,0.00833892822265625,0.03992307186126709,-0.04456990957260132
2025-02-12,-0.15909576416015625,0.030758678913116455,-0.0,0.011755228042602539,0.0021387338638305664,0.02061140537261963,-0.006184220314025879,-0.005404174327850342,-0.03212881088256836,-0.004787147045135498
2025-02-13,0.04894757270812988,-0.011283516883850098,-0.006518959999084473,-0.00963902473449707,0.005833148956298828,0.0389409065246582,0.004129528999328613,-0.01555931568145752,-0.0541841983795166,0.0018421411514282227
2025-02-14,-0.006044507026672363,0.027894020080566406,0.0017271637916564941,0.048953890800476074,-0.03979438543319702,-0.011532723903656006,0.061234354972839355,-0.022244632244110107,0.023784995079040527,-0.033813416957855225
2025-02-17,0.034784674644470215,0.02223813533782959,-0.002595186233520508,0.00854337215423584,-0.011490285396575928,-0.04996234178543091,0.019517183303833008,0.0011974573135375977,0.01976311206817627,0.0019031763076782227
2025-02-18,0.03972733020782471,0.007336795330047607,0.008628129959106445,0.016803085803985596,-0.018180906772613525,0.03486180305480957,0.011943459510803223,-0.009909451007843018,0.008080005645751953,0.01646256446838379
2025-02-19,0.007687091827392578,-0.04508507251739502,-0.012619614601135254,-0.028264641761779785,0.002175569534301758,-0.011005878448486328,-0.057258009910583496,-0.005867183208465576,-0.03002321720123291,0.006852149963378906
2025-02-20,-0.0013462305068969727,-0.012022614479064941,0.0055866241455078125,-0.01576817035675049,0.0189821720123291,0.03725576400756836,-0.006218075752258301,0.005554556846618652,-0.007155179977416992,0.01557016372680664
2025-02-21,0.0011233091354370117,0.009783387184143066,0.003457188606262207,0.02852940559387207,0.002774477005004883,0.019684672355651855,0.0031895041465759277,-0.005782783031463623,0.007104396820068359,-0.027210891246795654
2025-02-24,-0.03859966993331909,0.013408660888671875,0.004770219326019287,0.022673368453979492,-0.012747049331665039,-0.032113492488861084,0.005199432373046875,0.00651097297668457,0.011448323726654053,-0.015655994415283203
2025-02-25,0.037348270416259766,0.005722463130950928,-0.006536006927490234,0.001988530158996582,-0.014713168144226074,-0.023726284503936768,0.0006031394004821777,-0.039761900901794434,0.03862851858139038,0.03615736961364746
2025-02-27,-0.012826263904571533,0.012949585914611816,0.005627691745758057,0.03630727529525757,-0.06923002004623413,-0.009391963481903076,0.0333903431892395,0.03591877222061157,0.04081469774246216,-0.026299655437469482
2025-02-28,-0.07522225379943848,0.03644317388534546,0.008706986904144287,0.05076956748962402,-0.013424277305603027,-0.06988561153411865,0.07657891511917114,0.03372907638549805,0.02330005168914795,-0.04172360897064209
2025-03-03,0.004929780960083008,0.017397940158843994,-0.010979413986206055,0.012584686279296875,-0.009679734706878662,0.014817118644714355,-0.010478854179382324,-0.0015137195587158203,0.0182725191116333,-0.03136652708053589
2025-03-04,-0.001275479793548584,-0.010777592658996582,0.0030408501625061035,-0.021323561668395996,0.036751508712768555,-0.022056519985198975,-0.037912607192993164,0.0016003847122192383,-0.0611804723739624,0.0262681245803833
2025-03-05,0.06508183479309082,-0.031987786293029785,-0.009150385856628418,-0.031917452812194824,0.02688288688659668,0.036636948585510254,-0.025462031364440918,-0.012378692626953125,-0.0055217742919921875,-0.063437819480896
2025-03-06,0.018077850341796875,-0.02583026885986328,-0.009499073028564453,-0.02441859245300293,0.02911698818206787,0.0033707618713378906,-0.002514481544494629,0.006773471832275391,-0.025034308433532715,0.0023860931396484375
2025-03-07,0.042263150215148926,-0.0194244384765625,-0.0,-0.03178215026855469,-0.018403351306915283,0.03491806983947754,-0.026021480560302734,-0.009476661682128906,-0.0022058486938476562,-0.05896425247192383
2025-03-10,-0.03859353065490723,0.0296400785446167,0.0025663375854492188,0.027722835540771484,-0.022176027297973633,-0.014853477478027344,0.009879827499389648,0.01570451259613037,0.00031447410583496094,-0.033879995346069336
2025-03-11,0.012069940567016602,0.018181800842285156,-0.0017153024673461914,0.028060615062713623,-0.0019652247428894043,-0.01787322759628296,0.003086090087890625,-0.032534122467041016,-0.01132345199584961,0.013867795467376709
2025-03-12,-0.01210474967956543,0.00888890027999878,-0.0012842416763305664,0.023748576641082764,-0.02426689863204956,-0.03802359104156494,0.01145392656326294,0.007855653762817383,0.031646013259887695,0.01271432638168335
2025-03-13,-0.0032554268836975098,0.01345294713973999,0.005557894706726074,0.010493636131286621,-0.01848924160003662,-0.007081031799316406,-0.03340291976928711,0.007395803928375244,0.003854215145111084,0.0429268479347229
2025-03-17,-0.019868433475494385,0.014393925666809082,-0.0008598566055297852,0.02313816547393799,0.001611471176147461,-0.012240469455718994,0.016767680644989014,0.00035065412521362305,-0.005964875221252441,0.009683966636657715
2025-03-18,0.02601003646850586,-0.01152956485748291,-0.005584239959716797,-0.04490494728088379,-0.06707346439361572,-0.07672405242919922,-0.02671051025390625,-0.013591766357421875,-0.04527246952056885,-0.0378795862197876
2025-03-19,0.04109346866607666,-0.029635310173034668,-0.023066997528076172,-0.03589141368865967,-0.016689181327819824,-0.004103302955627441,-0.005203127861022949,-0.05943417549133301,0.0032196044921875,0.025785982608795166
2025-03-20,0.006239175796508789,0.0022140145301818848,-0.0004175901412963867,-0.003191232681274414,0.017949342727661133,-0.01275789737701416,-0.02916586399078369,-0.01567864418029785,-0.03429973125457764,-0.02870810031890869
2025-03-21,0.02475881576538086,-0.01405322551727295,-0.012103438377380371,-0.07793688774108887,-0.014788627624511719,0.014663875102996826,0.016829490661621094,-0.021064400672912598,-0.019109249114990234,-0.0306779146194458
2025-03-24,0.01025247573852539,-0.016776084899902344,0.004536092281341553,-0.0010540485382080078,-0.002514362335205078,0.009388744831085205,-0.012395501136779785,-0.02440941333770752,0.029622018337249756,0.008929431438446045
2025-03-25,-0.03535330295562744,0.043758928775787354,0.00994199514389038,0.04485154151916504,0.02984076738357544,0.024601757526397705,-0.011855125427246094,-0.02221369743347168,0.018796980381011963,0.02470451593399048
2025-03-26,-0.02384340763092041,0.023255765438079834,0.00502091646194458,0.018739044666290283,0.022633731365203857,0.030597448348999023,0.025160908699035645,0.030904531478881836,0.04084295034408569,0.0223502516746521
2025-03-27,0.043816328048706055,-0.004608273506164551,0.0016821026802062988,-0.010110139846801758,-0.0072335004806518555,0.013755619525909424,-0.00965428352355957,-0.03266596794128418,-0.05232882499694824,-0.01158297061920166
2025-03-28,-0.02081930637359619,0.006116211414337158,0.0016849040985107422,0.034475088119506836,0.021866142749786377,0.018380343914031982,0.0015611648559570312,0.023292481899261475,0.04000908136367798,0.032543182373046875
2025-04-01,0.01261889934539795,-0.034615397453308105,0.0025316476821899414,-0.0357060432434082,-0.05484628677368164,-0.019275307655334473,-0.00899052619934082,0.016770541667938232,-0.03171217441558838,-0.0331188440322876
2025-04-02,0.006060123443603516,0.006691455841064453,-0.008460283279418945,0.005782902240753174,-0.005713701248168945,0.011238396167755127,0.0027118921279907227,-0.008684754371643066,-0.03035414218902588,-0.0051250457763671875
2025-04-03,0.005556941032409668,-0.012724518775939941,-0.001677870750427246,-0.01610732078552246,0.00883173942565918,-0.03278684616088867,0.01660674810409546,-0.006438136100769043,0.018970370292663574,-0.0515897274017334
2025-04-04,-0.0490192174911499,0.03991132974624634,-0.0008375644683837891,0.04711580276489258,-0.06211245059967041,0.028888940811157227,0.013134479522705078,0.02504819631576538,0.009934008121490479,0.024814605712890625
2025-04-07,-0.01761072874069214,0.04080057144165039,0.006694614887237549,0.04736596345901489,-0.05694758892059326,0.014710664749145508,0.018913209438323975,0.0021343231201171875,0.03684127330780029,-0.07331573963165283
2025-04-08,0.03061497211456299,-0.042536139488220215,-0.024010181427001953,-0.011641979217529297,0.04123950004577637,0.0067462921142578125,-0.0179518461227417,-0.034302353858947754,-0.006441354751586914,-0.11215150356292725
2025-04-09,0.0038117170333862305,0.013086974620819092,0.002879500389099121,0.01558375358581543,-0.01606881618499756,-0.005901336669921875,-0.02675342559814453,0.00742948055267334,-0.0033975839614868164,0.03632575273513794
2025-04-11,0.034612178802490234,-0.017160654067993164,0.00907588005065918,-0.017778873443603516,0.05313396453857422,0.002324521541595459,-0.022835969924926758,-0.01875138282775879,-0.009764552116394043,0.00147247314453125
2025-04-15,0.016579508781433105,-0.026073575019836426,-0.001665353775024414,-0.04714035987854004,0.03287100791931152,-0.02673923969268799,-0.022707819938659668,-0.039160847663879395,-0.010527968406677246,-0.039421916007995605
2025-04-16,0.008797764778137207,-0.020926713943481445,-0.0033249855041503906,-0.03085017204284668,0.007348299026489258,-0.0012967586517333984,-0.02257668972015381,0.00444638729095459,-0.025698304176330566,-0.04322326183319092
2025-04-17,0.007898330688476562,-0.01903367042541504,-0.0041425228118896484,0.004876971244812012,0.009656310081481934,-0.00550389289855957,-0.0108567476272583,0.02233123779296875,0.0036867260932922363,-0.014868497848510742
2025-04-21,0.0225297212600708,-0.013649344444274902,0.004125416278839111,-0.004900932312011719,0.009096145629882812,-0.02865731716156006,-0.002617359161376953,0.018123328685760498,0.0022655129432678223,-0.039038777351379395
2025-04-22,0.0049893856048583984,-0.025513887405395508,-0.04018235206604004,-0.01507425308227539,-0.0023179054260253906,-0.016798853874206543,-0.012152314186096191,0.004194974899291992,-0.04087197780609131,0.027082741260528564
2025-04-23,-0.0060370564460754395,-0.017968177795410156,-0.0027877092361450195,-0.0017470121383666992,0.014559268951416016,-0.010569572448730469,-0.005958676338195801,-0.005591392517089844,0.03948509693145752,0.008218467235565186
2025-04-24,0.0019979476928710938,-0.0,-0.015885591506958008,-0.006104230880737305,0.0300748348236084,-0.02376115322113037,-0.03713202476501465,-0.0030466318130493164,0.01589822769165039,0.005524396896362305
2025-04-25,-0.022730886936187744,0.04752206802368164,0.02228301763534546,0.05330449342727661,-0.031716227531433105,0.04403889179229736,0.0026627779006958008,0.02946317195892334,0.01469343900680542,0.050174713134765625
2025-04-28,0.014241456985473633,0.0007126927375793457,-0.0075969696044921875,0.005493223667144775,0.003010272979736328,-0.07947707176208496,0.01849818229675293,-0.0074329376220703125,-0.008276104927062988,-0.012168645858764648
2025-04-29,-0.002092123031616211,0.00784599781036377,-0.0015872716903686523,-0.04188716411590576,-0.01922786235809326,-0.006632089614868164,0.007642507553100586,-0.0007766485214233398,0.004568696022033691,0.030382096767425537
2025-04-30,-0.017054378986358643,0.02947521209716797,-0.001981019973754883,0.03821516036987305,-0.0224573016166687,-0.07848751544952393,-0.06478095054626465,0.036318421363830566,0.02053678035736084,-0.0011534690856933594
2025-05-02,-0.00036913156509399414,-0.00814807415008545,-0.0011862516403198242,0.01079469919204712,0.014006733894348145,0.016201794147491455,0.016696929931640625,-0.012723445892333984,0.001826643943786621,0.0015361309051513672
2025-05-05,0.012678980827331543,-0.009551763534545898,0.018562376499176025,-0.0020896196365356445,-0.0057555437088012695,0.015298843383789062,0.015202760696411133,0.009621500968933105,-0.027211904525756836,-0.023653864860534668
2025-05-06,-0.02905184030532837,0.021834075450897217,-0.0221327543258667,0.01784062385559082,-0.013209104537963867,-0.09787970781326294,-0.014420509338378906,0.016459226608276367,0.03400468826293945,0.023670852184295654
2025-05-07,-0.008221030235290527,0.0029761791229248047,-0.05433070659637451,-0.002123117446899414,-0.0017598867416381836,-0.005065321922302246,0.00281369686126709,0.025061190128326416,-0.009221434593200684,-0.03299975395202637
2025-05-08,-0.06029623746871948,0.012686550617218018,-0.008962035179138184,-0.001412510871887207,-0.0036329030990600586,0.008451342582702637,0.023288488388061523,0.0025957226753234863,0.025186657905578613,-0.013970375061035156
2025-05-09,0.005238890647888184,0.005290985107421875,-0.022205829620361328,0.0011753439903259277,-0.01184988021850586,0.04967689514160156,-0.021570205688476562,-0.005624651908874512,0.012714982032775879,-0.041792869567871094
2025-05-12,0.0018262863159179688,-0.07826745510101318,-0.05503249168395996,-0.06377971172332764,0.04487490653991699,-0.011735320091247559,0.01447916030883789,-0.030636906623840332,-0.03880131244659424,-0.011550068855285645
2025-05-13,0.020052433013916016,-0.01409447193145752,-0.025394678115844727,-0.009070754051208496,-0.01656627655029297,-0.027739882469177246,0.0022100210189819336,-0.00485992431640625,-0.00961613655090332,-0.05133795738220215
2025-05-14,0.016737818717956543,-0.015288352966308594,-0.021753668785095215,-0.021486520767211914,0.019855380058288574,-0.01952141523361206,0.007258415222167969,-0.004675149917602539,-0.020859599113464355,-0.006134986877441406
2025-05-15,-0.001972019672393799,-0.016427159309387207,-0.021618127822875977,0.0015024542808532715,0.02640712261199951,-0.008985161781311035,0.01322627067565918,-0.011392712593078613,0.010794997215270996,-0.024390220642089844
2025-05-16,0.014132261276245117,-0.012121200561523438,-0.009297847747802734,-0.023215770721435547,0.026484370231628418,0.011436223983764648,-0.027457714080810547,0.0017451643943786621,0.005690276622772217,-0.021557331085205078
2025-05-19,0.005125164985656738,-0.011976122856140137,-0.006353259086608887,0.0004200935363769531,-0.026243388652801514,-0.015687108039855957,-0.01712489128112793,-0.010966300964355469,0.0031358003616333008,0.00874018669128418
2025-05-20,-0.0030762553215026855,0.0131492018699646,-0.022095918655395508,0.020176589488983154,-0.02059149742126465,-0.005588352680206299,0.012619972229003906,0.006917119026184082,-0.006841778755187988,0.04376840591430664
2025-05-21,0.0019866228103637695,-0.009327054023742676,-0.0027796030044555664,-0.0015014410018920898,-0.013758599758148193,-0.007180690765380859,-0.0026971101760864258,-0.015671968460083008,-0.019760966300964355,-0.009303927421569824
2025-05-22,0.009407758712768555,-0.0006600618362426758,-0.0015398263931274414,-0.04005146026611328,-0.0029259324073791504,0.03920328617095947,0.002797722816467285,0.009663283824920654,-0.03676474094390869,-0.026090502738952637
2025-05-23,0.006185412406921387,-0.009894490242004395,-0.004305005073547363,-0.005354166030883789,0.019546151161193848,0.030361175537109375,0.010043621063232422,0.003147602081298828,0.017361104488372803,-0.006416916847229004
2025-05-26,-0.043406009674072266,0.0006532073020935059,0.02449476718902588,-0.024375200271606445,0.0166015625,0.03005385398864746,0.021821260452270508,-0.00023674964904785156,-0.01939702033996582,0.004224121570587158
2025-05-27,0.011425137519836426,-0.003268003463745117,-0.0050220489501953125,-0.0009998083114624023,0.0036907196044921875,0.04248237609863281,0.0076590776443481445,0.0035514235496520996,0.014750361442565918,0.006563127040863037
2025-05-28,0.0004832148551940918,-0.01107490062713623,0.004684567451477051,-0.052536845207214355,0.022567033767700195,-0.03537243604660034,-0.007779717445373535,-0.0003960132598876953,0.005988478660583496,-0.01289069652557373
2025-05-29,-0.005237460136413574,-0.0032216310501098633,-0.010668277740478516,-0.03985583782196045,-0.01413792371749878,0.05094039440155029,-0.011806011199951172,-0.016150712966918945,0.024700701236724854,0.0019089579582214355
2025-05-30,-0.005611062049865723,-0.027617216110229492,-0.005277752876281738,0.004562854766845703,-0.01539003849029541,-0.004945993423461914,-0.010396718978881836,0.01885467767715454,-0.0040923357009887695,-0.018010735511779785
2025-06-02,0.0050217509269714355,0.002499997615814209,0.008029580116271973,-0.038137078285217285,0.029332637786865234,-0.033709943294525146,0.00792551040649414,-0.013737678527832031,0.007997572422027588,0.018944740295410156
2025-06-03,-0.020027995109558105,0.01566416025161743,0.01276463270187378,0.027022242546081543,0.02825033664703369,0.0234755277633667,0.00941765308380127,0.008851587772369385,0.005813956260681152,-0.020667076110839844
2025-06-04,-0.03966236114501953,-0.001273036003112793,0.016714036464691162,-0.004174947738647461,0.016829609870910645,0.04898107051849365,0.028079748153686523,0.0032404065132141113,-0.047875285148620605,0.020092308521270752
2025-06-05,-0.020774364471435547,-0.0012714862823486328,0.006414353847503662,0.011388301849365234,-0.019946277141571045,0.011934876441955566,0.021850228309631348,0.017285048961639404,-0.0482177734375,0.0018349885940551758
2025-06-06,0.010545790195465088,0.011428594589233398,0.0009683370590209961,0.010056674480438232,-0.018475711345672607,0.005165219306945801,-0.011036455631256104,0.007826447486877441,0.027472078800201416,0.008952140808105469
2025-06-09,-0.005796670913696289,-0.01477205753326416,-0.010985493659973145,-0.006280064582824707,-0.007745146751403809,0.035029053688049316,-0.015867412090301514,-0.01821589469909668,-0.014160633087158203,-0.006532788276672363
2025-06-10,-0.005019426345825195,-0.012025237083435059,-0.01150524616241455,-0.047724008560180664,-0.003853321075439453,0.016880393028259277,-0.008681833744049072,-0.001597285270690918,0.00914067029953003,-0.028525590896606445
2025-06-11,-0.010728955268859863,-0.00437772274017334,-0.006319165229797363,0.007007718086242676,-0.008629262447357178,0.05264866352081299,-0.020554065704345703,0.003827393054962158,0.0011621713638305664,-0.011452198028564453
2025-06-12,-0.010980963706970215,-0.020547926425933838,0.02135002613067627,0.02664083242416382,-0.016058027744293213,-0.02574211359024048,-0.009489059448242188,-0.010165691375732422,0.01788961887359619,-0.014942646026611328
2025-06-13,0.0027154088020324707,-0.013985991477966309,-0.06512665748596191,0.03280764818191528,-0.02938634157180786,-0.023565828800201416,-0.010408937931060791,0.018541991710662842,0.0019251704216003418,-0.02064204216003418
2025-06-16,0.020148932933807373,-0.018697619438171387,-0.00301206111907959,-0.02361321449279785,0.01356661319732666,-0.005769550800323486,0.010890722274780273,-0.005409359931945801,0.005415856838226318,-0.00438690185546875
2025-06-17,-0.004446148872375488,-0.011826574802398682,0.01681685447692871,0.027096271514892578,-0.016227424144744873,-0.029260337352752686,-0.00018411874771118164,-0.005460500717163086,-0.008802056312561035,0.0051081180572509766
2025-06-18,0.010143876075744629,-0.009973406791687012,-0.008552312850952148,0.0050809383392333984,0.0007354021072387695,-0.10280370712280273,-0.03444468975067139,0.011101365089416504,0.013235747814178467,0.024927496910095215
2025-06-19,-0.005776047706604004,-0.01813298463821411,0.01574808359146118,0.007187366485595703,0.008976340293884277,-0.0804702639579773,-0.020888984203338623,0.011225879192352295,0.023379504680633545,-0.04632169008255005
2025-06-20,-0.00018537044525146484,0.016415834426879883,0.019692301750183105,0.004381835460662842,-0.02122676372528076,-0.04599803686141968,-0.026400387287139893,0.007106184959411621,-0.01104879379272461,0.04297029972076416
2025-06-23,-0.005556583404541016,-0.0013458728790283203,-0.035153746604919434,-0.038078904151916504,0.01195979118347168,-0.005657076835632324,0.007904648780822754,0.012997627258300781,-0.0,-0.12459731101989746
2025-06-24,-0.003315448760986328,0.021563291549682617,-0.0003032684326171875,0.010875582695007324,0.012816429138183594,-0.010328233242034912,-0.00039708614349365234,0.003834068775177002,-0.005312323570251465,0.04059213399887085
2025-06-25,-0.01982736587524414,-0.05870711803436279,0.0009093284606933594,-0.1520686149597168,0.002541184425354004,0.0035376548767089844,-0.002383589744567871,0.0067771077156066895,-0.022118210792541504,-0.019696950912475586
2025-06-26,0.017461776733398438,-0.0012460947036743164,-0.0012135505676269531,0.03688126802444458,-0.0013967156410217285,0.004935145378112793,-0.002787470817565918,0.006233692169189453,0.00871497392654419,0.018061339855194092
2025-06-27,-0.0031147003173828125,0.002489030361175537,0.0072727203369140625,0.011084973812103271,0.0030564069747924805,-0.19994735717773438,0.0018967390060424805,-0.014749526977539062,-0.004246830940246582,-0.003976941108703613
2025-06-30,-0.03981733322143555,0.002495408058166504,0.009157538414001465,-0.0,0.0020140409469604492,-0.014616727828979492,-0.006675899028778076,0.0002505183219909668,0.0014837980270385742,-0.01322782039642334
2025-07-01,0.01598447561264038,-0.0012508630752563477,-0.0012322664260864258,0.01613450050354004,-0.005617916584014893,-0.07822513580322266,-0.0076236724853515625,0.0060996413230896,0.0051267147064208984,0.02911198139190674
2025-07-02,0.029453754425048828,0.009369194507598877,-0.028307676315307617,0.015708625316619873,-0.004716813564300537,-0.09305894374847412,-0.004346489906311035,0.00798654556274414,0.006273329257965088,0.00690305233001709
2025-07-03,0.023542344570159912,-0.006305217742919922,-0.029323697090148926,-0.01911604404449463,0.01880013942718506,0.02377462387084961,0.010659933090209961,-0.0008474588394165039,0.0037577152252197266,-0.020780444145202637
2025-07-04,-0.043134212493896484,-0.0018796920776367188,-0.006685972213745117,0.029082834720611572,-0.00117570161819458,-0.03887820243835449,-0.006830751895904541,0.0008467435836791992,-0.007619142532348633,-0.02390420436859131
2025-07-07,-0.016793012619018555,-0.0006253719329833984,0.03060925006866455,0.001595139503479004,-0.0027635693550109863,0.02386409044265747,-0.009709775447845459,0.016864418983459473,-0.011754155158996582,0.016626298427581787
2025-07-08,0.02734851837158203,0.003750026226043701,-0.012511134147644043,0.008343696594238281,-0.0026172399520874023,-0.011050820350646973,0.008987903594970703,0.011723101139068604,-0.03759068250656128,-0.00626981258392334
2025-07-09,0.028847873210906982,0.007528245449066162,0.005589842796325684,-0.0030432939529418945,-0.03092360496520996,0.025645732879638672,0.016803264617919922,0.006105542182922363,-0.005459010601043701,0.027723252773284912
2025-07-10,0.0009400248527526855,0.015170633792877197,0.00976330041885376,0.006246626377105713,-0.010081887245178223,0.0022560954093933105,-0.003583848476409912,0.004914402961730957,-0.010823369026184082,-0.0007200241088867188
2025-07-11,-0.014489889144897461,0.014120697975158691,0.003585338592529297,0.015625,0.022136569023132324,0.007662832736968994,-0.020081937313079834,0.000793755054473877,0.017116069793701172,0.03194707632064819
2025-07-14,-0.0018548965454101562,-0.017578125,0.0017991065979003906,-0.02335333824157715,0.008337557315826416,-0.09810745716094971,-0.013662278652191162,-0.010944366455078125,0.003150463104248047,-0.04073143005371094
2025-07-15,-0.007961630821228027,-0.007037758827209473,-0.030039072036743164,0.006774842739105225,-0.008458614349365234,0.008473098278045654,-0.00041347742080688477,0.006198704242706299,-0.0009958148002624512,-0.0018568038940429688
2025-07-16,-0.03324759006500244,-0.06353235244750977,-0.009040594100952148,-0.13336920738220215,0.010307729244232178,-0.01488196849822998,-0.005997896194458008,-0.011596202850341797,-0.027679800987243652,-0.0065582990646362305
2025-07-17,-0.008000016212463379,0.013142108917236328,-0.02890169620513916,0.037377238273620605,0.0032674074172973633,0.02251124382019043,0.013524770736694336,-0.001215815544128418,0.004810333251953125,0.012677013874053955
2025-07-18,0.011287510395050049,0.015738487243652344,-0.004494428634643555,-0.007403731346130371,-0.04430675506591797,0.013067662715911865,-0.04598641395568848,0.0012143254280090332,-0.0013341307640075684,0.0053081512451171875
2025-07-21,-0.010167717933654785,0.02398526668548584,0.010346770286560059,0.026457607746124268,-0.012801527976989746,-0.008965611457824707,0.002747774124145508,-0.027703046798706055,-0.0025933384895324707,-0.0018028020858764648
2025-07-22,-0.005120992660522461,0.013862669467926025,0.0008476376533508301,0.014427125453948975,0.013366222381591797,0.04937326908111572,0.012792766094207764,0.008957207202911377,-0.004884958267211914,-0.05679529905319214
2025-07-23,0.008784234523773193,-0.0,-0.0016968250274658203,-0.022978663444519043,-0.0011780261993408203,0.0032189488410949707,0.013855695724487305,-0.009805560111999512,-0.013143301010131836,-0.038540780544281006
2025-07-24,0.004076540470123291,0.004472851753234863,0.001976311206817627,0.0024958252906799316,0.008775770664215088,0.050180137157440186,0.0010108351707458496,0.00987929105758667,0.004252195358276367,0.005873918533325195
2025-07-25,0.008542537689208984,0.025032103061676025,0.016690194606781006,0.037531256675720215,0.010683596134185791,0.03439265489578247,0.017201244831085205,0.017823636531829834,-0.027482569217681885,-0.04387623071670532
2025-07-28,0.02046304941177368,0.021724820137023926,0.031070232391357422,0.025129973888397217,0.021397829055786133,0.055390000343322754,0.023164808750152588,0.01441347599029541,-0.01462256908416748,-0.0412677526473999
2025-07-29,0.01062852144241333,-0.017496705055236816,-0.015439510345458984,-0.0037332773208618164,-0.00965571403503418,-0.07849454879760742,-0.013279914855957031,-0.011717081069946289,0.016340136528015137,0.0009468793869018555
2025-07-30,0.007779240608215332,0.007275104522705078,0.005263149738311768,0.005136370658874512,0.000505983829498291,0.004586279392242432,-0.00499272346496582,0.011058926582336426,-0.012386143207550049,-0.01728731393814087
2025-07-31,-0.007093548774719238,0.001998722553253174,0.007054746150970459,0.011928021907806396,-0.012301921844482422,0.03131669759750366,-0.0004140138626098633,0.008805155754089355,-0.022176027297973633,0.013127923011779785
2025-08-01,0.013160288333892822,-0.00801074504852295,0.008880972862243652,-0.03549551963806152,0.001750349998474121,-0.009926199913024902,0.02017378807067871,0.0033755898475646973,-0.010872364044189453,-0.015808582305908203
2025-08-04,-0.02160024642944336,0.01589411497116089,-0.017025113105773926,-0.032364726066589355,-0.019838690757751465,-0.05180537700653076,0.005068063735961914,-0.008111238479614258,-0.012022316455841064,0.024752020835876465
2025-08-05,0.005148112773895264,0.010094165802001953,-0.005873680114746094,0.01719200611114502,-0.0180281400680542,-0.041596293449401855,-0.02048182487487793,0.004155576229095459,-0.029986977577209473,-0.020813703536987305
2025-08-06,-0.005174756050109863,0.015635669231414795,-0.002627730369567871,0.018350183963775635,0.000675499439239502,0.04878199100494385,-0.009983420372009277,0.009500205516815186,0.002194046974182129,-0.037613749504089355
2025-08-07,-0.000919342041015625,0.01104968786239624,-0.009900927543640137,0.01659679412841797,-0.03085458278656006,-0.027115583419799805,0.005457162857055664,-0.005019664764404297,0.011840343475341797,0.02081441879272461
2025-08-08,0.009735584259033203,-0.007681608200073242,-0.0034602880477905273,-0.026114702224731445,-0.0035599470138549805,0.015431761741638184,-0.02629673480987549,0.019621849060058594,-0.006419062614440918,-0.01638317108154297
2025-08-11,-0.00853276252746582,0.006237030029296875,-0.006896495819091797,0.028739631175994873,-0.002100348472595215,0.019559502601623535,0.01896500587463379,-0.033297061920166016,0.006803274154663086,0.0030777454376220703
2025-08-12,0.0025749802589416504,-0.0027893781661987305,-0.013698697090148926,-0.001604318618774414,-0.015463471412658691,0.015589892864227295,0.015424191951751709,-0.01584780216217041,-0.002825498580932617,0.0012633800506591797
2025-08-13,-0.004978775978088379,-0.0034770965576171875,0.004504501819610596,-0.012279868125915527,0.010457754135131836,0.00610661506652832,-0.0031331777572631836,-0.01612067222595215,-0.0009392499923706055,0.03163588047027588
2025-08-14,0.01688075065612793,0.006237030029296875,-0.0,0.011779189109802246,-0.00027811527252197266,-0.07345890998840332,0.001041114330291748,0.019362032413482666,-0.003241419792175293,-0.005241990089416504
2025-08-18,0.0016796588897705078,-0.007670879364013672,0.017816781997680664,-0.010674357414245605,0.021640360355377197,0.0010063648223876953,-0.012506484985351562,-0.009915709495544434,-0.007057309150695801,-0.0009661316871643066
2025-08-19,0.0003738999366760254,-0.022145390510559082,-0.0074863433837890625,-0.019186735153198242,-0.03841233253479004,-0.0019518136978149414,0.006175994873046875,-0.0033589601516723633,0.005488038063049316,0.01591205596923828
2025-08-20,0.0018702149391174316,-0.012863874435424805,-0.12889397144317627,0.004663228988647461,0.00843822956085205,-0.044551968574523926,-0.006007194519042969,0.004120230674743652,-0.002037525177001953,-0.0032883286476135254
2025-08-21,-0.004122138023376465,-0.001336812973022461,-0.011482954025268555,0.023945868015289307,-0.032752275466918945,0.028935790061950684,0.006692051887512207,0.00646442174911499,0.00152510404586792,-0.004167437553405762
2025-08-22,0.01026308536529541,0.015353798866271973,-0.04015922546386719,0.004088878631591797,-0.007705569267272949,0.05854290723800659,-0.014303445816040039,0.0056389570236206055,0.012982666492462158,-0.05527472496032715
2025-08-25,-0.0035821199417114258,0.0013559460639953613,-0.035269737243652344,0.01410210132598877,0.019713521003723145,0.0015134215354919434,0.003985226154327393,0.007852017879486084,-0.008081197738647461,0.026024460792541504
2025-08-26,-0.0011272430419921875,0.0020366311073303223,0.015412092208862305,0.03150457143783569,-0.02736949920654297,0.0367734432220459,0.021339893341064453,0.023654520511627197,0.02746027708053589,0.01772838830947876
2025-08-28,0.010508596897125244,-0.002721071243286133,0.005647778511047363,0.01383441686630249,0.016063213348388672,0.015120446681976318,-0.006080269813537598,0.004503309726715088,0.010698080062866211,0.00017273426055908203
2025-08-29,-0.013275146484375,0.008819520473480225,0.018954038619995117,-0.001516580581665039,0.0009366273880004883,-0.005488038063049316,-0.005105733871459961,0.016556620597839355,-0.031288862228393555,-0.002245664596557617
2025-09-01,-0.005240440368652344,0.008213520050048828,-0.00034439563751220703,-0.013817906379699707,0.0005357265472412109,0.02148681879043579,-0.004976153373718262,-0.002483844757080078,0.005758464336395264,0.017924845218658447
2025-09-02,0.007261157035827637,-0.005521059036254883,-0.0013784170150756836,-0.003920793533325195,-8.928775787353516e-05,-0.011508822441101074,-0.0148545503616333,-0.04138767719268799,-0.004149317741394043,-0.011934041976928711
2025-09-03,-0.006564140319824219,-0.012354135513305664,-0.020013749599456787,-0.016551971435546875,-0.0021439790725708008,0.008725404739379883,-0.005488991737365723,0.010750830173492432,0.01575404405593872,-0.008324623107910156
2025-09-04,-0.009502410888671875,0.00542372465133667,-0.025352180004119873,0.012074649333953857,-0.008022785186767578,-0.013872265815734863,0.007480800151824951,0.0026723742485046387,-0.019942164421081543,0.013501882553100586
2025-09-05,-0.013104557991027832,0.0034083127975463867,-0.003612697124481201,-0.0007407665252685547,-0.013707160949707031,-0.09994447231292725,0.0015277862548828125,0.0062522292137146,0.004202067852020264,-0.010373950004577637
2025-09-08,0.0009109377861022949,-0.012311935424804688,0.004351019859313965,-0.01831972599029541,0.030096828937530518,-0.09995579719543457,-0.02427828311920166,0.007549881935119629,-0.03358590602874756,-0.001639246940612793
2025-09-09,0.012217402458190918,0.008783817291259766,-0.008303225040435791,0.010903120040893555,-0.015830159187316895,-0.09649825096130371,0.004083216190338135,-0.012588262557983398,-0.014997482299804688,0.008872389793395996
2025-09-10,-0.016429662704467773,-0.013633251190185547,-0.018929779529571533,-0.0007349252700805664,0.007260560989379883,0.009423553943634033,0.000599980354309082,0.005992293357849121,0.013708710670471191,0.006170690059661865
2025-09-11,-0.018525242805480957,0.0006725192070007324,0.009647488594055176,0.004589676856994629,-0.012932538986206055,0.0008985400199890137,0.006203711032867432,-0.00809788703918457,-0.00091552734375,-0.020376086235046387
2025-09-12,-0.011947274208068848,0.0020188093185424805,0.007717728614807129,0.0003688931465148926,0.01311957836151123,0.00079345703125,0.007752716541290283,0.007318854331970215,0.004074513912200928,0.0032567381858825684
2025-09-15,0.005638778209686279,-0.004720091819763184,0.005105733871459961,0.002583026885986328,0.006424069404602051,-0.012758731842041016,0.003855884075164795,0.004945158958435059,0.004258155822753906,0.009888231754302979
2025-09-16,-0.006734013557434082,-0.0026845932006835938,-0.0065312981605529785,-0.013503551483154297,-0.029184579849243164,0.00313645601272583,-0.008556604385375977,-0.006054043769836426,-0.002599358558654785,-0.0029526948928833008
2025-09-17,0.016898393630981445,-0.00602412223815918,0.0007305145263671875,-0.026099681854248047,0.009510517120361328,0.015416920185089111,0.0027269721031188965,-0.0059278011322021484,-0.014217615127563477,-0.00545501708984375
2025-09-18,-0.0026857852935791016,0.001995980739593506,0.010218977928161621,0.009071528911590576,0.00651860237121582,-0.009959578514099121,0.003240823745727539,0.0005356669425964355,0.009482979774475098,0.004133701324462891
2025-09-19,0.009821414947509766,-0.005333304405212402,-0.02131497859954834,0.005025982856750488,0.010551512241363525,0.02958393096923828,0.0030481815338134766,0.00393068790435791,0.0014151930809020996,-0.007004499435424805
2025-09-22,0.010640263557434082,0.014588892459869385,0.0191953182220459,0.006855487823486328,0.007079482078552246,-0.01363980770111084,0.012535631656646729,0.0071749091148376465,0.003251373767852783,-0.029712438583374023
2025-09-23,0.0025519132614135742,0.0074024200439453125,-0.00036221742630004883,0.01108086109161377,-0.006498098373413086,-0.04862487316131592,0.005470156669616699,0.009936749935150146,0.01664435863494873,0.014761090278625488
2025-09-24,0.0235745906829834,-0.018983006477355957,0.01376807689666748,0.010470211505889893,0.0010759830474853516,0.021779179573059082,0.011207938194274902,0.009032845497131348,0.009015858173370361,0.01735234260559082
2025-09-25,0.010293841361999512,-0.010366320610046387,-0.0028591156005859375,0.011694788932800293,0.003859996795654297,0.005957961082458496,0.005667448043823242,0.014087021350860596,-0.016650915145874023,0.01102590560913086
2025-09-26,-0.004727721214294434,-0.00907820463180542,0.00358426570892334,-0.02930128574371338,0.0010813474655151367,0.03569924831390381,0.003061056137084961,0.021759450435638428,0.009539902210235596,0.019336283206939697
2025-09-29,-0.0047054290771484375,-0.034531354904174805,-0.050000011920928955,-0.0017414689064025879,0.006856083869934082,-0.00975954532623291,0.0168343186378479,-0.0065871477127075195,-0.017644166946411133,-0.000710606575012207
2025-09-30,-0.008804798126220703,0.021167874336242676,-0.04285711050033569,-0.0027136802673339844,0.023526251316070557,0.04999995231628418,-0.010445833206176758,0.007113039493560791,0.01599794626235962,0.0026625990867614746
2025-10-01,-0.0005570650100708008,0.0028592348098754883,-0.08896303176879883,0.012633562088012695,-0.022325634956359863,0.014550387859344482,-0.008099794387817383,-0.15178143978118896,0.015321731567382812,-0.01637446880340576
2025-10-03,0.00556790828704834,0.014967918395996094,-0.011902570724487305,0.004030823707580566,-0.02575075626373291,-0.01747608184814453,0.00010573863983154297,0.04163217544555664,-0.0,0.0027142763137817383
2025-10-06,0.009331822395324707,-0.008426964282989502,0.004633724689483643,-0.006117343902587891,0.015523791313171387,0.005385160446166992,0.01448512077331543,-0.0015577077865600586,0.017807841300964355,0.00921863317489624
2025-10-07,-0.009984850883483887,-0.006373941898345947,0.019158482551574707,-0.0007693767547607422,0.014957726001739502,-0.04918491840362549,-0.011586785316467285,-0.00872647762298584,0.0183945894241333,0.004076182842254639
2025-10-08,0.024808764457702637,-0.003563821315765381,0.02829498052597046,0.005774736404418945,0.0017379522323608398,0.033679187297821045,-0.023120224475860596,0.022698044776916504,-0.001703500747680664,0.028828144073486328
2025-10-09,-0.012815594673156738,-0.0014305710792541504,-0.005823850631713867,0.0011483430862426758,-0.001924276351928711,-0.06532126665115356,-0.01823902130126953,-0.013672232627868652,0.024883568286895752,-0.00641322135925293
2025-10-10,-0.008498549461364746,0.01719200611114502,0.010272681713104248,0.0017205476760864258,0.003109574317932129,0.011487245559692383,-0.0008846521377563477,0.0012104511260986328,-0.007985949516296387,-0.014292240142822266
2025-10-13,0.010861396789550781,-0.012676000595092773,-0.012455105781555176,-0.014885544776916504,-0.009082555770874023,0.0041027069091796875,0.01593804359436035,-0.00709843635559082,0.015025973320007324,0.007808268070220947
2025-10-14,0.010223448276519775,-0.01569187641143799,0.02180802822113037,-0.0178225040435791,-0.005000472068786621,0.01604783535003662,0.005011439323425293,0.018480300903320312,0.02117234468460083,0.012573480606079102
2025-10-15,-0.08416223526000977,0.011594176292419434,-0.0009527206420898438,0.01873767375946045,0.0031662583351135254,-0.0003497004508972168,-0.004878044128417969,0.014011740684509277,-0.052328288555145264,-0.006962180137634277
2025-10-16,0.011278271675109863,-0.020773649215698242,-0.0,0.00019359588623046875,0.0034486055374145508,-0.014109134674072266,-0.002396523952484131,-0.012700915336608887,-0.06289243698120117,0.005549490451812744
2025-10-17,0.004956603050231934,-0.010972917079925537,-0.00799548625946045,-0.027874529361724854,0.00500863790512085,-0.008811414241790771,-0.015068769454956055,0.004122018814086914,0.039103567600250244,-0.03604423999786377
2025-10-20,0.018495678901672363,-0.0073964595794677734,-0.021718621253967285,-0.03166067600250244,-0.05976569652557373,0.0035200119018554688,0.008093118667602539,0.005548238754272461,0.005562543869018555,-0.013571202754974365
2025-10-21,0.012510061264038086,0.013412833213806152,-0.01072084903717041,0.004112720489501953,0.0025908946990966797,0.015933513641357422,0.0026394128799438477,-0.005136370658874512,-0.02306187152862549,0.00548398494720459
2025-10-23,0.02710247039794922,0.013235211372375488,0.010241389274597168,-0.002457559108734131,-0.001385331153869629,0.0066127777099609375,-0.008884549140930176,-0.002114534378051758,-0.017362117767333984,0.011673569679260254
2025-10-24,0.004656553268432617,-0.0007256269454956055,0.008130133152008057,-0.009033024311065674,-0.0038909912109375,0.03767228126525879,0.013169527053833008,0.01696854829788208,0.004148602485656738,-0.009079813957214355
2025-10-27,0.0413287878036499,0.002178668975830078,0.014716744422912598,-0.010772764682769775,-0.015676140785217285,0.009020090103149414,-0.009393751621246338,0.005366265773773193,-0.014012575149536133,-0.01555788516998291
2025-10-28,-0.03375375270843506,-0.004347860813140869,-0.008130073547363281,0.01696336269378662,-0.0044097900390625,-0.008162140846252441,0.0037490129470825195,-0.007103681564331055,0.018860816955566406,-0.0029087066650390625
2025-10-29,0.019385695457458496,0.007278084754943848,-0.0011252164840698242,0.008854985237121582,-0.04111778736114502,-0.027039170265197754,0.0070307254791259766,-0.029910683631896973,0.007993936538696289,0.009626626968383789
2025-10-30,0.008849620819091797,-0.0007225871086120605,-0.012551546096801758,-0.012043297290802002,-0.006406664848327637,0.022151827812194824,0.003054380416870117,0.016124844551086426,-0.013526439666748047,-0.01858806610107422
2025-10-31,-0.0014930963516235352,-0.001446068286895752,0.011285781860351562,-0.010537207126617432,0.027719616889953613,0.023923397064208984,-0.01054924726486206,0.009956896305084229,-0.0011358261108398438,-0.012953877449035645
2025-11-03,-0.016074717044830322,-0.00651705265045166,-0.011601686477661133,0.001252889633178711,0.0005800724029541016,0.023364543914794922,0.0027478933334350586,-0.003916025161743164,0.005483508110046387,9.942054748535156e-05
2025-11-04,0.009688377380371094,-0.00437319278717041,0.0024046897888183594,0.013138651847839355,0.03640437126159668,-0.033628761768341064,-0.008111298084259033,0.004166603088378906,-0.0006654262542724609,0.013520240783691406
2025-11-06,-0.015239834785461426,-0.024158120155334473,0.02874094247817993,-0.0265541672706604,0.016437172889709473,-0.016565680503845215,-0.0576859712600708,0.022700965404510498,0.033155977725982666,-0.02099066972732544
2025-11-07,-0.013947367668151855,0.0007501840591430664,-0.012027502059936523,0.007401108741760254,-0.009012103080749512,-0.022327721118927002,-0.04045969247817993,-0.009746670722961426,0.027218222618103027,-0.010119199752807617
2025-11-10,0.006781578063964844,-0.007496297359466553,0.025089561939239502,-0.0027288198471069336,0.021158456802368164,-0.021970391273498535,0.024077296257019043,-0.001172780990600586,0.02141416072845459,-0.012348175048828125
2025-11-11,0.0059661865234375,-0.0015105605125427246,0.00773996114730835,-0.017680466175079346,0.0007973313331604004,-0.038129568099975586,-0.026852846145629883,-0.00702822208404541,-0.01021885871887207,0.012297511100769043
2025-11-12,0.003443598747253418,-0.0007564425468444824,-0.003510117530822754,0.013713359832763672,0.025268197059631348,-0.08843958377838135,0.00024521350860595703,-0.009484529495239258,0.004802286624908447,-0.04687190055847168
2025-11-13,-0.014108717441558838,-0.0015140175819396973,-0.06043541431427002,-0.011836826801300049,0.0064580440521240234,0.05313384532928467,-0.026974022388458252,-0.0,0.002669394016265869,0.03162175416946411
2025-11-14,0.00444793701171875,0.0030325651168823242,-0.002931952476501465,-0.010267376899719238,0.008239507675170898,-0.029697656631469727,0.0078125,0.0018613338470458984,-0.010603189468383789,-0.0033953189849853516
2025-11-17,0.00770115852355957,0.004535198211669922,0.020281314849853516,0.01318347454071045,-0.022062182426452637,-0.0127410888671875,-0.009127259254455566,-0.01438605785369873,-0.008964061737060547,0.0038814544677734375
2025-11-18,-0.004585444927215576,-0.006772041320800781,-0.02424466609954834,-0.0183447003364563,-0.005238533020019531,0.019157052040100098,0.0007570981979370117,0.02118539810180664,0.010398805141448975,0.0044959187507629395
2025-11-19,0.0021113157272338867,-0.0022727251052856445,0.0027312636375427246,-0.0036941170692443848,-0.0015273094177246094,0.007987439632415771,-0.020678281784057617,-0.0016099214553833008,-0.010406017303466797,0.006322741508483887
2025-11-20,-0.0038306713104248047,0.005315065383911133,0.0372467041015625,-0.005670607089996338,0.01363593339920044,0.012341976165771484,-0.00038623809814453125,-0.04080730676651001,-0.012823104858398438,0.0064640045166015625
2025-11-21,-0.012305259704589844,-0.014350414276123047,0.015930116176605225,-0.012064039707183838,0.003819882869720459,0.0036298632621765137,-0.03400313854217529,-0.0008377432823181152,-0.004685521125793457,0.003151416778564453
2025-11-24,0.0019466876983642578,-0.022988498210906982,0.012141168117523193,-0.003552377223968506,0.01515573263168335,0.007465362548828125,-0.01186668872833252,0.010248780250549316,0.013891637325286865,-0.0019376277923583984
2025-11-25,0.003691434860229492,-0.021960735321044922,0.011704981327056885,-0.0075757503509521484,0.02697688341140747,-0.023647546768188477,0.0009446144104003906,0.0013834238052368164,-0.026866555213928223,0.012620866298675537
2025-11-26,0.0015486478805541992,-0.006907105445861816,-0.000986933708190918,0.013471007347106934,-0.03382241725921631,-0.006466031074523926,0.02561342716217041,0.009486079216003418,-0.0427241325378418,-0.008452773094177246
2025-11-27,0.010823249816894531,0.00457310676574707,-0.001380324363708496,0.002658367156982422,0.01612752676010132,-0.0005841255187988281,-0.050867557525634766,-0.03430342674255371,-0.02509164810180664,-0.002657651901245117
2025-11-28,-0.010707437992095947,-0.000765681266784668,-0.00649869441986084,-0.004197955131530762,-0.0002810955047607422,0.009280920028686523,0.005628526210784912,0.019758224487304688,-0.014117956161499023,-0.034458160400390625
2025-12-01,0.002125978469848633,0.009946465492248535,0.04597926139831543,0.001553177833557129,-0.0266878604888916,-0.03146183490753174,0.005157172679901123,0.0037794113159179688,-0.020972728729248047,0.013304412364959717
2025-12-02,-0.0032787322998046875,-0.0038640499114990234,0.004922032356262207,-0.009304344654083252,-0.00802624225616455,-0.02473282814025879,0.03211534023284912,-0.016710281372070312,-0.0030989646911621094,0.022672832012176514
2025-12-03,-0.00019347667694091797,0.0030792951583862305,-0.004946351051330566,-0.0038014650344848633,-0.02216792106628418,0.01794874668121338,0.03161334991455078,0.019900500774383545,0.01279902458190918,-0.019315242767333984
2025-12-04,-0.009676814079284668,0.008494198322296143,0.004716992378234863,-0.024242401123046875,0.028591573238372803,-0.010330438613891602,0.0067449212074279785,-0.0038977861404418945,0.026734650135040283,0.019049525260925293
2025-12-05,-0.007230818271636963,0.010903477668762207,0.0061817169189453125,-0.005060970783233643,0.005832016468048096,-0.04747188091278076,-0.005839943885803223,0.009300291538238525,0.03408360481262207,0.003475010395050049
2025-12-08,-0.0496063232421875,-0.0267716646194458,-0.06697076559066772,-0.02566474676132202,0.0027497410774230957,-0.014159321784973145,-0.06049150228500366,0.003736734390258789,0.01616889238357544,0.03928208351135254
2025-12-09,0.012634634971618652,0.012945055961608887,0.003111124038696289,0.014475584030151367,0.005606591701507568,-0.01813960075378418,0.03894805908203125,-0.019577383995056152,-0.032675862312316895,0.010035157203674316
2025-12-10,-0.028022170066833496,-0.025559067726135254,0.0062029361724853516,-0.0030409693717956543,0.020611941814422607,-0.09360063076019287,0.016738057136535645,0.007895946502685547,-0.023871898651123047,-0.006793856620788574
2025-12-11,0.024074852466583252,0.015576303005218506,0.003302454948425293,0.010558485984802246,0.004152536392211914,-0.05167657136917114,-0.0016326904296875,-0.011214613914489746,0.0016457438468933105,-0.0037488937377929688
2025-12-12,0.0128440260887146,-0.0007910728454589844,-0.009216606616973877,-0.004643619060516357,0.00312727689743042,0.0061604976654052734,-0.003951966762542725,-0.006171226501464844,0.000641167163848877,-0.00490880012512207
2025-12-15,-0.05844688415527344,-0.02292490005493164,0.009523749351501465,0.010496854782104492,-0.03298783302307129,0.056946635246276855,0.029552578926086426,-0.02444446086883545,0.002291083335876465,0.0038228631019592285
2025-12-16,0.0019512176513671875,0.027820706367492676,-0.07678806781768799,-0.018467187881469727,0.0062580108642578125,0.00277864933013916,0.008239269256591797,0.03297179937362671,-0.01634979248046875,0.011512577533721924
2025-12-17,-0.0013685226440429688,0.012718617916107178,0.03402602672576904,-0.016462862491607666,0.012965381145477295,-0.035835087299346924,-0.06603407859802246,0.009690463542938232,0.007862567901611328,0.00150984525680542
2025-12-18,-0.016790270805358887,0.016908228397369385,0.0172959566116333,-0.0098038911819458,0.02017265558242798,0.06395828723907471,-0.013830065727233887,0.0067046284675598145,0.02851158380508423,0.022788584232330322
2025-12-19,0.006144404411315918,-0.018018007278442383,0.021893084049224854,0.010866999626159668,-0.015416979789733887,0.006043434143066406,-0.003434419631958008,0.009395301342010498,-0.013033270835876465,-0.0005525350570678711
2025-12-22,-0.0003864765167236328,-0.011263012886047363,0.00043892860412597656,0.018633484840393066,0.013391256332397461,0.004459738731384277,-0.001579582691192627,-0.02578270435333252,0.0037023425102233887,-0.015354037284851074
2025-12-23,-0.0036693811416625977,-0.018297553062438965,-0.05905592441558838,-0.0368199348449707,0.020550549030303955,0.015857219696044922,-0.00028765201568603516,-0.016606807708740234,0.020624399185180664,0.0006527304649353027
2025-12-24,-0.0030786991119384766,0.01953125,0.008084535598754883,0.013119161128997803,0.0003902912139892578,0.07653200626373291,0.007912516593933105,-0.017218589782714844,0.003320038318634033,0.0005443692207336426
2025-12-26,0.001534581184387207,-0.0031872987747192383,0.007732510566711426,-0.007105112075805664,0.022844910621643066,0.014499902725219727,-0.00042819976806640625,0.0067708492279052734,-0.0058057308197021484,0.006535232067108154
2025-12-29,-0.0028818845748901367,0.01826852560043335,-0.06697559356689453,0.024806559085845947,-0.013887405395507812,-0.03160732984542847,0.020990967750549316,-0.00917673110961914,-0.005488157272338867,0.00515294075012207
2025-12-30,-0.00421452522277832,-0.002427220344543457,-0.044216275215148926,0.002333700656890869,0.01901853084564209,0.019903898239135742,-0.01776224374771118,0.0037238597869873047,-0.009410858154296875,0.011681675910949707
2025-12-31,-0.0022891759872436523,-0.003228425979614258,-0.034215450286865234,-0.014970779418945312,-0.01978909969329834,-0.026006758213043213,-0.0004271268844604492,-0.02147078514099121,-0.02974081039428711,-0.0031222105026245117
2026-01-01,0.0064713358879089355,-0.0016089677810668945,-0.023578882217407227,0.006453096866607666,-0.0017729997634887695,-0.0265313982963562,-0.000712275505065918,0.0006807446479797363,0.014033496379852295,-0.005780339241027832
2026-01-02,0.002490401268005371,-0.01847398281097412,-0.01839280128479004,-0.015541553497314453,-0.012979269027709961,0.015960216522216797,0.02052748203277588,0.007323622703552246,-0.013131380081176758,-0.007073402404785156
2026-01-05,0.01382756233215332,0.016561508178710938,-0.009468793869018555,-0.0038831233978271484,-0.009027361869812012,0.02583909034729004,0.03478133678436279,-0.004032015800476074,0.011239051818847656,-0.0006583929061889648
2026-01-06,0.007984459400177002,-0.0024057626724243164,0.019107162952423096,0.012741804122924805,0.011159181594848633,0.022301316261291504,-0.04522138833999634,0.010936498641967773,0.019525229930877686,-0.0050449371337890625
2026-01-07,-0.0027483701705932617,0.006399989128112793,0.012218892574310303,-0.010371088981628418,-0.014300942420959473,-0.02017766237258911,-0.0675809383392334,-0.03438138961791992,0.010658204555511475,-0.005237936973571777
2026-01-08,0.00685197114944458,0.020933985710144043,0.013087093830108643,0.024863123893737793,0.021484732627868652,-0.012364208698272705,0.027281105518341064,0.014582157135009766,0.020978987216949463,0.016608834266662598
2026-01-09,0.029962539672851562,0.004111886024475098,0.007629454135894775,0.02152043581008911,0.015585184097290039,-0.026306867599487305,0.0019060969352722168,-0.01789957284927368,-0.016988396644592285,-0.004636287689208984
2026-01-12,0.008534848690032959,0.011560618877410889,0.035511553287506104,0.01816880702972412,0.022304058074951172,0.05442619323730469,0.03710263967514038,0.002513885498046875,0.017368972301483154,0.011866867542266846
2026-01-13,-0.0026645660400390625,-0.0,-0.0026569366455078125,0.009982943534851074,-0.0619206428527832,-0.0012358427047729492,0.002833247184753418,-0.0023284554481506348,0.017482876777648926,0.008895814418792725
2026-01-14,-0.00020432472229003906,-0.0033416748046875,-0.017792940139770508,-0.006394505500793457,0.021770358085632324,-0.0025159716606140137,0.014632821083068848,-0.0062836408615112305,-0.02093982696533203,-0.013014793395996094
2026-01-16,0.022072315216064453,-0.0016652345657348633,0.001301884651184082,0.018328428268432617,-0.008823513984680176,-0.027662932872772217,-0.00562286376953125,-0.00984644889831543,-0.016851186752319336,0.008749604225158691
2026-01-19,-0.04305124282836914,0.00914376974105835,0.014338970184326172,0.019168436527252197,0.032361507415771484,-0.07569628953933716,0.008172035217285156,-0.010856688022613525,0.01875007152557373,0.015418946743011475
2026-01-20,-0.006611824035644531,-0.046140968799591064,-0.011713624000549316,-0.04517775774002075,0.03394597768783569,-0.04196000099182129,0.03801673650741577,0.017247796058654785,-0.047191739082336426,-0.048570215702056885
2026-01-21,-0.026672005653381348,-0.032541751861572266,-0.03510737419128418,-0.010898470878601074,0.013203024864196777,0.05239403247833252,0.027047336101531982,-0.012875199317932129,0.0023960471153259277,-0.027075350284576416
2026-01-22,0.005040645599365234,0.027272701263427734,-0.03193223476409912,0.02579951286315918,-0.008638858795166016,0.05466818809509277,-0.020386099815368652,0.013777852058410645,-0.007020711898803711,-0.0429079532623291
2026-01-23,0.02377241849899292,-0.09557521343231201,0.028321683406829834,-0.04506152868270874,0.02757471799850464,-0.05884385108947754,-0.01029205322265625,0.021926283836364746,0.037335991859436035,0.043258488178253174
2026-01-27,0.04051893949508667,0.0009783506393432617,0.0028786659240722656,-0.012620031833648682,-0.025241732597351074,-0.0064362287521362305,0.03325843811035156,-0.060377657413482666,-0.010672688484191895,0.025801658630371094
2026-01-28,-0.004576563835144043,0.04203331470489502,-0.008119821548461914,-0.03751039505004883,0.02063906192779541,0.020405292510986328,-0.03300786018371582,0.01972055435180664,-0.03573453426361084,-0.060284972190856934
2026-01-29,0.02174365520477295,-0.022514045238494873,-0.035976290702819824,0.017139792442321777,-0.01101839542388916,0.02920234203338623,0.012751281261444092,-0.00296097993850708,0.034046471118927,0.01808011531829834
2026-01-30,-0.02286207675933838,0.01727449893951416,0.017277121543884277,-0.03869199752807617,-0.03142523765563965,-0.005903840065002441,-0.024768352508544922,0.031554579734802246,-0.025068283081054688,-0.022168278694152832
2026-02-01,0.007947087287902832,0.022641539573669434,0.004219353199005127,0.03357815742492676,0.017080366611480713,-0.016974687576293945,-0.00029647350311279297,-0.013225317001342773,0.03677487373352051,0.03294616937637329
2026-02-02,-0.0058411359786987305,-0.0018450617790222168,0.01024019718170166,0.014386475086212158,-0.00918436050415039,0.06284940242767334,0.023717761039733887,0.003008723258972168,-0.024625420570373535,0.0053920745849609375
2026-02-03,-0.019080758094787598,0.019408464431762695,-0.015340805053710938,-0.03332412242889404,-0.01939082145690918,-0.09213531017303467,0.005466103553771973,-0.00872647762298584,-9.310245513916016e-05,-0.017003417015075684
2026-02-04,0.01738029718399048,0.02175891399383545,0.02002817392349243,-0.0159914493560791,-0.029674291610717773,0.004544317722320557,0.002290070056915283,-0.0042182207107543945,-0.023286104202270508,-0.027501821517944336
2026-02-05,0.010314404964447021,-0.011535048484802246,0.007171034812927246,0.005246639251708984,0.027833878993988037,-0.04327130317687988,-0.020658016204833984,-0.004788696765899658,-0.01602041721343994,-0.013559699058532715
2026-02-06,0.006152689456939697,0.007181286811828613,-0.06464427709579468,0.003955662250518799,-0.019965529441833496,0.017615318298339844,0.013493239879608154,-0.006199657917022705,-0.0006271600723266602,-0.03966963291168213
2026-02-09,0.005727529525756836,0.05169343948364258,0.05193054676055908,-0.038390278816223145,-0.036715030670166016,-0.055773377418518066,-0.06641340255737305,-0.061266303062438965,-0.02327871322631836,-0.037372708320617676
2026-02-10,-0.03426659107208252,-0.0042372941970825195,0.021838784217834473,-0.025242209434509277,-0.03134143352508545,0.04063904285430908,-0.00042748451232910156,-0.07799601554870605,-0.0044623613357543945,-0.010139226913452148
2026-02-11,0.016176581382751465,-0.007659614086151123,0.0010776519775390625,0.026112914085388184,-0.030388832092285156,-0.009509444236755371,-0.041025638580322266,0.0019531846046447754,-0.0031359195709228516,0.008542478084564209
2026-02-12,0.007326304912567139,-0.018010318279266357,-0.003229379653930664,0.03575080633163452,0.024577200412750244,0.024834275245666504,0.02941983938217163,0.018347859382629395,0.017627596855163574,-0.009369969367980957
2026-02-13,0.013880133628845215,-0.018340587615966797,0.004679679870605469,0.018008410930633545,0.02621358633041382,0.00042003393173217773,0.03270834684371948,0.042365849018096924,-0.019181370735168457,-0.02646172046661377
2026-02-16,0.004635155200958252,-0.009786427021026611,-0.012540280818939209,0.004315078258514404,0.019607841968536377,-0.054201722145080566,0.011660099029541016,-0.0019083023071289062,0.011795282363891602,0.015280604362487793
2026-02-17,-0.013243913650512695,0.023360252380371094,0.0005441904067993164,-0.008938312530517578,-0.011476993560791016,0.009493052959442139,-0.014304637908935547,-0.021212100982666016,0.008513331413269043,-0.0013723373413085938
2026-02-18,0.008812248706817627,-0.004389822483062744,0.0029010772705078125,-0.01261746883392334,-0.005122780799865723,-0.04159200191497803,-0.008578062057495117,0.0012717247009277344,0.021952688694000244,0.0013704299926757812
2026-02-19,0.030457735061645508,-0.0158730149269104,-0.015910327434539795,0.035790085792541504,0.024911820888519287,0.03943943977355957,0.015712857246398926,0.017657101154327393,0.023531556129455566,0.02142941951751709
2026-02-20,0.0038170814514160156,-0.007168471813201904,-0.005327880382537842,0.007973551750183105,-0.012407779693603516,0.05224674940109253,-0.004686594009399414,-0.010456323623657227,-0.026971936225891113,0.021574974060058594
2026-02-23,0.004007935523986816,-0.009927749633789062,0.0070188045501708984,0.011640846729278564,0.0041977763175964355,-0.026463985443115234,0.0037900805473327637,-0.003335237503051758,-0.016155242919921875,-0.0006616115570068359
2026-02-24,0.028433680534362793,-0.024612605571746826,-0.011371970176696777,0.027201354503631592,-0.00019371509552001953,-0.007328629493713379,0.04009366035461426,-0.003494739532470703,0.003286302089691162,0.02996915578842163
2026-02-25,-0.0370943546295166,-0.008411228656768799,-0.006864607334136963,0.021331727504730225,-0.002955198287963867,-0.010334610939025879,-0.01402437686920166,-0.025821685791015625,0.009000182151794434,-0.0038617849349975586
2026-02-26,0.005880773067474365,0.008482575416564941,-0.010087728500366211,0.01649487018585205,0.0027049779891967773,0.01584184169769287,0.008568882942199707,-0.01250314712524414,0.029763460159301758,0.011088430881500244
2026-02-27,0.008343636989593506,0.00186920166015625,-0.0005662441253662109,0.0017969012260437012,0.009831905364990234,0.04382580518722534,-0.009855985641479492,-0.059290170669555664,-0.0003707408905029297,-0.0005720853805541992
2026-03-02,0.02457374334335327,-0.0382462739944458,-0.027567923069000244,-0.0002999305725097656,0.005674004554748535,-0.08052432537078857,0.012612640857696533,0.03412342071533203,0.009171783924102783,0.03727835416793823
2026-03-04,0.027292191982269287,-0.0184287428855896,-0.04970872402191162,0.028194308280944824,0.006395101547241211,-0.012529492378234863,0.03695255517959595,0.051874399185180664,-0.04132765531539917,0.027437984943389893
2026-03-05,-0.015999555587768555,0.0059288740158081055,0.004290938377380371,-0.028086423873901367,-0.017427444458007812,-0.00017940998077392578,-0.03631770610809326,-0.0037093162536621094,0.002828359603881836,-0.00622868537902832
2026-03-06,0.019118845462799072,0.0009822845458984375,-0.006917595863342285,0.01711195707321167,0.004087626934051514,0.011475741863250732,0.017979562282562256,-0.007979154586791992,-0.0072942376136779785,0.0070397257804870605
2026-03-09,0.03389829397201538,-0.015701651573181152,-0.017414450645446777,0.012217521667480469,0.005179286003112793,-0.0056231021881103516,-0.0026377439498901367,0.036413609981536865,-0.02155381441116333,0.02151322364807129
2026-03-10,-0.027046799659729004,0.008973121643066406,0.023978352546691895,-0.01484227180480957,-0.026915550231933594,-0.01028132438659668,-0.010677695274353027,-0.002161860466003418,0.027435660362243652,-0.004372239112854004
2026-03-11,0.0002846717834472656,-0.00592881441116333,-0.007126867771148682,0.010664165019989014,0.016357362270355225,0.016068577766418457,-0.00842142105102539,0.0025023818016052246,0.005847334861755371,-0.000995039939880371
2026-03-12,0.018368184566497803,-0.0019881129264831543,-0.005332231521606445,-0.012318968772888184,0.03111940622329712,0.003991901874542236,-0.055420637130737305,-0.026470541954040527,-0.02276909351348877,-0.019135117530822754
2026-03-13,0.018180131912231445,-0.018924236297607422,-0.021237075328826904,-0.053848445415496826,0.02248317003250122,0.06194204092025757,0.01424252986907959,0.05140739679336548,-0.026571452617645264,-0.04828089475631714
2026-03-16,-0.0147247314453125,-0.009137094020843506,-0.020012617111206055,-0.014791011810302734,-0.0033884048461914062,-0.012429475784301758,-0.04319906234741211,0.01074981689453125,0.033306241035461426,-0.03420442342758179
2026-03-17,0.0068915486335754395,0.006147503852844238,-0.028804779052734375,-0.0006526708602905273,-0.02670896053314209,0.01688086986541748,0.012171268463134766,-0.01930844783782959,0.007195591926574707,-0.0011937618255615234
2026-03-18,-0.03660261631011963,-0.028513312339782715,-0.06665277481079102,-0.038210272789001465,-0.01584768295288086,-0.03258538246154785,0.0035405755043029785,-0.05436122417449951,0.03532981872558594,0.02098262310028076
2026-03-19,0.028144478797912598,0.029702961444854736,0.05053865909576416,0.04687011241912842,0.021389305591583252,0.031935036182403564,0.03936886787414551,-0.0016713142395019531,-0.031382977962493896,-0.03824132680892944
2026-03-20,-0.007082223892211914,-0.004081606864929199,0.02888387441635132,-0.020132064819335938,0.01142972707748413,-0.08003127574920654,-0.01819789409637451,0.01067817211151123,0.006245732307434082,-0.015688419342041016
2026-03-23,0.03593277931213379,-0.05386173725128174,-0.0752071738243103,0.05499839782714844,-0.04472613334655762,-0.023676156997680664,0.03777968883514404,-0.010371804237365723,-0.04412764310836792,-0.06031876802444458
2026-03-24,-0.021483898162841797,0.01503753662109375,0.05214798450469971,-0.030469059944152832,0.004671335220336914,-0.09039533138275146,-0.025370001792907715,-0.028709769248962402,0.045961856842041016,-0.04562079906463623
2026-03-25,0.014184355735778809,0.032804250717163086,-0.007205188274383545,-0.013621211051940918,0.008559703826904297,-0.0370790958404541,0.02282768487930298,0.011358082294464111,-0.004753172397613525,-0.062229037284851074
2026-03-27,0.03383779525756836,-0.047131121158599854,0.0569605827331543,0.05801379680633545,-0.01718360185623169,-0.021233320236206055,0.004220008850097656,0.03824061155319214,-0.024463891983032227,0.02988409996032715
2026-03-30,0.0450366735458374,-0.04623657464981079,-0.03017061948776245,0.04244953393936157,-0.020682334899902344,-0.007032632827758789,0.033449411392211914,0.0325084924697876,-0.01348787546157837,0.0210341215133667
2026-04-01,-0.035921692848205566,-0.09131908416748047,0.016262531280517578,-0.10356104373931885,0.028793811798095703,-0.024138450622558594,-0.025994420051574707,-0.027251124382019043,0.042333364486694336,-0.05447745323181152
2026-04-02,-0.03394925594329834,-0.010330557823181152,-0.008106708526611328,0.014487981796264648,-0.0028040409088134766,0.018084704875946045,0.02167278528213501,-0.022235512733459473,0.02701127529144287,0.02550286054611206
2026-04-06,-0.0021588802337646484,-0.02965235710144043,-0.014345288276672363,-0.013364553451538086,-0.003554821014404297,-0.05525362491607666,0.004680216312408447,0.011925697326660156,-0.008703827857971191,0.005395829677581787
2026-04-07,-0.03431689739227295,-0.004965305328369141,0.042668938636779785,-0.0009891986846923828,0.007827043533325195,0.02517879009246826,0.02476489543914795,-0.00288999080657959,0.03359413146972656,0.0021701455116271973
2026-04-08,-0.02785038948059082,-0.04841899871826172,0.02518332004547119,-0.05764162540435791,0.00913989543914795,0.010566473007202148,-0.03166186809539795,-0.01822185516357422,0.019298315048217773,-0.0709528923034668
2026-04-09,0.0002828240394592285,-0.008482575416564941,0.013413667678833008,0.001868605613708496,-0.013716518878936768,0.053396642208099365,0.01183992624282837,0.01664721965789795,-0.025092899799346924,-0.005203604698181152
2026-04-10,0.007541775703430176,-0.06168222427368164,0.005980134010314941,-0.03712952136993408,0.007166028022766113,-0.04826068878173828,-0.03894054889678955,-0.0125274658203125,0.002508878707885742,-0.03459608554840088
2026-04-13,0.007789134979248047,0.007922470569610596,-0.012364745140075684,-0.012334585189819336,-0.014598965644836426,-0.009118080139160156,-0.003945350646972656,-0.03260326385498047,-0.0030587315559387207,0.02501833438873291
2026-04-15,0.005648374557495117,-0.024844646453857422,0.030576586723327637,-0.03952443599700928,0.008611083030700684,-0.011405706405639648,-0.03476417064666748,-0.004776597023010254,0.02519524097442627,-0.03542375564575195
2026-04-16,-0.011649727821350098,0.006926417350769043,0.013043642044067383,-0.018867969512939453,0.008431434631347656,-0.018453478813171387,-0.002337217330932617,-0.018773674964904785,0.04198789596557617,0.0304642915725708
2026-04-17,-0.021508455276489258,-0.010462045669555664,0.050580382347106934,-0.020202040672302246,-0.013882279396057129,0.007621586322784424,-0.0023316144943237305,-0.017478585243225098,0.019234061241149902,-0.010473847389221191
2026-04-20,0.008571267127990723,0.046591877937316895,-0.011926591396331787,0.012926340103149414,0.001759648323059082,0.050717294216156006,0.006978750228881836,-0.008083939552307129,-0.01946878433227539,-0.0809476375579834
2026-04-21,-0.005685210227966309,-0.0036199092864990234,0.020993828773498535,0.004458069801330566,-0.03587782382965088,-0.0019844770431518555,0.003513932228088379,0.0052433013916015625,0.04589390754699707,0.009589016437530518
2026-04-22,0.004111349582672119,-0.006312012672424316,-0.015194952487945557,-0.015673160552978516,-0.017780065536499023,-0.013101696968078613,-0.011313557624816895,-0.011471986770629883,-0.0014988183975219727,-0.00945138931274414
2026-04-23,-0.020876288414001465,0.004480302333831787,0.0022094249725341797,0.020666837692260742,-0.014843940734863281,0.02556389570236206,-0.012349247932434082,0.04076945781707764,-0.08022022247314453,-0.041219472885131836
2026-04-24,0.009604334831237793,0.008100748062133789,-0.007605850696563721,0.0377039909362793,0.0008457303047180176,0.052777767181396484,0.0047359466552734375,0.04106408357620239,-0.026941537857055664,0.03388535976409912
2026-04-27,-0.03702676296234131,-0.007259488105773926,0.0021474361419677734,-0.0342104434967041,-0.014689087867736816,-0.036656856536865234,-0.037346839904785156,-0.01807880401611328,-0.023453354835510254,-0.03779792785644531
2026-04-28,0.02129751443862915,0.0009009242057800293,-0.006022095680236816,0.008481740951538086,-0.03224062919616699,0.026245474815368652,0.002641141414642334,0.026104748249053955,0.03217041492462158,-0.01673412322998047
2026-04-29,0.011794805526733398,-0.0,-0.012525975704193115,0.007413685321807861,-0.03879249095916748,-0.014525532722473145,0.025783956050872803,0.014788627624511719,0.008727312088012695,0.026893258094787598
2026-04-30,-0.002128005027770996,0.007213711738586426,-0.007942259311676025,0.010916411876678467,0.021646618843078613,0.013840198516845703,0.01616591215133667,-0.03300631046295166,0.005205869674682617,0.007959306240081787
2026-05-04,-0.023497462272644043,0.013624012470245361,0.014190316200256348,0.000580906867980957,0.00916832685470581,0.01822882890701294,-0.0036352872848510742,0.049124836921691895,0.006464540958404541,-0.012034773826599121
2026-05-05,0.0069460272789001465,-0.0018416643142700195,-0.005798697471618652,0.004068553447723389,-0.0037767887115478516,-0.019553065299987793,0.002463042736053467,-0.007380366325378418,-0.00023245811462402344,0.0026425719261169434
2026-05-06,-0.02484440803527832,-0.022058844566345215,0.022765755653381348,-0.014298200607299805,-0.005455732345581055,0.032715559005737305,-0.01946258544921875,0.016117870807647705,-0.01091921329498291,-0.04360783100128174
2026-05-07,-0.02393186092376709,-0.006294965744018555,0.009382009506225586,-0.0048906803131103516,0.0026195645332336426,-0.025658011436462402,0.0031343698501586914,-0.0006132125854492188,0.014554917812347412,-0.0005289316177368164
2026-05-08,-0.0018612146377563477,0.009830176830291748,-0.02095860242843628,0.014600694179534912,-0.007222652435302734,0.022417128086090088,-0.03015577793121338,-0.004289984703063965,-0.008006811141967773,-0.005603671073913574
2026-05-11,0.0028513669967651367,0.02166062593460083,0.006701350212097168,0.03079599142074585,-0.04451483488082886,0.03057485818862915,0.031076550483703613,0.010112464427947998,-0.01141357421875,0.04983699321746826
2026-05-12,-0.05944281816482544,0.026752769947052002,-0.026996970176696777,0.03657078742980957,-0.011111140251159668,0.009941816329956055,-0.04696458578109741,0.013298094272613525,0.021273374557495117,0.04702889919281006
2026-05-13,-0.03381085395812988,-0.008530855178833008,0.014063000679016113,-0.01369023323059082,0.008771896362304688,0.04986149072647095,0.006760835647583008,0.04864335060119629,0.007245182991027832,-0.026242375373840332
2026-05-14,-0.01001197099685669,0.020676732063293457,-0.0029984712600708008,-0.006445646286010742,-0.00156325101852417,0.04992705583572388,-0.14773917198181152,0.018200576305389404,0.0031389594078063965,-0.025345206260681152
2026-05-15,0.005201101303100586,0.016314804553985596,-0.12763166427612305,0.017383337020874023,-0.011742830276489258,0.049865782260894775,-0.08113384246826172,-0.022742509841918945,-0.01810598373413086,0.02516007423400879
2026-05-18,0.002826690673828125,0.02048778533935547,0.003333866596221924,0.025450050830841064,-0.0019803643226623535,0.049858689308166504,0.05628383159637451,0.02625441551208496,0.008969366550445557,0.04267597198486328
2026-05-19,-0.009220361709594727,-0.014940142631530762,0.013380169868469238,-0.024840831756591797,0.005853772163391113,-0.03611648082733154,-0.004969954490661621,-0.007772088050842285,-0.016852736473083496,-0.036774277687072754
2026-05-20,-0.0033270716667175293,0.003925442695617676,0.01322263479232788,0.012430071830749512,-0.017459094524383545,-0.049210548400878906,-0.030940890312194824,0.014662504196166992,-0.011739373207092285,0.05394619703292847
2026-05-21,0.009966135025024414,-0.001970529556274414,0.02009958028793335,-0.009125232696533203,-0.008533298969268799,0.013484537601470947,0.0002459883689880371,-0.002512335777282715,0.000682532787322998,-0.005666136741638184
2026-05-22,-0.012598156929016113,0.002949833869934082,0.0059607625007629395,0.007795453071594238,-0.007897913455963135,0.03862917423248291,0.010088622570037842,0.06178313493728638,-0.033695101737976074,0.015463948249816895
2026-05-25,0.0035898685455322266,-0.03254437446594238,-0.02380955219268799,0.009742259979248047,0.0016330480575561523,-0.016278624534606934,0.01168280839920044,-0.015615344047546387,-0.05608987808227539,-0.0066967010498046875
2026-05-26,0.00468897819519043,-0.010506153106689453,-0.0010335445404052734,0.0015868544578552246,-0.013959646224975586,0.028386056423187256,0.003898441791534424,0.002225339412689209,0.019133567810058594,-0.0012094974517822266
2026-05-27,-0.001972675323486328,-0.03780710697174072,0.003613770008087158,0.00603938102722168,-0.010230481624603271,-0.0010434389114379883,-0.05365478992462158,-0.03994321823120117,0.0235823392868042,-0.10485625267028809
2026-05-29,-0.00968998670578003,0.01639336347579956,0.04058724641799927,0.0012792348861694336,0.005011439323425293,0.026891887187957764,-0.016415119171142578,0.020959317684173584,-0.012153267860412598,-0.01804065704345703
