symbol,date,open,high,low,close,volume
AXISBANK,2015-01-01,502.65,504.0,499.05,503.05,1351985
AXISBANK,2015-01-02,503.2,516.9,501.7,514.29,3852825
AXISBANK,2015-01-05,516.9,520.4,515.1,517.54,2561430
AXISBANK,2015-01-06,513.54,513.54,496.75,499.05,5284530
AXISBANK,2015-01-07,498.8,505.35,494.5,498.65,4245189
AXISBANK,2015-01-08,506.0,507.0,494.65,501.95,5637844
AXISBANK,2015-01-09,504.9,505.9,487.0,494.95,5078463
AXISBANK,2015-01-12,495.0,503.8,492.15,501.55,2290147
AXISBANK,2015-01-13,504.0,511.7,500.3,504.5,4069260
AXISBANK,2015-01-14,504.5,505.75,494.2,499.6,2973231
AXISBANK,2015-01-15,523.45,523.95,511.1,514.04,6670800
AXISBANK,2015-01-16,516.6,521.5,512.6,514.79,6920742
AXISBANK,2015-01-19,519.45,531.79,516.85,528.95,6113156
AXISBANK,2015-01-20,532.54,554.7,531.1,551.4,6934581
AXISBANK,2015-01-21,553.0,556.79,545.54,547.25,4459351
AXISBANK,2015-01-22,549.7,567.15,547.79,564.75,5546866
AXISBANK,2015-01-23,571.0,577.4,560.29,565.15,4975114
AXISBANK,2015-01-27,570.9,597.79,567.0,592.1,5376830
AXISBANK,2015-01-28,590.0,599.79,583.45,590.6,6370073
AXISBANK,2015-01-29,588.95,602.0,582.1,599.5,5424486
AXISBANK,2015-01-30,602.75,604.04,583.7,588.1,4497194
AXISBANK,2015-02-02,586.0,621.0,584.4,617.29,6307718
AXISBANK,2015-02-03,623.0,625.6,584.5,586.6,9290016
AXISBANK,2015-02-04,591.0,592.0,553.25,558.6,10773056
AXISBANK,2015-02-05,562.4,578.5,558.6,565.9,6865785
AXISBANK,2015-02-06,568.0,571.5,545.75,563.15,7706020
AXISBANK,2015-02-09,555.0,569.6,550.0,553.6,4334546
AXISBANK,2015-02-10,546.9,569.79,540.5,554.1,9809275
AXISBANK,2015-02-11,559.35,572.65,555.5,569.25,6200994
AXISBANK,2015-02-12,573.0,581.5,564.0,578.75,5849894
AXISBANK,2015-02-13,582.15,588.75,576.5,581.1,4633409
AXISBANK,2015-02-16,583.0,584.0,566.1,570.29,4284303
AXISBANK,2015-02-18,572.0,574.0,564.0,569.5,4695905
AXISBANK,2015-02-19,574.0,575.6,553.25,565.25,5349212
AXISBANK,2015-02-20,566.45,570.79,554.0,561.5,6025707
AXISBANK,2015-02-23,563.5,567.0,546.04,549.04,6089272
AXISBANK,2015-02-24,549.9,555.7,542.0,551.79,6155111
AXISBANK,2015-02-25,554.2,558.6,550.1,553.0,4185156
AXISBANK,2015-02-26,552.65,557.65,543.79,552.29,5579001
AXISBANK,2015-02-27,555.6,570.35,550.35,567.15,5791546
AXISBANK,2015-03-02,630.0,650.0,628.7,647.54,13205219
AXISBANK,2015-03-03,649.0,649.0,628.54,631.4,6817671
AXISBANK,2015-03-04,650.9,654.9,608.15,612.75,10097232
AXISBANK,2015-03-05,613.0,622.0,603.5,616.79,6914112
AXISBANK,2015-03-09,610.0,610.0,589.15,591.6,6043383
AXISBANK,2015-03-10,591.9,594.79,580.0,585.45,5791801
AXISBANK,2015-03-11,585.25,592.7,580.0,583.85,5816344
AXISBANK,2015-03-12,587.5,593.5,582.7,584.1,4512080
AXISBANK,2015-03-13,589.5,590.95,564.1,570.0,6749149
AXISBANK,2015-03-16,569.5,573.79,559.1,568.6,6445254
AXISBANK,2015-03-17,574.9,585.79,567.04,580.1,5627580
AXISBANK,2015-03-18,584.25,585.79,575.75,581.25,5847672
AXISBANK,2015-03-19,588.0,595.54,558.5,563.54,7705218
AXISBANK,2015-03-20,563.0,564.0,551.7,556.25,8160665
AXISBANK,2015-03-23,559.9,562.0,552.65,555.2,4191424
AXISBANK,2015-03-24,553.95,566.0,551.25,558.04,6309451
AXISBANK,2015-03-25,559.85,567.15,553.9,562.2,5578540
AXISBANK,2015-03-26,560.0,561.45,537.5,544.29,9233047
AXISBANK,2015-03-27,548.0,551.25,526.1,546.4,10655577
AXISBANK,2015-03-30,552.5,565.45,549.35,563.54,6631597
AXISBANK,2015-03-31,567.9,573.5,557.25,560.2,5970862
AXISBANK,2015-04-01,557.7,572.0,555.25,569.65,3753262
AXISBANK,2015-04-06,571.95,571.95,562.1,569.04,4305263
AXISBANK,2015-04-07,571.0,573.0,555.0,557.85,6754389
AXISBANK,2015-04-08,561.79,564.0,551.1,555.9,5750765
AXISBANK,2015-04-09,560.0,577.0,555.1,572.15,9653162
AXISBANK,2015-04-10,573.4,574.79,565.4,568.04,4938698
AXISBANK,2015-04-13,570.0,571.65,562.0,566.0,4596222
AXISBANK,2015-04-15,566.9,573.5,541.35,550.2,8869483
AXISBANK,2015-04-16,552.0,556.4,543.04,550.79,7288785
AXISBANK,2015-04-17,550.0,550.35,531.79,533.7,6618167
AXISBANK,2015-04-20,534.1,538.25,507.0,518.25,7836613
AXISBANK,2015-04-21,518.25,532.7,516.54,523.2,7204472
AXISBANK,2015-04-22,526.95,545.0,520.29,540.1,6947536
AXISBANK,2015-04-23,543.25,548.7,535.54,538.2,5464184
AXISBANK,2015-04-24,538.0,538.25,519.9,527.25,6533254
AXISBANK,2015-04-27,529.4,540.75,522.35,524.2,7839080
AXISBANK,2015-04-28,523.9,539.45,519.1,535.0,6322607
AXISBANK,2015-04-29,535.9,559.9,535.25,551.95,9301407
AXISBANK,2015-04-30,563.29,582.4,559.0,567.79,15658642
AXISBANK,2015-05-04,571.4,576.0,562.79,568.35,4309985
AXISBANK,2015-05-05,569.0,574.25,562.5,565.85,5385676
AXISBANK,2015-05-06,564.04,565.9,541.2,543.29,7698992
AXISBANK,2015-05-07,539.65,544.79,523.29,527.35,5848608
AXISBANK,2015-05-08,535.75,548.0,533.5,540.79,10010992
AXISBANK,2015-05-11,545.5,552.0,543.1,551.1,6700085
AXISBANK,2015-05-12,553.0,553.9,529.9,532.35,4943428
AXISBANK,2015-05-13,538.0,564.2,535.2,558.5,7971625
AXISBANK,2015-05-14,557.4,558.79,547.5,555.85,4929250
AXISBANK,2015-05-15,558.5,567.29,557.0,562.04,5825462
AXISBANK,2015-05-18,563.29,569.85,558.65,567.5,3944770
AXISBANK,2015-05-19,566.0,570.9,558.6,561.45,6047850
AXISBANK,2015-05-20,562.75,566.85,556.5,558.25,4763209
AXISBANK,2015-05-21,560.0,572.0,560.0,570.45,6157883
AXISBANK,2015-05-22,571.29,576.65,563.75,568.65,4265332
AXISBANK,2015-05-25,568.1,569.75,560.2,562.1,3426379
AXISBANK,2015-05-26,563.0,566.79,558.2,564.25,2475418
AXISBANK,2015-05-27,562.0,579.5,561.25,577.79,4120709
AXISBANK,2015-05-28,578.95,585.79,570.4,574.65,8272414
AXISBANK,2015-05-29,575.5,587.29,574.7,585.4,3421723
AXISBANK,2015-06-01,586.9,588.9,577.1,578.45,3142413
AXISBANK,2015-06-02,582.0,582.4,548.4,553.1,6978299
AXISBANK,2015-06-03,553.25,554.0,538.54,550.9,5114150
AXISBANK,2015-06-04,560.0,560.0,546.0,556.4,7432416
AXISBANK,2015-06-05,556.0,557.25,546.04,548.4,7028734
AXISBANK,2015-06-08,547.0,557.5,544.0,553.6,6286247
AXISBANK,2015-06-09,552.04,564.0,550.45,558.7,5252618
AXISBANK,2015-06-10,558.9,567.7,558.85,564.5,7919473
AXISBANK,2015-06-11,567.9,570.2,545.04,546.75,7608358
AXISBANK,2015-06-12,547.0,552.5,540.79,551.45,5518696
AXISBANK,2015-06-15,553.9,555.0,545.35,550.04,5896234
AXISBANK,2015-06-16,550.0,553.95,540.04,551.15,6283177
AXISBANK,2015-06-17,553.1,557.4,547.6,549.25,4522392
AXISBANK,2015-06-18,551.7,554.79,547.4,550.04,5579425
AXISBANK,2015-06-19,554.0,555.4,548.25,551.54,6783585
AXISBANK,2015-06-22,556.54,575.9,556.54,572.15,7325101
AXISBANK,2015-06-23,575.6,579.5,566.29,571.29,6608481
AXISBANK,2015-06-24,572.0,577.4,567.2,571.5,5427984
AXISBANK,2015-06-25,568.1,577.9,567.04,570.04,5953158
AXISBANK,2015-06-26,568.1,569.7,560.0,565.5,4432487
AXISBANK,2015-06-29,554.0,567.29,546.0,562.7,5390158
AXISBANK,2015-06-30,561.04,566.0,553.0,558.95,5479844
AXISBANK,2015-07-01,558.79,580.5,556.85,578.65,7663185
AXISBANK,2015-07-02,580.1,586.65,576.1,584.0,9886455
AXISBANK,2015-07-03,581.85,588.5,581.0,585.95,4422432
AXISBANK,2015-07-06,575.5,585.79,573.5,584.2,4973984
AXISBANK,2015-07-07,585.29,590.75,581.35,586.2,4969526
AXISBANK,2015-07-08,578.0,585.0,574.9,576.65,6414143
AXISBANK,2015-07-09,575.85,577.4,566.4,571.7,3602432
AXISBANK,2015-07-10,574.2,583.0,570.79,578.1,6853759
AXISBANK,2015-07-13,578.1,583.45,570.15,581.95,5161182
AXISBANK,2015-07-14,582.6,587.65,578.9,583.9,4566647
AXISBANK,2015-07-15,584.54,589.45,581.5,584.0,3307716
AXISBANK,2015-07-16,587.4,613.45,587.0,608.65,14142842
AXISBANK,2015-07-17,604.5,609.9,598.5,602.1,5847889
AXISBANK,2015-07-20,600.0,603.4,590.29,599.9,4688323
AXISBANK,2015-07-21,596.6,601.0,582.75,584.65,4375934
AXISBANK,2015-07-22,582.85,593.5,579.0,589.85,5900119
AXISBANK,2015-07-23,590.0,598.54,581.4,583.75,5569255
AXISBANK,2015-07-24,587.65,593.75,575.1,580.45,13673495
AXISBANK,2015-07-27,577.5,579.45,553.75,555.79,9829067
AXISBANK,2015-07-28,558.6,564.0,550.45,561.25,8129213
AXISBANK,2015-07-29,563.29,568.15,562.0,567.2,4635380
AXISBANK,2015-07-30,571.4,575.75,563.1,565.7,6484751
AXISBANK,2015-07-31,567.7,579.29,567.0,573.5,6283549
AXISBANK,2015-08-03,576.0,582.7,573.4,576.7,4355574
AXISBANK,2015-08-04,578.9,584.45,571.65,580.1,5903968
AXISBANK,2015-08-05,582.0,589.5,576.5,580.4,3419273
AXISBANK,2015-08-06,580.0,586.5,578.95,584.75,3125993
AXISBANK,2015-08-07,584.9,584.9,576.0,580.29,2298504
AXISBANK,2015-08-10,582.75,584.7,570.75,575.9,2402572
AXISBANK,2015-08-11,577.7,580.85,566.35,571.25,3168648
AXISBANK,2015-08-12,569.4,569.79,556.0,557.85,4787034
AXISBANK,2015-08-13,563.5,571.45,560.0,567.54,5982710
AXISBANK,2015-08-14,565.15,574.25,554.85,570.0,7528941
AXISBANK,2015-08-17,569.75,571.75,560.04,561.4,4466163
AXISBANK,2015-08-18,567.0,567.25,555.5,561.35,2952439
AXISBANK,2015-08-19,560.9,561.75,552.79,554.0,4135059
AXISBANK,2015-08-20,550.0,553.0,529.5,533.4,8909772
AXISBANK,2015-08-21,527.0,528.9,514.29,525.29,10454764
AXISBANK,2015-08-24,506.7,506.7,475.1,482.05,17627734
AXISBANK,2015-08-25,489.0,506.25,483.5,502.95,14248966
AXISBANK,2015-08-26,499.5,501.9,488.65,495.6,6910566
AXISBANK,2015-08-27,505.7,512.0,496.45,509.25,11302689
AXISBANK,2015-08-28,516.0,528.9,502.25,508.15,10015309
AXISBANK,2015-08-31,506.7,517.9,502.0,507.75,6111825
AXISBANK,2015-09-01,500.0,501.0,477.15,480.1,8843551
AXISBANK,2015-09-02,483.05,488.0,464.6,466.6,11537443
AXISBANK,2015-09-03,471.0,489.5,468.75,486.9,8651466
AXISBANK,2015-09-04,483.1,483.4,462.5,468.0,8969600
AXISBANK,2015-09-07,469.65,472.2,446.75,449.85,9743637
AXISBANK,2015-09-08,452.25,475.6,450.0,473.9,12602488
AXISBANK,2015-09-09,484.2,495.0,475.1,486.25,11672474
AXISBANK,2015-09-10,477.8,487.0,472.1,482.6,8384392
AXISBANK,2015-09-11,488.0,493.7,474.6,481.25,7212180
AXISBANK,2015-09-14,480.0,498.0,479.25,496.2,5537347
AXISBANK,2015-09-15,497.1,498.5,480.85,482.75,9567400
AXISBANK,2015-09-16,487.45,497.0,486.0,494.25,7293528
AXISBANK,2015-09-18,500.0,520.4,500.0,517.45,18814281
AXISBANK,2015-09-21,510.55,530.0,508.75,528.0,7516002
AXISBANK,2015-09-22,531.0,534.7,505.2,509.7,7358434
AXISBANK,2015-09-23,498.75,514.85,497.1,511.7,7602683
AXISBANK,2015-09-24,510.0,518.2,506.2,513.95,6911468
AXISBANK,2015-09-28,514.5,522.0,505.0,506.7,6526803
AXISBANK,2015-09-29,499.9,513.5,485.0,504.5,19935063
AXISBANK,2015-09-30,508.8,510.0,491.5,495.65,12199436
AXISBANK,2015-10-01,500.0,503.45,490.9,496.25,8137042
AXISBANK,2015-10-05,504.5,514.9,501.55,513.25,9558125
AXISBANK,2015-10-06,517.35,518.54,505.0,506.4,8226452
AXISBANK,2015-10-07,503.25,509.8,495.0,496.8,11251639
AXISBANK,2015-10-08,500.0,500.45,484.2,491.5,9941551
AXISBANK,2015-10-09,495.0,499.25,486.75,490.45,10368020
AXISBANK,2015-10-12,497.8,497.8,485.1,487.05,5566595
AXISBANK,2015-10-13,487.0,492.1,485.0,490.9,7268043
AXISBANK,2015-10-14,489.7,496.8,488.05,495.5,5645540
AXISBANK,2015-10-15,497.0,502.0,495.55,498.7,5251039
AXISBANK,2015-10-16,494.5,507.5,491.4,504.65,5875167
AXISBANK,2015-10-19,502.0,508.8,501.15,506.65,4242869
AXISBANK,2015-10-20,504.6,513.29,504.6,509.4,5729459
AXISBANK,2015-10-21,509.3,514.75,505.0,511.75,6245542
AXISBANK,2015-10-23,515.25,527.5,515.25,525.65,11628906
AXISBANK,2015-10-26,528.85,532.7,519.2,521.04,8015119
AXISBANK,2015-10-27,517.25,528.5,515.65,521.79,13011580
AXISBANK,2015-10-28,495.7,495.7,476.55,482.9,33157058
AXISBANK,2015-10-29,485.0,486.4,467.05,468.95,22054683
AXISBANK,2015-10-30,472.0,478.4,465.0,475.4,16103533
AXISBANK,2015-11-02,477.8,479.85,473.1,478.25,10316509
AXISBANK,2015-11-03,481.0,483.5,473.35,474.65,9337442
AXISBANK,2015-11-04,480.0,480.1,470.6,472.5,6319148
AXISBANK,2015-11-05,472.0,472.0,462.0,463.8,8078032
AXISBANK,2015-11-06,462.0,467.5,459.5,465.15,9185858
AXISBANK,2015-11-09,453.0,467.0,445.9,464.95,9643857
AXISBANK,2015-11-10,463.0,473.5,462.25,468.35,7040567
AXISBANK,2015-11-11,474.5,482.4,473.0,480.35,3012461
AXISBANK,2015-11-13,475.4,487.2,472.3,484.95,10014779
AXISBANK,2015-11-16,484.0,485.0,477.0,481.45,6488927
AXISBANK,2015-11-17,484.75,485.0,473.05,475.6,5944197
AXISBANK,2015-11-18,474.7,476.7,462.2,463.55,6081331
AXISBANK,2015-11-19,468.0,468.0,460.1,463.05,8717250
AXISBANK,2015-11-20,462.95,465.35,458.25,459.85,11446890
AXISBANK,2015-11-23,461.0,464.25,458.7,462.7,7774882
AXISBANK,2015-11-24,462.85,466.95,462.7,463.85,5388027
AXISBANK,2015-11-26,465.1,468.55,464.5,465.3,26648537
AXISBANK,2015-11-27,467.0,475.4,466.1,471.0,10288912
AXISBANK,2015-11-30,469.25,474.4,468.1,469.15,8926273
AXISBANK,2015-12-01,471.0,471.35,458.15,461.6,11177827
AXISBANK,2015-12-02,462.25,463.4,457.25,459.5,7152991
AXISBANK,2015-12-03,460.0,465.35,458.65,462.5,8154164
AXISBANK,2015-12-04,459.9,462.8,456.1,460.5,7000002
AXISBANK,2015-12-07,462.95,465.55,460.3,462.3,6335649
AXISBANK,2015-12-08,460.0,462.95,457.5,458.8,7003729
AXISBANK,2015-12-09,457.05,461.1,448.0,450.6,8745990
AXISBANK,2015-12-10,452.0,454.6,445.1,449.95,10192522
AXISBANK,2015-12-11,449.95,450.8,436.55,440.65,15589823
AXISBANK,2015-12-14,432.0,441.45,429.5,431.35,10389129
AXISBANK,2015-12-15,432.0,436.9,429.65,436.1,11058615
AXISBANK,2015-12-16,437.0,441.9,434.0,438.15,8881531
AXISBANK,2015-12-17,442.0,443.65,431.45,435.55,11529678
AXISBANK,2015-12-18,434.3,440.8,431.1,432.55,10297545
AXISBANK,2015-12-21,432.55,443.2,432.15,442.35,5061836
AXISBANK,2015-12-22,442.9,450.65,441.6,446.7,8722574
AXISBANK,2015-12-23,450.0,452.7,448.2,452.0,4493436
AXISBANK,2015-12-24,452.8,455.25,448.45,450.75,3633255
AXISBANK,2015-12-28,450.0,456.6,448.4,455.35,5914945
AXISBANK,2015-12-29,455.4,459.9,451.2,458.35,5987050
AXISBANK,2015-12-30,458.0,460.0,453.6,455.1,3766369
AXISBANK,2015-12-31,456.0,456.0,448.2,449.1,6329611
AXISBANK,2016-01-01,449.75,452.9,445.55,449.9,3345654
AXISBANK,2016-01-04,448.9,448.9,436.15,438.4,5862854
AXISBANK,2016-01-05,439.9,439.9,433.6,436.45,5579449
AXISBANK,2016-01-06,439.3,439.3,430.0,430.7,5756267
AXISBANK,2016-01-07,425.0,425.15,407.0,409.25,13787371
AXISBANK,2016-01-08,413.5,418.75,410.0,413.7,11307470
AXISBANK,2016-01-11,410.0,423.4,407.4,417.2,10352347
AXISBANK,2016-01-12,419.8,420.65,401.0,406.1,13070476
AXISBANK,2016-01-13,410.0,411.45,392.45,406.7,15873927
AXISBANK,2016-01-14,394.8,402.0,388.75,390.6,11776737
AXISBANK,2016-01-15,392.45,395.85,369.0,374.25,13178892
AXISBANK,2016-01-18,372.25,383.35,366.75,373.2,14117119
AXISBANK,2016-01-19,376.0,396.0,376.0,393.0,14215698
AXISBANK,2016-01-20,385.6,393.4,374.65,387.6,15605644
AXISBANK,2016-01-21,400.0,412.45,397.7,409.15,28200956
AXISBANK,2016-01-22,419.4,427.65,414.6,424.15,15009103
AXISBANK,2016-01-25,429.75,429.75,415.2,420.85,10252421
AXISBANK,2016-01-27,424.1,426.5,411.6,415.4,8648945
AXISBANK,2016-01-28,416.0,416.9,402.4,405.65,9370465
AXISBANK,2016-01-29,396.0,409.8,393.25,408.4,13667701
AXISBANK,2016-02-01,410.0,410.35,394.5,399.3,10700914
AXISBANK,2016-02-02,399.0,404.45,388.6,390.9,12131028
AXISBANK,2016-02-03,387.0,390.0,379.15,380.55,10077279
AXISBANK,2016-02-04,385.75,386.6,373.35,382.75,11472602
AXISBANK,2016-02-05,384.7,405.0,384.25,399.55,11677917
AXISBANK,2016-02-08,401.0,417.95,401.0,408.55,11996680
AXISBANK,2016-02-09,401.0,405.9,396.0,399.9,6550274
AXISBANK,2016-02-10,397.9,398.0,385.35,393.6,10922352
AXISBANK,2016-02-11,392.9,396.75,373.3,377.2,8076824
AXISBANK,2016-02-12,389.4,395.95,379.1,391.1,28434501
AXISBANK,2016-02-15,395.65,420.0,395.65,417.65,13964589
AXISBANK,2016-02-16,420.8,422.5,405.0,405.8,12445006
AXISBANK,2016-02-17,406.9,406.9,394.75,403.1,10197761
AXISBANK,2016-02-18,410.2,412.1,391.6,398.05,12069460
AXISBANK,2016-02-19,395.6,396.9,390.0,392.5,12915275
AXISBANK,2016-02-22,395.0,398.75,391.05,397.15,10284642
AXISBANK,2016-02-23,397.9,397.9,383.25,385.15,9955791
AXISBANK,2016-02-24,385.0,391.0,377.25,386.65,11983475
AXISBANK,2016-02-25,386.1,387.8,377.45,378.2,9491615
AXISBANK,2016-02-26,385.0,390.3,382.15,386.35,9588881
AXISBANK,2016-02-29,387.0,391.65,374.0,375.75,82022905
AXISBANK,2016-03-01,380.1,393.2,380.1,392.0,12822550
AXISBANK,2016-03-02,400.0,411.8,400.0,407.25,15332044
AXISBANK,2016-03-03,411.35,419.0,407.1,417.15,14677533
AXISBANK,2016-03-04,418.15,418.15,409.25,416.05,8992492
AXISBANK,2016-03-08,415.6,423.05,408.8,411.75,6921273
AXISBANK,2016-03-09,409.0,418.2,407.5,416.85,8437253
AXISBANK,2016-03-10,417.5,420.0,410.6,413.0,5631550
AXISBANK,2016-03-11,413.85,421.95,408.25,412.8,8348484
AXISBANK,2016-03-14,417.6,422.25,413.1,415.45,6963673
AXISBANK,2016-03-15,417.5,421.75,416.1,418.85,8188560
AXISBANK,2016-03-16,419.0,426.35,411.0,424.6,8290044
AXISBANK,2016-03-17,430.0,435.0,425.5,428.15,11080947
AXISBANK,2016-03-18,429.95,437.6,429.1,436.1,6675930
AXISBANK,2016-03-21,439.0,445.5,437.9,444.5,8910574
AXISBANK,2016-03-22,447.0,447.6,434.3,441.25,8004834
AXISBANK,2016-03-23,439.25,441.25,435.1,437.5,5018310
AXISBANK,2016-03-28,437.85,438.6,419.8,422.9,9200929
AXISBANK,2016-03-29,423.9,432.9,422.4,429.45,6674980
AXISBANK,2016-03-30,433.3,445.7,432.1,444.25,9551121
AXISBANK,2016-03-31,443.7,449.0,438.2,444.15,12671936
AXISBANK,2016-04-01,440.9,452.0,440.05,449.9,8827751
AXISBANK,2016-04-04,451.5,451.55,442.1,444.75,5347581
AXISBANK,2016-04-05,443.4,449.5,431.0,432.6,12100258
AXISBANK,2016-04-06,433.3,436.3,423.1,424.65,7457831
AXISBANK,2016-04-07,427.75,431.8,424.9,426.65,5374072
AXISBANK,2016-04-08,426.7,427.35,420.05,421.6,6881318
AXISBANK,2016-04-11,423.9,431.9,417.5,429.8,6221772
AXISBANK,2016-04-12,430.5,436.45,429.4,434.05,5586212
AXISBANK,2016-04-13,440.05,445.3,438.1,440.5,9091282
AXISBANK,2016-04-18,444.95,446.05,437.4,445.25,6674315
AXISBANK,2016-04-20,446.1,460.65,444.35,459.1,10775664
AXISBANK,2016-04-21,463.8,472.75,463.0,467.95,11717618
AXISBANK,2016-04-22,465.6,478.5,462.1,475.85,7323373
AXISBANK,2016-04-25,474.0,477.35,465.0,469.9,7474910
AXISBANK,2016-04-26,470.1,484.9,463.65,480.2,12685893
AXISBANK,2016-04-27,461.3,473.5,458.05,465.5,29544825
AXISBANK,2016-04-28,463.0,471.85,461.55,468.05,16457436
AXISBANK,2016-04-29,466.75,477.45,465.05,472.4,10883473
AXISBANK,2016-05-02,474.35,479.0,468.45,471.8,9439328
AXISBANK,2016-05-03,473.9,475.0,466.3,470.55,8097969
AXISBANK,2016-05-04,466.0,470.0,460.25,462.45,8777977
AXISBANK,2016-05-05,463.0,467.3,458.45,461.05,8736141
AXISBANK,2016-05-06,461.0,464.05,459.0,461.45,4804806
AXISBANK,2016-05-09,465.8,478.0,461.65,477.1,10228014
AXISBANK,2016-05-10,479.0,489.0,478.15,487.95,12131886
AXISBANK,2016-05-11,482.6,499.35,480.25,498.2,21878712
AXISBANK,2016-05-12,498.6,506.9,490.6,492.55,13528266
AXISBANK,2016-05-13,493.7,496.2,486.5,490.65,7426191
AXISBANK,2016-05-16,492.0,493.65,477.25,486.45,5809867
AXISBANK,2016-05-17,490.7,505.5,490.3,503.35,8982435
AXISBANK,2016-05-18,498.5,503.0,495.25,501.1,8241793
AXISBANK,2016-05-19,501.75,501.75,489.0,490.5,5989236
AXISBANK,2016-05-20,493.95,495.7,488.1,490.6,5012902
AXISBANK,2016-05-23,495.4,495.4,485.0,486.5,4700955
AXISBANK,2016-05-24,483.25,490.95,482.0,488.95,4838908
AXISBANK,2016-05-25,494.0,503.0,493.35,502.15,7144175
AXISBANK,2016-05-26,502.5,523.0,500.25,519.0,11207975
AXISBANK,2016-05-27,520.25,525.0,509.0,512.4,7699491
AXISBANK,2016-05-30,513.95,522.05,512.5,513.7,4892196
AXISBANK,2016-05-31,515.0,518.7,510.7,515.2,5706744
AXISBANK,2016-06-01,524.85,529.45,510.0,511.95,9559476
AXISBANK,2016-06-02,510.5,525.0,506.75,524.35,7013241
AXISBANK,2016-06-03,527.15,544.95,527.0,542.65,13581215
AXISBANK,2016-06-06,542.1,545.0,530.3,532.85,9416306
AXISBANK,2016-06-07,539.1,539.1,526.75,534.4,11455340
AXISBANK,2016-06-08,536.4,541.45,530.8,539.0,6988719
AXISBANK,2016-06-09,542.95,545.9,537.1,542.6,7019405
AXISBANK,2016-06-10,540.0,549.15,538.3,541.05,6382258
AXISBANK,2016-06-13,529.8,534.6,524.0,531.15,6788154
AXISBANK,2016-06-14,535.8,535.8,525.5,529.65,8234417
AXISBANK,2016-06-15,531.9,533.4,522.65,528.8,7836638
AXISBANK,2016-06-16,528.0,528.3,516.0,523.45,5375177
AXISBANK,2016-06-17,526.9,533.9,524.7,526.9,7201452
AXISBANK,2016-06-20,515.0,523.9,514.0,522.45,11335041
AXISBANK,2016-06-21,524.5,524.5,515.45,517.4,5301794
AXISBANK,2016-06-22,517.9,521.0,513.6,516.2,5374493
AXISBANK,2016-06-23,518.0,528.0,514.8,526.4,5874012
AXISBANK,2016-06-24,502.0,511.6,492.8,510.5,9745784
AXISBANK,2016-06-27,507.4,517.6,507.15,514.45,4612787
AXISBANK,2016-06-28,515.0,520.5,512.75,514.0,4479273
AXISBANK,2016-06-29,518.5,518.95,514.25,517.85,4721178
AXISBANK,2016-06-30,522.0,535.25,521.0,533.5,10912401
AXISBANK,2016-07-01,535.8,545.7,535.5,542.9,6701034
AXISBANK,2016-07-04,545.5,546.95,539.5,543.85,5173772
AXISBANK,2016-07-05,541.2,546.25,535.25,539.7,5219466
AXISBANK,2016-07-07,539.2,545.9,535.3,542.25,4650991
AXISBANK,2016-07-08,541.0,548.5,540.0,546.45,6016471
AXISBANK,2016-07-11,551.65,553.0,541.55,544.4,6082359
AXISBANK,2016-07-12,550.0,562.1,549.15,561.0,6541827
AXISBANK,2016-07-13,563.7,563.7,551.1,556.85,6365885
AXISBANK,2016-07-14,555.75,561.7,553.6,560.25,4020476
AXISBANK,2016-07-15,556.15,570.45,556.0,565.05,6247207
AXISBANK,2016-07-18,570.0,576.8,569.0,571.0,6641864
AXISBANK,2016-07-19,570.7,573.85,563.85,565.45,5547223
AXISBANK,2016-07-20,563.3,567.85,555.85,558.25,5258296
AXISBANK,2016-07-21,557.9,557.9,535.55,538.05,9416152
AXISBANK,2016-07-22,537.95,545.3,532.9,537.7,8134377
AXISBANK,2016-07-25,518.5,540.0,518.5,538.1,15701682
AXISBANK,2016-07-26,539.7,559.2,535.45,553.8,11437473
AXISBANK,2016-07-27,553.85,558.1,543.45,548.85,7787071
AXISBANK,2016-07-28,548.1,553.35,538.05,543.85,12174235
AXISBANK,2016-07-29,542.5,551.8,542.5,546.15,4861274
AXISBANK,2016-08-01,546.25,557.7,546.25,550.55,7026398
AXISBANK,2016-08-02,552.0,555.6,547.1,549.65,5749264
AXISBANK,2016-08-03,549.65,552.95,540.85,549.35,6489800
AXISBANK,2016-08-04,551.9,556.0,544.65,547.5,5769753
AXISBANK,2016-08-05,552.4,569.0,550.55,567.25,8030392
AXISBANK,2016-08-08,568.45,572.4,565.25,571.15,7360104
AXISBANK,2016-08-09,570.5,576.0,566.7,574.1,7958291
AXISBANK,2016-08-10,574.05,575.3,563.0,567.9,6611328
AXISBANK,2016-08-11,564.25,574.9,564.25,569.75,5098948
AXISBANK,2016-08-12,569.85,593.2,569.8,591.0,13209690
AXISBANK,2016-08-16,593.95,593.95,580.0,583.3,11126973
AXISBANK,2016-08-17,588.2,598.0,585.2,589.5,9879769
AXISBANK,2016-08-18,591.1,597.3,590.8,593.15,12089285
AXISBANK,2016-08-19,595.4,597.6,586.1,588.55,9209878
AXISBANK,2016-08-22,589.9,589.95,579.4,580.25,9499230
AXISBANK,2016-08-23,581.25,585.0,580.1,582.5,6963978
AXISBANK,2016-08-24,584.85,584.85,578.65,583.4,5835501
AXISBANK,2016-08-25,586.8,594.0,585.0,586.55,17177795
AXISBANK,2016-08-26,586.5,589.0,580.3,586.4,7531289
AXISBANK,2016-08-29,586.4,597.0,586.0,589.15,12461059
AXISBANK,2016-08-30,592.0,599.25,588.55,591.15,11834475
AXISBANK,2016-08-31,591.5,603.85,580.7,596.85,120541914
AXISBANK,2016-09-01,597.05,603.0,592.0,596.65,10204784
AXISBANK,2016-09-02,597.7,602.0,594.25,599.2,7279782
AXISBANK,2016-09-06,602.5,637.8,602.5,635.9,15252302
AXISBANK,2016-09-07,637.75,638.3,622.5,625.1,11869960
AXISBANK,2016-09-08,626.0,634.0,619.75,629.35,8039571
AXISBANK,2016-09-09,615.1,624.7,611.7,613.1,9795054
AXISBANK,2016-09-12,597.8,601.85,588.4,592.1,8471237
AXISBANK,2016-09-14,593.0,604.65,590.45,601.8,5915220
AXISBANK,2016-09-15,601.05,603.0,583.3,588.75,7145326
AXISBANK,2016-09-16,592.25,612.4,592.25,602.2,19309804
AXISBANK,2016-09-19,603.0,606.0,592.85,594.35,5311980
AXISBANK,2016-09-20,598.8,599.0,589.15,592.95,4538973
AXISBANK,2016-09-21,596.5,600.35,594.5,598.9,5480087
AXISBANK,2016-09-22,610.0,612.0,590.0,591.8,10205715
AXISBANK,2016-09-23,595.6,596.1,555.7,557.45,30222177
AXISBANK,2016-09-26,559.1,560.0,545.3,547.4,14880674
AXISBANK,2016-09-27,551.0,554.25,538.7,541.0,9085199
AXISBANK,2016-09-28,543.15,550.65,540.5,549.1,10240083
AXISBANK,2016-09-29,554.45,554.85,523.45,539.3,16581655
AXISBANK,2016-09-30,535.0,547.15,530.6,541.35,5781645
AXISBANK,2016-10-03,542.95,552.3,542.9,550.9,5276340
AXISBANK,2016-10-04,553.0,553.35,541.0,546.6,5690321
AXISBANK,2016-10-05,550.0,550.65,533.25,535.7,8222912
AXISBANK,2016-10-06,531.7,535.0,524.05,530.8,10646794
AXISBANK,2016-10-07,530.0,539.4,530.0,533.85,7702773
AXISBANK,2016-10-10,538.0,538.75,530.3,531.55,3261598
AXISBANK,2016-10-13,529.0,529.9,513.2,518.8,10008090
AXISBANK,2016-10-14,521.0,525.0,516.8,520.65,4314775
AXISBANK,2016-10-17,524.15,533.8,517.1,519.0,7930102
AXISBANK,2016-10-18,523.9,534.05,518.4,532.45,13532992
AXISBANK,2016-10-19,535.65,542.0,529.1,535.55,10754624
AXISBANK,2016-10-20,537.1,544.85,536.0,540.05,6969699
AXISBANK,2016-10-21,538.7,539.2,524.2,526.1,6526349
AXISBANK,2016-10-24,529.45,530.0,517.55,521.55,10660533
AXISBANK,2016-10-25,520.9,531.5,520.1,529.1,7356952
AXISBANK,2016-10-26,499.0,502.0,484.5,487.55,38780250
AXISBANK,2016-10-27,485.0,489.6,477.3,485.65,17198496
AXISBANK,2016-10-28,486.9,494.0,484.55,486.9,12688495
AXISBANK,2016-11-01,488.05,488.05,474.45,475.8,10425548
AXISBANK,2016-11-02,469.8,480.5,468.1,476.8,9885845
AXISBANK,2016-11-03,475.5,479.8,473.65,475.85,6631504
AXISBANK,2016-11-04,474.4,485.7,474.2,478.7,10868004
AXISBANK,2016-11-07,484.75,489.45,482.05,485.4,6990315
AXISBANK,2016-11-08,487.05,492.45,483.25,490.85,7460548
AXISBANK,2016-11-09,459.0,493.95,458.95,487.55,12824970
AXISBANK,2016-11-10,494.0,513.6,494.0,506.95,11433458
AXISBANK,2016-11-11,505.0,512.7,495.0,498.75,7085764
AXISBANK,2016-11-15,498.0,503.0,476.75,479.3,11822835
AXISBANK,2016-11-16,486.85,487.35,470.1,472.7,10704594
AXISBANK,2016-11-17,474.35,484.4,471.35,474.1,10250008
AXISBANK,2016-11-18,478.0,478.9,472.0,473.45,4572569
AXISBANK,2016-11-21,475.9,476.5,463.05,465.7,6217176
AXISBANK,2016-11-22,468.05,475.5,458.05,470.75,7313923
AXISBANK,2016-11-23,475.0,482.55,469.15,480.5,6477616
AXISBANK,2016-11-24,479.7,479.7,466.05,468.2,8199524
AXISBANK,2016-11-25,472.25,473.0,465.3,471.2,4674455
AXISBANK,2016-11-28,464.0,477.6,461.15,472.9,8268812
AXISBANK,2016-11-29,473.0,475.6,463.0,464.65,7612624
AXISBANK,2016-11-30,465.0,471.0,462.05,469.85,13575386
AXISBANK,2016-12-01,474.0,474.45,464.3,466.05,7451748
AXISBANK,2016-12-02,466.9,466.9,458.0,459.95,6381901
AXISBANK,2016-12-05,457.7,464.7,455.8,460.75,4995436
AXISBANK,2016-12-06,461.8,463.2,454.35,455.95,5465618
AXISBANK,2016-12-07,457.85,457.85,441.25,447.1,7558363
AXISBANK,2016-12-08,449.9,452.85,447.4,449.35,7629221
AXISBANK,2016-12-09,451.7,458.0,445.55,456.4,7780448
AXISBANK,2016-12-12,445.0,452.0,444.1,445.1,6849079
AXISBANK,2016-12-13,445.8,454.45,442.3,452.95,8404874
AXISBANK,2016-12-14,454.65,469.8,454.0,467.2,12775149
AXISBANK,2016-12-15,459.1,479.4,459.1,478.1,18021627
AXISBANK,2016-12-16,479.5,480.7,468.7,472.8,20477361
AXISBANK,2016-12-19,469.5,472.75,466.45,467.6,3735250
AXISBANK,2016-12-20,469.0,469.7,460.45,461.65,4836019
AXISBANK,2016-12-21,463.55,465.8,455.1,457.7,4454408
AXISBANK,2016-12-22,455.8,455.8,445.05,447.55,6540181
AXISBANK,2016-12-23,448.0,449.35,436.0,438.1,9018273
AXISBANK,2016-12-26,435.1,435.85,427.0,432.0,4494204
AXISBANK,2016-12-27,431.1,438.9,431.1,437.65,4694669
AXISBANK,2016-12-28,439.7,448.25,438.0,440.05,5072550
AXISBANK,2016-12-29,442.0,445.9,437.7,444.25,6082573
AXISBANK,2016-12-30,445.5,452.2,445.05,449.95,4616817
AXISBANK,2017-01-02,451.4,452.0,441.25,447.75,3054394
AXISBANK,2017-01-03,449.6,457.8,443.5,455.25,4621782
AXISBANK,2017-01-04,455.0,460.0,451.95,453.1,3703873
AXISBANK,2017-01-05,454.6,463.9,453.25,458.05,5829373
AXISBANK,2017-01-06,459.7,461.8,454.05,455.2,4431212
AXISBANK,2017-01-09,456.9,459.35,451.55,452.75,2690456
AXISBANK,2017-01-10,455.5,456.05,424.4,447.35,9436151
AXISBANK,2017-01-11,451.85,457.55,448.2,453.6,5678047
AXISBANK,2017-01-12,454.2,461.4,452.6,455.2,5106342
AXISBANK,2017-01-13,457.0,475.2,455.2,472.8,12693510
AXISBANK,2017-01-16,472.5,480.5,468.3,477.25,7430300
AXISBANK,2017-01-17,477.3,488.2,476.95,487.2,11331156
AXISBANK,2017-01-18,487.15,491.7,483.25,488.5,8789347
AXISBANK,2017-01-19,486.7,487.9,479.3,483.8,7688347
AXISBANK,2017-01-20,458.0,461.4,448.0,450.75,30189779
AXISBANK,2017-01-23,445.25,448.95,441.1,445.0,16502895
AXISBANK,2017-01-24,447.8,452.55,445.3,451.25,7103963
AXISBANK,2017-01-25,452.0,465.1,452.0,463.55,14328065
AXISBANK,2017-01-27,465.25,478.85,465.25,472.85,8821164
AXISBANK,2017-01-30,472.0,476.6,470.85,471.9,4525720
AXISBANK,2017-01-31,472.0,472.0,464.3,466.0,10629001
AXISBANK,2017-02-01,467.75,479.9,460.0,475.65,8340303
AXISBANK,2017-02-02,476.25,486.0,473.35,482.55,7557596
AXISBANK,2017-02-03,483.7,492.5,480.15,490.7,7134563
AXISBANK,2017-02-06,494.75,500.2,492.0,498.3,8575116
AXISBANK,2017-02-07,498.4,499.7,490.6,493.4,5242366
AXISBANK,2017-02-08,492.4,492.7,481.85,487.6,9694192
AXISBANK,2017-02-09,491.0,494.55,482.95,485.25,7938519
AXISBANK,2017-02-10,489.75,492.5,486.2,488.9,10345868
AXISBANK,2017-02-13,492.7,493.85,486.75,490.3,6626404
AXISBANK,2017-02-14,490.3,491.45,482.1,486.9,4089031
AXISBANK,2017-02-15,488.0,493.45,483.8,488.2,6242589
AXISBANK,2017-02-16,487.7,494.35,486.55,493.15,5218900
AXISBANK,2017-02-17,501.0,504.0,487.4,489.1,12983330
AXISBANK,2017-02-20,489.4,490.65,479.65,481.05,5840632
AXISBANK,2017-02-21,481.9,509.05,481.2,504.35,16440027
AXISBANK,2017-02-22,508.5,528.05,507.8,525.3,20167381
AXISBANK,2017-02-23,525.0,530.0,518.05,528.15,10360480
AXISBANK,2017-02-27,527.9,527.9,507.3,508.95,7372140
AXISBANK,2017-02-28,509.4,512.5,504.6,506.65,5799421
AXISBANK,2017-03-01,511.0,522.0,510.15,513.4,7624002
AXISBANK,2017-03-02,515.1,519.8,503.7,506.3,7112655
AXISBANK,2017-03-03,507.25,515.0,506.25,512.9,3965255
AXISBANK,2017-03-06,514.7,520.8,512.3,518.65,6994407
AXISBANK,2017-03-07,519.0,519.9,509.25,511.8,6043543
AXISBANK,2017-03-08,504.6,512.8,500.25,510.15,8850848
AXISBANK,2017-03-09,509.6,519.55,506.5,516.4,8560015
AXISBANK,2017-03-10,519.2,520.0,513.0,515.9,5494130
AXISBANK,2017-03-14,524.9,525.65,509.55,510.9,7975713
AXISBANK,2017-03-15,514.7,515.8,509.05,511.7,6248549
AXISBANK,2017-03-16,513.0,516.8,511.3,513.65,5362177
AXISBANK,2017-03-17,515.3,519.0,511.7,517.15,20296836
AXISBANK,2017-03-20,518.0,518.25,501.3,502.85,4932998
AXISBANK,2017-03-21,498.75,500.0,486.05,488.3,11017752
AXISBANK,2017-03-22,485.0,502.4,484.0,485.45,12685275
AXISBANK,2017-03-23,487.55,492.0,483.0,488.25,6942275
AXISBANK,2017-03-24,491.0,495.7,484.85,489.35,5501203
AXISBANK,2017-03-27,488.4,493.25,483.55,487.15,5384510
AXISBANK,2017-03-28,492.3,505.0,490.05,502.8,11194711
AXISBANK,2017-03-29,506.0,513.0,500.1,504.2,12677454
AXISBANK,2017-03-30,498.95,504.0,495.0,499.25,8454772
AXISBANK,2017-03-31,499.7,503.7,488.8,490.8,6985211
AXISBANK,2017-04-03,495.7,503.7,491.35,500.6,5755303
AXISBANK,2017-04-05,503.85,510.55,498.85,508.3,6595144
AXISBANK,2017-04-06,507.7,517.65,505.15,508.7,9928098
AXISBANK,2017-04-07,507.0,514.9,502.5,504.2,5019268
AXISBANK,2017-04-10,504.65,513.0,503.35,510.75,5986936
AXISBANK,2017-04-11,509.6,516.6,508.1,515.05,7406691
AXISBANK,2017-04-12,515.3,520.4,503.25,506.0,6161411
AXISBANK,2017-04-13,506.6,511.35,502.9,507.55,6216374
AXISBANK,2017-04-17,505.55,509.05,501.25,502.35,4070932
AXISBANK,2017-04-18,505.0,508.95,498.0,499.65,5450454
AXISBANK,2017-04-19,498.25,501.45,488.25,499.5,7447021
AXISBANK,2017-04-20,496.15,504.4,487.0,488.0,8153829
AXISBANK,2017-04-21,492.0,497.0,483.3,486.25,10301245
AXISBANK,2017-04-24,487.95,503.6,481.0,498.65,14182302
AXISBANK,2017-04-25,501.0,520.15,495.1,516.4,13778124
AXISBANK,2017-04-26,519.5,525.0,508.05,517.15,11516903
AXISBANK,2017-04-27,524.0,524.0,503.25,506.6,22108735
AXISBANK,2017-04-28,508.3,515.3,504.5,509.65,9287281
AXISBANK,2017-05-02,509.5,513.1,501.6,505.55,7539462
AXISBANK,2017-05-03,506.9,507.35,500.0,500.85,7220815
AXISBANK,2017-05-04,504.95,521.8,502.0,518.85,15719994
AXISBANK,2017-05-05,522.0,522.4,502.5,504.5,9440005
AXISBANK,2017-05-08,509.0,513.7,503.3,511.2,6834456
AXISBANK,2017-05-09,513.0,521.25,510.55,518.2,7872272
AXISBANK,2017-05-10,519.0,527.55,515.7,526.35,8812464
AXISBANK,2017-05-11,525.2,534.6,513.45,516.9,8962710
AXISBANK,2017-05-12,516.7,516.85,499.2,503.0,9934430
AXISBANK,2017-05-15,505.0,508.5,498.4,500.1,8806756
AXISBANK,2017-05-16,502.1,504.5,493.5,501.5,8610492
AXISBANK,2017-05-17,501.35,506.75,498.5,502.8,6443135
AXISBANK,2017-05-18,498.0,499.1,490.25,492.0,9227022
AXISBANK,2017-05-19,495.75,503.85,494.2,501.7,7611430
AXISBANK,2017-05-22,504.0,507.45,499.5,502.3,4970982
AXISBANK,2017-05-23,502.25,506.1,495.2,500.6,7549551
AXISBANK,2017-05-24,503.0,505.0,495.0,499.3,7271148
AXISBANK,2017-05-25,502.0,509.9,495.85,507.45,9157557
AXISBANK,2017-05-26,508.0,513.0,505.0,511.45,5995136
AXISBANK,2017-05-29,511.9,515.0,502.2,507.25,5441466
AXISBANK,2017-05-30,505.0,516.95,503.65,514.4,4725430
AXISBANK,2017-05-31,514.0,516.0,509.5,514.05,7263061
AXISBANK,2017-06-01,512.15,515.95,505.5,509.3,8105813
AXISBANK,2017-06-02,513.5,513.5,506.35,508.05,4474040
AXISBANK,2017-06-05,507.35,516.75,507.0,513.65,3858825
AXISBANK,2017-06-06,514.0,514.4,505.55,510.2,3866339
AXISBANK,2017-06-07,510.0,515.45,508.1,514.2,3389166
AXISBANK,2017-06-08,514.0,521.8,511.35,515.75,5980728
AXISBANK,2017-06-09,515.0,516.35,509.4,513.65,3242063
AXISBANK,2017-06-12,512.45,513.1,506.0,507.5,2360518
AXISBANK,2017-06-13,509.0,512.3,505.5,506.45,2181945
AXISBANK,2017-06-14,509.0,510.9,501.55,509.5,4648343
AXISBANK,2017-06-15,508.85,509.3,504.0,507.6,3425367
AXISBANK,2017-06-16,507.65,514.3,507.5,510.45,4999502
AXISBANK,2017-06-19,511.0,525.35,509.3,520.15,6844723
AXISBANK,2017-06-20,520.2,521.7,510.5,511.85,4388846
AXISBANK,2017-06-21,511.05,512.5,506.75,507.75,4346995
AXISBANK,2017-06-22,508.9,514.45,506.65,508.0,3463745
AXISBANK,2017-06-23,509.6,510.45,503.65,504.65,3548884
AXISBANK,2017-06-27,506.0,506.7,484.45,492.85,9842829
AXISBANK,2017-06-28,493.8,500.35,490.05,492.0,12691859
AXISBANK,2017-06-29,498.0,514.4,497.7,512.1,11855524
AXISBANK,2017-06-30,510.6,520.0,508.1,517.35,7600005
AXISBANK,2017-07-03,517.1,521.8,515.0,517.25,3701949
AXISBANK,2017-07-04,516.8,517.55,506.55,508.4,4086213
AXISBANK,2017-07-05,507.75,515.4,507.75,513.9,3154406
AXISBANK,2017-07-06,511.0,512.85,508.15,509.5,3514758
AXISBANK,2017-07-07,508.25,508.95,501.25,503.15,3509920
AXISBANK,2017-07-10,521.0,529.75,506.7,509.95,1242397
AXISBANK,2017-07-11,512.0,512.4,505.8,506.8,3928279
AXISBANK,2017-07-12,508.9,509.9,504.2,506.75,5504892
AXISBANK,2017-07-13,508.0,516.85,508.0,511.9,22231839
AXISBANK,2017-07-14,514.0,514.5,507.7,512.95,3160157
AXISBANK,2017-07-17,513.1,514.0,508.5,510.5,3169635
AXISBANK,2017-07-18,509.0,522.7,508.35,516.55,7864083
AXISBANK,2017-07-19,518.0,521.95,516.05,520.2,8119092
AXISBANK,2017-07-20,520.8,544.2,520.7,540.0,16391849
AXISBANK,2017-07-21,540.0,542.4,532.25,540.8,5567645
AXISBANK,2017-07-24,541.0,546.4,531.4,534.8,4779353
AXISBANK,2017-07-25,533.5,547.5,529.95,544.95,8181916
AXISBANK,2017-07-26,538.9,543.95,525.4,528.85,12085057
AXISBANK,2017-07-27,532.4,534.95,522.0,524.65,12290852
AXISBANK,2017-07-28,523.8,529.65,512.0,515.1,8268116
AXISBANK,2017-07-31,517.4,521.2,509.4,519.8,7245884
AXISBANK,2017-08-01,518.2,521.75,514.75,516.55,4562630
AXISBANK,2017-08-02,518.75,524.05,512.6,516.9,4079631
AXISBANK,2017-08-03,516.0,516.35,504.8,506.0,4140945
AXISBANK,2017-08-04,506.0,510.8,504.6,508.1,4972811
AXISBANK,2017-08-07,509.0,511.8,504.1,505.8,5293884
AXISBANK,2017-08-08,507.7,510.95,496.05,499.45,8898560
AXISBANK,2017-08-09,494.45,498.65,485.45,486.95,7169705
AXISBANK,2017-08-10,485.1,494.15,483.55,485.5,10095387
AXISBANK,2017-08-11,482.9,493.35,480.0,489.7,9261420
AXISBANK,2017-08-14,491.0,497.45,489.75,491.75,3983656
AXISBANK,2017-08-16,492.95,501.55,488.0,499.5,5958229
AXISBANK,2017-08-17,500.2,503.45,495.0,497.15,3948664
AXISBANK,2017-08-18,495.3,495.95,489.85,490.4,4166976
AXISBANK,2017-08-21,492.1,503.4,491.8,494.8,17884400
AXISBANK,2017-08-22,496.0,507.0,496.0,499.2,6654272
AXISBANK,2017-08-23,505.0,505.8,500.15,502.65,3288488
AXISBANK,2017-08-24,503.0,510.5,502.05,506.85,7157375
AXISBANK,2017-08-28,507.5,512.9,506.2,510.6,3724389
AXISBANK,2017-08-29,509.4,509.45,501.0,503.6,3266295
AXISBANK,2017-08-30,506.2,509.5,502.3,503.9,3972126
AXISBANK,2017-08-31,504.0,505.4,498.55,500.35,4491876
AXISBANK,2017-09-01,502.0,509.8,498.5,507.55,4569367
AXISBANK,2017-09-04,506.6,509.0,499.7,501.75,3744616
AXISBANK,2017-09-05,502.25,506.65,501.5,503.4,3216819
AXISBANK,2017-09-06,502.0,502.0,491.5,492.85,4947660
AXISBANK,2017-09-07,494.0,499.0,494.0,496.6,4564617
AXISBANK,2017-09-08,498.0,498.5,491.85,494.0,3662579
AXISBANK,2017-09-11,495.35,497.4,492.65,493.9,3590293
AXISBANK,2017-09-12,494.9,502.2,493.25,496.5,3324949
AXISBANK,2017-09-13,496.1,505.6,495.05,499.3,4430874
AXISBANK,2017-09-14,505.0,521.8,502.1,519.75,15168429
AXISBANK,2017-09-15,517.95,520.0,511.0,516.15,8942804
AXISBANK,2017-09-18,518.65,526.0,518.3,524.55,7337260
AXISBANK,2017-09-19,522.0,524.1,517.5,520.75,2386279
AXISBANK,2017-09-20,516.75,522.5,516.75,519.45,8297561
AXISBANK,2017-09-21,518.0,522.5,505.65,512.55,3103034
AXISBANK,2017-09-22,509.4,510.5,503.2,505.3,4546160
AXISBANK,2017-09-25,504.0,505.0,488.3,501.7,11921527
AXISBANK,2017-09-26,500.0,518.2,500.0,511.95,5292394
AXISBANK,2017-09-27,513.4,513.9,500.5,506.3,5300694
AXISBANK,2017-09-28,507.85,517.25,505.65,511.8,10408979
AXISBANK,2017-09-29,511.1,516.95,505.1,509.15,11578743
AXISBANK,2017-10-03,514.0,517.0,504.1,509.65,10712537
AXISBANK,2017-10-04,507.5,511.0,504.5,505.95,4792373
AXISBANK,2017-10-05,506.65,507.85,497.45,501.2,9349884
AXISBANK,2017-10-06,503.0,507.0,501.25,503.35,11343137
AXISBANK,2017-10-09,503.4,508.8,501.25,505.95,3942277
AXISBANK,2017-10-10,507.5,515.7,504.1,514.55,4932758
AXISBANK,2017-10-11,519.9,523.3,509.4,515.75,6188165
AXISBANK,2017-10-12,516.3,525.95,512.8,525.1,4800917
AXISBANK,2017-10-13,524.25,534.65,522.5,529.45,6447797
AXISBANK,2017-10-16,530.35,531.75,514.2,520.35,7148294
AXISBANK,2017-10-17,520.95,526.1,511.0,513.15,9443230
AXISBANK,2017-10-18,488.0,489.0,460.9,464.5,49308621
AXISBANK,2017-10-23,458.65,461.05,447.5,449.95,21127981
AXISBANK,2017-10-24,451.65,457.8,450.1,451.95,19327721
AXISBANK,2017-10-25,468.15,476.5,456.65,473.0,37624005
AXISBANK,2017-10-26,472.0,487.85,471.5,484.3,24936306
AXISBANK,2017-10-27,485.0,491.4,481.65,485.95,7576778
AXISBANK,2017-10-30,487.2,489.0,481.6,484.0,4815226
AXISBANK,2017-10-31,495.0,529.0,493.3,523.15,39655956
AXISBANK,2017-11-01,524.95,544.0,524.5,535.1,22542766
AXISBANK,2017-11-02,534.0,538.0,526.3,532.15,7800191
AXISBANK,2017-11-03,535.35,545.7,534.1,540.1,9303981
AXISBANK,2017-11-06,539.05,541.55,530.75,534.5,8013536
AXISBANK,2017-11-07,535.5,539.4,523.0,527.15,9642624
AXISBANK,2017-11-08,537.7,551.9,533.6,544.85,19642327
AXISBANK,2017-11-09,548.95,555.45,533.0,540.4,11290503
AXISBANK,2017-11-10,534.95,548.95,532.45,544.8,9869691
AXISBANK,2017-11-13,557.0,564.55,534.05,537.35,21701958
AXISBANK,2017-11-14,537.35,549.95,532.6,545.65,10644657
AXISBANK,2017-11-15,546.5,551.4,537.1,542.0,7814066
AXISBANK,2017-11-16,544.0,548.5,541.2,542.6,5176117
AXISBANK,2017-11-17,550.0,557.4,540.55,542.4,4373503
AXISBANK,2017-11-20,542.25,547.5,536.75,545.15,3458524
AXISBANK,2017-11-21,547.0,548.9,539.15,546.8,5770768
AXISBANK,2017-11-22,546.55,547.0,539.0,540.5,4536211
AXISBANK,2017-11-23,542.4,547.8,535.55,544.15,10724159
AXISBANK,2017-11-24,544.95,547.7,541.05,545.5,3947490
AXISBANK,2017-11-27,544.1,561.85,540.95,559.4,9301318
AXISBANK,2017-11-28,559.5,565.9,558.0,562.55,10113136
AXISBANK,2017-11-29,560.55,562.2,546.8,549.5,6387037
AXISBANK,2017-11-30,547.15,547.5,534.15,535.4,19370807
AXISBANK,2017-12-01,539.4,539.9,531.9,533.85,7138045
AXISBANK,2017-12-04,536.2,540.85,529.65,534.95,4181453
AXISBANK,2017-12-05,535.0,537.85,530.75,533.15,6167602
AXISBANK,2017-12-06,532.2,534.5,529.2,530.5,4234770
AXISBANK,2017-12-07,532.9,538.0,529.1,534.05,3528298
AXISBANK,2017-12-08,536.7,544.5,536.6,542.5,6007380
AXISBANK,2017-12-11,550.0,552.25,542.7,545.1,5326031
AXISBANK,2017-12-12,544.0,544.0,535.1,538.6,5232189
AXISBANK,2017-12-13,538.0,543.0,533.05,535.75,4163419
AXISBANK,2017-12-14,537.0,543.4,534.75,541.45,3558224
AXISBANK,2017-12-15,552.2,552.4,543.05,547.95,6059220
AXISBANK,2017-12-18,537.95,553.8,530.0,548.65,5889302
AXISBANK,2017-12-19,549.25,556.0,545.4,553.65,4325512
AXISBANK,2017-12-20,553.5,557.8,548.6,554.5,3534649
AXISBANK,2017-12-21,551.8,556.95,545.05,548.95,5781370
AXISBANK,2017-12-22,549.9,554.8,547.1,553.6,3075576
AXISBANK,2017-12-26,555.0,557.25,550.3,555.0,3272086
AXISBANK,2017-12-27,554.0,560.65,551.0,554.6,4163259
AXISBANK,2017-12-28,546.15,554.2,544.0,546.85,8433564
AXISBANK,2017-12-29,548.2,567.85,547.0,563.95,8363189
AXISBANK,2018-01-01,563.8,569.8,560.5,565.5,6943234
AXISBANK,2018-01-02,567.0,568.6,556.35,559.5,6292268
AXISBANK,2018-01-03,561.3,565.45,555.75,560.45,3990149
AXISBANK,2018-01-04,564.85,565.0,558.0,559.9,2766664
AXISBANK,2018-01-05,561.05,566.0,556.7,563.25,3249056
AXISBANK,2018-01-08,565.8,568.0,562.45,565.45,3770339
AXISBANK,2018-01-09,564.0,573.0,563.0,565.3,4607504
AXISBANK,2018-01-10,566.15,566.7,560.45,562.8,2411625
AXISBANK,2018-01-11,562.0,563.15,553.55,558.75,2825941
AXISBANK,2018-01-12,560.2,563.4,552.5,555.1,6013121
AXISBANK,2018-01-15,556.7,564.45,556.4,560.55,3943472
AXISBANK,2018-01-16,562.95,566.9,555.8,563.2,5993564
AXISBANK,2018-01-17,564.05,589.3,561.0,585.2,8453944
AXISBANK,2018-01-18,596.0,597.15,578.6,584.8,9466991
AXISBANK,2018-01-19,584.9,594.0,581.2,590.25,3897048
AXISBANK,2018-01-22,595.95,621.75,583.15,611.55,21790443
AXISBANK,2018-01-23,616.4,627.6,611.45,620.1,14286343
AXISBANK,2018-01-24,621.9,621.9,606.3,607.95,6158610
AXISBANK,2018-01-25,610.0,619.25,598.6,616.1,6749846
AXISBANK,2018-01-29,614.55,620.9,603.65,605.55,7017160
AXISBANK,2018-01-30,605.6,607.45,592.45,593.75,6447963
AXISBANK,2018-01-31,589.3,596.0,587.15,593.6,7108060
AXISBANK,2018-02-01,593.6,610.0,586.1,592.8,7839731
AXISBANK,2018-02-02,587.8,587.8,561.3,564.9,6185174
AXISBANK,2018-02-05,551.1,568.65,547.5,566.25,9318595
AXISBANK,2018-02-06,543.0,577.05,534.0,563.7,13938327
AXISBANK,2018-02-07,568.0,574.65,556.0,559.35,7679830
AXISBANK,2018-02-08,562.8,576.9,559.7,568.45,5816886
AXISBANK,2018-02-09,559.9,561.95,550.4,557.55,5865587
AXISBANK,2018-02-12,563.7,568.0,560.35,564.2,4765319
AXISBANK,2018-02-14,565.0,565.85,540.1,543.9,6478108
AXISBANK,2018-02-15,534.75,554.8,531.35,543.7,11593643
AXISBANK,2018-02-16,547.05,548.6,535.0,537.85,3910503
AXISBANK,2018-02-19,537.85,544.95,527.5,540.55,4251723
AXISBANK,2018-02-20,542.0,548.05,529.4,531.7,3395183
AXISBANK,2018-02-21,534.0,538.5,524.4,535.8,4638382
AXISBANK,2018-02-22,533.0,533.75,527.5,530.25,7808359
AXISBANK,2018-02-23,527.0,538.9,525.55,536.65,3888629
AXISBANK,2018-02-26,541.1,554.4,539.0,552.3,5297794
AXISBANK,2018-02-27,551.6,551.6,536.15,538.4,4136383
AXISBANK,2018-02-28,534.0,536.5,520.0,528.75,6626661
AXISBANK,2018-03-01,524.0,535.55,522.0,525.75,9827510
AXISBANK,2018-03-05,524.0,528.95,521.3,524.55,6766199
AXISBANK,2018-03-06,526.0,530.65,511.2,517.35,12240160
AXISBANK,2018-03-07,510.9,517.9,507.55,512.65,10428057
AXISBANK,2018-03-08,518.45,523.95,507.45,520.55,8483978
AXISBANK,2018-03-09,522.45,522.55,503.0,505.35,4955525
AXISBANK,2018-03-12,510.6,521.95,505.3,519.2,5283334
AXISBANK,2018-03-13,517.1,534.95,514.65,531.5,7846232
AXISBANK,2018-03-14,528.95,538.0,522.5,536.15,4976540
AXISBANK,2018-03-15,535.2,539.2,528.25,529.65,3932830
AXISBANK,2018-03-16,530.9,532.9,520.5,522.6,12146623
AXISBANK,2018-03-19,522.6,526.0,517.05,519.45,4656613
AXISBANK,2018-03-20,509.0,525.0,509.0,521.1,5398111
AXISBANK,2018-03-21,523.0,532.5,522.5,526.3,5518826
AXISBANK,2018-03-22,522.6,525.9,516.75,518.2,7194256
AXISBANK,2018-03-23,509.5,510.25,496.0,499.5,29385110
AXISBANK,2018-03-26,499.0,509.3,495.2,507.3,9498614
AXISBANK,2018-03-27,512.3,522.55,509.05,512.2,6423140
AXISBANK,2018-03-28,512.9,512.9,501.6,510.5,10980960
AXISBANK,2018-04-02,506.75,508.5,492.2,499.05,7120498
AXISBANK,2018-04-03,494.0,506.0,493.7,501.55,6053789
AXISBANK,2018-04-04,504.5,504.5,490.25,492.25,6047813
AXISBANK,2018-04-05,498.4,504.65,495.2,503.1,6682587
AXISBANK,2018-04-06,502.95,502.95,495.2,500.2,3812133
AXISBANK,2018-04-09,502.2,522.0,501.2,519.3,8708770
AXISBANK,2018-04-10,523.0,549.7,521.4,546.15,21689156
AXISBANK,2018-04-11,550.1,551.0,534.0,539.8,9261807
AXISBANK,2018-04-12,537.3,550.0,534.85,548.75,8021652
AXISBANK,2018-04-13,550.0,555.55,535.75,542.55,8788919
AXISBANK,2018-04-16,541.5,543.8,530.35,542.4,6418203
AXISBANK,2018-04-17,544.95,544.95,530.25,532.4,5541004
AXISBANK,2018-04-18,535.5,535.5,516.5,518.25,7131174
AXISBANK,2018-04-19,521.0,521.45,509.1,512.9,10559623
AXISBANK,2018-04-20,513.5,513.85,503.0,505.7,4437940
AXISBANK,2018-04-23,508.4,511.2,500.0,506.2,4766412
AXISBANK,2018-04-24,506.0,514.75,503.35,504.85,4564259
AXISBANK,2018-04-25,506.0,506.0,496.3,498.4,4608455
AXISBANK,2018-04-26,496.75,501.05,483.3,493.75,14919977
AXISBANK,2018-04-27,481.25,543.1,481.25,539.2,58859461
AXISBANK,2018-04-30,535.8,536.1,513.4,517.3,18357008
AXISBANK,2018-05-02,518.5,527.95,515.4,523.75,25195767
AXISBANK,2018-05-03,522.0,538.8,522.0,533.4,12001916
AXISBANK,2018-05-04,533.9,533.9,519.05,520.3,5929870
AXISBANK,2018-05-07,523.75,537.9,523.0,536.1,6792091
AXISBANK,2018-05-08,536.65,547.5,533.45,542.25,12028184
AXISBANK,2018-05-09,543.1,549.65,537.05,548.5,7556830
AXISBANK,2018-05-10,548.5,554.0,542.95,547.65,11415139
AXISBANK,2018-05-11,548.6,556.5,545.5,553.3,4960854
AXISBANK,2018-05-14,551.2,558.9,547.55,551.9,4999526
AXISBANK,2018-05-15,548.0,563.5,547.35,549.7,6752759
AXISBANK,2018-05-16,545.0,552.75,541.05,550.0,9929095
AXISBANK,2018-05-17,550.0,553.0,536.5,539.45,8551787
AXISBANK,2018-05-18,536.8,540.7,528.5,532.9,7343619
AXISBANK,2018-05-21,535.0,537.8,521.85,526.85,4258800
AXISBANK,2018-05-22,528.4,533.5,520.65,523.3,4711540
AXISBANK,2018-05-23,522.0,528.2,519.4,520.25,4426060
AXISBANK,2018-05-24,521.7,537.0,521.1,534.45,5188026
AXISBANK,2018-05-25,535.6,543.5,532.5,538.5,4588810
AXISBANK,2018-05-28,541.7,548.0,540.95,546.15,5611936
AXISBANK,2018-05-29,547.0,549.9,543.2,547.75,8015443
AXISBANK,2018-05-30,543.75,544.7,535.05,541.65,5919369
AXISBANK,2018-05-31,543.0,551.8,532.25,545.9,15652651
AXISBANK,2018-06-01,543.0,544.3,532.85,536.65,4061137
AXISBANK,2018-06-04,539.55,541.95,531.25,537.05,4291186
AXISBANK,2018-06-05,534.65,536.0,524.25,530.9,5088506
AXISBANK,2018-06-06,530.0,533.8,526.6,531.4,5281259
AXISBANK,2018-06-07,533.8,550.0,532.15,542.4,6932191
AXISBANK,2018-06-08,541.05,541.9,535.45,537.4,4627913
AXISBANK,2018-06-11,539.8,542.6,530.35,539.95,4095873
AXISBANK,2018-06-12,543.5,544.5,535.8,537.15,3320721
AXISBANK,2018-06-13,539.8,551.8,536.85,540.65,5924906
AXISBANK,2018-06-14,539.8,539.8,531.0,532.0,3736633
AXISBANK,2018-06-15,527.8,534.65,516.1,528.75,7854953
AXISBANK,2018-06-18,530.25,531.0,521.45,522.55,3711213
AXISBANK,2018-06-19,522.15,524.4,514.4,517.2,6483110
AXISBANK,2018-06-20,520.75,527.4,517.15,519.1,4555002
AXISBANK,2018-06-21,521.25,522.0,511.1,513.05,4856050
AXISBANK,2018-06-22,513.0,527.8,510.55,525.65,5932446
AXISBANK,2018-06-25,520.35,523.35,513.1,515.2,4882240
AXISBANK,2018-06-26,516.5,518.7,512.05,514.2,4505122
AXISBANK,2018-06-27,516.0,516.0,501.6,507.85,5659070
AXISBANK,2018-06-28,508.0,513.5,500.8,504.6,4854274
AXISBANK,2018-06-29,505.8,514.5,498.75,510.8,7747444
AXISBANK,2018-07-02,510.75,513.8,503.0,512.25,6799910
AXISBANK,2018-07-03,512.9,519.9,509.25,511.55,6658467
AXISBANK,2018-07-04,511.95,516.25,507.65,514.75,3893493
AXISBANK,2018-07-05,514.0,517.85,509.0,511.0,2692462
AXISBANK,2018-07-06,513.0,516.9,509.5,513.7,2706424
AXISBANK,2018-07-09,515.1,529.3,515.1,525.25,6295104
AXISBANK,2018-07-10,527.95,534.9,522.0,532.55,5281760
AXISBANK,2018-07-11,532.4,542.35,530.8,536.55,6432494
AXISBANK,2018-07-12,539.7,545.7,535.3,538.35,4128221
AXISBANK,2018-07-13,539.7,541.0,519.45,523.0,4169212
AXISBANK,2018-07-16,523.0,529.9,518.35,522.1,5032325
AXISBANK,2018-07-17,521.7,539.85,519.0,537.9,4511522
AXISBANK,2018-07-18,541.2,542.4,515.0,526.55,4954888
AXISBANK,2018-07-19,528.05,537.4,518.4,526.8,5276418
AXISBANK,2018-07-20,526.8,536.45,525.0,533.7,2532288
AXISBANK,2018-07-23,534.9,544.8,530.55,540.35,6009401
AXISBANK,2018-07-24,541.05,548.9,538.05,546.1,6171893
AXISBANK,2018-07-25,547.0,547.5,529.5,532.25,3341114
AXISBANK,2018-07-26,535.4,544.0,526.4,541.65,7920089
AXISBANK,2018-07-27,543.2,555.0,537.25,553.25,7678597
AXISBANK,2018-07-30,556.05,571.2,550.8,569.65,12949737
AXISBANK,2018-07-31,582.0,584.45,548.0,550.4,21735293
AXISBANK,2018-08-01,550.5,555.5,538.25,545.15,6871812
AXISBANK,2018-08-02,545.25,551.3,539.0,547.25,6495837
AXISBANK,2018-08-03,546.5,578.55,545.75,574.75,15953749
AXISBANK,2018-08-06,575.2,604.0,575.2,596.8,22629303
AXISBANK,2018-08-07,597.0,606.9,583.7,593.05,16424853
AXISBANK,2018-08-08,596.75,598.9,587.0,596.3,7138029
AXISBANK,2018-08-09,595.0,624.4,595.0,621.05,18227195
AXISBANK,2018-08-10,621.3,623.9,611.25,615.5,16074351
AXISBANK,2018-08-13,612.0,616.0,602.6,604.9,8445677
AXISBANK,2018-08-14,608.6,621.3,608.6,618.05,10225641
AXISBANK,2018-08-16,614.9,635.0,611.25,623.45,18777302
AXISBANK,2018-08-17,630.0,632.45,620.3,627.3,13411536
AXISBANK,2018-08-20,630.0,630.6,622.1,624.4,6463139
AXISBANK,2018-08-21,625.4,638.25,617.3,635.75,15522297
AXISBANK,2018-08-23,644.65,644.65,628.55,631.75,12699837
AXISBANK,2018-08-24,638.05,643.4,634.0,639.9,15035968
AXISBANK,2018-08-27,643.0,651.5,642.0,650.2,9819034
AXISBANK,2018-08-28,652.0,662.8,642.0,660.05,9886447
AXISBANK,2018-08-29,657.5,667.65,653.25,656.9,13329261
AXISBANK,2018-08-30,661.85,661.85,643.05,649.75,14868623
AXISBANK,2018-08-31,649.5,653.5,641.25,649.25,10207700
AXISBANK,2018-09-03,655.45,655.45,629.6,631.8,6494484
AXISBANK,2018-09-04,631.0,644.4,622.75,641.8,9305124
AXISBANK,2018-09-05,641.0,646.65,631.35,637.65,8837398
AXISBANK,2018-09-06,638.9,643.3,624.6,638.2,10026621
AXISBANK,2018-09-07,640.0,648.0,632.1,645.55,6999943
AXISBANK,2018-09-10,644.95,677.95,643.3,651.75,32430222
AXISBANK,2018-09-11,651.65,665.7,647.45,650.15,19162102
AXISBANK,2018-09-12,665.0,665.0,630.1,635.45,14448365
AXISBANK,2018-09-14,641.8,644.0,632.0,636.4,12083354
AXISBANK,2018-09-17,633.7,634.0,622.0,625.95,6644742
AXISBANK,2018-09-18,624.0,633.05,606.15,608.6,10724450
AXISBANK,2018-09-19,611.6,622.5,601.3,608.8,9373364
AXISBANK,2018-09-21,618.95,634.0,563.4,599.2,24788799
AXISBANK,2018-09-24,599.6,605.75,587.85,597.35,11998797
AXISBANK,2018-09-25,598.8,619.8,589.55,614.35,17515392
AXISBANK,2018-09-26,619.0,624.35,612.05,617.45,8725133
AXISBANK,2018-09-27,617.35,619.75,597.0,600.15,9683836
AXISBANK,2018-09-28,598.5,619.8,594.05,613.25,16754620
AXISBANK,2018-10-01,615.1,617.5,572.5,593.45,20117451
AXISBANK,2018-10-03,592.6,592.6,569.1,572.25,18385327
AXISBANK,2018-10-04,565.0,590.55,553.8,586.25,16877024
AXISBANK,2018-10-05,586.0,590.5,565.0,568.5,9860010
AXISBANK,2018-10-08,570.0,574.5,546.1,556.55,12918017
AXISBANK,2018-10-09,561.9,563.9,549.15,552.85,8053297
AXISBANK,2018-10-10,553.95,590.8,552.85,589.2,13695001
AXISBANK,2018-10-11,555.0,585.8,550.1,580.85,11223315
AXISBANK,2018-10-12,589.65,602.25,580.75,584.9,10689006
AXISBANK,2018-10-15,585.0,585.0,569.45,576.55,5065325
AXISBANK,2018-10-16,577.75,594.35,570.25,588.85,13083651
AXISBANK,2018-10-17,594.75,598.8,566.6,576.05,9609195
AXISBANK,2018-10-19,570.4,576.55,554.55,562.55,12664549
AXISBANK,2018-10-22,567.95,572.0,558.2,562.05,10235243
AXISBANK,2018-10-23,557.0,571.4,553.5,562.75,9513054
AXISBANK,2018-10-24,574.5,576.95,557.25,564.1,9759225
AXISBANK,2018-10-25,558.0,564.7,552.45,561.05,13041860
AXISBANK,2018-10-26,562.0,564.0,534.55,537.7,9229395
AXISBANK,2018-10-29,541.35,577.0,538.55,566.7,15917739
AXISBANK,2018-10-30,564.85,571.75,559.0,562.7,8522604
AXISBANK,2018-10-31,568.3,586.0,558.0,582.4,12135088
AXISBANK,2018-11-01,582.05,608.05,582.05,602.15,16048865
AXISBANK,2018-11-02,612.45,617.9,605.1,610.65,12488669
AXISBANK,2018-11-05,628.9,633.0,617.2,624.4,24201213
AXISBANK,2018-11-06,626.0,628.1,600.05,607.45,15354794
AXISBANK,2018-11-09,609.0,623.8,601.0,613.2,13927467
AXISBANK,2018-11-12,612.55,618.5,604.8,606.55,7073703
AXISBANK,2018-11-13,606.45,620.75,604.05,618.3,8938939
AXISBANK,2018-11-14,622.25,623.3,608.8,612.7,9840254
AXISBANK,2018-11-15,613.25,632.5,610.75,626.1,11005288
AXISBANK,2018-11-16,626.6,636.7,616.55,619.8,12204545
AXISBANK,2018-11-19,619.8,620.3,608.6,616.3,9046876
AXISBANK,2018-11-20,614.7,619.6,609.55,612.65,6658508
AXISBANK,2018-11-21,610.9,628.65,610.2,626.85,7842430
AXISBANK,2018-11-22,625.8,629.4,612.1,614.55,6946666
AXISBANK,2018-11-26,618.65,634.75,616.5,631.05,9528169
AXISBANK,2018-11-27,629.9,638.7,623.0,625.25,11251342
AXISBANK,2018-11-28,630.0,631.8,622.5,627.95,9035388
AXISBANK,2018-11-29,632.0,636.2,621.5,631.4,19643832
AXISBANK,2018-11-30,633.0,635.25,624.0,625.75,8984998
AXISBANK,2018-12-03,632.0,633.0,621.6,624.8,5914250
AXISBANK,2018-12-04,624.95,627.55,618.6,623.25,8382005
AXISBANK,2018-12-05,620.9,623.95,613.4,614.95,9728083
AXISBANK,2018-12-06,610.25,613.85,598.25,600.05,7519849
AXISBANK,2018-12-07,602.4,609.5,592.35,603.95,12262327
AXISBANK,2018-12-10,595.0,601.5,585.3,590.3,11643401
AXISBANK,2018-12-11,581.0,616.65,580.5,604.25,16429956
AXISBANK,2018-12-12,604.75,622.0,603.0,619.95,7232578
AXISBANK,2018-12-13,624.8,625.9,616.15,619.1,7419355
AXISBANK,2018-12-14,619.1,623.0,611.3,620.25,4165047
AXISBANK,2018-12-17,622.55,624.5,616.15,617.15,4843342
AXISBANK,2018-12-18,617.65,621.8,613.85,619.4,8492688
AXISBANK,2018-12-19,624.25,651.65,619.15,641.65,16759139
AXISBANK,2018-12-20,636.95,646.9,629.0,632.95,11004125
AXISBANK,2018-12-21,633.3,637.85,616.65,620.85,10715457
AXISBANK,2018-12-24,626.0,627.15,613.5,615.0,6191605
AXISBANK,2018-12-26,611.0,623.65,603.45,619.5,6519211
AXISBANK,2018-12-27,623.55,626.0,615.6,617.55,12304812
AXISBANK,2018-12-28,623.9,628.0,620.0,625.05,6372911
AXISBANK,2018-12-31,630.4,631.95,618.8,619.9,6030093
AXISBANK,2019-01-01,621.9,630.2,621.9,627.3,12179223
AXISBANK,2019-01-02,623.0,628.5,617.5,620.05,12386281
AXISBANK,2019-01-03,621.4,622.0,603.65,607.95,13228602
AXISBANK,2019-01-04,612.0,624.75,609.5,619.6,8381367
AXISBANK,2019-01-07,626.0,640.7,624.2,637.45,11735286
AXISBANK,2019-01-08,636.0,653.75,630.6,650.9,11879875
AXISBANK,2019-01-09,652.35,672.05,652.35,670.1,18003387
AXISBANK,2019-01-10,668.9,668.9,654.6,663.25,12751327
AXISBANK,2019-01-11,665.0,668.5,658.2,666.5,8330315
AXISBANK,2019-01-14,663.0,663.0,652.55,659.2,6856244
AXISBANK,2019-01-15,661.3,664.25,655.05,660.6,5467484
AXISBANK,2019-01-16,660.7,670.4,660.7,664.0,6598151
AXISBANK,2019-01-17,669.9,680.0,665.6,676.65,10448209
AXISBANK,2019-01-18,674.9,676.05,661.45,664.6,7037386
AXISBANK,2019-01-21,661.55,664.5,656.5,660.3,6157956
AXISBANK,2019-01-22,656.35,663.6,653.85,661.6,7951640
AXISBANK,2019-01-23,659.5,667.0,658.6,661.6,7596006
AXISBANK,2019-01-24,665.0,665.55,655.0,663.65,7013582
AXISBANK,2019-01-25,665.2,676.85,665.2,669.75,6628922
AXISBANK,2019-01-28,669.0,674.45,650.35,656.3,7792690
AXISBANK,2019-01-29,658.5,671.0,649.55,660.75,8302420
AXISBANK,2019-01-30,687.05,703.35,683.75,690.95,46912230
AXISBANK,2019-01-31,697.25,726.85,689.05,722.7,35239544
AXISBANK,2019-02-01,720.75,726.4,705.4,717.25,13792059
AXISBANK,2019-02-04,711.3,724.5,708.0,720.5,8195956
AXISBANK,2019-02-05,722.0,731.6,719.5,729.5,8665426
AXISBANK,2019-02-06,731.3,734.5,715.6,725.75,8077340
AXISBANK,2019-02-07,726.25,733.8,724.0,730.15,7203465
AXISBANK,2019-02-08,727.0,732.8,716.25,719.4,7341956
AXISBANK,2019-02-11,719.9,719.9,705.3,710.85,7234953
AXISBANK,2019-02-12,701.0,713.4,700.0,705.6,15856819
AXISBANK,2019-02-13,700.0,707.45,695.05,697.5,11399689
AXISBANK,2019-02-14,706.0,706.4,692.6,695.0,10383603
AXISBANK,2019-02-15,700.0,704.0,681.7,686.6,10866440
AXISBANK,2019-02-18,686.0,697.7,680.7,693.3,7135564
AXISBANK,2019-02-19,693.3,705.4,689.65,693.05,6816325
AXISBANK,2019-02-20,697.6,703.0,695.3,700.35,5772687
AXISBANK,2019-02-21,700.5,706.5,695.1,697.2,6674353
AXISBANK,2019-02-22,697.45,704.45,691.2,702.05,9822278
AXISBANK,2019-02-25,702.9,705.8,696.1,703.7,11428024
AXISBANK,2019-02-26,694.0,715.6,693.05,710.15,9166951
AXISBANK,2019-02-27,714.95,727.8,713.05,718.2,13284424
AXISBANK,2019-02-28,723.45,723.45,706.4,709.55,26230891
AXISBANK,2019-03-01,713.5,714.95,699.55,702.4,7713824
AXISBANK,2019-03-05,705.7,733.9,700.7,732.05,11298428
AXISBANK,2019-03-06,733.9,733.9,712.55,720.6,10510670
AXISBANK,2019-03-07,720.75,739.45,720.75,733.75,11263734
AXISBANK,2019-03-08,732.0,737.25,728.4,733.4,7744794
AXISBANK,2019-03-11,733.3,744.9,730.6,734.5,9421608
AXISBANK,2019-03-12,738.7,749.0,738.55,742.55,8131901
AXISBANK,2019-03-13,743.6,751.0,736.5,738.0,12333789
AXISBANK,2019-03-14,740.0,749.7,737.4,740.6,7100875
AXISBANK,2019-03-15,742.95,748.95,731.7,735.1,14560368
AXISBANK,2019-03-18,741.0,756.0,740.25,751.6,9823043
AXISBANK,2019-03-19,755.0,763.0,749.05,760.9,8818172
AXISBANK,2019-03-20,760.75,767.0,754.35,755.75,9758274
AXISBANK,2019-03-22,764.7,765.9,735.55,757.05,10355078
AXISBANK,2019-03-25,752.7,755.0,741.15,745.7,7130411
AXISBANK,2019-03-26,747.4,760.95,741.65,757.1,7300104
AXISBANK,2019-03-27,761.3,770.0,755.85,759.3,7456768
AXISBANK,2019-03-28,761.1,787.65,757.15,780.7,16643818
AXISBANK,2019-03-29,777.0,781.35,767.6,777.25,9661906
AXISBANK,2019-04-01,780.95,783.0,760.6,765.6,6021202
AXISBANK,2019-04-02,769.15,774.95,761.0,767.4,6592678
AXISBANK,2019-04-03,770.0,772.75,758.7,761.5,5591613
AXISBANK,2019-04-04,763.0,771.9,760.0,762.15,7009879
AXISBANK,2019-04-05,763.95,768.75,756.1,762.2,5343947
AXISBANK,2019-04-08,764.3,768.0,748.55,754.6,4918795
AXISBANK,2019-04-09,755.0,766.0,751.0,763.4,5483424
AXISBANK,2019-04-10,761.25,767.9,758.0,760.85,5933250
AXISBANK,2019-04-11,760.5,761.35,747.0,752.3,5365803
AXISBANK,2019-04-12,753.4,766.75,751.6,764.35,4671869
AXISBANK,2019-04-15,764.0,770.2,760.0,762.85,3707106
AXISBANK,2019-04-16,765.1,776.0,765.1,771.1,7088601
AXISBANK,2019-04-18,778.4,779.0,769.0,771.2,6098041
AXISBANK,2019-04-22,768.9,768.9,750.55,755.5,4185156
AXISBANK,2019-04-23,757.45,759.3,749.0,753.25,5098170
AXISBANK,2019-04-24,754.7,755.7,738.35,752.85,7825049
AXISBANK,2019-04-25,754.0,758.55,738.55,740.9,10282068
AXISBANK,2019-04-26,762.0,765.15,747.25,759.9,23294204
AXISBANK,2019-04-30,759.95,769.7,755.8,766.85,12434805
AXISBANK,2019-05-02,765.4,767.8,748.05,752.35,7033021
AXISBANK,2019-05-03,754.15,763.8,753.45,757.3,5970814
AXISBANK,2019-05-06,746.0,753.4,744.1,747.45,5909936
AXISBANK,2019-05-07,751.85,755.5,740.0,741.85,5071941
AXISBANK,2019-05-08,741.9,744.75,733.35,735.5,6739894
AXISBANK,2019-05-09,733.9,740.5,729.4,731.0,4193451
AXISBANK,2019-05-10,734.4,738.5,729.5,735.05,3913815
AXISBANK,2019-05-13,734.0,742.85,730.0,732.1,5891071
AXISBANK,2019-05-14,729.4,738.5,722.5,731.35,7049134
AXISBANK,2019-05-15,735.8,737.7,716.1,721.95,4849130
AXISBANK,2019-05-16,720.95,735.0,718.7,731.85,5142617
AXISBANK,2019-05-17,731.8,752.15,727.2,748.95,9072242
AXISBANK,2019-05-20,760.2,790.65,760.2,782.4,15866697
AXISBANK,2019-05-21,789.7,791.8,771.05,772.95,9251548
AXISBANK,2019-05-22,774.8,784.0,770.2,779.15,5928186
AXISBANK,2019-05-23,788.0,804.3,770.6,776.4,14776218
AXISBANK,2019-05-24,779.45,795.9,778.5,793.2,9323114
AXISBANK,2019-05-27,794.0,816.4,787.2,813.9,9128216
AXISBANK,2019-05-28,816.3,822.1,801.0,808.4,13473187
AXISBANK,2019-05-29,806.75,813.0,802.1,804.7,5958128
AXISBANK,2019-05-30,803.25,814.2,803.25,807.55,6414384
AXISBANK,2019-05-31,811.0,818.7,793.2,808.3,11140585
AXISBANK,2019-06-03,813.55,814.65,803.1,812.65,6427567
AXISBANK,2019-06-04,807.55,827.75,805.5,822.8,9515354
AXISBANK,2019-06-06,824.0,825.95,805.8,807.7,14728937
AXISBANK,2019-06-07,811.1,813.25,801.3,804.0,6884094
AXISBANK,2019-06-10,807.4,816.75,807.4,814.15,5923875
AXISBANK,2019-06-11,817.15,821.45,807.0,814.8,5471529
AXISBANK,2019-06-12,814.05,815.75,809.1,813.55,4707478
AXISBANK,2019-06-13,811.25,823.4,810.75,820.15,9056584
AXISBANK,2019-06-14,820.1,823.1,797.45,801.2,8919370
AXISBANK,2019-06-17,800.1,801.0,775.1,777.7,10151212
AXISBANK,2019-06-18,781.95,784.85,770.1,775.75,8347632
AXISBANK,2019-06-19,780.8,789.0,763.35,770.7,6411258
AXISBANK,2019-06-20,772.0,775.45,758.85,771.4,9190732
AXISBANK,2019-06-21,774.75,778.25,762.8,771.05,12610688
AXISBANK,2019-06-24,771.0,775.25,761.0,762.85,4866859
AXISBANK,2019-06-25,761.25,783.0,756.55,781.65,10044436
AXISBANK,2019-06-26,782.9,792.0,781.7,788.6,8715757
AXISBANK,2019-06-27,788.95,806.85,781.6,800.45,18439210
AXISBANK,2019-06-28,801.15,812.9,793.3,808.55,9174348
AXISBANK,2019-07-01,810.75,819.0,807.45,810.45,5896530
AXISBANK,2019-07-02,811.1,812.55,800.75,802.6,7549027
AXISBANK,2019-07-03,802.65,811.5,801.5,806.2,5535230
AXISBANK,2019-07-04,810.0,813.2,804.3,808.85,5553273
AXISBANK,2019-07-05,808.0,812.95,801.3,806.1,5871202
AXISBANK,2019-07-08,802.0,803.65,778.65,782.9,7485169
AXISBANK,2019-07-09,778.5,788.8,776.4,786.2,6448920
AXISBANK,2019-07-10,786.65,790.0,764.55,769.25,5814417
AXISBANK,2019-07-11,773.5,773.5,763.0,766.4,7111401
AXISBANK,2019-07-12,766.1,768.6,751.0,755.8,8552548
AXISBANK,2019-07-15,757.25,759.65,744.0,749.75,6350785
AXISBANK,2019-07-16,750.0,763.2,747.55,761.05,6170479
AXISBANK,2019-07-17,763.1,765.55,750.05,752.6,5757193
AXISBANK,2019-07-18,754.0,755.0,734.6,740.4,11283488
AXISBANK,2019-07-19,743.55,746.8,723.3,729.25,8091007
AXISBANK,2019-07-22,730.0,738.5,720.0,727.45,7020071
AXISBANK,2019-07-23,732.9,739.3,726.1,728.0,7048354
AXISBANK,2019-07-24,728.0,732.8,709.35,712.3,6618279
AXISBANK,2019-07-25,711.2,726.25,706.35,723.15,9972204
AXISBANK,2019-07-26,723.55,732.0,719.2,729.85,5450010
AXISBANK,2019-07-29,736.2,740.0,710.0,720.25,10314136
AXISBANK,2019-07-30,725.95,728.0,701.0,707.6,14100900
AXISBANK,2019-07-31,694.0,694.9,657.8,674.1,55836793
AXISBANK,2019-08-01,673.95,680.75,662.65,669.3,17001210
AXISBANK,2019-08-02,667.4,681.65,661.6,673.85,14426295
AXISBANK,2019-08-05,665.5,669.35,650.2,662.45,13042504
AXISBANK,2019-08-06,658.7,682.85,654.0,679.0,12419831
AXISBANK,2019-08-07,679.0,679.5,654.25,659.95,10486156
AXISBANK,2019-08-08,660.6,664.3,643.2,660.1,17563795
AXISBANK,2019-08-09,664.2,675.95,660.0,660.8,9289628
AXISBANK,2019-08-13,662.2,668.7,645.0,649.45,7389394
AXISBANK,2019-08-14,652.8,669.45,652.0,663.2,7148518
AXISBANK,2019-08-16,664.0,678.0,656.85,675.65,7040117
AXISBANK,2019-08-19,678.8,689.0,676.35,685.0,9082914
AXISBANK,2019-08-20,685.15,685.2,669.5,672.35,7602499
AXISBANK,2019-08-21,674.0,674.15,659.65,664.7,7892687
AXISBANK,2019-08-22,665.0,669.85,657.75,661.15,9262172
AXISBANK,2019-08-23,659.75,671.55,645.25,663.9,7775604
AXISBANK,2019-08-26,677.25,686.65,660.55,683.7,8864341
AXISBANK,2019-08-27,697.0,697.55,680.5,682.95,12015623
AXISBANK,2019-08-28,685.1,689.35,673.5,678.2,5677087
AXISBANK,2019-08-29,674.0,676.75,658.9,661.15,8753540
AXISBANK,2019-08-30,664.9,668.6,640.1,663.9,17115901
AXISBANK,2019-09-03,658.8,658.8,641.45,645.7,8461431
AXISBANK,2019-09-04,644.2,653.0,638.6,647.3,10786466
AXISBANK,2019-09-05,652.0,659.75,644.05,649.6,8108303
AXISBANK,2019-09-06,653.1,672.75,653.1,671.1,11101456
AXISBANK,2019-09-09,667.65,675.8,662.75,671.55,5607331
AXISBANK,2019-09-11,674.55,683.5,671.0,681.7,5966906
AXISBANK,2019-09-12,680.1,681.65,660.55,662.9,8087081
AXISBANK,2019-09-13,663.55,675.4,657.05,674.25,12105997
AXISBANK,2019-09-16,666.6,674.4,664.95,670.9,7659588
AXISBANK,2019-09-17,667.0,668.3,638.05,640.45,17297040
AXISBANK,2019-09-18,645.5,654.5,641.55,648.4,9702162
AXISBANK,2019-09-19,648.2,650.0,632.6,638.2,9554331
AXISBANK,2019-09-20,641.05,689.45,622.65,680.35,38862975
AXISBANK,2019-09-23,703.9,732.0,695.85,725.5,31417887
AXISBANK,2019-09-24,728.25,733.25,702.25,704.4,15683656
AXISBANK,2019-09-25,702.0,703.45,683.65,694.95,17058681
AXISBANK,2019-09-26,686.6,719.65,686.55,699.9,15007372
AXISBANK,2019-09-27,700.2,707.95,692.5,700.6,10245068
AXISBANK,2019-09-30,704.05,712.4,682.1,685.0,20073726
AXISBANK,2019-10-01,687.1,701.25,656.25,679.15,49442205
AXISBANK,2019-10-03,675.0,675.9,646.7,668.4,17615854
AXISBANK,2019-10-04,669.9,677.4,651.4,656.4,15317105
AXISBANK,2019-10-07,660.95,681.9,651.7,673.45,21554138
AXISBANK,2019-10-09,671.9,689.5,664.3,686.3,11537721
AXISBANK,2019-10-10,680.0,684.3,665.35,672.95,8679981
AXISBANK,2019-10-11,676.55,686.0,668.3,672.7,11042828
AXISBANK,2019-10-14,677.8,693.95,673.35,683.5,11099352
AXISBANK,2019-10-15,682.6,694.85,681.3,690.05,9260732
AXISBANK,2019-10-16,693.4,695.4,683.55,693.4,10404705
AXISBANK,2019-10-17,690.5,712.4,690.5,710.3,10617761
AXISBANK,2019-10-18,709.85,715.7,705.25,709.55,9500635
AXISBANK,2019-10-22,712.4,723.0,703.3,712.75,9704016
AXISBANK,2019-10-23,718.0,730.0,710.05,714.85,16158781
AXISBANK,2019-10-24,719.95,723.0,701.55,707.7,8986203
AXISBANK,2019-10-25,708.0,711.0,695.0,708.6,8226456
AXISBANK,2019-10-27,711.0,715.05,708.55,710.1,965772
AXISBANK,2019-10-29,706.5,742.9,704.25,738.45,10422117
AXISBANK,2019-10-30,745.0,749.9,735.5,747.4,10188947
AXISBANK,2019-10-31,748.0,750.0,732.05,736.35,8775411
AXISBANK,2019-11-01,736.0,750.0,728.1,748.3,8484197
AXISBANK,2019-11-04,754.95,754.95,735.55,742.6,7851370
AXISBANK,2019-11-05,741.8,745.6,730.6,738.05,7306253
AXISBANK,2019-11-06,736.95,750.9,728.75,747.25,7821243
AXISBANK,2019-11-07,750.0,756.0,732.5,734.75,9871570
AXISBANK,2019-11-08,735.9,735.9,722.8,725.5,7427196
AXISBANK,2019-11-11,723.4,735.5,721.2,733.7,6355142
AXISBANK,2019-11-13,733.7,737.4,707.85,711.2,9290616
AXISBANK,2019-11-14,711.0,721.8,707.25,715.9,8000528
AXISBANK,2019-11-15,716.75,723.5,710.6,716.9,9315652
AXISBANK,2019-11-18,717.8,725.5,712.2,722.95,7907958
AXISBANK,2019-11-19,725.0,750.2,725.0,747.8,14424251
AXISBANK,2019-11-20,748.0,753.85,741.25,748.75,8798051
AXISBANK,2019-11-21,749.0,749.0,734.3,737.4,5529542
AXISBANK,2019-11-22,737.4,740.0,727.5,732.1,4889776
AXISBANK,2019-11-25,731.95,756.8,730.0,754.75,6888402
AXISBANK,2019-11-26,756.8,762.0,744.0,752.25,14624880
AXISBANK,2019-11-27,755.0,763.75,748.4,752.9,8436862
AXISBANK,2019-11-28,752.3,755.65,745.75,750.6,9235443
AXISBANK,2019-11-29,749.9,756.35,736.5,739.05,12674173
AXISBANK,2019-12-02,739.25,746.0,737.35,744.3,8285491
AXISBANK,2019-12-03,744.95,744.95,730.65,733.4,5408215
AXISBANK,2019-12-04,732.85,747.0,729.3,739.85,8016237
AXISBANK,2019-12-05,743.0,745.0,725.3,729.25,8151690
AXISBANK,2019-12-06,732.8,735.25,715.0,717.6,7458610
AXISBANK,2019-12-09,713.45,733.9,710.0,732.0,8977174
AXISBANK,2019-12-10,731.0,734.8,714.0,715.7,7625748
AXISBANK,2019-12-11,711.5,722.4,709.05,716.55,8266375
AXISBANK,2019-12-12,719.0,725.3,715.15,722.1,5519774
AXISBANK,2019-12-13,725.6,754.85,725.0,752.0,14834140
AXISBANK,2019-12-16,752.25,754.7,746.2,747.25,7286003
AXISBANK,2019-12-17,747.6,756.5,741.35,745.65,9788065
AXISBANK,2019-12-18,745.8,748.55,737.6,741.85,6678420
AXISBANK,2019-12-19,743.1,750.0,740.65,742.55,8400708
AXISBANK,2019-12-20,744.7,747.0,737.3,739.85,7019925
AXISBANK,2019-12-23,736.9,748.6,735.0,743.15,10250382
AXISBANK,2019-12-24,744.5,744.7,737.8,740.65,3642916
AXISBANK,2019-12-26,737.5,740.65,733.9,736.5,7919368
AXISBANK,2019-12-27,739.0,762.0,736.3,760.15,10736285
AXISBANK,2019-12-30,760.9,765.75,751.05,754.1,10034206
AXISBANK,2019-12-31,753.85,765.85,751.4,754.1,11660781
AXISBANK,2020-01-01,754.9,759.95,747.2,748.7,4917748
AXISBANK,2020-01-02,750.0,759.0,747.6,756.95,5156046
AXISBANK,2020-01-03,753.15,756.25,740.5,742.95,8489729
AXISBANK,2020-01-06,739.45,739.6,721.7,723.25,6356198
AXISBANK,2020-01-07,728.0,738.0,721.05,725.75,9103360
AXISBANK,2020-01-08,715.25,725.75,709.1,724.5,8973215
AXISBANK,2020-01-09,733.55,745.0,731.0,742.85,7559853
AXISBANK,2020-01-10,743.0,751.8,734.8,740.05,8550490
AXISBANK,2020-01-13,740.0,746.75,735.35,737.4,6423758
AXISBANK,2020-01-14,740.0,751.4,734.2,747.9,7237665
AXISBANK,2020-01-15,747.05,749.0,738.0,746.3,7911661
AXISBANK,2020-01-16,746.5,750.4,735.1,737.3,6487613
AXISBANK,2020-01-17,734.85,742.45,730.85,739.9,7678864
AXISBANK,2020-01-20,742.95,746.2,725.0,727.2,10677371
AXISBANK,2020-01-21,726.35,729.6,716.05,717.6,8242803
AXISBANK,2020-01-22,717.0,722.75,706.6,712.6,13321307
AXISBANK,2020-01-23,725.05,737.55,719.4,723.0,20643257
AXISBANK,2020-01-24,723.4,741.7,720.4,737.4,9541490
AXISBANK,2020-01-27,732.45,748.45,731.0,740.25,9170435
AXISBANK,2020-01-28,738.4,746.5,735.0,737.15,7836737
AXISBANK,2020-01-29,740.0,745.5,733.55,735.25,7985274
AXISBANK,2020-01-30,735.75,736.4,727.3,730.9,6041343
AXISBANK,2020-01-31,734.7,737.25,725.2,729.3,8345819
AXISBANK,2020-02-01,728.55,734.35,702.0,705.45,7341770
AXISBANK,2020-02-03,704.7,712.8,695.55,708.95,11594991
AXISBANK,2020-02-04,712.45,720.6,710.0,715.0,9653925
AXISBANK,2020-02-05,719.45,725.65,715.2,724.05,7975101
AXISBANK,2020-02-06,727.45,745.0,723.0,736.95,9627252
AXISBANK,2020-02-07,736.7,749.2,734.0,748.15,8438354
AXISBANK,2020-02-10,746.3,746.8,739.0,741.1,4713339
AXISBANK,2020-02-11,743.0,757.1,742.0,749.95,7845657
AXISBANK,2020-02-12,752.0,760.7,751.0,755.25,6190440
AXISBANK,2020-02-13,751.1,753.45,742.3,747.8,5031706
AXISBANK,2020-02-14,748.1,752.55,732.1,736.5,6155000
AXISBANK,2020-02-17,737.4,743.1,730.2,738.4,4275465
AXISBANK,2020-02-18,737.75,737.75,724.7,733.65,5215502
AXISBANK,2020-02-19,740.65,745.1,735.35,741.05,4372673
AXISBANK,2020-02-20,742.75,754.0,737.6,744.3,7529403
AXISBANK,2020-02-24,737.95,738.4,723.0,725.45,6589087
AXISBANK,2020-02-25,729.4,732.0,722.05,728.75,5419596
AXISBANK,2020-02-26,725.3,735.75,722.0,729.4,7136975
AXISBANK,2020-02-27,728.7,739.45,716.55,735.85,8867328
AXISBANK,2020-02-28,718.9,724.7,691.0,697.3,16428944
AXISBANK,2020-03-02,709.3,713.25,675.3,684.2,13854352
AXISBANK,2020-03-03,689.9,695.8,675.0,687.15,11198145
AXISBANK,2020-03-04,690.0,696.0,668.3,682.2,14802724
AXISBANK,2020-03-05,686.5,694.0,675.25,677.9,10508008
AXISBANK,2020-03-06,650.0,660.8,641.05,657.65,12969235
AXISBANK,2020-03-09,639.0,641.85,615.1,623.55,14336439
AXISBANK,2020-03-11,613.65,634.4,612.1,619.35,11021533
AXISBANK,2020-03-12,592.0,594.0,528.15,543.25,29369628
AXISBANK,2020-03-13,516.95,585.65,451.1,568.8,25599380
AXISBANK,2020-03-16,542.35,545.0,502.35,508.6,21543626
AXISBANK,2020-03-17,515.15,531.3,477.45,488.35,20594426
AXISBANK,2020-03-18,490.0,506.05,392.1,473.45,36268578
AXISBANK,2020-03-19,441.05,464.95,423.75,428.25,33244422
AXISBANK,2020-03-20,431.4,449.7,414.2,428.15,30764380
AXISBANK,2020-03-23,385.35,392.0,302.0,308.65,37622791
AXISBANK,2020-03-24,331.95,337.5,291.0,303.15,50683611
AXISBANK,2020-03-25,293.5,363.75,286.0,326.8,51994332
AXISBANK,2020-03-26,335.95,399.0,332.0,341.4,62971676
AXISBANK,2020-03-27,370.0,409.45,354.05,359.75,71043359
AXISBANK,2020-03-30,345.0,382.0,340.35,368.15,61772934
AXISBANK,2020-03-31,384.4,389.8,372.65,379.0,34637418
AXISBANK,2020-04-01,376.25,379.8,354.0,358.65,27745001
AXISBANK,2020-04-03,360.2,362.3,324.0,325.45,41317685
AXISBANK,2020-04-07,347.4,405.75,342.35,388.85,48093870
AXISBANK,2020-04-08,383.75,427.7,373.5,391.35,64930772
AXISBANK,2020-04-09,405.0,423.0,398.65,420.15,44090829
AXISBANK,2020-04-13,417.95,427.9,402.0,418.95,33432493
AXISBANK,2020-04-15,434.0,451.65,412.45,417.3,48315084
AXISBANK,2020-04-16,408.6,427.0,400.7,422.55,42344581
AXISBANK,2020-04-17,450.0,485.9,432.4,478.8,47831855
AXISBANK,2020-04-20,482.0,483.45,451.25,455.95,42163860
AXISBANK,2020-04-21,436.0,439.95,412.95,420.65,33572228
AXISBANK,2020-04-22,418.55,434.55,412.0,431.15,36619626
AXISBANK,2020-04-23,434.6,439.85,426.05,430.05,29418033
AXISBANK,2020-04-24,416.0,419.65,401.25,403.95,35773432
AXISBANK,2020-04-27,415.0,429.5,409.1,427.3,35987021
AXISBANK,2020-04-28,438.0,458.4,435.25,455.45,43938651
AXISBANK,2020-04-29,430.75,448.85,425.95,439.1,61500039
AXISBANK,2020-04-30,451.0,461.9,440.4,444.9,40383418
AXISBANK,2020-05-04,424.0,424.0,399.7,402.8,37854079
AXISBANK,2020-05-05,414.0,418.75,386.5,389.0,50982763
AXISBANK,2020-05-06,385.0,394.45,368.05,388.85,67511657
AXISBANK,2020-05-07,387.0,402.25,382.7,397.35,41339427
AXISBANK,2020-05-08,403.5,409.45,379.65,382.05,33506610
AXISBANK,2020-05-11,391.0,393.5,376.85,379.55,30143521
AXISBANK,2020-05-12,376.3,391.8,370.0,386.85,38411667
AXISBANK,2020-05-13,411.0,416.45,399.6,414.0,48206377
AXISBANK,2020-05-14,405.05,411.0,397.65,401.95,31604457
AXISBANK,2020-05-15,402.75,403.9,386.8,388.55,25435045
AXISBANK,2020-05-18,389.0,389.0,352.3,358.8,47864793
AXISBANK,2020-05-19,368.8,372.5,350.1,354.5,42889862
AXISBANK,2020-05-20,353.0,366.3,350.0,362.5,30722038
AXISBANK,2020-05-21,363.0,369.0,355.7,357.2,24794934
AXISBANK,2020-05-22,352.1,359.75,332.85,336.95,48368474
AXISBANK,2020-05-26,342.0,347.7,336.35,341.3,30693404
AXISBANK,2020-05-27,346.1,392.45,341.5,387.0,72445794
AXISBANK,2020-05-28,390.0,407.65,387.0,390.95,72694994
AXISBANK,2020-05-29,382.0,389.25,375.35,384.95,51056884
AXISBANK,2020-06-01,394.3,409.5,392.55,396.95,44253432
AXISBANK,2020-06-02,398.0,415.0,391.55,410.1,37509637
AXISBANK,2020-06-03,422.0,432.0,405.25,409.55,49057169
AXISBANK,2020-06-04,407.6,413.9,391.55,394.35,45553928
AXISBANK,2020-06-05,399.0,409.9,390.5,405.3,39004703
AXISBANK,2020-06-08,415.0,444.75,414.0,430.25,60387850
AXISBANK,2020-06-09,434.95,442.5,416.5,420.05,46274196
AXISBANK,2020-06-10,422.2,432.7,415.3,427.45,36163767
AXISBANK,2020-06-11,426.5,435.55,408.7,413.45,45563053
AXISBANK,2020-06-12,390.0,412.5,389.15,408.0,47814513
AXISBANK,2020-06-15,405.95,405.95,383.65,389.6,39578304
AXISBANK,2020-06-16,404.9,405.0,360.4,381.55,96190274
AXISBANK,2020-06-17,377.45,397.75,375.3,389.6,56950626
AXISBANK,2020-06-18,386.0,408.05,384.0,405.4,43774453
AXISBANK,2020-06-19,407.5,422.3,407.5,417.05,52085893
AXISBANK,2020-06-22,420.0,435.9,418.1,430.15,40454158
AXISBANK,2020-06-23,430.5,445.0,430.4,443.65,30757921
AXISBANK,2020-06-24,448.0,448.5,422.2,424.65,33577340
AXISBANK,2020-06-25,419.0,428.7,410.35,421.7,49854504
AXISBANK,2020-06-26,426.0,428.75,418.0,424.85,32611425
AXISBANK,2020-06-29,415.0,415.8,402.35,404.8,36320111
AXISBANK,2020-06-30,410.0,414.8,404.05,406.65,26951992
AXISBANK,2020-07-01,410.0,437.35,406.65,433.25,53380997
AXISBANK,2020-07-02,441.0,441.5,421.3,423.2,50362840
AXISBANK,2020-07-03,430.0,431.6,423.65,428.45,31044470
AXISBANK,2020-07-06,434.15,437.6,431.1,434.0,18425359
AXISBANK,2020-07-07,433.5,449.0,426.2,447.35,37991906
AXISBANK,2020-07-08,450.0,461.4,441.0,444.15,45878605
AXISBANK,2020-07-09,447.85,457.0,446.05,453.75,29162682
AXISBANK,2020-07-10,449.9,451.45,437.0,439.6,25676461
AXISBANK,2020-07-13,443.95,446.4,432.75,440.05,21326996
AXISBANK,2020-07-14,434.9,435.8,415.4,417.7,25686686
AXISBANK,2020-07-15,424.0,444.45,422.75,426.65,43250557
AXISBANK,2020-07-16,431.95,436.15,418.45,434.0,30183798
AXISBANK,2020-07-17,434.0,439.9,424.6,433.1,33465094
AXISBANK,2020-07-20,437.7,442.8,429.3,434.0,30400830
AXISBANK,2020-07-21,440.0,451.0,438.5,446.2,43147781
AXISBANK,2020-07-22,478.0,484.6,460.1,478.95,89612153
AXISBANK,2020-07-23,472.95,474.75,459.2,460.85,40250274
AXISBANK,2020-07-24,456.6,456.6,441.55,445.6,30567381
AXISBANK,2020-07-27,447.0,448.0,429.9,431.55,21924614
AXISBANK,2020-07-28,434.0,440.0,424.4,437.05,33057789
AXISBANK,2020-07-29,435.75,447.0,434.3,440.9,24404909
AXISBANK,2020-07-30,441.9,445.9,424.75,425.85,26862223
AXISBANK,2020-07-31,429.0,434.45,421.3,431.65,27499643
AXISBANK,2020-08-03,431.6,431.9,415.7,417.35,23824147
AXISBANK,2020-08-04,421.85,431.2,417.35,429.15,24748403
AXISBANK,2020-08-05,439.0,446.85,433.15,434.95,36936666
AXISBANK,2020-08-06,436.0,438.3,427.1,433.0,33465332
AXISBANK,2020-08-07,431.45,437.0,427.15,433.3,15570556
AXISBANK,2020-08-10,434.0,437.0,429.3,431.1,14888275
AXISBANK,2020-08-11,435.3,449.9,435.3,448.0,30469680
AXISBANK,2020-08-12,444.8,452.75,438.95,451.1,23184443
AXISBANK,2020-08-13,454.1,456.75,445.35,448.1,21885898
AXISBANK,2020-08-14,451.5,451.5,425.6,435.85,36726464
AXISBANK,2020-08-17,439.1,441.0,425.35,438.15,30198451
AXISBANK,2020-08-18,439.5,447.25,435.3,445.8,21768573
AXISBANK,2020-08-19,446.0,451.95,442.45,444.2,18133177
AXISBANK,2020-08-20,437.9,441.3,433.25,434.95,16689591
AXISBANK,2020-08-21,440.0,444.85,436.25,440.45,25088216
AXISBANK,2020-08-24,444.0,449.45,442.3,445.8,18197925
AXISBANK,2020-08-25,450.95,456.4,447.1,451.8,26273650
AXISBANK,2020-08-26,452.0,464.8,449.0,463.35,25914927
AXISBANK,2020-08-27,464.0,474.5,464.0,473.05,19544322
AXISBANK,2020-08-28,476.45,513.0,476.05,509.2,59180165
AXISBANK,2020-08-31,524.45,533.85,486.3,496.75,55830575
AXISBANK,2020-09-01,495.05,503.4,479.65,485.7,33276900
AXISBANK,2020-09-02,487.0,487.95,472.1,484.4,20750735
AXISBANK,2020-09-03,488.4,489.95,473.1,474.95,14046055
AXISBANK,2020-09-04,469.0,472.95,452.6,455.2,29405504
AXISBANK,2020-09-07,457.0,467.15,450.65,458.7,25967554
AXISBANK,2020-09-08,459.8,462.4,441.25,444.35,21052764
AXISBANK,2020-09-09,439.9,443.35,425.0,431.25,31660156
AXISBANK,2020-09-10,436.45,448.7,430.75,446.85,34435022
AXISBANK,2020-09-11,446.0,449.85,439.25,447.2,18620876
AXISBANK,2020-09-14,452.0,455.0,438.0,440.55,17624795
AXISBANK,2020-09-15,441.05,451.9,435.9,449.55,17328832
AXISBANK,2020-09-16,449.55,450.6,440.0,446.0,20019657
AXISBANK,2020-09-17,440.95,446.45,438.5,442.9,14306532
AXISBANK,2020-09-18,444.55,449.3,436.05,443.35,20809700
AXISBANK,2020-09-21,443.0,444.0,420.55,423.35,19014199
AXISBANK,2020-09-22,424.0,426.65,406.3,412.0,27558211
AXISBANK,2020-09-23,418.1,422.9,406.1,419.75,18613053
AXISBANK,2020-09-24,414.0,414.3,401.15,402.45,21177325
AXISBANK,2020-09-25,407.5,416.7,400.15,415.05,20460158
AXISBANK,2020-09-28,420.0,440.6,418.05,439.25,19389041
AXISBANK,2020-09-29,442.4,443.3,424.8,426.85,19998529
AXISBANK,2020-09-30,427.0,428.1,418.75,424.65,18485383
AXISBANK,2020-10-01,430.2,445.3,427.4,443.7,21083336
AXISBANK,2020-10-05,444.05,456.45,439.05,444.15,24252479
AXISBANK,2020-10-06,449.5,452.7,442.7,449.65,19387356
AXISBANK,2020-10-07,447.0,455.95,443.5,453.1,19873845
AXISBANK,2020-10-08,455.55,461.65,447.25,451.9,20909290
AXISBANK,2020-10-09,453.3,469.8,450.15,468.05,28049405
AXISBANK,2020-10-12,473.5,480.0,462.3,468.0,21261504
AXISBANK,2020-10-13,465.9,473.0,459.75,461.35,15582653
AXISBANK,2020-10-14,458.0,474.65,454.0,471.3,13984719
AXISBANK,2020-10-15,473.4,481.95,460.0,462.6,28987003
AXISBANK,2020-10-16,465.15,475.5,463.0,472.4,16288158
AXISBANK,2020-10-19,477.05,495.9,476.25,492.95,28131975
AXISBANK,2020-10-20,485.85,498.65,485.1,493.95,21376085
AXISBANK,2020-10-21,496.9,507.5,486.6,501.45,27029707
AXISBANK,2020-10-22,496.0,513.0,495.65,510.3,30022348
AXISBANK,2020-10-23,513.9,515.5,504.5,507.2,18810270
AXISBANK,2020-10-26,508.25,509.85,490.9,493.35,17446977
AXISBANK,2020-10-27,494.0,512.25,482.65,508.1,24240216
AXISBANK,2020-10-28,510.8,517.5,493.5,504.7,30343675
AXISBANK,2020-10-29,506.0,516.35,489.35,493.85,50934761
AXISBANK,2020-10-30,495.0,501.55,481.6,492.5,23142307
AXISBANK,2020-11-02,496.85,531.7,495.1,522.65,37597227
AXISBANK,2020-11-03,525.0,537.0,524.0,534.15,25991938
AXISBANK,2020-11-04,525.1,533.85,511.0,525.15,28905623
AXISBANK,2020-11-05,534.9,542.5,527.55,539.3,23728389
AXISBANK,2020-11-06,538.75,546.0,531.2,541.75,22256961
AXISBANK,2020-11-09,550.0,568.0,548.25,565.05,26041462
AXISBANK,2020-11-10,572.0,588.0,568.25,583.6,34935409
AXISBANK,2020-11-11,579.85,611.15,576.4,608.65,50289937
AXISBANK,2020-11-12,601.95,610.45,588.8,599.7,34244439
AXISBANK,2020-11-13,595.0,612.35,584.3,610.35,28813262
AXISBANK,2020-11-14,613.95,618.0,605.55,613.15,3211214
AXISBANK,2020-11-17,613.15,630.9,609.0,628.8,25960060
AXISBANK,2020-11-18,625.0,640.0,622.05,636.3,24928180
AXISBANK,2020-11-19,619.0,633.0,609.05,611.5,26525371
AXISBANK,2020-11-20,615.0,616.5,592.0,607.85,29556191
AXISBANK,2020-11-23,610.95,612.6,592.7,595.6,23728765
AXISBANK,2020-11-24,603.0,622.6,600.55,619.65,30742369
AXISBANK,2020-11-25,625.0,630.0,596.0,599.85,35115637
AXISBANK,2020-11-26,602.25,618.2,594.05,612.55,35476456
AXISBANK,2020-11-27,612.0,613.65,598.75,601.6,29921076
AXISBANK,2020-12-01,611.0,615.0,596.2,603.65,21285697
AXISBANK,2020-12-02,607.0,613.5,601.25,608.1,19070722
AXISBANK,2020-12-03,610.15,611.0,600.35,602.7,17746316
AXISBANK,2020-12-04,606.6,616.45,603.2,614.5,20019707
AXISBANK,2020-12-07,616.95,624.4,612.45,619.25,24658169
AXISBANK,2020-12-08,619.1,623.85,611.6,620.65,16005349
AXISBANK,2020-12-09,619.15,636.7,619.0,634.2,22000284
AXISBANK,2020-12-10,624.5,632.45,620.35,627.05,16126862
AXISBANK,2020-12-11,626.35,631.65,608.35,613.25,17950692
AXISBANK,2020-12-14,616.0,623.8,612.4,615.9,14567480
AXISBANK,2020-12-15,615.75,615.75,602.3,607.1,22311290
AXISBANK,2020-12-16,613.55,614.9,604.8,606.1,14860853
AXISBANK,2020-12-17,607.25,611.0,603.2,605.4,14598759
AXISBANK,2020-12-18,604.4,611.0,596.5,609.5,17301814
AXISBANK,2020-12-21,605.25,607.25,573.4,582.5,18580262
AXISBANK,2020-12-22,585.0,593.95,568.4,589.75,19896386
AXISBANK,2020-12-23,589.0,594.5,584.3,592.45,12247401
AXISBANK,2020-12-24,595.0,614.0,594.15,610.2,15488083
AXISBANK,2020-12-28,614.0,620.8,614.0,617.65,8444506
AXISBANK,2020-12-29,620.7,632.4,618.6,630.2,13765454
AXISBANK,2020-12-30,632.25,634.0,618.2,625.1,10262221
AXISBANK,2020-12-31,622.4,625.95,616.0,620.45,12306502
AXISBANK,2021-01-01,620.25,625.45,617.55,623.8,6047062
AXISBANK,2021-01-04,627.8,633.0,621.3,624.7,14068156
AXISBANK,2021-01-05,618.0,667.9,618.0,664.45,37973963
AXISBANK,2021-01-06,662.0,667.15,649.15,654.25,20829645
AXISBANK,2021-01-07,659.0,676.5,659.0,671.1,17887570
AXISBANK,2021-01-08,678.0,678.85,668.5,672.7,12272794
AXISBANK,2021-01-11,676.0,676.65,660.15,666.95,7928365
AXISBANK,2021-01-12,661.3,685.0,659.25,675.7,13301893
AXISBANK,2021-01-13,676.0,691.2,669.05,687.8,15645903
AXISBANK,2021-01-14,678.5,687.8,674.65,676.0,9337503
AXISBANK,2021-01-15,677.6,682.95,669.6,674.85,12339771
AXISBANK,2021-01-18,674.45,675.0,651.15,657.0,13460603
AXISBANK,2021-01-19,663.55,671.95,659.75,668.75,9010539
AXISBANK,2021-01-20,664.0,680.95,664.0,675.75,9980614
AXISBANK,2021-01-21,680.75,695.0,669.75,675.85,15849438
AXISBANK,2021-01-22,670.0,673.9,638.8,644.5,21392223
AXISBANK,2021-01-25,654.0,668.0,639.35,658.4,21325345
AXISBANK,2021-01-27,659.95,663.8,627.4,632.1,24462588
AXISBANK,2021-01-28,622.0,674.7,616.0,670.7,64303975
AXISBANK,2021-01-29,671.0,675.85,653.0,662.9,31273252
AXISBANK,2021-02-01,665.0,717.0,654.35,709.35,30648270
AXISBANK,2021-02-02,719.25,744.95,704.2,714.2,28703320
AXISBANK,2021-02-03,720.0,736.8,715.55,733.8,23541361
AXISBANK,2021-02-04,730.0,745.5,720.6,743.9,20490289
AXISBANK,2021-02-05,749.0,766.3,717.0,719.6,31121503
AXISBANK,2021-02-08,726.0,747.8,726.0,736.15,15662890
AXISBANK,2021-02-09,735.75,750.0,726.2,742.5,22307807
AXISBANK,2021-02-10,741.55,746.4,726.1,734.8,15140744
AXISBANK,2021-02-11,731.0,744.15,731.0,740.1,11897710
AXISBANK,2021-02-12,735.5,754.7,734.55,750.4,15668442
AXISBANK,2021-02-15,759.9,799.0,753.9,794.0,20648115
AXISBANK,2021-02-16,799.0,799.0,767.0,775.05,23968943
AXISBANK,2021-02-17,774.0,785.0,764.3,777.75,16956357
AXISBANK,2021-02-18,775.0,782.0,764.0,777.0,19685663
AXISBANK,2021-02-19,772.9,777.2,741.35,749.65,15634787
AXISBANK,2021-02-22,749.65,749.85,715.0,719.45,18123202
AXISBANK,2021-02-23,732.35,734.95,712.6,715.95,16804763
AXISBANK,2021-02-24,722.0,754.9,717.05,749.4,11207286
AXISBANK,2021-02-25,765.0,783.5,762.15,770.65,26635119
AXISBANK,2021-02-26,746.0,758.7,718.65,724.8,31306177
AXISBANK,2021-03-01,738.0,743.5,722.25,728.55,14301187
AXISBANK,2021-03-02,730.45,740.5,722.0,731.25,14503453
AXISBANK,2021-03-03,740.5,760.8,735.1,753.95,13603791
AXISBANK,2021-03-04,731.1,751.45,731.1,736.8,16896947
AXISBANK,2021-03-05,732.0,744.1,720.5,730.75,16358252
AXISBANK,2021-03-08,735.0,752.5,732.0,743.3,13898556
AXISBANK,2021-03-09,758.7,758.7,740.0,745.45,18951683
AXISBANK,2021-03-10,750.5,765.7,749.15,760.75,13377990
AXISBANK,2021-03-12,772.6,776.6,745.0,750.6,16343307
AXISBANK,2021-03-15,754.0,754.0,716.65,744.4,22466579
AXISBANK,2021-03-16,751.0,752.0,735.95,737.75,11358574
AXISBANK,2021-03-17,739.0,742.0,724.7,727.9,12380976
AXISBANK,2021-03-18,736.0,743.1,707.25,718.75,12261544
AXISBANK,2021-03-19,709.0,729.35,703.5,726.25,20377672
AXISBANK,2021-03-22,719.0,730.0,709.3,716.2,14802230
AXISBANK,2021-03-23,718.0,739.5,714.1,730.55,15949688
AXISBANK,2021-03-24,723.25,725.0,703.3,706.4,14379147
AXISBANK,2021-03-25,709.5,710.9,680.0,694.6,21179280
AXISBANK,2021-03-26,707.0,707.0,693.15,698.2,13143312
AXISBANK,2021-03-30,705.0,713.3,691.0,695.35,25965742
AXISBANK,2021-03-31,696.0,703.55,692.1,697.45,14924620
AXISBANK,2021-04-01,706.3,717.0,695.55,713.0,13090326
AXISBANK,2021-04-05,707.2,708.45,677.45,685.25,16239521
AXISBANK,2021-04-06,690.1,693.5,675.5,677.9,12062011
AXISBANK,2021-04-07,680.5,691.9,668.4,688.25,14433515
AXISBANK,2021-04-08,691.5,695.5,679.35,681.6,9026398
AXISBANK,2021-04-09,679.3,686.8,667.0,668.2,12509114
AXISBANK,2021-04-12,651.0,655.0,626.65,635.6,14649541
AXISBANK,2021-04-13,635.6,664.85,630.0,661.0,12737650
AXISBANK,2021-04-15,666.45,671.35,652.3,668.85,15195951
AXISBANK,2021-04-16,668.65,675.25,662.35,669.2,12242522
AXISBANK,2021-04-19,650.0,655.3,631.0,648.15,17292072
AXISBANK,2021-04-20,656.0,662.0,643.0,651.75,12296248
AXISBANK,2021-04-22,641.0,660.95,634.4,658.7,19385102
AXISBANK,2021-04-23,656.0,677.5,650.9,671.35,19167768
AXISBANK,2021-04-26,694.0,703.8,684.5,700.45,21646184
AXISBANK,2021-04-27,691.1,703.9,684.1,699.55,46559967
AXISBANK,2021-04-28,708.0,712.5,688.15,708.15,54060587
AXISBANK,2021-04-29,712.0,726.9,707.0,719.4,25939327
AXISBANK,2021-04-30,705.0,729.85,705.0,714.9,23011654
AXISBANK,2021-05-03,706.0,708.0,692.1,702.75,13752878
AXISBANK,2021-05-04,704.0,718.65,698.1,700.35,11980155
AXISBANK,2021-05-05,709.0,719.05,700.0,717.2,11155033
AXISBANK,2021-05-06,718.0,722.85,710.25,715.75,9484934
AXISBANK,2021-05-07,721.0,726.9,714.0,716.75,7131970
AXISBANK,2021-05-10,723.5,725.0,714.0,715.25,7980462
AXISBANK,2021-05-11,704.8,713.7,703.0,707.35,12736700
AXISBANK,2021-05-12,704.0,705.75,689.05,691.3,10856584
AXISBANK,2021-05-14,695.0,698.6,681.4,685.0,9377968
AXISBANK,2021-05-17,691.5,710.3,684.4,709.25,12099197
AXISBANK,2021-05-18,720.0,726.0,708.5,711.65,19519055
AXISBANK,2021-05-19,704.0,723.7,702.2,716.8,20244016
AXISBANK,2021-05-20,708.6,714.4,704.55,705.9,18840413
AXISBANK,2021-05-21,707.0,733.4,707.0,730.9,15883692
AXISBANK,2021-05-24,730.4,747.5,726.75,741.15,15716900
AXISBANK,2021-05-25,744.4,745.0,725.85,731.55,11344261
AXISBANK,2021-05-26,738.0,741.4,729.5,735.1,9081086
AXISBANK,2021-05-27,737.2,753.85,731.0,750.35,23040846
AXISBANK,2021-05-28,752.6,759.7,738.5,739.85,17149692
AXISBANK,2021-05-31,737.9,753.0,734.0,750.7,9275086
AXISBANK,2021-06-01,753.55,754.0,741.15,745.15,6660243
AXISBANK,2021-06-02,744.8,745.3,734.2,737.0,9973043
AXISBANK,2021-06-03,743.0,752.25,739.0,750.65,8170508
AXISBANK,2021-06-04,751.0,759.9,740.1,742.05,10336011
AXISBANK,2021-06-07,743.1,753.95,741.5,751.1,6986728
AXISBANK,2021-06-08,751.0,751.1,739.5,746.35,6426815
AXISBANK,2021-06-09,746.0,751.25,730.15,736.75,8004726
AXISBANK,2021-06-10,739.45,745.35,732.9,744.25,7795125
AXISBANK,2021-06-11,746.25,746.25,737.0,738.45,4840759
AXISBANK,2021-06-14,735.9,741.4,725.0,736.25,5190670
AXISBANK,2021-06-15,736.0,752.0,732.0,750.9,9686490
AXISBANK,2021-06-16,748.8,756.85,746.25,749.8,8614096
AXISBANK,2021-06-17,741.95,745.4,736.0,738.6,6674329
AXISBANK,2021-06-18,742.15,743.2,722.25,736.3,8143792
AXISBANK,2021-06-21,725.0,740.9,720.5,739.55,6464497
AXISBANK,2021-06-22,743.2,749.0,737.05,739.35,6727233
AXISBANK,2021-06-23,743.2,743.75,730.8,732.35,6154147
AXISBANK,2021-06-24,735.9,742.95,731.1,739.15,5313822
AXISBANK,2021-06-25,737.55,765.95,737.55,761.35,11170037
AXISBANK,2021-06-28,764.55,769.6,757.75,762.4,7672743
AXISBANK,2021-06-29,761.0,763.55,750.05,751.95,7500655
AXISBANK,2021-06-30,752.5,760.5,746.55,748.3,5459970
AXISBANK,2021-07-01,750.0,754.4,744.5,746.45,5695690
AXISBANK,2021-07-02,747.6,752.85,744.0,750.65,3557647
AXISBANK,2021-07-05,757.1,762.0,753.4,760.35,4680089
AXISBANK,2021-07-06,757.0,767.0,755.2,758.35,5529485
AXISBANK,2021-07-07,755.9,764.0,752.25,762.9,3573368
AXISBANK,2021-07-08,760.0,767.15,751.7,754.4,4188267
AXISBANK,2021-07-09,752.0,752.9,740.25,747.35,5782119
AXISBANK,2021-07-12,752.5,757.8,748.3,753.6,4475466
AXISBANK,2021-07-13,759.0,773.0,755.0,770.75,9810976
AXISBANK,2021-07-14,770.95,773.45,764.0,770.05,5621924
AXISBANK,2021-07-15,770.5,778.25,766.5,774.15,4239868
AXISBANK,2021-07-16,776.0,776.0,766.55,771.15,2913553
AXISBANK,2021-07-19,752.3,766.65,749.6,755.2,5554486
AXISBANK,2021-07-20,755.0,755.2,744.2,745.75,5815740
AXISBANK,2021-07-22,750.1,758.5,741.0,746.75,7876163
AXISBANK,2021-07-23,749.0,764.0,740.1,755.4,6604465
AXISBANK,2021-07-26,754.0,760.0,745.0,756.3,7890992
AXISBANK,2021-07-27,750.5,756.0,729.1,731.7,15441543
AXISBANK,2021-07-28,734.8,734.8,712.1,722.9,11102486
AXISBANK,2021-07-29,720.0,728.5,716.0,717.25,6855673
AXISBANK,2021-07-30,718.05,718.65,707.15,708.9,10358450
AXISBANK,2021-08-02,715.0,725.55,712.0,721.15,6823345
AXISBANK,2021-08-03,724.0,740.85,719.3,738.6,9265839
AXISBANK,2021-08-04,740.5,757.0,738.65,753.8,9744349
AXISBANK,2021-08-05,753.0,755.0,743.5,749.3,7246991
AXISBANK,2021-08-06,747.0,757.65,738.8,740.85,6522599
AXISBANK,2021-08-09,741.0,757.4,739.75,755.5,6064688
AXISBANK,2021-08-10,755.5,764.0,755.0,761.55,8309248
AXISBANK,2021-08-11,765.0,769.0,752.5,760.8,6429468
AXISBANK,2021-08-12,759.0,763.4,753.35,757.35,3572081
AXISBANK,2021-08-13,757.5,764.5,754.2,759.9,4239376
AXISBANK,2021-08-16,756.0,765.8,756.0,762.0,3967629
AXISBANK,2021-08-17,759.0,760.0,749.3,756.75,5576110
AXISBANK,2021-08-18,763.8,763.8,750.5,754.4,5370460
AXISBANK,2021-08-20,745.8,749.0,736.2,740.25,6092036
AXISBANK,2021-08-23,749.5,749.5,734.4,736.1,3614761
AXISBANK,2021-08-24,736.0,749.7,731.5,746.35,4537435
AXISBANK,2021-08-25,748.2,751.45,735.2,739.05,6726509
AXISBANK,2021-08-26,734.1,750.0,732.35,746.35,6492155
AXISBANK,2021-08-27,746.5,759.6,741.0,752.4,5841967
AXISBANK,2021-08-30,756.0,789.5,754.0,784.05,12517507
AXISBANK,2021-08-31,784.9,789.0,778.4,786.5,12114870
AXISBANK,2021-09-01,798.1,819.0,795.4,798.9,19972195
AXISBANK,2021-09-02,795.5,806.1,792.4,802.7,6799617
AXISBANK,2021-09-03,804.5,809.9,787.7,798.0,7509746
AXISBANK,2021-09-06,800.85,805.9,795.35,800.8,4539192
AXISBANK,2021-09-07,798.0,799.4,782.05,787.85,6926921
AXISBANK,2021-09-08,790.0,797.35,783.0,794.7,5903035
AXISBANK,2021-09-09,789.0,793.7,784.2,790.15,4909325
AXISBANK,2021-09-13,786.0,790.45,783.5,788.35,4814443
AXISBANK,2021-09-14,791.0,801.0,790.0,794.4,6301208
AXISBANK,2021-09-15,796.0,797.45,787.0,791.4,4075592
AXISBANK,2021-09-16,792.5,807.45,789.1,802.6,15446511
AXISBANK,2021-09-17,808.85,820.7,797.25,807.35,14641298
AXISBANK,2021-09-20,800.0,808.55,791.5,795.85,6306484
AXISBANK,2021-09-21,795.25,799.0,772.3,795.35,7833561
AXISBANK,2021-09-22,792.5,796.8,786.0,788.35,4359142
AXISBANK,2021-09-23,794.35,814.5,792.55,812.15,9043492
AXISBANK,2021-09-24,812.55,816.95,795.1,798.05,5184626
AXISBANK,2021-09-27,802.9,808.8,792.8,796.95,7715259
AXISBANK,2021-09-28,802.0,805.6,778.0,789.2,7369680
AXISBANK,2021-09-29,783.0,789.5,778.5,782.15,14241004
AXISBANK,2021-09-30,779.9,787.35,764.85,766.55,9178187
AXISBANK,2021-10-01,763.4,771.7,754.0,768.15,6089895
AXISBANK,2021-10-04,771.1,781.15,770.3,779.0,5845527
AXISBANK,2021-10-05,774.4,784.0,771.2,782.6,3945224
AXISBANK,2021-10-06,782.25,794.2,776.0,778.95,5092479
AXISBANK,2021-10-07,790.0,790.15,774.1,777.1,6622698
AXISBANK,2021-10-08,781.9,785.0,776.0,781.95,4295686
AXISBANK,2021-10-11,782.0,793.0,779.0,787.15,4417455
AXISBANK,2021-10-12,788.0,799.7,785.45,797.15,5098502
AXISBANK,2021-10-13,799.95,804.5,793.2,794.6,4381414
AXISBANK,2021-10-14,799.0,804.0,788.0,802.05,7157116
AXISBANK,2021-10-18,820.0,820.0,802.05,813.3,11014585
AXISBANK,2021-10-19,820.0,827.0,798.5,801.65,10633732
AXISBANK,2021-10-20,800.6,813.8,792.0,804.8,9023067
AXISBANK,2021-10-21,807.95,813.5,792.3,807.8,7405639
AXISBANK,2021-10-22,812.0,825.0,806.8,816.7,10646970
AXISBANK,2021-10-25,830.1,866.9,825.45,845.1,29193770
AXISBANK,2021-10-26,848.4,851.65,823.5,841.9,16771909
AXISBANK,2021-10-27,840.0,840.8,785.65,787.5,39606414
AXISBANK,2021-10-28,787.5,789.0,754.65,758.35,19320926
AXISBANK,2021-10-29,762.0,762.0,714.0,742.0,21343427
AXISBANK,2021-11-01,755.0,760.0,740.0,752.35,11694854
AXISBANK,2021-11-02,752.5,761.35,748.05,755.85,11812106
AXISBANK,2021-11-03,759.45,762.65,748.5,750.6,10529505
AXISBANK,2021-11-04,757.0,757.05,751.4,752.95,793433
AXISBANK,2021-11-08,761.0,761.0,741.5,751.05,13872770
AXISBANK,2021-11-09,750.0,753.95,743.35,745.05,12120207
AXISBANK,2021-11-10,742.7,753.35,732.0,749.35,10844883
AXISBANK,2021-11-11,748.0,748.0,735.1,738.05,6195359
AXISBANK,2021-11-12,742.8,742.8,733.5,736.05,9372897
AXISBANK,2021-11-15,738.0,744.0,728.0,733.25,12849161
AXISBANK,2021-11-16,733.25,733.3,721.3,726.15,8978763
AXISBANK,2021-11-17,721.0,724.9,706.75,712.35,18083445
AXISBANK,2021-11-18,715.0,716.0,701.9,706.35,13458109
AXISBANK,2021-11-22,713.0,713.0,677.4,686.4,16741079
AXISBANK,2021-11-23,681.0,692.65,677.35,685.65,16575348
AXISBANK,2021-11-24,690.0,695.1,682.05,685.15,11463429
AXISBANK,2021-11-25,686.0,687.0,676.55,679.9,9760486
AXISBANK,2021-11-26,669.0,674.9,660.45,661.75,10252753
AXISBANK,2021-11-29,665.05,665.45,649.35,651.1,12084376
AXISBANK,2021-11-30,648.0,677.45,648.0,655.65,24699809
AXISBANK,2021-12-01,664.9,681.4,660.0,679.6,16184200
AXISBANK,2021-12-02,675.0,678.8,668.05,676.1,8612601
AXISBANK,2021-12-03,679.1,687.35,671.0,673.0,9505985
AXISBANK,2021-12-06,674.0,678.75,661.15,663.1,8022785
AXISBANK,2021-12-07,672.0,691.55,670.0,687.0,15123987
AXISBANK,2021-12-08,695.0,701.55,687.65,697.1,11670826
AXISBANK,2021-12-09,698.15,699.9,688.0,693.95,7021395
AXISBANK,2021-12-10,690.1,691.95,683.75,688.05,5549743
AXISBANK,2021-12-13,699.0,711.9,693.1,704.0,13634563
AXISBANK,2021-12-14,701.0,714.0,697.6,710.9,8612512
AXISBANK,2021-12-15,712.4,720.0,707.55,712.5,7692888
AXISBANK,2021-12-16,719.0,721.95,705.05,709.65,7309187
AXISBANK,2021-12-17,707.5,708.0,685.1,688.9,7844705
AXISBANK,2021-12-20,680.95,681.85,660.1,674.35,9934646
AXISBANK,2021-12-21,683.0,683.0,662.5,665.85,10116104
AXISBANK,2021-12-22,670.0,676.85,664.0,669.35,7489534
AXISBANK,2021-12-23,677.0,684.5,672.6,678.8,6884683
AXISBANK,2021-12-24,681.15,682.0,662.45,667.5,6028893
AXISBANK,2021-12-27,663.05,674.6,655.95,672.15,6996729
AXISBANK,2021-12-28,677.3,680.85,672.0,675.45,4645547
AXISBANK,2021-12-29,674.5,679.6,667.25,670.5,3969894
AXISBANK,2021-12-30,668.0,673.1,664.5,668.85,5119705
AXISBANK,2021-12-31,672.95,686.5,671.2,678.55,5586980
AXISBANK,2022-01-03,680.25,698.5,679.0,696.35,8550860
AXISBANK,2022-01-04,701.0,711.05,700.05,709.15,9705906
AXISBANK,2022-01-05,711.9,730.9,707.75,726.9,11312955
AXISBANK,2022-01-06,719.95,733.5,719.0,730.3,7955578
AXISBANK,2022-01-07,734.0,740.9,725.25,730.6,10454143
AXISBANK,2022-01-10,733.65,744.0,733.2,742.8,9595787
AXISBANK,2022-01-11,742.9,747.05,737.3,743.25,7252279
AXISBANK,2022-01-12,749.65,751.45,743.15,746.85,5294563
AXISBANK,2022-01-13,749.0,749.0,737.05,740.7,5196538
AXISBANK,2022-01-14,734.8,735.95,716.05,721.7,16302342
AXISBANK,2022-01-17,719.0,720.6,709.5,712.65,19680557
AXISBANK,2022-01-18,717.5,735.9,714.25,725.2,24055886
AXISBANK,2022-01-19,725.2,731.95,718.7,729.6,7746270
AXISBANK,2022-01-20,731.05,737.15,722.15,728.9,8505400
AXISBANK,2022-01-21,722.0,725.25,708.05,712.5,10689060
AXISBANK,2022-01-24,715.0,716.4,688.2,704.6,8812501
AXISBANK,2022-01-25,714.0,755.0,708.6,752.2,38088158
AXISBANK,2022-01-27,744.0,777.0,738.1,773.85,34927774
AXISBANK,2022-01-28,778.1,784.7,761.5,764.7,17765524
AXISBANK,2022-01-31,775.45,777.8,762.35,773.05,12319200
AXISBANK,2022-02-01,778.1,793.9,769.1,781.9,15457534
AXISBANK,2022-02-02,790.0,805.9,787.35,804.1,13478899
AXISBANK,2022-02-03,802.2,811.9,793.05,799.55,10802708
AXISBANK,2022-02-04,796.95,804.5,791.15,798.55,10776387
AXISBANK,2022-02-07,802.5,803.6,784.1,789.6,10939179
AXISBANK,2022-02-08,794.0,801.0,776.15,798.55,12300670
AXISBANK,2022-02-09,801.0,809.5,800.15,803.85,9399830
AXISBANK,2022-02-10,807.55,815.95,803.1,809.8,12848281
AXISBANK,2022-02-11,800.95,809.9,798.5,803.8,9717894
AXISBANK,2022-02-14,790.0,803.0,769.95,773.35,8617389
AXISBANK,2022-02-15,777.0,799.1,764.3,796.95,7426563
AXISBANK,2022-02-16,795.0,808.3,789.3,797.05,7457765
AXISBANK,2022-02-17,797.0,802.0,780.5,782.8,6516308
AXISBANK,2022-02-18,781.15,790.55,779.0,787.4,5466662
AXISBANK,2022-02-21,783.55,796.8,776.1,788.85,5635224
AXISBANK,2022-02-22,766.1,787.0,766.1,779.15,6923558
AXISBANK,2022-02-23,783.5,785.5,772.25,777.2,6303173
AXISBANK,2022-02-24,752.4,769.15,725.3,730.3,13085009
AXISBANK,2022-02-25,742.3,764.85,737.4,758.05,10066136
AXISBANK,2022-02-28,749.9,749.9,736.2,742.4,14463418
AXISBANK,2022-03-02,728.7,756.45,725.0,750.25,11691602
AXISBANK,2022-03-03,756.0,759.45,732.4,737.65,8357181
AXISBANK,2022-03-04,723.0,732.5,710.05,715.0,11660648
AXISBANK,2022-03-07,693.0,705.0,655.6,667.55,20147061
AXISBANK,2022-03-08,665.0,673.75,637.0,670.4,24828458
AXISBANK,2022-03-09,671.5,680.5,659.1,674.2,20438651
AXISBANK,2022-03-10,707.9,720.4,688.25,694.95,23224756
AXISBANK,2022-03-11,691.9,706.65,687.45,690.85,14224356
AXISBANK,2022-03-14,694.7,712.4,685.0,710.05,10720884
AXISBANK,2022-03-15,713.0,718.0,695.0,698.15,12157425
AXISBANK,2022-03-16,711.0,726.0,709.1,723.85,10038170
AXISBANK,2022-03-17,737.0,746.75,736.45,739.25,13657428
AXISBANK,2022-03-21,745.0,749.4,723.7,725.9,7495685
AXISBANK,2022-03-22,729.0,736.0,706.35,731.4,11117081
AXISBANK,2022-03-23,736.1,742.9,724.65,726.75,5886245
AXISBANK,2022-03-24,719.1,730.45,719.0,722.25,7559843
AXISBANK,2022-03-25,723.3,726.65,715.5,721.25,5430894
AXISBANK,2022-03-28,726.0,737.9,715.05,736.0,7077669
AXISBANK,2022-03-29,741.65,741.65,731.0,737.8,6174137
AXISBANK,2022-03-30,747.0,765.85,741.3,750.45,16618114
AXISBANK,2022-03-31,763.0,763.0,751.3,761.15,20449544
AXISBANK,2022-04-01,760.0,775.75,755.15,774.55,9321859
AXISBANK,2022-04-04,780.0,785.5,767.0,784.1,10959783
AXISBANK,2022-04-05,776.0,796.0,776.0,783.1,7334134
AXISBANK,2022-04-06,777.0,779.95,769.2,773.7,9954921
AXISBANK,2022-04-07,769.5,795.0,769.2,792.1,9820244
AXISBANK,2022-04-08,794.9,800.7,789.0,794.9,8104237
AXISBANK,2022-04-11,789.45,794.25,784.05,786.05,6340427
AXISBANK,2022-04-12,780.1,801.0,777.8,798.45,7672215
AXISBANK,2022-04-13,805.8,805.8,790.85,793.05,7640132
AXISBANK,2022-04-18,780.0,801.65,776.0,798.85,11478317
AXISBANK,2022-04-19,805.0,816.2,785.55,797.8,8711816
AXISBANK,2022-04-20,800.85,802.45,788.6,794.7,6676491
AXISBANK,2022-04-21,795.1,804.0,790.55,801.8,6851615
AXISBANK,2022-04-22,796.0,798.0,778.2,780.6,6255027
AXISBANK,2022-04-25,772.0,788.8,761.25,780.7,8023525
AXISBANK,2022-04-26,791.0,796.6,769.0,775.0,11087204
AXISBANK,2022-04-27,765.6,772.95,749.0,765.9,11485697
AXISBANK,2022-04-28,776.9,785.45,766.35,779.8,11037317
AXISBANK,2022-04-29,765.0,766.85,725.0,728.6,34401710
AXISBANK,2022-05-02,722.0,738.2,718.5,727.35,16136040
AXISBANK,2022-05-04,733.0,735.15,704.0,707.2,14548684
AXISBANK,2022-05-05,716.0,721.8,698.9,702.35,12726146
AXISBANK,2022-05-06,690.0,692.5,668.1,673.4,15511195
AXISBANK,2022-05-09,660.2,669.0,648.8,663.7,13999329
AXISBANK,2022-05-10,663.7,672.1,657.55,659.75,9523698
AXISBANK,2022-05-11,661.7,676.0,655.45,672.35,9352398
AXISBANK,2022-05-12,667.0,667.0,644.0,649.65,11166084
AXISBANK,2022-05-13,656.4,659.4,633.4,635.95,9618627
AXISBANK,2022-05-16,639.85,649.2,630.05,638.95,6159695
AXISBANK,2022-05-17,642.9,657.5,641.15,654.95,8152237
AXISBANK,2022-05-18,654.75,670.4,650.3,659.45,13013873
AXISBANK,2022-05-19,643.3,657.75,641.2,650.2,9216948
AXISBANK,2022-05-20,659.75,675.75,658.0,673.1,9708672
AXISBANK,2022-05-23,673.0,684.8,668.55,675.35,7919353
AXISBANK,2022-05-24,669.7,681.45,661.2,664.05,8088546
AXISBANK,2022-05-25,668.0,672.65,660.05,665.0,5169619
AXISBANK,2022-05-26,672.95,685.25,668.0,683.25,10114633
AXISBANK,2022-05-27,689.0,693.8,684.25,688.3,5539060
AXISBANK,2022-05-30,695.1,698.0,690.1,693.65,3818060
AXISBANK,2022-05-31,689.0,696.0,683.05,685.2,10410424
AXISBANK,2022-06-01,683.0,692.45,680.5,686.05,6966674
AXISBANK,2022-06-02,682.0,693.15,682.0,691.55,6347433
AXISBANK,2022-06-03,697.3,698.0,673.15,677.3,8475726
AXISBANK,2022-06-06,677.0,684.0,670.3,672.2,6756864
AXISBANK,2022-06-07,672.2,678.0,661.1,665.85,8312778
AXISBANK,2022-06-08,670.0,673.55,655.45,658.6,9282494
AXISBANK,2022-06-09,656.95,662.75,650.0,661.3,5682743
AXISBANK,2022-06-10,655.5,663.7,652.2,660.7,6758832
AXISBANK,2022-06-13,646.95,652.0,640.1,648.95,6135431
AXISBANK,2022-06-14,645.0,655.7,643.1,650.75,5391833
AXISBANK,2022-06-15,654.0,656.35,647.2,650.5,4638336
AXISBANK,2022-06-16,657.5,658.2,631.05,634.9,5960283
AXISBANK,2022-06-17,630.0,640.8,626.6,635.2,6849201
AXISBANK,2022-06-20,635.25,637.15,622.2,628.3,5305222
AXISBANK,2022-06-21,632.0,645.35,628.15,636.5,10333886
AXISBANK,2022-06-22,632.55,633.65,621.25,626.8,5899024
AXISBANK,2022-06-23,627.4,640.85,618.25,629.35,8450777
AXISBANK,2022-06-24,634.35,642.45,631.65,634.0,6918584
AXISBANK,2022-06-27,644.0,646.9,634.7,637.1,4552114
AXISBANK,2022-06-28,634.0,644.7,632.0,642.35,10711123
AXISBANK,2022-06-29,636.35,637.8,623.5,625.55,13620084
AXISBANK,2022-06-30,624.0,639.3,623.65,636.8,10563138
AXISBANK,2022-07-01,633.0,646.6,631.8,643.95,6549359
AXISBANK,2022-07-04,641.55,655.15,640.5,654.35,3933384
AXISBANK,2022-07-05,656.1,659.9,646.0,648.5,5044787
AXISBANK,2022-07-06,652.0,659.4,651.0,657.95,6684686
AXISBANK,2022-07-07,663.45,664.5,651.65,658.15,11171714
AXISBANK,2022-07-08,667.0,676.8,661.4,669.15,12669533
AXISBANK,2022-07-11,666.55,681.95,665.35,679.85,14864285
AXISBANK,2022-07-12,677.0,685.25,673.0,676.2,6446810
AXISBANK,2022-07-13,680.0,685.0,676.95,679.9,9614674
AXISBANK,2022-07-14,678.6,680.45,665.6,668.25,8026311
AXISBANK,2022-07-15,670.0,674.2,659.1,662.2,6015057
AXISBANK,2022-07-18,668.05,688.0,663.45,684.5,12464664
AXISBANK,2022-07-19,678.6,703.85,678.6,700.6,10171314
AXISBANK,2022-07-20,706.3,714.5,702.7,705.7,11620331
AXISBANK,2022-07-21,707.95,718.45,704.35,715.55,8036515
AXISBANK,2022-07-22,717.0,735.0,715.1,730.75,9713490
AXISBANK,2022-07-25,733.5,738.8,722.5,727.35,6230411
AXISBANK,2022-07-26,722.9,723.45,702.05,706.45,14135744
AXISBANK,2022-07-27,707.95,720.55,703.6,718.95,6106880
AXISBANK,2022-07-28,725.0,733.7,723.05,725.9,6964838
AXISBANK,2022-07-29,733.9,734.95,723.0,724.75,6624854
AXISBANK,2022-08-01,726.0,732.3,720.4,730.8,5493105
AXISBANK,2022-08-02,727.0,734.35,721.1,730.45,7275626
AXISBANK,2022-08-03,730.0,738.5,727.5,730.5,9458761
AXISBANK,2022-08-04,735.2,736.7,712.2,721.6,7466635
AXISBANK,2022-08-05,724.0,731.2,721.2,728.5,4583196
AXISBANK,2022-08-08,730.0,747.35,728.1,745.55,8191870
AXISBANK,2022-08-10,745.0,747.85,736.15,739.0,9069541
AXISBANK,2022-08-11,743.05,760.65,743.05,758.85,12384073
AXISBANK,2022-08-12,758.7,762.0,753.4,760.55,4614341
AXISBANK,2022-08-16,765.0,772.0,758.45,764.65,7051498
AXISBANK,2022-08-17,771.4,773.75,766.25,772.1,7674390
AXISBANK,2022-08-18,772.0,776.0,762.1,765.05,9449924
AXISBANK,2022-08-19,772.0,772.65,750.25,757.5,7553270
AXISBANK,2022-08-22,753.4,754.45,739.2,741.85,4994311
AXISBANK,2022-08-23,738.0,750.85,733.8,747.05,6594634
AXISBANK,2022-08-24,745.0,752.05,742.0,750.15,6875820
AXISBANK,2022-08-25,753.9,758.6,740.0,743.35,6320890
AXISBANK,2022-08-26,748.0,755.0,741.3,744.9,4613713
AXISBANK,2022-08-29,730.0,734.9,722.05,728.7,5904146
AXISBANK,2022-08-30,733.0,753.55,733.0,751.5,9193270
AXISBANK,2022-09-01,733.5,754.9,733.5,744.15,9353805
AXISBANK,2022-09-02,749.0,754.55,740.25,750.2,7767812
AXISBANK,2022-09-05,750.2,758.8,749.35,756.1,5894055
AXISBANK,2022-09-06,758.0,761.55,748.8,750.0,7606181
AXISBANK,2022-09-07,743.15,758.0,739.05,755.4,10156460
AXISBANK,2022-09-08,761.75,782.2,757.1,779.75,13410790
AXISBANK,2022-09-09,787.95,787.95,780.0,784.85,8732302
AXISBANK,2022-09-12,789.0,805.0,786.8,801.0,15521649
AXISBANK,2022-09-13,805.0,808.95,803.15,805.55,9887516
AXISBANK,2022-09-14,794.4,811.35,794.4,803.05,10494713
AXISBANK,2022-09-15,805.5,806.5,787.65,790.0,5996899
AXISBANK,2022-09-16,786.05,792.6,776.1,789.3,11467351
AXISBANK,2022-09-19,789.3,802.0,786.7,798.1,11427799
AXISBANK,2022-09-20,806.8,816.2,802.0,812.75,8274079
AXISBANK,2022-09-21,809.25,816.0,803.35,806.55,6567084
AXISBANK,2022-09-22,805.0,808.8,784.3,789.2,7804275
AXISBANK,2022-09-23,789.0,789.0,764.25,768.6,10278805
AXISBANK,2022-09-26,759.0,763.5,741.0,742.6,11090327
AXISBANK,2022-09-27,746.35,754.15,730.5,737.5,11358306
AXISBANK,2022-09-28,733.9,733.9,707.7,716.45,13170668
AXISBANK,2022-09-29,722.25,730.8,711.0,719.0,12090981
AXISBANK,2022-09-30,720.0,737.75,714.4,733.2,9536017
AXISBANK,2022-10-03,731.0,742.0,721.05,722.75,6405645
AXISBANK,2022-10-04,733.4,744.5,732.0,742.8,5438934
AXISBANK,2022-10-06,750.0,760.4,746.0,755.1,9376433
AXISBANK,2022-10-07,753.8,757.5,742.3,755.7,7500540
AXISBANK,2022-10-10,748.0,778.7,745.0,776.85,14106654
AXISBANK,2022-10-11,780.0,795.5,774.5,785.55,15953495
AXISBANK,2022-10-12,789.5,810.8,783.45,808.7,21228018
AXISBANK,2022-10-13,807.0,814.95,795.6,802.0,13024911
AXISBANK,2022-10-14,815.55,820.7,794.45,800.5,8220645
AXISBANK,2022-10-17,803.5,817.0,797.1,814.15,9463827
AXISBANK,2022-10-18,820.0,822.9,811.55,816.35,8470882
AXISBANK,2022-10-19,818.45,838.45,816.9,829.85,10868663
AXISBANK,2022-10-20,824.9,831.9,816.95,825.85,11813817
AXISBANK,2022-10-21,860.1,906.0,855.85,900.4,58057724
AXISBANK,2022-10-24,916.0,918.45,905.0,909.45,3085307
AXISBANK,2022-10-25,905.7,910.6,891.6,902.85,13187308
AXISBANK,2022-10-27,909.0,919.95,901.25,915.15,11967044
AXISBANK,2022-10-28,915.0,917.95,898.9,903.05,7320207
AXISBANK,2022-10-31,908.0,918.0,902.1,906.0,9038777
AXISBANK,2022-11-01,904.0,904.0,869.0,871.75,29191921
AXISBANK,2022-11-02,875.0,877.0,861.6,863.55,11029140
AXISBANK,2022-11-03,857.9,880.4,856.0,864.05,10185978
AXISBANK,2022-11-04,869.0,872.9,862.3,868.1,7323879
AXISBANK,2022-11-07,876.25,876.8,861.3,872.95,9931261
AXISBANK,2022-11-09,875.05,880.75,868.5,873.7,10190209
AXISBANK,2022-11-10,843.7,856.7,841.0,843.7,18956575
AXISBANK,2022-11-11,847.0,854.7,844.15,850.7,19329819
AXISBANK,2022-11-14,850.5,853.9,847.35,851.0,6985306
AXISBANK,2022-11-15,851.25,859.85,847.2,858.65,7124767
AXISBANK,2022-11-16,858.0,861.6,850.6,855.4,6521854
AXISBANK,2022-11-17,855.4,861.4,852.7,858.2,4909607
AXISBANK,2022-11-18,859.3,865.8,855.0,859.2,7065304
AXISBANK,2022-11-21,860.0,870.95,859.0,870.05,7209207
AXISBANK,2022-11-22,874.95,877.0,868.35,870.05,5535233
AXISBANK,2022-11-23,873.9,877.8,868.75,874.7,5861417
AXISBANK,2022-11-24,878.0,880.8,873.1,878.55,4928778
AXISBANK,2022-11-25,883.0,891.8,880.9,887.75,7614047
AXISBANK,2022-11-28,887.7,899.5,885.3,891.7,7928147
AXISBANK,2022-11-29,894.4,901.9,890.0,892.55,5661158
AXISBANK,2022-11-30,895.0,905.1,885.45,901.25,10452798
AXISBANK,2022-12-01,909.5,909.5,899.5,903.85,7053100
AXISBANK,2022-12-02,898.3,907.0,891.4,905.15,7988851
AXISBANK,2022-12-05,907.0,907.3,897.6,899.2,5098164
AXISBANK,2022-12-06,897.5,906.9,895.7,904.65,5351099
AXISBANK,2022-12-07,902.8,918.0,899.85,914.65,9103656
AXISBANK,2022-12-08,915.65,943.95,913.75,939.35,17466047
AXISBANK,2022-12-09,944.0,945.0,927.6,933.7,8018981
AXISBANK,2022-12-12,929.9,941.15,922.0,938.65,7621788
AXISBANK,2022-12-13,940.2,949.3,936.6,944.6,8136559
AXISBANK,2022-12-14,945.65,950.15,938.5,942.4,8573479
AXISBANK,2022-12-15,939.75,944.95,932.6,938.15,7359261
AXISBANK,2022-12-16,932.25,945.2,929.1,935.1,6926928
AXISBANK,2022-12-19,935.1,948.1,932.4,946.2,4842336
AXISBANK,2022-12-20,943.75,952.75,940.45,949.75,9511818
AXISBANK,2022-12-21,953.1,958.9,928.0,932.3,8368960
AXISBANK,2022-12-22,936.0,936.0,912.95,919.55,9202717
AXISBANK,2022-12-23,912.0,917.25,904.0,906.6,6371695
AXISBANK,2022-12-26,908.0,932.95,905.1,928.7,4764440
AXISBANK,2022-12-27,932.45,937.8,922.6,932.2,3346083
AXISBANK,2022-12-28,930.95,937.45,921.3,924.7,5956496
AXISBANK,2022-12-29,922.8,944.0,915.8,934.55,12204113
AXISBANK,2022-12-30,941.25,943.5,930.35,933.75,3704449
AXISBANK,2023-01-02,932.25,945.0,931.8,941.6,3498198
AXISBANK,2023-01-03,944.75,965.6,942.6,962.3,6927819
AXISBANK,2023-01-04,963.5,970.0,955.0,957.45,9059392
AXISBANK,2023-01-05,960.0,961.9,938.25,949.55,6998980
AXISBANK,2023-01-06,946.55,950.95,934.3,939.9,5787783
AXISBANK,2023-01-09,946.8,960.0,941.35,958.75,7025747
AXISBANK,2023-01-10,964.0,964.0,942.75,952.15,7140150
AXISBANK,2023-01-11,953.0,955.75,942.8,949.75,7100355
AXISBANK,2023-01-12,949.35,949.7,924.0,935.55,8661375
AXISBANK,2023-01-13,935.5,937.45,923.0,934.15,9083608
AXISBANK,2023-01-16,940.45,941.75,911.7,913.15,10008273
AXISBANK,2023-01-17,914.95,919.7,906.7,917.7,6904960
AXISBANK,2023-01-18,921.9,925.6,913.25,924.0,5730939
AXISBANK,2023-01-19,923.6,938.0,920.75,928.7,7721730
AXISBANK,2023-01-20,931.25,934.85,924.65,930.55,4511360
AXISBANK,2023-01-23,936.0,939.7,924.45,932.7,5236124
AXISBANK,2023-01-24,935.0,935.0,903.75,910.2,18527897
AXISBANK,2023-01-25,905.0,907.45,884.2,892.35,11921748
AXISBANK,2023-01-27,892.35,892.5,851.0,873.75,17300736
AXISBANK,2023-01-30,851.9,885.5,846.15,871.85,21233998
AXISBANK,2023-01-31,873.0,879.3,861.1,871.6,16856151
AXISBANK,2023-02-01,876.3,895.2,833.3,857.25,12409819
AXISBANK,2023-02-02,850.95,872.0,837.05,868.45,9567053
AXISBANK,2023-02-03,873.0,885.0,859.25,882.6,7365732
AXISBANK,2023-02-06,871.85,899.15,870.6,882.65,10129098
AXISBANK,2023-02-07,886.85,888.4,871.5,879.1,5055187
AXISBANK,2023-02-08,882.1,886.45,868.25,871.75,6572818
AXISBANK,2023-02-09,876.15,876.15,862.55,867.7,5993312
AXISBANK,2023-02-10,872.05,872.7,865.15,867.25,4603464
AXISBANK,2023-02-13,867.25,870.45,856.5,859.1,5707194
AXISBANK,2023-02-14,862.55,871.9,854.25,870.75,7527755
AXISBANK,2023-02-15,872.0,872.2,861.6,868.3,7322266
AXISBANK,2023-02-16,872.8,874.3,862.25,864.75,5843235
AXISBANK,2023-02-17,861.0,868.25,850.0,854.9,8420479
AXISBANK,2023-02-20,859.7,861.2,842.5,846.75,5992322
AXISBANK,2023-02-21,849.0,849.0,837.4,844.05,9677064
AXISBANK,2023-02-22,840.0,843.0,829.55,833.35,6984037
AXISBANK,2023-02-23,833.05,848.25,830.2,844.35,8437003
AXISBANK,2023-02-24,850.1,854.6,844.45,851.4,7763814
AXISBANK,2023-02-27,851.85,858.45,845.95,854.35,8064267
AXISBANK,2023-02-28,855.95,857.6,840.0,844.1,13012372
AXISBANK,2023-03-01,846.05,868.75,845.05,865.15,12345125
AXISBANK,2023-03-02,866.0,866.8,843.5,845.45,13900508
AXISBANK,2023-03-03,849.75,858.6,845.6,852.65,7977804
AXISBANK,2023-03-06,856.95,863.75,855.6,859.5,10781567
AXISBANK,2023-03-08,858.5,862.5,853.05,860.95,8785735
AXISBANK,2023-03-09,862.5,874.25,862.0,867.8,14746065
AXISBANK,2023-03-10,859.6,861.6,845.5,851.9,11198583
AXISBANK,2023-03-13,845.6,857.0,828.45,832.35,8315798
AXISBANK,2023-03-14,828.0,835.7,817.4,832.85,12573734
AXISBANK,2023-03-15,838.05,843.5,819.35,824.05,6652641
AXISBANK,2023-03-16,821.5,837.9,814.3,830.55,8791383
AXISBANK,2023-03-17,835.0,841.5,823.0,837.4,7762461
AXISBANK,2023-03-20,836.0,841.0,825.55,837.55,10744023
AXISBANK,2023-03-21,840.1,857.35,838.75,855.6,11489951
AXISBANK,2023-03-22,855.6,859.8,847.05,849.65,8018924
AXISBANK,2023-03-23,847.0,861.15,845.1,848.8,9857892
AXISBANK,2023-03-24,846.25,852.5,837.25,839.9,8078718
AXISBANK,2023-03-27,841.05,842.2,829.2,833.35,10602508
AXISBANK,2023-03-28,837.4,837.4,826.05,832.45,11002402
AXISBANK,2023-03-29,832.5,848.45,830.0,842.6,17121194
AXISBANK,2023-03-31,854.9,860.9,847.5,858.5,12946752
AXISBANK,2023-04-03,864.0,866.8,856.45,864.6,13266882
AXISBANK,2023-04-05,871.0,871.0,857.0,860.5,11890015
AXISBANK,2023-04-06,861.8,863.25,849.0,851.95,19677316
AXISBANK,2023-04-10,854.8,854.95,843.95,847.35,15656078
AXISBANK,2023-04-11,848.25,855.7,844.05,853.3,23930907
AXISBANK,2023-04-12,854.9,856.65,846.65,851.05,13480335
AXISBANK,2023-04-13,853.65,867.7,845.0,864.35,23934570
AXISBANK,2023-04-17,882.0,882.0,861.0,864.55,22577380
AXISBANK,2023-04-18,865.35,872.0,857.1,863.35,17238709
AXISBANK,2023-04-19,865.0,874.5,862.55,873.4,23494247
AXISBANK,2023-04-20,874.8,875.6,864.15,868.75,19444753
AXISBANK,2023-04-21,870.8,873.85,857.5,864.2,15520786
AXISBANK,2023-04-24,868.0,884.4,860.5,882.3,18201632
AXISBANK,2023-04-25,885.0,895.8,874.4,878.35,36394389
AXISBANK,2023-04-26,877.4,889.45,875.2,887.65,19468723
AXISBANK,2023-04-27,888.0,890.0,877.5,881.4,15992383
AXISBANK,2023-04-28,885.1,890.05,853.65,860.0,23004117
AXISBANK,2023-05-02,870.0,876.4,864.25,870.65,12947953
AXISBANK,2023-05-03,863.85,866.85,854.05,859.85,15103015
AXISBANK,2023-05-04,860.0,867.15,857.5,865.95,9756391
AXISBANK,2023-05-05,867.15,885.0,862.75,865.3,14343308
AXISBANK,2023-05-08,865.3,881.4,865.3,878.45,7007882
AXISBANK,2023-05-09,882.2,890.2,880.0,888.25,12117151
AXISBANK,2023-05-10,892.0,892.5,877.55,889.9,11893027
AXISBANK,2023-05-11,891.0,900.0,889.0,895.95,13816121
AXISBANK,2023-05-12,895.2,913.6,894.0,910.65,10533272
AXISBANK,2023-05-15,910.65,919.5,909.15,915.8,7339579
AXISBANK,2023-05-16,916.2,922.5,912.0,917.8,12567615
AXISBANK,2023-05-17,917.7,918.9,911.25,914.8,10248327
AXISBANK,2023-05-18,920.0,929.5,912.6,914.7,13614127
AXISBANK,2023-05-19,920.9,927.0,908.95,924.05,8393002
AXISBANK,2023-05-22,923.0,927.75,914.4,917.55,9383158
AXISBANK,2023-05-23,917.55,922.5,912.4,916.15,8273445
AXISBANK,2023-05-24,911.15,920.85,910.2,917.7,6248545
AXISBANK,2023-05-25,916.7,923.55,912.45,921.05,8149350
AXISBANK,2023-05-26,918.0,927.9,915.0,926.95,4908462
AXISBANK,2023-05-29,931.0,937.7,928.05,929.8,7133871
AXISBANK,2023-05-30,930.8,939.7,928.05,937.45,7804403
AXISBANK,2023-05-31,937.35,939.9,910.2,914.85,34757004
AXISBANK,2023-06-01,922.0,930.95,916.05,919.7,11817533
AXISBANK,2023-06-02,922.65,930.5,920.25,926.1,11616991
AXISBANK,2023-06-05,927.6,953.9,927.6,950.85,14520005
AXISBANK,2023-06-06,951.1,970.75,951.1,968.2,14457988
AXISBANK,2023-06-07,972.95,981.25,968.1,976.75,15795824
AXISBANK,2023-06-08,973.05,974.85,959.9,962.1,10209982
AXISBANK,2023-06-09,967.0,981.7,963.3,974.75,12947464
AXISBANK,2023-06-12,973.0,977.9,968.6,974.2,7465375
AXISBANK,2023-06-13,974.3,989.7,974.3,985.85,15233785
AXISBANK,2023-06-14,986.0,988.2,976.0,977.7,8644423
AXISBANK,2023-06-15,988.35,989.0,972.2,977.15,15978311
AXISBANK,2023-06-16,982.8,985.45,977.2,981.55,8860900
AXISBANK,2023-06-19,983.85,986.0,961.0,965.65,11025846
AXISBANK,2023-06-20,965.95,977.0,958.55,974.85,7596593
AXISBANK,2023-06-21,978.3,978.3,963.15,966.0,7805855
AXISBANK,2023-06-22,962.2,973.45,958.7,966.6,10135883
AXISBANK,2023-06-23,960.0,965.5,954.55,958.4,6188008
AXISBANK,2023-06-26,959.5,963.5,953.1,960.55,5799528
AXISBANK,2023-06-27,967.0,976.0,960.8,973.25,6921886
AXISBANK,2023-06-28,979.0,984.0,967.0,978.2,10010996
AXISBANK,2023-06-30,977.1,989.85,976.0,987.45,7096350
AXISBANK,2023-07-03,990.0,990.0,978.0,982.1,5562743
AXISBANK,2023-07-04,982.1,984.85,969.0,970.7,7396806
AXISBANK,2023-07-05,969.0,975.5,962.1,966.5,8200047
AXISBANK,2023-07-06,961.0,986.1,961.0,980.95,10221727
AXISBANK,2023-07-07,976.25,989.45,971.8,976.7,6236524
AXISBANK,2023-07-10,976.7,986.0,960.4,964.05,7138850
AXISBANK,2023-07-11,967.9,971.75,950.6,953.2,10616390
AXISBANK,2023-07-12,956.7,957.55,947.0,950.0,10141257
AXISBANK,2023-07-13,956.3,966.0,952.15,960.15,13079930
AXISBANK,2023-07-14,964.45,967.0,947.75,957.05,5383514
AXISBANK,2023-07-17,960.0,968.9,950.45,964.85,8472444
AXISBANK,2023-07-18,964.0,979.95,951.3,963.65,14457717
AXISBANK,2023-07-19,964.0,969.9,956.5,964.3,7574544
AXISBANK,2023-07-20,963.9,979.9,957.6,977.9,15329753
AXISBANK,2023-07-21,971.6,985.0,968.0,971.3,6230317
AXISBANK,2023-07-24,973.45,984.95,968.8,971.5,9167788
AXISBANK,2023-07-25,977.65,977.65,953.8,962.5,13448045
AXISBANK,2023-07-26,966.85,980.0,963.3,976.8,8298226
AXISBANK,2023-07-27,989.35,990.0,955.75,959.9,17858061
AXISBANK,2023-07-28,959.9,969.75,942.2,949.95,8504392
AXISBANK,2023-07-31,954.7,958.6,948.3,953.9,6601991
AXISBANK,2023-08-01,956.0,964.0,952.0,959.9,8409096
AXISBANK,2023-08-02,951.5,958.9,936.6,945.25,9324465
AXISBANK,2023-08-03,944.1,946.6,927.15,935.55,17076611
AXISBANK,2023-08-04,947.0,954.85,934.65,952.25,12376086
AXISBANK,2023-08-07,952.25,955.0,944.55,947.4,10922609
AXISBANK,2023-08-08,950.0,959.9,944.05,952.9,11512735
AXISBANK,2023-08-09,952.0,953.3,944.3,950.0,7701831
AXISBANK,2023-08-10,948.0,951.95,937.3,939.75,13590891
AXISBANK,2023-08-11,937.5,945.7,933.0,937.2,9558237
AXISBANK,2023-08-14,935.0,943.3,928.9,939.95,7172522
AXISBANK,2023-08-16,935.95,940.0,931.3,933.05,7394623
AXISBANK,2023-08-17,935.95,943.0,931.65,936.55,9336994
AXISBANK,2023-08-18,934.85,945.95,931.05,943.05,6648744
AXISBANK,2023-08-21,944.2,954.25,943.95,952.6,6822155
AXISBANK,2023-08-22,953.85,959.1,948.65,957.05,10860061
AXISBANK,2023-08-23,962.0,980.45,958.4,979.25,12677151
AXISBANK,2023-08-24,984.8,994.25,979.1,981.35,11899556
AXISBANK,2023-08-25,974.0,988.2,970.8,983.1,6228241
AXISBANK,2023-08-28,980.1,992.5,980.1,990.2,8451441
AXISBANK,2023-08-29,990.2,991.0,977.5,980.7,8114141
AXISBANK,2023-08-30,983.0,998.0,980.0,983.35,9023083
AXISBANK,2023-08-31,981.8,994.7,968.6,973.5,21558300
AXISBANK,2023-09-01,974.25,993.0,969.0,991.15,10946742
AXISBANK,2023-09-04,993.75,994.55,980.0,982.25,6727188
AXISBANK,2023-09-05,985.45,986.2,977.9,981.45,10548660
AXISBANK,2023-09-06,981.45,983.15,961.8,965.05,16351052
AXISBANK,2023-09-07,965.05,979.8,963.1,978.2,8686550
AXISBANK,2023-09-08,978.2,987.3,972.5,980.3,6439351
AXISBANK,2023-09-11,981.8,1004.0,979.0,1000.4,7130484
AXISBANK,2023-09-12,1010.0,1010.0,998.05,1000.9,8958327
AXISBANK,2023-09-13,1002.95,1017.0,993.7,1014.45,12254423
AXISBANK,2023-09-14,1014.45,1022.4,1009.05,1020.9,7855558
AXISBANK,2023-09-15,1021.0,1031.75,1014.55,1027.15,8986157
AXISBANK,2023-09-18,1021.55,1029.9,1019.0,1024.75,6397319
AXISBANK,2023-09-20,1012.3,1047.5,1012.3,1027.3,13619788
AXISBANK,2023-09-21,1026.6,1033.6,1012.1,1014.45,8156588
AXISBANK,2023-09-22,1010.0,1027.25,1008.0,1018.25,7108110
AXISBANK,2023-09-25,1015.2,1026.0,1005.15,1018.95,7123890
AXISBANK,2023-09-26,1019.0,1020.7,1011.0,1014.15,6387615
AXISBANK,2023-09-27,1009.95,1027.95,1004.0,1025.2,5158686
AXISBANK,2023-09-28,1027.0,1037.95,1025.2,1030.9,15818489
AXISBANK,2023-09-29,1030.9,1041.0,1024.5,1036.7,9528626
AXISBANK,2023-10-03,1035.0,1044.7,1032.6,1041.05,11589322
AXISBANK,2023-10-04,1035.35,1037.0,988.85,995.55,22584212
AXISBANK,2023-10-05,1000.0,1009.2,988.9,1003.25,7950412
AXISBANK,2023-10-06,1005.0,1008.0,999.4,1000.95,5289753
AXISBANK,2023-10-09,994.8,999.7,988.25,996.25,6823214
AXISBANK,2023-10-10,999.9,1014.95,996.5,1012.25,5728499
AXISBANK,2023-10-11,1019.0,1025.65,1012.0,1019.1,7396783
AXISBANK,2023-10-12,1022.0,1031.0,1014.95,1018.45,4920222
AXISBANK,2023-10-13,1009.0,1011.45,992.25,994.05,12173162
AXISBANK,2023-10-16,990.0,1009.45,990.0,1004.8,4646960
AXISBANK,2023-10-17,1008.85,1014.7,1003.1,1008.05,6105067
AXISBANK,2023-10-18,1010.0,1014.1,989.35,992.85,7818946
AXISBANK,2023-10-19,979.7,999.0,979.7,991.4,4836625
AXISBANK,2023-10-20,989.0,992.9,977.75,980.35,5664400
AXISBANK,2023-10-23,980.0,984.9,961.1,964.3,5896695
AXISBANK,2023-10-25,960.0,974.0,951.4,955.45,6957048
AXISBANK,2023-10-26,956.0,975.0,952.75,972.05,17540495
AXISBANK,2023-10-27,980.0,1004.75,973.3,1002.75,13443016
AXISBANK,2023-10-30,1002.75,1002.75,979.2,989.2,5270567
AXISBANK,2023-10-31,998.0,998.0,978.0,981.85,7816805
AXISBANK,2023-11-01,977.85,979.3,968.0,971.8,5703984
AXISBANK,2023-11-02,978.0,988.35,974.0,982.95,5193982
AXISBANK,2023-11-03,986.0,991.4,981.5,988.85,4268048
AXISBANK,2023-11-06,995.0,1016.2,993.1,1009.4,6552178
AXISBANK,2023-11-07,1008.0,1022.2,1005.25,1020.9,6559859
AXISBANK,2023-11-08,1024.0,1026.95,1015.6,1021.7,7643314
AXISBANK,2023-11-09,1024.75,1028.85,1016.65,1021.9,4407935
AXISBANK,2023-11-10,1017.9,1031.0,1016.65,1029.2,3294063
AXISBANK,2023-11-12,1033.9,1033.9,1026.25,1029.95,461834
AXISBANK,2023-11-13,1030.05,1031.85,1023.5,1025.35,5985481
AXISBANK,2023-11-15,1045.0,1045.0,1031.55,1041.35,7240388
AXISBANK,2023-11-16,1042.8,1044.0,1022.15,1026.35,6908825
AXISBANK,2023-11-17,1014.9,1020.0,991.85,994.35,13268353
AXISBANK,2023-11-20,981.0,994.75,980.35,988.7,8215656
AXISBANK,2023-11-21,989.95,997.5,986.65,991.8,7061614
AXISBANK,2023-11-22,991.0,999.9,988.0,998.1,6103988
AXISBANK,2023-11-23,999.0,1003.4,995.4,999.05,3112891
AXISBANK,2023-11-24,1002.0,1010.75,999.7,1008.5,6956281
AXISBANK,2023-11-28,1013.05,1021.95,1009.25,1021.15,6173384
AXISBANK,2023-11-29,1027.15,1063.5,1021.15,1060.15,9422396
AXISBANK,2023-11-30,1062.7,1080.9,1055.45,1074.25,24755589
AXISBANK,2023-12-01,1075.4,1109.0,1070.2,1104.65,14428758
AXISBANK,2023-12-04,1120.5,1129.0,1099.1,1125.6,14043213
AXISBANK,2023-12-05,1136.8,1151.85,1127.15,1132.45,15804808
AXISBANK,2023-12-06,1135.1,1145.7,1117.95,1120.5,7342767
AXISBANK,2023-12-07,1119.25,1129.6,1108.5,1117.85,6439419
AXISBANK,2023-12-08,1115.85,1134.35,1111.5,1131.2,7300989
AXISBANK,2023-12-11,1129.0,1139.4,1113.85,1116.5,6924589
AXISBANK,2023-12-12,1120.0,1133.9,1109.0,1131.0,9044111
AXISBANK,2023-12-13,1150.0,1151.0,1111.45,1114.85,8184523
AXISBANK,2023-12-14,1132.4,1138.6,1117.9,1120.45,9421193
AXISBANK,2023-12-15,1119.2,1127.85,1108.6,1120.35,12048410
AXISBANK,2023-12-18,1119.7,1120.0,1107.2,1111.35,7922468
AXISBANK,2023-12-19,1123.8,1126.85,1114.2,1120.25,6824641
AXISBANK,2023-12-20,1122.0,1123.85,1102.7,1110.25,9848057
AXISBANK,2023-12-21,1103.9,1103.9,1077.2,1095.4,10914682
AXISBANK,2023-12-22,1095.4,1106.3,1085.8,1088.3,10600025
AXISBANK,2023-12-26,1091.2,1100.65,1086.7,1094.25,5687517
AXISBANK,2023-12-27,1096.05,1110.55,1089.65,1106.35,6132936
AXISBANK,2023-12-28,1107.25,1113.0,1098.0,1107.85,14097667
AXISBANK,2023-12-29,1101.45,1106.85,1093.95,1102.3,8786731
AXISBANK,2024-01-01,1095.0,1104.0,1093.0,1097.7,4083732
AXISBANK,2024-01-02,1095.1,1099.35,1082.3,1093.25,7895577
AXISBANK,2024-01-03,1091.0,1102.6,1081.3,1098.6,10225290
AXISBANK,2024-01-04,1103.0,1130.0,1100.05,1123.4,11411683
AXISBANK,2024-01-05,1124.0,1139.9,1119.0,1136.95,8025466
AXISBANK,2024-01-08,1145.0,1146.0,1118.5,1122.0,4735538
AXISBANK,2024-01-09,1128.55,1135.55,1112.35,1116.55,6359362
AXISBANK,2024-01-10,1115.25,1116.0,1099.05,1107.0,5934163
AXISBANK,2024-01-11,1111.05,1127.9,1111.05,1125.75,4683035
AXISBANK,2024-01-12,1126.35,1129.45,1118.05,1120.35,5616755
AXISBANK,2024-01-15,1122.0,1130.45,1116.6,1119.5,6719079
AXISBANK,2024-01-16,1116.65,1127.8,1115.1,1119.1,5229753
AXISBANK,2024-01-17,1082.0,1115.0,1079.2,1082.3,24913719
AXISBANK,2024-01-18,1066.0,1108.75,1066.0,1097.5,11473135
AXISBANK,2024-01-19,1107.15,1126.3,1105.0,1116.55,12303696
AXISBANK,2024-01-20,1121.0,1126.45,1102.8,1121.0,5055594
AXISBANK,2024-01-23,1125.9,1141.6,1078.8,1089.25,18924087
AXISBANK,2024-01-24,1034.8,1073.2,1020.9,1059.15,20884046
AXISBANK,2024-01-25,1058.0,1063.7,1025.8,1042.25,20835434
AXISBANK,2024-01-29,1036.0,1068.0,1036.0,1061.25,11188604
AXISBANK,2024-01-30,1060.05,1070.45,1050.8,1054.1,9426983
AXISBANK,2024-01-31,1048.2,1084.1,1042.7,1067.75,12600390
AXISBANK,2024-02-01,1072.65,1087.65,1056.8,1084.25,9756682
AXISBANK,2024-02-02,1088.05,1096.2,1065.0,1067.05,8667415
AXISBANK,2024-02-05,1067.05,1079.5,1058.0,1061.5,12569454
AXISBANK,2024-02-06,1061.55,1065.1,1048.2,1050.05,8011171
AXISBANK,2024-02-07,1061.05,1073.7,1057.5,1069.1,7281793
AXISBANK,2024-02-08,1072.0,1075.6,1031.65,1035.9,9869141
AXISBANK,2024-02-09,1039.95,1054.9,1034.55,1051.4,8233454
AXISBANK,2024-02-12,1051.4,1057.25,1035.35,1046.7,8694379
AXISBANK,2024-02-13,1051.0,1075.55,1044.8,1070.75,8413609
AXISBANK,2024-02-14,1061.3,1100.9,1060.55,1096.85,16609115
AXISBANK,2024-02-15,1097.5,1097.55,1069.25,1072.2,11780823
AXISBANK,2024-02-16,1073.0,1076.0,1058.0,1068.75,8660907
AXISBANK,2024-02-19,1069.0,1070.0,1060.1,1062.95,7562645
AXISBANK,2024-02-20,1059.0,1090.5,1057.7,1088.6,8722800
AXISBANK,2024-02-21,1093.85,1093.95,1073.1,1084.2,9177213
AXISBANK,2024-02-22,1090.3,1110.7,1081.5,1100.9,14633340
AXISBANK,2024-02-23,1099.0,1107.4,1090.0,1096.8,6250943
AXISBANK,2024-02-26,1093.45,1094.8,1079.65,1085.2,5354189
AXISBANK,2024-02-27,1081.65,1088.55,1072.05,1079.05,6546815
AXISBANK,2024-02-28,1077.4,1085.0,1064.05,1074.2,7643191
AXISBANK,2024-02-29,1071.0,1082.3,1055.35,1075.1,13648997
AXISBANK,2024-03-01,1076.0,1101.7,1076.0,1099.25,4819390
AXISBANK,2024-03-02,1099.3,1104.9,1091.15,1096.7,250465
AXISBANK,2024-03-04,1099.25,1108.9,1093.1,1106.75,5895441
AXISBANK,2024-03-05,1102.2,1110.9,1094.5,1100.8,4851446
AXISBANK,2024-03-06,1100.2,1131.95,1095.35,1125.0,13787638
AXISBANK,2024-03-07,1126.0,1126.9,1107.55,1111.45,6943879
AXISBANK,2024-03-11,1112.25,1120.0,1101.9,1105.1,6751641
AXISBANK,2024-03-12,1105.0,1121.4,1084.25,1097.0,9817138
AXISBANK,2024-03-13,1096.0,1099.55,1070.75,1080.4,11503890
AXISBANK,2024-03-14,1075.0,1081.25,1055.6,1058.25,10253613
AXISBANK,2024-03-15,1056.25,1056.25,1030.25,1046.4,17798175
AXISBANK,2024-03-18,1044.0,1066.9,1043.6,1061.35,7612407
AXISBANK,2024-03-19,1055.55,1060.95,1046.7,1050.8,6728886
AXISBANK,2024-03-20,1050.0,1057.45,1030.95,1034.75,12619644
AXISBANK,2024-03-21,1039.35,1050.55,1028.15,1035.6,9903738
AXISBANK,2024-03-22,1040.1,1047.25,1029.95,1033.3,9891194
AXISBANK,2024-03-26,1029.0,1044.2,1027.5,1040.55,9656767
AXISBANK,2024-03-27,1045.8,1057.55,1044.25,1052.85,17027308
AXISBANK,2024-03-28,1052.85,1058.4,1044.1,1047.2,10235318
AXISBANK,2024-04-01,1052.35,1063.75,1048.9,1053.1,5484556
AXISBANK,2024-04-02,1051.0,1055.85,1040.2,1047.2,13617893
AXISBANK,2024-04-03,1043.8,1070.3,1043.75,1063.25,11573590
AXISBANK,2024-04-04,1070.0,1080.7,1059.15,1062.95,17964844
AXISBANK,2024-04-05,1061.1,1063.0,1048.1,1059.1,9210187
AXISBANK,2024-04-08,1067.0,1079.45,1063.55,1076.05,4967186
AXISBANK,2024-04-09,1090.0,1090.0,1071.35,1080.0,11385226
AXISBANK,2024-04-10,1086.2,1093.0,1080.0,1087.8,9064074
AXISBANK,2024-04-12,1079.5,1096.4,1071.1,1073.45,18045983
AXISBANK,2024-04-15,1063.1,1071.0,1055.25,1057.95,8889435
AXISBANK,2024-04-16,1049.95,1057.85,1044.35,1051.9,7107881
AXISBANK,2024-04-18,1044.15,1051.4,1013.85,1024.0,17832438
AXISBANK,2024-04-19,1015.0,1036.95,995.7,1029.1,21598007
AXISBANK,2024-04-22,1039.0,1058.5,1032.0,1053.95,9410832
AXISBANK,2024-04-23,1058.0,1060.25,1048.75,1055.75,8300012
AXISBANK,2024-04-24,1056.0,1068.95,1056.0,1063.25,5641163
AXISBANK,2024-04-25,1100.0,1133.95,1086.1,1127.0,46136295
AXISBANK,2024-04-26,1130.0,1141.35,1123.0,1130.3,10133766
AXISBANK,2024-04-29,1130.3,1164.0,1125.3,1159.25,15183242
AXISBANK,2024-04-30,1160.15,1182.9,1155.15,1165.9,18965164
AXISBANK,2024-05-02,1156.0,1174.0,1148.0,1149.85,12302236
AXISBANK,2024-05-03,1150.9,1163.25,1134.1,1141.5,9993632
AXISBANK,2024-05-06,1143.9,1156.0,1135.65,1143.65,7490104
AXISBANK,2024-05-07,1146.05,1148.8,1124.05,1127.7,7115509
AXISBANK,2024-05-08,1124.65,1135.45,1118.25,1128.65,8175609
AXISBANK,2024-05-09,1122.0,1134.55,1112.2,1115.65,5226693
AXISBANK,2024-05-10,1123.7,1140.0,1113.35,1120.1,7242718
AXISBANK,2024-05-13,1120.1,1135.4,1105.05,1132.0,5513160
AXISBANK,2024-05-14,1129.95,1136.1,1118.1,1122.85,5471143
AXISBANK,2024-05-15,1125.55,1131.2,1118.6,1128.05,5436338
AXISBANK,2024-05-16,1134.15,1143.95,1111.3,1139.3,10750526
AXISBANK,2024-05-17,1132.0,1146.0,1126.1,1141.35,9909986
AXISBANK,2024-05-18,1142.0,1145.0,1137.0,1143.75,169757
AXISBANK,2024-05-21,1136.0,1145.75,1129.2,1137.65,8162017
AXISBANK,2024-05-22,1142.0,1142.0,1117.95,1126.0,9094033
AXISBANK,2024-05-23,1126.0,1169.65,1125.75,1165.25,12818081
AXISBANK,2024-05-24,1165.5,1177.0,1160.6,1174.0,8814997
AXISBANK,2024-05-27,1178.9,1196.0,1168.0,1187.0,10450046
AXISBANK,2024-05-28,1188.0,1192.4,1179.0,1183.4,4018776
AXISBANK,2024-05-29,1172.0,1185.9,1156.0,1159.75,9418064
AXISBANK,2024-05-30,1155.2,1179.8,1155.0,1167.95,7232217
AXISBANK,2024-05-31,1173.0,1178.0,1153.4,1162.15,10057642
AXISBANK,2024-06-03,1197.05,1242.2,1193.4,1223.9,22197339
AXISBANK,2024-06-04,1224.0,1224.0,1101.55,1131.25,24135989
AXISBANK,2024-06-05,1138.0,1193.0,1110.7,1184.5,21039499
AXISBANK,2024-06-06,1192.1,1195.9,1163.25,1170.95,12006879
AXISBANK,2024-06-07,1178.0,1195.2,1166.75,1186.8,8583998
AXISBANK,2024-06-10,1185.0,1212.4,1185.0,1200.0,9995057
AXISBANK,2024-06-11,1204.45,1209.35,1190.45,1194.6,9390212
AXISBANK,2024-06-12,1192.1,1206.15,1184.1,1187.9,7199718
AXISBANK,2024-06-13,1201.8,1202.0,1173.45,1174.65,5321148
AXISBANK,2024-06-14,1180.95,1184.65,1170.0,1181.05,4451031
AXISBANK,2024-06-18,1194.0,1194.0,1181.15,1191.9,6837181
AXISBANK,2024-06-19,1193.0,1243.35,1185.5,1226.65,17987437
AXISBANK,2024-06-20,1230.1,1241.5,1220.4,1239.5,8206858
AXISBANK,2024-06-21,1246.0,1246.0,1223.75,1237.45,29311314
AXISBANK,2024-06-24,1231.0,1235.75,1225.05,1228.1,6676530
AXISBANK,2024-06-25,1234.45,1278.75,1226.0,1271.45,17607952
AXISBANK,2024-06-26,1281.1,1292.95,1259.2,1285.4,13956370
AXISBANK,2024-06-27,1310.0,1310.0,1280.0,1288.95,22311393
AXISBANK,2024-06-28,1283.1,1289.9,1261.6,1265.25,7167069
AXISBANK,2024-07-01,1273.0,1273.0,1256.45,1261.9,5797015
AXISBANK,2024-07-02,1265.0,1267.85,1238.25,1253.4,9945447
AXISBANK,2024-07-03,1260.0,1288.6,1243.6,1280.0,15171347
AXISBANK,2024-07-04,1288.0,1293.0,1268.5,1280.9,4817380
AXISBANK,2024-07-05,1272.0,1295.4,1270.9,1287.05,8593502
AXISBANK,2024-07-08,1285.0,1297.4,1279.6,1287.85,4216951
AXISBANK,2024-07-09,1284.0,1295.0,1279.2,1289.4,6930340
AXISBANK,2024-07-10,1284.2,1294.0,1275.15,1291.65,9020489
AXISBANK,2024-07-11,1301.05,1301.4,1276.95,1296.75,7848846
AXISBANK,2024-07-12,1293.9,1339.65,1293.9,1317.3,11278987
AXISBANK,2024-07-15,1316.7,1324.4,1305.0,1307.45,11537127
AXISBANK,2024-07-16,1307.45,1318.45,1299.7,1304.0,5433264
AXISBANK,2024-07-18,1300.0,1318.6,1294.5,1309.4,6787511
AXISBANK,2024-07-19,1305.65,1309.0,1288.2,1292.35,4496066
AXISBANK,2024-07-22,1283.35,1292.35,1278.2,1282.5,6695557
AXISBANK,2024-07-23,1288.5,1291.1,1251.0,1263.25,8789327
AXISBANK,2024-07-24,1262.9,1267.35,1226.65,1239.25,10344860
AXISBANK,2024-07-25,1200.0,1200.0,1155.5,1175.9,32979871
AXISBANK,2024-07-26,1165.0,1183.15,1155.25,1177.35,18554648
AXISBANK,2024-07-29,1182.35,1194.6,1163.65,1170.05,19598573
AXISBANK,2024-07-30,1164.1,1180.0,1160.2,1170.0,18090045
AXISBANK,2024-07-31,1157.0,1171.0,1154.0,1166.1,17347076
AXISBANK,2024-08-01,1168.0,1175.65,1165.45,1172.3,11190500
AXISBANK,2024-08-02,1164.0,1167.8,1156.1,1160.85,10581445
AXISBANK,2024-08-05,1142.0,1151.45,1124.3,1133.5,12013362
AXISBANK,2024-08-06,1140.0,1151.0,1123.1,1126.1,8571122
AXISBANK,2024-08-07,1138.8,1144.8,1127.0,1136.8,8370312
AXISBANK,2024-08-08,1133.1,1142.8,1126.0,1138.15,7903428
AXISBANK,2024-08-09,1152.0,1155.7,1139.95,1142.75,6262086
AXISBANK,2024-08-12,1146.0,1169.1,1135.85,1164.3,9078384
AXISBANK,2024-08-13,1161.35,1179.6,1155.4,1159.6,6180463
AXISBANK,2024-08-14,1159.0,1159.0,1148.65,1153.1,5021841
AXISBANK,2024-08-16,1166.4,1170.0,1149.6,1166.85,6107134
AXISBANK,2024-08-19,1169.0,1171.3,1150.2,1153.25,6691823
AXISBANK,2024-08-20,1158.0,1177.0,1154.65,1168.0,6721749
AXISBANK,2024-08-21,1166.6,1178.0,1161.5,1174.4,9480630
AXISBANK,2024-08-22,1179.7,1181.0,1168.95,1169.95,5841326
AXISBANK,2024-08-23,1170.0,1173.95,1163.5,1165.95,5121962
AXISBANK,2024-08-26,1171.7,1175.25,1166.1,1170.3,3392612
AXISBANK,2024-08-27,1170.0,1184.85,1164.25,1181.25,8702113
AXISBANK,2024-08-28,1177.0,1181.7,1169.35,1170.95,5483503
AXISBANK,2024-08-29,1169.0,1179.9,1163.4,1175.4,7290114
AXISBANK,2024-08-30,1177.0,1182.95,1171.85,1175.25,10190506
AXISBANK,2024-09-02,1176.0,1194.0,1174.1,1188.8,6432362
AXISBANK,2024-09-03,1188.0,1193.55,1176.7,1191.6,7920246
AXISBANK,2024-09-04,1182.7,1189.65,1173.3,1177.7,6527941
AXISBANK,2024-09-05,1182.0,1182.85,1173.45,1180.55,4234766
AXISBANK,2024-09-06,1176.0,1181.35,1150.8,1158.75,9874576
AXISBANK,2024-09-09,1158.0,1175.6,1145.0,1170.85,7700940
AXISBANK,2024-09-10,1178.9,1190.85,1173.35,1187.2,8723854
AXISBANK,2024-09-11,1187.2,1194.85,1181.0,1186.1,6000329
AXISBANK,2024-09-12,1190.1,1205.7,1176.75,1203.35,7592871
AXISBANK,2024-09-13,1209.9,1219.55,1201.0,1217.45,6762566
AXISBANK,2024-09-16,1222.0,1234.0,1215.0,1231.05,4039284
AXISBANK,2024-09-17,1235.2,1240.6,1227.6,1232.1,8030427
AXISBANK,2024-09-18,1231.9,1250.4,1225.0,1240.45,8210034
AXISBANK,2024-09-19,1248.45,1261.7,1239.0,1242.7,8449864
AXISBANK,2024-09-20,1244.0,1250.0,1229.9,1245.0,15009629
AXISBANK,2024-09-23,1251.5,1252.45,1240.55,1246.8,5462814
AXISBANK,2024-09-24,1241.1,1247.1,1235.35,1239.55,9225946
AXISBANK,2024-09-25,1238.0,1271.0,1231.1,1268.1,6853324
AXISBANK,2024-09-26,1267.55,1281.65,1262.25,1277.1,7270078
AXISBANK,2024-09-27,1273.0,1281.55,1257.25,1273.15,13372027
AXISBANK,2024-09-30,1263.5,1275.0,1229.35,1232.2,8466919
AXISBANK,2024-10-01,1228.1,1242.95,1224.65,1226.65,11164280
AXISBANK,2024-10-03,1207.5,1219.15,1173.1,1175.7,17300892
AXISBANK,2024-10-04,1175.5,1202.8,1174.0,1178.4,13064515
AXISBANK,2024-10-07,1182.95,1184.85,1130.9,1145.7,20047013
AXISBANK,2024-10-08,1153.0,1168.35,1142.5,1153.3,8464570
AXISBANK,2024-10-09,1154.0,1185.0,1154.0,1170.15,9807734
AXISBANK,2024-10-10,1177.0,1191.0,1175.05,1184.25,6806243
AXISBANK,2024-10-11,1182.5,1188.2,1166.0,1172.45,4754158
AXISBANK,2024-10-14,1171.55,1175.0,1156.6,1164.35,9765296
AXISBANK,2024-10-15,1166.1,1172.0,1149.5,1153.85,8741516
AXISBANK,2024-10-16,1151.0,1162.95,1148.1,1153.2,7739854
AXISBANK,2024-10-17,1151.0,1151.35,1124.0,1131.85,6595231
AXISBANK,2024-10-18,1158.0,1203.85,1156.05,1196.85,20829666
AXISBANK,2024-10-21,1196.85,1214.8,1185.55,1190.3,7456038
AXISBANK,2024-10-22,1194.25,1198.0,1173.35,1175.75,7256246
AXISBANK,2024-10-23,1175.1,1183.15,1158.65,1160.4,6501834
AXISBANK,2024-10-24,1165.0,1175.2,1154.65,1167.35,5046700
AXISBANK,2024-10-25,1187.0,1201.75,1170.0,1189.35,12798716
AXISBANK,2024-10-28,1194.0,1194.0,1167.05,1171.6,8572243
AXISBANK,2024-10-29,1176.4,1191.2,1157.6,1186.85,9908946
AXISBANK,2024-10-30,1178.75,1187.65,1164.3,1170.4,9686560
AXISBANK,2024-10-31,1165.5,1178.0,1153.85,1159.55,8682294
AXISBANK,2024-11-01,1164.05,1172.5,1164.0,1169.55,460781
AXISBANK,2024-11-04,1172.0,1176.95,1135.45,1139.25,9288653
AXISBANK,2024-11-05,1138.95,1174.9,1133.45,1171.7,11701049
AXISBANK,2024-11-06,1171.8,1183.55,1161.45,1166.5,10353506
AXISBANK,2024-11-07,1168.6,1172.9,1151.05,1159.9,6252889
AXISBANK,2024-11-08,1156.0,1167.75,1151.1,1160.95,3786168
AXISBANK,2024-11-11,1152.0,1176.8,1142.95,1171.0,6620678
AXISBANK,2024-11-12,1171.65,1187.0,1153.8,1158.15,9606088
AXISBANK,2024-11-13,1151.9,1165.5,1135.1,1139.15,8079113
AXISBANK,2024-11-14,1137.55,1150.75,1131.6,1140.7,5975873
AXISBANK,2024-11-18,1131.2,1135.0,1121.55,1126.2,9474971
AXISBANK,2024-11-19,1130.0,1139.0,1122.05,1133.95,19225966
AXISBANK,2024-11-21,1138.0,1152.0,1115.75,1139.15,8126248
AXISBANK,2024-11-22,1136.65,1147.9,1127.55,1142.4,16687505
AXISBANK,2024-11-25,1160.0,1164.5,1142.0,1155.9,12385823
AXISBANK,2024-11-26,1157.1,1159.6,1142.65,1144.8,5127437
AXISBANK,2024-11-27,1145.2,1155.45,1133.55,1149.65,5989943
AXISBANK,2024-11-28,1148.5,1154.45,1129.4,1132.5,10731275
AXISBANK,2024-11-29,1133.55,1140.9,1127.7,1136.3,6406277
AXISBANK,2024-12-02,1132.7,1141.4,1126.6,1137.1,4785858
AXISBANK,2024-12-03,1144.4,1164.9,1138.0,1160.5,8382042
AXISBANK,2024-12-04,1157.5,1168.0,1153.9,1159.45,18379798
AXISBANK,2024-12-05,1164.0,1176.9,1150.1,1166.4,10640451
AXISBANK,2024-12-06,1167.5,1193.85,1160.0,1184.55,7542210
AXISBANK,2024-12-09,1184.25,1186.0,1161.0,1163.25,6308112
AXISBANK,2024-12-10,1157.0,1165.05,1151.25,1153.65,4714389
AXISBANK,2024-12-11,1150.0,1158.35,1144.55,1147.25,7788242
AXISBANK,2024-12-12,1145.0,1154.55,1143.6,1145.65,4825283
AXISBANK,2024-12-13,1141.0,1152.7,1113.65,1148.15,8731618
AXISBANK,2024-12-16,1146.5,1155.0,1141.75,1150.9,3975202
AXISBANK,2024-12-17,1145.25,1151.85,1130.0,1136.25,7292817
AXISBANK,2024-12-18,1136.2,1139.9,1115.95,1122.25,7222127
AXISBANK,2024-12-19,1104.9,1119.05,1101.05,1108.9,11677610
AXISBANK,2024-12-20,1103.95,1105.85,1065.0,1071.85,12623056
AXISBANK,2024-12-23,1075.1,1083.55,1072.4,1079.15,3886921
AXISBANK,2024-12-24,1077.3,1084.75,1076.0,1078.9,4343694
AXISBANK,2024-12-26,1083.0,1092.6,1072.75,1076.7,4775460
AXISBANK,2024-12-27,1078.1,1086.25,1076.0,1077.45,3801667
AXISBANK,2024-12-30,1074.1,1096.5,1063.95,1069.95,9452155
AXISBANK,2024-12-31,1062.0,1070.45,1058.5,1064.7,5292136
AXISBANK,2025-01-01,1064.15,1076.95,1053.95,1071.8,2985355
AXISBANK,2025-01-02,1072.0,1088.7,1067.5,1086.6,6557076
AXISBANK,2025-01-03,1086.0,1093.5,1079.8,1084.9,7357220
AXISBANK,2025-01-06,1087.75,1090.0,1059.9,1063.4,5283413
AXISBANK,2025-01-07,1064.55,1070.5,1056.0,1067.5,4619462
AXISBANK,2025-01-08,1063.75,1082.35,1059.1,1074.95,8780098
AXISBANK,2025-01-09,1079.6,1080.15,1054.25,1061.75,9054190
AXISBANK,2025-01-10,1056.25,1064.85,1037.0,1040.7,5612886
AXISBANK,2025-01-13,1026.6,1063.0,1023.25,1049.3,7180930
AXISBANK,2025-01-14,1052.95,1061.0,1045.5,1051.65,6892897
AXISBANK,2025-01-15,1043.0,1052.9,1014.65,1026.8,11418721
AXISBANK,2025-01-16,1033.9,1046.45,1027.05,1038.0,10261727
AXISBANK,2025-01-17,1000.0,1011.7,974.6,991.05,33831617
AXISBANK,2025-01-20,992.05,994.2,976.5,988.05,33440507
AXISBANK,2025-01-21,993.6,994.45,963.0,970.2,11894500
AXISBANK,2025-01-22,975.75,975.75,954.0,959.3,17303146
AXISBANK,2025-01-23,954.0,963.7,948.0,951.05,24649522
AXISBANK,2025-01-24,948.0,961.8,946.1,948.5,14421921
AXISBANK,2025-01-27,943.1,949.75,933.5,948.1,12713296
AXISBANK,2025-01-28,960.0,993.85,958.2,983.8,21781371
AXISBANK,2025-01-29,988.0,988.65,977.6,983.4,11175206
AXISBANK,2025-01-30,984.65,991.4,974.8,984.7,10473118
AXISBANK,2025-01-31,982.0,990.0,978.05,986.1,9036312
AXISBANK,2025-02-01,989.5,1004.95,982.0,998.15,4830391
AXISBANK,2025-02-03,987.1,1000.5,983.35,989.4,7124605
AXISBANK,2025-02-04,994.0,1017.1,987.8,1015.3,16058171
AXISBANK,2025-02-05,1020.6,1022.05,1010.5,1013.3,7858373
AXISBANK,2025-02-06,1012.0,1021.85,1010.05,1020.7,5815563
AXISBANK,2025-02-07,1019.5,1027.35,1007.65,1024.1,8638651
AXISBANK,2025-02-10,1021.0,1026.75,1006.2,1011.75,3960565
AXISBANK,2025-02-11,1009.0,1016.35,1002.6,1007.4,4808215
AXISBANK,2025-02-12,1000.0,1010.65,984.0,1006.9,7669283
AXISBANK,2025-02-13,1003.0,1017.45,1001.05,1008.2,6348246
AXISBANK,2025-02-14,1010.55,1016.0,987.65,997.5,5375755
AXISBANK,2025-02-17,992.45,999.65,978.05,992.95,7166803
AXISBANK,2025-02-18,992.95,997.35,986.55,994.15,3090004
AXISBANK,2025-02-19,991.65,1013.45,988.15,1011.35,6401381
AXISBANK,2025-02-20,1008.4,1019.65,1006.5,1017.2,5011212
AXISBANK,2025-02-21,1012.0,1021.9,1000.65,1008.95,5019937
AXISBANK,2025-02-24,1001.35,1013.0,998.55,1010.05,4265454
AXISBANK,2025-02-25,1004.0,1013.7,997.1,1009.1,5708975
AXISBANK,2025-02-27,1007.65,1023.55,1005.15,1016.7,9777690
AXISBANK,2025-02-28,1014.8,1035.5,1009.95,1015.55,15026849
AXISBANK,2025-03-03,1017.05,1019.4,992.0,1007.25,6763184
AXISBANK,2025-03-04,1001.1,1011.1,998.6,1001.8,5786420
AXISBANK,2025-03-05,1003.0,1017.4,1002.55,1014.45,5133873
AXISBANK,2025-03-06,1022.6,1039.5,1015.15,1034.1,7861120
AXISBANK,2025-03-07,1033.7,1050.35,1030.7,1037.65,7597321
AXISBANK,2025-03-10,1036.0,1050.5,1032.35,1035.85,5995655
AXISBANK,2025-03-11,1030.4,1036.8,1021.1,1025.65,4771085
AXISBANK,2025-03-12,1025.2,1029.8,999.2,1011.2,7504702
AXISBANK,2025-03-13,1015.0,1016.0,1005.1,1010.2,4004140
AXISBANK,2025-03-17,1011.1,1039.0,1011.1,1034.15,5938668
AXISBANK,2025-03-18,1044.15,1054.25,1033.7,1045.25,7365940
AXISBANK,2025-03-19,1047.8,1058.55,1043.5,1052.05,4822365
AXISBANK,2025-03-20,1056.25,1058.9,1046.9,1054.35,3742644
AXISBANK,2025-03-21,1054.35,1075.55,1050.55,1070.15,6848565
AXISBANK,2025-03-24,1082.0,1104.95,1073.7,1097.85,8284863
AXISBANK,2025-03-25,1109.95,1123.5,1096.35,1118.55,11720528
AXISBANK,2025-03-26,1115.0,1118.85,1089.05,1096.25,7127060
AXISBANK,2025-03-27,1092.0,1108.0,1088.1,1098.35,8508917
AXISBANK,2025-03-28,1098.4,1107.0,1086.5,1102.0,4921190
AXISBANK,2025-04-01,1093.2,1101.25,1070.0,1085.6,6638140
AXISBANK,2025-04-02,1091.7,1095.6,1080.75,1084.45,4065344
AXISBANK,2025-04-03,1078.9,1091.95,1075.3,1089.85,5345660
AXISBANK,2025-04-04,1081.5,1101.9,1075.45,1091.3,6059991
AXISBANK,2025-04-07,1035.0,1069.0,1032.35,1047.95,9720457
AXISBANK,2025-04-08,1061.0,1084.95,1060.3,1077.85,8723357
AXISBANK,2025-04-09,1073.1,1081.85,1058.0,1061.65,6690201
AXISBANK,2025-04-11,1063.3,1072.7,1057.55,1068.95,8144072
AXISBANK,2025-04-15,1090.0,1117.0,1083.0,1112.8,9320299
AXISBANK,2025-04-16,1122.7,1163.5,1112.6,1161.3,12836428
AXISBANK,2025-04-17,1155.6,1199.2,1153.6,1190.8,13446336
AXISBANK,2025-04-21,1202.0,1238.7,1198.1,1223.0,15166580
AXISBANK,2025-04-22,1230.4,1235.0,1212.1,1216.8,8461710
AXISBANK,2025-04-23,1225.3,1230.0,1194.9,1206.9,9433911
AXISBANK,2025-04-24,1199.1,1220.0,1199.1,1207.1,9078137
AXISBANK,2025-04-25,1177.0,1179.9,1146.0,1166.3,17243807
AXISBANK,2025-04-28,1166.3,1196.0,1164.3,1192.8,5523502
AXISBANK,2025-04-29,1194.0,1210.0,1184.4,1187.3,6074520
AXISBANK,2025-04-30,1185.1,1193.9,1175.0,1185.0,6288257
AXISBANK,2025-05-02,1182.1,1210.5,1180.1,1182.2,6567678
AXISBANK,2025-05-05,1190.0,1190.0,1164.3,1173.2,7236056
AXISBANK,2025-05-06,1178.0,1178.8,1157.7,1161.4,5348267
AXISBANK,2025-05-07,1159.0,1168.6,1152.9,1161.3,4263817
AXISBANK,2025-05-08,1170.0,1179.0,1165.6,1172.2,9912347
AXISBANK,2025-05-09,1160.0,1172.2,1148.5,1151.1,5379571
AXISBANK,2025-05-12,1185.0,1209.0,1175.2,1203.0,7616208
AXISBANK,2025-05-13,1205.2,1214.8,1190.0,1193.6,5569926
AXISBANK,2025-05-14,1195.9,1199.4,1185.9,1195.5,4084921
AXISBANK,2025-05-15,1197.0,1217.0,1185.0,1209.1,6705748
AXISBANK,2025-05-16,1206.0,1213.3,1203.2,1208.8,4016269
AXISBANK,2025-05-19,1208.0,1219.0,1201.1,1202.8,4550022
AXISBANK,2025-05-20,1208.0,1210.7,1192.9,1195.8,4724482
AXISBANK,2025-05-21,1197.1,1204.9,1182.7,1197.8,3712472
AXISBANK,2025-05-22,1196.7,1196.7,1177.5,1188.5,4795583
AXISBANK,2025-05-23,1188.5,1213.1,1188.1,1210.1,3676469
AXISBANK,2025-05-26,1216.2,1224.2,1208.7,1215.2,3607612
AXISBANK,2025-05-27,1215.2,1216.7,1190.4,1195.6,7249163
AXISBANK,2025-05-28,1195.6,1202.2,1191.7,1194.7,3525421
AXISBANK,2025-05-29,1200.0,1209.0,1189.0,1201.7,7788068
AXISBANK,2025-05-30,1201.4,1208.8,1189.6,1192.2,9998488
AXISBANK,2025-06-02,1189.8,1200.9,1179.2,1194.4,3761853
AXISBANK,2025-06-03,1195.0,1198.9,1174.9,1181.5,8155665
AXISBANK,2025-06-04,1181.8,1191.3,1168.6,1171.0,4306355
AXISBANK,2025-06-05,1172.5,1175.5,1157.0,1159.0,10481600
AXISBANK,2025-06-06,1158.9,1201.2,1151.2,1194.6,14715421
AXISBANK,2025-06-09,1212.5,1224.5,1206.2,1219.9,9138108
AXISBANK,2025-06-10,1224.4,1235.9,1218.4,1232.8,7747558
AXISBANK,2025-06-11,1232.6,1241.8,1228.1,1231.4,4135775
AXISBANK,2025-06-12,1231.0,1237.1,1210.8,1212.9,3461744
AXISBANK,2025-06-13,1198.0,1211.7,1195.6,1205.8,3906868
AXISBANK,2025-06-16,1206.1,1218.0,1196.0,1215.4,5697424
AXISBANK,2025-06-17,1215.4,1227.0,1211.3,1215.1,4492946
AXISBANK,2025-06-18,1209.8,1223.3,1203.9,1221.0,3135662
AXISBANK,2025-06-19,1218.0,1227.8,1213.8,1217.5,4243763
AXISBANK,2025-06-20,1217.5,1226.0,1214.2,1220.7,4652390
AXISBANK,2025-06-23,1212.6,1222.9,1205.6,1214.1,2312469
AXISBANK,2025-06-24,1222.9,1238.4,1215.6,1221.2,6745788
AXISBANK,2025-06-25,1226.3,1226.3,1211.0,1213.3,4229259
AXISBANK,2025-06-26,1215.2,1239.0,1211.2,1233.5,8678448
AXISBANK,2025-06-27,1236.9,1247.0,1220.4,1225.1,6068274
AXISBANK,2025-06-30,1228.9,1236.0,1193.1,1199.2,6559872
AXISBANK,2025-07-01,1202.0,1202.0,1167.0,1173.3,8702198
AXISBANK,2025-07-02,1180.0,1181.9,1172.0,1175.3,5471100
AXISBANK,2025-07-03,1178.0,1181.0,1168.0,1171.1,6237185
AXISBANK,2025-07-04,1174.0,1179.5,1162.0,1177.6,3926186
AXISBANK,2025-07-07,1177.6,1177.6,1167.6,1175.1,5783402
AXISBANK,2025-07-08,1180.0,1180.0,1161.9,1165.4,9973619
AXISBANK,2025-07-09,1160.0,1171.0,1158.6,1164.7,8674795
AXISBANK,2025-07-10,1170.1,1176.6,1163.0,1164.3,4339755
AXISBANK,2025-07-11,1162.0,1175.9,1160.6,1173.8,4468654
AXISBANK,2025-07-14,1179.0,1179.9,1163.0,1172.7,4772502
AXISBANK,2025-07-15,1174.0,1179.0,1162.3,1165.9,4776756
AXISBANK,2025-07-16,1164.9,1174.0,1157.1,1168.4,4388279
AXISBANK,2025-07-17,1170.0,1172.9,1154.8,1159.8,5694428
AXISBANK,2025-07-18,1090.0,1115.9,1086.0,1099.3,38053695
AXISBANK,2025-07-21,1086.0,1101.5,1071.9,1099.6,15905500
AXISBANK,2025-07-22,1102.0,1110.6,1095.0,1098.0,9999957
AXISBANK,2025-07-23,1099.5,1110.5,1098.1,1104.8,6633979
AXISBANK,2025-07-24,1104.0,1105.0,1089.4,1095.1,9901209
AXISBANK,2025-07-25,1086.1,1101.0,1076.2,1086.1,11779887
AXISBANK,2025-07-28,1080.9,1092.2,1067.4,1073.6,9029557
AXISBANK,2025-07-29,1070.9,1078.7,1055.4,1064.2,15599773
AXISBANK,2025-07-30,1070.5,1080.6,1062.0,1073.3,8247433
AXISBANK,2025-07-31,1066.0,1081.3,1063.9,1068.4,7634413
AXISBANK,2025-08-01,1065.0,1070.9,1060.0,1062.4,5545447
AXISBANK,2025-08-04,1064.4,1070.0,1059.0,1068.6,4465845
AXISBANK,2025-08-05,1068.0,1079.9,1062.5,1070.8,5318081
AXISBANK,2025-08-06,1074.0,1077.7,1065.6,1071.0,4216651
AXISBANK,2025-08-07,1067.8,1079.7,1064.5,1076.2,5321131
AXISBANK,2025-08-08,1073.0,1080.4,1054.2,1058.1,5084903
AXISBANK,2025-08-11,1058.1,1075.4,1052.6,1073.3,5452775
AXISBANK,2025-08-12,1071.1,1076.6,1066.3,1070.0,4573025
AXISBANK,2025-08-13,1071.1,1072.8,1063.2,1066.0,4966778
AXISBANK,2025-08-14,1067.0,1072.4,1062.0,1068.2,6761305
AXISBANK,2025-08-18,1080.0,1090.0,1079.4,1082.6,7964987
AXISBANK,2025-08-19,1078.0,1095.0,1075.8,1083.2,5661531
AXISBANK,2025-08-20,1081.0,1083.7,1077.8,1080.2,3034728
AXISBANK,2025-08-21,1090.0,1090.0,1076.4,1078.9,6459262
AXISBANK,2025-08-22,1076.0,1078.5,1069.5,1070.9,3853718
AXISBANK,2025-08-25,1073.0,1074.5,1068.2,1070.0,2711278
AXISBANK,2025-08-26,1068.0,1069.8,1048.0,1050.1,7197666
AXISBANK,2025-08-28,1057.0,1059.5,1047.0,1051.9,8564803
AXISBANK,2025-08-29,1052.1,1063.0,1042.5,1045.2,4718016
AXISBANK,2025-09-01,1047.6,1064.0,1047.6,1061.5,3190426
AXISBANK,2025-09-02,1061.5,1064.9,1049.0,1056.2,4933541
AXISBANK,2025-09-03,1056.2,1064.9,1045.0,1054.7,8303296
AXISBANK,2025-09-04,1058.2,1062.2,1047.3,1050.4,8088417
AXISBANK,2025-09-05,1056.6,1058.0,1047.8,1055.9,2849589
AXISBANK,2025-09-08,1055.9,1063.0,1054.0,1055.5,2260147
AXISBANK,2025-09-09,1057.5,1059.0,1048.7,1052.2,4310419
AXISBANK,2025-09-10,1058.0,1074.1,1055.1,1070.1,5241075
AXISBANK,2025-09-11,1069.0,1093.0,1069.0,1087.4,5227539
AXISBANK,2025-09-12,1088.4,1108.7,1088.4,1105.3,6014850
AXISBANK,2025-09-15,1105.0,1110.0,1100.0,1104.4,3881807
AXISBANK,2025-09-16,1105.7,1127.1,1104.0,1121.2,7965606
AXISBANK,2025-09-17,1121.3,1128.5,1116.1,1126.0,5590739
AXISBANK,2025-09-18,1129.0,1134.4,1121.2,1133.0,5713032
AXISBANK,2025-09-19,1133.0,1144.1,1126.6,1135.9,8910732
AXISBANK,2025-09-22,1136.0,1147.6,1131.2,1144.4,7689900
AXISBANK,2025-09-23,1146.0,1172.8,1141.9,1170.8,16079093
AXISBANK,2025-09-24,1168.0,1172.8,1154.0,1158.9,12812055
AXISBANK,2025-09-25,1154.7,1171.8,1153.4,1166.6,11188302
AXISBANK,2025-09-26,1161.6,1169.7,1148.0,1154.0,5618932
AXISBANK,2025-09-29,1155.4,1158.3,1126.7,1132.2,9693881
AXISBANK,2025-09-30,1130.0,1137.0,1125.4,1131.6,8165203
AXISBANK,2025-10-01,1132.5,1164.8,1131.0,1159.5,9655009
AXISBANK,2025-10-03,1171.0,1188.0,1169.5,1181.0,11095015
AXISBANK,2025-10-06,1185.0,1215.2,1182.1,1212.8,20128505
AXISBANK,2025-10-07,1212.0,1212.0,1184.0,1186.8,8620156
AXISBANK,2025-10-08,1180.1,1194.8,1174.1,1180.6,5160430
AXISBANK,2025-10-09,1178.0,1187.3,1163.1,1167.4,7194651
AXISBANK,2025-10-10,1168.0,1191.7,1165.2,1180.4,6933035
AXISBANK,2025-10-13,1171.0,1193.6,1167.5,1189.6,4138448
AXISBANK,2025-10-14,1191.8,1191.8,1166.6,1176.8,5742538
AXISBANK,2025-10-15,1180.0,1181.7,1164.0,1169.6,6328142
AXISBANK,2025-10-16,1216.4,1216.9,1185.3,1196.3,17747171
AXISBANK,2025-10-17,1196.3,1212.9,1191.6,1200.2,6404414
AXISBANK,2025-10-20,1207.9,1231.7,1207.0,1226.0,7418616
AXISBANK,2025-10-21,1225.8,1238.8,1222.0,1237.3,1940248
AXISBANK,2025-10-23,1246.0,1276.1,1241.3,1258.8,14611221
AXISBANK,2025-10-24,1254.2,1256.0,1240.1,1241.9,4882046
AXISBANK,2025-10-27,1243.4,1258.5,1242.6,1254.1,6185072
AXISBANK,2025-10-28,1249.0,1258.9,1236.6,1246.3,8146777
AXISBANK,2025-10-29,1246.9,1251.0,1239.2,1248.8,4578825
AXISBANK,2025-10-30,1243.0,1248.0,1235.0,1238.6,4017532
AXISBANK,2025-10-31,1243.0,1245.4,1231.0,1232.8,4106607
AXISBANK,2025-11-03,1226.0,1241.0,1222.3,1233.7,6118907
AXISBANK,2025-11-04,1230.1,1235.9,1222.8,1226.6,3299345
AXISBANK,2025-11-06,1225.0,1239.6,1225.0,1228.5,3733721
AXISBANK,2025-11-07,1227.0,1228.8,1217.0,1222.8,3461466
AXISBANK,2025-11-10,1222.0,1232.8,1215.5,1217.0,4140568
AXISBANK,2025-11-11,1218.1,1225.0,1209.4,1222.5,5615453
AXISBANK,2025-11-12,1227.9,1232.7,1216.5,1221.6,6782513
AXISBANK,2025-11-13,1219.0,1234.8,1213.2,1225.2,3345231
AXISBANK,2025-11-14,1224.0,1246.0,1222.0,1241.6,5197740
AXISBANK,2025-11-17,1243.9,1261.0,1240.4,1249.6,4088026
AXISBANK,2025-11-18,1250.0,1273.5,1247.6,1265.4,10175969
AXISBANK,2025-11-19,1268.0,1273.0,1257.8,1270.4,4101288
AXISBANK,2025-11-20,1275.0,1287.3,1262.6,1285.2,4617594
AXISBANK,2025-11-21,1284.0,1284.5,1273.0,1275.8,6363593
AXISBANK,2025-11-24,1279.2,1290.9,1266.6,1269.0,10491953
AXISBANK,2025-11-25,1269.1,1276.7,1263.7,1266.3,5290156
AXISBANK,2025-11-26,1271.9,1292.8,1269.3,1290.2,4842021
AXISBANK,2025-11-27,1297.0,1304.0,1281.0,1287.3,5924706
AXISBANK,2025-11-28,1287.3,1289.0,1275.0,1279.7,3093636
AXISBANK,2025-12-01,1288.0,1289.0,1268.5,1275.7,4098016
AXISBANK,2025-12-02,1270.7,1281.0,1255.1,1258.0,8115347
AXISBANK,2025-12-03,1255.0,1272.9,1255.0,1270.7,3582794
AXISBANK,2025-12-04,1270.7,1282.8,1269.4,1280.0,3216108
AXISBANK,2025-12-05,1275.2,1285.0,1267.3,1282.5,2728214
AXISBANK,2025-12-08,1284.0,1288.8,1265.1,1273.8,2969478
AXISBANK,2025-12-09,1272.0,1281.4,1263.2,1275.9,4239279
AXISBANK,2025-12-10,1273.0,1284.0,1268.3,1278.6,2928746
AXISBANK,2025-12-11,1277.4,1282.0,1271.0,1272.7,2017404
AXISBANK,2025-12-12,1278.0,1291.0,1277.9,1286.1,2281078
AXISBANK,2025-12-15,1285.0,1290.4,1280.0,1284.8,1634472
AXISBANK,2025-12-16,1277.1,1277.6,1216.9,1219.6,11542048
AXISBANK,2025-12-17,1220.6,1236.0,1220.3,1224.7,5147181
AXISBANK,2025-12-18,1226.1,1238.5,1220.2,1229.8,3441592
AXISBANK,2025-12-19,1236.7,1241.5,1229.1,1230.6,5055047
AXISBANK,2025-12-22,1235.0,1236.9,1226.8,1233.2,2405809
AXISBANK,2025-12-23,1239.0,1239.0,1223.5,1225.0,2920318
AXISBANK,2025-12-24,1230.0,1235.4,1224.7,1226.3,3155506
AXISBANK,2025-12-26,1225.0,1229.9,1222.0,1228.2,1665983
AXISBANK,2025-12-29,1228.2,1233.9,1219.0,1232.0,2209655
AXISBANK,2025-12-30,1233.0,1252.1,1232.0,1246.0,5673233
AXISBANK,2025-12-31,1246.0,1271.5,1245.0,1269.4,3711090
AXISBANK,2026-01-01,1270.0,1279.2,1263.8,1274.4,2022412
AXISBANK,2026-01-02,1273.9,1281.8,1264.3,1266.9,5860547
AXISBANK,2026-01-05,1274.2,1289.7,1270.0,1285.8,6177100
AXISBANK,2026-01-06,1304.6,1304.6,1285.4,1293.8,6751769
AXISBANK,2026-01-07,1293.0,1299.0,1284.0,1295.5,5440002
AXISBANK,2026-01-08,1291.1,1303.2,1283.8,1286.8,3949654
AXISBANK,2026-01-09,1286.8,1295.3,1270.1,1272.0,5531427
AXISBANK,2026-01-12,1274.7,1279.6,1266.5,1274.2,6489750
AXISBANK,2026-01-13,1274.0,1284.0,1258.7,1262.0,5163166
AXISBANK,2026-01-14,1255.0,1308.0,1253.5,1298.8,7776704
AXISBANK,2026-01-16,1298.8,1309.0,1286.5,1294.2,5175495
AXISBANK,2026-01-19,1307.0,1327.0,1297.1,1307.5,8833223
AXISBANK,2026-01-20,1306.1,1310.9,1290.0,1293.5,6268527
AXISBANK,2026-01-21,1290.0,1297.7,1267.4,1284.9,3854702
AXISBANK,2026-01-22,1290.0,1298.9,1281.4,1294.8,5949677
AXISBANK,2026-01-23,1297.0,1299.0,1248.0,1258.0,8885549
AXISBANK,2026-01-27,1288.8,1333.2,1278.4,1315.8,22715357
AXISBANK,2026-01-28,1348.0,1369.4,1310.2,1319.8,15426403
AXISBANK,2026-01-29,1318.0,1367.0,1306.0,1363.7,16107684
AXISBANK,2026-01-30,1352.0,1378.7,1352.0,1370.4,14758482
AXISBANK,2026-02-01,1373.2,1384.9,1332.1,1340.4,3021528
AXISBANK,2026-02-02,1339.0,1352.7,1302.9,1311.5,8647298
AXISBANK,2026-02-03,1403.0,1418.3,1345.5,1356.2,10384723
AXISBANK,2026-02-04,1369.7,1369.9,1336.6,1338.7,6672251
AXISBANK,2026-02-05,1340.0,1340.0,1317.4,1330.6,3766488
AXISBANK,2026-02-06,1325.0,1346.4,1324.7,1341.6,5876574
AXISBANK,2026-02-09,1350.0,1350.0,1330.7,1341.4,4077536
AXISBANK,2026-02-10,1352.6,1360.1,1343.3,1356.7,5478998
AXISBANK,2026-02-11,1358.0,1360.0,1344.8,1347.3,3866272
AXISBANK,2026-02-12,1347.9,1357.7,1336.2,1340.0,4152620
AXISBANK,2026-02-13,1341.3,1346.5,1316.1,1332.3,4624549
AXISBANK,2026-02-16,1324.0,1361.9,1324.0,1358.3,5082167
AXISBANK,2026-02-17,1358.3,1360.9,1350.4,1357.2,4513065
AXISBANK,2026-02-18,1363.0,1378.5,1353.8,1377.0,5556076
AXISBANK,2026-02-19,1381.1,1382.8,1351.0,1356.6,2744704
AXISBANK,2026-02-20,1351.0,1376.5,1351.0,1368.3,3791536
AXISBANK,2026-02-23,1380.5,1402.0,1380.2,1386.7,6160153
AXISBANK,2026-02-24,1398.0,1398.0,1383.5,1387.6,7888492
AXISBANK,2026-02-25,1394.0,1404.3,1387.6,1403.0,4379373
AXISBANK,2026-02-26,1403.0,1405.7,1386.0,1395.5,8979547
AXISBANK,2026-02-27,1387.0,1395.5,1381.0,1383.9,5840317
AXISBANK,2026-03-02,1369.1,1384.7,1353.6,1372.3,5132511
AXISBANK,2026-03-04,1344.5,1357.6,1327.0,1351.3,5832353
AXISBANK,2026-03-05,1354.9,1355.8,1335.3,1349.1,6057499
AXISBANK,2026-03-06,1347.0,1347.9,1313.5,1315.8,11629935
AXISBANK,2026-03-09,1282.2,1291.0,1260.8,1288.3,7926265
AXISBANK,2026-03-10,1295.2,1319.5,1284.6,1314.7,6289277
AXISBANK,2026-03-11,1310.0,1317.5,1252.7,1255.8,6859908
AXISBANK,2026-03-12,1243.2,1251.1,1231.8,1234.5,9663320
AXISBANK,2026-03-13,1224.0,1234.5,1194.3,1197.3,9098187
AXISBANK,2026-03-16,1199.2,1219.9,1180.1,1214.7,8743794
AXISBANK,2026-03-17,1219.7,1232.3,1210.0,1228.1,5707317
AXISBANK,2026-03-18,1228.0,1260.0,1224.2,1253.2,6018952
AXISBANK,2026-03-19,1221.0,1241.5,1202.0,1207.0,8264698
AXISBANK,2026-03-20,1208.6,1231.8,1199.7,1203.9,7518686
AXISBANK,2026-03-23,1181.0,1185.1,1165.0,1170.6,6697446
AXISBANK,2026-03-24,1187.0,1202.8,1169.6,1192.7,8274701
AXISBANK,2026-03-25,1200.0,1239.0,1198.0,1222.1,9645791
AXISBANK,2026-03-27,1209.5,1213.5,1202.0,1205.2,9479301
AXISBANK,2026-03-30,1185.1,1188.8,1153.9,1161.3,18534887
AXISBANK,2026-04-01,1175.0,1208.0,1175.0,1193.1,6595695
AXISBANK,2026-04-02,1174.6,1202.3,1150.3,1197.9,9501543
AXISBANK,2026-04-06,1202.1,1249.8,1196.4,1245.3,7847086
AXISBANK,2026-04-07,1237.8,1255.5,1221.0,1250.1,9248545
AXISBANK,2026-04-08,1300.1,1335.6,1300.1,1333.0,13519723
AXISBANK,2026-04-09,1322.3,1338.6,1312.8,1318.5,6542529
AXISBANK,2026-04-10,1328.8,1358.6,1326.1,1350.8,6755589
AXISBANK,2026-04-13,1318.0,1366.9,1315.3,1353.6,8974851
AXISBANK,2026-04-15,1367.0,1384.5,1349.0,1355.5,6789879
AXISBANK,2026-04-16,1362.0,1364.5,1343.0,1349.6,5232398
AXISBANK,2026-04-17,1353.0,1364.3,1344.1,1359.1,4062181
AXISBANK,2026-04-20,1359.5,1374.0,1348.0,1354.7,4878641
AXISBANK,2026-04-21,1361.0,1380.3,1354.7,1377.7,5145338
AXISBANK,2026-04-22,1370.0,1391.0,1366.0,1379.6,3997911
AXISBANK,2026-04-23,1369.0,1384.2,1365.4,1369.6,5671255
AXISBANK,2026-04-24,1369.0,1375.0,1350.0,1365.9,3648313
AXISBANK,2026-04-27,1325.0,1327.3,1299.9,1324.2,10768267
AXISBANK,2026-04-28,1312.0,1321.4,1285.5,1289.0,9939787
AXISBANK,2026-04-29,1295.0,1309.2,1279.0,1296.4,6228275
AXISBANK,2026-04-30,1288.0,1288.0,1257.3,1268.3,16481853
AXISBANK,2026-05-04,1268.3,1294.4,1264.5,1275.1,9759479
AXISBANK,2026-05-05,1268.0,1273.7,1252.0,1259.7,10163714
AXISBANK,2026-05-06,1275.0,1301.0,1255.2,1294.2,7277673
AXISBANK,2026-05-07,1299.0,1308.1,1281.2,1292.7,6785048
AXISBANK,2026-05-08,1280.0,1282.0,1264.6,1268.3,6358595
AXISBANK,2026-05-11,1258.7,1283.0,1251.7,1272.3,7341360
AXISBANK,2026-05-12,1270.4,1274.0,1256.9,1260.1,5727828
AXISBANK,2026-05-13,1256.1,1275.3,1247.5,1255.7,6045406
AXISBANK,2026-05-14,1256.6,1269.0,1235.8,1254.6,5822618
AXISBANK,2026-05-15,1259.6,1263.4,1242.0,1244.8,4805485
AXISBANK,2026-05-18,1239.0,1242.0,1222.1,1237.9,6052023
AXISBANK,2026-05-19,1238.5,1249.8,1231.3,1238.3,9200314
AXISBANK,2026-05-20,1234.0,1254.1,1226.6,1249.8,3562641
AXISBANK,2026-05-21,1256.9,1262.7,1244.8,1253.3,5171528
AXISBANK,2026-05-22,1254.1,1288.8,1254.1,1285.4,5016900
AXISBANK,2026-05-25,1300.4,1314.5,1293.9,1311.2,5671455
AXISBANK,2026-05-26,1309.8,1317.0,1291.5,1299.3,6455265
AXISBANK,2026-05-27,1296.3,1314.5,1293.1,1304.1,7243174
AXISBANK,2026-05-29,1296.1,1312.6,1277.4,1286.6,15215715
