date,AMBER,BATAINDIA,BLUESTARCO,CENTURYPLY,CERA,CROMPTON,DIXON,HAVELLS,KAJARIACER,KALYANKJIL,PGEL,TITAN,VGUARD,VOLTAS,WHIRLPOOL
2021-03-26,0.02414417266845703,-0.012415170669555664,-0.029159903526306152,0.0076590776443481445,-0.0437626838684082,-0.044550418853759766,-0.008710622787475586,0.023534536361694336,-0.0006671547889709473,0.0,0.001356959342956543,-0.03790879249572754,0.012009382247924805,-0.021750450134277344,0.00904393196105957
2021-03-30,0.05653107166290283,-0.0054534077644348145,-0.023049235343933105,-0.03949105739593506,-0.015956401824951172,-0.006521463394165039,-0.0030210018157958984,0.00023806095123291016,0.041170597076416016,-0.0,0.05013549327850342,-0.03077995777130127,-0.06924247741699219,-0.014089584350585938,0.01500701904296875
2021-03-31,0.020528554916381836,0.0013885498046875,-0.026706218719482422,-0.011762857437133789,0.002157926559448242,-0.0172346830368042,-0.010067224502563477,-0.00014281272888183594,-0.00940471887588501,-0.0,0.050322651863098145,-0.0037689208984375,-0.02456355094909668,-0.008759140968322754,0.00828695297241211
2021-04-01,-0.02059805393218994,0.0134049654006958,0.012202978134155273,-0.0,0.010198891162872314,-0.0019108057022094727,0.022902071475982666,0.007663726806640625,0.01623690128326416,0.0,-0.04054057598114014,-0.000834345817565918,0.019021213054656982,-0.003992199897766113,-0.0013249516487121582
2021-04-05,-0.00828319787979126,-0.019999325275421143,-0.0017338991165161133,-0.0036134719848632812,0.025494813919067383,0.050731122493743896,0.02540379762649536,-0.027020633220672607,0.0054672956466674805,-0.0,-0.049935996532440186,0.015615463256835938,-0.010502934455871582,0.029076993465423584,-0.015357613563537598
2021-04-06,-0.015695512294769287,-0.004725992679595947,0.011899590492248535,0.014088928699493408,0.011316478252410889,-0.01768016815185547,0.0040607452392578125,0.021459460258483887,0.017157673835754395,0.0,-0.008086204528808594,0.006188929080963135,0.01838892698287964,0.0019965171813964844,-0.0013473033905029297
2021-04-07,0.009179472923278809,-0.0015467405319213867,0.0030655264854431152,0.0019053816795349121,-0.01517629623413086,-0.027507305145263672,-0.03767192363739014,0.006036520004272461,0.014844059944152832,-0.0,-0.009510815143585205,0.007472991943359375,0.018937110900878906,-0.02544236183166504,-0.003315746784210205
2021-04-08,0.02294325828552246,0.012537717819213867,-0.003404378890991211,0.012885749340057373,-0.007018685340881348,-0.01408994197845459,-0.0333712100982666,0.001370072364807129,-0.005830347537994385,0.0,0.049382686614990234,-0.037778258323669434,-0.005811572074890137,-0.004702091217041016,0.007754683494567871
2021-04-09,-0.003177940845489502,-0.009962975978851318,0.001641690731048584,-0.0038678646087646484,-0.006576061248779297,0.00972592830657959,-0.0064667463302612305,0.00235903263092041,-0.013066530227661133,-0.0,-0.006535947322845459,-0.013173818588256836,0.0074288249015808105,-0.0018919706344604492,-0.008514702320098877
2021-04-12,-0.038869500160217285,-0.0613139271736145,-0.04856389760971069,-0.06196826696395874,0.020003437995910645,0.026147961616516113,0.053503215312957764,-0.0645328164100647,-0.06280946731567383,-0.0,-0.050000011920928955,-0.05122488737106323,0.0370061993598938,-0.05550867319107056,-0.00996553897857666
2021-04-13,0.01743006706237793,0.005436897277832031,-0.0003457069396972656,0.0379941463470459,-0.011310219764709473,0.03641122579574585,0.010330140590667725,0.030240535736083984,0.001946568489074707,0.0,-0.029085874557495117,0.013340353965759277,-0.005613088607788086,0.008365750312805176,0.01264035701751709
2021-04-15,-0.030015230178833008,0.003122568130493164,-0.001383066177368164,-0.0933222770690918,-0.008762836456298828,-0.04730188846588135,0.006731390953063965,-0.013235628604888916,0.0034415721893310547,-0.0,-0.04992866516113281,0.00519406795501709,-0.00042939186096191406,-0.011009633541107178,-0.021140217781066895
2021-04-16,0.017338275909423828,0.0048972368240356445,-0.01015704870223999,-0.022922635078430176,-0.028290390968322754,-0.003374457359313965,-0.06841385364532471,0.0002474784851074219,-0.0001659393310546875,-0.0,-0.04054051637649536,0.006824612617492676,-0.010514974594116211,0.009865999221801758,0.0006318092346191406
2021-04-19,-0.030781924724578857,-0.02651965618133545,-0.03544771671295166,0.04408073425292969,0.027207672595977783,0.035441696643829346,-0.025184988975524902,-0.00940173864364624,-0.044096529483795166,-0.0,-0.05007827281951904,-0.019592702388763428,0.032278597354888916,-0.0003134608268737793,-0.0012860894203186035
2021-04-20,0.04191994667053223,0.007140398025512695,0.009429335594177246,-0.045342326164245605,-0.018345952033996582,0.014885365962982178,-0.0272291898727417,0.003846287727355957,0.020316123962402344,0.0,0.05107080936431885,0.0027655363082885742,0.005266666412353516,-0.01593935489654541,0.006555795669555664
2021-04-22,0.00039315223693847656,-0.00015419721603393555,0.002994060516357422,-0.0036884546279907227,-0.019513487815856934,0.025728225708007812,-0.0014104843139648438,-0.0001990795135498047,-0.0019287467002868652,-0.0,0.048589348793029785,-0.027611851692199707,0.016986489295959473,-0.0031332969665527344,-0.027285397052764893
2021-04-23,0.014511704444885254,0.004316210746765137,-0.0020298361778259277,0.03674846887588501,0.014681518077850342,0.00894230604171753,0.011357009410858154,0.0008958578109741211,-0.004831194877624512,-0.0,-0.02840059995651245,-0.013100624084472656,-0.008079051971435547,0.00037300586700439453,0.01953744888305664
2021-04-26,-0.017016172409057617,0.029661059379577637,0.00035893917083740234,0.009766459465026855,-0.012746214866638184,-0.05145919322967529,8.988380432128906e-05,-0.005370497703552246,0.011080026626586914,-0.0,-0.01230776309967041,0.012590289115905762,0.0033392906188964844,0.0077217817306518555,0.020288944244384766
2021-04-27,0.009270310401916504,0.003093123435974121,0.033847689628601074,-0.047310709953308105,0.020628035068511963,-0.028157711029052734,-0.03555655479431152,0.028397202491760254,0.029825448989868164,-0.0,-0.03738313913345337,0.010305047035217285,-0.00871121883392334,0.03197169303894043,-0.006390929222106934
2021-04-28,0.0014526844024658203,0.0023033618927001953,0.013651013374328613,0.018834590911865234,-0.009355425834655762,-0.04551386833190918,-0.03449690341949463,-0.008410334587097168,0.024847865104675293,0.0,0.05016183853149414,0.009196758270263672,-0.00044286251068115234,-0.014594435691833496,-0.007079899311065674
2021-04-29,-0.011823415756225586,0.0011490583419799805,-0.010499894618988037,-0.009748101234436035,0.024253904819488525,0.05176502466201782,-0.014977812767028809,-0.010295629501342773,-0.0009099245071411133,-0.0,0.03081667423248291,-0.001358628273010254,0.009960174560546875,0.005144715309143066,0.012000441551208496
2021-04-30,-0.02156209945678711,0.014105916023254395,-0.024798154830932617,-0.039655447006225586,-0.003235936164855957,-0.01262819766998291,0.00792151689529419,-0.018923044204711914,-0.021856725215911865,-0.0,-0.0029895901679992676,-0.010054409503936768,0.0024591684341430664,-0.010288417339324951,0.0230025053024292
2021-05-03,0.004839777946472168,-0.01566213369369507,-0.012182116508483887,-0.014428496360778809,-0.02269566059112549,0.02325272560119629,-0.01169741153717041,0.014592289924621582,0.01374661922454834,-0.0,-0.029985010623931885,-0.04538601636886597,-0.0011205673217773438,0.0015671253204345703,-0.0029935240745544434
2021-05-04,-0.006887555122375488,0.006824493408203125,-0.0009578466415405273,-0.03323483467102051,0.024290382862091064,0.013432681560516357,0.027487993240356445,-0.01866227388381958,-0.0183144211769104,-0.0,-0.004636704921722412,-0.01478278636932373,-0.002014756202697754,0.005684971809387207,-0.00826263427734375
2021-05-05,-0.015729904174804688,0.001841902732849121,0.002636551856994629,0.01567399501800537,-0.055824875831604004,-0.012132644653320312,0.0038460493087768555,0.011410355567932129,0.017940640449523926,-0.0,0.049689412117004395,0.018176674842834473,-0.012734532356262207,0.0076236724853515625,-0.007716774940490723
2021-05-06,0.002677321434020996,-0.005662679672241211,-0.009323418140411377,0.032124102115631104,0.014838635921478271,-0.005460858345031738,-0.00031566619873046875,0.009576797485351562,-0.017948806285858154,-0.0,0.05029582977294922,0.01120138168334961,0.010589003562927246,0.013279080390930176,-0.013970732688903809
2021-05-07,-0.013563394546508789,-0.0005546808242797852,0.016771316528320312,0.005150198936462402,0.04605090618133545,-0.006888270378112793,0.039992690086364746,-0.004718124866485596,-0.004844486713409424,-0.037037014961242676,0.050704240798950195,0.0014538764953613281,0.0055741071701049805,-0.014984488487243652,0.001582026481628418
2021-05-10,-0.00016605854034423828,-0.002071976661682129,-0.010561347007751465,0.010641396045684814,0.0069356560707092285,0.0063149333000183105,0.022289633750915527,0.003443121910095215,-0.009127616882324219,-0.04591834545135498,-0.021447718143463135,0.005980014801025391,-0.00807178020477295,-0.0017532706260681152,-0.008130073547363281
2021-05-11,-0.013203978538513184,0.014756560325622559,-0.015591263771057129,0.009156942367553711,-0.015476226806640625,0.0172116756439209,-0.02503490447998047,0.024068832397460938,-0.018479228019714355,-0.03414630889892578,-0.049315035343170166,-0.013675570487976074,0.007784724235534668,-0.0437544584274292,0.004800915718078613
2021-05-12,-0.005049288272857666,-0.014395833015441895,0.00024366378784179688,-0.00322723388671875,0.012062013149261475,0.017243683338165283,0.0020436644554138184,-0.021172285079956055,0.00045502185821533203,0.01965409517288208,-0.05043226480484009,0.013725757598876953,-0.0013450384140014648,-0.03786194324493408,-0.023913323879241943
2021-05-14,0.00020301342010498047,0.028285503387451172,-0.01632159948348999,-0.001023411750793457,-0.02779388427734375,0.0020561814308166504,0.0003286600112915039,-0.010219752788543701,-5.6862831115722656e-05,0.02485966682434082,-0.04097115993499756,0.0006185770034790039,0.007163643836975098,0.028137803077697754,0.0009551048278808594
2021-05-17,-0.0051923394203186035,0.014060139656066895,0.01163947582244873,-0.008326053619384766,-0.025207877159118652,-0.026510953903198242,0.0007966160774230957,-0.0330810546875,0.00977933406829834,0.0008223652839660645,0.003164529800415039,0.008551716804504395,0.0015783905982971191,-0.015710175037384033,-0.008254051208496094
2021-05-18,0.01929652690887451,0.0315699577331543,-0.005018353462219238,-0.05026805400848389,0.005192875862121582,-0.007359862327575684,0.006125330924987793,-0.039687395095825195,0.019200444221496582,-0.008230447769165039,-0.009463787078857422,-0.04832112789154053,-0.019196033477783203,0.024500608444213867,-0.000601351261138916
2021-05-19,-0.002735435962677002,0.01657700538635254,-0.004305601119995117,-0.07958626747131348,0.01377326250076294,-0.017800211906433105,0.0016425848007202148,-0.0024733543395996094,0.014253377914428711,0.0008162856101989746,0.028662443161010742,0.011758983135223389,-0.03611791133880615,0.012155771255493164,0.009531140327453613
2021-05-20,-0.0038468241691589355,-0.0006102323532104492,-0.007536470890045166,0.020825326442718506,-0.009106278419494629,-0.0014356374740600586,0.004208981990814209,0.0016292929649353027,-0.009368717670440674,0.017973899841308594,0.05108368396759033,-0.0067054033279418945,-0.036997437477111816,-0.010882318019866943,0.0008344650268554688
2021-05-21,0.009167194366455078,0.007259488105773926,0.005477428436279297,-0.04762530326843262,0.0012891888618469238,-0.012511491775512695,-0.010541319847106934,-0.04107791185379028,0.023313403129577637,-0.02995014190673828,0.04860079288482666,-0.004571080207824707,0.019179165363311768,-0.008970201015472412,0.008742570877075195
2021-05-24,-0.025022447109222412,0.018724918365478516,0.008295178413391113,-0.08855390548706055,0.008732080459594727,-0.025228381156921387,0.00975954532623291,-0.012544989585876465,0.02337324619293213,-0.01777052879333496,0.05056190490722656,0.011440813541412354,-0.0029436349868774414,-0.0032504796981811523,0.015703916549682617
2021-05-25,-0.055919647216796875,0.012264847755432129,-0.0033153295516967773,0.05469107627868652,-0.027907967567443848,-0.011801719665527344,-0.004300594329833984,-0.019992172718048096,-0.0019426345825195312,-0.07698404788970947,0.05080211162567139,-0.03182637691497803,-0.0073375701904296875,-0.008428633213043213,0.00990450382232666
2021-05-26,-0.01755082607269287,0.0028738975524902344,-0.004311919212341309,-0.011135339736938477,-0.014655709266662598,0.01724785566329956,0.005250871181488037,0.0013064146041870117,0.012783408164978027,-0.049373626708984375,0.04961836338043213,-0.008794546127319336,-0.03600418567657471,0.0011130571365356445,-0.0038216710090637207
2021-05-27,0.006678462028503418,0.0069037675857543945,-0.034026265144348145,0.02944701910018921,0.01634126901626587,-0.011616230010986328,-0.023279666900634766,0.023484468460083008,-0.004155397415161133,0.03792130947113037,0.049696922302246094,-0.007138609886169434,-0.05544400215148926,0.007126212120056152,-0.00013870000839233398
2021-05-28,0.007292032241821289,-0.0005821585655212402,0.010171115398406982,-0.014183521270751953,0.005599796772003174,0.016350507736206055,-0.0008138418197631836,-0.001667022705078125,-0.003651142120361328,0.008759081363677979,-0.04849880933761597,0.010820150375366211,-0.027217388153076172,0.004115104675292969,0.0006009340286254883
2021-05-31,-0.010178565979003906,0.0015208721160888672,0.0037476420402526855,0.03222668170928955,0.011412858963012695,-0.010658621788024902,-0.008044242858886719,0.012474298477172852,0.011150717735290527,0.016200244426727295,-0.00728154182434082,-0.012206673622131348,-0.0337224006652832,0.006846904754638672,-0.0009933710098266602
2021-06-01,-0.005114078521728516,-0.004361987113952637,0.00995016098022461,-0.010429739952087402,-0.0032279491424560547,-0.00012552738189697266,-0.019509553909301758,-0.0013097524642944336,0.000362396240234375,-0.017215490341186523,0.006112456321716309,0.003038346767425537,-0.04534870386123657,0.005857229232788086,-0.0016878843307495117
2021-06-02,0.01709771156311035,0.0020445585250854492,-0.0033091306686401367,-0.004104018211364746,-0.010245680809020996,-0.0065277814865112305,-0.031516313552856445,0.016756534576416016,0.0023807287216186523,-0.03384840488433838,0.0048601627349853516,0.003581821918487549,-0.0016897320747375488,0.020923852920532227,0.008870840072631836
2021-06-03,0.010071754455566406,0.004436969757080078,-0.023454666137695312,-0.018702030181884766,-0.012814640998840332,-0.02269899845123291,-0.02062845230102539,0.024696707725524902,0.03046262264251709,-0.012099623680114746,0.04957687854766846,-0.06653213500976562,-0.02313333749771118,-0.07458436489105225,0.008976578712463379
2021-06-04,-0.006151318550109863,0.005320191383361816,0.012652158737182617,0.015076041221618652,-0.0006165504455566406,0.02426832914352417,0.00855642557144165,-0.014684617519378662,-0.008367598056793213,-0.13713085651397705,0.024193525314331055,0.006918132305145264,0.0028879642486572266,0.006387591361999512,-0.0035495758056640625
2021-06-07,0.0115126371383667,0.010552048683166504,-0.00036263465881347656,-0.03172445297241211,-0.0717393159866333,-0.017497777938842773,0.004676640033721924,-0.005677521228790283,0.002526402473449707,-0.02906620502471924,0.050618648529052734,-0.0033342838287353516,0.019005537033081055,0.006926417350769043,-0.002100706100463867
2021-06-08,-0.0007849335670471191,-0.0005395412445068359,-0.012688875198364258,-0.002991199493408203,-0.03375041484832764,0.00122833251953125,0.00958484411239624,-0.011277198791503906,0.00987851619720459,0.01923072338104248,0.00321197509765625,-0.016260147094726562,0.006970643997192383,0.02297598123550415,-0.007803022861480713
2021-06-09,-0.0038921236991882324,-0.010606229305267334,0.01217186450958252,0.019801974296569824,-0.008253931999206543,-0.041077375411987305,0.007204830646514893,-0.011261343955993652,-0.005439877510070801,-0.04656863212585449,-0.05016005039215088,-0.010656952857971191,-0.019457459449768066,0.023889482021331787,-0.012246310710906982
2021-06-10,-0.0016130805015563965,-0.04766190052032471,0.0009664297103881836,-0.04989659786224365,0.03299909830093384,-0.01748371124267578,0.0005958080291748047,-0.00335848331451416,0.0005519390106201172,-0.010538697242736816,-0.01573038101196289,-0.004564523696899414,0.01259303092956543,-0.008795380592346191,0.009619712829589844
2021-06-11,0.0008258819580078125,-0.0006433725357055664,0.0038694143295288086,0.02909475564956665,0.005008578300476074,0.0015093088150024414,0.0009181499481201172,-0.006544232368469238,0.024976134300231934,0.012746334075927734,-0.03538811206817627,0.005866646766662598,0.004333853721618652,0.008576512336730957,0.007677793502807617
2021-06-14,0.0041255950927734375,-0.004959702491760254,0.004005789756774902,0.011461317539215088,-0.0037494897842407227,0.02011626958847046,0.002840399742126465,0.002310514450073242,-0.004159152507781982,0.01760566234588623,-0.014201164245605469,-0.0036739110946655273,0.0091933012008667,0.002963244915008545,0.006035923957824707
2021-06-15,-0.004948258399963379,-0.0029855966567993164,0.007434487342834473,-0.011714935302734375,-0.021853923797607422,-0.019698500633239746,-0.0160977840423584,-0.001520395278930664,-0.022356510162353516,0.005376279354095459,-0.002400994300842285,0.006571352481842041,0.010968565940856934,-0.01788020133972168,-0.07272553443908691
2021-06-16,-0.0053858160972595215,3.039836883544922e-05,0.0014734864234924316,0.007998108863830566,0.024650931358337402,0.014546751976013184,0.012132346630096436,-0.0107574462890625,0.0002512931823730469,0.01741737127304077,0.025270700454711914,0.004903137683868408,-0.009746193885803223,0.03160017728805542,0.031749725341796875
2021-06-17,-0.002021610736846924,-0.015308976173400879,0.00012302398681640625,0.009025275707244873,-0.000687718391418457,0.002716064453125,-0.02523040771484375,-0.009136497974395752,-0.02070140838623047,-0.0012224912643432617,-0.031690120697021484,0.002070009708404541,-0.05013924837112427,-0.002042531967163086,0.012277305126190186
2021-06-18,-0.009929418563842773,0.01630467176437378,-0.00922393798828125,-0.005585908889770508,0.011488676071166992,0.0024866461753845215,-0.029773354530334473,-0.0012528300285339355,-0.012314021587371826,0.017094016075134277,-0.04484844207763672,5.841255187988281e-05,0.0344085693359375,0.000922083854675293,0.022013723850250244
2021-06-21,-0.005955338478088379,-0.01146554946899414,-0.0024372339248657227,0.013887226581573486,-0.0006026029586791992,0.014363765716552734,-0.03638911247253418,-0.013597607612609863,0.008363604545593262,0.008074581623077393,0.05076146125793457,-0.018436193466186523,-0.002267897129058838,0.009861111640930176,0.000568389892578125
2021-06-22,-0.022346854209899902,-0.0025557279586791992,0.0072939395904541016,-0.004286050796508789,0.020115137100219727,0.002890467643737793,0.0073449015617370605,0.017040491104125977,-0.007057845592498779,-0.020663738250732422,0.049516916275024414,-0.008118867874145508,-0.001515507698059082,-0.0010302066802978516,-0.0006824731826782227
2021-06-23,-0.04652082920074463,0.0031191110610961914,0.0018368959426879883,0.0037800073623657227,-0.014666318893432617,-0.005435466766357422,0.01563262939453125,-0.0012003779411315918,-0.00031131505966186523,0.007975459098815918,0.005753755569458008,-0.014541864395141602,0.027698755264282227,-0.010341048240661621,0.005251586437225342
2021-06-24,-0.021642446517944336,0.008032739162445068,0.0001226663589477539,-0.015422224998474121,-0.002434253692626953,0.005766510963439941,-0.01581406593322754,-0.006960451602935791,0.022057294845581055,0.01360541582107544,-0.014874160289764404,0.0009537339210510254,0.005353450775146484,0.0069367289543151855,-0.001142740249633789
2021-06-25,0.014845550060272217,0.011312663555145264,-0.0006134510040283203,0.008196711540222168,-0.011386632919311523,0.007974863052368164,0.012109518051147461,0.007866501808166504,0.009394168853759766,0.006896615028381348,-0.024390220642089844,0.015161275863647461,-0.0066103339195251465,-0.0062035322189331055,-0.008286476135253906
2021-06-28,-0.0071506500244140625,0.0026687979698181152,0.0015941262245178223,0.016164302825927734,-0.013866305351257324,-0.047502994537353516,0.005423307418823242,-0.007054567337036133,0.0023140907287597656,0.004419147968292236,0.03809523582458496,0.014710426330566406,-0.0073937177658081055,-0.012233734130859375,-0.00027167797088623047
2021-06-29,0.013657569885253906,0.0151328444480896,-0.001350998878479004,-0.003953099250793457,-0.019432783126831055,0.018720924854278564,-0.0006815195083618164,-0.01360476016998291,-0.01636219024658203,0.01775527000427246,-0.019495368003845215,-0.0020543336868286133,-0.0065177083015441895,0.013572514057159424,-0.0038025379180908203
2021-06-30,-0.005411505699157715,0.0026546120643615723,-0.0008585453033447266,0.0044296979904174805,0.0030454397201538086,-0.029979825019836426,0.012662649154663086,0.0014303922653198242,5.1021575927734375e-05,-0.010329246520996094,-0.01286548376083374,-0.0005197525024414062,-0.005998134613037109,0.005785703659057617,-0.008139967918395996
2021-07-01,0.004886925220489502,-6.258487701416016e-05,-0.005882382392883301,-0.012112259864807129,-0.0010813474655151367,0.011734962463378906,0.0021600723266601562,0.008977770805358887,0.008571863174438477,0.02428114414215088,-0.016587674617767334,-0.0045021772384643555,-0.023571550846099854,0.009242534637451172,-0.02301502227783203
2021-07-02,-0.015316486358642578,0.004821956157684326,-0.0116959810256958,0.003663480281829834,0.00035631656646728516,-0.04051220417022705,-0.024334192276000977,-0.0034883618354797363,-0.0004552602767944336,-0.022265911102294922,-0.016867458820343018,-0.008303165435791016,0.02317500114440918,-0.0008884668350219727,0.009269952774047852
2021-07-05,-0.029950976371765137,0.006229758262634277,-0.050818800926208496,-0.004779934883117676,-0.0010360479354858398,-0.007384300231933594,-0.020049333572387695,-0.03733956813812256,-0.013918399810791016,0.01345294713973999,0.050245046615600586,0.0027639269828796387,-0.011136233806610107,-0.0006903409957885742,0.0008165240287780762
2021-07-06,0.011477649211883545,-0.003989219665527344,0.016617000102996826,-0.0,0.007200777530670166,0.02932029962539673,-0.00010848045349121094,0.0009291768074035645,0.006877779960632324,0.0038961172103881836,-0.007001161575317383,-0.0073719024658203125,-0.004199326038360596,0.0019712448120117188,0.006956994533538818
2021-07-07,0.0011461973190307617,0.005392491817474365,0.0010488033294677734,-0.0015857219696044922,-0.006400942802429199,-0.02963387966156006,0.01854681968688965,-0.0,0.005811333656311035,-0.010430335998535156,-0.004700362682342529,-0.02016681432723999,-0.009200692176818848,0.0070116519927978516,0.007116973400115967
2021-07-08,0.0013635754585266113,0.0009828805923461914,-0.003266453742980957,0.00462794303894043,0.008320629596710205,0.019002139568328857,-0.0013371706008911133,-0.0069512128829956055,-0.002838134765625,-0.005806446075439453,-0.017709553241729736,-0.0005210638046264648,0.001547694206237793,-0.00616610050201416,0.005510270595550537
2021-07-09,0.0036802291870117188,0.002824544906616211,-0.0005813837051391602,0.0015906095504760742,0.0009435415267944336,0.0045310258865356445,-0.012173056602478027,0.005007326602935791,0.012858986854553223,0.005772888660430908,0.0036058425903320312,-0.003330707550048828,-0.0034769177436828613,-0.003657221794128418,-0.005248069763183594
2021-07-12,-0.0202406644821167,0.0021642446517944336,-0.0003485679626464844,0.0049019455909729,-0.008342266082763672,-0.027196168899536133,0.007523477077484131,-0.01871311664581299,-0.009383797645568848,0.010967731475830078,-0.003592848777770996,-0.00043588876724243164,-0.0007753968238830566,-0.0019696950912475586,0.004772543907165527
2021-07-13,0.013908684253692627,-0.0007973909378051758,-0.009177565574645996,-0.05467987060546875,0.01246553659439087,-0.007976055145263672,-0.007701396942138672,0.009544312953948975,0.0036978721618652344,0.001956939697265625,-0.02524036169052124,0.0025583505630493164,0.0038797855377197266,-0.01582467555999756,0.0013058781623840332
2021-07-14,-0.004336118698120117,-0.012811899185180664,0.004029035568237305,0.017515182495117188,-0.015298843383789062,-0.011759519577026367,-0.0015045404434204102,0.009539544582366943,-0.0006056427955627441,0.005882322788238525,0.012330412864685059,-0.008061468601226807,-0.001159369945526123,0.0027576088905334473,0.008250892162322998
2021-07-15,-0.0026466846466064453,0.009093999862670898,0.01525658369064331,0.02353227138519287,0.009118795394897461,0.0006517171859741211,-0.011408448219299316,-0.01676928997039795,0.007423520088195801,0.012491822242736816,-0.02192443609237671,-0.005145132541656494,0.003869175910949707,-0.011691570281982422,0.001727461814880371
2021-07-16,-0.00013208389282226562,-0.028072357177734375,-0.015727758407592773,-0.019474148750305176,-0.007867217063903809,-0.015108704566955566,-0.00017213821411132812,-0.03635144233703613,0.006115555763244629,0.0013315081596374512,-0.023661315441131592,-0.0036437511444091797,-0.0021199584007263184,-0.008008122444152832,-0.00018215179443359375
2021-07-19,-0.00044536590576171875,0.0072280168533325195,0.0004622340202331543,-0.004536867141723633,0.013239860534667969,0.003426492214202881,0.01805734634399414,-0.011135339736938477,-0.0024413466453552246,0.029333293437957764,-0.020408153533935547,-0.008847713470458984,-0.010814964771270752,0.011417150497436523,0.009926021099090576
2021-07-20,0.009382009506225586,-0.03273177146911621,0.023121416568756104,0.0001189112663269043,0.017107486724853516,0.012356281280517578,-0.0031124353408813477,-0.01275646686553955,-0.0034461617469787598,0.005494534969329834,0.02343738079071045,-0.005326271057128906,-0.024209320545196533,0.011837780475616455,0.005242645740509033
2021-07-22,-0.004161238670349121,0.018463730812072754,-0.010532617568969727,-0.016046643257141113,-0.03238797187805176,-0.02861177921295166,-0.002141237258911133,-0.04326939582824707,-0.020949244499206543,-0.012430906295776367,-0.0063613057136535645,-0.018158435821533203,0.00040018558502197266,-0.021865010261535645,-0.024594902992248535
2021-07-23,0.0014420151710510254,0.00975942611694336,0.0038647055625915527,0.003743588924407959,-0.027991175651550293,0.029296696186065674,0.007849276065826416,0.006557822227478027,0.014742851257324219,0.013642549514770508,-0.02944934368133545,0.00047016143798828125,0.001199960708618164,0.0036217570304870605,0.010851681232452393
2021-07-26,-0.002639293670654297,-0.013355910778045654,0.006466031074523926,-0.02454209327697754,-0.001578986644744873,-0.020810723304748535,0.00437319278717041,-0.01621866226196289,0.013620495796203613,0.0027663111686706543,-0.018469691276550293,-0.012875199317932129,0.017379164695739746,0.017648816108703613,-0.014939308166503906
2021-07-27,8.279085159301758e-05,0.003487229347229004,0.005916476249694824,0.00022923946380615234,-0.00019472837448120117,-0.005763649940490723,0.002736985683441162,0.0024950504302978516,-0.01065051555633545,0.0006934404373168945,0.012096762657165527,-0.0035986900329589844,-0.01158452033996582,0.006718873977661133,0.00898897647857666
2021-07-28,0.007384598255157471,0.009982943534851074,0.00678485631942749,0.006190478801727295,-0.008859813213348389,0.0042449235916137695,0.022675514221191406,0.001552581787109375,-0.021278738975524902,0.016655147075653076,-0.025232434272766113,0.0031809210777282715,-0.0158919095993042,0.003529191017150879,0.015374481678009033
2021-07-29,0.005771517753601074,0.008601784706115723,-0.007670164108276367,0.0110740065574646,-0.010893106460571289,-0.004263043403625488,-0.040990591049194336,-0.01827061176300049,-0.0006167292594909668,-0.00141143798828125,0.014986395835876465,-0.009051084518432617,0.0042389631271362305,-0.014560461044311523,0.014347970485687256
2021-07-30,-0.003858804702758789,0.004310727119445801,-0.0026165246963500977,0.013880729675292969,-0.04122328758239746,-0.03385341167449951,0.016518473625183105,0.004326581954956055,0.02268052101135254,-0.0,0.00805366039276123,0.014144837856292725,0.0010050535202026367,-0.027102947235107422,-0.029464006423950195
2021-08-02,-0.008674025535583496,-0.038599252700805664,-0.004033207893371582,-0.022356271743774414,-0.025623202323913574,-0.005440354347229004,0.010221600532531738,-0.009755849838256836,0.006235837936401367,-0.011275649070739746,-0.015978634357452393,-0.03324484825134277,-0.008835315704345703,0.005381345748901367,0.014276266098022461
2021-08-03,-0.0017397403717041016,-0.004162430763244629,0.008742928504943848,0.011801481246948242,-0.0009415149688720703,0.023481369018554688,-0.017465412616729736,-0.038984060287475586,0.02793741226196289,-0.035540103912353516,-0.05006766319274902,-0.03875136375427246,0.0010129213333129883,0.017228305339813232,0.0029012560844421387
2021-08-04,0.0006119608879089355,0.02069634199142456,-0.002860546112060547,-0.00960075855255127,-0.0057860612869262695,0.020177721977233887,-0.008800208568572998,-0.00198972225189209,0.005882859230041504,0.025572001934051514,0.033505141735076904,0.02206277847290039,0.0034406185150146484,0.0026077628135681152,0.007366478443145752
2021-08-05,0.011287510395050049,0.0015419721603393555,-0.019966721534729004,0.024237453937530518,-0.003849506378173828,0.018032491207122803,0.018193483352661133,0.014184415340423584,-0.016917169094085693,0.02140885591506958,0.002666652202606201,0.0001666545867919922,0.006857633590698242,-0.012250065803527832,-0.005815982818603516
2021-08-06,0.0036491751670837402,-0.012233614921569824,0.012118399143218994,0.008200645446777344,-0.004517316818237305,-0.002173185348510742,-0.006226658821105957,-0.013689637184143066,0.011259198188781738,-0.0564572811126709,0.020053446292877197,0.006419181823730469,-0.002203524112701416,-0.0024873018264770508,0.010338902473449707
2021-08-09,-0.02926701307296753,-0.0026324987411499023,0.013682425022125244,-0.007429599761962891,-0.0017038583755493164,0.011709868907928467,0.0001983642578125,-0.0021088123321533203,0.005396604537963867,0.0,0.002728581428527832,-0.006376743316650391,-0.024292349815368652,0.02213960886001587,-0.0025475025177001953
2021-08-10,-0.0076844096183776855,-0.010741114616394043,0.021525979042053223,-0.01605808734893799,0.008085131645202637,-0.017882585525512695,0.0005016326904296875,0.009429395198822021,-0.024759411811828613,-0.012714982032775879,0.051983535289764404,-2.777576446533203e-05,-0.010288059711456299,0.025861144065856934,0.01540905237197876
2021-08-11,-0.010813653469085693,0.0163537859916687,0.013688623905181885,0.028447628021240234,-0.0043631792068481445,-0.013257145881652832,-0.020882606506347656,-0.010540485382080078,0.006347060203552246,0.015151500701904297,0.015873074531555176,0.0054468512535095215,-0.021829545497894287,-0.0023040771484375,-0.039231956005096436
2021-08-12,-0.03108525276184082,-0.0053719282150268555,-0.004832744598388672,0.011206209659576416,-0.005360007286071777,0.01478564739227295,-0.00033354759216308594,0.003921568393707275,0.015964508056640625,0.0014925003051757812,-0.02199411392211914,-0.019112467765808105,0.009351730346679688,0.014342784881591797,-0.013923466205596924
2021-08-13,-0.001710057258605957,-0.017909884452819824,-0.011468768119812012,0.0014622807502746582,-0.020433664321899414,-0.023105144500732422,0.004038333892822266,-0.008320450782775879,-0.01726555824279785,-0.014903128147125244,0.015781879425048828,-0.007841706275939941,-0.004000842571258545,0.00030428171157836914,0.013370275497436523
2021-08-16,0.013383865356445312,0.008035004138946533,0.007315278053283691,0.0035392045974731445,0.0068468451499938965,0.03946810960769653,-0.01382213830947876,0.01324319839477539,0.03271973133087158,-0.016641438007354736,-0.016034960746765137,0.0003809332847595215,-0.010570824146270752,-0.002180933952331543,-0.014081716537475586
2021-08-17,0.0046890974044799805,-0.023206353187561035,0.003193378448486328,-0.007470846176147461,-0.0138092041015625,0.011316180229187012,-0.013630867004394531,0.0010605454444885254,0.00511324405670166,-0.01538461446762085,0.017216622829437256,-0.020275473594665527,-0.02564108371734619,-0.0013663768768310547,0.0026764869689941406
2021-08-18,0.009317934513092041,-0.01669943332672119,-0.00640714168548584,0.006564497947692871,-0.0002720355987548828,-0.002444624900817871,0.0,-0.007963061332702637,-0.052583932876586914,-0.01796877384185791,0.02189779281616211,-0.003121018409729004,-0.033750057220458984,0.000758051872253418,0.025021791458129883
2021-08-20,0.018934190273284912,0.009604990482330322,0.006121456623077393,0.01223689317703247,0.011504828929901123,0.009089827537536621,-0.013672888278961182,-0.0017421245574951172,0.028682410717010498,-0.016706407070159912,-0.0701492428779602,0.0018613934516906738,0.031237423419952393,0.011025667190551758,-0.026504039764404297
2021-08-23,0.018816590309143066,0.008521735668182373,0.01428920030593872,0.019449949264526367,0.00748056173324585,0.012753129005432129,-0.03293102979660034,-0.018522977828979492,-0.008138060569763184,0.004045248031616211,-0.05617976188659668,0.003436744213104248,-0.0,0.00496065616607666,0.0027251243591308594
2021-08-24,-0.022167086601257324,0.011286377906799316,0.022494375705718994,-0.014276623725891113,0.00029850006103515625,-0.02991509437561035,-0.02337503433227539,-0.00516200065612793,-0.004151463508605957,0.004029035568237305,-0.09863948822021484,0.0004010200500488281,-0.0,-0.0008224248886108398,-0.004687368869781494
2021-08-25,-0.023737311363220215,-0.0050928592681884766,-0.0010226964950561523,0.008221209049224854,-0.0012476444244384766,-0.01056218147277832,0.0018593072891235352,-0.048550188541412354,0.001102447509765625,0.016051411628723145,-0.10061919689178467,0.025112271308898926,0.006865024566650391,0.013814032077789307,-0.009118199348449707
2021-08-26,-0.0023169517517089844,0.00564950704574585,0.00996166467666626,0.01130366325378418,0.014729440212249756,-0.0016330480575561523,-0.05668020248413086,0.008926749229431152,-0.06999313831329346,-0.005529224872589111,-0.019690632820129395,0.0040051937103271484,-0.0023041963577270508,0.0029160380363464355,0.024142980575561523
2021-08-27,-0.007386684417724609,-0.009196043014526367,0.008642971515655518,-0.003937959671020508,0.0007890462875366211,0.0002173781394958496,-0.0008780956268310547,0.016460895538330078,-0.018653035163879395,-0.0007942914962768555,0.02758622169494629,-0.003966212272644043,-0.004597783088684082,-0.029193639755249023,-0.008022487163543701
2021-08-30,-0.00044858455657958984,-0.02672743797302246,-0.001691579818725586,0.03441733121871948,0.014431238174438477,-0.023592114448547363,-0.017040491104125977,0.025506019592285156,0.015906572341918945,0.0007948875427246094,0.011347532272338867,-0.030671238899230957,-0.005408763885498047,-0.0010148286819458008,0.008062481880187988
2021-08-31,0.001534879207611084,-0.0015828609466552734,-0.0067549943923950195,-0.0550386905670166,-0.024993419647216797,-0.005735516548156738,-0.010983586311340332,0.0015395879745483398,-0.0077173709869384766,-0.06592535972595215,0.0028693675994873047,-0.022971034049987793,-0.007448792457580566,-0.009631514549255371,-0.05169093608856201
2021-09-01,-0.045701026916503906,-0.001975417137145996,0.0038709640502929688,0.011427104473114014,-0.018733084201812744,-0.030626296997070312,0.004254341125488281,-0.06015217304229736,0.013487040996551514,0.01192241907119751,0.027338147163391113,-0.009263157844543457,-0.030396461486816406,-0.05015826225280762,0.0031921863555908203
2021-09-02,-0.05524909496307373,-0.006731271743774414,-0.025388598442077637,-0.0,-0.03371834754943848,0.012193918228149414,-0.036582350730895996,-0.03532254695892334,-0.03562343120574951,0.02036207914352417,-0.09911251068115234,-0.014282703399658203,0.036675333976745605,-0.03781783580780029,-0.025218963623046875
2021-09-03,0.013852179050445557,0.008252918720245361,0.0075795650482177734,0.003894984722137451,-0.03212857246398926,0.01898336410522461,0.012586534023284912,-0.027437567710876465,0.0019989609718322754,-0.019245624542236328,0.017496705055236816,-0.02653658390045166,-0.034968018531799316,-0.0033168792724609375,-0.0031925439834594727
2021-09-06,-0.007380485534667969,0.01184767484664917,-0.028767824172973633,0.0035317540168762207,0.009145259857177734,-0.02580094337463379,-0.011331915855407715,-0.0,0.01627373695373535,-0.006797671318054199,0.009589016437530518,-0.0006685256958007812,-0.016593337059020996,-0.031452298164367676,0.0002060532569885254
2021-09-07,0.0034032464027404785,0.00787895917892456,-0.014724016189575195,-0.051012635231018066,0.00046437978744506836,0.014019131660461426,-0.008838057518005371,-0.010031819343566895,-0.002884387969970703,-0.009002208709716797,0.02627938985824585,-0.006557345390319824,-0.03775811195373535,-0.057024598121643066,-0.03913533687591553
2021-09-08,0.004632174968719482,0.002244293689727783,-0.02109503746032715,-0.010959982872009277,-0.02404320240020752,-0.015891313552856445,0.0036521553993225098,0.008409500122070312,-0.012096524238586426,0.0044609904289245605,0.0028409957885742188,-0.0108412504196167,0.007959067821502686,-0.01629817485809326,-0.010798215866088867
2021-09-09,0.009466350078582764,-0.0022782087326049805,0.0059708356857299805,0.020252585411071777,0.011546492576599121,-0.013069868087768555,-0.0015891790390014648,-0.014867544174194336,0.006853580474853516,0.014936506748199463,-0.014245033264160156,0.010530352592468262,-0.0003820657730102539,-0.005387067794799805,-0.005101680755615234
2021-09-13,-0.028333663940429688,-0.017925500869750977,-0.01645839214324951,-0.002067089080810547,-0.018118739128112793,0.011987030506134033,0.0024206042289733887,0.0026479363441467285,0.013086497783660889,0.00227433443069458,-0.03511238098144531,0.0017942190170288086,0.004773736000061035,4.112720489501953e-05,0.004837155342102051
2021-09-14,-0.0023077726364135742,-0.013963460922241211,-0.006973147392272949,-0.007644772529602051,-0.0039108991622924805,-0.007402896881103516,0.004086613655090332,-0.010654449462890625,0.007674574851989746,-0.012917876243591309,-0.07869744300842285,-0.012335896492004395,0.006139695644378662,-0.012118220329284668,0.007890284061431885
2021-09-15,0.011201143264770508,-0.024671077728271484,-0.005046963691711426,-0.012042403221130371,0.005770504474639893,-0.00030612945556640625,0.004056751728057861,0.00979161262512207,0.011987566947937012,-0.06976747512817383,-0.023899435997009277,-0.03120601177215576,0.023745179176330566,-0.011728763580322266,0.0011425018310546875
2021-09-16,0.003901839256286621,0.017982900142669678,-0.003153085708618164,0.0044026970863342285,0.006436407566070557,-0.0006122589111328125,0.004752099514007568,-0.0013092756271362305,-0.026484012603759766,-0.018934011459350586,-0.0,0.005259871482849121,-0.00830531120300293,-0.004709601402282715,0.005080878734588623
2021-09-17,-0.013694286346435547,0.011220097541809082,0.009545981884002686,0.0002390742301940918,-0.017945408821105957,0.008667290210723877,0.0014936327934265137,-0.01293790340423584,0.021352291107177734,0.01032346487045288,0.0036855340003967285,0.006212294101715088,-0.01823890209197998,-0.004927873611450195,0.006543755531311035
2021-09-20,0.016578853130340576,0.014653563499450684,0.01222372055053711,0.0016736984252929688,0.011309802532196045,0.004937231540679932,0.01799720525741577,-0.04395681619644165,0.012597441673278809,0.03129345178604126,-0.0,0.008708715438842773,0.02060866355895996,0.026352524757385254,-0.01913750171661377
2021-09-21,0.01964700222015381,-0.007506847381591797,0.008805334568023682,0.006825447082519531,-0.008412837982177734,0.012301027774810791,0.014692842960357666,0.0027714967727661133,0.014555633068084717,0.025125622749328613,-0.03822433948516846,-0.004091739654541016,0.005113065242767334,-0.0031119585037231445,0.016769230365753174
2021-09-22,0.0001938939094543457,-0.015381574630737305,-0.020408153533935547,-0.03677356243133545,-0.026853322982788086,0.02323395013809204,-0.013560652732849121,0.006626009941101074,-0.04902791976928711,-0.040500760078430176,-0.007125973701477051,0.0023012161254882812,-0.00691831111907959,-0.01118457317352295,-0.0021762847900390625
2021-09-23,-0.012592554092407227,8.338689804077148e-05,-0.0004706382751464844,-0.014536619186401367,-0.0005997419357299805,-0.04746592044830322,-0.05600321292877197,0.012531280517578125,0.010136067867279053,0.010615706443786621,0.00707554817199707,-0.01153266429901123,-0.013937950134277344,-0.008073687553405762,-0.00022161006927490234
2021-09-24,0.005028665065765381,0.01692885160446167,-0.05573844909667969,-0.01994490623474121,-0.08779001235961914,0.020662784576416016,0.003696262836456299,-0.016234993934631348,-0.06439590454101562,0.005722463130950928,0.022565245628356934,0.0057718753814697266,0.002710580825805664,0.015897810459136963,0.003057241439819336
2021-09-27,0.008214890956878662,-0.014223098754882812,-0.004678130149841309,-0.03877270221710205,-0.02006852626800537,0.011698365211486816,-0.02554774284362793,-0.0186232328414917,0.011673331260681152,0.005755424499511719,0.008505523204803467,0.0012661218643188477,0.002329528331756592,0.008585989475250244,0.0036000609397888184
2021-09-28,-0.004335641860961914,0.014246702194213867,0.008980035781860352,-0.006491422653198242,-0.060239195823669434,0.004755854606628418,0.009472548961639404,-0.01346731185913086,0.026880621910095215,0.0007235407829284668,0.007352948188781738,-0.018682003021240234,-0.008367419242858887,0.0075931549072265625,-0.012846231460571289
2021-09-29,0.005621671676635742,0.0024889111518859863,0.006264746189117432,-0.0033322572708129883,-0.010292291641235352,0.0018052458763122559,-0.0035959482192993164,-0.0014600157737731934,0.005733847618103027,-0.014482259750366211,-0.01481473445892334,-0.008547425270080566,0.006561219692230225,0.0031018853187561035,-0.0096665620803833
2021-09-30,-0.057359933853149414,-0.00833594799041748,-0.024653911590576172,-0.012749075889587402,0.03523910045623779,-0.0189361572265625,-0.03280782699584961,0.003838181495666504,-0.00774538516998291,-0.040685176849365234,0.009732306003570557,-0.006682276725769043,-0.002136826515197754,-0.010662198066711426,0.0033585429191589355
2021-10-01,-0.05414104461669922,-0.03180265426635742,0.0008789300918579102,-0.004654645919799805,0.018562495708465576,-0.020672321319580078,-0.05045652389526367,-0.010195910930633545,-0.0019632577896118164,-0.008230447769165039,0.013513505458831787,-0.0008788108825683594,-0.006784200668334961,0.0022987723350524902,-0.004004478454589844
2021-10-04,0.013268768787384033,-0.018667936325073242,0.024851560592651367,-0.01537322998046875,-0.016414999961853027,0.0027618408203125,-0.0031374692916870117,0.022588491439819336,0.002042710781097412,0.0013605356216430664,-0.057285189628601074,0.0039052367210388184,-0.010781645774841309,-0.009874463081359863,0.00826042890548706
2021-10-05,0.0033728480339050293,0.006634712219238281,0.006427645683288574,0.0042517781257629395,-0.010861873626708984,0.002154111862182617,0.006029009819030762,-0.0001798868179321289,-0.006349682807922363,0.01498633623123169,0.004711449146270752,-0.01732933521270752,0.0072380900382995605,-0.018741130828857422,-0.0021976232528686523
2021-10-06,-0.0017882585525512695,0.016051292419433594,0.011803388595581055,-0.0008331537246704102,0.013893365859985352,0.01922285556793213,-0.0008798837661743164,-0.014501094818115234,-0.017476201057434082,0.024204730987548828,0.039053261280059814,0.020523130893707275,0.004988551139831543,0.01627671718597412,0.007828354835510254
2021-10-07,-0.0030978918075561523,-0.06440401077270508,-0.01975429058074951,-0.005931377410888672,-0.005859255790710449,-0.003877997398376465,-0.006422162055969238,0.018110036849975586,-0.020725250244140625,-0.1332387924194336,-0.020936012268066406,-0.10602295398712158,-0.020439743995666504,-0.04317426681518555,-0.054502129554748535
2021-10-08,-0.03010427951812744,-0.010003089904785156,0.003378748893737793,-0.03372299671173096,-0.0003516674041748047,-0.0016704797744750977,-0.07980191707611084,-0.01631760597229004,0.006595015525817871,0.024390220642089844,-0.18214714527130127,0.007220029830932617,0.0007559061050415039,0.0012470483779907227,0.0017815232276916504
2021-10-11,-0.03908979892730713,-0.002724170684814453,-0.020002245903015137,-0.011107802391052246,-0.041341304779052734,-0.001146554946899414,-0.026569724082946777,0.007802009582519531,-0.035004377365112305,-0.0006411075592041016,-0.140816330909729,-0.0017809867858886719,0.01153552532196045,-0.017363786697387695,-0.011233091354370117
2021-10-12,-0.003682255744934082,-0.05801844596862793,-0.0026589632034301758,-0.013756990432739258,0.012579619884490967,-0.002602815628051758,-0.01294100284576416,0.027565717697143555,0.01341158151626587,-0.012171626091003418,0.030411481857299805,-0.05511355400085449,-0.01664435863494873,0.004065573215484619,-0.0374983549118042
2021-10-13,-0.0070362091064453125,0.009359478950500488,-0.010276198387145996,-0.0057599544525146484,-0.032445549964904785,-0.0019730329513549805,-0.007394552230834961,-0.007428288459777832,0.01698249578475952,0.012658238410949707,-0.05627310276031494,-0.017892956733703613,0.009032845497131348,-0.009666204452514648,-0.007845044136047363
2021-10-14,0.007204592227935791,-0.02626025676727295,-0.0005468130111694336,-0.026790976524353027,-0.0033735036849975586,0.016271114349365234,-0.001344442367553711,-0.04568350315093994,-0.04513382911682129,-0.010256409645080566,0.046288251876831055,-0.010582566261291504,0.0015191435813903809,-0.01067972183227539,0.028733134269714355
2021-10-18,0.0020264387130737305,-0.0010858774185180664,-0.005793571472167969,-0.04159581661224365,-0.10601794719696045,0.0032659173011779785,-0.043937087059020996,0.0131605863571167,-0.020978808403015137,0.010786890983581543,0.013736248016357422,-0.00965273380279541,0.004184126853942871,-0.009661078453063965,0.0039048194885253906
2021-10-19,0.01155233383178711,0.0007309913635253906,0.015541791915893555,-0.01697218418121338,-0.01636826992034912,0.015643179416656494,0.0055879950523376465,0.021241426467895508,0.030089080333709717,0.03143036365509033,0.06778085231781006,0.0401344895362854,0.018907487392425537,0.024071156978607178,-0.055519044399261475
2021-10-20,-0.048303842544555664,0.015810072422027588,0.010929524898529053,0.0002678036689758301,-0.09754854440689087,0.024589240550994873,-0.08948135375976562,0.012010157108306885,0.027769148349761963,0.005960226058959961,0.061753034591674805,0.029578685760498047,-0.032703936100006104,-0.04435086250305176,0.0035638809204101562
2021-10-21,-0.0302199125289917,0.01565641164779663,0.007925033569335938,-0.04249238967895508,-0.033440589904785156,-0.02135622501373291,0.011229753494262695,-0.08594578504562378,0.003824293613433838,-0.007328391075134277,-0.038216590881347656,0.006510734558105469,0.02213728427886963,-0.04452544450759888,-0.04742211103439331
2021-10-22,0.02039337158203125,0.014906823635101318,-0.012038707733154297,0.006992340087890625,-0.018508434295654297,-0.009053707122802734,-0.029575705528259277,0.0027608871459960938,0.019234538078308105,0.002645432949066162,0.03885483741760254,-0.00680387020111084,-0.02027958631515503,-0.012583374977111816,-0.00886547565460205
2021-10-25,-0.050082504749298096,0.032267630100250244,-0.025680899620056152,0.007221579551696777,-0.029263734817504883,-0.03717154264450073,-0.05493873357772827,0.007445573806762695,-0.005626559257507324,0.016578257083892822,-0.02234041690826416,0.013619422912597656,-0.024517714977264404,0.010195016860961914,0.0051833391189575195
2021-10-26,0.06749415397644043,-0.016659021377563477,-0.006936907768249512,0.012409210205078125,0.012256860733032227,0.02928769588470459,0.06828534603118896,-0.010354459285736084,-0.02915191650390625,-0.022252202033996582,-0.05411040782928467,-0.0317760705947876,0.021631598472595215,0.0034900903701782227,0.014534354209899902
2021-10-27,-0.02755814790725708,-0.0017341375350952148,-0.015069961547851562,-0.0010895729064941406,0.03203475475311279,0.019400715827941895,-0.0028772950172424316,-0.006845653057098389,0.033723413944244385,-0.005936622619628906,0.010858893394470215,-0.0021795034408569336,0.008066177368164062,-0.010434091091156006,-0.006904423236846924
2021-10-28,0.026052355766296387,0.013898968696594238,0.0067868828773498535,-0.006998658180236816,-0.022688627243041992,-0.015119433403015137,0.0027593374252319336,-0.010143280029296875,0.02046722173690796,-0.003934502601623535,0.015968024730682373,0.03453117609024048,-0.04500901699066162,-0.02155405282974243,0.03770637512207031
2021-10-29,-0.0368843674659729,-0.007225513458251953,-0.025090813636779785,-0.011258602142333984,-0.030798017978668213,-0.00032204389572143555,-0.03234219551086426,-0.0006330609321594238,-0.016649365425109863,0.003919064998626709,-0.016227126121520996,-0.003536701202392578,0.01646256446838379,0.04262959957122803,-0.03439396619796753
2021-11-01,-0.054148077964782715,-0.008790373802185059,-0.03155922889709473,-0.06128501892089844,0.05351102352142334,-0.0482172966003418,0.0625908374786377,0.019953370094299316,-0.0002865791320800781,-0.00524592399597168,-0.01796412467956543,-0.009544610977172852,-0.00778508186340332,0.0339130163192749,-0.04235410690307617
2021-11-02,0.0706484317779541,-0.02363729476928711,-0.042104125022888184,-0.037857651710510254,0.010777592658996582,0.022436201572418213,0.03531777858734131,0.0020183324813842773,0.0084725022315979,-0.01696014404296875,0.000980377197265625,-0.019802093505859375,-0.0042487382888793945,-0.019511818885803223,-0.009770691394805908
2021-11-03,0.05456066131591797,0.004256308078765869,0.02247840166091919,-0.01941502094268799,-0.0017030835151672363,0.01991194486618042,0.012414693832397461,-3.88026237487793e-05,0.0067285895347595215,0.005131423473358154,0.007850885391235352,0.014670252799987793,-0.0028846263885498047,-0.008762538433074951,-0.017064571380615234
2021-11-04,0.005934357643127441,-0.003758549690246582,-0.014867663383483887,-0.062412381172180176,0.0013339519500732422,-0.012831449508666992,0.005178213119506836,0.0029053688049316406,-0.018743276596069336,-0.005802631378173828,-0.04253220558166504,-0.005707383155822754,-0.004793882369995117,0.0079725980758667,0.025362372398376465
2021-11-08,-0.0066596269607543945,-0.043514370918273926,-0.005957603454589844,-0.02902376651763916,-0.0042594075202941895,0.012563347816467285,-0.009847044944763184,0.024605154991149902,0.007954955101013184,-0.0038461685180664062,-0.0398482084274292,-0.04317879676818848,0.00687021017074585,0.016269803047180176,-0.09000194072723389
2021-11-09,-0.015208661556243896,-0.01679253578186035,-0.019805908203125,0.005128264427185059,-0.014107048511505127,0.01240241527557373,0.01080310344696045,0.00045239925384521484,-0.010979533195495605,-0.0044699907302856445,-0.0009124279022216797,0.009717106819152832,-0.00019216537475585938,0.00979924201965332,0.002321302890777588
2021-11-10,-0.028656184673309326,-0.007611751556396484,0.00875866413116455,0.02675861120223999,0.006591320037841797,0.004655182361602783,-0.012144267559051514,0.015185832977294922,0.0031319856643676758,-0.03623652458190918,0.01458519697189331,0.010946989059448242,0.019980788230895996,-0.003554224967956543,0.002109348773956299
2021-11-11,0.001155853271484375,0.018336236476898193,-0.035920143127441406,-0.05078268051147461,-0.0036867856979370117,0.000652611255645752,-0.026170074939727783,-0.0009279251098632812,0.01823890209197998,0.02024543285369873,0.01757633686065674,-0.01750779151916504,0.00882178544998169,0.001042008399963379,-0.009827852249145508
2021-11-12,-0.019418060779571533,-0.0058765411376953125,0.02419799566268921,-0.00718998908996582,-0.0031113028526306152,-0.01491081714630127,0.004310131072998047,0.019988059997558594,0.007190108299255371,0.022542238235473633,0.010357797145843506,-0.004509329795837402,-0.0007910728454589844,0.012370824813842773,0.017306506633758545
2021-11-15,0.003682732582092285,-0.033777713775634766,0.009596168994903564,-0.025390028953552246,-0.004413723945617676,-0.01951742172241211,0.0008693933486938477,0.012020111083984375,0.022731125354766846,0.028827667236328125,0.006660282611846924,3.93986701965332e-05,-0.0019762516021728516,0.002095937728881836,-0.017369747161865234
2021-11-16,-0.006541550159454346,0.012670457363128662,0.009017646312713623,-0.0036603212356567383,0.002995729446411133,0.029662370681762695,0.012715935707092285,0.006946444511413574,-0.009252548217773438,0.005936741828918457,-0.005747079849243164,0.0030124783515930176,-0.0007889270782470703,-0.027900516986846924,-0.012885808944702148
2021-11-17,0.02602064609527588,0.012265205383300781,0.02933204174041748,-0.0021452903747558594,0.006805896759033203,0.006070435047149658,-0.0055207014083862305,-0.016870975494384766,0.002376854419708252,0.009953558444976807,0.005714297294616699,0.012797415256500244,0.00867164134979248,0.0030852556228637695,0.014746367931365967
2021-11-18,0.003511190414428711,0.013797223567962646,-0.03660118579864502,0.03831887245178223,-0.011967480182647705,0.015596091747283936,-0.011130273342132568,-0.0016724467277526855,0.004126787185668945,0.023458421230316162,0.010536372661590576,0.008462250232696533,0.0069582462310791016,-0.00020235776901245117,0.013344883918762207
2021-11-22,-0.026624560356140137,0.03716754913330078,-0.005002856254577637,-0.06499963998794556,-0.04873764514923096,0.012076199054718018,-0.05955338478088379,0.0033140182495117188,-0.046821653842926025,-0.05971169471740723,0.04356241226196289,0.03506571054458618,-0.052052080631256104,-0.04031729698181152,0.05486863851547241
2021-11-23,-0.005074858665466309,-0.0025670528411865234,0.01589125394821167,0.02793431282043457,0.002325773239135742,0.0020186305046081543,0.0032461881637573242,0.010744094848632812,0.017613887786865234,0.023357629776000977,-0.03441286087036133,0.0015054941177368164,-0.012038052082061768,0.017631173133850098,-0.025513172149658203
2021-11-24,-0.006269633769989014,0.014613866806030273,0.01682877540588379,0.006407737731933594,-0.018172740936279297,0.013709425926208496,-0.0012687444686889648,-0.014185190200805664,-0.015106797218322754,0.01925814151763916,-0.02348339557647705,0.00496286153793335,-0.06584012508392334,-0.005554258823394775,0.0033698678016662598
2021-11-25,-0.007011890411376953,0.0009070038795471191,0.0250321626663208,-0.007977902889251709,-0.005719602108001709,-0.01743185520172119,0.028498053550720215,0.012312769889831543,0.02271711826324463,-0.00979703664779663,-0.13288724422454834,-0.009238719940185547,0.02286398410797119,0.0014587640762329102,-0.006059050559997559
2021-11-26,0.00876915454864502,-0.05795323848724365,0.048508286476135254,-0.012681663036346436,-0.005143284797668457,0.020380735397338867,-0.02293074131011963,-0.04480189085006714,-0.024573683738708496,-0.04734981060028076,0.04135024547576904,-0.043998658657073975,0.03591954708099365,-0.03084021806716919,0.049714624881744385
2021-11-29,-0.042945802211761475,-0.012397468090057373,0.0130118727684021,-0.08176696300506592,-0.018179774284362793,-0.01348876953125,-0.01934349536895752,0.0021851062774658203,0.016048073768615723,-0.014836788177490234,0.07834506034851074,0.01391613483428955,0.01149672269821167,0.010907769203186035,0.03434687852859497
2021-11-30,-0.034515202045440674,-0.00936204195022583,-0.025286316871643066,0.02627086639404297,0.02279031276702881,-0.01116633415222168,0.019365310668945312,0.022742629051208496,0.0068825483322143555,0.009789228439331055,-0.022922635078430176,0.02207207679748535,-0.0542752742767334,0.020390868186950684,-0.0037854909896850586
2021-12-01,0.006816506385803223,0.006948113441467285,0.004005074501037598,-0.03324466943740845,-0.018663644790649414,0.021639764308929443,-0.0044994354248046875,0.00047779083251953125,-0.01489788293838501,0.01267707347869873,-0.050420165061950684,-0.00644075870513916,0.011031627655029297,0.01802670955657959,0.004162967205047607
2021-12-02,-0.004393339157104492,0.012478470802307129,-0.044232845306396484,0.025361061096191406,0.006376862525939941,0.011059105396270752,0.0035251379013061523,0.013335824012756348,0.008317708969116211,0.0014727115631103516,-0.14755558967590332,0.011143088340759277,0.0165255069732666,0.006338715553283691,-0.0033197402954101562
2021-12-03,-0.06963145732879639,-0.010157406330108643,-0.005269527435302734,0.050473809242248535,-0.002874612808227539,0.01371920108795166,0.016288399696350098,0.002972841262817383,-0.0068375468254089355,0.01764702796936035,0.05189776420593262,-0.00722813606262207,0.0069313645362854,0.013166427612304688,0.006372392177581787
2021-12-06,0.014177262783050537,-0.020074963569641113,0.006350815296173096,0.0014365911483764648,-0.01232379674911499,-0.006078362464904785,-0.012850821018218994,-0.009253621101379395,-0.009993791580200195,-0.021676301956176758,0.039215683937072754,-0.01855015754699707,0.015439927577972412,-0.01628422737121582,0.023260414600372314
2021-12-07,0.009774863719940186,0.03152346611022949,-0.023638010025024414,0.018012404441833496,-0.003648698329925537,-0.0033693313598632812,0.021204590797424316,0.029479384422302246,0.00969088077545166,0.0022156238555908203,-0.0187075138092041,0.023760318756103516,-0.013319015502929688,0.02295517921447754,-0.017046332359313965
2021-12-08,-0.010360121726989746,0.0366668701171875,0.02279484272003174,-0.005793511867523193,0.004497528076171875,0.005905508995056152,0.030054569244384766,0.0050324201583862305,-0.04336822032928467,0.01252758502960205,-0.08347249031066895,0.010501742362976074,-0.018655896186828613,-0.0010761618614196777,-0.060462355613708496
2021-12-09,-0.0032775402069091797,0.00022649765014648438,0.002332627773284912,0.000944972038269043,-0.0030089616775512695,-0.021898627281188965,0.0021944046020507812,-0.020416736602783203,-0.0031088590621948242,0.02620089054107666,0.006163358688354492,-0.013468921184539795,0.006867825984954834,-0.0018753409385681152,0.026851296424865723
2021-12-10,-0.01659846305847168,0.02350759506225586,-0.008742451667785645,0.004248261451721191,0.0069425106048583984,0.006383180618286133,0.028807640075683594,0.0023038387298583984,0.005689024925231934,0.0177304744720459,0.01240307092666626,-0.014242589473724365,0.0016764998435974121,0.0,-0.012353956699371338
2021-12-13,0.010099470615386963,-0.01605767011642456,0.0073566436767578125,-0.02530360221862793,0.008787035942077637,0.020305156707763672,0.02958810329437256,-0.01594597101211548,-0.007386922836303711,-0.01811850070953369,-0.035321712493896484,0.004766225814819336,0.006507158279418945,-0.013831734657287598,-0.010632157325744629
2021-12-14,0.0009893178939819336,-0.021568000316619873,-0.028832554817199707,-0.0024915337562561035,-0.008315086364746094,0.026112377643585205,-0.03138303756713867,-0.012810230255126953,-0.020344972610473633,-0.009226322174072266,-0.08263838291168213,0.001850724220275879,0.006972312927246094,-0.0021079182624816895,-0.007006287574768066
2021-12-15,-0.030034422874450684,-0.023473799228668213,0.017367303371429443,0.0023366212844848633,-0.010634362697601318,-0.03607070446014404,0.010019302368164062,-0.0008133053779602051,-0.0016200542449951172,-0.007163345813751221,0.025210142135620117,-0.013461649417877197,0.011489331722259521,-0.015517711639404297,-0.014880657196044922
2021-12-16,-0.03114151954650879,-0.0003400444984436035,0.010544300079345703,-0.018247544765472412,-0.006965935230255127,0.021237075328826904,-0.010457038879394531,0.007140994071960449,-0.01451563835144043,0.014430046081542969,0.022988498210906982,0.014678359031677246,0.009685754776000977,0.004992842674255371,-0.006892979145050049
2021-12-17,0.012106657028198242,-0.031006336212158203,-0.030346155166625977,-0.054695844650268555,-0.042796790599823,0.009129703044891357,-0.02583986520767212,-0.030235111713409424,-0.013040661811828613,-0.029160797595977783,0.02132350206375122,-0.03260159492492676,0.010432541370391846,-0.01605355739593506,-0.015644073486328125
2021-12-20,0.04275244474411011,-0.023087501525878906,0.008274257183074951,-0.04824596643447876,-0.03222799301147461,0.013162612915039062,-0.029079318046569824,-0.02288132905960083,0.030789732933044434,-0.022710680961608887,0.026296019554138184,-0.018001139163970947,0.017570853233337402,-0.028124332427978516,-0.03869885206222534
2021-12-21,-0.06875669956207275,0.00456082820892334,0.027810871601104736,0.05915546417236328,-0.03170621395111084,-0.001697540283203125,-0.052506208419799805,0.038033485412597656,-0.019901752471923828,0.00824594497680664,0.015432178974151611,0.021568655967712402,0.005141913890838623,0.008157610893249512,0.028566479682922363
2021-12-22,0.021261870861053467,0.010015606880187988,0.0008172988891601562,-0.0085066556930542,0.0016540288925170898,-0.003873586654663086,0.016032159328460693,0.024464011192321777,-0.0029392242431640625,0.005204439163208008,-0.11677122116088867,0.005289316177368164,-0.01235949993133545,0.013116955757141113,-0.018023252487182617
2021-12-23,0.00010305643081665039,0.012095808982849121,-0.02842533588409424,0.01100611686706543,0.0019431114196777344,-0.04051613807678223,0.008155882358551025,0.0009844303131103516,0.0004884004592895508,-0.0007395744323730469,0.02596491575241089,0.013110041618347168,0.00443953275680542,0.017108798027038574,0.0037728548049926758
2021-12-24,0.008292734622955322,-0.017173171043395996,0.028435051441192627,-0.0011143088340759277,0.0004611015319824219,0.0005794167518615723,-0.010113358497619629,-0.008559167385101318,0.005782783031463623,0.002960681915283203,-0.010086417198181152,-0.004485130310058594,0.006911933422088623,-0.010993599891662598,-0.009128391742706299
2021-12-27,0.010381996631622314,-0.002547025680541992,-0.03622591495513916,-0.002317070960998535,-2.0503997802734375e-05,-0.003710508346557617,-0.03576171398162842,0.010028958320617676,0.01691645383834839,-0.007380068302154541,-0.10413694381713867,0.005108952522277832,0.003367781639099121,-0.0006268024444580078,-0.010467529296875
2021-12-28,-0.004052281379699707,0.0028830766677856445,-0.0005925893783569336,0.042835116386413574,-0.0025627613067626953,-0.0057762861251831055,0.003355681896209717,0.018294930458068848,-0.01624929904937744,0.0059479475021362305,-0.0038758516311645508,0.02082526683807373,-0.009686946868896484,0.009408354759216309,0.014498233795166016
2021-12-29,0.0008669495582580566,-0.008624255657196045,0.0025661587715148926,-0.00750577449798584,0.002280294895172119,0.011486351490020752,0.0078057050704956055,-0.0043218135833740234,-0.011930584907531738,-0.008130133152008057,-0.04633212089538574,0.009370207786560059,0.008255243301391602,-0.004763901233673096,-0.006676733493804932
2021-12-30,0.015140414237976074,0.0036454200744628906,-0.022560954093933105,-0.0123826265335083,0.0002766251564025879,-0.004415631294250488,-0.00012600421905517578,-0.0048070549964904785,-0.04116368293762207,-0.004470884799957275,0.006765127182006836,0.014632821083068848,0.008323967456817627,-0.002039492130279541,0.009238600730895996
2021-12-31,-0.00751948356628418,0.03002035617828369,0.020901918411254883,0.006226897239685059,0.012537360191345215,-0.012147188186645508,0.008271098136901855,0.007137179374694824,-0.003930211067199707,0.024700522422790527,0.0055727362632751465,0.03491556644439697,-0.005671501159667969,0.0169752836227417,-0.0014170408248901367
2022-01-03,0.0028496384620666504,-0.006705343723297119,-0.0034592151641845703,0.013212800025939941,-0.02600538730621338,-0.009143948554992676,-0.0013704299926757812,0.006549715995788574,-0.01965200901031494,-0.0029218196868896484,0.027397334575653076,0.000574946403503418,-0.00970005989074707,0.011524319648742676,0.0076628923416137695
2022-01-04,-0.00018143653869628906,-0.007288455963134766,-0.0120161771774292,0.02558600902557373,-0.004533052444458008,0.012232482433319092,0.006552338600158691,-0.0034491419792175293,0.003801405429840088,-0.03882789611816406,-0.006402015686035156,0.023436427116394043,-0.0024576187133789062,0.009974122047424316,0.0037459135055541992
2022-01-05,-0.03555715084075928,-0.017203569412231445,0.02841848134994507,0.02953493595123291,0.010656893253326416,-0.016053199768066406,0.030651628971099854,-0.0008563995361328125,-0.011142492294311523,-0.031029582023620605,-0.07315516471862793,-0.002651989459991455,0.0062403082847595215,0.0032116174697875977,-0.0019080638885498047
2022-01-06,-0.018978357315063477,0.02378976345062256,-0.01853156089782715,-0.011568844318389893,0.0018122196197509766,0.004288434982299805,-0.004809021949768066,-0.009892106056213379,-0.011434793472290039,0.017099857330322266,0.010669827461242676,0.007666468620300293,0.009419083595275879,0.00024008750915527344,0.0
2022-01-07,0.017607688903808594,0.006758451461791992,0.01711249351501465,-0.015421092510223389,0.015115857124328613,-0.008273839950561523,0.00813901424407959,-0.012876451015472412,-0.012126445770263672,0.004175305366516113,-0.011384129524230957,-0.008937180042266846,0.004980802536010742,0.016882658004760742,-0.03491699695587158
2022-01-10,-0.020781636238098145,0.02508687973022461,0.010806560516357422,0.03590357303619385,-0.016269564628601074,-0.0005620718002319336,0.0009158849716186523,-0.01227712631225586,0.006267070770263672,0.0006988644599914551,0.02073460817337036,0.032961487770080566,-0.009556293487548828,-0.013494372367858887,-0.00592195987701416
2022-01-11,0.007414817810058594,0.0026090145111083984,0.009407222270965576,-0.006590664386749268,0.0009273886680603027,0.0022469162940979004,0.0047446489334106445,0.004624128341674805,-0.0007419586181640625,0.019580423831939697,0.0012099146842956543,-0.001561582088470459,0.005859851837158203,-0.005343914031982422,0.0005940794944763184
2022-01-12,-0.016869068145751953,0.032372236251831055,-0.02706015110015869,0.012566447257995605,0.007139861583709717,-0.0010133981704711914,-0.0001709461212158203,-0.0014728903770446777,-0.0025206804275512695,0.0035663247108459473,0.03028470277786255,-0.01522606611251831,-0.013375639915466309,0.02265346050262451,0.002431929111480713
2022-01-13,0.019391894340515137,-0.001688838005065918,-0.019984126091003418,7.700920104980469e-05,-0.008023381233215332,-0.009336352348327637,-0.0006551742553710938,-0.021351873874664307,-0.004991888999938965,-0.0,-0.039350271224975586,0.0024111270904541016,-0.017673373222351074,-0.0034894347190856934,-2.7060508728027344e-05
2022-01-14,0.0029157400131225586,0.010453224182128906,-0.008577704429626465,-0.0003083348274230957,-0.0035669803619384766,0.004457831382751465,0.00020879507064819336,0.013527750968933105,-0.0011774301528930664,-0.0007158517837524414,0.007211506366729736,-0.010117411613464355,0.00329744815826416,0.025809526443481445,-0.016820669174194336
2022-01-17,-0.008541345596313477,0.02026534080505371,-0.014690279960632324,0.005628466606140137,-0.017812132835388184,0.004589676856994629,-0.022730112075805664,-0.01174849271774292,0.0019477605819702148,0.002861320972442627,0.004842638969421387,0.0018513202667236328,0.0070577263832092285,-0.01373070478439331,0.0004528164863586426
2022-01-18,-0.01794278621673584,-0.029635071754455566,0.02857416868209839,-0.02430427074432373,0.016772031784057617,0.02091771364212036,0.028293848037719727,-0.010232925415039062,-0.005154967308044434,0.013629794120788574,0.004866123199462891,0.0011742115020751953,0.00932919979095459,-0.017966151237487793,-0.024971365928649902
2022-01-19,-0.03295445442199707,0.02518928050994873,0.011667847633361816,0.02208077907562256,0.0160941481590271,-0.0005743503570556641,-0.004498124122619629,-0.005093276500701904,0.000989079475402832,0.011636435985565186,0.0183374285697937,-0.00449901819229126,0.00986546277999878,-0.006098330020904541,0.0004372596740722656
2022-01-20,0.018429279327392578,0.010660290718078613,0.004365086555480957,-0.004920363426208496,0.010282695293426514,0.0039030909538269043,0.006265223026275635,0.0011843442916870117,0.011807501316070557,0.0007357597351074219,-0.0006226301193237305,-0.009502053260803223,-0.003396749496459961,-0.0009960532188415527,0.009343743324279785
2022-01-21,-0.04483819007873535,-0.01166844367980957,0.012554764747619629,-0.03183192014694214,0.022394299507141113,-0.03180825710296631,-0.04726141691207886,-0.05246889591217041,-0.05955696105957031,0.0014727115631103516,0.062227725982666016,-0.014097452163696289,0.0004513859748840332,-0.0490148663520813,-0.007957935333251953
2022-01-24,-0.060673534870147705,-0.04766833782196045,-0.06397581100463867,-0.026095271110534668,-0.052263498306274414,-0.017735958099365234,-0.07203900814056396,-0.04961550235748291,-0.030539751052856445,-0.039823055267333984,0.0411413311958313,-0.049482762813568115,-0.022352635860443115,-0.004026055335998535,-0.01844477653503418
2022-01-25,-0.026708245277404785,0.05067551136016846,-0.00711512565612793,0.009505033493041992,0.010808587074279785,0.01854097843170166,-0.014814198017120361,0.0037714242935180664,0.022262930870056152,0.018433213233947754,-0.04636681079864502,-0.011048495769500732,0.006004691123962402,0.0029054880142211914,-0.010229527950286865
2022-01-27,-0.014158487319946289,-0.036407530307769775,-0.04462540149688721,-0.0146104097366333,0.019060730934143066,-0.019750118255615234,-0.03548920154571533,-0.03305470943450928,0.014691352844238281,-0.009803950786590576,-0.03306877613067627,-0.027961254119873047,-0.01354449987411499,-0.004492402076721191,0.006403326988220215
2022-01-28,0.030759215354919434,0.05974233150482178,-0.011023998260498047,-0.014415144920349121,-0.04056382179260254,0.007039666175842285,0.00033032894134521484,-0.002619504928588867,0.03335165977478027,0.009901046752929688,0.02432781457901001,0.0024025440216064453,0.0016289949417114258,-0.023955166339874268,0.025143742561340332
2022-01-31,-0.13160622119903564,-0.004197299480438232,-0.006550252437591553,-0.014793097972869873,-0.024071574211120605,0.023140907287597656,0.0034722089767456055,-0.036900877952575684,0.01575791835784912,0.0037707090377807617,0.007874011993408203,0.01930379867553711,0.002091050148010254,0.022598624229431152,0.0077037811279296875
2022-02-01,0.02972257137298584,-0.019088685512542725,0.006709098815917969,0.02120804786682129,0.04246199131011963,-0.0227353572845459,0.006931662559509277,-0.0028706789016723633,-0.0006355643272399902,0.0030052661895751953,-0.015873074531555176,0.030292749404907227,0.0057964324951171875,-0.00012677907943725586,-0.00921177864074707
2022-02-02,-0.018870949745178223,0.0007655620574951172,-0.04791450500488281,0.008805394172668457,0.008860528469085693,-0.005424320697784424,-0.04294919967651367,-0.01864778995513916,-0.011932313442230225,-0.044943809509277344,0.0006510615348815918,0.013241171836853027,0.002766251564025879,0.02666604518890381,0.0027265548706054688
2022-02-03,-0.08944058418273926,-0.015077471733093262,-0.09649121761322021,-0.04973649978637695,0.029075443744659424,-0.002181529998779297,0.02232956886291504,0.002727329730987549,-0.018285095691680908,0.028673827648162842,0.01107490062713623,0.004444003105163574,-0.011494278907775879,0.004610300064086914,-0.015226900577545166
2022-02-04,0.06311649084091187,-0.026758193969726562,-0.010900020599365234,-0.007216811180114746,-0.009218573570251465,0.003279447555541992,0.0071822404861450195,-0.0024033784866333008,-0.008985042572021484,0.013284146785736084,0.009881436824798584,-0.0015354156494140625,-0.0011627674102783203,0.011800289154052734,-0.006240129470825195
2022-02-07,0.010418236255645752,-0.010477542877197266,-0.04184377193450928,0.008800685405731201,-0.006148219108581543,-0.00799030065536499,0.021212875843048096,0.012070655822753906,-0.005525469779968262,0.01570671796798706,0.0006653666496276855,-0.02506929636001587,-0.03678691387176514,-0.008504092693328857,-0.006223797798156738
2022-02-08,0.0529170036315918,-0.01896566152572632,0.016046226024627686,-0.0036144256591796875,-0.0027816295623779297,-0.008542835712432861,0.01919376850128174,0.006820261478424072,-0.0012128949165344238,0.012158095836639404,0.0033289194107055664,0.014299273490905762,0.02088475227355957,-0.020789027214050293,0.004277706146240234
2022-02-09,-0.020181894302368164,0.005277276039123535,0.006851375102996826,-0.000939488410949707,0.015714943408966064,0.0016001462936401367,-0.03991556167602539,-0.03126049041748047,0.001018524169921875,0.002307713031768799,0.018704116344451904,0.01683962345123291,-0.006880760192871094,0.021105408668518066,-0.011386394500732422
2022-02-10,-0.0018949508666992188,0.002848982810974121,-0.014768838882446289,0.004458308219909668,0.004005253314971924,-0.021629631519317627,-0.003244161605834961,0.0037584304809570312,-0.0021132826805114746,-0.0,-0.0061266422271728516,0.0028373003005981445,-0.001138925552368164,0.012009263038635254,0.012390494346618652
2022-02-11,0.0014472603797912598,-0.021754026412963867,0.0029681921005249023,0.009113848209381104,0.01421433687210083,-0.03228229284286499,0.030003011226654053,0.03653740882873535,-0.0036473870277404785,0.008481025695800781,0.034506142139434814,-0.019904911518096924,0.013424336910247803,-0.03749746084213257,-0.021501481533050537
2022-02-14,0.006371259689331055,-0.026943445205688477,0.03601270914077759,-0.07960665225982666,0.019628703594207764,-0.03997927904129028,0.04995930194854736,0.015918254852294922,-0.01897263526916504,0.02410578727722168,0.041345417499542236,-0.018118560314178467,-0.036900341510772705,-0.018493711948394775,-0.029336512088775635
2022-02-15,-0.0031194686889648438,0.0433582067489624,-0.04283726215362549,0.02351820468902588,-0.0069506168365478516,0.027582526206970215,-0.03652477264404297,-0.029194235801696777,0.014765501022338867,-0.008764982223510742,0.013157904148101807,-0.040825605392456055,0.027538299560546875,0.020380258560180664,0.012270808219909668
2022-02-16,0.012741148471832275,0.015308737754821777,-0.05750858783721924,0.016076087951660156,0.007085740566253662,-0.048552632331848145,0.005828440189361572,-0.013951897621154785,0.007117152214050293,-0.0031595230102539062,0.02222222089767456,0.0031450986862182617,-0.0027965903282165527,0.014362335205078125,-0.00182265043258667
2022-02-17,0.0068392157554626465,-0.004434704780578613,0.02583557367324829,-0.003976106643676758,0.006352245807647705,0.008784055709838867,0.01858222484588623,-0.0004558563232421875,-0.0067528486251831055,0.008661389350891113,0.016666650772094727,-0.002069830894470215,-0.006777286529541016,0.006769776344299316,-0.002173781394958496
2022-02-18,0.021158218383789062,0.006445884704589844,0.027540862560272217,-0.002494990825653076,0.01285552978515625,0.009241759777069092,0.029545724391937256,0.0046811699867248535,-0.0030435919761657715,0.01032567024230957,0.004622519016265869,0.0017046332359313965,-0.00870591402053833,0.02710247039794922,-0.009788811206817627
2022-02-21,0.019635498523712158,-0.01676642894744873,-0.011252045631408691,-0.008921205997467041,0.02535223960876465,-0.0025556087493896484,-0.0042264461517333984,0.00012487173080444336,-0.0038061141967773438,0.029694974422454834,0.017027854919433594,0.01390141248703003,-0.020887672901153564,-0.007065832614898682,-0.0057201385498046875
2022-02-22,0.013984918594360352,-0.0025420188903808594,-0.007826566696166992,0.0007570981979370117,-0.006282806396484375,0.031353533267974854,-0.017789006233215332,-0.0019147396087646484,-0.01603919267654419,0.01985114812850952,0.037795305252075195,0.0017316341400146484,-0.03636366128921509,-0.0036183595657348633,-0.020298004150390625
2022-02-23,-0.0025293827056884766,-0.008494794368743896,0.01281815767288208,0.01664423942565918,-0.011708378791809082,-0.0731579065322876,-0.018740296363830566,0.001828014850616455,-0.037697672843933105,-0.0,-0.0016367435455322266,-0.018611431121826172,-0.009559690952301025,-0.0001614689826965332,-0.006022810935974121
2022-02-24,0.026561439037322998,-0.048674702644348145,0.03743720054626465,-0.033487677574157715,-0.003683805465698242,0.005639970302581787,0.04433095455169678,-0.04482829570770264,-0.05666011571884155,-0.055696189403533936,0.03513073921203613,-0.03570133447647095,-0.06959617137908936,-0.03393995761871338,-0.01590573787689209
2022-02-25,-0.03078436851501465,0.026511311531066895,-0.04076409339904785,0.03362131118774414,0.006278574466705322,-0.029223203659057617,-0.09495997428894043,0.018302202224731445,0.0011584758758544922,-0.06255590915679932,-0.07451319694519043,0.025700092315673828,0.023751020431518555,0.04628622531890869,-0.03112494945526123
2022-02-28,-0.07421517372131348,-0.005593001842498779,-0.012393593788146973,-0.01762944459915161,-0.027161240577697754,-0.026716113090515137,0.026138007640838623,0.014806509017944336,-0.03756284713745117,0.008410453796386719,0.03546100854873657,0.03163933753967285,0.04053342342376709,0.00866401195526123,0.0011345744132995605
2022-03-02,0.001392960548400879,0.003473997116088867,0.019343912601470947,0.002527594566345215,-0.0006127357482910156,0.049124836921691895,0.008672535419464111,-0.031078696250915527,-0.03944510221481323,-0.0016963481903076172,0.0049019455909729,0.01810288429260254,0.02921581268310547,-0.0253334641456604,0.007263481616973877
2022-03-03,-0.04253733158111572,-0.02376633882522583,-0.003906965255737305,0.003529667854309082,-0.009937524795532227,0.015462040901184082,0.013688921928405762,-0.038734376430511475,-0.07124978303909302,-0.01016092300415039,-0.08292269706726074,-0.0070969462394714355,0.029880523681640625,-0.027616441249847412,0.006082117557525635
2022-03-04,0.03647053241729736,-0.030424177646636963,0.024299919605255127,-0.011891782283782959,0.005880892276763916,0.030412495136260986,0.01670938730239868,-0.018427133560180664,-0.011299967765808105,-0.038558244705200195,0.043972671031951904,-0.05176264047622681,0.010638236999511719,-0.018585801124572754,0.00796729326248169
2022-03-07,0.037979722023010254,-0.013613879680633545,0.0191652774810791,-0.0026273131370544434,0.015571951866149902,0.03329479694366455,0.02191901206970215,-0.011023938655853271,-0.04115551710128784,0.029862821102142334,0.02537667751312256,-0.02101600170135498,-0.01937800645828247,-0.022938191890716553,0.016429007053375244
2022-03-08,-0.02254462242126465,0.015096664428710938,-0.013489365577697754,0.019119620323181152,-0.012404322624206543,-0.027925491333007812,-0.003226161003112793,0.0030781030654907227,-0.00475698709487915,0.0016638636589050293,-0.012205004692077637,-0.007720589637756348,-0.0036594271659851074,0.004878401756286621,0.025520801544189453
2022-03-09,-0.032321929931640625,0.03580331802368164,0.03493833541870117,0.00041687488555908203,-0.012749075889587402,0.004269063472747803,-0.004565834999084473,0.016087889671325684,-0.01763540506362915,-0.02499997615814209,-0.04501605033874512,0.02631521224975586,0.0041626691818237305,0.004204392433166504,-0.013094663619995117
2022-03-10,-0.013660192489624023,0.012594819068908691,0.005171835422515869,-8.344650268554688e-05,-0.0032383203506469727,-0.037287235260009766,-0.008063793182373047,0.032077908515930176,-0.09993851184844971,-0.004878044128417969,-0.023076891899108887,0.014032483100891113,0.04876863956451416,0.017480969429016113,-0.010378003120422363
2022-03-11,0.006133079528808594,-0.000635683536529541,-0.002038717269897461,0.012003064155578613,-0.01719653606414795,-0.011272549629211426,-0.006932735443115234,-0.031125307083129883,0.018405556678771973,0.006472468376159668,-0.019548892974853516,0.010454654693603516,0.0009299516677856445,0.020531892776489258,0.020231544971466064
2022-03-14,-0.03326153755187988,0.02019023895263672,0.003153562545776367,0.019191265106201172,0.013609528541564941,-0.00222933292388916,-0.04397022724151611,0.0028373003005981445,-0.01533198356628418,0.015472352504730225,-0.019911527633666992,0.01820659637451172,0.0011614561080932617,-0.009477496147155762,0.012326061725616455
2022-03-15,0.023157894611358643,-0.00425642728805542,-0.002755284309387207,-0.06230807304382324,-0.01820385456085205,0.02854675054550171,0.012083172798156738,-0.012457728385925293,-0.027599215507507324,0.003308534622192383,0.058568358421325684,0.007069706916809082,0.01693737506866455,0.01720595359802246,-0.0016082525253295898
2022-03-16,-0.002966761589050293,0.040866971015930176,0.002238929271697998,0.005325198173522949,-0.02434217929840088,-0.0011448860168457031,-0.030110597610473633,-0.050182461738586426,-0.020552992820739746,-0.0074689388275146484,-0.01996934413909912,0.011869668960571289,-0.0034223198890686035,0.04851686954498291,-0.015382170677185059
2022-03-17,-0.022406578063964844,0.015642166137695312,-0.002447962760925293,-0.031969428062438965,-0.024165630340576172,0.007623910903930664,-0.014819145202636719,-0.009460091590881348,-0.0325922966003418,-0.007413506507873535,-0.012801170349121094,0.044718384742736816,0.007326006889343262,0.020184993743896484,-0.041146159172058105
2022-03-21,0.0017846226692199707,0.007700562477111816,0.004069983959197998,-0.025791049003601074,-0.011951446533203125,-0.009475111961364746,-0.006653785705566406,0.008674025535583496,0.0016488432884216309,0.004088282585144043,-0.06617093086242676,0.0015723705291748047,-0.02136361598968506,-0.005939602851867676,0.005498230457305908
2022-03-22,0.017972707748413086,-0.010376453399658203,-0.0061299800872802734,-0.02665996551513672,0.000523984432220459,0.017503857612609863,0.02981102466583252,0.010728657245635986,0.01505279541015625,-0.005747079849243164,0.041143596172332764,0.002031564712524414,-0.00650256872177124,-0.00422900915145874,0.022480785846710205
2022-03-23,-0.01181948184967041,-0.0053460001945495605,-0.010357499122619629,-0.01294863224029541,-0.0019396543502807617,0.0014200806617736816,-0.002834916114807129,-0.014578461647033691,0.005701243877410889,0.016326546669006348,0.02036362886428833,-0.008386313915252686,0.003973841667175293,0.01683223247528076,-0.023560285568237305
2022-03-24,0.016465842723846436,-0.0053746700286865234,-0.005125641822814941,0.028692543506622314,0.0038614869117736816,0.021978020668029785,0.0144195556640625,-0.004205584526062012,0.029343724250793457,0.009958505630493164,-0.032665252685546875,-0.02657991647720337,0.014901041984558105,-0.021956562995910645,0.004456996917724609
2022-03-25,0.0018987059593200684,0.010102629661560059,0.009698987007141113,0.04305839538574219,-0.00793147087097168,0.009781897068023682,0.01039743423461914,-0.0020940303802490234,0.0190122127532959,0.0008382797241210938,-0.017253756523132324,-0.036127567291259766,0.0002294778823852539,-0.021313250064849854,0.02382636070251465
2022-03-28,0.008817136287689209,-0.0033338069915771484,-0.0009087324142456055,-0.017490148544311523,0.01067262887954712,0.019089579582214355,0.024274230003356934,0.016107261180877686,0.03172755241394043,0.009228169918060303,-0.01837456226348877,0.004754543304443359,-0.017660558223724365,-0.01393115520477295,0.014010131359100342
2022-03-29,0.016152024269104004,0.012705802917480469,-0.04731154441833496,-0.005729794502258301,0.015518009662628174,-0.024904727935791016,-0.014014124870300293,-0.020839691162109375,-0.042226314544677734,-0.029635906219482422,-0.049271225929260254,0.0011436939239501953,0.0,0.012747764587402344,-0.0007646083831787109
2022-03-30,-0.0040438175201416016,0.0020483732223510742,-0.012907028198242188,-0.015557646751403809,-0.030840277671813965,0.010755538940429688,-0.031527161598205566,0.0023404359817504883,-0.0003008842468261719,-0.0024671554565429688,0.003306865692138672,-0.006164371967315674,0.01587677001953125,0.017116904258728027,-0.004743456840515137
2022-03-31,0.0007090568542480469,0.0023764371871948242,-0.00038039684295654297,-0.030350923538208008,-0.032367706298828125,-0.004026889801025391,0.013169050216674805,-0.001433730125427246,-0.02190577983856201,0.03609514236450195,0.02986067533493042,0.005152344703674316,-0.008044123649597168,-0.01832658052444458,0.0032952427864074707
2022-04-01,-0.024309873580932617,0.019068002700805664,-0.03783273696899414,0.009283781051635742,0.023117423057556152,0.0029411911964416504,-0.012114763259887695,-0.0178300142288208,0.016334712505340576,-0.053617000579833984,-0.025307774543762207,-0.006032705307006836,0.015987038612365723,0.012405633926391602,-0.019582271575927734
2022-04-04,-0.0006096363067626953,0.011731982231140137,-0.006319761276245117,0.014725565910339355,0.008502304553985596,-0.004156708717346191,-0.009940385818481445,-0.0061376094818115234,-0.01097095012664795,-0.04200315475463867,-0.0013343095779418945,-0.0015273094177246094,0.016875743865966797,0.012610554695129395,-0.01848912239074707
2022-04-05,-0.007338523864746094,-0.002200484275817871,-0.03058171272277832,0.003861546516418457,0.0012354254722595215,-0.016691088676452637,-0.05320882797241211,-0.06638145446777344,-0.042963504791259766,0.002325594425201416,-0.031978607177734375,0.01279294490814209,0.00022423267364501953,0.02995884418487549,-0.025806546211242676
2022-04-06,-0.0014569759368896484,-0.0001487135887145996,-0.013953804969787598,0.02239769697189331,0.0017982125282287598,-0.003940105438232422,0.009992063045501709,0.005402624607086182,0.02397841215133667,-0.030303120613098145,0.013557076454162598,-0.003589332103729248,-0.0051569342613220215,0.005323171615600586,0.016801416873931885
2022-04-07,0.004076361656188965,-0.026716232299804688,-0.012977957725524902,0.019165873527526855,0.02521038055419922,0.017137646675109863,0.028079330921173096,0.002116858959197998,-0.0001939535140991211,0.003016650676727295,0.0026178359985351562,-0.032164692878723145,0.003155231475830078,-0.015733778476715088,-0.007102489471435547
2022-04-08,0.004492759704589844,0.0019861459732055664,0.008426547050476074,0.006513416767120361,-0.005971550941467285,-0.00026619434356689453,-0.0027669668197631836,-0.015009641647338867,-0.007024884223937988,-0.0015128850936889648,-0.007217884063720703,0.020989656448364258,0.0006740093231201172,0.012603759765625,-0.001567244529724121
2022-04-11,-0.0020765066146850586,0.02655649185180664,-0.0058966875076293945,-0.01597583293914795,-0.012222528457641602,-0.01876246929168701,0.013271510601043701,-0.005717873573303223,0.01919567584991455,0.009063422679901123,0.03908795118331909,-0.008008062839508057,0.007633566856384277,-0.011042773723602295,-0.022026896476745605
2022-04-12,-0.00029015541076660156,-0.019606351852416992,0.006206870079040527,0.013425290584564209,-0.01523280143737793,0.012016654014587402,0.015703022480010986,0.015213251113891602,-0.01108551025390625,0.016768276691436768,0.023728787899017334,-0.0006627440452575684,-0.019830644130706787,-0.00019186735153198242,0.005270242691040039
2022-04-13,0.009943902492523193,-0.009898245334625244,0.0013880133628845215,-0.006841540336608887,0.016275227069854736,0.0007932782173156738,-0.01951920986175537,-0.014253735542297363,-0.00751948356628418,-0.017054200172424316,-0.03819441795349121,-0.010790884494781494,-0.004773855209350586,0.0011513233184814453,0.016545772552490234
2022-04-18,-0.0010461807250976562,0.004769086837768555,0.011118769645690918,0.004554927349090576,-0.06387734413146973,0.0019846558570861816,0.027742385864257812,-0.004789233207702637,0.006067097187042236,0.024390220642089844,-0.09498322010040283,0.01304161548614502,0.006852388381958008,-0.04373997449874878,0.022241652011871338
2022-04-19,-0.009183287620544434,-0.02248847484588623,-0.0047435760498046875,0.02460426092147827,0.011905670166015625,0.007821798324584961,0.025969505310058594,-0.004688262939453125,0.0008235573768615723,0.018750011920928955,0.01527184247970581,-0.016382873058319092,-0.013384759426116943,-0.0014432072639465332,0.01751464605331421
2022-04-20,0.011088073253631592,-0.0008828043937683105,-0.016611337661743164,0.033761441707611084,-0.013639688491821289,-0.008284330368041992,-0.005742192268371582,-0.010538101196289062,0.00014549493789672852,-0.003980875015258789,-0.0,0.01227259635925293,-0.005288541316986084,0.004135012626647949,-0.016166329383850098
2022-04-21,-0.01739799976348877,0.012734532356262207,-0.001289963722229004,-0.016873598098754883,0.011073827743530273,-0.009276390075683594,-0.017424345016479492,-0.016469836235046387,-0.035544633865356445,-0.017446517944335938,0.0006203055381774902,0.01542675495147705,0.014100790023803711,0.01227414608001709,-0.007646322250366211
2022-04-22,0.005489766597747803,-0.018168747425079346,0.02207338809967041,0.004931092262268066,-0.017924487590789795,0.00407034158706665,-0.0009198188781738281,0.003369271755218506,0.01549994945526123,0.015588462352752686,0.02420860528945923,-0.003292381763458252,-0.01116943359375,-0.010940372943878174,-0.004406094551086426
2022-04-25,-0.005796074867248535,-0.0014637112617492676,0.010451436042785645,0.015024065971374512,-0.032257258892059326,0.02030324935913086,-0.003338336944580078,0.01093977689743042,0.005041778087615967,0.01900237798690796,0.015267133712768555,-0.02340114116668701,-0.011526048183441162,-0.007786929607391357,0.009839773178100586
2022-04-26,0.01442033052444458,-0.03415870666503906,-0.0229874849319458,-0.0037534236907958984,-0.02626591920852661,-0.00699770450592041,-0.006329774856567383,-0.018472909927368164,0.00033462047576904297,-0.020177602767944336,0.0019379854202270508,-0.038428664207458496,-0.013992547988891602,0.01625955104827881,0.0034766197204589844
2022-04-27,0.01786118745803833,0.028550386428833008,0.015790343284606934,0.00533062219619751,0.015307426452636719,-0.0,0.0058290958404541016,0.0075040459632873535,0.0027737021446228027,0.015822768211364746,-0.06019425392150879,0.021917402744293213,0.009697318077087402,0.0030493736267089844,0.0017597675323486328
2022-04-28,-0.02942633628845215,-0.009197235107421875,-0.001057744026184082,-0.03439450263977051,0.009869694709777832,-0.02098095417022705,-0.013047575950622559,-0.0008358955383300781,0.011605024337768555,0.008038580417633057,0.020146548748016357,-0.008365511894226074,-0.00819861888885498,0.015200614929199219,-0.0005875825881958008
2022-04-29,-0.021604061126708984,-0.0061702728271484375,-0.0007045269012451172,0.0177079439163208,-0.022464454174041748,-0.007329821586608887,-0.005719184875488281,0.004023909568786621,-0.0028624534606933594,0.012965977191925049,0.016822397708892822,0.021884441375732422,-0.00023621320724487305,-0.018745362758636475,-0.0036783218383789062
2022-05-02,-0.05547618865966797,-0.009827375411987305,-0.0030798912048339844,-0.029914140701293945,-0.006665170192718506,0.01624220609664917,-0.09130507707595825,0.01673281192779541,-0.003870368003845215,0.004926145076751709,0.01140683889389038,0.029147326946258545,-0.010630786418914795,-0.02425593137741089,-0.013889312744140625
2022-05-04,-0.05717027187347412,0.03186303377151489,0.011580049991607666,-0.04838341474533081,-0.010764896869659424,0.023774921894073486,-0.046159446239471436,0.02856922149658203,0.01908433437347412,0.003300309181213379,0.029487192630767822,0.040476858615875244,-0.013371467590332031,-0.07010841369628906,0.011603176593780518
2022-05-05,0.03349459171295166,0.012309014797210693,-0.030886590480804443,-0.045220911502838135,-0.009113132953643799,0.006494343280792236,0.03650486469268799,0.0031125545501708984,-0.011938691139221191,-0.000827789306640625,-0.01981508731842041,0.01220548152923584,-0.02323329448699951,0.011182427406311035,0.011001884937286377
2022-05-06,-0.0236547589302063,0.01320648193359375,-0.018225133419036865,-0.02498525381088257,-0.0254976749420166,0.005855917930603027,-0.010115087032318115,0.008446037769317627,0.006651401519775391,0.0041356682777404785,0.04015541076660156,0.02354109287261963,0.021523118019104004,-0.07615870237350464,0.0033559203147888184
2022-05-09,-0.0395967960357666,0.025070011615753174,-0.02369403839111328,-0.05194127559661865,-0.02349907159805298,0.019315063953399658,-0.02183091640472412,0.01861053705215454,0.012365639209747314,0.014950215816497803,0.04453432559967041,0.011567652225494385,0.011119186878204346,-0.021182119846343994,0.01181638240814209
2022-05-10,-0.02993673086166382,0.027951955795288086,-0.019109487533569336,-0.06206774711608887,-0.006585478782653809,-0.034641802310943604,-0.03769361972808838,-0.007239818572998047,0.010145008563995361,0.014333844184875488,0.010593235492706299,0.021001219749450684,0.01931065320968628,-0.055367112159729004,0.0124625563621521
2022-05-11,-0.03768962621688843,0.019464075565338135,-0.02454698085784912,-0.017271459102630615,0.03465616703033447,-0.050209879875183105,-0.04573243856430054,-0.004043102264404297,0.016198337078094482,-0.05132591724395752,0.059957265853881836,0.010597288608551025,-0.031156539916992188,-0.01097404956817627,0.0002875328063964844
2022-05-12,-0.04528915882110596,0.023907482624053955,-0.025963664054870605,-0.020339608192443848,0.01135396957397461,-0.04698258638381958,-0.031522274017333984,0.024161040782928467,-0.03928250074386597,-0.006509304046630859,0.06909644603729248,0.0312809944152832,0.01595360040664673,-0.029094398021697998,0.0034514665603637695
2022-05-13,0.059920310974121094,0.002879798412322998,0.036597251892089844,0.015420317649841309,-0.02545243501663208,0.020673632621765137,-0.008732497692108154,-0.029510974884033203,0.02644801139831543,0.0024251937866210938,-0.020391464233398438,-0.021063685417175293,-0.007123589515686035,-0.018959343433380127,0.002886176109313965
2022-05-16,-0.19998812675476074,-0.0069075822830200195,-0.019296884536743164,-0.056774139404296875,-0.054456472396850586,-0.00325775146484375,-0.00845348834991455,-0.0008503198623657227,-0.029270827770233154,-0.02836298942565918,0.01199042797088623,-0.008557677268981934,-0.04097557067871094,0.02158033847808838,0.00517803430557251
2022-05-17,-0.008747637271881104,-0.04269909858703613,-0.008127570152282715,-0.010895133018493652,0.016169071197509766,-0.006252706050872803,0.04373455047607422,-0.013470888137817383,0.0011148452758789062,-0.001576066017150879,-0.04288017749786377,-0.03164112567901611,-0.007497668266296387,0.03836047649383545,-0.008049964904785156
2022-05-18,-0.0546838641166687,0.004906117916107178,-0.007570624351501465,0.008733630180358887,0.023045718669891357,-0.0021449923515319824,0.0043849945068359375,0.008102834224700928,0.013097882270812988,0.018882811069488525,-0.03491079807281494,0.004411101341247559,-0.023023247718811035,-0.002429187297821045,-0.0053558349609375
2022-05-19,-0.044189631938934326,0.01063007116317749,-0.0077086687088012695,-0.0036554336547851562,0.014503836631774902,-0.03640007972717285,-0.035712242126464844,0.02209252119064331,0.00041878223419189453,0.020850002765655518,0.00974506139755249,0.025291383266448975,-0.019549965858459473,-0.04073655605316162,0.014865398406982422
2022-05-20,-0.12209630012512207,-0.00988006591796875,0.017526865005493164,0.0014008283615112305,-0.018489360809326172,0.018143892288208008,0.014470696449279785,-0.01176905632019043,-0.05566883087158203,-0.01556098461151123,-0.02119600772857666,-0.011884808540344238,-0.002898573875427246,0.03141367435455322,0.000356137752532959
2022-05-23,0.03247946500778198,-0.006874203681945801,-0.01793813705444336,0.003927886486053467,-0.021380305290222168,-0.00511246919631958,0.02355492115020752,-0.013096332550048828,-0.03786492347717285,0.016129016876220703,-0.08821356296539307,-0.0066680908203125,0.00333482027053833,0.021022439002990723,-0.016876578330993652
2022-05-24,0.02187269926071167,-0.010311603546142578,0.025174319744110107,-0.004694342613220215,-0.013213515281677246,-0.012186169624328613,-0.01735585927963257,0.022281110286712646,0.019149065017700195,0.01803278923034668,0.012261629104614258,0.005136430263519287,0.005576610565185547,0.016019582748413086,0.02147042751312256
2022-05-25,0.03383433818817139,0.02100151777267456,0.028208136558532715,0.005980789661407471,0.012786388397216797,-0.023781239986419678,-0.029814422130584717,-0.009649395942687988,0.013145089149475098,0.01836395263671875,0.04275858402252197,0.012545287609100342,-0.008972644805908203,-0.016014158725738525,-0.02610844373703003
2022-05-26,-0.014893174171447754,-0.0143204927444458,-0.016659855842590332,-0.018238306045532227,0.015606403350830078,0.005937933921813965,0.005814313888549805,-0.04611814022064209,-0.015046834945678711,-0.0,0.017291128635406494,-0.013509035110473633,-0.023343682289123535,0.0004520416259765625,0.005582332611083984
2022-05-27,-0.00999462604522705,-0.017930269241333008,-0.008846879005432129,0.002585113048553467,-0.010198831558227539,-0.00787043571472168,0.0167921781539917,0.007333159446716309,-0.0223085880279541,0.00765305757522583,-0.014662742614746094,-0.003384709358215332,-0.001303553581237793,0.01265251636505127,-0.07861578464508057
2022-05-30,-0.03288757801055908,-0.04535365104675293,-9.965896606445312e-05,0.00647968053817749,-0.03993868827819824,-0.0727689266204834,-0.11192142963409424,0.0306851863861084,-0.020157933235168457,-0.01799488067626953,-0.125,-0.04964637756347656,-0.017574310302734375,0.03074014186859131,-0.015378475189208984
2022-05-31,-0.0010265111923217773,0.0036884546279907227,-0.020725488662719727,-0.06950521469116211,0.0017586350440979004,-0.028014779090881348,-0.0143662691116333,-0.012976288795471191,0.03732877969741821,-0.012626290321350098,-0.13808608055114746,0.017686903476715088,0.0008528828620910645,-0.020587801933288574,0.003702878952026367
2022-06-01,-0.007614850997924805,0.013316988945007324,0.0013666749000549316,0.015419542789459229,-0.01418912410736084,-0.002489924430847168,-0.008707642555236816,-0.008861720561981201,-0.020235300064086914,-0.008312582969665527,-0.02144467830657959,0.008303225040435791,-0.0006401538848876953,0.029468178749084473,-0.009352564811706543
2022-06-02,0.00842428207397461,0.004561960697174072,0.01583576202392578,-0.008847951889038086,0.001596212387084961,-0.018490314483642578,-0.006679892539978027,-0.01674860715866089,0.039051055908203125,-0.00906836986541748,0.008839786052703857,-0.010625123977661133,0.0014927983283996582,0.00019073486328125,-0.004074573516845703
2022-06-03,0.003364086151123047,0.0021422505378723145,0.0041716694831848145,0.0193825364112854,0.018856406211853027,0.0125998854637146,0.06989002227783203,-0.012849986553192139,0.0005431175231933594,0.01143789291381836,0.03177255392074585,0.007451772689819336,0.0006408095359802246,-0.029429972171783447,0.016953706741333008
2022-06-06,0.05036520957946777,0.0060329437255859375,0.019150137901306152,-0.02620518207550049,-0.0032111406326293945,0.0008232593536376953,-0.006791114807128906,-0.006054580211639404,0.013141632080078125,-0.003305792808532715,-0.06505465507507324,0.0026537179946899414,0.007693946361541748,-0.0048653483390808105,0.02314770221710205
2022-06-07,0.01753157377243042,0.02381342649459839,0.02603214979171753,0.03041660785675049,0.026848793029785156,0.012633919715881348,0.014063000679016113,-0.014184415340423584,0.009111344814300537,0.006589829921722412,-0.03891885280609131,-0.04446113109588623,-0.0053844451904296875,-0.012741386890411377,0.007230997085571289
2022-06-08,0.04895448684692383,0.027223050594329834,-0.003967404365539551,0.003146052360534668,0.00951153039932251,0.02294856309890747,0.006813943386077881,-0.02096480131149292,0.029202282428741455,0.004145920276641846,0.03746098279953003,0.013352036476135254,0.009854257106781006,-0.008353710174560547,0.0026801228523254395
2022-06-09,6.443262100219727e-05,-0.004750490188598633,-0.002495884895324707,-0.0004508495330810547,-0.03665196895599365,0.016512393951416016,-0.004801034927368164,0.02069246768951416,0.006505310535430908,-0.006661176681518555,-0.022702693939208984,0.005096554756164551,-0.02163565158843994,0.008474588394165039,0.002118229866027832
2022-06-10,0.00773775577545166,0.004556179046630859,0.006431519985198975,-0.00793159008026123,0.01712822914123535,0.013750195503234863,0.0002631545066833496,-0.007596909999847412,0.004400193691253662,0.008271276950836182,0.023784339427947998,0.0011917352676391602,-0.02393054962158203,-0.0070528388023376465,0.011817634105682373
2022-06-13,0.035091519355773926,0.02015024423599243,0.010440587997436523,-0.0557096004486084,0.023008644580841064,0.038743793964385986,0.033095479011535645,-0.02750450372695923,0.0114174485206604,0.022518813610076904,0.025988101959228516,-0.018601953983306885,-0.053807735443115234,-0.012090086936950684,0.017056703567504883
2022-06-14,0.007430732250213623,-0.010693669319152832,0.012449860572814941,-0.016193151473999023,0.010318875312805176,0.03068697452545166,0.022006988525390625,0.027412891387939453,-0.02746284008026123,0.005119442939758301,-0.011673212051391602,-0.00019019842147827148,-0.01742720603942871,0.006067991256713867,0.016308963298797607
2022-06-15,0.00603872537612915,-0.0012499094009399414,-0.0309828519821167,0.026662826538085938,-0.01674020290374756,0.003307640552520752,-0.015367746353149414,-0.007928729057312012,0.02046102285385132,-0.004288196563720703,-0.0027472972869873047,0.0014510154724121094,0.005834341049194336,0.008362889289855957,-0.0029511451721191406
2022-06-16,0.04018479585647583,0.02583754062652588,0.03295338153839111,-0.02559530735015869,-0.01006925106048584,-0.0052149295806884766,0.033127009868621826,-0.018139302730560303,0.009413063526153564,0.009393692016601562,0.03452056646347046,-0.02094966173171997,-0.01925748586654663,-0.039507389068603516,0.020894646644592285
2022-06-17,0.023825883865356445,0.024555981159210205,0.030325770378112793,-0.02896183729171753,-0.001604318618774414,-0.01729285717010498,-0.002880096435546875,-0.021721243858337402,-0.003256559371948242,0.01034480333328247,0.03178203105926514,-0.06040900945663452,-0.005204677581787109,-0.0001569986343383789,0.01303398609161377
2022-06-20,-0.019453048706054688,0.004704833030700684,-0.014255642890930176,-0.008521616458892822,0.011994898319244385,-0.017153501510620117,0.010222315788269043,0.001448988914489746,0.009737670421600342,0.02700352668762207,0.012895762920379639,0.013039350509643555,-0.005231916904449463,-0.009787499904632568,0.030278146266937256
2022-06-21,0.0019057989120483398,-0.018079638481140137,-0.02876448631286621,0.021487116813659668,0.0029082894325256348,0.01109081506729126,-0.04092061519622803,0.03244030475616455,-0.00048363208770751953,-0.02148616313934326,0.004156768321990967,-0.05933642387390137,0.004542231559753418,0.03641843795776367,-0.028824567794799805
2022-06-22,0.0001671314239501953,0.00907522439956665,-0.0014827251434326172,-0.021719932556152344,0.009420514106750488,-0.0004608631134033203,0.02783036231994629,-0.004249691963195801,0.01176220178604126,-0.0140228271484375,0.0041741132736206055,0.02256876230239868,0.01285099983215332,-0.03314971923828125,-0.0033949613571166992
2022-06-23,-0.010026216506958008,-0.027901172637939453,-0.007614254951477051,0.025402545928955078,-0.0012780427932739258,-0.012592196464538574,-0.007814168930053711,-0.0041770339012146,0.0011956095695495605,-0.007778763771057129,0.005988001823425293,-0.00502169132232666,0.027490615844726562,0.020149827003479004,-0.008817553520202637
2022-06-24,-0.02708578109741211,-0.029778242111206055,-0.016582727432250977,-0.009363174438476562,-0.016342878341674805,-0.04428255558013916,-0.039902687072753906,0.009301066398620605,-0.0008705854415893555,-0.0008575916290283203,-0.04759037494659424,-0.0020574331283569336,-0.002058088779449463,0.026008248329162598,-0.03035426139831543
2022-06-27,-0.030628681182861328,-0.0055190324783325195,0.016415417194366455,0.02313673496246338,-0.03360092639923096,-0.0052280426025390625,-0.030844688415527344,-0.004020392894744873,-0.020985126495361328,-0.001713871955871582,-0.04140317440032959,0.0025908946990966797,0.01718604564666748,-0.010482311248779297,-0.014269828796386719
2022-06-28,-0.019425272941589355,0.020925700664520264,0.014170229434967041,-0.0175134539604187,0.02449166774749756,0.012857615947723389,-0.007851719856262207,0.003764510154724121,0.008359909057617188,-0.034217238426208496,0.01822197437286377,0.03541147708892822,-0.028384804725646973,-0.005704045295715332,0.003176867961883545
2022-06-29,-0.03125476837158203,0.01915377378463745,0.016396939754486084,0.011067628860473633,-0.01749885082244873,-0.012146949768066406,0.0037656426429748535,-0.00718456506729126,-0.001718282699584961,-0.0016542673110961914,-0.012935876846313477,0.016208946704864502,0.024808764457702637,-0.00373917818069458,-0.015772342681884766
2022-06-30,0.0456843376159668,0.00651925802230835,0.021649718284606934,0.018502354621887207,0.008028924465179443,0.016338884830474854,0.020789384841918945,-0.00036412477493286133,-0.01602792739868164,0.010734915733337402,0.02776235342025757,-0.0026340484619140625,0.019004464149475098,-0.00010281801223754883,0.000576317310333252
2022-07-01,-0.04023778438568115,-0.01971590518951416,0.008408904075622559,-0.0241582989692688,0.001717984676361084,-0.02851688861846924,-0.005790233612060547,0.011883139610290527,-0.012556672096252441,-0.025041699409484863,-0.017133116722106934,-0.002549886703491211,-0.029973328113555908,-0.016402721405029297,0.0047730207443237305
2022-07-04,-0.020816802978515625,-0.013692975044250488,0.013836205005645752,0.005165696144104004,0.005090117454528809,0.00028586387634277344,0.0011959075927734375,0.01966249942779541,-0.0013025999069213867,0.0032573342323303223,-0.003368854522705078,-0.008375287055969238,0.019913077354431152,0.009618878364562988,-0.0016736984252929688
2022-07-05,0.020706653594970703,-8.702278137207031e-05,-0.0011315345764160156,0.002521038055419922,-0.019709348678588867,-0.019156575202941895,0.018586039543151855,0.02118086814880371,0.012801170349121094,-0.0,-0.008394002914428711,0.00420379638671875,-0.014138281345367432,-0.008284568786621094,0.003598928451538086
2022-07-06,0.007276475429534912,-0.034057021141052246,0.011075913906097412,0.008608222007751465,-0.0059729814529418945,-0.019076943397521973,-0.040883541107177734,0.03465557098388672,-0.001370549201965332,-0.0,0.0022197365760803223,-0.030344128608703613,0.003186941146850586,0.01926589012145996,-0.04011869430541992
2022-07-07,-0.046414852142333984,-0.0003924369812011719,-0.0011428594589233398,0.01802825927734375,-0.009262442588806152,-0.01128697395324707,-0.01015329360961914,0.020756840705871582,-0.0341106653213501,-0.04003274440765381,-0.033370375633239746,-0.05659151077270508,-0.0068073272705078125,-0.0038930177688598633,-0.032122015953063965
2022-07-08,0.011372268199920654,-0.004118800163269043,-0.012100458145141602,-0.0010361671447753906,-0.0037298202514648438,0.0014972686767578125,0.012978971004486084,-0.002823173999786377,-0.04606771469116211,0.010997653007507324,-0.002691030502319336,-0.007920145988464355,0.03838241100311279,-0.003753960132598877,0.003484785556793213
2022-07-11,-0.018671631813049316,-0.024834632873535156,-0.08256256580352783,0.007072091102600098,0.01280069351196289,-0.005180001258850098,-0.022786378860473633,0.004677534103393555,0.013722598552703857,-0.012708544731140137,-0.002147078514099121,-0.008977055549621582,-0.0055005550384521484,-0.004387557506561279,-0.006632089614868164
2022-07-12,0.004684627056121826,0.018787264823913574,0.019379019737243652,0.0027153491973876953,-0.0049397945404052734,0.0016273260116577148,-0.03505516052246094,-0.002777099609375,0.010953247547149658,0.0023529529571533203,-0.0026780366897583008,0.01552969217300415,-0.020132780075073242,-0.007828772068023682,0.013296544551849365
2022-07-13,0.010646581649780273,0.009739935398101807,-0.0023374557495117188,-0.007937252521514893,0.013789117336273193,-0.04278731346130371,0.013325035572052002,0.006265878677368164,-0.006235599517822266,-0.004716992378234863,0.026709377765655518,0.008732438087463379,0.019869089126586914,0.028374433517456055,0.0033385753631591797
2022-07-14,0.02235335111618042,-0.0004203319549560547,-0.0339198112487793,-0.006777167320251465,0.018007516860961914,-0.013546943664550781,0.03179961442947388,0.010744333267211914,0.021763920783996582,-0.02738654613494873,0.007683813571929932,-0.007601618766784668,-0.003542184829711914,0.002489805221557617,-0.01775383949279785
2022-07-15,-0.012282133102416992,-0.015377640724182129,-0.01691615581512451,-0.0015162825584411621,0.011139333248138428,-0.010538458824157715,-0.011840105056762695,0.011153578758239746,-0.005067944526672363,-0.009139299392700195,-0.0044248104095458984,-0.02926039695739746,0.0033326148986816406,-0.0034974217414855957,-0.0130157470703125
2022-07-18,-0.02619767189025879,0.001048266887664795,-0.013206958770751953,0.025151848793029785,-0.03816211223602295,0.00495988130569458,-0.018286943435668945,0.005336165428161621,-0.00998389720916748,0.013584911823272705,-0.007158517837524414,-0.02180659770965576,-0.01594334840774536,-0.05259406566619873,0.0025992393493652344
2022-07-19,-0.01976025104522705,-0.007456064224243164,-0.01990044116973877,-0.061846137046813965,0.007166445255279541,-0.01022493839263916,-0.00030171871185302734,-0.002852022647857666,0.005441844463348389,-0.003060460090637207,-0.006014227867126465,-0.0016759634017944336,0.01192629337310791,-0.01754128932952881,-0.0007402896881103516
2022-07-20,-0.006098031997680664,0.0029329657554626465,0.02907317876815796,-0.03182494640350342,-0.005494356155395508,-0.0026568174362182617,-0.03172290325164795,-0.02816396951675415,-0.0032628774642944336,0.002288341522216797,-0.013586997985839844,-0.013385653495788574,0.0257948637008667,0.02203536033630371,-0.0033735036849975586
2022-07-21,-0.004964470863342285,-0.004618525505065918,-0.004622220993041992,0.01951998472213745,-0.022893428802490234,-0.032050490379333496,-0.0037370920181274414,0.027590394020080566,-0.0744020938873291,0.007645249366760254,-0.0005362033843994141,-0.007661223411560059,-0.028397977352142334,0.017724454402923584,-0.008670806884765625
2022-07-22,0.014423191547393799,0.0006841421127319336,0.00010001659393310547,0.012669205665588379,-0.06218516826629639,-0.01694697141647339,0.023224949836730957,-0.024303913116455078,-0.050714850425720215,0.0007704496383666992,0.003751397132873535,-0.015904903411865234,0.012940645217895508,0.009491801261901855,-0.016753792762756348
2022-07-25,0.022565245628356934,-0.005421996116638184,0.0031009912490844727,-0.037796854972839355,0.027108192443847656,-0.005039095878601074,0.024010419845581055,-0.00012224912643432617,-0.033419132232666016,-0.0030840635299682617,0.000537872314453125,-0.0016559362411499023,0.022026419639587402,0.002146124839782715,0.006297767162322998
2022-07-26,0.02456909418106079,0.014979839324951172,0.0018061399459838867,-0.00016820430755615234,-0.0031197071075439453,0.004531502723693848,0.02074897289276123,-0.012843489646911621,0.02899301052093506,0.009992361068725586,0.017761051654815674,0.015308022499084473,-0.00797414779663086,0.02225780487060547,-0.0024019479751586914
2022-07-27,-0.0007178783416748047,-0.011391878128051758,0.006031334400177002,0.009587109088897705,-0.012170553207397461,0.010614275932312012,-0.0038796663284301758,0.008632421493530273,0.016607820987701416,-0.020186305046081543,0.00273972749710083,-0.004513382911682129,-0.02433192729949951,0.008543133735656738,-0.01922738552093506
2022-07-28,-0.0329972505569458,-0.028733134269714355,-0.010315537452697754,-0.004755139350891113,-0.009140253067016602,0.0065642595291137695,0.032903194427490234,0.0034807920455932617,-0.010779738426208496,0.0038051605224609375,-0.005494475364685059,-0.013500809669494629,-0.0011133551597595215,-0.0014963150024414062,-0.009007453918457031
2022-07-29,-0.01862657070159912,-0.04262673854827881,0.013813793659210205,0.0010141730308532715,-0.0392305850982666,0.028824806213378906,-0.03392481803894043,0.019669413566589355,-0.04519200325012207,0.006111443042755127,-0.024043679237365723,-0.007452964782714844,0.008470773696899414,-0.035291075706481934,0.004323124885559082
2022-08-01,0.0055539608001708984,-0.009787678718566895,0.02476656436920166,0.001522660255432129,-0.013538718223571777,0.011536598205566406,-0.013054370880126953,0.03085613250732422,0.027890026569366455,-0.00845491886138916,-0.004269003868103027,-0.010288834571838379,0.027851462364196777,0.005473971366882324,-0.005469679832458496
2022-08-02,-0.0062503814697265625,-0.009440422058105469,-0.017485380172729492,-0.02939927577972412,-0.009955644607543945,0.0002505779266357422,-0.00735020637512207,0.0017857551574707031,0.0006560087203979492,-0.005335330963134766,-0.00956428050994873,-0.0036611557006835938,0.0344085693359375,-0.0003502368927001953,-0.0002803802490234375
2022-08-03,0.013184607028961182,0.01100248098373413,0.008592426776885986,-0.006337404251098633,-0.0081939697265625,-0.01904517412185669,0.005416154861450195,-0.008332014083862305,0.006477057933807373,-0.008339643478393555,0.006842136383056641,-0.013186812400817871,-0.019126832485198975,0.017406940460205078,-0.0013736486434936523
2022-08-04,0.03242701292037964,-0.03221160173416138,-0.04250931739807129,-0.019465208053588867,0.036475956439971924,-0.006641983985900879,-0.02170264720916748,0.02379930019378662,-0.0026869773864746094,-0.05714285373687744,0.003179609775543213,-0.0030003786087036133,0.00911402702331543,-0.01827526092529297,-0.0019316673278808594
2022-08-05,-0.048098742961883545,-0.006452977657318115,0.01920032501220703,-0.017729640007019043,-0.005127072334289551,-0.03857529163360596,0.002476036548614502,-0.015650033950805664,0.013574719429016113,-0.01280224323272705,0.018607139587402344,-0.003775358200073242,-0.010712027549743652,0.02719593048095703,0.0011734962463378906
2022-08-08,0.0017637014389038086,0.0003681182861328125,-0.018869876861572266,0.036181628704071045,0.0011006593704223633,0.003878474235534668,0.007603287696838379,0.012059807777404785,-0.023203015327453613,-0.0028090476989746094,0.008125662803649902,-0.005816340446472168,0.015074372291564941,-0.00960993766784668,-0.008419990539550781
2022-08-10,-0.03849029541015625,-0.0110398530960083,0.001485586166381836,0.018483638763427734,-0.003337264060974121,-0.012523293495178223,-0.01257169246673584,0.00310361385345459,0.010054469108581543,0.030112087726593018,0.004369199275970459,0.005455732345581055,-0.007948160171508789,0.008500456809997559,0.0044384002685546875
2022-08-11,0.03964197635650635,0.017435669898986816,0.012100756168365479,-0.020081639289855957,-0.03356742858886719,0.005396604537963867,-0.008827447891235352,-0.0006111860275268555,0.01077204942703247,-0.01155233383178711,0.0038397908210754395,-0.015922904014587402,0.004216790199279785,-0.01601719856262207,-0.0022569894790649414
2022-08-12,0.0031921863555908203,-0.0012016892433166504,-0.0006023645401000977,-0.008332014083862305,0.020524322986602783,-0.03596353530883789,0.012268304824829102,-0.008446693420410156,-0.015111804008483887,0.0014276504516601562,0.015418529510498047,0.00016182661056518555,-0.047869086265563965,-0.018038511276245117,0.006866812705993652
2022-08-16,0.012794137001037598,0.031150341033935547,-0.014449119567871094,-0.06975042819976807,-0.023196935653686523,0.00414508581161499,-0.017574310302734375,0.0032378435134887695,0.0034151077270507812,-0.004288792610168457,-0.023489952087402344,-0.008859515190124512,0.012823045253753662,-0.012507438659667969,-0.0024913549423217773
2022-08-17,-0.004875302314758301,-0.017653822898864746,-0.03669631481170654,-0.007800102233886719,0.0064424872398376465,-0.020551443099975586,-0.02731013298034668,0.0362316370010376,-0.027063727378845215,-0.0035587549209594727,0.009836077690124512,0.0006616711616516113,-0.003247380256652832,-0.007500052452087402,-0.014017581939697266
2022-08-18,0.0035490989685058594,-0.007436215877532959,-0.021085739135742188,0.006161749362945557,-0.0035191774368286133,-0.009049296379089355,-0.015476226806640625,0.0070449113845825195,0.003251016139984131,-0.004255414009094238,0.01103752851486206,0.005416929721832275,0.0052599310874938965,-0.016931891441345215,-0.0014594793319702148
2022-08-19,-0.007398724555969238,-0.0027054548263549805,0.0005606412887573242,-0.003856062889099121,0.007453262805938721,-0.00025260448455810547,0.019222497940063477,-0.005891025066375732,-0.015879154205322266,0.011299490928649902,-0.008370518684387207,-0.01537090539932251,0.02684563398361206,0.028611063957214355,-0.011136412620544434
2022-08-22,-0.01903897523880005,-0.03169262409210205,0.004394114017486572,-0.004443764686584473,0.006994128227233887,0.007955610752105713,-0.011165618896484375,-0.046555519104003906,0.00443577766418457,-0.0035713911056518555,0.021029353141784668,-0.009423911571502686,0.03928941488265991,0.03743290901184082,-0.04060155153274536
2022-08-23,0.0027854442596435547,0.013092041015625,-0.0031927824020385742,-0.009748101234436035,-0.0036824941635131836,0.012474536895751953,-0.0037178993225097656,0.0034960508346557617,0.0028855204582214355,-0.10106754302978516,0.0011305809020996094,-0.025893330574035645,-0.010223984718322754,-0.017704486846923828,0.01893484592437744
2022-08-24,0.012066125869750977,-0.011327385902404785,-0.025273799896240234,0.009208381175994873,-0.021042346954345703,-0.003609180450439453,-0.01022350788116455,0.005767822265625,0.0023832321166992188,-0.03490638732910156,-0.01075279712677002,0.007862269878387451,-0.01442718505859375,-0.0012569427490234375,-0.002614915370941162
2022-08-25,-0.006674706935882568,0.004975557327270508,0.016890347003936768,0.0010492205619812012,0.0030264854431152344,-0.05368614196777344,0.004033327102661133,0.009275674819946289,-0.0019196271896362305,-0.01811361312866211,0.014557719230651855,-0.002336740493774414,0.006580352783203125,0.0003013014793395996,0.02568817138671875
2022-08-26,0.00868678092956543,0.0010972023010253906,-0.00872945785522461,-0.016731619834899902,0.006457328796386719,-0.010238885879516602,0.0002454519271850586,0.00953364372253418,0.002171337604522705,0.02453988790512085,0.018181800842285156,-0.026941537857055664,-0.002136707305908203,-0.011804342269897461,-0.012073695659637451
2022-08-29,-0.014791607856750488,0.006549358367919922,0.002393662929534912,0.009814739227294922,-0.013805747032165527,0.02557915449142456,0.022560954093933105,0.01499640941619873,0.005248367786407471,0.027672946453094482,-0.041666626930236816,0.0004737377166748047,0.023454129695892334,0.02646082639694214,-0.009936690330505371
2022-08-30,0.007384538650512695,0.03112637996673584,-0.015134811401367188,-0.00022351741790771484,-0.0057756900787353516,-0.008915305137634277,-0.030691981315612793,0.035727620124816895,0.0006005764007568359,-0.0562741756439209,-0.001111149787902832,-0.02881455421447754,0.00807863473892212,-0.021111726760864258,0.014290094375610352
2022-09-01,-0.007683694362640381,-0.012388944625854492,-0.0009090900421142578,0.0024587512016296387,0.016345679759979248,0.008836567401885986,0.0077735185623168945,-0.004707157611846924,-0.015236735343933105,-0.02633190155029297,0.013318479061126709,-0.006661176681518555,-0.008584737777709961,0.021224558353424072,-0.0027684569358825684
2022-09-02,0.002514362335205078,-0.00456392765045166,0.008355975151062012,0.0025396347045898438,-0.004217982292175293,0.021173834800720215,-0.009209632873535156,-0.0019133687019348145,0.023040473461151123,-0.011933207511901855,-0.0,0.00358504056930542,-0.0648188591003418,0.008622884750366211,-0.014127850532531738
2022-09-05,0.018088579177856445,-0.012287437915802002,-0.01795196533203125,-0.035045623779296875,-0.07312941551208496,0.006451606750488281,-0.023215770721435547,-0.0018085837364196777,0.01813143491744995,0.025943458080291748,-0.011248588562011719,-0.005645751953125,0.02889937162399292,-0.016211986541748047,-0.0013661384582519531
2022-09-06,-0.0033136606216430664,-0.0017241239547729492,0.0006299018859863281,0.020619332790374756,-0.009000420570373535,-0.04660046100616455,0.004162013530731201,-0.0010509490966796875,0.011370658874511719,0.019370436668395996,0.008898794651031494,-0.001636505126953125,-0.030603647232055664,0.0016713142395019531,0.004690289497375488
2022-09-07,0.007371187210083008,0.024179577827453613,-0.01683628559112549,0.005244851112365723,-0.04431021213531494,-0.01386868953704834,-0.04193723201751709,-0.007944226264953613,0.0071326494216918945,-0.01481473445892334,-0.007856369018554688,-0.0023180246353149414,-0.0006144046783447266,0.005022287368774414,0.009892463684082031
2022-09-08,-0.0011290907859802246,-0.007316112518310547,-0.006729245185852051,-0.005272507667541504,0.00527578592300415,0.00791943073272705,-0.006876349449157715,-0.013529300689697266,-0.01414334774017334,-0.009732365608215332,-0.002227187156677246,0.004189193248748779,0.008800685405731201,0.005251646041870117,-0.007841944694519043
2022-09-09,-0.002673625946044922,-0.007291674613952637,-0.02075636386871338,0.004284501075744629,-1.800060272216797e-05,-0.009071111679077148,-0.03352081775665283,-0.002075791358947754,0.005224287509918213,0.006626546382904053,-0.013888835906982422,0.008851408958435059,0.011769533157348633,0.009584784507751465,-0.026956558227539062
2022-09-12,0.011028528213500977,0.006897687911987305,0.014992237091064453,-0.01758289337158203,-0.057834506034851074,-0.010547757148742676,0.0093611478805542,0.02782118320465088,-0.008589625358581543,0.010309278964996338,0.007671177387237549,-0.022162914276123047,-0.0018805265426635742,-0.0007762908935546875,-0.0009975433349609375
2022-09-13,0.0026731491088867188,0.015426397323608398,0.0215185284614563,-0.017206192016601562,0.030090391635894775,0.021705567836761475,-0.022434473037719727,-0.003613889217376709,-0.05330514907836914,-0.023897171020507812,-0.04969632625579834,-0.016684532165527344,-0.0002086162567138672,-0.003361225128173828,0.010327816009521484
2022-09-14,-0.0030100345611572266,-0.021320462226867676,-0.014929413795471191,0.011037766933441162,0.005635082721710205,0.01854991912841797,7.611513137817383e-05,-0.007145285606384277,0.012987017631530762,-0.09934163093566895,-0.04997372627258301,0.0018295645713806152,-0.008340239524841309,0.015255451202392578,-0.006268858909606934
2022-09-15,0.013758540153503418,-0.006051361560821533,0.0007927417755126953,0.015364587306976318,-0.020581722259521484,0.0017294883728027344,0.0029795169830322266,-0.007525324821472168,-0.055899858474731445,-0.06042468547821045,0.0180361270904541,0.016459405422210693,0.010545909404754639,-0.005076766014099121,-0.007729291915893555
2022-09-16,-0.03169608116149902,-0.025782227516174316,-0.040902674198150635,-0.012218475341796875,3.457069396972656e-05,0.011384665966033936,0.030036568641662598,-0.04126179218292236,0.005024731159210205,0.03182750940322876,-0.04897964000701904,0.016697049140930176,0.016718924045562744,-0.04926055669784546,-0.018614530563354492
2022-09-19,-0.023616492748260498,0.0053255558013916016,-0.034007370471954346,-0.046247780323028564,0.024871408939361572,0.016147255897521973,0.010198593139648438,0.008446216583251953,0.030340909957885742,-0.03605508804321289,-0.007782101631164551,-0.0030629634857177734,-0.022316694259643555,-0.014952361583709717,-0.0020426511764526367
2022-09-20,0.008707642555236816,0.0022972822189331055,0.03815412521362305,0.0030497312545776367,-0.016772866249084473,-0.05636131763458252,-0.021004796028137207,0.00460660457611084,-0.024915575981140137,0.009211838245391846,-0.050193071365356445,-0.024505615234375,-0.010187149047851562,0.012121200561523438,0.016170024871826172
2022-09-21,0.011085987091064453,0.012457847595214844,-0.009073436260223389,0.0037245750427246094,0.007540345191955566,0.003010988235473633,0.00030034780502319336,-0.003865361213684082,-0.0031708478927612305,0.03254133462905884,0.02481621503829956,0.006464242935180664,-0.03498661518096924,-0.006317615509033203,-0.02192676067352295
2022-09-22,0.005625605583190918,0.015314102172851562,0.010358929634094238,0.0014388561248779297,-0.01730823516845703,0.01751631498336792,0.005153179168701172,-0.0006847977638244629,0.014385879039764404,-0.0010677576065063477,-0.0004712343215942383,-0.026606440544128418,0.01232844591140747,-0.007297694683074951,-0.0077669620513916016
2022-09-23,-0.014522910118103027,-0.027149677276611328,-0.0003662109375,-0.0022686123847961426,0.02410125732421875,0.011926710605621338,0.03466981649398804,-0.005291640758514404,0.007976293563842773,0.006399989128112793,0.015073001384735107,0.02379828691482544,-0.0,0.0033415555953979492,-0.018146276473999023
2022-09-26,-0.020257771015167236,-0.02297300100326538,-0.0015567541122436523,-0.031074702739715576,0.023721039295196533,-0.00696873664855957,0.03251945972442627,-0.010409891605377197,0.015832185745239258,0.041867971420288086,0.044476330280303955,0.006342470645904541,-0.05898934602737427,-0.020426273345947266,-0.013981938362121582
2022-09-27,-0.00977027416229248,-0.008334457874298096,-0.01898568868637085,0.010481834411621094,0.007811486721038818,-0.00012350082397460938,-0.007941961288452148,0.016281843185424805,-0.03806948661804199,-0.0834733247756958,-0.04254257678985596,0.020768165588378906,-0.0004278421401977539,0.02476203441619873,-0.00575786828994751
2022-09-28,-0.031986355781555176,-0.009016811847686768,0.020568490028381348,-0.008360445499420166,-0.0233076810836792,-0.005189657211303711,-0.010886073112487793,0.004109978675842285,0.02336716651916504,0.019648313522338867,0.023523807525634766,0.008998870849609375,-0.01048809289932251,-0.0038153529167175293,0.006622910499572754
2022-09-29,-0.02138972282409668,0.003735065460205078,0.00494694709777832,0.013036608695983887,0.02105027437210083,-0.01819300651550293,-0.0023865699768066406,0.010763287544250488,0.005607724189758301,-0.0010548830032348633,0.010816097259521484,0.017637133598327637,0.017737388610839844,0.00044405460357666016,0.0040700435638427734
2022-09-30,-0.029105067253112793,0.0192490816116333,0.003281712532043457,-0.02003544569015503,0.006671130657196045,0.005432784557342529,-0.025439023971557617,0.011286139488220215,-0.00288236141204834,-0.014752388000488281,-0.018886685371398926,-0.029804468154907227,0.03230607509613037,0.005825519561767578,-0.0036877989768981934
2022-10-03,-0.003913402557373047,-0.02099919319152832,0.022896647453308105,-0.010379791259765625,0.0011684298515319824,0.025248825550079346,0.016584336757659912,-0.018835067749023438,0.0018327832221984863,0.02128767967224121,0.022926807403564453,0.012562572956085205,-0.002470672130584717,-0.014672636985778809,-0.008442997932434082
2022-10-04,-0.0035399198532104492,0.019234538078308105,-0.0028424859046936035,-0.0060389041900634766,0.007755398750305176,0.004483163356781006,-0.008466839790344238,0.015228867530822754,0.009889841079711914,-0.06312990188598633,-0.01847231388092041,-0.004234433174133301,0.008049488067626953,-0.03560435771942139,0.018849968910217285
2022-10-06,0.00503915548324585,-0.009215712547302246,0.004810333251953125,0.007274746894836426,0.0012253522872924805,-0.0005003213882446289,-0.022500276565551758,0.006886005401611328,0.01083153486251831,0.006986021995544434,-0.005882382392883301,-0.0029979944229125977,0.003071308135986328,0.003189384937286377,0.0028766393661499023
2022-10-07,0.009264230728149414,-0.008968234062194824,0.024468064308166504,0.00023818016052246094,-0.023839235305786133,0.005126237869262695,0.026731014251708984,-0.0013308525085449219,0.020451664924621582,-0.022613048553466797,-0.00389862060546875,-0.05308830738067627,0.02265775203704834,0.012635588645935059,-0.005766928195953369
2022-10-10,0.016592800617218018,-0.0019611716270446777,0.0007787942886352539,-0.016186654567718506,-0.000662684440612793,0.01784592866897583,0.01829850673675537,-0.003960728645324707,0.008351445198059082,-0.0,-0.04368937015533447,0.018458127975463867,0.0027943849563598633,0.011479020118713379,0.0005466938018798828
2022-10-11,0.013580501079559326,0.016365885734558105,0.007349729537963867,0.0033873319625854492,0.0010432600975036621,0.025335848331451416,-0.005713462829589844,-0.049056053161621094,0.012895941734313965,0.0407862663269043,-0.021860480308532715,0.020745515823364258,-0.005175173282623291,0.029225528240203857,-0.014993727207183838
2022-10-12,-0.031816720962524414,-0.006159186363220215,0.008755326271057129,0.004501223564147949,0.01716327667236328,-0.017723560333251953,-0.0043898820877075195,-0.0071909427642822266,0.0216405987739563,0.012807369232177734,0.037323594093322754,0.0012001991271972656,0.004401803016662598,-0.0008013248443603516,-0.015869081020355225
2022-10-13,0.03062283992767334,0.012839436531066895,-0.028250455856323242,-0.0008801817893981934,0.0006929636001586914,0.009674906730651855,-0.001916646957397461,-0.030900657176971436,0.0012717843055725098,-0.04826152324676514,0.005673766136169434,0.008659720420837402,-0.00019919872283935547,0.00045746564865112305,-0.010896146297454834
2022-10-14,0.01284247636795044,-0.02024972438812256,0.021190881729125977,-0.020182549953460693,-0.02173745632171631,0.006122171878814697,0.008783042430877686,0.018319249153137207,0.009732067584991455,-0.021287202835083008,0.0009509921073913574,-0.007369279861450195,-0.02610081434249878,0.003146827220916748,-0.008420407772064209
2022-10-17,0.011586308479309082,0.030666232109069824,0.02486705780029297,0.007356524467468262,0.0006605982780456543,-0.0024901628494262695,-0.007413387298583984,-0.017151951789855957,-0.024982690811157227,-0.006786227226257324,0.007615447044372559,-0.002750396728515625,0.018412470817565918,0.0017218589782714844,-0.006448686122894287
2022-10-18,-0.009584665298461914,0.014890551567077637,0.013637900352478027,0.010142803192138672,0.013528704643249512,-0.013596534729003906,-0.0035625696182250977,0.020332813262939453,-0.0006272792816162109,-0.03707265853881836,-0.03117501735687256,-0.006133317947387695,-0.008637964725494385,-0.00609433650970459,-0.028629302978515625
2022-10-19,0.004145145416259766,-0.015501976013183594,0.00437474250793457,0.013093352317810059,-0.01734018325805664,0.00657808780670166,0.005388975143432617,-0.006682336330413818,0.004388153553009033,0.0218198299407959,0.0009301900863647461,-0.001306295394897461,0.03120565414428711,-0.00028574466705322266,-0.013432025909423828
2022-10-20,0.015776753425598145,-0.011530876159667969,-0.010519444942474365,-0.008483946323394775,-0.0015158653259277344,0.010646581649780273,-0.005418181419372559,-0.03111356496810913,0.009804368019104004,0.008068323135375977,0.0018622279167175293,0.00493466854095459,-0.00530552864074707,0.006912708282470703,-0.014486908912658691
2022-10-21,0.0224187970161438,-0.0028612613677978516,0.006893754005432129,0.0023990869522094727,0.019667506217956543,0.019553840160369873,0.004841864109039307,-0.036245763301849365,0.008675038814544678,0.04258370399475098,-0.041977643966674805,-0.012977361679077148,-0.0017780065536499023,0.00385439395904541,-0.0318719744682312
2022-10-24,0.015304088592529297,0.0013244152069091797,0.002062201499938965,0.01412045955657959,-0.0025457143783569336,-0.010440468788146973,-0.0010057687759399414,0.008576750755310059,-0.016723155975341797,-0.02998495101928711,0.019695580005645752,-0.006846308708190918,-0.0033643245697021484,-0.0003465414047241211,0.009101152420043945
2022-10-25,0.03021007776260376,-0.005703926086425781,-0.003621995449066162,-0.003382563591003418,0.006040990352630615,-0.0011922121047973633,-0.010667681694030762,-0.00017005205154418945,-0.040106356143951416,0.02862691879272461,0.005936086177825928,0.005067169666290283,0.029785513877868652,-0.0013278722763061523,-0.028518974781036377
2022-10-27,0.006600379943847656,0.0023001432418823242,0.011235952377319336,-0.018154561519622803,-0.009665250778198242,0.02924048900604248,-0.019468307495117188,0.00914311408996582,0.007792949676513672,-0.02697312831878662,0.01286172866821289,-0.012545347213745117,-0.023910462856292725,-0.008071541786193848,0.01306140422821045
2022-10-28,-0.01696622371673584,0.0027649402618408203,-0.002124190330505371,-0.04132169485092163,0.014368176460266113,0.03639090061187744,0.004536032676696777,0.0007163286209106445,-0.0037731528282165527,-0.01799607276916504,0.009771943092346191,-0.012057065963745117,-0.00039511919021606445,0.0034314990043640137,-0.010870575904846191
2022-10-31,0.0042912960052490234,0.008271932601928711,0.012117147445678711,0.0031026601791381836,-0.03338122367858887,-0.024893879890441895,-0.02903759479522705,0.02438211441040039,0.01117551326751709,0.020544707775115967,0.01597750186920166,-0.009172677993774414,0.011857748031616211,-0.005681514739990234,0.006645083427429199
2022-11-01,0.0019127726554870605,0.005141258239746094,-0.009868919849395752,-0.00025075674057006836,0.01440274715423584,0.0002759695053100586,-0.002291560173034668,0.0036586523056030273,0.0068901777267456055,0.004878044128417969,0.03008592128753662,0.0023719072341918945,0.01347661018371582,-0.037377357482910156,-0.006918609142303467
2022-11-02,0.02205139398574829,0.012460947036743164,8.165836334228516e-05,0.0015888214111328125,0.01171046495437622,-0.007592439651489258,-0.009123086929321289,-0.0004506111145019531,-0.018829822540283203,0.00196075439453125,-0.02117180824279785,0.009619057178497314,0.021198630332946777,-0.0003300905227661133,-0.012783229351043701
2022-11-03,-0.0021332502365112305,-0.01534414291381836,-0.0020422935485839844,-0.010602831840515137,-0.0026792287826538086,0.004110157489776611,0.007574021816253662,-0.010735929012298584,-0.011093378067016602,0.003929316997528076,0.025072336196899414,-0.012901067733764648,-0.02585393190383911,-0.05279076099395752,-0.016574442386627197
2022-11-04,-0.00019800662994384766,-0.01118934154510498,0.001146078109741211,-0.007763028144836426,0.004554390907287598,0.0031641721725463867,0.004234910011291504,0.0015325546264648438,-0.0029346346855163574,-0.030078887939453125,-0.0034619569778442383,-0.002189159393310547,-0.01201087236404419,-0.018577635288238525,0.000822901725769043
2022-11-07,0.0034894347190856934,-0.001987159252166748,-0.010302543640136719,-0.0004252195358276367,-0.011438131332397461,0.011040568351745605,-0.003533005714416504,0.01943838596343994,0.007168292999267578,-0.008137941360473633,-0.0068999528884887695,0.010163545608520508,0.0156862735748291,-0.012659013271331787,0.004900693893432617
2022-11-09,-0.0027070045471191406,0.0019911527633666992,-0.007270336151123047,-0.002126932144165039,-0.041304588317871094,0.0026513338088989258,-0.0020859241485595703,-0.023854851722717285,-0.020880460739135742,-0.018993377685546875,0.01468425989151001,0.008553564548492432,0.01119685173034668,0.0024564266204833984,-0.01593947410583496
2022-11-10,0.009783267974853516,-0.017056763172149658,0.011318206787109375,-0.03461503982543945,0.00592648983001709,0.005596756935119629,0.007489204406738281,0.019699931144714355,-0.011505365371704102,0.04193848371505737,0.017386972904205322,-0.02836543321609497,-0.029973208904266357,-0.012550830841064453,0.008015632629394531
2022-11-11,-0.019184589385986328,-0.017324626445770264,0.003291606903076172,0.018871068954467773,0.030725479125976562,0.00028145313262939453,-0.007024168968200684,0.00790703296661377,0.004724025726318359,-0.0063228607177734375,-0.0075833797454833984,0.00408935546875,0.04192090034484863,0.003571033477783203,0.010030746459960938
2022-11-14,-0.003607630729675293,-0.006000518798828125,-0.010006546974182129,0.0014278292655944824,-0.01820319890975952,-0.022800803184509277,-0.011889815330505371,0.0026284456253051758,0.000823974609375,0.006283164024353027,-0.01756143569946289,-0.00829625129699707,-0.01378929615020752,-0.00741809606552124,-0.0010127425193786621
2022-11-15,-0.00017118453979492188,-0.020007431507110596,-0.00795358419418335,0.0038691163063049316,0.004466891288757324,-0.010045409202575684,0.0018840432167053223,-0.0006856322288513184,0.009540796279907227,-0.0053501129150390625,-0.024161696434020996,0.010209798812866211,0.0015323162078857422,-0.005164682865142822,-0.002125561237335205
2022-11-16,0.01797020435333252,-0.003050684928894043,-0.024302661418914795,0.019589662551879883,-0.0034050345420837402,-0.012670278549194336,0.011401355266571045,-0.005085289478302002,-0.009834468364715576,0.019351720809936523,0.021665871143341064,-0.004648685455322266,-0.008032143115997314,-0.0017712116241455078,-0.0022284388542175293
2022-11-17,-0.006871461868286133,-0.009474217891693115,-0.028331875801086426,0.0008612275123596191,-0.005927920341491699,0.006726741790771484,-0.03190559148788452,-0.007261455059051514,-0.001792609691619873,0.007400095462799072,0.0019685029983520508,-0.02356010675430298,-0.007326006889343262,0.008810639381408691,0.002791762351989746
2022-11-18,-0.0021017789840698242,-0.003356635570526123,-0.03382670879364014,0.008447468280792236,-0.022228479385375977,0.008262217044830322,-0.009142756462097168,-0.0016753077507019043,-0.0037859082221984863,0.020874738693237305,-0.01923072338104248,-0.006274163722991943,-0.006409049034118652,-0.01752793788909912,-0.0025547146797180176
2022-11-21,-0.002640247344970703,-0.0013412237167358398,-0.012781143188476562,0.023385226726531982,0.01768195629119873,-0.0010925531387329102,-0.002082347869873047,0.010683059692382812,0.018611431121826172,0.025380730628967285,0.02515721321105957,0.0029425621032714844,-0.003518402576446533,0.0,-0.01687788963317871
2022-11-22,0.022247374057769775,0.002924799919128418,-0.004374980926513672,0.015221655368804932,-0.0001793503761291504,-0.004638552665710449,0.0025595426559448242,0.004900455474853516,-9.566545486450195e-05,0.050000011920928955,-0.0039702653884887695,0.01276540756225586,-0.014319300651550293,0.009938836097717285,0.00046753883361816406
2022-11-23,0.016763150691986084,0.009849786758422852,-0.010386943817138672,0.01093745231628418,0.009609222412109375,0.0025801658630371094,0.008049726486206055,0.00012087821960449219,-0.003491997718811035,-0.0822368860244751,-0.0044487714767456055,-0.0017074346542358398,-0.006368160247802734,-0.005990266799926758,-0.003605484962463379
2022-11-24,-0.020709633827209473,-0.004331767559051514,0.0026529431343078613,0.007950961589813232,0.0296097993850708,0.005309760570526123,0.0001938343048095703,0.0017729997634887695,0.003264188766479492,-0.002532958984375,0.015748023986816406,0.0032477378845214844,0.0016022920608520508,0.006948709487915039,-0.0034176111221313477
2022-11-25,-0.0020564794540405273,0.01234138011932373,-0.006400585174560547,0.005250990390777588,0.004531264305114746,0.00027370452880859375,-0.003535747528076172,0.002815723419189453,-0.06344497203826904,-0.012127399444580078,-0.011999964714050293,-0.005670070648193359,0.007598400115966797,0.013007640838623047,-0.01630580425262451
2022-11-28,0.014190971851348877,0.0006723403930664062,-0.008342385292053223,-0.04278564453125,0.0019254684448242188,0.007530093193054199,-0.006913363933563232,-0.020016014575958252,-0.058714985847473145,0.0029955506324768066,0.00592881441116333,-0.001213669776916504,0.0015876293182373047,0.012056946754455566,-0.005458354949951172
2022-11-29,0.017848074436187744,-0.00549238920211792,-0.0031126737594604492,0.017584383487701416,-0.004772782325744629,-0.006759524345397949,-0.013001084327697754,0.010887742042541504,0.016913890838623047,0.009013533592224121,0.018389642238616943,0.008293986320495605,-0.00396275520324707,-0.016142547130584717,-0.004178524017333984
2022-11-30,0.005169987678527832,0.009282827377319336,-0.0008165836334228516,0.019345402717590332,-0.029426634311676025,0.005617916584014893,-0.0069599151611328125,0.015143632888793945,0.004625380039215088,-0.07023751735687256,0.009620249271392822,0.015016794204711914,0.006166696548461914,-0.007688999176025391,-0.001048445701599121
2022-12-01,-0.008652687072753906,0.0008732080459594727,0.00032639503479003906,-0.02525806427001953,-0.004857003688812256,-0.02190983295440674,-0.03138601779937744,-0.0025128722190856934,-0.012854933738708496,-0.0014164447784423828,-0.0015336275100708008,-0.005390167236328125,0.0021747350692749023,0.027882814407348633,0.003142118453979492
2022-12-02,-0.03650367259979248,0.009247660636901855,-0.004407405853271484,-0.013756513595581055,0.007856130599975586,0.006877005100250244,0.0023259520530700684,-0.009157121181488037,-0.01659369468688965,-0.03488922119140625,-0.009188413619995117,-0.00788271427154541,-0.004142820835113525,0.015314340591430664,-0.008635163307189941
2022-12-05,-0.01844167709350586,-0.00011521577835083008,0.003250420093536377,-0.01206207275390625,0.009238243103027344,-0.004616498947143555,0.001565694808959961,-0.003712773323059082,0.0008013248443603516,-0.052391767501831055,-0.05867481231689453,-0.0008594393730163574,-0.001188516616821289,0.003741621971130371,0.004199206829071045
2022-12-06,0.013812661170959473,-0.011930525302886963,-0.008804917335510254,0.0023660659790039062,-0.024111628532409668,-0.021083950996398926,0.00908815860748291,-0.009640693664550781,0.021654725074768066,0.01688307523727417,0.021022498607635498,0.0005161762237548828,-0.010908365249633789,-0.00850367546081543,0.0025824904441833496
2022-12-07,0.004157304763793945,-0.014524459838867188,-0.014384984970092773,0.0048313140869140625,0.00932323932647705,-0.018500566482543945,0.014993250370025635,-0.013661026954650879,0.010829627513885498,0.0325847864151001,-0.00927281379699707,-0.00769960880279541,-0.0034089088439941406,-0.0038183927536010742,0.00855398178100586
2022-12-08,0.003280043601989746,-0.008168280124664307,0.0004779696464538574,0.0023833513259887695,-0.00523686408996582,-0.010128021240234375,0.02332484722137451,0.005556702613830566,-0.0009158849716186523,0.018661797046661377,0.013539671897888184,-0.005140900611877441,0.0032193660736083984,0.0,-0.007107257843017578
2022-12-09,0.003290891647338867,0.0020290613174438477,-0.014506697654724121,-0.013714432716369629,-1.8835067749023438e-05,0.008384227752685547,0.014492452144622803,-0.02511441707611084,0.013640165328979492,-0.026437878608703613,-0.018627524375915527,0.012366890907287598,-0.04292011260986328,-0.016865253448486328,0.0042670369148254395
2022-12-12,-0.003551959991455078,-0.005211293697357178,0.00047147274017333984,0.011346757411956787,0.007289290428161621,-0.009441852569580078,0.0280342698097229,-0.012690365314483643,0.011177778244018555,-0.0754631757736206,-0.02165544033050537,-0.011776208877563477,-0.00019228458404541016,0.009057164192199707,0.005439102649688721
2022-12-13,0.004212319850921631,0.008651137351989746,0.0020436644554138184,0.007327556610107422,0.0008320808410644531,-0.0044103264808654785,-0.024104714393615723,-0.013196229934692383,-0.0008041858673095703,-0.001680612564086914,0.0032972097396850586,-0.0033853650093078613,-0.003461003303527832,-0.001486063003540039,-0.004308819770812988
2022-12-14,-0.0013265609741210938,0.0007419586181640625,-0.005513548851013184,-0.0020455121994018555,0.00557708740234375,0.018148064613342285,-0.009032964706420898,0.003169536590576172,-0.00031256675720214844,0.00419461727142334,-0.10586011409759521,0.005900979042053223,-0.03391444683074951,0.0129777193069458,0.003663301467895508
2022-12-15,0.0011998414993286133,-0.02345794439315796,-0.01840829849243164,-0.0031064748764038086,-0.005063056945800781,-0.01740354299545288,0.006889998912811279,-0.0005193352699279785,0.000446319580078125,-0.002106189727783203,0.03846156597137451,-0.026398122310638428,0.01797616481781006,-0.00047010183334350586,0.006194114685058594
2022-12-16,-0.006056547164916992,-0.010598540306091309,0.006064891815185547,-0.04654043912887573,-0.0025864243507385254,-0.008998692035675049,0.01625746488571167,-0.0007794499397277832,0.002455770969390869,-0.05464482307434082,0.014222204685211182,-0.0157964825630188,-0.014342308044433594,-0.017991602420806885,0.007899165153503418
2022-12-19,0.012015163898468018,0.01697361469268799,-0.0011898279190063477,-0.016518115997314453,-0.0031922459602355957,0.0034592151641845703,-0.004358172416687012,0.007583975791931152,0.008325517177581787,-0.029892444610595703,0.006762862205505371,0.01568758487701416,-0.009302377700805664,0.0014369487762451172,-0.005442380905151367
2022-12-20,0.01870781183242798,-0.007998049259185791,-0.01215052604675293,-0.010379314422607422,-0.0006949901580810547,0.013358235359191895,-0.0023365020751953125,0.008387088775634766,0.010968208312988281,-0.01431894302368164,-0.03449833393096924,-0.005412876605987549,-0.004608273506164551,-0.010044217109680176,-0.007384300231933594
2022-12-21,0.005362749099731445,-0.0009431838989257812,-0.0226706862449646,-0.018497347831726074,-0.01048809289932251,-0.010063767433166504,0.0279233455657959,-0.013606250286102295,-0.0035140514373779297,-0.05646699666976929,0.03290915489196777,-0.007395803928375244,0.005688011646270752,-0.017151832580566406,0.00776141881942749
2022-12-22,0.004824042320251465,0.0029540061950683594,-0.008719265460968018,-0.0004857182502746582,-0.012289881706237793,0.01145470142364502,0.016177117824554443,-0.015566885471343994,-0.006457805633544922,-0.008087337017059326,0.0149727463722229,-0.0026510953903198242,0.01199483871459961,-0.007803916931152344,0.004579603672027588
2022-12-23,0.030406713485717773,-0.01326894760131836,-0.006887316703796387,-0.023228704929351807,-0.02677023410797119,-0.034824490547180176,0.04099816083908081,-0.03294384479522705,0.023857951164245605,-0.12189161777496338,0.03362506628036499,2.014636993408203e-05,0.026148676872253418,-0.03666311502456665,0.009570837020874023
2022-12-26,-0.02646780014038086,-0.0012000799179077148,-0.00434499979019165,0.02557206153869629,-0.028880000114440918,0.011733651161193848,-0.026828527450561523,0.008857250213623047,-0.00990593433380127,-0.13045501708984375,-0.01525259017944336,-0.0007852911949157715,-0.0019179582595825195,0.01125037670135498,-0.007594943046569824
2022-12-27,-0.016799449920654297,0.008934617042541504,0.0005035400390625,-0.005336165428161621,-0.0076247453689575195,-0.018701016902923584,-0.03185081481933594,-0.0006303787231445312,-0.009075522422790527,-0.018480539321899414,-0.05164313316345215,0.00904834270477295,0.0003829002380371094,0.014303922653198242,-0.001211404800415039
2022-12-28,0.00771021842956543,-0.0008856058120727539,-0.0008387565612792969,0.017655134201049805,0.006737887859344482,0.00014770030975341797,0.0034776926040649414,0.0008560419082641602,-0.02811717987060547,-0.05766129493713379,-0.013392806053161621,-0.030596494674682617,-0.016277313232421875,0.0,-0.0007730722427368164
2022-12-29,0.017941057682037354,-0.004401087760925293,0.0062122344970703125,-0.01581519842147827,0.0009979009628295898,0.0007385015487670898,0.0009043216705322266,-0.007157087326049805,-0.025360107421875,0.035455524921417236,0.020704805850982666,0.010425686836242676,0.007537186145782471,0.0033845901489257812,0.002653181552886963
2022-12-30,0.005704045295715332,0.012524962425231934,0.000834345817565918,0.0021425485610961914,-0.0002689361572265625,-0.0067896246910095215,0.004474520683288574,-0.002629578113555908,0.00017243623733520508,-0.0003952980041503906,-0.013045430183410645,-0.01733088493347168,0.007404625415802002,-0.0007496476173400879,-0.008249998092651367
2023-01-02,0.006344854831695557,0.002668023109436035,-0.004668176174163818,0.007677435874938965,-0.02063453197479248,0.02377772331237793,0.0018696188926696777,0.0005909204483032227,0.004697442054748535,0.011457979679107666,0.009325027465820312,0.012223303318023682,-0.01778876781463623,0.003500699996948242,0.0007013082504272461
2023-01-03,0.003565192222595215,-0.004656672477722168,0.00896143913269043,-0.0028932690620422363,0.008053004741668701,0.007403016090393066,-0.006376147270202637,-0.024850010871887207,0.003983497619628906,0.0031974315643310547,-0.0022411346435546875,-0.018649578094482422,0.015410542488098145,0.007039189338684082,-0.013000845909118652
2023-01-04,0.0065950751304626465,-0.0043746232986450195,-0.017348647117614746,-0.0057065486907958984,0.007293343544006348,-0.02046114206314087,0.014813244342803955,-0.018440604209899902,-0.014215469360351562,0.031275033950805664,0.02817535400390625,0.006140947341918945,0.007444202899932861,-0.0030310750007629395,0.006433546543121338
2023-01-05,-0.034995317459106445,-0.002166450023651123,0.013938188552856445,-0.008365750312805176,-0.005846977233886719,-0.003236234188079834,0.006586313247680664,-0.015973806381225586,-0.01273036003112793,-0.01903975009918213,-0.018867850303649902,0.01364743709564209,-0.009230732917785645,0.004467368125915527,-0.0042504072189331055
2023-01-06,0.01085519790649414,-0.006268739700317383,0.0019161701202392578,0.015499234199523926,-0.006050467491149902,-0.00339430570602417,0.005509853363037109,-0.021763324737548828,0.019511520862579346,0.021933376789093018,-0.038843750953674316,0.009367287158966064,0.011432945728302002,0.006300568580627441,0.007373631000518799
2023-01-09,0.008926451206207275,0.006492972373962402,0.002660989761352539,-0.0034775733947753906,-0.013132691383361816,0.01599287986755371,0.011368811130523682,0.005073428153991699,-0.002071976661682129,-0.03986704349517822,-0.0030434131622314453,0.021059155464172363,0.0030840039253234863,0.006813526153564453,0.005496323108673096
2023-01-10,-0.007364392280578613,-0.006420433521270752,0.00945425033569336,0.005622386932373047,-0.0012301206588745117,-0.016907095909118652,0.01136714220046997,0.00408780574798584,-0.00043082237243652344,0.03474438190460205,-0.013003945350646973,0.006620645523071289,0.00406038761138916,0.007133364677429199,0.004454910755157471
2023-01-11,0.013174831867218018,0.007692813873291016,-0.026372075080871582,-0.008289933204650879,0.0020011067390441895,-0.002075672149658203,0.006928145885467529,-0.005754947662353516,0.019634783267974854,0.01282578706741333,0.0004278421401977539,0.012478768825531006,0.018248796463012695,0.0060536861419677734,0.002321481704711914
2023-01-12,0.000666201114654541,-0.0004886388778686523,0.001040637493133545,0.005346059799194336,0.0068825483322143555,0.004308462142944336,0.014641165733337402,-0.003534078598022461,0.022751271724700928,0.004191100597381592,0.009845912456512451,-0.0037746429443359375,-0.015424132347106934,-0.026114702224731445,0.0013152360916137695
2023-01-13,0.003199934959411621,-0.03525596857070923,0.004166603088378906,0.01121532917022705,0.0007137656211853027,-0.0020710229873657227,0.006710410118103027,0.01677006483078003,-0.005033731460571289,-0.03577446937561035,0.004755735397338867,0.012016713619232178,-0.0058422088623046875,-0.0035836100578308105,-0.021813929080963135
2023-01-16,0.0024344325065612793,-0.0082969069480896,0.0032990574836730957,-0.0065972208976745605,-0.008514046669006348,-0.02193892002105713,0.021756231784820557,-0.004946351051330566,0.012923657894134521,0.015034615993499756,0.0008687973022460938,0.004695475101470947,0.011423051357269287,-0.0010541081428527832,-0.018675684928894043
2023-01-17,-0.0014213323593139648,0.0118788480758667,-0.0003229379653930664,-0.023869097232818604,0.002329528331756592,-0.017732679843902588,-0.004622817039489746,0.00025463104248046875,0.030263245105743408,0.004950463771820068,0.009130477905273438,-0.0008728504180908203,0.011555016040802002,0.0055245161056518555,-0.02345043420791626
2023-01-18,0.004739820957183838,0.00564885139465332,-0.011621356010437012,-0.01331096887588501,-0.0054264068603515625,0.004474639892578125,0.013271450996398926,-0.020966053009033203,0.00014019012451171875,0.013266980648040771,-0.008775830268859863,-0.006706953048706055,0.004953444004058838,-0.009568512439727783,-0.0003122687339782715
2023-01-19,-0.0061615705490112305,-0.0047383904457092285,0.010929346084594727,-0.006795227527618408,-0.0033998489379882812,-0.0018433332443237305,-0.008104085922241211,-0.0022031068801879883,0.012428700923919678,-0.005041956901550293,-0.0,0.016109108924865723,-0.010155320167541504,-0.01570683717727661,0.0
2023-01-20,-0.026179909706115723,-0.012517392635345459,0.01879340410232544,-0.0008049607276916504,-0.02121901512145996,-0.005078494548797607,0.00825047492980957,-0.04301297664642334,0.0042108893394470215,0.0025083422660827637,0.0034797191619873047,0.005765080451965332,0.006702125072479248,-0.012094736099243164,-0.011455178260803223
2023-01-23,-0.02371394634246826,0.0034165382385253906,-0.018988847732543945,0.002315998077392578,-0.022303342819213867,0.014075756072998047,0.005958437919616699,-0.0402219295501709,-0.004086136817932129,-0.0025146007537841797,0.0034919381141662598,0.0027832984924316406,-0.003572225570678711,-0.004230499267578125,0.003546595573425293
2023-01-24,-0.040143609046936035,0.00041365623474121094,-0.005162954330444336,-0.0011051297187805176,-0.009344696998596191,-0.03340458869934082,0.005164444446563721,0.0054999589920043945,-0.0027445554733276367,0.005852818489074707,-0.060446739196777344,-0.002558469772338867,0.0059323906898498535,0.0016093254089355469,0.0006299018859863281
2023-01-25,0.009691417217254639,-0.026813745498657227,-0.0024878978729248047,-0.014482498168945312,0.00019252300262451172,0.031439125537872314,-0.032556772232055664,0.010809481143951416,0.01028740406036377,0.021446645259857178,0.006195783615112305,0.00596851110458374,0.002586066722869873,-0.027570724487304688,-0.01409238576889038
2023-01-27,-0.04542195796966553,-0.02196371555328369,0.011288106441497803,0.005714893341064453,0.00487750768661499,0.024382829666137695,-0.19085556268692017,0.00787806510925293,-0.046631455421447754,0.04598194360733032,-0.11471325159072876,0.010757088661193848,0.021539688110351562,-0.015332698822021484,-0.012272059917449951
2023-01-30,-0.011546313762664795,0.010493278503417969,0.01295548677444458,-0.01440894603729248,-0.02688443660736084,-0.02717900276184082,-0.015430986881256104,-0.0045680999755859375,0.028973639011383057,0.054054081439971924,-0.006572723388671875,-0.0018445253372192383,-0.007134079933166504,-0.04027116298675537,0.014615058898925781
2023-01-31,0.0016762018203735352,0.01154172420501709,-0.008203387260437012,-0.06743550300598145,-0.002641439437866211,-0.006538987159729004,0.0006530284881591797,-0.004419684410095215,0.010555922985076904,-0.12333333492279053,0.02693760395050049,-0.01781153678894043,0.0012143254280090332,-0.035744309425354004,-0.015324711799621582
2023-02-01,-0.017283320426940918,-0.018929600715637207,-0.030919432640075684,0.030574917793273926,0.01441967487335205,-0.0015108585357666016,0.04663348197937012,-0.013750791549682617,-0.011759161949157715,0.04705381393432617,-0.03129315376281738,0.013145983219146729,0.0016210675239562988,0.010029315948486328,-0.03349864482879639
2023-02-02,0.005481123924255371,0.02056121826171875,-0.049565911293029785,0.023977696895599365,-0.05445396900177002,-0.0027153491973876953,-0.014626264572143555,-0.0006678104400634766,-0.018511533737182617,0.01556938886642456,-0.02850353717803955,0.01611316204071045,-0.008930325508117676,-0.033916473388671875,-0.06277430057525635
2023-02-03,0.0052394866943359375,-0.0011428594589233398,-0.02135646343231201,-0.032721638679504395,-0.0032747983932495117,-0.08184146881103516,-0.0036520957946777344,0.0015849471092224121,0.007960259914398193,-0.029823780059814453,0.07579457759857178,-0.06715476512908936,0.010058343410491943,0.01040714979171753,0.0005555152893066406
2023-02-06,0.00355374813079834,-0.0039556026458740234,-0.0058165788650512695,-0.009772062301635742,-0.012162923812866211,0.03686714172363281,0.010197997093200684,-0.0021303892135620117,-0.027643799781799316,-0.05221593379974365,0.025909066200256348,0.002070605754852295,0.01097339391708374,-0.016851186752319336,0.0016655921936035156
2023-02-07,-0.01335155963897705,0.0023958683013916016,-0.0039528608322143555,0.003421306610107422,-0.010496020317077637,0.010429859161376953,-0.027590692043304443,0.00041687488555908203,0.006950795650482178,0.018348634243011475,0.012848973274230957,0.004515886306762695,-0.010889649391174316,0.01391071081161499,-0.007166087627410889
2023-02-08,0.00382840633392334,-0.006646573543548584,-0.0019686222076416016,-0.012457013130187988,0.0018162131309509277,-0.012980997562408447,-0.0010344982147216797,-0.026147961616516113,-0.00936281681060791,0.004672884941101074,-0.0048119425773620605,-0.008112311363220215,-0.006707310676574707,-0.014965653419494629,0.019500017166137695
2023-02-09,-0.0003178119659423828,-0.0015491247177124023,0.004147827625274658,0.008719205856323242,-0.034302353858947754,-0.003961324691772461,-0.00499272346496582,-0.003616929054260254,0.02291971445083618,0.029022634029388428,-0.00043958425521850586,0.0017026066780090332,0.007268249988555908,0.0034445524215698242,0.0034029483795166016
2023-02-10,0.010544061660766602,0.0040274858474731445,-0.00591886043548584,0.01075059175491333,-0.011141419410705566,0.011613130569458008,0.005240797996520996,0.0273740291595459,-0.031107425689697266,0.0008791089057922363,0.04001760482788086,-0.0024161338806152344,-0.012405872344970703,-0.030683398246765137,0.0071337223052978516
2023-02-13,-0.006632685661315918,-0.01795220375061035,0.004939675331115723,-0.012744426727294922,-0.011722922325134277,-0.031294286251068115,-0.014438629150390625,0.014446854591369629,0.01979970932006836,0.052793681621551514,0.02748417854309082,-0.020478010177612305,0.007231771945953369,0.001529693603515625,-0.0013546943664550781
2023-02-14,-0.008471667766571045,0.0056917667388916016,0.007300317287445068,0.0023412108421325684,0.02915191650390625,-0.01590907573699951,0.008553743362426758,-0.015461325645446777,0.0008207559585571289,0.022294461727142334,-0.02222222089767456,0.00482332706451416,0.02023470401763916,-0.009722471237182617,-0.004108428955078125
2023-02-15,-0.011578381061553955,-0.017577767372131348,-0.018237948417663574,-0.0033245086669921875,-0.01584017276763916,0.0064334869384765625,0.004928708076477051,-0.013520240783691406,0.012960433959960938,-0.0427553653717041,0.03367006778717041,-0.006940960884094238,-0.015282869338989258,-0.0022759437561035156,0.017123937606811523
2023-02-16,0.010529160499572754,-0.017248332500457764,-0.025278091430664062,0.0070168375968933105,-0.011524677276611328,-0.016718506813049316,0.009142875671386719,-0.007552385330200195,0.0029126405715942383,-0.009111642837524414,0.03827357292175293,0.0007527470588684082,-0.009763956069946289,-0.004774332046508789,0.0012243986129760742
2023-02-17,-0.0023717284202575684,-0.006896317005157471,0.0011270642280578613,-0.0008832216262817383,0.023115098476409912,-0.007167935371398926,0.0036864280700683594,0.00024437904357910156,0.009830355644226074,-0.0036118030548095703,0.038823485374450684,0.008761465549468994,-0.006043553352355957,0.008981883525848389,-0.016547560691833496
2023-02-20,-0.008707940578460693,-0.004166543483734131,-0.0008462667465209961,-0.004706740379333496,-0.08159887790679932,0.0,-0.011201322078704834,0.00924992561340332,0.011754155158996582,-0.06747639179229736,-0.02076256275177002,0.010458827018737793,0.014417290687561035,-0.02099168300628662,0.007771849632263184
2023-02-21,0.03276658058166504,-0.014818191528320312,0.0038048624992370605,-0.0005855560302734375,-0.020727157592773438,-0.005708456039428711,0.006264686584472656,-0.0008225440979003906,0.00014215707778930664,0.014749288558959961,0.06515038013458252,0.0042639970779418945,-0.01930105686187744,-0.026058077812194824,0.0009639263153076172
2023-02-22,-0.011271417140960693,0.008564591407775879,-0.026594996452331543,0.0014630556106567383,-0.022414565086364746,0.0018573999404907227,-0.028796076774597168,0.01236945390701294,-0.004881501197814941,-0.009409785270690918,-0.032935142517089844,0.013009428977966309,-0.03767198324203491,-0.020540356636047363,-0.014561355113983154
2023-02-23,-0.006438791751861572,-0.006561875343322754,0.01998072862625122,-0.00986623764038086,0.03975194692611694,0.0032024383544921875,0.01662123203277588,0.0013315081596374512,0.01296985149383545,-0.0025423765182495117,0.029940128326416016,0.015237212181091309,0.0020712614059448242,0.01487642526626587,-0.007427394390106201
2023-02-24,0.0028949975967407227,0.0033909082412719727,-0.024957776069641113,0.002515077590942383,0.052948594093322754,0.004368185997009277,-0.04047393798828125,0.01595771312713623,-0.01137232780456543,-0.0021132230758666992,-0.0283430814743042,-0.0019210577011108398,0.007027745246887207,0.005995988845825195,-0.04052615165710449
2023-02-27,-0.010672688484191895,-0.02017110586166382,0.020097434520721436,0.01202481985092163,-0.042353272438049316,0.0065239667892456055,0.00647127628326416,0.009780704975128174,-0.017055630683898926,0.026992857456207275,0.013463020324707031,-0.0007919073104858398,-0.010262727737426758,0.00882488489151001,0.008099913597106934
2023-02-28,0.009583234786987305,0.013975739479064941,-0.0053899288177490234,0.00736159086227417,-0.02297055721282959,0.0099717378616333,-0.04023241996765137,-0.023688435554504395,0.0015793442726135254,0.014737725257873535,0.02804434299468994,0.011745095252990723,0.020116090774536133,-0.005296945571899414,0.004617273807525635
2023-03-01,0.0028901100158691406,0.005669116973876953,-0.00034809112548828125,-0.0036586523056030273,-0.007684469223022461,0.01859462261199951,-0.013578295707702637,-0.014619231224060059,-0.004466533660888672,-0.015398144721984863,0.011844873428344727,-0.004045844078063965,0.010774612426757812,-0.008015751838684082,-0.0008817911148071289
2023-03-02,-0.03164660930633545,-0.022654414176940918,0.006124734878540039,0.007881760597229004,0.018101036548614502,-0.0024232864379882812,-0.006706714630126953,0.013585269451141357,0.0022232532501220703,-0.010398626327514648,-0.0010641813278198242,0.009842991828918457,-0.01005631685256958,-0.021853923797607422,-0.004060029983520508
2023-03-03,-0.02688288688659668,0.013121843338012695,-0.008193254470825195,-0.014498472213745117,0.022189974784851074,0.00744938850402832,-0.00959467887878418,-0.005842804908752441,-0.001299738883972168,-0.003859400749206543,-0.006747126579284668,-0.01574862003326416,0.007923603057861328,0.006475865840911865,-0.007743954658508301
2023-03-06,-0.013326644897460938,0.010959267616271973,-0.02910327911376953,0.00293654203414917,0.014814317226409912,0.016074538230895996,-0.003442049026489258,-0.016555309295654297,-0.006073594093322754,-0.002562999725341797,0.00822305679321289,-0.0030673742294311523,0.0038298368453979492,-0.0003834962844848633,-0.014271140098571777
2023-03-08,0.0035218000411987305,0.007356047630310059,-0.013228893280029297,-0.0014725923538208008,0.02643364667892456,-0.026894450187683105,0.02374422550201416,0.0025305747985839844,0.0017971992492675781,0.0017042756080627441,0.0021276473999023438,0.0026419758796691895,-0.0018072128295898438,0.003832697868347168,-0.017690539360046387
2023-03-09,0.002842247486114502,-0.007022857666015625,-0.00832664966583252,0.005195558071136475,-0.0193253755569458,-0.023085594177246094,0.03273743391036987,0.009575307369232178,0.0036009550094604492,-0.014938116073608398,0.0014153718948364258,0.01203542947769165,-0.01046067476272583,0.020446360111236572,-0.00018334388732910156
2023-03-10,0.01216977834701538,-0.0007037520408630371,-0.0025104284286499023,0.0030547380447387695,-0.022075414657592773,-0.009319424629211426,-0.0231248140335083,-0.0046274662017822266,-0.0037528276443481445,0.02102607488632202,0.006007075309753418,-0.0030612945556640625,0.004878997802734375,-0.002805471420288086,0.006783246994018555
2023-03-13,0.006975293159484863,-0.0027816295623779297,0.0127183198928833,0.00029653310775756836,0.01931971311569214,-0.010246872901916504,0.0004329681396484375,0.00851297378540039,0.012186050415039062,-0.07474231719970703,-0.011239945888519287,0.018311917781829834,0.0012139081954956055,0.010854899883270264,-0.028979599475860596
2023-03-14,0.01983475685119629,-0.010557591915130615,-0.001802206039428711,-0.015621960163116455,0.015279173851013184,-0.02070605754852295,0.011314570903778076,0.02376699447631836,-0.000560760498046875,0.0018570423126220703,-0.016341030597686768,-0.010120153427124023,-0.001010298728942871,0.02307957410812378,0.00722348690032959
2023-03-15,0.0033254027366638184,0.0054242610931396484,0.008728086948394775,-0.011852145195007324,0.0008963346481323242,0.005025982856750488,0.008675098419189453,-0.008157730102539062,-0.0,0.025949954986572266,-0.0032502412796020508,-0.018466591835021973,-0.012944996356964111,-0.011928200721740723,0.011437058448791504
2023-03-16,0.004086613655090332,-0.0005678534507751465,-0.045167386531829834,-0.02652972936630249,0.021497070789337158,-0.012071073055267334,-0.014072299003601074,0.001137852668762207,-0.004016518592834473,-0.015808463096618652,-0.006521701812744141,-0.02136218547821045,-0.004918038845062256,-0.007724881172180176,0.0008209943771362305
2023-03-17,0.0035320520401000977,0.007670998573303223,0.013374686241149902,0.0032368898391723633,-0.0402379035949707,0.002443671226501465,-0.0065375566482543945,-0.006877303123474121,0.01628059148788452,-0.09683346748352051,0.017505407333374023,-0.002162933349609375,0.012355804443359375,-0.0,0.016481399536132812
2023-03-20,0.010451078414916992,-0.013286769390106201,0.004862427711486816,-0.0033305883407592773,0.006363391876220703,-0.022462069988250732,-0.008989214897155762,0.017180681228637695,0.006998300552368164,0.008368194103240967,-0.046594977378845215,-0.0017510652542114258,0.006916165351867676,-0.0336153507232666,-0.015077054500579834
2023-03-21,0.015565752983093262,0.0045719146728515625,0.0062215328216552734,-0.021303236484527588,-0.006754040718078613,-0.04114711284637451,0.0043601393699646,-0.0252835750579834,-0.004238009452819824,0.008016824722290039,-0.008270740509033203,-0.02199232578277588,0.003434419631958008,-0.016804754734039307,-0.001676023006439209
2023-03-22,-0.0159456729888916,0.0027022361755371094,-0.016625404357910156,0.014191150665283203,-0.010515689849853516,0.0013686418533325195,0.004706859588623047,0.008025944232940674,0.0034614205360412598,-0.008507013320922852,-0.004548847675323486,0.0023468732833862305,0.002818584442138672,0.01009976863861084,0.005185842514038086
2023-03-23,0.01440495252609253,0.0044324398040771484,0.015788674354553223,0.0004208087921142578,-0.012102007865905762,0.00154191255569458,-0.004296064376831055,0.0015091300010681152,0.009516537189483643,0.007591724395751953,0.01827871799468994,-0.004345893859863281,-0.002007603645324707,-0.01425868272781372,-0.004787921905517578
2023-03-24,0.031635820865631104,7.05718994140625e-05,-0.01740032434463501,-0.04206538200378418,0.013229668140411377,-0.008064508438110352,0.006002545356750488,0.00793522596359253,0.005044221878051758,0.008924782276153564,-0.027299880981445312,0.010202229022979736,-0.0020116567611694336,-0.013624608516693115,-0.004549860954284668
2023-03-27,0.01167154312133789,-0.012072861194610596,-0.01602846384048462,-0.025469303131103516,0.015681564807891846,-0.007489442825317383,0.026653647422790527,0.011468887329101562,0.012795209884643555,-0.017581462860107422,0.018838882446289062,-0.0004210472106933594,-0.012295901775360107,0.0016429424285888672,-0.0032969117164611816
2023-03-28,-0.0026521682739257812,-0.003323078155517578,-0.016076326370239258,-0.003830134868621826,-0.011545777320861816,0.0030411481857299805,-0.006471514701843262,0.02046412229537964,-0.0024455785751342773,-0.09692370891571045,0.004528403282165527,-0.0023653507232666016,-0.015714287757873535,-0.013000428676605225,-0.005375087261199951
2023-03-29,-0.015509366989135742,0.00867605209350586,-0.007229626178741455,-0.03290736675262451,-0.0398404598236084,0.009320437908172607,0.010344505310058594,-0.03111886978149414,-0.008587002754211426,0.02753150463104248,0.014274954795837402,-0.005899310111999512,-0.027783632278442383,-0.000984787940979004,-0.021805763244628906
2023-03-31,-0.0005757808685302734,0.00824594497680664,0.004369378089904785,-0.020801424980163574,0.009383201599121094,-0.0023947954177856445,-0.02425229549407959,-0.007544994354248047,-0.02002716064453125,-0.043142616748809814,-0.012962937355041504,5.9723854064941406e-05,-0.008876323699951172,0.008255839347839355,0.01611042022705078
2023-04-03,-0.011509418487548828,0.009200811386108398,0.006235599517822266,0.003003060817718506,-0.0056536197662353516,-0.02184295654296875,-0.011078834533691406,-0.00037860870361328125,-0.0050743818283081055,0.0037969350814819336,0.019137024879455566,-0.008946657180786133,-0.015196919441223145,0.006049513816833496,0.008896946907043457
2023-04-05,-0.0010294914245605469,-0.0006287693977355957,0.03271353244781494,-0.005916476249694824,-0.014893054962158203,-0.0020040273666381836,-0.012495636940002441,-0.01005089282989502,0.0034917593002319336,0.0033097267150878906,0.012150168418884277,-0.013911843299865723,0.004924178123474121,-0.0061345696449279785,-0.0011305809020996094
2023-04-06,-0.020162343978881836,-0.019398808479309082,0.006349444389343262,-0.0012832880020141602,0.0010099411010742188,0.009666621685028076,0.014236211776733398,0.0052877068519592285,0.0031250715255737305,-0.016965091228485107,0.03383052349090576,0.009425878524780273,0.004552662372589111,0.015339493751525879,0.002565622329711914
2023-04-10,-0.0040323734283447266,0.0008910894393920898,-0.015045464038848877,0.002349674701690674,0.029355645179748535,-0.006563425064086914,-0.031030893325805664,0.02076101303100586,-0.04707157611846924,-0.0028763413429260254,0.009148359298706055,-0.0138319730758667,-0.0011930465698242188,-0.008968353271484375,-0.001354813575744629
2023-04-11,0.0038840174674987793,-0.010541319847106934,0.0007039308547973633,-0.03607749938964844,0.0019409656524658203,0.02023071050643921,0.0028383731842041016,-0.0027784109115600586,-0.002404332160949707,0.0004807710647583008,-0.010808825492858887,0.0014126896858215332,-0.012909650802612305,-0.011661052703857422,-0.007423579692840576
2023-04-12,0.005596816539764404,0.00244748592376709,0.012732148170471191,-0.010642647743225098,0.0031227469444274902,-0.013139963150024414,0.014215528964996338,-0.007544755935668945,-0.006199955940246582,-0.006246984004974365,0.022559046745300293,-0.00304257869720459,-0.0015685558319091797,0.003871440887451172,-0.004214167594909668
2023-04-13,0.004828035831451416,0.005636930465698242,0.023685574531555176,-0.03056955337524414,-0.03051614761352539,0.004884660243988037,-0.019187450408935547,-0.003680706024169922,-0.0019789934158325195,0.008220434188842773,-0.008962452411651611,0.000869452953338623,-0.002349257469177246,0.008202791213989258,0.01955854892730713
2023-04-17,0.004074156284332275,0.005998134613037109,0.016284465789794922,0.0005952119827270508,0.009911894798278809,0.013540983200073242,0.008281469345092773,-0.02444779872894287,0.004488706588745117,-0.007673919200897217,0.005217432975769043,-0.007715702056884766,-0.01171875,0.014329075813293457,-0.00553441047668457
2023-04-18,0.0006997585296630859,0.00890803337097168,-0.022432982921600342,-0.015882492065429688,0.01563847064971924,-0.012010931968688965,-0.006440401077270508,0.004279077053070068,-0.003156304359436035,0.00048339366912841797,-0.0013840794563293457,0.010707736015319824,0.002123534679412842,-0.00017952919006347656,-0.0012032389640808105
2023-04-19,0.012388885021209717,0.006789088249206543,0.0030050277709960938,-0.022180914878845215,-0.0011370182037353516,0.008986055850982666,-0.01125335693359375,-0.0046280622482299805,0.0013484358787536621,-0.008695662021636963,-0.0072765350341796875,0.0032587051391601562,-0.003288745880126953,0.01903843879699707,-0.00030118227005004883
2023-04-20,-0.011426210403442383,0.01942622661590576,0.01252901554107666,0.006500244140625,0.008754730224609375,-0.004961490631103516,0.007590293884277344,0.008020758628845215,0.01597803831100464,0.0029239654541015625,-0.02268761396408081,-0.0038726329803466797,-0.00019288063049316406,0.01927030086517334,-0.003577589988708496
2023-04-21,0.006470918655395508,0.015388846397399902,-0.004438459873199463,0.010199248790740967,0.009142398834228516,-0.0032345056533813477,0.019129455089569092,-0.002322077751159668,0.0074097514152526855,0.0019435882568359375,0.0035713911056518555,0.004245400428771973,0.005398094654083252,-0.012104451656341553,-0.0005668997764587402
2023-04-24,-0.009064078330993652,6.747245788574219e-05,0.023912429809570312,-0.010207056999206543,-0.014028787612915039,0.0013574957847595215,0.012489736080169678,0.005584716796875,0.020229578018188477,0.0009698867797851562,0.00782918930053711,-0.023848414421081543,-0.0040705204010009766,-0.010385692119598389,-0.00018906593322753906
2023-04-25,0.011833369731903076,-0.006581604480743408,-0.023090124130249023,0.019534170627593994,0.01457911729812622,-0.118266761302948,0.010781645774841309,-0.011648178100585938,0.008136630058288574,-0.000484466552734375,-0.025070667266845703,-0.0013880729675292969,0.0038610100746154785,-0.00530630350112915,0.0024584531784057617
2023-04-26,0.0030210018157958984,0.0014609098434448242,-0.0018908977508544922,-0.003042459487915039,0.025973141193389893,-0.02659475803375244,0.010479986667633057,-0.0032896995544433594,-0.0049315690994262695,-0.017450332641601562,-0.010865628719329834,-0.0029622316360473633,0.01375967264175415,0.013099431991577148,-0.0033957362174987793
2023-04-27,-0.004067540168762207,0.0012891292572021484,-0.006698250770568848,-0.007436394691467285,-0.0008827447891235352,0.028707146644592285,-0.016274690628051758,-0.0010656118392944336,-0.039069533348083496,0.003453373908996582,0.016843676567077637,-0.00850057601928711,-0.0017684698104858398,-0.05406033992767334,-0.00389939546585083
2023-04-28,-0.015796184539794922,-0.0007115006446838379,0.008241891860961914,-0.012043595314025879,-0.02897512912750244,-0.01886063814163208,-0.012714147567749023,-0.0073697566986083984,0.005676388740539551,0.00983285903930664,-0.002520740032196045,0.008109748363494873,0.0003922581672668457,-0.011566102504730225,0.0057010650634765625
2023-05-02,-0.009367823600769043,0.011121273040771484,-0.010268867015838623,-0.006909728050231934,-0.017015695571899414,0.014711618423461914,0.0021266937255859375,0.0037392377853393555,0.0015984773635864258,0.028237581253051758,0.009386301040649414,-0.008327484130859375,0.017660915851593018,0.0031287670135498047,-0.004686176776885986
2023-05-03,-0.021955907344818115,0.010194182395935059,-0.018293559551239014,-0.0006672143936157227,-0.006727099418640137,-0.004639387130737305,0.00029224157333374023,-0.012810111045837402,0.004254162311553955,-0.005208313465118408,0.021459221839904785,0.00367891788482666,0.016380369663238525,0.010417342185974121,0.013820886611938477
2023-05-04,0.014532089233398438,-0.0007966756820678711,-0.0009733438491821289,-0.008667469024658203,-0.009146809577941895,-0.002136409282684326,0.003524482250213623,-0.011922955513000488,-0.033765196800231934,0.005711555480957031,-0.002451002597808838,-0.006160378456115723,-0.012185215950012207,-0.00987774133682251,0.004831194877624512
2023-05-05,-0.003099977970123291,-0.01790642738342285,0.0004175901412963867,-0.00906515121459961,-0.0034193992614746094,-0.0040871500968933105,0.0025707483291625977,-0.023644685745239258,-0.02413010597229004,-0.008045434951782227,0.03158998489379883,-0.023404717445373535,0.0006018877029418945,-0.004302322864532471,-0.011815130710601807
2023-05-08,-0.01061546802520752,0.0158311128616333,-0.007652699947357178,-0.0031818151473999023,-0.038411617279052734,0.006058216094970703,-0.004341721534729004,-0.021698594093322754,0.004339158535003662,0.0009541511535644531,0.0020415782928466797,-0.006714463233947754,0.016261816024780273,0.006136894226074219,0.014483451843261719
2023-05-09,-0.019318342208862305,-0.001465141773223877,-0.013881146907806396,-0.008861899375915527,0.02134913206100464,-0.005633234977722168,0.0014295578002929688,-0.014587759971618652,-0.01725780963897705,0.0023832321166992188,0.004753828048706055,0.001035928726196289,-0.016326546669006348,0.0004979372024536133,-0.008476793766021729
2023-05-10,0.009227752685546875,-0.0011672377586364746,0.0024172067642211914,-0.01886272430419922,-0.023175954818725586,0.0035163164138793945,0.0023111701011657715,0.013028860092163086,0.022491633892059326,-0.0023775696754455566,-0.0010138154029846191,0.0010733604431152344,-0.0022088289260864258,0.004603385925292969,-0.013836264610290527
2023-05-11,-0.004489541053771973,0.02130138874053955,0.016453862190246582,-0.017424345016479492,-0.013354182243347168,0.0,-0.006724834442138672,0.020984411239624023,0.008458614349365234,0.014775991439819336,-0.006089389324188232,-0.0045166015625,0.00020039081573486328,0.007616519927978516,-0.0024334192276000977
2023-05-12,-0.001127481460571289,-0.0032691359519958496,-0.011442840099334717,-0.015520453453063965,-0.05618178844451904,-0.0072026848793029785,0.015162944793701172,0.018641948699951172,-0.038631558418273926,0.019727587699890137,0.005786299705505371,-0.0055658817291259766,-0.0020040273666381836,-0.005592405796051025,0.012006402015686035
2023-05-15,0.018500208854675293,0.010987520217895508,0.007905125617980957,-0.013350844383239746,0.0065198540687561035,-0.0023529529571533203,-0.024515748023986816,-0.005857706069946289,-0.0020852088928222656,-0.018424689769744873,-0.009475409984588623,-0.0022897720336914062,0.0031999945640563965,0.0016068220138549805,-0.022786378860473633
2023-05-16,0.01751530170440674,0.0012977123260498047,-0.003431379795074463,0.0028603076934814453,-0.03980910778045654,0.0005896091461181641,0.008611738681793213,-0.005507230758666992,-0.006497621536254883,0.016893386840820312,-0.014690876007080078,-0.003849506378173828,-0.016853928565979004,-0.007157385349273682,-0.006444215774536133
2023-05-17,-0.15388917922973633,-0.0071604251861572266,-0.01032954454421997,-0.0012170076370239258,0.011520445346832275,-0.0023571252822875977,-0.016669273376464844,-0.01700037717819214,0.0001266002655029297,-0.011075198650360107,0.007628321647644043,0.009981215000152588,-0.002367854118347168,-0.0019265413284301758,0.013464570045471191
2023-05-18,0.025070905685424805,-0.0043076276779174805,0.016046524047851562,0.001910090446472168,-0.007704019546508789,-0.00039374828338623047,-0.007632255554199219,-0.0037818551063537598,0.01649993658065796,-0.0037330985069274902,-0.0041294097900390625,0.014679193496704102,0.0015747547149658203,-0.00678706169128418,-0.01079249382019043
2023-05-19,0.011263728141784668,0.0056372880935668945,-0.01935708522796631,-0.00043487548828125,-0.011768102645874023,0.0025604963302612305,-0.017310738563537598,-0.0038357973098754883,-0.023041248321533203,-0.01826697587966919,0.0027643442153930664,0.0074214935302734375,0.00887221097946167,-0.00037616491317749023,-0.003669142723083496
2023-05-22,0.011344373226165771,-0.0020532608032226562,0.006057143211364746,0.003304004669189453,0.001847386360168457,0.020235776901245117,-0.06463837623596191,0.003334522247314453,-0.04319930076599121,0.020992279052734375,-0.0003446340560913086,-0.004034638404846191,0.009349524974822998,0.015616178512573242,-0.0028880834579467773
2023-05-23,0.016619980335235596,-0.0023840665817260742,-0.016291260719299316,0.002180933952331543,-0.02763497829437256,0.02484118938446045,-0.013646602630615234,-0.011078119277954102,-0.015317797660827637,-0.008878469467163086,0.010686039924621582,0.010727941989898682,-0.005220890045166016,-0.004816651344299316,-0.01385188102722168
2023-05-24,-0.04669845104217529,0.005008697509765625,-0.03398609161376953,0.005420565605163574,0.01185297966003418,-0.037955641746520996,-0.07285583019256592,0.018883705139160156,-0.0013859272003173828,0.00047147274017333984,0.017394185066223145,-0.008869171142578125,0.004994034767150879,-0.0029163360595703125,0.0033437609672546387
2023-05-25,0.0004928708076477051,0.01680779457092285,-0.014066815376281738,-0.015207529067993164,-0.011672735214233398,0.0041637420654296875,-0.023774266242980957,0.003965973854064941,0.010360240936279297,-0.008482575416564941,0.005028486251831055,-0.00025856494903564453,0.002208411693572998,0.01095271110534668,-0.028968214988708496
2023-05-26,0.00272369384765625,0.013518691062927246,-0.0034335851669311523,0.004156231880187988,0.013781964778900146,0.01163417100906372,-0.017607688903808594,0.008408904075622559,-0.0019578933715820312,0.004277586936950684,-0.04102742671966553,-0.012629508972167969,-0.006639838218688965,0.002831578254699707,-0.007257342338562012
2023-05-29,0.0023074746131896973,-0.0033504366874694824,-0.006843686103820801,0.004782199859619141,0.0004945993423461914,-0.013242602348327637,-0.015240907669067383,0.006554722785949707,-0.017267465591430664,0.00047326087951660156,-0.02338993549346924,-0.025563955307006836,0.0011992454528808594,0.013749957084655762,0.008492827415466309
2023-05-30,-0.008849740028381348,-0.0002219676971435547,0.007748723030090332,-0.0027083158493041992,0.00983119010925293,0.0029044151306152344,0.009335458278656006,-0.007128536701202393,-0.003802657127380371,-0.0033112168312072754,-0.04351913928985596,0.003466963768005371,0.00040024518966674805,-0.004723012447357178,-0.006108283996582031
2023-05-31,0.009707808494567871,0.005011916160583496,0.01226198673248291,-0.02910161018371582,-0.0023789405822753906,-0.0005460977554321289,-0.053349852561950684,0.015213251113891602,0.0020308494567871094,0.0028476715087890625,0.01170116662979126,-0.0074040889739990234,-0.005205273628234863,-0.0006083846092224121,0.004396378993988037
2023-06-01,-0.014810800552368164,-0.003976941108703613,-0.0014563798904418945,0.010589599609375,-0.013328909873962402,0.0032750964164733887,-0.007927775382995605,0.018311142921447754,0.006496012210845947,-0.028868913650512695,-0.008500337600708008,-0.0014168024063110352,-0.005178213119506836,0.004930973052978516,-0.00543212890625
2023-06-02,-0.0159912109375,-0.012643754482269287,0.001731276512145996,0.021046161651611328,0.003975570201873779,0.004198610782623291,-0.014490365982055664,-0.00033789873123168945,0.003899514675140381,-0.03633856773376465,0.0075255632400512695,-0.012167215347290039,-0.0,-0.00787496566772461,0.01059633493423462
2023-06-05,-0.0024744272232055664,0.012067437171936035,0.00013870000839233398,-0.008088409900665283,0.0010011792182922363,-0.02511465549468994,-0.0036181211471557617,0.011829257011413574,0.003954291343688965,0.012871742248535156,0.0033363699913024902,0.002079188823699951,-0.0031701326370239258,0.0053119659423828125,-0.00997006893157959
2023-06-06,0.011358499526977539,0.0007611513137817383,-0.0067299604415893555,0.0055239200592041016,-0.014946699142456055,0.005007147789001465,0.02961939573287964,-0.009352684020996094,0.013061225414276123,0.0008992552757263184,0.003043234348297119,-0.009017109870910645,-0.00019752979278564453,-0.024233222007751465,0.0005581378936767578
2023-06-07,0.013453781604766846,0.009126067161560059,-0.011440396308898926,-0.0008720159530639648,-0.0059049129486083984,-0.011861920356750488,-0.015520572662353516,0.008429527282714844,-0.009935617446899414,0.004950463771820068,0.0036630630493164062,-0.008849740028381348,0.0005924105644226074,0.003485560417175293,-0.006526589393615723
2023-06-08,0.029032111167907715,-0.006971120834350586,0.005178511142730713,0.004276394844055176,-0.0303652286529541,0.0015985965728759766,-0.03692746162414551,0.007133007049560547,-0.0213087797164917,-0.011759400367736816,-0.004902005195617676,0.010302901268005371,-0.023117899894714355,-0.0014265775680541992,0.005929410457611084
2023-06-09,-0.006781220436096191,-0.0038577914237976074,0.001232922077178955,0.006430864334106445,0.011313080787658691,0.02063685655593872,-0.001721024513244629,-0.007082521915435791,0.016340315341949463,0.007599472999572754,-0.004878044128417969,0.0002607107162475586,0.0077250003814697266,-0.0335424542427063,0.00851130485534668
2023-06-12,-0.007238984107971191,-0.001079261302947998,-0.020984888076782227,-0.04999566078186035,0.0058068037033081055,-0.00762939453125,-0.027157306671142578,0.0005202293395996094,-0.00019824504852294922,0.014864861965179443,-0.007584929466247559,0.008222460746765137,0.008368968963623047,0.016324996948242188,-0.019736886024475098
2023-06-13,-0.0005472898483276367,0.016524672508239746,-0.019881725311279297,-0.005509853363037109,0.000905454158782959,-0.03443300724029541,-0.031266093254089355,0.0027848482131958008,0.0037656426429748535,-0.04983997344970703,-0.010538935661315918,-0.020998358726501465,-0.0021589994430541992,0.01992034912109375,-0.008383631706237793
2023-06-14,-0.009894371032714844,0.0023758411407470703,-0.013039946556091309,-0.006461143493652344,-0.016759514808654785,-0.0029627084732055664,-0.013253331184387207,0.007887005805969238,-0.02622044086456299,0.019163787364959717,0.018772423267364502,0.0018712282180786133,0.0074422359466552734,0.010974645614624023,-0.0035581588745117188
2023-06-15,-0.004592537879943848,0.0071108341217041016,0.007931292057037354,0.021615445613861084,0.008938372135162354,-0.01859259605407715,-0.04662597179412842,-0.004151463508605957,0.0008141398429870605,-0.014209628105163574,0.0033403635025024414,-0.0003267526626586914,0.004538238048553467,-0.01760190725326538,0.0011591315269470215
2023-06-16,0.0026960372924804688,0.0009289979934692383,-0.002359151840209961,-0.04119598865509033,0.006149947643280029,0.002047121524810791,0.006641864776611328,-0.0032834410667419434,-0.001164078712463379,-0.1479860544204712,-0.0015234947204589844,-0.015921592712402344,-0.009910821914672852,-0.005868434906005859,-0.0018090009689331055
2023-06-19,0.009261846542358398,0.006249547004699707,0.002876579761505127,0.010529637336730957,-0.008469462394714355,0.00649571418762207,-0.023874998092651367,-0.01028984785079956,0.0005427002906799316,-0.013348579406738281,0.004259288311004639,-0.004840373992919922,-0.008047103881835938,-0.007598578929901123,0.012231290340423584
2023-06-20,-0.0811227560043335,0.008978009223937988,-0.03619205951690674,-0.016204476356506348,-0.015678048133850098,-0.007742643356323242,0.02504754066467285,0.007367610931396484,0.0012797117233276367,0.03726011514663696,0.018942832946777344,-0.001819014549255371,-0.00038945674896240234,-0.0011390447616577148,-0.003173232078552246
2023-06-21,-0.03204214572906494,0.005637526512145996,-0.012781500816345215,-0.00023806095123291016,0.009824037551879883,-0.002902507781982422,-0.010697364807128906,-0.005494534969329834,-0.0008153915405273438,-0.00586390495300293,0.007474303245544434,0.0009750723838806152,-0.024133920669555664,-0.0029774904251098633,-0.01134645938873291
2023-06-22,-0.00012755393981933594,-0.008211910724639893,0.007809579372406006,-0.006583094596862793,0.023701071739196777,0.025195837020874023,0.03056401014328003,-0.010452449321746826,0.006091177463531494,0.04391753673553467,-0.0,0.000286102294921875,-0.004180908203125,-0.0060999393463134766,0.00479358434677124
2023-06-23,0.03993117809295654,-0.006721675395965576,0.010326802730560303,0.03419750928878784,0.013502657413482666,-0.010478496551513672,0.027142465114593506,-0.03051912784576416,0.014560103416442871,-0.029268264770507812,0.016002535820007324,0.01047050952911377,-0.0032172203063964844,-0.04040402173995972,0.00823289155960083
2023-06-26,0.013022363185882568,0.010950565338134766,-0.0008271932601928711,-0.026352286338806152,0.004071056842803955,0.003802180290222168,-0.024467110633850098,0.004241466522216797,-0.008437275886535645,-0.02843606472015381,0.004464268684387207,-0.011380910873413086,-0.036408305168151855,0.009526968002319336,-0.0018944740295410156
2023-06-27,-0.013261556625366211,0.011896729469299316,0.00896376371383667,0.004372000694274902,0.002823352813720703,-0.0060721635818481445,0.009284615516662598,-0.0034872889518737793,0.007345438003540039,-0.041858673095703125,-0.030108928680419922,-0.0010428428649902344,-0.03512918949127197,0.004553437232971191,-0.004331827163696289
2023-06-28,0.027172505855560303,6.008148193359375e-05,0.0143049955368042,-0.015249490737915039,-0.020988821983337402,0.008104860782623291,0.006593108177185059,0.002760648727416992,-0.003363490104675293,-0.04644310474395752,0.005907952785491943,-0.017609357833862305,-0.000527501106262207,0.0021022558212280273,0.0005134940147399902
2023-06-30,-0.027202963829040527,0.007546901702880859,0.001561880111694336,-0.0408933162689209,0.014161765575408936,-0.006780147552490234,-0.00610959529876709,-0.005157172679901123,0.008045494556427002,-0.03592813014984131,0.012198984622955322,-0.006456136703491211,0.007029891014099121,-0.0038678646087646484,-0.00976097583770752
2023-07-03,-0.0008200407028198242,-0.01623392105102539,-0.00032591819763183594,-0.008839607238769531,0.0028390884399414062,0.008979380130767822,0.007109344005584717,0.0060803890228271484,0.010774433612823486,-0.023121356964111328,0.014566123485565186,0.003067910671234131,-0.016637206077575684,0.0037511587142944336,-0.009598731994628906
2023-07-04,0.007284998893737793,-0.009767711162567139,-0.009708762168884277,-0.0036695003509521484,-0.004791140556335449,0.000697016716003418,-0.00017213821411132812,-0.010111510753631592,-0.008962631225585938,0.02259880304336548,0.011889517307281494,-0.011963844299316406,0.01270902156829834,-0.004655122756958008,0.0041994452476501465
2023-07-05,0.00952446460723877,0.016358375549316406,-0.017552971839904785,-0.011117815971374512,0.0064879655838012695,0.003138601779937744,0.034888625144958496,0.007475137710571289,-0.0026689767837524414,-0.009520530700683594,-0.0052032470703125,-0.008196115493774414,0.00846409797668457,0.010012507438659668,0.00033736228942871094
2023-07-06,-0.02686631679534912,0.008800983428955078,-0.0022830963134765625,0.001771092414855957,0.01159203052520752,-0.013293623924255371,-0.013004899024963379,0.016820788383483887,0.008938848972320557,-0.036375999450683594,-0.01391136646270752,-0.0021129846572875977,-0.0014227628707885742,0.0028696060180664062,0.006986021995544434
2023-07-07,0.025461554527282715,-0.0037047863006591797,-0.0001264810562133789,0.02483922243118286,-0.007376432418823242,0.012601375579833984,0.00394284725189209,-0.018605530261993408,0.013629436492919922,-0.0565485954284668,-0.005105257034301758,-0.012104034423828125,-0.020955562591552734,-0.011185526847839355,0.006695210933685303
2023-07-10,0.015010058879852295,0.0019192695617675781,-0.0001266002655029297,-0.03373515605926514,0.01025921106338501,-0.016608357429504395,0.001295924186706543,0.005255341529846191,-0.02353084087371826,-0.007689952850341797,0.02126985788345337,-0.03131359815597534,-0.008523106575012207,-0.002893805503845215,0.005850732326507568
2023-07-11,-0.0166323184967041,0.015594124794006348,-0.00044274330139160156,0.012173652648925781,-0.03273344039916992,-0.020636320114135742,-0.03488266468048096,0.0127793550491333,-0.007027983665466309,-0.0634920597076416,-0.0038923025131225586,0.013807058334350586,-0.002069711685180664,0.001649022102355957,-0.0038889646530151367
2023-07-12,-0.0026967525482177734,-0.017211437225341797,0.008093595504760742,-0.000965118408203125,-0.01768404245376587,0.010614991188049316,0.01141047477722168,-0.0129622220993042,-0.04246509075164795,-0.030998945236206055,-0.013570308685302734,0.0028824806213378906,-0.0018932819366455078,0.004016876220703125,0.0023311972618103027
2023-07-13,0.019207417964935303,-0.004887998104095459,-0.013833165168762207,0.007268428802490234,0.00390017032623291,0.013113081455230713,0.008913099765777588,-0.014255762100219727,0.02023524045944214,0.03479957580566406,-0.00733184814453125,-0.0037946105003356934,0.019584178924560547,-0.017708420753479004,0.013848364353179932
2023-07-14,-0.01329946517944336,0.013199090957641602,0.0018234848976135254,0.0140455961227417,-0.019285619258880615,-0.009145736694335938,-0.005142331123352051,0.006641507148742676,-0.018105387687683105,-0.05364859104156494,0.003164529800415039,-0.009465932846069336,0.006308078765869141,0.007812023162841797,-0.0015331506729125977
2023-07-17,0.0021423697471618652,0.007048964500427246,0.00201570987701416,-0.03099191188812256,0.0195084810256958,-0.003077983856201172,-0.003148317337036133,0.013859033584594727,-0.010654807090759277,0.009033620357513428,0.0006349682807922363,-0.007232785224914551,-0.022041916847229004,0.012256503105163574,-0.0010089874267578125
2023-07-18,-0.0008814334869384766,-0.00029534101486206055,0.0032822489738464355,0.019476711750030518,-0.0320127010345459,0.013637900352478027,0.0018807649612426758,-0.02764725685119629,-0.015607476234436035,0.03729283809661865,0.014612376689910889,-0.012197315692901611,0.012077271938323975,0.0023561716079711914,0.0031629204750061035
2023-07-19,0.00492250919342041,0.004638314247131348,-0.005446076393127441,-0.018439412117004395,-0.039340853691101074,-0.014345049858093262,-0.0012253522872924805,-0.022182226181030273,-0.04865157604217529,0.008608341217041016,0.009993553161621094,-0.0002669692039489746,-0.007509708404541016,0.015801429748535156,-0.0007323026657104492
2023-07-20,0.0027002692222595215,-0.0013527274131774902,0.0031492114067077637,0.001398324966430664,-0.005339622497558594,-0.0071561336517333984,0.015044450759887695,0.01169353723526001,-0.031105756759643555,0.010998547077178955,0.013676345348358154,-0.002119719982147217,-0.0012133121490478516,-0.000578463077545166,-0.010626792907714844
2023-07-21,-0.015108108520507812,-0.008451104164123535,0.0012636780738830566,0.003537774085998535,0.016587018966674805,0.01590251922607422,0.02085411548614502,0.03323322534561157,0.019542157649993896,-0.018729805946350098,0.025090813636779785,-0.004348814487457275,0.017313003540039062,-0.016786813735961914,0.001827239990234375
2023-07-24,-0.007239937782287598,0.0009800195693969727,0.0063895583152771,0.018121302127838135,-0.007933378219604492,0.0032663345336914062,-0.03868156671524048,0.005025923252105713,0.008572041988372803,0.007181823253631592,-0.002370476722717285,0.0009742975234985352,-0.0019381046295166016,0.0017008781433105469,0.005146324634552002
2023-07-25,-0.007899999618530273,0.009315848350524902,0.012288272380828857,0.000979304313659668,-0.02437007427215576,0.009141087532043457,0.0244218111038208,-0.0056296586990356445,-0.022388577461242676,-0.008391141891479492,0.011824309825897217,0.0167158842086792,0.01248466968536377,0.001959085464477539,0.010068058967590332
2023-07-26,-0.06486797332763672,0.0036154985427856445,-0.005285859107971191,-0.015005350112915039,0.007040262222290039,-0.014621496200561523,-0.006248593330383301,0.0027607083320617676,-0.042077720165252686,-0.00028693675994873047,0.002393186092376709,-0.0068174004554748535,-0.001424551010131836,-0.002802610397338867,0.0025600790977478027
2023-07-27,-0.016732335090637207,-0.0023430585861206055,0.015710175037384033,0.005720198154449463,0.005922377109527588,0.009778738021850586,-0.008991479873657227,-0.01103508472442627,-0.02698725461959839,-0.008032083511352539,-0.006854057312011719,-0.0020775794982910156,0.003911852836608887,-0.00843137502670288,0.003867626190185547
2023-07-28,0.006872415542602539,0.007398009300231934,0.0042345523834228516,0.013075292110443115,0.009527087211608887,-0.016805291175842285,0.0032465457916259766,-0.007872223854064941,0.032419800758361816,0.0025611519813537598,-0.03233492374420166,-0.005029857158660889,-0.021420955657958984,0.005932331085205078,-0.013448119163513184
2023-07-31,2.0563602447509766e-05,0.012035608291625977,-0.02531886100769043,0.002876877784729004,0.01315075159072876,-0.0015333890914916992,0.014371514320373535,-0.006754279136657715,0.027150630950927734,0.0031383633613586426,0.008902013301849365,0.005708098411560059,0.008563458919525146,-0.022344470024108887,-0.016474008560180664
2023-08-01,0.005934417247772217,0.01474308967590332,-0.000701904296875,-0.0009111166000366211,-0.01462697982788086,0.005954384803771973,0.003287196159362793,0.009782254695892334,0.0010782480239868164,0.012306749820709229,-0.013306736946105957,-0.0007157325744628906,0.002820312976837158,-0.022176742553710938,0.0003083348274230957
2023-08-02,0.025263309478759766,-0.002837657928466797,0.01173245906829834,-0.0010619163513183594,-0.0080183744430542,0.01745682954788208,-0.001994907855987549,0.0066994428634643555,-0.0076781511306762695,0.024920344352722168,0.006565988063812256,-0.008244752883911133,-0.009545683860778809,-0.00470280647277832,0.003804504871368408
2023-08-03,-0.02144646644592285,-0.004866302013397217,0.007613420486450195,0.0036371350288391113,-0.0023502111434936523,-0.017766952514648438,-0.07657551765441895,0.008154630661010742,0.0007702112197875977,-0.013075709342956543,-0.008261680603027344,-0.025208592414855957,0.01628434658050537,0.0019971728324890137,0.013039708137512207
2023-08-04,-0.03912949562072754,0.006119728088378906,0.008581995964050293,0.009734630584716797,-0.01995563507080078,-0.01711452007293701,-0.038912057876586914,-0.009604692459106445,0.013224244117736816,-0.000880122184753418,-0.0245821475982666,0.0007925033569335938,-0.01334989070892334,-0.024701356887817383,-0.019103288650512695
2023-08-07,-0.013417243957519531,0.0035527944564819336,-0.03495311737060547,-0.03333079814910889,-0.0015915632247924805,-0.01346123218536377,-0.0160520076751709,-0.0045664310455322266,-0.0019335150718688965,-0.021981239318847656,-0.03103005886077881,6.890296936035156e-05,-0.01053929328918457,-0.008666038513183594,-0.006430864334106445
2023-08-08,-0.003979682922363281,-0.005352914333343506,0.0005437135696411133,-0.00603795051574707,-0.05631983280181885,-0.00962972640991211,-0.036127328872680664,-0.002727508544921875,0.008925437927246094,-0.018927335739135742,-0.02575242519378662,0.005732297897338867,0.006083786487579346,0.012463748455047607,-0.003602743148803711
2023-08-09,0.021566331386566162,-0.03169220685958862,0.012564539909362793,0.0010391473770141602,0.011407136917114258,-0.005591273307800293,-0.008549809455871582,0.008688747882843018,-0.00020569562911987305,-0.02786386013031006,-0.010889291763305664,0.011861324310302734,-0.10300803184509277,-0.040865182876586914,-0.016628265380859375
2023-08-10,0.002607285976409912,-0.03199434280395508,0.0054329633712768555,-0.004631161689758301,-0.013966202735900879,0.006377816200256348,0.02048414945602417,0.016119837760925293,-0.013375401496887207,0.00602412223815918,-0.0,0.01104581356048584,0.022039055824279785,0.014950871467590332,-0.02111995220184326
2023-08-11,0.003800511360168457,0.002278447151184082,-0.009806513786315918,-0.015161275863647461,-0.0033347606658935547,-0.02715599536895752,0.004249215126037598,-0.007707715034484863,0.006604552268981934,-0.11515152454376221,0.027827680110931396,0.009603261947631836,0.014753520488739014,0.009799838066101074,-0.006230950355529785
2023-08-14,-0.05086696147918701,-0.001667022705078125,-0.0010780096054077148,-0.004072666168212891,-0.0035550594329833984,0.016240954399108887,0.027047038078308105,0.01933354139328003,0.006941080093383789,-0.03162062168121338,0.010464727878570557,-0.0021874308586120605,-0.012999773025512695,0.0038017630577087402,-0.01099085807800293
2023-08-16,-0.001882314682006836,0.00015175342559814453,0.0024955272674560547,-0.0024535655975341797,0.021480023860931396,-0.058764755725860596,-0.021897315979003906,0.004585683345794678,-0.008676528930664062,-0.06704986095428467,0.0015552043914794922,0.0001494884490966797,-0.010883688926696777,-0.0013326406478881836,0.00012832880020141602
2023-08-17,-0.08790433406829834,-0.052454233169555664,0.0015473365783691406,0.011396288871765137,-0.0015050172805786133,0.02741420269012451,0.014853477478027344,-0.020829319953918457,0.025634765625,0.0002244114875793457,-0.008411288261413574,0.020142078399658203,-0.003856658935546875,0.0009074211120605469,-0.015779972076416016
2023-08-18,0.007436871528625488,0.00605696439743042,0.0044335126876831055,0.001378178596496582,-0.019251227378845215,0.0012049674987792969,-0.011809945106506348,0.007830023765563965,-0.013761937618255615,0.036588072776794434,-0.006178617477416992,-0.006934165954589844,0.01840883493423462,0.019134104251861572,0.002620697021484375
2023-08-21,-0.02057814598083496,-0.005571484565734863,-0.001805722713470459,0.01869988441467285,-0.01434624195098877,0.003610849380493164,-0.03291618824005127,-0.0033044815063476562,0.019118309020996094,-0.024464130401611328,0.009517967700958252,0.009129881858825684,-0.0035877227783203125,0.002345860004425049,-0.010193705558776855
2023-08-22,0.008663773536682129,0.0011832118034362793,-0.012394487857818604,0.010251164436340332,-0.0012025833129882812,0.021243691444396973,-0.02068960666656494,-0.02235734462738037,-0.0004698634147644043,-0.017057061195373535,-0.008059501647949219,-0.000877082347869873,0.0006500482559204102,-0.0185014009475708,-0.01905357837677002
2023-08-23,-0.002070903778076172,0.0021668672561645508,0.0007462501525878906,-0.0011798739433288574,-0.032811880111694336,0.03640329837799072,-0.0003603696823120117,-0.015577077865600586,-0.0077893733978271484,0.004919528961181641,-0.00584256649017334,-0.0018208026885986328,-0.012032508850097656,-0.016221165657043457,-0.0008918046951293945
2023-08-24,0.019001424312591553,0.00943911075592041,-0.011049270629882812,0.00023615360260009766,0.0030933618545532227,-0.01035928726196289,0.009946286678314209,0.0032840967178344727,-0.012723267078399658,0.025842726230621338,-0.007337212562561035,-0.0028664469718933105,-0.012692689895629883,0.003587007522583008,-0.011429667472839355
2023-08-25,0.005302071571350098,0.004764556884765625,-0.033929646015167236,-0.044484734535217285,-0.057462096214294434,-0.014883935451507568,0.017656803131103516,0.02029353380203247,-0.004695713520050049,0.026528239250183105,-0.04279208183288574,0.0019600391387939453,0.00650477409362793,0.010139763355255127,0.0061969757080078125
2023-08-28,-0.038999319076538086,0.004934251308441162,-0.03164470195770264,-0.01990056037902832,0.0001766681671142578,0.001494288444519043,-0.017933011054992676,-0.00580906867980957,0.012259364128112793,-0.04549765586853027,-0.041909217834472656,-0.006080448627471924,0.00814443826675415,-0.0030912160873413086,0.002842724323272705
2023-08-29,-0.005095720291137695,0.002095639705657959,-0.01134800910949707,-0.012564659118652344,0.009961545467376709,0.002486705780029297,0.00603407621383667,-0.017478585243225098,-0.01898282766342163,-0.032864928245544434,-0.09189939498901367,0.01011955738067627,-0.008050203323364258,-0.02592301368713379,-0.001992464065551758
2023-08-30,0.0044512152671813965,-0.009257912635803223,-0.007480502128601074,-0.00014591217041015625,-0.008417248725891113,0.005291938781738281,-0.008348584175109863,-0.011240482330322266,-0.0007628798484802246,-0.021724820137023926,0.028907597064971924,0.0009093284606933594,-0.010701179504394531,-0.007715821266174316,-0.002386331558227539
2023-08-31,-0.0011566877365112305,0.010491788387298584,0.0004049539566040039,0.00021886825561523438,-0.020009279251098633,-0.012831151485443115,-0.009227275848388672,-0.022600650787353516,0.020822525024414062,-0.08161509037017822,0.034510016441345215,0.007218837738037109,0.006479084491729736,-0.0168917179107666,0.002777397632598877
2023-09-01,-0.02498483657836914,0.002369403839111328,-0.006482481956481934,-0.009416818618774414,-0.004112601280212402,0.009998321533203125,-0.010671734809875488,0.004911363124847412,-0.007989108562469482,0.02501988410949707,-0.08976805210113525,0.003978133201599121,0.001272439956665039,-0.0001723766326904297,0.0013159513473510742
2023-09-04,-0.01966559886932373,0.01730787754058838,0.005031883716583252,-0.006580829620361328,0.028592228889465332,0.0023099184036254883,-0.013001084327697754,0.013464033603668213,0.002981424331665039,-0.021792292594909668,0.04807204008102417,-0.005293905735015869,0.007644593715667725,0.004367530345916748,-0.011338949203491211
2023-09-05,0.005741298198699951,-0.01622307300567627,-0.0006743669509887695,-0.023852229118347168,-0.002792954444885254,0.0008230209350585938,-0.0008881092071533203,-0.00014722347259521484,0.008063673973083496,0.032688915729522705,0.04260915517807007,0.011563301086425781,-0.010752677917480469,-0.0005195140838623047,-0.008726954460144043
2023-09-06,0.002422630786895752,-0.0027647018432617188,-0.01246631145477295,0.011578142642974854,0.027857065200805664,0.01726973056793213,0.025236189365386963,0.004707992076873779,-0.003762364387512207,0.007418036460876465,0.014835119247436523,0.012722611427307129,0.0006350874900817871,-0.03449857234954834,-0.0011715888977050781
2023-09-07,-0.01244199275970459,-0.026503801345825195,-0.055640578269958496,0.009229004383087158,0.002223491668701172,0.013581275939941406,-0.017336368560791016,-0.012860298156738281,-0.027898728847503662,-0.006435513496398926,-0.003904104232788086,-0.0010232925415039062,0.015093743801116943,0.0005576610565185547,-0.007921218872070312
2023-09-08,0.0048302412033081055,0.004505455493927002,-0.017716407775878906,0.0013614296913146973,-0.006940126419067383,0.008773326873779297,-0.007158637046813965,-0.05826759338378906,-0.007139801979064941,-0.0169142484664917,-0.0033333301544189453,0.008289217948913574,-0.019357919692993164,-0.009876132011413574,-0.0008037090301513672
2023-09-11,-0.004820704460144043,0.003336310386657715,-0.0004336833953857422,-0.007103443145751953,-0.0019488334655761719,0.0023719072341918945,-0.011266827583312988,0.0028960108757019043,-0.018436312675476074,-0.003853917121887207,-0.008305668830871582,0.00443875789642334,0.003956317901611328,-0.002431035041809082,-0.011065244674682617
2023-09-12,-0.049371540546417236,0.009809613227844238,0.031333208084106445,-0.03476768732070923,0.025108814239501953,-0.03423255681991577,0.026636898517608643,0.020365893840789795,-0.008726894855499268,-0.07415634393692017,0.018396496772766113,-0.008558154106140137,-0.02716881036758423,-0.035054922103881836,0.007737338542938232
2023-09-13,-0.01674729585647583,0.01675635576248169,-0.01751577854156494,-0.0029524564743041992,0.007597088813781738,-0.00310361385345459,-0.004195570945739746,0.01277703046798706,0.0024635791778564453,-0.025316476821899414,0.010069966316223145,-0.024295330047607422,0.017801761627197266,0.01382303237915039,-0.03409630060195923
2023-09-14,0.009316086769104004,0.007414758205413818,0.01105731725692749,-0.011474668979644775,0.005003094673156738,-0.006881892681121826,-0.003160715103149414,0.0047193169593811035,-0.0020238757133483887,0.01656961441040039,-0.010455012321472168,0.0005668997764587402,-0.008825421333312988,-0.0009014606475830078,0.01341390609741211
2023-09-15,0.03606700897216797,-0.01602458953857422,-0.0097198486328125,0.002621173858642578,0.018355190753936768,0.013034224510192871,0.00376129150390625,-0.028127074241638184,-0.02730494737625122,0.007268667221069336,-0.01901566982269287,0.003909409046173096,0.007608890533447266,0.008233189582824707,-0.006057858467102051
2023-09-18,-0.0008741021156311035,0.005069553852081299,-0.0067321062088012695,-0.02352851629257202,0.009122490882873535,-0.00586313009262085,0.027416527271270752,0.0035987496376037598,-0.03309750556945801,0.003061532974243164,0.004116356372833252,-0.027981281280517578,-0.008354783058166504,-0.01314389705657959,-0.009995460510253906
2023-09-20,-0.0014637112617492676,0.005959451198577881,-0.1340540647506714,0.01407468318939209,-0.01766180992126465,0.0019658803939819336,0.008688509464263916,0.008906722068786621,0.014919400215148926,-0.04447358846664429,0.0016533732414245605,0.009836852550506592,-0.0032404661178588867,-0.011845409870147705,0.010065555572509766
2023-09-21,-0.012737274169921875,0.007314145565032959,0.018406271934509277,-0.015614330768585205,-0.005846619606018066,-0.01635056734085083,0.0057610273361206055,-0.0001062154769897461,0.009182393550872803,-0.027606606483459473,0.01876896619796753,0.0006501674652099609,-0.01495450735092163,-0.003498673439025879,0.01194620132446289
2023-09-22,0.01278221607208252,0.013407468795776367,-0.004154562950134277,-0.02007657289505005,0.012915074825286865,-0.015791237354278564,0.008464932441711426,0.014681458473205566,0.013550400733947754,0.01220083236694336,0.001687765121459961,0.009078502655029297,-0.00346529483795166,-0.003626108169555664,0.002198338508605957
2023-09-25,-0.0003707408905029297,-0.0010406970977783203,-0.01945662498474121,-0.0008602738380432129,-0.013118863105773926,-0.00878220796585083,-0.016876697540283203,-0.0030159950256347656,-0.02953183650970459,-0.053314805030822754,0.0014088749885559082,-0.0028859376907348633,0.011922478675842285,0.01178443431854248,0.00024044513702392578
2023-09-26,0.010097026824951172,0.011985599994659424,0.017056047916412354,0.008374452590942383,0.01792454719543457,0.008519291877746582,-0.04266238212585449,-0.0021477937698364258,0.020977318286895752,0.06047999858856201,0.0008464455604553223,0.006501257419586182,-0.0018000006675720215,-0.01581496000289917,-0.002253115177154541
2023-09-27,0.019091248512268066,0.004889488220214844,0.008871316909790039,-0.0068302154541015625,0.014469325542449951,0.010474681854248047,-0.03671920299530029,-0.00489354133605957,0.005792975425720215,0.03532671928405762,-0.00734257698059082,0.014727532863616943,0.00524592399597168,0.010500073432922363,0.00027108192443847656
2023-09-28,-0.01883178949356079,0.011506378650665283,-0.007261872291564941,0.01953732967376709,-0.006348848342895508,0.02240431308746338,0.012676537036895752,0.022393643856048584,0.00870281457901001,0.00022304058074951172,0.002803504467010498,0.017825186252593994,-0.0048923492431640625,-0.01159656047821045,-0.02799433469772339
2023-09-29,-0.006358802318572998,-0.01201784610748291,0.021740376949310303,-0.007665157318115234,-0.002954244613647461,0.013409614562988281,-0.013586640357971191,-0.010035157203674316,0.0036925673484802246,0.014715790748596191,0.0014056563377380371,0.00267636775970459,0.007210731506347656,0.0028460025787353516,0.00650334358215332
2023-10-03,-0.014327526092529297,-0.006341695785522461,-0.011654496192932129,-0.009192049503326416,-0.0012909173965454102,-0.017266452312469482,-0.0015503168106079102,0.000899970531463623,-0.02042210102081299,0.009228706359863281,-0.0008445978164672852,-0.015069246292114258,-0.013830125331878662,0.012452244758605957,0.015261054039001465
2023-10-04,-0.011502504348754883,0.005869269371032715,0.00293654203414917,-0.007562160491943359,0.027449190616607666,-0.006732285022735596,0.015290379524230957,-0.004251599311828613,0.005522191524505615,-0.014151990413665771,0.03037971258163452,0.009260892868041992,-0.021778523921966553,-0.0017161369323730469,0.000697016716003418
2023-10-05,0.015066981315612793,-0.009073376655578613,0.006853163242340088,0.016732215881347656,0.0006025433540344238,-0.008596479892730713,0.01310276985168457,-0.012736797332763672,0.009838700294494629,0.035335659980773926,-0.029300808906555176,-0.015742182731628418,-0.006071925163269043,0.008652806282043457,0.0007873773574829102
2023-10-06,-0.007880210876464844,6.157159805297852e-05,0.004961490631103516,0.009657740592956543,0.01406031847000122,0.0035016536712646484,0.003758668899536133,0.008431673049926758,0.006812393665313721,-0.10132253170013428,-0.020293116569519043,-0.028991103172302246,-0.00967252254486084,0.005681157112121582,-0.0013315081596374512
2023-10-09,-0.025916635990142822,0.0020017027854919434,0.00469970703125,-0.020814239978790283,-0.00045859813690185547,-0.016284465789794922,0.004698991775512695,0.010646998882293701,0.03005152940750122,0.02672863006591797,-0.03646409511566162,0.012765288352966309,-0.031014323234558105,-0.036379992961883545,-0.0018786787986755371
2023-10-10,-0.0018100142478942871,-0.015058517456054688,0.003167092800140381,-0.0006251335144042969,-0.005024433135986328,0.006756782531738281,-0.012890219688415527,-0.01072549819946289,0.0012112259864807129,-0.04298508167266846,-0.008262157440185547,-0.0005202293395996094,-0.042617082595825195,0.0028139352798461914,0.00321805477142334
2023-10-11,0.018573641777038574,0.006231963634490967,-0.019294142723083496,-0.0038317441940307617,-0.00943899154663086,0.005704760551452637,-0.016294479370117188,0.006038367748260498,-0.007275938987731934,-0.03491711616516113,-0.023526310920715332,-0.0034564733505249023,0.003731250762939453,0.008651971817016602,0.01222538948059082
2023-10-12,0.03297841548919678,0.001284778118133545,0.004080474376678467,0.008556365966796875,-0.039517998695373535,0.005338549613952637,-0.006774783134460449,0.002048969268798828,-0.011572837829589844,-0.012352466583251953,-0.020919322967529297,-0.0013717412948608398,0.002383410930633545,-0.0066651105880737305,0.025979042053222656
2023-10-13,-0.005538463592529297,0.004625141620635986,0.0059182047843933105,-0.0015566349029541016,-0.024337291717529297,-0.0036507844924926758,-0.009385228157043457,-0.002089262008666992,0.013705432415008545,0.0005463361740112305,0.005059421062469482,0.00038051605224609375,-0.023549437522888184,-0.013419687747955322,-0.0007575750350952148
2023-10-16,-0.011643290519714355,-0.005785107612609863,-0.018260955810546875,-0.0057686567306518555,-0.018547654151916504,0.0008327960968017578,-0.009157419204711914,-0.01671457290649414,-0.007317662239074707,-0.0344388484954834,0.0124586820602417,-0.005374908447265625,-0.0036679506301879883,0.008220434188842773,-0.01280146837234497
2023-10-17,0.00749051570892334,0.0032125115394592285,-0.024567127227783203,0.0004703998565673828,-0.0034608840942382812,-0.0013313889503479004,-0.01586604118347168,0.02135401964187622,0.003864109516143799,-0.03822445869445801,-0.006179213523864746,-0.0021355152130126953,-0.013621330261230469,-0.0017011165618896484,-0.009540915489196777
2023-10-18,0.007113814353942871,-0.000859379768371582,-0.0363236665725708,0.0014890432357788086,-0.010800838470458984,-0.003332793712615967,-0.00017344951629638672,-0.0315740704536438,0.016680240631103516,-0.02205634117126465,-0.01791203022003174,0.007767975330352783,0.017699122428894043,-0.01956641674041748,-0.01604485511779785
2023-10-19,-0.00966411828994751,0.003588080406188965,0.00010585784912109375,0.00031304359436035156,0.004140496253967285,-0.013375699520111084,-0.004839897155761719,0.01667475700378418,0.006075143814086914,-0.01029205322265625,-0.005781888961791992,-0.000578761100769043,-0.015515446662902832,0.005453705787658691,0.002940058708190918
2023-10-20,0.028902530670166016,0.01009511947631836,0.026423096656799316,-0.0014081597328186035,0.022301197052001953,-0.0320284366607666,-0.0034716129302978516,-0.05118513107299805,0.023496687412261963,0.013802111148834229,-0.05223691463470459,0.005617022514343262,-0.013635635375976562,-0.02414017915725708,-0.005621075630187988
2023-10-23,-0.07992500066757202,-0.02139103412628174,-0.03948652744293213,-0.01402270793914795,0.012403368949890137,-0.020483195781707764,0.018638253211975098,-0.006303310394287109,0.006625235080718994,0.042485833168029785,0.02897864580154419,0.014221429824829102,0.0356563925743103,0.0032982826232910156,-0.0010028481483459473
2023-10-25,-0.06490933895111084,0.00943601131439209,0.007757663726806641,-0.02828538417816162,-0.06151425838470459,0.016800761222839355,-0.005094170570373535,-0.01373755931854248,0.012234032154083252,-0.022272467613220215,-0.06727004051208496,0.009907543659210205,-0.007058858871459961,-0.004687666893005371,0.005049943923950195
2023-10-26,0.012318253517150879,-0.021402478218078613,-0.031016409397125244,-0.016189754009246826,0.032955169677734375,0.011249661445617676,0.019217312335968018,-0.00019729137420654297,-0.011059999465942383,0.02672344446182251,-0.024390220642089844,0.027306795120239258,0.0018358230590820312,0.014006972312927246,-0.01643615961074829
2023-10-27,0.010651350021362305,-0.00102919340133667,0.0012756586074829102,-0.03249680995941162,0.004330158233642578,-0.009907901287078857,-0.006328463554382324,-0.0055252909660339355,-0.05285155773162842,-0.0054215192794799805,-0.07311832904815674,-0.006417632102966309,-0.026918649673461914,0.007238507270812988,0.015479803085327148
2023-10-30,-0.02710425853729248,0.011365056037902832,0.01025080680847168,0.014489233493804932,-0.002667665481567383,-0.0061446428298950195,-0.05040234327316284,0.007262468338012695,0.010818004608154297,-0.013219594955444336,0.0037575364112854004,0.001361846923828125,0.013187944889068604,-0.00041925907135009766,-0.018395602703094482
2023-10-31,0.017380595207214355,-0.0029287338256835938,0.014274239540100098,-0.011026740074157715,-0.004774749279022217,-0.003709554672241211,-0.00044083595275878906,-0.018045008182525635,0.007592439651489258,0.008755326271057129,0.009303510189056396,-0.023488283157348633,0.011384189128875732,0.0035349130630493164,0.01401662826538086
2023-11-01,0.005060970783233643,-0.017113149166107178,-0.05612385272979736,0.00743257999420166,-0.03829878568649292,-0.01879429817199707,0.015622496604919434,-0.004333376884460449,-0.008601903915405273,-0.029961824417114258,0.0038071274757385254,0.005094587802886963,0.005340456962585449,-0.008656740188598633,-0.01799410581588745
2023-11-02,-0.00037670135498046875,-0.022023677825927734,0.007652759552001953,0.01131373643875122,-0.003235936164855957,0.023129701614379883,0.028699398040771484,0.02035057544708252,0.0061310529708862305,-0.002690434455871582,0.002802550792694092,-0.008854866027832031,0.008724868297576904,0.004697442054748535,-0.004743754863739014
2023-11-03,-0.06731843948364258,-0.0020340681076049805,-0.0480504035949707,-0.03515279293060303,0.025116801261901855,0.012186408042907715,-0.010469019412994385,0.003949403762817383,0.007157564163208008,-0.021801114082336426,-0.017118096351623535,-0.022801756858825684,-0.0020312070846557617,0.0017982721328735352,0.00816202163696289
2023-11-06,-0.07438123226165771,0.009737670421600342,0.004836916923522949,-0.004851222038269043,0.02149057388305664,-0.01186525821685791,-0.001507401466369629,-0.006687641143798828,-0.008802413940429688,-0.054981112480163574,-0.003767848014831543,0.0022751688957214355,0.007263481616973877,-0.00927424430847168,-0.031889259815216064
2023-11-07,-0.014258384704589844,0.014349818229675293,0.009565651416778564,0.003719806671142578,0.0021784305572509766,0.0033551454544067383,-0.002506554126739502,-0.007524728775024414,-0.005685329437255859,-0.04838216304779053,0.004504561424255371,-0.0009641647338867188,0.007316648960113525,-0.017514169216156006,0.001787424087524414
2023-11-08,0.018135488033294678,-0.011926412582397461,0.014460921287536621,-0.04122960567474365,-0.0033044815063476562,-0.005103886127471924,0.01984560489654541,-0.0007581710815429688,0.00455397367477417,-0.032497406005859375,-0.013574719429016113,-0.012736320495605469,0.01611250638961792,0.008359909057617188,0.015006661415100098
2023-11-09,0.0620080828666687,-0.009762763977050781,0.023413538932800293,0.025482475757598877,0.01091611385345459,-0.004245460033416748,-0.009603679180145264,0.0008785724639892578,-0.012699127197265625,0.033917784690856934,-0.015625,0.008484721183776855,0.008710801601409912,0.009144067764282227,-0.002040386199951172
2023-11-10,0.024486541748046875,0.006042659282684326,-0.03059232234954834,0.004227697849273682,0.0009884834289550781,0.002842426300048828,-0.0058332085609436035,0.0033915042877197266,0.0063478946685791016,-0.007140755653381348,0.010256469249725342,0.008344113826751709,-0.012302279472351074,0.0025975704193115234,-0.004403650760650635
2023-11-12,-0.03555452823638916,-0.010815024375915527,-0.005421042442321777,-0.024608850479125977,0.013593435287475586,0.006023049354553223,-8.52346420288086e-05,0.004692196846008301,-0.0157163143157959,0.0013294219970703125,-0.004687905311584473,-0.007447004318237305,-0.011111140251159668,-0.0006627440452575684,0.0009478330612182617
2023-11-13,0.020505309104919434,0.006869077682495117,-0.004763603210449219,0.020641446113586426,0.017870068550109863,-0.01884138584136963,-0.007707059383392334,-0.00997394323348999,0.004823267459869385,0.002514362335205078,-0.03708243370056152,0.004831433296203613,0.0022322535514831543,-0.01844930648803711,0.004860877990722656
2023-11-15,-0.025231361389160156,-0.015394926071166992,-0.007710695266723633,-0.0022721290588378906,-0.012235403060913086,0.012921810150146484,0.003907322883605957,0.009075045585632324,0.007793426513671875,0.021945476531982422,-0.05422687530517578,-0.00955665111541748,0.006883502006530762,0.012837886810302734,0.0037064552307128906
2023-11-16,-0.03130662441253662,-0.006403684616088867,-0.000775456428527832,0.005081295967102051,0.007786750793457031,0.010276436805725098,0.03286862373352051,0.013549327850341797,-0.0067604780197143555,0.04942387342453003,-0.015947818756103516,-0.012136101722717285,-0.016461610794067383,-0.003942012786865234,0.007792472839355469
2023-11-17,0.017676055431365967,0.004709780216217041,-0.0018597841262817383,-0.0014928579330444336,-0.021584630012512207,0.010522603988647461,-1.8417835235595703e-05,0.0012508630752563477,0.005899906158447266,-0.011483311653137207,0.0017687082290649414,-0.0008693933486938477,0.005455076694488525,0.0045664310455322266,-0.013166546821594238
2023-11-20,-0.052986860275268555,0.008899986743927002,-0.011344313621520996,-0.0065119266510009766,-0.006174147129058838,-0.0036446452140808105,0.00314176082611084,-0.003903985023498535,0.017492473125457764,0.010406851768493652,-0.03499448299407959,-0.00209653377532959,0.001885533332824707,0.00412142276763916,-0.002234160900115967
2023-11-21,0.02735358476638794,-0.007809996604919434,-0.00652623176574707,0.0033518075942993164,-0.0073702335357666016,0.014805793762207031,0.0032329559326171875,0.018146157264709473,-0.008385300636291504,-0.06182289123535156,-0.024181485176086426,-0.014525413513183594,0.006525814533233643,0.01847052574157715,-0.006654500961303711
2023-11-22,0.00706106424331665,-0.016283392906188965,0.01190418004989624,0.00688248872756958,-0.003814995288848877,-0.007380664348602295,-0.009026765823364258,0.005466103553771973,0.006226778030395508,0.00015014410018920898,0.0022983551025390625,-0.010428786277770996,0.005704402923583984,0.005037665367126465,0.0004127025604248047
2023-11-23,0.0026763081550598145,0.008397102355957031,-0.0015892982482910156,-0.0077964067459106445,-0.003588438034057617,-0.0031125545501708984,-0.012351751327514648,-0.0034839510917663574,-0.02688765525817871,0.01275700330734253,-0.007329821586608887,0.006253957748413086,0.0015647411346435547,-0.015214085578918457,-0.0025388598442077637
2023-11-24,-0.0009813308715820312,-0.0005915164947509766,-0.03383326530456543,-0.0020318031311035156,-0.0023674368858337402,-0.0154380202293396,-0.012627780437469482,-0.005493819713592529,-0.014211773872375488,-0.0009121894836425781,0.009771347045898438,0.0033593177795410156,0.00017410516738891602,-0.011976063251495361,-0.006776988506317139
2023-11-28,0.039875566959381104,-0.0063163042068481445,0.010842680931091309,0.009436249732971191,-0.014392197132110596,-0.0022903084754943848,0.0024347305297851562,-0.010082721710205078,0.0018658041954040527,0.00592350959777832,-0.0035692453384399414,-0.013379693031311035,-0.04684770107269287,-0.005515158176422119,-0.004292488098144531
2023-11-29,0.027905821800231934,0.0025663375854492188,0.012863516807556152,-0.0033066272735595703,0.009991049766540527,0.0022956132888793945,0.020375370979309082,0.005307316780090332,0.002823054790496826,0.017112314701080322,0.027196645736694336,0.0038054585456848145,-0.001164555549621582,-6.091594696044922e-05,-0.005340576171875
2023-11-30,-0.0007714033126831055,-0.0030379295349121094,-0.015972018241882324,-0.012084126472473145,0.02097952365875244,0.004052281379699707,0.020765066146850586,0.011334896087646484,-0.0237576961517334,-0.010725975036621094,-0.025591373443603516,-0.01787543296813965,-0.002326369285583496,0.009202837944030762,0.016431093215942383
2023-12-01,-0.027553200721740723,-0.0001544952392578125,0.012826263904571533,-0.049852609634399414,0.008000493049621582,0.017371416091918945,-0.08003664016723633,0.007523059844970703,-0.02111363410949707,-0.029990792274475098,0.014678120613098145,0.0003151893615722656,0.015583574771881104,0.009118914604187012,-0.09880667924880981
2023-12-04,0.006432235240936279,-0.007354378700256348,-0.0029828548431396484,-0.012776017189025879,-0.0060190558433532715,0.01690232753753662,-0.008493542671203613,0.0009523630142211914,-0.012333035469055176,-0.003733038902282715,0.018301784992218018,0.000315248966217041,-0.00825202465057373,0.002812623977661133,-0.06705504655838013
2023-12-05,-0.010763049125671387,-0.01193249225616455,-0.03301572799682617,-0.00823974609375,-0.011012792587280273,0.007293105125427246,-0.004814863204956055,0.002930760383605957,-0.004591107368469238,-0.0031239986419677734,-0.009104728698730469,-0.016311287879943848,-0.005678892135620117,-0.006385385990142822,0.021384477615356445
2023-12-06,0.012333154678344727,0.003031313419342041,0.018493175506591797,0.014392077922821045,-0.0038959383964538574,-0.0015154480934143066,0.008439600467681885,0.00523686408996582,0.003850400447845459,0.02758413553237915,0.014393150806427002,-0.00045120716094970703,0.002823352813720703,0.015075087547302246,-0.010227560997009277
2023-12-07,0.005905568599700928,-0.008878350257873535,-0.006413102149963379,0.00697094202041626,0.0034273862838745117,0.017537951469421387,-0.0013628005981445312,0.01891350746154785,0.004118144512176514,0.018148601055145264,0.022449851036071777,-0.010854601860046387,0.0043305158615112305,0.02485060691833496,-0.011418938636779785
2023-12-08,-0.0011491775512695312,-0.002591848373413086,0.0068662166595458984,-0.01507413387298584,-0.005003035068511963,-0.007457733154296875,0.003915965557098389,-0.004816591739654541,-0.005150914192199707,-0.005281209945678711,-0.0129319429397583,-0.013736248016357422,-0.0015056133270263672,-0.012239456176757812,-0.005983710289001465
2023-12-11,-0.0136948823928833,-0.0032765865325927734,0.007560312747955322,-0.07323288917541504,0.0007090568542480469,-0.0056771039962768555,-0.06835818290710449,0.0014891624450683594,-0.005232810974121094,0.0165327787399292,-0.00770413875579834,0.0011417865753173828,0.0031735897064208984,-0.0032731294631958008,0.019316434860229492
2023-12-12,0.015328168869018555,0.008269429206848145,0.001653909683227539,-0.053177714347839355,-0.015286505222320557,-0.018136024475097656,0.0025342702865600586,-0.002527892589569092,-0.02732008695602417,0.010369181632995605,-0.018130183219909668,-0.01627880334854126,0.0028485655784606934,-0.001641988754272461,-0.0014951229095458984
2023-12-13,0.00775909423828125,0.0131722092628479,-0.008333325386047363,0.012365520000457764,-0.011902213096618652,0.010774731636047363,0.010359466075897217,-0.010658860206604004,0.01018679141998291,-0.01508176326751709,0.0032181739807128906,0.008666157722473145,0.012602925300598145,0.001350998878479004,-0.003144383430480957
2023-12-14,-0.017206788063049316,-0.011664271354675293,0.010156333446502686,0.015976548194885254,0.00103759765625,-0.012182772159576416,-0.0027660131454467773,0.004784107208251953,-0.0013518333435058594,-0.014075636863708496,-0.05359447002410889,-0.003039717674255371,-0.0,0.000469207763671875,0.0031919479370117188
2023-12-15,-0.06607401371002197,0.003389298915863037,0.02570164203643799,-0.0047713518142700195,0.003612995147705078,-0.010448753833770752,-0.0014029741287231445,-0.0009372830390930176,0.004500031471252441,0.024676144123077393,0.006537318229675293,0.002547740936279297,0.0030632615089416504,0.008266925811767578,0.008459687232971191
2023-12-18,0.026164472103118896,-0.014817953109741211,0.0045945048332214355,-0.013982415199279785,-0.010177671909332275,0.015578985214233398,0.007179141044616699,0.010094523429870605,-0.005208373069763184,-0.0017393827438354492,0.019946515560150146,0.005290865898132324,0.006486833095550537,0.010350704193115234,-0.001299142837524414
2023-12-19,0.0082550048828125,-0.001974821090698242,0.016336500644683838,-0.06907761096954346,-0.005821585655212402,0.009374499320983887,-0.015092015266418457,0.019727349281311035,-0.03906559944152832,0.004262030124664307,-0.015106916427612305,-0.002527952194213867,0.004810988903045654,-0.032633066177368164,0.010518074035644531
2023-12-20,0.043333232402801514,-0.024546802043914795,0.02557075023651123,0.0240325927734375,-0.010250508785247803,0.003545999526977539,0.015276014804840088,-0.026814401149749756,-0.04961240291595459,-0.021718502044677734,0.021496474742889404,-0.01560741662979126,-0.0034530162811279297,-0.0345001220703125,-0.007282257080078125
2023-12-21,-0.0006680488586425781,-0.008082032203674316,-0.005140185356140137,0.00878995656967163,0.004378318786621094,0.009591102600097656,-0.040309786796569824,0.0041179656982421875,0.013792037963867188,-0.015360832214355469,-0.05576682090759277,0.007287383079528809,0.011872053146362305,-0.01573193073272705,0.004779338836669922
2023-12-22,0.0062525272369384766,0.0005246400833129883,-0.024115920066833496,-0.005849123001098633,0.0011053085327148438,0.005999922752380371,0.006639420986175537,0.007978558540344238,0.011629581451416016,-0.01986551284790039,0.018207252025604248,0.01322627067565918,-0.02106916904449463,-0.005251049995422363,0.002396702766418457
2023-12-26,0.0034081339836120605,-0.0008637309074401855,0.00452035665512085,-6.246566772460938e-05,-0.001301407814025879,-0.005964159965515137,0.0034345388412475586,0.0073975324630737305,-0.012797296047210693,-0.028768301010131836,0.0010189414024353027,0.008091211318969727,0.008697211742401123,-0.019417524337768555,0.0026853084564208984
2023-12-27,-0.029314637184143066,0.012472987174987793,-0.003273606300354004,0.013505041599273682,-0.011165797710418701,-0.0001666545867919922,-0.0012159347534179688,-0.00018358230590820312,-0.012450575828552246,-0.025779247283935547,0.016115903854370117,0.008901476860046387,0.009117484092712402,-0.019875764846801758,-0.005319535732269287
2023-12-28,0.009184420108795166,-0.0006403326988220215,0.0026314258575439453,0.024210989475250244,-0.0094681978225708,-0.008168041706085205,-9.274482727050781e-05,0.0036722421646118164,-0.017872989177703857,0.01902592182159424,0.00435405969619751,0.00700688362121582,0.013194382190704346,0.01385509967803955,0.0042046308517456055
2023-12-29,-0.010913848876953125,0.007780790328979492,0.0005804300308227539,-0.002792954444885254,-0.010422587394714355,-0.04504203796386719,-0.015809297561645508,0.0010243654251098633,-0.017065703868865967,-0.02503979206085205,0.011453568935394287,-0.010672688484191895,-0.028676986694335938,-0.0069991350173950195,0.004040122032165527
2024-01-01,-0.0014511346817016602,-0.005904078483581543,-0.0019006729125976562,-0.03426384925842285,0.00830221176147461,-0.009488582611083984,0.016202807426452637,-0.004203379154205322,0.005223989486694336,-0.023157238960266113,-0.004634499549865723,0.00046253204345703125,0.0032495856285095215,0.0004088282585144043,-0.0024142861366271973
2024-01-02,0.010716676712036133,-0.02722877264022827,-0.0024241209030151367,0.023046135902404785,-0.00941556692123413,0.007806301116943359,0.022266626358032227,0.013140559196472168,-0.00844484567642212,-0.001104116439819336,0.03921151161193848,0.0057381391525268555,0.004804372787475586,-0.014571309089660645,-0.0062337517738342285
2024-01-03,-0.0018671751022338867,-0.0010958313941955566,0.009830713272094727,0.007948756217956543,-0.007782638072967529,-0.023603081703186035,-0.005414366722106934,0.012752652168273926,0.0013488531112670898,0.008547008037567139,0.006329178810119629,-0.0014060735702514648,-0.016379356384277344,0.005341649055480957,0.006567955017089844
2024-01-04,-0.024967074394226074,0.008024096488952637,0.006477296352386475,0.012341678142547607,-0.003851175308227539,0.003607809543609619,-0.007219672203063965,0.00160980224609375,0.002463102340698242,-0.011679649353027344,0.004612267017364502,0.007216215133666992,-0.001187443733215332,-0.027560949325561523,-0.005645334720611572
2024-01-05,-0.02189791202545166,0.008208870887756348,-0.008924245834350586,-0.01053321361541748,-0.002717137336730957,0.0036208629608154297,0.0028374791145324707,0.003964424133300781,0.03151869773864746,0.01662999391555786,0.0167696475982666,-0.0019221901893615723,0.003896951675415039,0.004831850528717041,0.005751132965087891
2024-01-08,-0.015891313552856445,-0.020416975021362305,-0.009110093116760254,0.00725102424621582,0.00788891315460205,0.009796202182769775,0.00830143690109253,-0.02127361297607422,0.021214008331298828,-0.040810585021972656,0.03254038095474243,-0.0017508268356323242,-0.0011905431747436523,0.018975436687469482,-0.0030423998832702637
2024-01-09,-0.026755690574645996,-0.011901021003723145,-0.01501154899597168,-0.02275991439819336,-0.001329183578491211,-0.00335085391998291,-0.004940390586853027,0.0029442310333251953,0.0018587112426757812,-0.026722073554992676,0.0009278655052185059,-0.0032514333724975586,0.007135510444641113,-0.0033837556838989258,0.004816532135009766
2024-01-10,-0.029764294624328613,-0.0025171637535095215,-0.0031543970108032227,0.011413633823394775,-0.0043656229972839355,-0.025922417640686035,0.0046800971031188965,0.008009195327758789,0.0010548830032348633,0.005623817443847656,-0.008822798728942871,0.0055359601974487305,0.001540064811706543,-0.018874526023864746,-0.010391831398010254
2024-01-11,-0.006183505058288574,0.007123470306396484,-0.02685701847076416,-0.0024509429931640625,0.0026088953018188477,-0.006510615348815918,-0.025557279586791992,-0.02833104133605957,-0.0022165775299072266,-0.027752280235290527,-0.0004603862762451172,-0.004267096519470215,-0.01302480697631836,-0.04302716255187988,0.002181529998779297
2024-01-12,-0.03323972225189209,-0.0002537369728088379,-0.026355385780334473,0.006627142429351807,-0.032810330390930176,-0.0010781288146972656,-0.010063767433166504,-0.0013636350631713867,0.01955711841583252,0.0033274292945861816,0.005751073360443115,0.00740814208984375,0.004906058311462402,-0.00113677978515625,0.0008854866027832031
2024-01-15,-0.03024733066558838,0.003204345703125,-0.03922712802886963,0.002979457378387451,-0.00407862663269043,0.0027692317962646484,-0.03392612934112549,-0.005935549736022949,0.004786491394042969,0.01194143295288086,0.03701990842819214,0.00881648063659668,0.011730730533599854,-0.003737330436706543,0.002359151840209961
2024-01-16,-0.027305960655212402,-0.0016129016876220703,0.010495603084564209,-0.011173844337463379,-0.0006955862045288086,0.011261940002441406,0.001895308494567871,0.007184803485870361,-0.005439162254333496,-0.04379469156265259,0.005045652389526367,0.01634812355041504,-0.011697888374328613,0.008907914161682129,0.013349533081054688
2024-01-17,0.0351719856262207,-0.022236287593841553,-0.010036230087280273,-0.008866071701049805,0.0034570693969726562,0.01123422384262085,0.0037990808486938477,-0.0008040666580200195,-0.0017872452735900879,-0.015629231929779053,-0.022458314895629883,0.0025521516799926758,0.0035707950592041016,-0.0012363195419311523,0.0007621049880981445
2024-01-18,-0.02913641929626465,-0.017299532890319824,0.011772990226745605,-0.019104599952697754,0.011665523052215576,0.023512721061706543,-0.010144948959350586,-0.021692752838134766,-0.0021128058433532715,-0.0005521774291992188,0.0082663893699646,-0.02489525079727173,0.0013651847839355469,0.01562643051147461,0.0014505386352539062
2024-01-19,0.01984161138534546,-0.0005933046340942383,-0.023159503936767578,-0.0038117170333862305,-0.029756903648376465,-0.006302595138549805,-0.03219050168991089,-0.013104379177093506,-0.002691328525543213,0.007321476936340332,0.000952601432800293,0.02032291889190674,0.004784643650054932,-0.014330506324768066,-0.01810544729232788
2024-01-20,0.010188281536102295,-0.0057065486907958984,-0.015276312828063965,-0.0014317035675048828,0.003763556480407715,0.003533005714416504,-0.01327824592590332,-0.004594922065734863,-0.006980419158935547,-0.00877678394317627,0.004052460193634033,-0.006796896457672119,-0.0077266693115234375,0.025259196758270264,-0.0008113980293273926
2024-01-23,0.012906849384307861,-0.027999937534332275,0.020046770572662354,0.029651224613189697,-0.0022052526473999023,0.032232046127319336,-0.02747046947479248,-0.04539835453033447,-0.03170520067214966,-0.025594890117645264,0.011249363422393799,-0.011903226375579834,0.015675604343414307,0.01688551902770996,-0.03414040803909302
2024-01-24,-0.04220235347747803,0.0010238885879516602,-0.01732051372528076,-0.014413833618164062,-0.004762411117553711,-0.024812698364257812,0.01131737232208252,-0.0057495832443237305,-0.0029937028884887695,0.026551246643066406,-0.009440779685974121,0.0075408220291137695,-0.014021039009094238,-0.024323701858520508,-0.023921489715576172
2024-01-25,-0.0747138261795044,-0.011694848537445068,0.02411186695098877,-0.00113677978515625,0.0011712312698364258,0.008449792861938477,-0.006866395473480225,-0.011680424213409424,0.005442380905151367,-0.01811891794204712,0.011270999908447266,0.0006237030029296875,-0.0015363693237304688,0.025732994079589844,0.016980767250061035
2024-01-29,-0.07012903690338135,0.006175398826599121,-0.017446279525756836,-0.0008200407028198242,0.0005618929862976074,0.013765990734100342,-0.0013266801834106445,0.021350860595703125,0.006980776786804199,0.0,0.03201550245285034,-0.025582194328308105,0.008181333541870117,-0.035017967224121094,-0.012148857116699219
2024-01-30,-0.021715402603149414,0.0014400482177734375,-0.019742250442504883,0.00989532470703125,-0.00510251522064209,0.020771026611328125,-0.0014816522598266602,-0.017300307750701904,0.001482844352722168,0.03507530689239502,0.010273158550262451,-0.03385359048843384,0.004639983177185059,0.022587478160858154,0.017929494380950928
2024-01-31,0.010966897010803223,0.019241929054260254,-0.0357208251953125,0.0003819465637207031,-0.003611445426940918,-0.02816903591156006,0.021857619285583496,-0.0005404353141784668,0.024616003036499023,-0.04681539535522461,0.022278428077697754,-0.010225534439086914,-0.009668469429016113,-0.07458937168121338,-0.030211687088012695
2024-02-01,-0.026504158973693848,-0.01968485116958618,-0.03979814052581787,-0.005667686462402344,-0.0011147260665893555,0.002310633659362793,0.022249579429626465,0.015605688095092773,-0.004624307155609131,-0.04611659049987793,0.0012946724891662598,-0.01895850896835327,-0.02308475971221924,0.04026538133621216,0.0027805566787719727
2024-02-02,0.02453535795211792,-0.004625976085662842,-0.003080606460571289,0.008358657360076904,0.002850174903869629,-0.007444143295288086,0.018516063690185547,0.020310401916503906,-0.023809492588043213,0.04146087169647217,-0.0308530330657959,-0.004148960113525391,-0.03643655776977539,-0.009201407432556152,-0.0014127492904663086
2024-02-05,0.016194283962249756,-0.014114558696746826,0.01724863052368164,-0.04457217454910278,-7.283687591552734e-05,0.007881760597229004,0.003494858741760254,-0.0011556148529052734,-0.029112160205841064,-0.023138821125030518,0.02816903591156006,-0.01670628786087036,-0.014836311340332031,0.03335225582122803,-0.005717277526855469
2024-02-06,-0.02759110927581787,0.007297992706298828,0.006464064121246338,-0.018647193908691406,0.002396881580352783,-0.04518371820449829,0.015807628631591797,0.003918647766113281,-0.005246400833129883,-0.02898341417312622,-0.01656317710876465,0.0019987821578979492,0.020340025424957275,-0.00522923469543457,-0.009302258491516113
2024-02-07,0.016831517219543457,-0.014490246772766113,-0.007109284400939941,-0.03670912981033325,-0.003917217254638672,-0.0010401010513305664,-0.007816195487976074,0.004721164703369141,0.0010393857955932617,0.02196967601776123,-0.04913449287414551,0.004874825477600098,-0.018978118896484375,-0.010161042213439941,-0.0046814680099487305
2024-02-08,0.04205214977264404,-0.004221022129058838,0.012791931629180908,0.010887980461120605,0.001532912254333496,-0.0032968521118164062,-0.013457298278808594,-0.0014799833297729492,-0.015767395496368408,0.04388427734375,0.032031118869781494,-0.007661104202270508,0.01082456111907959,-0.024785876274108887,0.006334125995635986
2024-02-09,0.01716214418411255,0.004132986068725586,-0.01057422161102295,0.025248289108276367,-0.02433931827545166,-0.0008704662322998047,0.008668065071105957,-0.0018156766891479492,-0.024733364582061768,0.016759037971496582,-0.0032590627670288086,0.011974811553955078,-0.002252936363220215,0.006903648376464844,0.004579424858093262
2024-02-12,-0.11089193820953369,-0.007739365100860596,0.012350380420684814,-0.00013649463653564453,-0.04699474573135376,-0.011326014995574951,-0.0013857483863830566,-0.010245800018310547,-0.04222750663757324,0.016622424125671387,-0.08020991086959839,-0.0017680525779724121,0.014129698276519775,-0.01707172393798828,0.006109476089477539
2024-02-13,-0.025117695331573486,7.092952728271484e-05,-0.04671955108642578,0.020877480506896973,-0.01646566390991211,0.00563967227935791,0.004227042198181152,0.02216637134552002,0.019576549530029297,0.007144808769226074,0.01439821720123291,-0.007056713104248047,-0.0027687549591064453,-0.02306234836578369,0.005554497241973877
2024-02-14,0.07087063789367676,0.0005317926406860352,0.011034071445465088,0.002873659133911133,-0.0003516674041748047,0.0005258321762084961,0.0070285797119140625,0.0132828950881958,0.015426278114318848,-0.006139159202575684,-0.0511515736579895,0.007191181182861328,-0.006171822547912598,0.012771010398864746,-3.731250762939453e-05
2024-02-15,0.014640569686889648,-0.0006732344627380371,-0.034897804260253906,0.0011996030807495117,-0.024659454822540283,-0.007882297039031982,0.0031702518463134766,-7.241964340209961e-05,0.019272685050964355,-0.07522308826446533,0.03979682922363281,0.010179758071899414,-0.021146059036254883,-0.0006905794143676758,0.007186472415924072
2024-02-16,0.012565016746520996,0.01602613925933838,-0.0021075010299682617,-0.001131594181060791,0.02857685089111328,0.005649685859680176,0.0028380155563354492,0.013363242149353027,-0.0014666914939880371,0.01800072193145752,0.01574385166168213,0.009207487106323242,0.016281962394714355,0.010811030864715576,0.0012752413749694824
2024-02-19,0.023481249809265137,0.0007327795028686523,-0.02701723575592041,-0.033051252365112305,-0.012730240821838379,0.01860964298248291,-0.057344675064086914,0.008183836936950684,0.008296847343444824,0.02717113494873047,0.005611896514892578,0.010846972465515137,-0.010284423828125,-0.020602703094482422,0.00018775463104248047
2024-02-20,-0.006246984004974365,0.002789735794067383,-0.013350129127502441,-0.003928005695343018,0.016071081161499023,-0.0003447532653808594,0.0055384039878845215,-0.010882377624511719,-0.018465280532836914,0.02565819025039673,0.015413284301757812,-0.0022597908973693848,0.003340303897857666,-0.007746696472167969,0.03342849016189575
2024-02-21,-0.019131600856781006,-0.004103362560272217,0.01169741153717041,-0.004220247268676758,-0.01288837194442749,0.0010344982147216797,-0.004100441932678223,0.01408398151397705,0.0009626150131225586,-0.032094359397888184,-0.01674950122833252,-0.0082322359085083,0.0017554759979248047,-0.0012208223342895508,0.02168327569961548
2024-02-22,-0.016812264919281006,-0.01002126932144165,-0.004757881164550781,0.0019453763961791992,-0.006541609764099121,0.006545066833496094,-0.006378054618835449,0.012086033821105957,-0.0019635558128356934,-0.020199298858642578,0.0029277801513671875,-0.0011760592460632324,0.002877652645111084,0.007813215255737305,-0.006236076354980469
2024-02-23,-0.0018513798713684082,0.006278276443481445,-0.012640953063964844,-0.0006241202354431152,0.002138853073120117,0.003764510154724121,-0.013361454010009766,-0.0017108917236328125,0.005661606788635254,-0.0020841360092163086,-0.020435214042663574,0.01092529296875,0.0028859972953796387,0.0030952095985412598,-0.008684277534484863
2024-02-26,-0.02667611837387085,0.001437067985534668,0.028908252716064453,0.011379480361938477,0.01313471794128418,-0.017899751663208008,-0.011321425437927246,-0.0038124918937683105,0.005070686340332031,0.013778746128082275,-0.007315099239349365,-0.018811166286468506,-0.015758156776428223,-0.0020546913146972656,0.01318824291229248
2024-02-27,-0.012003004550933838,0.0064400434494018555,-0.028933048248291016,-0.008232712745666504,0.009559273719787598,0.009546995162963867,-0.026492953300476074,-0.031670212745666504,0.010964035987854004,0.02332937717437744,0.003275156021118164,0.008654236793518066,-0.02042102813720703,-0.0181809663772583,-0.001903533935546875
2024-02-28,0.0007768869400024414,-0.021839678287506104,0.0005414485931396484,-0.010583817958831787,0.005118250846862793,0.00326693058013916,-0.03233128786087036,-0.044379353523254395,-0.002121865749359131,-0.02159249782562256,-0.014689862728118896,-0.016188442707061768,-0.024045944213867188,0.0059073567390441895,-0.01725780963897705
2024-02-29,-0.01422739028930664,0.0022754669189453125,0.016834378242492676,-0.010836899280548096,-0.01034766435623169,-0.0025706887245178223,0.021581530570983887,0.0019552111625671387,0.005197882652282715,-0.048480868339538574,0.003036975860595703,0.008262157440185547,0.015452146530151367,0.0013956427574157715,0.021828830242156982
2024-03-01,-0.02598714828491211,0.016281723976135254,-0.029757976531982422,0.002756476402282715,0.0022429227828979492,0.016322970390319824,-0.04804122447967529,0.010285019874572754,-0.002742171287536621,-0.006551623344421387,0.00908350944519043,-0.03904092311859131,-0.03969836235046387,0.021413743495941162,0.013007640838623047
2024-03-02,0.019822120666503906,0.002024412155151367,-0.006230592727661133,0.01015019416809082,-0.009023845195770264,0.018089652061462402,-0.005460381507873535,-0.04014909267425537,0.007188558578491211,-0.032419562339782715,0.004909992218017578,0.00047791004180908203,-0.011839628219604492,-0.022573351860046387,-0.0037078857421875
2024-03-04,0.016812443733215332,-0.007071197032928467,-3.802776336669922e-05,-0.027562618255615234,0.0020589828491210938,-0.0056459903717041016,-0.016938328742980957,0.014272570610046387,0.0022230148315429688,0.008365631103515625,-0.03691643476486206,0.008421719074249268,-0.0179903507232666,-0.0009009838104248047,0.001646280288696289
2024-03-05,-0.004960358142852783,0.016488313674926758,0.019525110721588135,-0.010261118412017822,-0.0015377998352050781,-0.015865087509155273,0.014603853225708008,0.008880555629730225,-0.006459832191467285,0.013938188552856445,-0.0005636215209960938,-0.00491642951965332,0.014942586421966553,-0.035558342933654785,-0.009170293807983398
2024-03-06,-0.012226283550262451,-0.009974062442779541,0.024679481983184814,-0.03443777561187744,0.015308260917663574,-0.011369466781616211,-0.013417601585388184,0.014576554298400879,0.0019583702087402344,-0.005951642990112305,-0.052453458309173584,-0.015996813774108887,-0.0008752346038818359,-0.008773982524871826,0.00617748498916626
2024-03-07,-0.0017096400260925293,0.011259794235229492,-0.05179953575134277,0.002402782440185547,-0.00738835334777832,-0.0022313594818115234,0.0013491511344909668,-0.016768813133239746,-0.034674227237701416,-0.009367704391479492,-0.02113097906112671,0.006258606910705566,-0.003934741020202637,0.01897454261779785,-0.011469244956970215
2024-03-11,-0.006576180458068848,-0.0023096203804016113,-0.0014728307723999023,-0.019250929355621338,-0.015999913215637207,-0.006365060806274414,0.012865900993347168,0.00045365095138549805,-0.0040090084075927734,0.03211629390716553,-0.027059853076934814,0.009704530239105225,0.02438676357269287,-0.007808864116668701,0.0015859007835388184
2024-03-12,0.0007170438766479492,-0.013855218887329102,0.012520253658294678,0.009394288063049316,-0.02210414409637451,-0.009695231914520264,0.022188127040863037,0.026224493980407715,-0.0018703341484069824,0.03734540939331055,-0.02156245708465576,0.000359952449798584,0.01487874984741211,-0.01834869384765625,0.004129886627197266
2024-03-13,-0.020230650901794434,-0.01650261878967285,0.03242307901382446,-0.01581418514251709,-0.038033485412597656,-0.03094404935836792,0.0421634316444397,0.018608510494232178,-0.020571112632751465,-0.022542595863342285,-0.04822742938995361,-0.03283721208572388,-0.07536619901657104,-0.010863840579986572,-0.004545807838439941
2024-03-14,-0.016949176788330078,0.0026006698608398438,0.004775822162628174,-0.061197876930236816,-0.012780547142028809,0.007396817207336426,-0.030110955238342285,-0.029103398323059082,-0.011021435260772705,0.011022865772247314,0.010738253593444824,0.003985404968261719,-0.060274362564086914,0.029880166053771973,0.0013099312782287598
2024-03-15,-0.046315670013427734,-0.01183241605758667,-0.015268683433532715,0.03347104787826538,0.001874089241027832,-0.013252198696136475,-0.023409605026245117,0.022841811180114746,-0.009840548038482666,0.04082423448562622,-0.10391759872436523,-0.0019092559814453125,0.014481544494628906,-0.007730662822723389,0.022695600986480713
2024-03-18,0.004560947418212891,-0.009528934955596924,-0.004335999488830566,0.02945798635482788,-0.01952660083770752,-0.01361161470413208,-0.008625388145446777,-0.0130540132522583,0.018347859382629395,-0.008242130279541016,-0.018646597862243652,-0.014725327491760254,-0.01500701904296875,-0.008213281631469727,-0.027045726776123047
2024-03-19,-0.057634055614471436,-0.004211306571960449,0.0069231390953063965,0.011816561222076416,-0.026952624320983887,-0.017479300498962402,0.010737597942352295,0.029567480087280273,-0.007673978805541992,0.016885578632354736,-0.024210214614868164,0.0010335445404052734,0.010010778903961182,-0.009795546531677246,-0.00653386116027832
2024-03-20,0.02149045467376709,0.002661466598510742,0.035287678241729736,0.015240311622619629,-0.054659366607666016,-0.007865190505981445,-0.0008133649826049805,-0.002710580825805664,0.000714421272277832,-0.0025900602340698242,0.022196531295776367,0.001981377601623535,0.009489715099334717,0.0015292167663574219,0.007553696632385254
2024-03-21,-0.056986451148986816,0.003308892250061035,-0.012707114219665527,-0.011746048927307129,0.025941908359527588,0.01830887794494629,-0.01660609245300293,-0.01632225513458252,0.0033179521560668945,-0.02855205535888672,0.0197523832321167,0.010318875312805176,-0.005025982856750488,0.03445148468017578,0.005193114280700684
2024-03-22,-0.0430225133895874,0.0022106170654296875,0.004770457744598389,-0.0010981559753417969,-0.004404544830322266,-0.001482844352722168,-0.013780951499938965,0.010639429092407227,-0.004730105400085449,-0.018374085426330566,0.009323298931121826,0.021819114685058594,-0.006094694137573242,-0.0175284743309021,0.013787627220153809
2024-03-26,-0.019674062728881836,-0.007449150085449219,-0.019455313682556152,-0.0028992891311645508,0.0046994686126708984,0.006125807762145996,-0.011234879493713379,-0.012455344200134277,-0.03629714250564575,-0.04062819480895996,0.038251399993896484,-0.0022931694984436035,0.005591750144958496,0.033945322036743164,0.011919677257537842
2024-03-27,-0.00431978702545166,-0.003716111183166504,-0.02809286117553711,0.02164238691329956,-0.009076237678527832,-0.01992619037628174,-0.024642467498779297,-0.0005713701248168945,0.0010911226272583008,-0.035674214363098145,-0.0034722089767456055,0.016548633575439453,-0.030459284782409668,-0.007492482662200928,-0.001962900161743164
2024-03-28,-0.0052907466888427734,-0.002267301082611084,0.020983874797821045,-0.02228081226348877,0.012851476669311523,0.007153630256652832,-0.0074149370193481445,-0.017871499061584473,0.006931662559509277,-0.030470848083496094,-0.04561185836791992,0.011278390884399414,-0.004547476768493652,0.009791016578674316,0.0029793977737426758
2024-04-01,-0.00859832763671875,0.0036652088165283203,-0.0025124549865722656,-0.01515507698059082,-0.02476966381072998,0.009906530380249023,-0.015081644058227539,0.0003630518913269043,-0.06169629096984863,0.004441320896148682,-0.07851982116699219,-0.016676366329193115,-0.008148431777954102,0.04354119300842285,-0.02439725399017334
2024-04-02,-0.020451903343200684,0.003578782081604004,-0.02654874324798584,-0.0067719221115112305,0.007834017276763916,-0.0349806547164917,-0.04260385036468506,-0.019611120223999023,-0.036008477210998535,-0.006339550018310547,-0.004184126853942871,0.004694581031799316,-0.006585836410522461,0.033692240715026855,-0.02121877670288086
2024-04-03,-0.004117250442504883,-0.0033112168312072754,-0.02857029438018799,0.013911247253417969,-0.1058504581451416,-0.0042917728424072266,0.027294516563415527,-0.0041446685791015625,-0.0018106698989868164,-0.0005832910537719727,-0.015555620193481445,-0.011568307876586914,0.0016356706619262695,0.024823546409606934,-0.0510251522064209
2024-04-04,0.006335854530334473,0.0017158985137939453,-3.707408905029297e-05,-0.03581118583679199,0.017125606536865234,0.0005341768264770508,0.009247422218322754,0.0076102614402771,0.025500059127807617,-0.004896879196166992,-0.014496684074401855,0.01892256736755371,-0.010128021240234375,-0.0016394257545471191,0.003983616828918457
2024-04-05,0.0014243125915527344,-0.009111464023590088,-0.011162161827087402,0.015415787696838379,0.022380411624908447,-0.0014252662658691406,-0.004227757453918457,-0.00737607479095459,-0.011934518814086914,0.0010442137718200684,0.026422202587127686,-0.00748133659362793,-0.00560307502746582,0.011782169342041016,-0.012409806251525879
2024-04-08,-0.011544227600097656,-0.009746968746185303,-0.03220009803771973,0.02090144157409668,-0.01235044002532959,-0.03255653381347656,0.003289639949798584,0.01287013292312622,0.00123518705368042,-0.006852507591247559,0.0041539669036865234,-0.0014782547950744629,-0.0010263919830322266,-0.06049656867980957,-0.04290199279785156
2024-04-09,0.002016305923461914,-0.002191483974456787,0.005258500576019287,-0.0059773921966552734,0.0224381685256958,0.01206064224243164,-0.007485032081604004,0.011404156684875488,-0.002553224563598633,0.017879784107208252,-0.008898735046386719,-0.018552064895629883,-0.008056282997131348,-0.005547642707824707,0.009062886238098145
2024-04-10,0.024904608726501465,-0.02765786647796631,-0.014108657836914062,0.005864620208740234,0.007791280746459961,-0.012905359268188477,-0.017634153366088867,0.007536113262176514,0.017587900161743164,0.01820528507232666,0.0066152215003967285,0.00865638256072998,-0.013513445854187012,-0.021802067756652832,-0.01825582981109619
2024-04-12,-0.00054168701171875,-0.005179882049560547,0.025253593921661377,-0.0005433559417724609,0.008547365665435791,-0.029442191123962402,-0.0022100210189819336,-0.006227970123291016,0.007493197917938232,-0.023447751998901367,-0.019977807998657227,-0.024762868881225586,0.005591452121734619,0.024874329566955566,0.0019998550415039062
2024-04-15,0.024904251098632812,-0.03246849775314331,0.012104809284210205,0.0078355073928833,-0.005284786224365234,0.02257901430130005,0.027073204517364502,0.005990803241729736,0.010610520839691162,0.0209234356880188,0.004352569580078125,-0.0051667094230651855,0.014850020408630371,0.019437074661254883,0.0010194778442382812
2024-04-16,-0.0033174753189086914,-0.002569913864135742,-0.019678115844726562,0.009383082389831543,-0.0026633739471435547,0.009240269660949707,0.00957024097442627,0.013052701950073242,-0.012003064155578613,0.0132521390914917,0.005464494228363037,0.012581229209899902,0.015659332275390625,-0.010281085968017578,0.0020059943199157715
2024-04-18,0.006696045398712158,0.0033980607986450195,-0.007891535758972168,-0.008208990097045898,0.01388639211654663,-0.02849745750427246,0.008148193359375,-0.007894754409790039,-0.00012230873107910156,0.026860296726226807,-0.03873622417449951,-0.03313302993774414,-0.026315808296203613,0.004163146018981934,0.0024330615997314453
2024-04-19,-0.01568293571472168,-0.017230510711669922,-0.012491941452026367,0.0062631964683532715,-0.001748800277709961,0.0023509860038757324,-0.004480957984924316,-0.0053558349609375,0.026734113693237305,-0.015914440155029297,-0.010579228401184082,0.010765671730041504,0.014921009540557861,-0.006851553916931152,-0.019335389137268066
2024-04-22,-0.003359675407409668,0.01692664623260498,-0.023797035217285156,-0.007169246673583984,-0.008989095687866211,-0.03416943550109863,-0.038396358489990234,-0.03266298770904541,0.005443453788757324,0.01676654815673828,-0.012038707733154297,0.009458184242248535,-0.015735268592834473,-0.06351161003112793,-0.05815446376800537
2024-04-23,-0.03576648235321045,0.006963253021240234,-0.000858306884765625,-0.0007040500640869141,-0.01959705352783203,-0.00244140625,0.006968259811401367,0.0018056035041809082,-0.011662125587463379,-0.032237887382507324,-0.04861640930175781,0.0100785493850708,0.01317507028579712,-0.009037375450134277,-0.028052687644958496
2024-04-24,9.238719940185547e-05,0.00802457332611084,0.008747577667236328,-0.0005471706390380859,0.006123960018157959,-0.012826681137084961,-0.04881131649017334,-0.01301717758178711,-0.015855908393859863,-0.017243385314941406,0.01134401559829712,-0.006399691104888916,-0.006308794021606445,-0.013255476951599121,0.00965893268585205
2024-04-25,-0.0013855695724487305,-0.009904980659484863,-0.013738870620727539,0.005859375,0.0024095773696899414,0.00689321756362915,0.006426692008972168,0.00478285551071167,0.006267964839935303,0.009483158588409424,0.0017459988594055176,-0.010707080364227295,0.00029158592224121094,-0.009369611740112305,0.02333664894104004
2024-04-26,0.0038743019104003906,0.010337591171264648,0.006247222423553467,-0.004165053367614746,0.005645155906677246,-0.012106537818908691,-0.060141682624816895,-0.050909996032714844,0.00606006383895874,-0.0038295984268188477,0.021239399909973145,0.003836393356323242,0.0008750557899475098,-0.019160747528076172,0.010546445846557617
2024-04-29,0.013903975486755371,-0.004914224147796631,-0.012091994285583496,0.0009391903877258301,-0.0012146234512329102,-0.002392292022705078,0.012773752212524414,-0.002682805061340332,-0.0016175508499145508,0.018478751182556152,-0.024763822555541992,0.005593061447143555,-0.010655403137207031,-0.008867502212524414,0.016254782676696777
2024-04-30,-0.032117366790771484,0.00917673110961914,-0.015647292137145996,0.001488327980041504,0.0030570626258850098,-0.013206005096435547,0.015205621719360352,-0.011888504028320312,0.002484560012817383,-0.005951642990112305,-0.05082213878631592,-0.004327535629272461,0.009243249893188477,-0.004837632179260254,-0.020349502563476562
2024-05-02,-0.016429901123046875,-0.010882675647735596,0.017077207565307617,-0.032399773597717285,0.02006697654724121,-0.017744898796081543,-0.008217692375183105,-0.0021935701370239258,0.00697404146194458,0.005554258823394775,-0.05666196346282959,-0.005795121192932129,-0.014868855476379395,-0.004882097244262695,0.011050283908843994
2024-05-03,-0.015128374099731445,-0.01174086332321167,0.01543581485748291,0.00889056921005249,0.027566492557525635,-0.004320383071899414,-0.004916667938232422,0.002458512783050537,0.009823977947235107,0.013841629028320312,0.03365492820739746,-0.009682059288024902,0.002872765064239502,-0.006444215774536133,0.015300929546356201
2024-05-06,-0.022700905799865723,-0.005267620086669922,0.0007252097129821777,0.0062103271484375,-0.006486773490905762,0.006145358085632324,0.004407405853271484,-0.007003068923950195,0.011061489582061768,0.01489788293838501,0.012073397636413574,-0.07180452346801758,0.002592921257019043,0.029701650142669678,0.028215110301971436
2024-05-07,0.019868969917297363,-0.005483388900756836,0.0017278790473937988,0.005554676055908203,0.010918080806732178,0.003864586353302002,0.01312631368637085,0.0013431310653686523,-0.013960123062133789,0.028871357440948486,0.04300820827484131,-0.0028200149536132812,0.012276113033294678,0.040077388286590576,-0.019110679626464844
2024-05-08,0.01866304874420166,-0.0026056766510009766,0.006542682647705078,-0.0012412071228027344,0.0068239569664001465,-0.055245161056518555,-0.013029932975769043,-0.010879039764404297,0.02673572301864624,-0.012355208396911621,-0.0024558305740356445,-0.0033782124519348145,-0.035092830657958984,0.050676584243774414,0.003956913948059082
2024-05-09,0.007043719291687012,-0.01665973663330078,-0.033033668994903564,-0.003796696662902832,0.004701137542724609,0.012353003025054932,0.017064690589904785,0.010407090187072754,-0.022495269775390625,-0.009788990020751953,0.03650176525115967,-0.004340708255767822,0.031077861785888672,0.032415807247161865,0.020277738571166992
2024-05-10,0.018946528434753418,0.008124351501464844,0.020144104957580566,-0.024006128311157227,-0.00018537044525146484,0.01756995916366577,-0.0181349515914917,-0.00788736343383789,0.0011000633239746094,-0.03374040126800537,-0.049326300621032715,0.013602614402770996,-0.03426158428192139,-0.009012222290039062,-0.00786280632019043
2024-05-13,0.00141984224319458,0.00618743896484375,0.004062294960021973,0.0013567805290222168,-0.05560946464538574,0.009851455688476562,0.01851266622543335,-0.009278178215026855,0.01719611883163452,0.025453627109527588,-0.018657565116882324,-0.011003613471984863,0.0028192996978759766,-0.011106252670288086,0.004023253917694092
2024-05-14,0.002712070941925049,0.008844494819641113,-0.05140030384063721,-0.0007548332214355469,0.0246087908744812,-0.01989901065826416,0.023872315883636475,-0.015683770179748535,-0.02637481689453125,0.006998300552368164,-0.003805875778198242,0.010833978652954102,-0.0024031400680541992,-0.0018050670623779297,-0.01910853385925293
2024-05-15,-0.001003265380859375,-0.001279294490814209,0.004584252834320068,-0.0030170679092407227,-0.033063530921936035,-0.014858245849609375,-0.004637002944946289,-0.014487385749816895,-0.012134671211242676,-0.02982640266418457,-0.0018956661224365234,-0.00618743896484375,-0.03469192981719971,0.0005750656127929688,-0.01875019073486328
2024-05-16,-0.003362894058227539,0.0055381059646606445,-0.05536508560180664,-0.009099125862121582,0.0182608962059021,-0.0029577016830444336,-0.01937580108642578,-0.013425230979919434,-0.02895665168762207,-0.004765987396240234,-0.0056765079498291016,0.01999354362487793,-0.020171761512756348,-0.013157367706298828,-0.021991372108459473
2024-05-17,-0.04455721378326416,0.013900399208068848,-0.008504509925842285,-0.011699795722961426,-0.014184713363647461,-0.1557062864303589,-0.08215045928955078,-0.020222783088684082,-0.025803327560424805,-0.009243488311767578,0.0025870203971862793,0.008173584938049316,0.012692034244537354,0.02445852756500244,-0.032575249671936035
2024-05-18,0.0027053356170654297,0.015557408332824707,-0.006411433219909668,0.0021361112594604492,-0.007105112075805664,-0.025644302368164062,-0.001168966293334961,-0.005045056343078613,-0.0007860660552978516,0.004097342491149902,-0.0351332426071167,0.0004165172576904297,0.0048714280128479,-0.0065201520919799805,-0.012888312339782715
2024-05-21,0.03902500867843628,-0.00927877426147461,0.009791314601898193,0.01498478651046753,0.00987011194229126,0.02811300754547119,-0.019617080688476562,-0.024166107177734375,-0.018615245819091797,0.028315603733062744,-0.06947612762451172,0.004297375679016113,-0.017949342727661133,0.0008482933044433594,0.008672833442687988
2024-05-22,-0.00408327579498291,0.0037462711334228516,0.030520081520080566,-0.0019484758377075195,-0.0040084123611450195,0.0035837292671203613,-0.017677903175354004,0.012802302837371826,-0.006554365158081055,0.004234135150909424,-0.013844490051269531,0.0020284652709960938,-0.0026715993881225586,-0.0015822649002075195,0.02953481674194336
2024-05-23,-0.0001569986343383789,-0.007684171199798584,0.002549886703491211,-0.004861593246459961,-0.0003145933151245117,-0.011560678482055664,0.006364703178405762,-0.006077289581298828,0.02627640962600708,-0.008004069328308105,-0.05147063732147217,0.020154595375061035,-0.011324286460876465,-0.03841555118560791,-0.008685946464538574
2024-05-24,0.025599181652069092,-0.007043004035949707,0.026514112949371338,-0.028135478496551514,0.003907322883605957,0.002539694309234619,-0.007760286331176758,-0.019254088401794434,-0.002360224723815918,0.002605438232421875,-0.03956043720245361,-0.0114859938621521,0.029508590698242188,-0.017847895622253418,0.003033459186553955
2024-05-27,-0.0017845630645751953,0.0068329572677612305,-0.0011783838272094727,0.004135727882385254,-0.006603240966796875,0.01120305061340332,0.0036028623580932617,0.0013492703437805176,-0.021584749221801758,-0.01119542121887207,0.009033262729644775,-0.0026374459266662598,-0.01316678524017334,-0.028872370719909668,-0.0005562305450439453
2024-05-28,0.043341994285583496,0.0008482933044433594,-0.020075321197509766,0.0011440515518188477,0.004698634147644043,-0.005021214485168457,0.01808476448059082,0.0008212924003601074,0.013330340385437012,0.009841322898864746,0.005042612552642822,0.001762986183166504,0.010048210620880127,0.015094101428985596,9.810924530029297e-05
2024-05-29,0.0025480985641479492,0.012677311897277832,0.0006263256072998047,0.004875779151916504,0.009924888610839844,-0.009223699569702148,-0.015559792518615723,-0.004136323928833008,0.011368930339813232,0.019008636474609375,-0.0068225860595703125,-0.00850588083267212,-0.03437542915344238,0.010468721389770508,-0.0018640756607055664
2024-05-30,0.01458364725112915,-0.0012736916542053223,0.010192692279815674,-0.010765671730041504,0.003621995449066162,0.006473720073699951,-0.007501006126403809,-0.01740121841430664,0.017722129821777344,0.025202572345733643,0.01781219244003296,-0.032111525535583496,0.016093134880065918,0.018032491207122803,-0.041650354862213135
2024-05-31,-0.025240421295166016,-0.004919111728668213,-0.05072152614593506,-0.004675149917602539,0.005041062831878662,-0.002299666404724121,-0.009491801261901855,0.025099515914916992,0.03351771831512451,-0.009354352951049805,-0.02109205722808838,-0.009153902530670166,0.014893651008605957,-0.0068122148513793945,0.02053821086883545
2024-06-03,-0.03435814380645752,0.0021970272064208984,-0.014843463897705078,0.023023009300231934,-0.021864771842956543,-0.008667945861816406,-0.05211067199707031,-0.014680445194244385,-0.008587002754211426,-0.006435871124267578,-0.05559837818145752,0.005953311920166016,-0.012418985366821289,-0.03427231311798096,0.011681079864501953
2024-06-04,0.050127625465393066,-0.022836029529571533,-0.0011250972747802734,-0.021752238273620605,0.02366650104522705,0.04764312505722046,-0.104653000831604,-0.056563615798950195,-0.05466216802597046,0.031461894512176514,-0.09784197807312012,-0.006822645664215088,0.014799952507019043,0.033456623554229736,-0.03430873155593872
2024-06-05,-0.028182387351989746,-0.06487441062927246,0.04242503643035889,0.0003846883773803711,0.010750412940979004,-0.06754255294799805,0.06992101669311523,0.011167526245117188,0.028498053550720215,-0.06311893463134766,0.04682755470275879,0.02429795265197754,-0.024495840072631836,-0.07390105724334717,-0.05018270015716553
2024-06-06,-0.022582530975341797,-0.02317500114440918,0.005542159080505371,-0.031995177268981934,-0.034467101097106934,0.005717813968658447,0.03080153465270996,0.026160120964050293,0.023647427558898926,0.0072040557861328125,-0.013555467128753662,0.0012056827545166016,-0.047820329666137695,0.006953418254852295,-0.004066109657287598
2024-06-07,-0.0069533586502075195,-0.006142973899841309,-0.026685118675231934,-0.027127623558044434,-0.007492661476135254,0.006500840187072754,0.022853851318359375,0.0085068941116333,0.026076436042785645,-0.020517945289611816,-0.10463297367095947,-0.036849260330200195,0.01487642526626587,-0.0013451576232910156,-0.050247907638549805
2024-06-10,-0.01775074005126953,-0.011460542678833008,-0.019158363342285156,-0.00486147403717041,-0.0208817720413208,-0.03636586666107178,0.010059952735900879,0.0008084774017333984,-0.0023359060287475586,-0.003432631492614746,-0.0296783447265625,0.006344318389892578,-0.010365962982177734,-0.006682753562927246,-0.05040407180786133
2024-06-11,-0.010695695877075195,0.00556415319442749,-0.029669761657714844,0.0025272369384765625,-0.0186537504196167,0.0014569759368896484,0.005448460578918457,-0.01292508840560913,0.04594075679779053,0.0007330179214477539,-0.014325141906738281,0.0033603906631469727,-0.023432493209838867,0.00030791759490966797,-0.02270054817199707
2024-06-12,-0.058872342109680176,0.006951749324798584,-0.023064017295837402,0.01310265064239502,0.01044696569442749,-0.026750922203063965,0.01745474338531494,-0.0014185309410095215,0.016943931579589844,0.011615097522735596,0.0057852864265441895,0.008326709270477295,-0.00024759769439697266,0.009241819381713867,-0.027164459228515625
2024-06-13,0.0034090280532836914,-0.0028685331344604492,-0.0039556026458740234,0.0029340386390686035,-0.019725680351257324,-0.006750345230102539,0.05216383934020996,0.004507541656494141,-0.01768636703491211,0.014349400997161865,-0.0201951265335083,-0.02657949924468994,-0.015095233917236328,-0.024460196495056152,-0.0034945011138916016
2024-06-14,0.006152331829071045,0.011304795742034912,-0.028765201568603516,-0.029794692993164062,-0.011390924453735352,-0.0035289525985717773,0.03566324710845947,0.0005439519882202148,-0.007495522499084473,-0.0052710771560668945,0.012413978576660156,-0.01666092872619629,0.02510976791381836,-0.01069033145904541,0.005515933036804199
2024-06-18,0.007094204425811768,-0.002789616584777832,0.0033115148544311523,-0.03464782238006592,-0.05613696575164795,-0.004923224449157715,0.027039408683776855,-0.006142973899841309,-0.06080663204193115,-0.05867660045623779,-0.02157294750213623,-0.01669943332672119,-0.034758687019348145,-0.02512514591217041,-0.022466182708740234
2024-06-19,0.002730846405029297,0.00443035364151001,0.014243602752685547,0.0024166107177734375,-0.004883289337158203,0.009681522846221924,-0.018230080604553223,-0.006864607334136963,0.019155919551849365,0.0010613203048706055,-0.05836379528045654,-0.035288333892822266,0.007008194923400879,0.0380171537399292,-0.0033425092697143555
2024-06-20,0.00036257505416870117,-0.01231539249420166,0.022011160850524902,0.0012458562850952148,-0.021858811378479004,-0.010247349739074707,0.013148069381713867,0.0014595985412597656,-0.007445335388183594,-0.01806163787841797,-0.02136683464050293,-0.007624924182891846,-0.0030421018600463867,-0.00426328182220459,0.005761504173278809
2024-06-21,0.007492244243621826,0.004123389720916748,-0.011687874794006348,0.021344482898712158,-0.09581756591796875,0.0054798126220703125,0.004675388336181641,0.03781008720397949,-0.0038251876831054688,-0.05055654048919678,0.013536334037780762,-0.010535657405853271,-0.030692696571350098,-0.00212252140045166,-0.014638423919677734
2024-06-24,-0.03563952445983887,0.004345715045928955,-0.0035250186920166016,0.006585419178009033,-0.005714893341064453,-0.010668158531188965,0.005724072456359863,0.013142108917236328,-0.03570103645324707,0.015231788158416748,-0.024949312210083008,0.003706216812133789,0.011417090892791748,-0.01707911491394043,0.009636163711547852
2024-06-25,0.013957500457763672,-0.0030243396759033203,0.011453211307525635,-0.0011404752731323242,0.015340864658355713,0.0022038817405700684,0.006815910339355469,0.002615213394165039,-0.02693331241607666,0.017821133136749268,0.00410771369934082,-0.0029012560844421387,-0.0076198577880859375,0.0053550004959106445,-0.008882641792297363
2024-06-26,-0.05212819576263428,0.0096282958984375,0.013228178024291992,-0.019223928451538086,0.0007165074348449707,0.0036038756370544434,-0.024494528770446777,0.0007565021514892578,0.013461291790008545,-0.04222297668457031,-0.029636502265930176,-0.008728981018066406,-0.026350021362304688,0.0060485005378723145,0.004659593105316162
2024-06-27,-0.003870725631713867,0.0028715133666992188,0.007050812244415283,-0.044568657875061035,0.02670764923095703,0.025667965412139893,0.03182566165924072,-0.03411877155303955,-0.00493621826171875,-0.043030738830566406,-0.023145318031311035,0.002327561378479004,0.007253050804138184,-0.0051157474517822266,-0.08018290996551514
2024-06-28,-0.056668758392333984,-0.050449252128601074,0.0037180185317993164,-0.021266579627990723,0.008229255676269531,0.029337823390960693,0.01789844036102295,-0.016434133052825928,0.011893868446350098,-0.05217301845550537,-0.030887484550476074,0.006981015205383301,0.00011593103408813477,0.020524978637695312,-0.007055163383483887
2024-07-01,0.007375478744506836,0.011626720428466797,0.007127344608306885,0.013293147087097168,-0.006552934646606445,-0.0276339054107666,0.03969085216522217,0.0008231401443481445,-0.06256437301635742,0.007283210754394531,-0.09945130348205566,0.00800478458404541,-0.006726980209350586,0.01898515224456787,0.020692050457000732
2024-07-02,-0.0018603801727294922,0.0005012750625610352,0.010937213897705078,0.03762948513031006,-0.03888368606567383,0.00900357961654663,0.005700469017028809,-0.005044162273406982,0.011161208152770996,0.003115534782409668,0.011258959770202637,-0.009267210960388184,-0.03421664237976074,-0.004015922546386719,0.007996916770935059
2024-07-03,0.01193082332611084,0.001838982105255127,-0.001962423324584961,0.010964751243591309,0.010209262371063232,0.0037552714347839355,0.010501265525817871,0.03537774085998535,-0.00321042537689209,0.014215171337127686,0.024327099323272705,-0.011589407920837402,-0.02651214599609375,-0.0012413263320922852,0.0027815699577331543
2024-07-04,-0.012660026550292969,-0.01138913631439209,0.00161665678024292,-0.008576273918151855,-0.00396120548248291,0.006322979927062988,0.0007590055465698242,0.0019692182540893555,-0.020009398460388184,-0.003374934196472168,0.018832921981811523,-0.007216751575469971,-0.011286020278930664,0.004924774169921875,-0.03468585014343262
2024-07-05,-0.0009889602661132812,0.0013248324394226074,-0.06199789047241211,-0.02682340145111084,-0.01460731029510498,-0.002692103385925293,-0.012047290802001953,0.005869626998901367,0.024933934211730957,-0.009683012962341309,0.002973794937133789,-0.019979000091552734,-0.022641897201538086,-0.005572080612182617,-0.00961005687713623
2024-07-08,0.001210033893585205,-0.016084671020507812,0.029086649417877197,0.015283167362213135,0.016297638416290283,-0.026604771614074707,-0.0018751025199890137,-0.003934264183044434,0.024860262870788574,-0.0018171072006225586,-0.005016326904296875,-0.03460937738418579,0.020881474018096924,-0.004749655723571777,0.010556995868682861
2024-07-09,-0.015472412109375,0.010836184024810791,-0.1144866943359375,0.015315234661102295,0.0027760863304138184,-0.01676177978515625,0.003953456878662109,0.018476366996765137,-0.0018061399459838867,-0.0013099908828735352,-0.07918524742126465,0.018677473068237305,0.007823348045349121,-0.0063713788986206055,-0.016067028045654297
2024-07-10,1.1026859283447266e-05,-0.016729354858398438,-0.07270210981369019,0.0037494301795959473,-0.001107931137084961,0.010756492614746094,-0.009555637836456299,0.004372596740722656,0.009499728679656982,-0.014189362525939941,0.007750034332275391,0.003063678741455078,-0.021062850952148438,-0.010960221290588379,0.00420534610748291
2024-07-11,0.003590226173400879,0.003959357738494873,0.027965307235717773,0.006272673606872559,0.007496893405914307,-0.0008273124694824219,0.016209959983825684,-0.004897773265838623,0.015261232852935791,0.0012899041175842285,0.007558584213256836,0.007317900657653809,-0.0010578632354736328,-0.018686294555664062,0.006421029567718506
2024-07-12,-0.0009447336196899414,0.012023091316223145,-0.028540611267089844,0.0129050612449646,-0.007357358932495117,-0.019721269607543945,-0.016117870807647705,-0.006015658378601074,0.01197880506515503,-0.003974199295043945,0.04391974210739136,-0.0057716965675354,0.014160394668579102,-0.004759311676025391,0.012154459953308105
2024-07-15,-0.03104841709136963,-0.007816076278686523,-0.014338374137878418,0.002202630043029785,-0.006441354751586914,0.00046324729919433594,0.021724343299865723,-0.00877678394317627,0.014462590217590332,-0.016031622886657715,0.03173130750656128,-0.0017493367195129395,0.00943303108215332,-0.007203936576843262,-0.014920830726623535
2024-07-16,0.02214062213897705,-0.001341700553894043,0.031736135482788086,0.0006409287452697754,-0.013723373413085938,0.0006951689720153809,-0.010079145431518555,-0.00861656665802002,-0.007373929023742676,-0.027661442756652832,0.002468109130859375,0.003055095672607422,0.00735849142074585,0.006042003631591797,-0.01861858367919922
2024-07-18,0.035835206508636475,-0.00029408931732177734,-0.024199366569519043,0.010688304901123047,0.018847942352294922,-0.0011594295501708984,-0.04827594757080078,-0.00679856538772583,0.01058131456375122,0.015353977680206299,0.01869410276412964,0.008673310279846191,-0.0008721351623535156,0.018696188926696777,0.0044296979904174805
2024-07-19,-0.058155357837677,0.004345059394836426,-0.032761216163635254,0.012316346168518066,0.030834972858428955,0.00891721248626709,-0.05681049823760986,-0.05054628849029541,-0.006299495697021484,-0.018288612365722656,0.018630146980285645,-0.0009503364562988281,0.018298625946044922,0.01051396131515503,0.018066227436065674
2024-07-22,0.02603626251220703,-0.010401606559753418,-0.00024390220642089844,-0.0029169321060180664,-0.030382633209228516,-0.013554573059082031,0.007654905319213867,0.00011301040649414062,-0.011355400085449219,-0.0006616115570068359,-0.05709397792816162,-0.0013961195945739746,-0.0064351558685302734,-0.00382387638092041,-0.014713883399963379
2024-07-23,-0.017337679862976074,-0.014061689376831055,0.025432229042053223,0.01621466875076294,-0.0035668611526489258,0.007839560508728027,-0.03614324331283569,-0.0037032365798950195,-0.03807401657104492,-0.0443037748336792,-0.0010802745819091797,-0.06526458263397217,-0.0027559995651245117,-0.00020229816436767578,-0.0046617984771728516
2024-07-24,0.025312185287475586,-0.026452302932739258,-0.012906253337860107,-0.03458988666534424,0.013773322105407715,-0.029514312744140625,0.0040711164474487305,0.016797661781311035,-0.018373489379882812,-0.062415242195129395,-0.08079302310943604,-0.0033315420150756836,-0.027924418449401855,-0.010616779327392578,0.019195497035980225
2024-07-25,0.016836881637573242,0.0031510591506958008,0.00247037410736084,0.00628662109375,0.012695074081420898,-0.009255051612854004,-0.007053375244140625,0.01956188678741455,0.01708883047103882,0.02307361364364624,-0.12205159664154053,0.020871639251708984,0.015614926815032959,-0.025112569332122803,-0.01439201831817627
2024-07-26,-0.0009464621543884277,-0.006760358810424805,0.029902338981628418,0.002444326877593994,0.0013837218284606934,0.010064840316772461,0.03322124481201172,0.006486773490905762,0.003809630870819092,0.010284185409545898,0.017684340476989746,-0.025941014289855957,0.0178183913230896,0.01967024803161621,-0.009990453720092773
2024-07-29,0.001495361328125,-0.008020639419555664,0.016603469848632812,-0.009152531623840332,-0.029532909393310547,0.02349752187728882,0.03149676322937012,-0.0005710721015930176,-0.013802051544189453,-0.00854182243347168,-0.046082496643066406,0.023596584796905518,-0.017367243766784668,0.017344951629638672,-0.04569089412689209
2024-07-30,-0.008992612361907959,0.010670781135559082,-0.01056283712387085,-0.025066018104553223,-0.0059653520584106445,-0.030657052993774414,0.0300748348236084,-0.011863231658935547,-0.03878462314605713,-0.0002619028091430664,0.040264129638671875,-0.016575336456298828,0.00293576717376709,0.01546633243560791,0.008436799049377441
2024-07-31,-0.002990245819091797,0.004769384860992432,8.702278137207031e-05,0.013863742351531982,0.016281187534332275,-0.013357281684875488,0.01077878475189209,0.018751978874206543,0.0216558575630188,-0.011522412300109863,-0.0025938749313354492,0.0026814937591552734,-0.0026172399520874023,-0.0013315081596374512,-0.005344271659851074
2024-08-01,-0.016922414302825928,-0.014972090721130371,0.018883824348449707,0.009396016597747803,-0.009168028831481934,0.0007753968238830566,-0.036005616188049316,-0.006378829479217529,0.009043097496032715,0.025371074676513672,0.022047221660614014,-0.00271761417388916,-0.0029366016387939453,-0.0006178021430969238,0.005478978157043457
2024-08-02,0.03012096881866455,0.0006172060966491699,-0.023402094841003418,-0.017258644104003906,0.008446931838989258,-0.029930174350738525,-0.0013709664344787598,-0.01009225845336914,0.0053119659423828125,0.008765757083892822,0.000690162181854248,0.0017299056053161621,0.001843571662902832,-0.029870212078094482,0.0007737278938293457
2024-08-05,-0.031871497631073,-0.03829050064086914,-0.05142408609390259,-0.03743690252304077,-0.055689096450805664,-0.020683348178863525,-0.04401284456253052,-0.01934593915939331,-0.04433107376098633,0.027065694332122803,0.05513346195220947,0.02495419979095459,0.008365929126739502,-0.026094257831573486,-0.04704028367996216
2024-08-06,-0.008083164691925049,-0.02703571319580078,-0.023110687732696533,0.012163162231445312,-0.04205918312072754,-0.02800464630126953,-0.0027599334716796875,0.002886176109313965,-0.00429844856262207,0.007344841957092285,-0.04336702823638916,0.012100279331207275,-0.003944277763366699,0.007886528968811035,0.0053424835205078125
2024-08-07,0.016736745834350586,-0.032440125942230225,0.020574450492858887,0.01770174503326416,-0.012543797492980957,-0.044417738914489746,0.04464566707611084,0.019503235816955566,-0.04996943473815918,0.00036984682083129883,0.0035026073455810547,0.0026535987854003906,-0.03197646141052246,0.004441976547241211,0.012538313865661621
2024-08-08,0.013253092765808105,-0.006992042064666748,-0.001849532127380371,0.017535090446472168,-0.04220163822174072,0.0033333897590637207,-0.013194799423217773,-0.021267831325531006,-0.008085966110229492,0.007124423980712891,0.004217922687530518,0.008944034576416016,0.011844277381896973,-0.022996366024017334,0.01468050479888916
2024-08-09,-0.006367146968841553,-0.00872427225112915,-0.008801460266113281,-0.0020151734352111816,-0.004172563552856445,-0.0032292604446411133,0.025031089782714844,0.007756710052490234,0.015872478485107422,-0.004193425178527832,-0.012942671775817871,-0.010677933692932129,-0.015410900115966797,-0.004979133605957031,-0.003908991813659668
2024-08-12,-0.03618824481964111,-0.016770601272583008,0.007976055145263672,0.007450222969055176,0.01189965009689331,0.007931947708129883,-0.0064904093742370605,0.005918622016906738,0.02296668291091919,-0.02422046661376953,-0.027180790901184082,0.003256559371948242,-0.06081366539001465,-0.10756909847259521,0.002368927001953125
2024-08-13,-0.020378410816192627,-0.01127713918685913,-0.05940902233123779,0.009261250495910645,0.04044598340988159,-0.011008143424987793,0.02759718894958496,0.00856328010559082,0.0026157498359680176,-0.011416196823120117,0.020694315433502197,-0.018880724906921387,-0.033084988594055176,0.005813419818878174,-0.024421632289886475
2024-08-14,0.0031173229217529297,-0.010300874710083008,-0.005864500999450684,0.0006161928176879883,-0.028825879096984863,0.017650485038757324,-0.006027817726135254,0.011174678802490234,0.020272254943847656,-0.0187225341796875,-0.0072748661041259766,-0.005497097969055176,0.0015388727188110352,0.014650225639343262,0.01534271240234375
2024-08-16,0.013886332511901855,0.02362525463104248,0.00295865535736084,-0.015535116195678711,0.006227374076843262,-0.027418017387390137,0.03869426250457764,0.016522645950317383,0.0013745427131652832,-0.0076503753662109375,-0.123695969581604,-0.012521505355834961,-0.009728431701660156,0.009772300720214844,0.010748863220214844
2024-08-19,0.011210322380065918,0.002744317054748535,-0.007709503173828125,0.0021549463272094727,0.03013908863067627,-0.030206680297851562,0.03273153305053711,0.00287783145904541,0.004274427890777588,0.04084128141403198,-0.060701847076416016,-0.00583493709564209,-0.07745879888534546,-0.04725921154022217,0.0016690492630004883
2024-08-20,0.012076377868652344,-0.0040700435638427734,0.014059662818908691,0.012902259826660156,0.010952234268188477,0.00011026859283447266,-0.008157312870025635,0.0041713714599609375,0.006293654441833496,0.013920426368713379,-0.02289128303527832,-0.0029004812240600586,-0.011374235153198242,-0.03200232982635498,-0.01849597692489624
2024-08-21,-0.014325976371765137,0.0012682676315307617,0.0008199214935302734,0.0006848573684692383,-0.01038205623626709,-0.031859755516052246,0.00477290153503418,0.01632535457611084,-0.0020867586135864258,-0.004705667495727539,0.011001348495483398,-0.02460503578186035,0.0038698911666870117,-0.01012563705444336,0.0018917322158813477
2024-08-22,0.0047969818115234375,0.017768502235412598,-0.02364969253540039,-0.04037773609161377,0.0025790929794311523,0.01228630542755127,0.009700655937194824,-0.012965023517608643,0.014101922512054443,-0.09541738033294678,-0.05637943744659424,-0.01235818862915039,-0.02302563190460205,-0.004683971405029297,-0.0028806328773498535
2024-08-23,-0.0009524226188659668,0.004597902297973633,0.01311194896697998,0.0069727301597595215,0.002467930316925049,0.005732834339141846,0.0319446325302124,-0.005802750587463379,0.004557907581329346,0.01257544755935669,-0.004680156707763672,0.009543836116790771,-0.0026661157608032227,-0.004008769989013672,-0.008060038089752197
2024-08-26,0.011022806167602539,-0.0014796853065490723,0.020103275775909424,-0.04411768913269043,-0.003285050392150879,-0.017732739448547363,0.009261131286621094,0.014564990997314453,-0.003610849380493164,-0.04729151725769043,0.06629043817520142,-0.01686275005340576,0.021171927452087402,-0.018041491508483887,-0.016740500926971436
2024-08-27,0.014426708221435547,0.0016887187957763672,-0.02241039276123047,-0.01535344123840332,-0.0022153854370117188,-0.0036344528198242188,-0.012386679649353027,-0.008838474750518799,-0.005007386207580566,0.00308072566986084,0.030605435371398926,0.021748125553131104,-0.012251317501068115,-0.012899041175842285,0.004853725433349609
2024-08-28,0.017684102058410645,-0.002339601516723633,-0.011495232582092285,0.00818544626235962,0.021139144897460938,0.01416558027267456,0.0015308856964111328,-0.0024271607398986816,0.009226799011230469,0.005936324596405029,-0.005344390869140625,0.006687760353088379,-0.024382472038269043,-0.016348719596862793,0.027470827102661133
2024-08-29,0.04050779342651367,0.00034487247467041016,0.02905559539794922,0.010899066925048828,0.012975037097930908,-0.004753708839416504,-0.0034646987915039062,0.001401662826538086,-0.009424448013305664,0.000981748104095459,0.03524315357208252,-0.0016158819198608398,0.0020645856857299805,-0.009397506713867188,-0.05827045440673828
2024-08-30,-0.019640982151031494,0.001585841178894043,-0.004717230796813965,-0.00222933292388916,0.02605891227722168,-0.02591395378112793,-0.002344369888305664,0.0032219886779785156,0.00298917293548584,-0.007533669471740723,-0.07173478603363037,-0.009042739868164062,-0.005530297756195068,0.025022387504577637,0.005148530006408691
2024-09-02,-0.00032448768615722656,0.005610466003417969,0.025412321090698242,-0.0022243261337280273,-0.009043574333190918,0.025573790073394775,-0.0422520637512207,-0.007344603538513184,-0.005515098571777344,-0.04006826877593994,0.02151775360107422,-0.0062830448150634766,-0.01199430227279663,-0.014911293983459473,-0.016945242881774902
2024-09-03,-0.0023959875106811523,0.004826068878173828,-0.013940811157226562,-0.011667728424072266,0.025930285453796387,-0.010218381881713867,0.029914021492004395,0.008777976036071777,-0.020540356636047363,-0.017191529273986816,-0.0541987419128418,-0.009365677833557129,0.024721384048461914,-0.023337960243225098,0.006755232810974121
2024-09-04,0.012502431869506836,-0.01430666446685791,-0.009354114532470703,0.006268024444580078,-0.03279125690460205,0.00649493932723999,-0.0164681077003479,-0.00034171342849731445,-0.048477888107299805,-0.005147218704223633,-0.04753553867340088,0.003714263439178467,0.005277395248413086,0.01695239543914795,-0.0056449174880981445
2024-09-05,0.03984832763671875,-0.006946086883544922,0.0028243660926818848,-0.02541935443878174,0.01644951105117798,-0.0025720596313476562,-0.028615891933441162,-0.01149219274520874,-0.008290886878967285,0.009553670883178711,-0.04167759418487549,-0.03191792964935303,-0.0017142295837402344,-0.0016289949417114258,-0.008205771446228027
2024-09-06,-0.03756451606750488,-0.02126258611679077,-0.017554759979248047,0.0003075599670410156,0.0021028518676757812,0.009299874305725098,-0.028065204620361328,-0.0037776827812194824,0.018390238285064697,-0.0003858804702758789,-0.018186450004577637,0.0073465704917907715,0.001395106315612793,0.0025236010551452637,0.005254566669464111
2024-09-09,0.003909707069396973,0.01592886447906494,-0.037606239318847656,0.020059049129486084,0.04131722450256348,0.00561070442199707,0.02798449993133545,0.010708451271057129,0.01637125015258789,0.008639335632324219,-0.020021677017211914,0.0029630661010742188,-0.019612014293670654,-0.022095322608947754,0.03857213258743286
2024-09-10,-0.014739453792572021,0.0018198490142822266,-0.005952000617980957,-0.014127850532531738,0.017226755619049072,-0.013346433639526367,0.009305357933044434,0.015879273414611816,-0.009752988815307617,0.003734767436981201,-0.006597161293029785,-0.011629581451416016,0.02765631675720215,-0.006683349609375,-0.0007246732711791992
2024-09-11,-0.010033011436462402,-0.009816646575927734,0.006500124931335449,0.0077394843101501465,0.013321340084075928,0.016382932662963867,0.016573667526245117,0.018283963203430176,-0.0017497539520263672,-0.02592933177947998,0.012541472911834717,0.004372954368591309,-0.007233262062072754,0.0007650256156921387,0.009485244750976562
2024-09-12,0.01838052272796631,0.008185267448425293,-0.01588141918182373,0.00018715858459472656,0.009090542793273926,0.0006531476974487305,0.01008307933807373,0.019820213317871094,-0.009676814079284668,-0.04948234558105469,-0.007538437843322754,-0.01432192325592041,-0.010393261909484863,-0.013260841369628906,0.0041748881340026855
2024-09-13,0.03187680244445801,0.006403923034667969,-0.039275527000427246,-0.007863640785217285,0.0006856322288513184,0.015795230865478516,0.01361989974975586,-0.0041825175285339355,-0.0039789676666259766,-0.03880751132965088,0.0006505846977233887,-0.0007305145263671875,-0.002923309803009033,-0.03702211380004883,0.004571259021759033
2024-09-16,-0.018610656261444092,0.003059983253479004,-0.0248410701751709,0.007183074951171875,0.010966658592224121,0.008522450923919678,-0.07389283180236816,0.0009305477142333984,-0.014095187187194824,0.022484421730041504,-0.00048828125,0.006994962692260742,0.005755186080932617,0.002888321876525879,0.02576923370361328
2024-09-17,-0.011231184005737305,-0.002322554588317871,0.02258521318435669,-0.1040353775024414,-0.002589583396911621,-0.010828375816345215,-0.0072193145751953125,0.008367300033569336,-0.005369305610656738,-0.018429875373840332,-0.010655641555786133,-0.007151126861572266,0.010472893714904785,0.006236910820007324,0.006105899810791016
2024-09-18,-0.010914981365203857,-0.004933953285217285,0.006213009357452393,0.0024857521057128906,0.013970613479614258,0.008614003658294678,0.002150237560272217,-0.009344398975372314,0.0022308826446533203,0.021673500537872314,-0.029215335845947266,0.011161506175994873,-0.010150671005249023,0.007694125175476074,-0.0038580894470214844
2024-09-19,-0.015330791473388672,-0.003876030445098877,0.006810486316680908,0.01268613338470459,0.008149027824401855,-0.0025620460510253906,0.022231698036193848,0.005433082580566406,-0.01023101806640625,-0.01555776596069336,0.035736680030822754,-0.014924764633178711,-0.0016191601753234863,-0.0210648775100708,0.008249521255493164
2024-09-20,-0.009669721126556396,-0.00017529726028442383,-0.033991336822509766,-0.02747654914855957,-0.008850336074829102,0.0071111321449279785,-0.017980217933654785,0.024767398834228516,-0.008249521255493164,-0.031415462493896484,0.004946887493133545,-0.004297852516174316,-0.02735435962677002,0.0004146695137023926,-0.01806783676147461
2024-09-23,-0.148842453956604,0.0018932819366455078,-0.042873382568359375,-0.023336291313171387,0.002388179302215576,0.002350032329559326,-0.018523693084716797,0.016747117042541504,-0.004922389984130859,-0.05222451686859131,0.0024449825286865234,-0.0060307979583740234,-0.007892370223999023,0.023828089237213135,0.011298060417175293
2024-09-24,0.0543782114982605,0.0005598068237304688,-0.006533026695251465,0.03191488981246948,-0.0079573392868042,0.014582157135009766,-0.006033062934875488,-0.006843090057373047,-0.02472364902496338,-0.0043582916259765625,-0.03594768047332764,0.009214460849761963,-0.005266129970550537,-0.016972661018371582,-0.012530684471130371
2024-09-25,-0.017668724060058594,-0.0008393526077270508,-0.012537002563476562,-0.010989069938659668,0.006685972213745117,-0.005236148834228516,0.011780977249145508,-0.00316697359085083,0.017828941345214844,0.017875611782073975,-0.06427443027496338,0.012589454650878906,0.020274877548217773,0.0018544197082519531,-0.02300739288330078
2024-09-26,0.028846323490142822,-0.0016801953315734863,-0.04065525531768799,0.015997767448425293,0.012511730194091797,-0.05050390958786011,0.005073428153991699,-0.0191841721534729,0.016179382801055908,-0.054734885692596436,0.0014820098876953125,-0.005431771278381348,-0.0147935152053833,0.0278933048248291,-0.020619750022888184
2024-09-27,0.0019495487213134766,0.01651477813720703,0.0071669816970825195,0.007420897483825684,0.0040763020515441895,0.008467435836791992,0.00442194938659668,0.00457453727722168,0.013637721538543701,-0.013952851295471191,0.014174401760101318,-0.015741586685180664,0.0003361701965332031,-0.004925847053527832,-0.021270155906677246
2024-09-30,-0.0322725772857666,-0.006795287132263184,0.026327013969421387,-0.014781475067138672,0.004105329513549805,-0.015491902828216553,0.016719341278076172,-0.009058237075805664,0.006472527980804443,0.03332388401031494,0.03176760673522949,-0.0018996000289916992,0.002016305923461914,0.011571228504180908,-0.04004180431365967
2024-10-01,-0.0076105594635009766,-0.008578181266784668,-0.015578866004943848,-0.00905454158782959,-0.0005995035171508789,-0.03795790672302246,-0.028461337089538574,-0.006507992744445801,-0.010573744773864746,0.027251005172729492,0.017182350158691406,0.012552440166473389,-0.013079941272735596,-0.005121707916259766,0.0022929906845092773
2024-10-03,-0.06565618515014648,-0.03688657283782959,-0.02447688579559326,0.015828728675842285,-0.006349444389343262,0.010878324508666992,0.040564775466918945,-0.013451337814331055,0.004792749881744385,-0.026128172874450684,0.030219078063964844,-0.026748239994049072,-0.011101007461547852,0.004799008369445801,-0.018539071083068848
2024-10-04,0.04743558168411255,-0.0073833465576171875,-0.04238176345825195,0.018292009830474854,0.020186424255371094,0.012402057647705078,-0.0010315179824829102,-0.0194891095161438,0.012785792350769043,-0.02409142255783081,0.005057573318481445,-0.0013197064399719238,0.016952991485595703,0.019532442092895508,-0.01542961597442627
2024-10-07,-0.002520918846130371,-0.007218539714813232,-0.058628976345062256,0.01857513189315796,0.029591262340545654,-0.007700562477111816,0.00911325216293335,-0.010261297225952148,0.02356654405593872,-0.015078186988830566,-0.11674994230270386,-0.022029399871826172,-0.017233610153198242,0.028956711292266846,0.02154409885406494
2024-10-08,-0.02707195281982422,-0.026906371116638184,-0.01276087760925293,-0.018867850303649902,-0.028873324394226074,-0.011521339416503906,-0.07470536231994629,0.017679929733276367,0.009780824184417725,0.01103675365447998,-0.13292479515075684,-0.02671867609024048,0.0151289701461792,-0.024869203567504883,-0.02139115333557129
2024-10-09,-0.017621636390686035,-0.0072602033615112305,0.05133700370788574,-0.011884093284606934,0.0035133957862854004,-0.014760494232177734,-0.019712090492248535,-0.010136246681213379,0.0051163434982299805,0.01633918285369873,-0.01482999324798584,2.86102294921875e-05,-0.007451772689819336,0.007996022701263428,-0.004404664039611816
2024-10-10,0.007169067859649658,0.004710078239440918,0.004305601119995117,-0.0240023136138916,-0.006994843482971191,-0.009964466094970703,-0.008669257164001465,0.00497746467590332,0.007214069366455078,-0.0038112401962280273,0.00726628303527832,-0.01322472095489502,0.005118846893310547,0.005485594272613525,0.0003795623779296875
2024-10-11,0.019004881381988525,-0.008209943771362305,0.0008177757263183594,-0.007627725601196289,0.01218569278717041,0.022794246673583984,-0.014069080352783203,0.00010311603546142578,-0.012986063957214355,0.0020867586135864258,0.006099522113800049,0.007875800132751465,-0.003847837448120117,-0.0071762800216674805,0.0014764070510864258
2024-10-14,-0.02501070499420166,-0.006827354431152344,0.001757979393005371,-0.004917621612548828,0.0059623122215271,0.002785205841064453,-0.008016467094421387,0.0009027719497680664,0.002272665500640869,0.04234349727630615,-0.013501405715942383,0.006734967231750488,0.0018177032470703125,-0.0028221607208251953,-0.0024080276489257812
2024-10-15,-0.004159092903137207,-0.024687528610229492,0.012778997421264648,0.025457680225372314,-0.022043824195861816,-0.0009310245513916016,-0.009132027626037598,-0.0028604865074157715,-0.0009964704513549805,0.0002664327621459961,0.00775068998336792,0.0030590295791625977,0.005897045135498047,-0.009250521659851074,-0.006089687347412109
2024-10-16,-0.06287264823913574,0.01788860559463501,-0.01781618595123291,-0.01670050621032715,0.00691533088684082,0.017323553562164307,0.005605578422546387,0.002377629280090332,0.012195944786071777,0.0005326271057128906,0.03775429725646973,-0.010688304901123047,-0.008568167686462402,-0.038761019706726074,-0.008524179458618164
2024-10-17,0.0016115307807922363,-0.0072296857833862305,0.0034787654876708984,0.02397334575653076,0.01910877227783203,0.019167065620422363,0.012224078178405762,-0.06896817684173584,-0.0010077953338623047,-0.031075358390808105,-0.0038051605224609375,-0.01949000358581543,-0.002842843532562256,0.024823307991027832,0.02174311876296997
2024-10-18,0.014454305171966553,-0.02087104320526123,0.001584768295288086,-0.013020157814025879,0.006171762943267822,0.01314842700958252,-0.016585350036621094,0.0244523286819458,-0.0041713714599609375,-0.012499094009399414,-0.03799176216125488,-0.0064348578453063965,0.0033071041107177734,-0.016733884811401367,0.007408797740936279
2024-10-21,-0.17412638664245605,0.023311316967010498,-0.0022498369216918945,0.0004489421844482422,0.013198912143707275,0.010634362697601318,-0.0005688667297363281,-0.02000325918197632,0.02982991933822632,-0.020724713802337646,0.04739481210708618,-0.0053822994232177734,-0.025801360607147217,0.027529120445251465,-0.005004525184631348
2024-10-22,-0.1027669906616211,0.024357080459594727,-0.053423166275024414,0.013364076614379883,-0.04167830944061279,0.016431987285614014,0.031353652477264404,-0.02311462163925171,-0.050088584423065186,-0.03998291492462158,0.025557994842529297,-0.00994575023651123,-0.029401421546936035,0.010639727115631104,0.00038313865661621094
2024-10-23,0.12571024894714355,0.0005372762680053711,-0.005183100700378418,-0.0005691051483154297,-0.0069411396980285645,0.004270792007446289,-0.02525150775909424,-0.01185905933380127,-0.01938992738723755,0.027740836143493652,-0.024304866790771484,-0.012373089790344238,0.023800969123840332,-0.0005571842193603516,0.02480149269104004
2024-10-24,-0.023852765560150146,0.0075615644454956055,-0.01610398292541504,0.017120718955993652,-0.03067910671234131,0.002018451690673828,0.01499241590499878,-0.015144586563110352,-0.037367284297943115,0.0020873546600341797,-0.01075446605682373,0.012862563133239746,-0.012915372848510742,0.0003063082695007324,0.021982967853546143
2024-10-25,-0.013428807258605957,0.014371871948242188,-0.010911703109741211,0.02378469705581665,-0.011381864547729492,0.00910121202468872,-0.07426619529724121,-0.01645106077194214,0.013419389724731445,-0.035052359104156494,0.044080376625061035,-0.01931905746459961,-0.02200549840927124,0.02242213487625122,0.022901296615600586
2024-10-28,0.010443568229675293,-0.0060083866119384766,-0.011329591274261475,0.0034975409507751465,0.0036684274673461914,0.0066335201263427734,0.02147841453552246,-0.01566416025161743,0.013851165771484375,-0.0039452314376831055,-0.023939967155456543,0.005051255226135254,0.006446123123168945,-0.004216909408569336,0.013889133930206299
2024-10-29,0.007200479507446289,0.009250104427337646,0.011732935905456543,-0.0004163980484008789,0.001246809959411621,-0.0056504011154174805,0.04935193061828613,0.0022776126861572266,-0.031129777431488037,0.006128191947937012,-0.01087045669555664,0.00010657310485839844,-0.03166162967681885,-0.004738211631774902,-0.03975260257720947
2024-10-30,-0.03660506010055542,-0.0026465654373168945,-0.022031188011169434,-0.0040435791015625,0.021710515022277832,-0.004980206489562988,-0.05111074447631836,-0.005800724029541016,0.0018608570098876953,0.0016341209411621094,-0.02406764030456543,0.007629275321960449,0.008902490139007568,0.04105949401855469,-0.018769145011901855
2024-10-31,-0.0017188191413879395,0.006012380123138428,0.03435790538787842,-0.00568544864654541,0.0006616115570068359,0.006353259086608887,-0.008041977882385254,-0.014496207237243652,-0.008874058723449707,-0.025361478328704834,-0.06175518035888672,-0.012513399124145508,-0.027538180351257324,0.028505802154541016,-0.021808087825775146
2024-11-01,0.01998269557952881,-0.000811457633972168,0.024611830711364746,-0.0017666816711425781,0.010857701301574707,-0.002941131591796875,0.0048465728759765625,0.00543212890625,0.016074538230895996,0.020771503448486328,-0.006514906883239746,0.008157134056091309,-0.006326198577880859,0.004031538963317871,-0.028150558471679688
2024-11-04,-0.027641892433166504,0.014999032020568848,-0.04021698236465454,0.0077596306800842285,-0.0175437331199646,0.018870294094085693,0.021574974060058594,-0.011534035205841064,0.0005738735198974609,-0.016845524311065674,0.024253368377685547,-0.021768808364868164,-0.029832005500793457,-0.01351308822631836,0.025204122066497803
2024-11-05,0.012093901634216309,-0.014741063117980957,0.0092390775680542,-0.002251267433166504,-0.0006938576698303223,-0.001949310302734375,-0.0022133588790893555,0.0032242536544799805,0.008151412010192871,-0.010917365550994873,-0.009750723838806152,0.0025604963302612305,0.022086620330810547,-0.0178072452545166,-0.02282130718231201
2024-11-06,0.027312755584716797,-0.0016961097717285156,0.012951016426086426,0.0039604902267456055,0.01171886920928955,-0.043968915939331055,-0.08643889427185059,0.025465965270996094,0.004794478416442871,-0.07312583923339844,-0.05793881416320801,-0.016469299793243408,-0.00987398624420166,-0.025461792945861816,-0.006105184555053711
2024-11-07,-0.0010596513748168945,0.013508498668670654,-0.054490864276885986,-0.008308649063110352,-0.0007971525192260742,0.031059741973876953,-0.003252863883972168,-0.005432307720184326,-0.011039257049560547,-0.008642792701721191,-0.0007481575012207031,-0.01768934726715088,0.01697009801864624,-0.01674485206604004,-0.011161565780639648
2024-11-08,-0.010936856269836426,0.0027983784675598145,0.005060315132141113,0.01683342456817627,-0.021603047847747803,-0.022182345390319824,0.004930436611175537,-0.003241240978240967,-0.018031597137451172,0.016925156116485596,-0.03125,-0.020955801010131836,0.013033092021942139,0.0005376338958740234,0.0056397318840026855
2024-11-11,-0.017273128032684326,0.004041016101837158,0.004195690155029297,0.023647010326385498,-0.017967581748962402,0.020195722579956055,0.014938116073608398,-0.011381089687347412,-0.007328510284423828,-0.008788466453552246,0.06256347894668579,-0.006386876106262207,0.011699259281158447,0.006738424301147461,-0.06367242336273193
2024-11-12,0.014484763145446777,-0.003005504608154297,-0.018857479095458984,0.02103137969970703,0.02036130428314209,0.0003840327262878418,0.02466893196105957,-0.023359179496765137,-0.017994940280914307,-0.005855441093444824,-0.004176020622253418,0.002541661262512207,0.022269129753112793,0.031070053577423096,-0.07095342874526978
2024-11-13,-0.00788867473602295,0.01269763708114624,-0.000425875186920166,-0.061067283153533936,-0.04252821207046509,0.0138319730758667,0.019202888011932373,0.006673336029052734,-0.02426213026046753,0.04806184768676758,0.030342698097229004,0.003314077854156494,0.01774156093597412,0.008354902267456055,-0.008331000804901123
2024-11-14,0.0053555965423583984,0.008042752742767334,0.02726578712463379,-0.0012006759643554688,-0.03602159023284912,0.03623378276824951,-0.0038144588470458984,0.002942800521850586,0.010944247245788574,0.024684906005859375,0.0012707114219665527,0.001301884651184082,0.010129451751708984,-0.013765215873718262,0.013149380683898926
2024-11-18,0.014617085456848145,0.013806521892547607,0.0006083250045776367,-0.005676865577697754,-0.038828134536743164,-0.03557479381561279,-0.002392411231994629,0.00012362003326416016,-0.023167192935943604,-0.02194523811340332,0.007077574729919434,0.0035806894302368164,0.021575629711151123,0.007403731346130371,0.015030980110168457
2024-11-19,-0.006450295448303223,0.005157828330993652,0.0022104978561401367,-0.012291789054870605,0.020326197147369385,-0.01678597927093506,-0.004385113716125488,0.008430838584899902,0.03338062763214111,-0.049532294273376465,-0.08265268802642822,-0.016517996788024902,-0.07245469093322754,0.005424678325653076,0.0035518407821655273
2024-11-21,0.0605694055557251,0.0008575916290283203,0.012268781661987305,-0.04821491241455078,0.025745630264282227,0.022395670413970947,-0.008002638816833496,0.0020824670791625977,-0.02110600471496582,-0.01482856273651123,-0.010726451873779297,0.014342427253723145,0.027493774890899658,0.00666964054107666,-0.054831087589263916
2024-11-22,-0.00909423828125,-0.015527963638305664,0.001171112060546875,-0.013861119747161865,-0.007180213928222656,-0.029061317443847656,-0.023557186126708984,0.018152952194213867,0.02769625186920166,0.007446408271789551,-0.001463770866394043,-0.04097914695739746,0.003382861614227295,0.013190090656280518,0.016965746879577637
2024-11-25,0.007997751235961914,-0.015405893325805664,0.005604147911071777,-0.03434288501739502,-0.005586147308349609,-0.031548261642456055,-0.024503707885742188,0.025423169136047363,-0.046948909759521484,0.009979486465454102,0.002265632152557373,-0.00012087821960449219,0.000363767147064209,0.005534052848815918,0.013680338859558105
2024-11-26,-0.013687968254089355,-0.03363597393035889,-0.018233418464660645,-0.017441868782043457,-0.028507113456726074,-0.007645726203918457,0.014225959777832031,0.0017855167388916016,0.0041544437408447266,0.008650362491607666,0.00915616750717163,-0.005560398101806641,-0.007761359214782715,-0.018154144287109375,0.014948725700378418
2024-11-27,0.004933595657348633,-0.003184676170349121,0.019233345985412598,-0.007848501205444336,0.0029630661010742188,-0.0009791851043701172,-0.007509112358093262,0.010255932807922363,-0.0019632577896118164,-0.0062018632888793945,-0.0533747673034668,0.010773897171020508,-0.010950684547424316,0.006570696830749512,-0.0095253586769104
2024-11-28,-0.07488459348678589,0.0058746337890625,-0.008867442607879639,-0.001366257667541504,-0.0154341459274292,0.005624175071716309,0.0005954504013061523,-0.006449759006500244,0.012939810752868652,-0.014333844184875488,0.01698368787765503,0.02409118413925171,-0.0005952119827270508,0.009530365467071533,0.02243030071258545
2024-11-29,0.012132406234741211,-0.03567624092102051,0.010938048362731934,0.010710179805755615,-0.011440515518188477,-0.007500410079956055,-0.01276254653930664,0.00023293495178222656,0.0017783045768737793,-0.023740530014038086,-0.03234100341796875,-0.01140904426574707,0.007970452308654785,-0.006677746772766113,0.005301117897033691
2024-12-02,-0.0022919178009033203,-0.01601874828338623,-0.005801081657409668,-0.02413463592529297,0.0004788637161254883,-0.017451763153076172,-0.060509681701660156,0.012427210807800293,-0.015618562698364258,0.003243863582611084,-0.03478562831878662,-0.01780545711517334,-0.0009592771530151367,-0.03790140151977539,-0.0077880024909973145
2024-12-03,-0.0055114030838012695,0.005266964435577393,0.01726055145263672,-0.029558300971984863,-0.056846022605895996,0.018471896648406982,-0.00611722469329834,0.010262489318847656,0.007913470268249512,-0.00657808780670166,-0.01563847064971924,-0.007832169532775879,-0.04420745372772217,0.019144713878631592,0.019677281379699707
2024-12-04,-0.000656425952911377,-0.0125885009765625,0.022330164909362793,-0.010332942008972168,0.014315485954284668,0.0014664530754089355,-0.031118035316467285,-0.013971030712127686,0.002631545066833496,0.005640745162963867,-0.017042875289916992,-0.009511709213256836,0.009293198585510254,-8.881092071533203e-05,0.02095472812652588
2024-12-05,-0.0323176383972168,0.0028396248817443848,0.02606987953186035,0.010680317878723145,0.00586247444152832,0.008199691772460938,0.005333125591278076,0.008108973503112793,0.0069258809089660645,0.002905547618865967,-0.004787802696228027,-0.02276754379272461,0.0122755765914917,0.012083172798156738,-0.009136617183685303
2024-12-06,-0.0022252798080444336,-0.0050356388092041016,-0.059055447578430176,-0.031012892723083496,-0.025471210479736328,-0.0024678707122802734,-0.007081508636474609,-0.004551410675048828,0.018265604972839355,-0.013668179512023926,-0.04764974117279053,-0.008442163467407227,-0.02333211898803711,-0.025780916213989258,0.001373887062072754
2024-12-09,-0.0022388696670532227,-0.0008639097213745117,-0.011647224426269531,0.0028557181358337402,0.005903005599975586,-0.019448518753051758,0.004313766956329346,-0.019583046436309814,0.02126932144165039,-0.061533212661743164,-0.05347263813018799,0.0005475878715515137,0.0016040205955505371,-0.03124082088470459,-0.00897073745727539
2024-12-10,-0.012004971504211426,0.008976340293884277,0.011156976222991943,-0.017119526863098145,-0.01782071590423584,-0.003863811492919922,-0.00969398021697998,0.0025224685668945312,-0.04540729522705078,0.021342456340789795,0.008343100547790527,-0.0021768808364868164,-0.018476009368896484,-0.0012469291687011719,0.027368783950805664
2024-12-11,0.012098431587219238,-0.008535146713256836,-0.023117899894714355,-0.01883375644683838,0.0162087082862854,0.005051732063293457,-0.0008279085159301758,0.025307178497314453,0.0003306269645690918,-0.005336642265319824,0.0017061233520507812,0.0007624030113220215,0.023211240768432617,-0.017350196838378906,0.003887176513671875
2024-12-12,-0.009614765644073486,0.012227952480316162,-0.03683805465698242,-0.04728853702545166,0.01775890588760376,0.018133461475372314,-0.009629964828491211,0.0032529830932617188,0.025342047214508057,0.0037355422973632812,-0.009429454803466797,0.007874846458435059,0.015918850898742676,0.005313754081726074,0.005059480667114258
2024-12-13,0.008697271347045898,-0.001853346824645996,0.01766180992126465,0.015187978744506836,0.001319289207458496,-0.01305091381072998,-0.01452481746673584,-5.6862831115722656e-05,0.016372621059417725,0.01710301637649536,-0.07023584842681885,-0.018312454223632812,-0.02227175235748291,-0.011103987693786621,-0.017336606979370117
2024-12-16,0.03527522087097168,-0.002024531364440918,0.0325322151184082,0.018518507480621338,-0.005414128303527832,0.011545956134796143,-0.04886829853057861,0.006229281425476074,0.0047002434730529785,-0.02161693572998047,-0.09121167659759521,0.02013486623764038,0.003439962863922119,-0.000331878662109375,-0.0021432042121887207
2024-12-17,0.0023616552352905273,0.015884578227996826,-0.04418879747390747,0.011223673820495605,0.01714545488357544,0.022255003452301025,-0.005753517150878906,-0.02057892084121704,0.01269441843032837,0.009040296077728271,0.01564764976501465,0.009336233139038086,-0.0011506080627441406,0.021265387535095215,0.02179265022277832
2024-12-18,-0.001007378101348877,0.02300804853439331,-0.011036515235900879,0.012026071548461914,0.01153099536895752,0.0035210847854614258,0.0012645721435546875,-0.020405232906341553,-0.006011962890625,0.002842545509338379,0.04235655069351196,0.0012331604957580566,-0.01723945140838623,0.007148325443267822,-0.0025634169578552246
2024-12-19,0.01563429832458496,0.008514165878295898,0.0025998353958129883,0.01099240779876709,-0.011065959930419922,0.0018929839134216309,0.027185678482055664,-0.002298116683959961,-0.004274845123291016,0.015579402446746826,-0.008538365364074707,0.013242542743682861,0.02948814630508423,0.010671615600585938,0.0036237239837646484
2024-12-20,0.004841327667236328,0.019038259983062744,-0.032486915588378906,0.03315544128417969,0.03880423307418823,0.018207132816314697,0.024836957454681396,-0.021114468574523926,0.003387928009033203,0.03131526708602905,0.03354889154434204,0.00017875432968139648,0.032363176345825195,0.02977132797241211,-0.006453156471252441
2024-12-23,-0.12819087505340576,0.006071925163269043,0.014311075210571289,0.013054490089416504,-0.0001577138900756836,-0.0059239864349365234,-0.0029840469360351562,0.0020815134048461914,0.013161897659301758,-0.006604552268981934,-0.0347135066986084,-0.012126564979553223,-0.013474464416503906,-0.005366206169128418,-0.045671284198760986
2024-12-24,-0.04952371120452881,-0.02053821086883545,-0.011267364025115967,-0.008620619773864746,-0.006662249565124512,-0.011010169982910156,0.005858778953552246,0.008008003234863281,0.0023849010467529297,0.005456209182739258,-0.0166168212890625,0.01282036304473877,-0.0009496212005615234,0.01212000846862793,0.02255105972290039
2024-12-26,-0.08521497249603271,0.008116066455841064,0.028237223625183105,0.012787878513336182,0.01836341619491577,0.0031657814979553223,-0.008112192153930664,0.0013439655303955078,0.017087876796722412,-0.00895833969116211,0.004189789295196533,0.009050488471984863,0.004150867462158203,-0.021671652793884277,-0.01140981912612915
2024-12-27,0.053986549377441406,-0.022844314575195312,0.016550660133361816,0.00475841760635376,0.0021918416023254395,-0.006986737251281738,0.0036505460739135742,-0.015807688236236572,-0.007431387901306152,0.006607472896575928,-0.03184092044830322,0.004167914390563965,0.006311774253845215,0.0035061240196228027,0.0019769668579101562
2024-12-30,0.014429807662963867,-0.005502104759216309,0.02769005298614502,-0.05013614892959595,-0.06843006610870361,0.0046675801277160645,-0.007305622100830078,0.0006060600280761719,-0.025527477264404297,-0.03152501583099365,-0.015252947807312012,0.015668392181396484,-0.01809680461883545,-0.03852689266204834,-0.047328293323516846
2024-12-31,-0.007088780403137207,0.010079920291900635,0.004130721092224121,0.03236854076385498,0.01274573802947998,-0.003295302391052246,0.009241163730621338,0.014658689498901367,-0.010462522506713867,-0.029352426528930664,0.027568459510803223,0.0012894272804260254,0.005297243595123291,-0.010700106620788574,0.03005969524383545
2025-01-01,-0.038463473320007324,-0.01607382297515869,0.05640101432800293,-0.0802464485168457,-0.008033514022827148,-0.051793813705444336,-0.0032279491424560547,0.0029848814010620117,-0.011519074440002441,-0.012528538703918457,-0.04395270347595215,-0.00021529197692871094,-0.0569230318069458,-0.02067101001739502,-0.013748884201049805
2025-01-02,0.016593515872955322,-0.017609119415283203,0.014558792114257812,-0.07058680057525635,-0.0049359798431396484,-0.008659720420837402,-0.019322991371154785,0.012677788734436035,0.02354353666305542,-0.015531420707702637,0.009866178035736084,-0.041519999504089355,0.038293540477752686,-0.004844188690185547,0.01630985736846924
2025-01-03,-0.02661585807800293,-0.027574658393859863,0.019562125205993652,-0.011301040649414062,0.020889461040496826,-0.014245390892028809,-0.0030394792556762695,-0.0008228421211242676,0.0050231218338012695,0.01281893253326416,-0.0030090808868408203,-0.01850128173828125,0.005472123622894287,0.006046473979949951,0.016048192977905273
2025-01-06,0.010380685329437256,0.02522599697113037,-0.048405468463897705,0.062358856201171875,0.03148770332336426,0.011451959609985352,0.019589483737945557,-0.03167647123336792,0.027876555919647217,0.04274880886077881,0.019918382167816162,-0.00543212890625,0.01346290111541748,0.02668929100036621,-0.0402870774269104
2025-01-07,-0.05161261558532715,-0.0003160238265991211,-0.03191870450973511,-0.03766822814941406,-0.013288497924804688,-0.006739437580108643,-0.02298569679260254,-0.006135523319244385,0.0212247371673584,0.029010772705078125,0.01671016216278076,-0.009998917579650879,-0.012459993362426758,-0.002083301544189453,-0.02443641424179077
2025-01-08,0.03341645002365112,0.0025625228881835938,-0.02217423915863037,0.02029275894165039,0.026688992977142334,0.0028496980667114258,-0.08378565311431885,0.004675865173339844,0.021223604679107666,0.022892296314239502,0.029854536056518555,0.006005525588989258,0.02027660608291626,0.008568882942199707,-0.02527642250061035
2025-01-09,0.011179447174072266,0.00552523136138916,-0.043953120708465576,-0.0057097673416137695,0.006434381008148193,0.0018944740295410156,-0.003143906593322754,-0.008213162422180176,-0.02022254467010498,-0.06207537651062012,0.0297737717628479,-0.000861048698425293,0.010766863822937012,0.020714640617370605,-0.0054378509521484375
2025-01-10,-0.016510963439941406,-0.00920093059539795,-0.017709016799926758,0.044875264167785645,0.03567779064178467,-0.028228044509887695,-0.008514940738677979,-0.018371939659118652,0.010072588920593262,-0.054033637046813965,0.04375410079956055,0.013421118259429932,0.038819730281829834,0.03727066516876221,0.0003821849822998047
2025-01-13,-0.09610974788665771,-0.04337608814239502,-0.0627322793006897,0.04799544811248779,0.033302366733551025,-0.017373204231262207,-0.05230945348739624,-0.04261833429336548,-0.04756128787994385,-0.08560037612915039,0.06191527843475342,0.01671391725540161,-0.0075490474700927734,0.043041765689849854,-0.0625881552696228
2025-01-14,-0.02549976110458374,-0.015028774738311768,0.008956551551818848,-0.01162409782409668,-0.0060307979583740234,0.010466814041137695,0.027770519256591797,-0.004601716995239258,0.012104272842407227,0.040656208992004395,-0.029314041137695312,0.017810940742492676,0.02010488510131836,-0.028739213943481445,-0.05554509162902832
2025-01-15,0.01968681812286377,-0.0260503888130188,0.02556157112121582,-0.011950016021728516,-0.015363454818725586,0.021416544914245605,0.03961622714996338,0.0012786388397216797,0.013073205947875977,-0.06924891471862793,0.0019378066062927246,-0.00030100345611572266,-0.0015292167663574219,0.007632911205291748,-0.0003266334533691406
2025-01-16,-0.03098607063293457,-0.00045859813690185547,0.008629679679870605,-0.010446429252624512,-0.010543107986450195,-0.011237502098083496,0.0011377334594726562,0.02049839496612549,0.015772104263305664,-0.028643429279327393,-0.060010552406311035,0.001985907554626465,0.002163112163543701,0.02310556173324585,0.003146827220916748
2025-01-17,-0.00856095552444458,0.0021790266036987305,-0.005686640739440918,-0.019199848175048828,-0.0051947832107543945,0.004435181617736816,0.016857624053955078,0.010235786437988281,-0.007434248924255371,-0.06991839408874512,0.04368096590042114,-0.012210249900817871,0.020275473594665527,-0.005889415740966797,-0.002888798713684082
2025-01-20,0.04321861267089844,-0.006065070629119873,0.004159450531005859,0.00119704008102417,0.005211353302001953,-0.0001380443572998047,0.01944911479949951,0.01708805561065674,0.0009955167770385742,0.05862414836883545,0.0052814483642578125,-0.007401585578918457,-0.009501457214355469,0.03168541193008423,0.01743084192276001
2025-01-21,-0.0758204460144043,-0.010745644569396973,-0.03393995761871338,-0.03280138969421387,0.010106265544891357,-0.025255322456359863,-0.13753843307495117,-0.015333175659179688,-0.011460602283477783,-0.08014696836471558,0.0595133900642395,0.008544564247131348,0.023852527141571045,0.027160704135894775,0.030493497848510742
2025-01-22,-0.03559452295303345,-0.009853720664978027,0.007315874099731445,0.009466826915740967,0.01264965534210205,-0.01741468906402588,-0.028383493423461914,-0.014525413513183594,-0.011545419692993164,-0.005528867244720459,0.06166636943817139,-0.0009243488311767578,-0.003962516784667969,0.011499941349029541,0.018983781337738037
2025-01-23,0.07710301876068115,0.019394278526306152,0.021016836166381836,-0.003946185111999512,0.0004913210868835449,0.011959671974182129,0.05090892314910889,0.02680790424346924,0.014200568199157715,-0.015443205833435059,-0.021090984344482422,-0.012543082237243652,0.015129566192626953,-0.007128238677978516,-0.021734237670898438
2025-01-24,0.03046870231628418,-0.015028119087219238,-0.0396571159362793,0.018363773822784424,0.03222012519836426,-0.032607078552246094,0.007844328880310059,-0.04519534111022949,-0.006308019161224365,-0.04057300090789795,0.03399378061294556,-0.0010591745376586914,0.023376941680908203,0.027409613132476807,-0.00824129581451416
2025-01-27,-0.04904067516326904,-0.033675432205200195,-0.026616334915161133,0.028905749320983887,0.01756221055984497,-0.0045629143714904785,-0.009759485721588135,-0.011423230171203613,-0.030778050422668457,-0.04697543382644653,0.026811420917510986,0.024337470531463623,-0.00041043758392333984,0.02598518133163452,0.008112311363220215
2025-01-28,0.006287932395935059,-0.0004038214683532715,-0.01705878973007202,0.0009019970893859863,0.031733691692352295,0.01389920711517334,-0.05480855703353882,-0.008666515350341797,-0.018259406089782715,0.0019441843032836914,-0.11405742168426514,-0.001973271369934082,0.03254038095474243,-0.008599042892456055,0.0190315842628479
2025-01-29,-0.013208925724029541,0.02084517478942871,0.036467790603637695,-0.013735771179199219,-0.0691072940826416,0.005396008491516113,-0.0034825801849365234,0.023748040199279785,0.011472821235656738,0.024312376976013184,-0.12866365909576416,-0.013485074043273926,-0.009892582893371582,-0.030154824256896973,0.000824272632598877
2025-01-30,-0.039382874965667725,0.0029283761978149414,-0.01614224910736084,-0.0025445222854614258,0.0029664039611816406,-0.005512118339538574,0.00850975513458252,0.010339021682739258,-0.0054964423179626465,-0.017940759658813477,0.007507920265197754,0.0006971955299377441,-0.01973140239715576,-0.13893216848373413,-0.19997453689575195
2025-01-31,0.027790069580078125,0.023358702659606934,0.010873198509216309,-0.021129488945007324,-0.01524806022644043,0.001750349998474121,0.02224445343017578,0.014378190040588379,-0.0037682652473449707,-0.1417224407196045,-0.08612668514251709,-0.03617441654205322,-0.00027441978454589844,-0.006657242774963379,-0.09597080945968628
2025-02-01,0.01773357391357422,-0.06196022033691406,-0.13155066967010498,0.003852665424346924,-0.013217329978942871,-0.07746076583862305,-0.01812368631362915,-0.057463884353637695,0.00196683406829834,-0.0046710968017578125,-0.023003220558166504,-0.017692089080810547,-0.057483792304992676,0.05004560947418213,0.032066941261291504
2025-02-03,-0.013404667377471924,-0.0277022123336792,0.004035592079162598,-0.03617990016937256,-0.021500468254089355,0.00324326753616333,-0.015508592128753662,-0.0023850202560424805,-0.009966254234313965,0.005045056343078613,0.02004992961883545,-0.007967352867126465,-0.009730100631713867,0.058423757553100586,0.004377961158752441
2025-02-04,0.05979263782501221,0.033173203468322754,0.015256226062774658,-0.018481731414794922,0.019567131996154785,0.0200650691986084,0.0308915376663208,0.02035963535308838,-0.023997187614440918,-0.12109756469726562,-0.026069283485412598,-0.00485992431640625,0.00038546323776245117,-0.0004996061325073242,-0.026703357696533203
2025-02-05,-0.001438140869140625,-0.0002923011779785156,0.023771703243255615,-0.02636241912841797,-0.012804150581359863,-0.015357017517089844,0.011276483535766602,0.011344373226165771,0.020940780639648438,-0.007183432579040527,-0.037271738052368164,0.029685676097869873,-0.020437002182006836,-0.004355251789093018,-0.017826855182647705
2025-02-06,0.0065495967864990234,0.008767127990722656,-0.00614476203918457,0.008235454559326172,-0.005288243293762207,0.011718273162841797,-0.029413223266601562,0.00323408842086792,-0.006888091564178467,0.044818103313446045,-0.006887078285217285,0.022959649562835693,0.004660546779632568,-0.03069204092025757,-0.023020029067993164
2025-02-07,-0.00862807035446167,0.016399502754211426,-0.028921127319335938,-0.005458474159240723,0.017959237098693848,-0.008823990821838379,0.03389310836791992,-0.007112979888916016,-0.004315674304962158,0.005530953407287598,-0.027300238609313965,-0.004119396209716797,0.004682362079620361,0.023341059684753418,0.0043953657150268555
2025-02-10,0.005055069923400879,-0.004983186721801758,0.030315697193145752,-0.041697919368743896,0.028735637664794922,0.04633051156997681,-0.023718833923339844,0.01003652811050415,-0.010784327983856201,0.03216540813446045,0.05506020784378052,0.02842503786087036,0.008518755435943604,-0.010735571384429932,-0.04051250219345093
2025-02-11,-0.07155531644821167,-0.0016776323318481445,0.04449218511581421,-0.03145909309387207,0.013495683670043945,0.016623616218566895,-0.008712291717529297,0.030884265899658203,-0.020082414150238037,0.0034479498863220215,0.013785898685455322,0.01371920108795166,0.04103618860244751,-0.055356621742248535,-0.027176976203918457
2025-02-12,-0.07005953788757324,-0.007592678070068359,-0.05625259876251221,-0.0113869309425354,0.026022493839263916,0.009035289287567139,0.006797909736633301,0.0126570463180542,-0.018950283527374268,0.014704525470733643,-0.029821038246154785,0.008029162883758545,0.04025137424468994,0.005028486251831055,-0.03349447250366211
2025-02-13,0.0269625186920166,0.014701545238494873,0.0001252889633178711,-0.026246249675750732,0.022106945514678955,-0.0066176652908325195,-0.0037383437156677246,0.004185795783996582,0.008952736854553223,-0.027019143104553223,0.021597445011138916,0.007356882095336914,0.043750882148742676,-0.03894853591918945,0.022803425788879395
2025-02-14,-0.05312764644622803,0.010234594345092773,0.015640676021575928,-0.028634190559387207,0.0035363435745239258,0.03316289186477661,-0.04759085178375244,0.015960097312927246,-0.020005345344543457,0.07227659225463867,0.0628930926322937,0.005647540092468262,0.00874251127243042,-0.027792274951934814,-0.01980149745941162
2025-02-17,-0.00643765926361084,0.017991721630096436,0.0073844194412231445,-0.03200697898864746,0.019616127014160156,-0.0051375627517700195,0.013475418090820312,-0.022893428802490234,-0.022828340530395508,-0.038185954093933105,-0.03039872646331787,-0.006208658218383789,0.0036748647689819336,0.022861123085021973,-0.0027933716773986816
2025-02-18,-0.04595273733139038,0.008910000324249268,0.039274513721466064,-0.011136293411254883,0.013380348682403564,0.004058957099914551,-0.013577938079833984,0.014094233512878418,-0.0219576358795166,0.04486739635467529,0.051724135875701904,0.003510415554046631,0.015638768672943115,-0.01187986135482788,-0.01665663719177246
2025-02-19,0.0006618499755859375,0.022105515003204346,-0.01353764533996582,0.006673574447631836,-0.0033925771713256836,0.004075467586517334,0.00582575798034668,-0.003110647201538086,0.011426329612731934,0.0023745298385620117,-0.08686864376068115,0.003584921360015869,-0.0004496574401855469,0.04666423797607422,0.02085554599761963
2025-02-20,0.057829976081848145,-0.006208539009094238,-0.009352445602416992,0.032732605934143066,0.007279813289642334,-0.016823291778564453,0.009330391883850098,-0.008511185646057129,-0.0086289644241333,-0.02214634418487549,-0.025340795516967773,0.005871772766113281,0.009288430213928223,-0.003854811191558838,-0.016044676303863525
2025-02-21,0.02813088893890381,-0.026855945587158203,0.0009918212890625,0.03169512748718262,0.020014822483062744,0.007452666759490967,-0.01742994785308838,0.0053972601890563965,0.009391188621520996,0.017414212226867676,0.0010877251625061035,0.003619074821472168,-0.042340874671936035,-0.007934987545013428,-0.008102476596832275
2025-02-24,0.004274129867553711,-0.029427647590637207,0.01826256513595581,-0.00803685188293457,0.04297530651092529,0.007058143615722656,0.005113720893859863,-0.0016772747039794922,-0.021047234535217285,0.01267385482788086,0.020930349826812744,0.0021698474884033203,0.029740333557128906,0.00642240047454834,-0.0166437029838562
2025-02-25,-0.00042313337326049805,-0.007296323776245117,-0.00026607513427734375,-0.010846138000488281,0.031347572803497314,-0.0027222633361816406,0.007708311080932617,-0.016449451446533203,0.0133286714553833,0.0021916627883911133,-0.006981849670410156,-0.008131146430969238,0.02347487211227417,0.0004305839538574219,0.006853222846984863
2025-02-27,-0.012408077716827393,0.04739797115325928,-0.025089025497436523,-0.0053504109382629395,0.0014348030090332031,0.017797887325286865,-0.023128092288970947,-0.0624394416809082,0.0005147457122802734,0.01851266622543335,0.024604320526123047,-0.007596611976623535,0.02847951650619507,0.027353882789611816,-0.009952068328857422
2025-02-28,-0.05393683910369873,0.047689616680145264,0.004567921161651611,-0.04177182912826538,0.018985271453857422,0.013667106628417969,0.008069157600402832,-0.020292818546295166,-0.02566450834274292,0.014812469482421875,6.288290023803711e-05,-0.04525148868560791,0.024586260318756104,0.005675554275512695,-0.03328126668930054
2025-03-03,0.005036711692810059,-0.013676285743713379,-0.0598909854888916,-0.005267143249511719,0.0033546090126037598,-0.020862579345703125,0.008316755294799805,0.00527501106262207,0.007861137390136719,0.04716062545776367,-0.014657855033874512,0.0015436410903930664,-0.005170345306396484,0.034883737564086914,-0.006842255592346191
2025-03-04,0.01849043369293213,0.020883917808532715,-0.03353011608123779,-0.018950819969177246,-0.02826392650604248,0.002135157585144043,0.009863495826721191,-0.015532135963439941,0.007799744606018066,-0.04347825050354004,-0.04302811622619629,-0.01086956262588501,-0.007233619689941406,0.031768083572387695,0.017142176628112793
2025-03-05,0.008756160736083984,-0.0207517147064209,-0.01454317569732666,0.0012073516845703125,-0.015979647636413574,-0.053339481353759766,0.02164149284362793,0.025655627250671387,0.009818673133850098,-0.017080068588256836,-0.007311344146728516,0.01248157024383545,-0.029684066772460938,-0.015430450439453125,0.022026658058166504
2025-03-06,0.062430620193481445,-0.007719755172729492,-0.006076335906982422,-0.04404878616333008,-0.014248847961425781,0.004207789897918701,-0.016637444496154785,0.005231499671936035,0.013498067855834961,0.036474525928497314,-0.02779412269592285,0.01119375228881836,-0.014414072036743164,0.013294339179992676,0.027396559715270996
2025-03-07,0.026599645614624023,0.010869145393371582,0.020241081714630127,-0.0033969879150390625,0.004366815090179443,-0.003788471221923828,-0.02419990301132202,0.00675511360168457,-0.010665953159332275,0.04151862859725952,-0.007119536399841309,-0.013376712799072266,-0.011000752449035645,-0.0005689263343811035,0.012494921684265137
2025-03-10,0.01454460620880127,0.013705313205718994,0.008663535118103027,-0.0015572309494018555,0.009886205196380615,-0.001596689224243164,-0.056076884269714355,0.005853891372680664,0.0017112493515014648,0.05605745315551758,-0.02508413791656494,-0.01706528663635254,-0.001511216163635254,-0.005478620529174805,-0.03411257266998291
2025-03-11,-0.0026665925979614258,0.01545792818069458,0.029363036155700684,0.0199432373046875,0.03668999671936035,-0.002898573875427246,0.012774944305419922,0.0006467103958129883,0.008086085319519043,-0.034355878829956055,0.00734102725982666,0.0064754486083984375,-0.003168821334838867,0.00597381591796875,-0.025085747241973877
2025-03-12,0.01686882972717285,-0.0264739990234375,-0.012491345405578613,0.020624876022338867,0.0005653500556945801,-0.03367054462432861,-0.01653897762298584,0.0068024396896362305,-0.011975407600402832,-0.013641715049743652,0.04252338409423828,-0.009010612964630127,0.005264759063720703,0.027985215187072754,0.0014916658401489258
2025-03-13,-0.024055540561676025,-0.005980014801025391,0.01026064157485962,0.00556415319442749,0.0195920467376709,0.03746676445007324,0.018740057945251465,-0.014459013938903809,-0.01652282476425171,-0.008543014526367188,0.022820353507995605,-0.0029149651527404785,-0.01330709457397461,-0.029679298400878906,0.002021312713623047
2025-03-17,0.01951146125793457,0.024707794189453125,0.005849957466125488,0.04589563608169556,0.022483766078948975,-0.025127053260803223,-0.016950547695159912,0.002399444580078125,0.011742830276489258,0.006730079650878906,-0.0003592967987060547,0.0023919343948364258,-0.0,0.03985595703125,-0.010033369064331055
2025-03-18,0.02205801010131836,-0.02487766742706299,-0.07103490829467773,-0.04557943344116211,-0.04050254821777344,-0.010909676551818848,0.028397083282470703,0.03826558589935303,0.017237424850463867,-0.015070080757141113,-0.06351006031036377,0.021326661109924316,-0.04536640644073486,0.006136655807495117,0.019680380821228027
2025-03-19,0.03453266620635986,-0.026903510093688965,-0.02466559410095215,-0.01221156120300293,-0.003838658332824707,-0.01037144660949707,0.030099868774414062,0.02624988555908203,0.021012187004089355,-0.04396355152130127,-0.005403280258178711,-0.0017522573471069336,0.00042825937271118164,0.018944978713989258,0.015356302261352539
2025-03-20,0.05634009838104248,-0.000118255615234375,0.000633537769317627,0.012134313583374023,-0.02033519744873047,0.008184254169464111,0.002169370651245117,-0.036329805850982666,-0.013111293315887451,-0.03020620346069336,-0.02474391460418701,-0.037967681884765625,0.019423067569732666,-0.016920745372772217,0.019733786582946777
2025-03-21,-0.049382686614990234,0.02040499448776245,0.025332212448120117,-0.032093167304992676,-0.03402566909790039,-0.014965057373046875,0.010866045951843262,-0.013687610626220703,-0.007735908031463623,-0.008453726768493652,-0.033815860748291016,0.00952059030532837,-0.019953370094299316,-0.027484893798828125,-0.003199934959411621
2025-03-24,0.016138076782226562,0.005589544773101807,-0.027035832405090332,0.010938405990600586,-0.010507464408874512,0.0017913579940795898,0.039237260818481445,0.001620650291442871,0.005875349044799805,-0.03957974910736084,0.0012682676315307617,0.026433050632476807,-0.018991827964782715,0.013711094856262207,0.023847103118896484
2025-03-25,-0.01668870449066162,0.005297362804412842,0.005608558654785156,0.004173338413238525,0.003869473934173584,0.00938713550567627,-0.0673484206199646,-0.004011571407318115,0.00039315223693847656,0.04215574264526367,-0.06481480598449707,0.008249223232269287,0.00014007091522216797,-0.01866668462753296,-0.01682180166244507
2025-03-26,-0.004030585289001465,0.01365971565246582,-0.0,0.01257246732711792,-0.0023146867752075195,-0.0036232471466064453,-0.026723861694335938,0.010661721229553223,-0.00028073787689208984,-0.010869503021240234,-0.015388965606689453,-0.0012444257736206055,0.010511577129364014,0.004641175270080566,-0.018526971340179443
2025-03-27,0.039980173110961914,0.00910884141921997,0.0028883814811706543,0.0156327486038208,-0.013113260269165039,0.014856994152069092,0.018883228302001953,0.014969825744628906,-0.013140857219696045,0.011068940162658691,0.065390944480896,-0.009860992431640625,0.007223784923553467,-0.003674805164337158,0.016607284545898438
2025-03-28,0.011155128479003906,-0.014849662780761719,0.02543163299560547,-0.018899202346801758,0.015039563179016113,0.002255082130432129,-0.0245211124420166,0.008941888809204102,-0.022477686405181885,0.0038375258445739746,-0.011272311210632324,0.007870018482208252,-0.014552593231201172,0.024799704551696777,0.0044138431549072266
2025-04-01,-0.0459446907043457,-0.009508967399597168,0.023895263671875,0.01361173391342163,-0.0006916522979736328,0.023590922355651855,-0.019393742084503174,-0.01805216073989868,-0.012166738510131836,0.01968967914581299,-0.01636481285095215,0.024940073490142822,0.015609562397003174,-0.07311296463012695,-0.05823826789855957
2025-04-02,0.01693427562713623,-0.009175896644592285,-0.012659668922424316,-0.01008152961730957,-0.01626873016357422,0.018229246139526367,0.040761709213256836,0.006094694137573242,-0.021156251430511475,-0.11581707000732422,0.016637086868286133,-0.03732907772064209,-0.013571381568908691,-0.005362212657928467,-0.015655517578125
2025-04-03,-0.009455323219299316,0.014000654220581055,0.008760511875152588,-0.017625808715820312,0.004978597164154053,0.011052191257476807,0.0027693510055541992,0.005461931228637695,-0.0032510757446289062,0.00391310453414917,0.022147178649902344,-0.00939178466796875,-0.0014094114303588867,0.0053539276123046875,-0.01447439193725586
2025-04-04,-0.04830515384674072,0.012485742568969727,0.03685659170150757,0.03116297721862793,0.034104764461517334,0.018626153469085693,-0.02597874402999878,-0.03256070613861084,-0.029173672199249268,0.043115317821502686,-0.06964457035064697,0.016418635845184326,0.008585453033447266,-0.039866864681243896,0.015703856945037842
2025-04-07,-0.06728428602218628,0.02413022518157959,0.026734769344329834,0.041499197483062744,0.020484983921051025,-0.0030367374420166016,-0.044262468814849854,-0.00895017385482788,-0.023082256317138672,0.0017448663711547852,-0.06728619337081909,0.017554104328155518,0.012067019939422607,-0.002426624298095703,0.030261695384979248
2025-04-08,0.0498504638671875,-0.02620875835418701,-0.007771849632263184,-0.018876314163208008,-0.011243939399719238,-0.007114768028259277,0.03470432758331299,0.0048416852951049805,0.004203319549560547,-0.012338042259216309,0.06396067142486572,-0.033121585845947266,-0.0347750186920166,0.019846439361572266,-0.048871636390686035
2025-04-09,-0.04624462127685547,-0.013120412826538086,0.019292473793029785,-0.0024261474609375,0.008490324020385742,0.011573731899261475,0.022371888160705566,0.0044765472412109375,-0.011352121829986572,-0.003554701805114746,-0.01572251319885254,-0.01660633087158203,0.006387948989868164,-0.03248399496078491,0.010272026062011719
2025-04-11,0.06017625331878662,-0.011484384536743164,-0.014386534690856934,-0.022222280502319336,0.0035656094551086426,-0.01611924171447754,-0.076751708984375,-0.042967915534973145,-0.027904272079467773,-0.03380227088928223,0.07798910140991211,-0.01913893222808838,-0.011600255966186523,0.005595803260803223,-0.03464245796203613
2025-04-15,0.05359077453613281,0.009703218936920166,-0.028670191764831543,-0.04663515090942383,-0.05024564266204834,-0.0044896602630615234,-0.043987154960632324,-0.02534496784210205,-0.008487224578857422,-0.0066568851470947266,0.04162132740020752,-0.011901497840881348,-0.005526423454284668,0.003424406051635742,0.000858604907989502
2025-04-16,-0.019694745540618896,-0.0036591291427612305,-0.014676809310913086,0.0010282397270202637,-0.003001093864440918,0.001489877700805664,-0.021498918533325195,-0.026849985122680664,0.02097773551940918,-0.02178347110748291,0.005073189735412598,0.00039708614349365234,0.006732583045959473,-0.009462535381317139,0.004884243011474609
2025-04-17,-0.00867372751235962,0.007939755916595459,0.018458127975463867,0.008714795112609863,0.004488229751586914,0.008654117584228516,-0.004655122756958008,-0.015242576599121094,-0.026926279067993164,0.0013323426246643066,-0.01290518045425415,-0.01693093776702881,0.025038063526153564,0.0061075687408447266,-0.004226565361022949
2025-04-21,0.009721755981445312,0.01739490032196045,-0.007293820381164551,-0.0033919811248779297,-0.002475261688232422,-0.021824240684509277,-0.032173871994018555,-0.005309700965881348,-0.008616924285888672,-0.008577108383178711,-0.01455003023147583,-0.0025845766067504883,-0.0049659013748168945,0.025760769844055176,0.010137081146240234
2025-04-22,-0.017182648181915283,-0.019780635833740234,-0.006009578704833984,-0.021800637245178223,-0.023456811904907227,-0.04035937786102295,-0.05431210994720459,-0.010624051094055176,0.006407499313354492,0.007842838764190674,0.03616321086883545,-0.0003895759582519531,-0.016518473625183105,0.020182132720947266,-0.014127016067504883
2025-04-23,-0.004370748996734619,-0.0039119720458984375,-0.057239413261413574,0.011950552463531494,0.018955707550048828,0.026476025581359863,0.0040779709815979,0.03165733814239502,0.0025181174278259277,-0.02476191520690918,-0.012752354145050049,-0.005962729454040527,0.003055572509765625,-0.03391343355178833,0.018393337726593018
2025-04-24,-0.033000290393829346,0.005682766437530518,-0.03936845064163208,0.0030066967010498047,0.0024591684341430664,0.002617776393890381,0.001144111156463623,0.00459057092666626,-0.006342053413391113,0.03382903337478638,-0.030331552028656006,-0.007535815238952637,0.002507627010345459,-0.017705917358398438,-0.09033715724945068
2025-04-25,0.0009392499923706055,0.011430442333221436,-0.059688568115234375,0.014461934566497803,0.036538124084472656,0.02347618341445923,0.02224498987197876,0.0029913783073425293,0.021169841289520264,0.03568679094314575,-0.06034940481185913,0.005144000053405762,0.00446927547454834,-0.03652036190032959,0.025693953037261963
2025-04-28,-0.0020331740379333496,-0.00718533992767334,0.004139900207519531,-0.01251828670501709,0.010052084922790527,0.005972802639007568,-0.012084603309631348,-0.006125688552856445,-0.0008749961853027344,-0.03381550312042236,0.015668869018554688,-0.0011589527130126953,-0.004349112510681152,0.013827919960021973,-0.03743886947631836
2025-04-29,-0.010264873504638672,0.006396114826202393,-0.00028628110885620117,0.00048083066940307617,-0.007107853889465332,-0.011566758155822754,-0.01212310791015625,-0.008200883865356445,-0.01861107349395752,-0.0,-0.02079564332962036,-0.0028197765350341797,-0.005727052688598633,0.014602065086364746,-0.0763845443725586
2025-04-30,-0.025334477424621582,0.002723395824432373,-0.022681713104248047,0.04061293601989746,0.017965197563171387,-0.0017819404602050781,0.009750783443450928,0.013433575630187988,0.01348865032196045,0.0031841397285461426,-0.025507867336273193,-0.0003255605697631836,-0.0018055438995361328,-0.022536754608154297,0.024893581867218018
2025-05-02,0.005361080169677734,0.009020209312438965,-0.020629465579986572,0.007735788822174072,-0.0025200843811035156,-0.04298841953277588,0.0063822269439697266,0.021236717700958252,-0.01709139347076416,0.015680909156799316,-0.01942431926727295,0.011450707912445068,-0.0008318424224853516,-0.02289450168609619,0.018461883068084717
2025-05-05,-0.014704704284667969,-0.0072650909423828125,0.006522655487060547,-0.01992344856262207,-0.0013034343719482422,0.03810417652130127,-0.02220594882965088,-0.009763956069946289,-0.004644036293029785,-0.04395711421966553,-0.007428467273712158,0.005746781826019287,-0.04197251796722412,0.026908397674560547,-0.0014562606811523438
2025-05-06,-0.0395243763923645,-0.0006632804870605469,0.00493466854095459,-0.002264857292175293,0.01227337121963501,-0.020441651344299316,0.03913825750350952,0.0012007951736450195,0.027248919010162354,-0.05378669500350952,-0.032917559146881104,0.006773412227630615,0.014889657497406006,-0.008626997470855713,0.03344374895095825
2025-05-07,0.021514534950256348,-0.0047223567962646484,-0.007454335689544678,0.009391963481903076,-0.016944408416748047,0.015536904335021973,-0.0024290084838867188,0.000822603702545166,-0.03695368766784668,0.04151308536529541,0.06417512893676758,-0.01200246810913086,0.0012146234512329102,0.01171112060546875,-0.03426659107208252
2025-05-08,0.008357763290405273,0.00791621208190918,-0.04142576456069946,0.013259291648864746,-0.02212345600128174,-0.022198855876922607,0.029139459133148193,0.02653414011001587,-0.0,-0.020454883575439453,-0.01903754472732544,-0.00910484790802002,0.004999279975891113,-0.016800642013549805,0.0020201802253723145
2025-05-09,-0.039370059967041016,0.0060675740242004395,-0.008829712867736816,0.024273931980133057,-0.056330323219299316,-0.012578606605529785,0.027902185916900635,-0.0072209835052490234,-0.03201878070831299,0.013173341751098633,-0.037548184394836426,-0.04184842109680176,0.004209697246551514,0.010219931602478027,0.00979757308959961
2025-05-12,-0.07627260684967041,-0.015972495079040527,0.018946051597595215,-0.051976919174194336,-0.13417351245880127,0.042411088943481445,-0.05813038349151611,-0.0224761962890625,0.012854218482971191,0.0365983247756958,-0.10395145416259766,-0.014984488487243652,-0.027410387992858887,0.02436065673828125,-0.03949618339538574
2025-05-13,0.003607511520385742,0.009959638118743896,-0.026536107063293457,-0.006756782531738281,0.018519937992095947,-0.013263821601867676,-0.00908350944519043,-0.006822109222412109,-0.0065108537673950195,0.03038179874420166,0.039196789264678955,-8.416175842285156e-05,-0.0059729814529418945,-0.006320595741271973,0.004090607166290283
2025-05-14,-0.013999462127685547,-0.006318569183349609,-0.014040827751159668,-0.02481818199157715,0.00015401840209960938,0.001057267189025879,0.006042301654815674,-0.0026977062225341797,-0.01864159107208252,-0.005500435829162598,0.016412854194641113,-0.006847858428955078,0.005805552005767822,-0.007314920425415039,-0.0021326541900634766
2025-05-15,-0.00714111328125,-0.02114999294281006,0.00801849365234375,-0.006139516830444336,0.00223386287689209,-0.012070000171661377,-0.019353628158569336,0.003128528594970703,-0.07527995109558105,0.0008161067962646484,0.028391361236572266,-0.013713836669921875,0.005706667900085449,0.011133432388305664,0.002128124237060547
2025-05-16,-0.00898134708404541,-0.010113239288330078,-0.005218327045440674,0.0017628073692321777,-0.009418725967407227,-0.07284665107727051,-0.013813614845275879,0.009917080402374268,-0.01771712303161621,0.015401363372802734,0.006548464298248291,0.0008524060249328613,-0.0010677576065063477,-0.0007921457290649414,-0.02401268482208252
2025-05-19,0.023658931255340576,0.002963542938232422,0.035056352615356445,-0.0027167797088623047,0.00588911771774292,-0.0002846717834472656,0.005162060260772705,-0.004818081855773926,-0.035186767578125,-0.0018737316131591797,0.020645439624786377,0.004403233528137207,-0.018800020217895508,0.006817817687988281,0.00215989351272583
2025-05-20,-0.030710220336914062,-0.023216605186462402,-0.004820823669433594,0.0006096363067626953,0.026004016399383545,0.015796244144439697,0.0004826784133911133,0.01589900255203247,0.014625728130340576,-0.02359873056411743,-0.044193267822265625,0.010255098342895508,0.006805300712585449,-0.024094462394714355,-0.0014687776565551758
2025-05-21,-0.02591562271118164,-0.0351179838180542,-0.019190073013305664,-0.011928915977478027,-0.012717247009277344,-0.009398460388183594,-0.05758780241012573,-0.011155247688293457,-0.03837406635284424,0.010802865028381348,0.03605961799621582,2.7954578399658203e-05,-0.020160794258117676,0.02355968952178955,0.022848308086395264
2025-05-22,0.00748753547668457,-0.0019068717956542969,-0.012917101383209229,-0.011118531227111816,0.0012479424476623535,0.00873798131942749,-0.028311550617218018,0.006847560405731201,0.009463071823120117,0.003713369369506836,0.046050965785980225,0.01103198528289795,0.008137404918670654,0.002680182456970215,-0.0009479522705078125
2025-05-23,0.023775041103363037,-0.011657357215881348,-0.0009621977806091309,-0.008479118347167969,0.005778968334197998,-0.016040444374084473,-0.009953856468200684,-0.0045964717864990234,0.00035202503204345703,-0.0009023547172546387,-0.024203181266784668,-0.010929107666015625,0.00026047229766845703,-0.00919806957244873,0.00339353084564209
2025-05-26,-0.0030442476272583008,-0.007368564605712891,-0.003531515598297119,-0.007947921752929688,-0.021443724632263184,-0.015360593795776367,0.004394412040710449,0.003939986228942871,-0.05578196048736572,0.026643753051757812,0.003680288791656494,-0.008548259735107422,-0.00039076805114746094,-0.005157530307769775,-0.007285356521606445
2025-05-27,-0.007315158843994141,0.004980146884918213,-0.0003865957260131836,0.014271736145019531,0.006536424160003662,-0.00014007091522216797,0.00039780139923095703,-0.003445267677307129,0.026393532752990723,-0.009853065013885498,0.008230149745941162,0.005789041519165039,-0.0005208253860473633,0.006300806999206543,0.017531514167785645
2025-05-28,0.004017293453216553,0.0014858245849609375,0.002707362174987793,-0.02505624294281006,0.011765599250793457,0.01218491792678833,-0.018222808837890625,0.015259385108947754,-0.02060091495513916,0.013949275016784668,-0.01921069622039795,0.0040953755378723145,0.01392507553100586,-0.003090977668762207,0.02032482624053955
2025-05-29,0.012953758239746094,0.013627827167510986,-0.0028287172317504883,-0.028958439826965332,-0.005796194076538086,-0.018857240676879883,-0.0005399584770202637,-0.001226663589477539,-0.00671231746673584,-0.009113132953643799,0.012116968631744385,-0.0038045644760131836,0.005543112754821777,0.003418564796447754,-0.0007350444793701172
2025-05-30,-0.020274996757507324,-0.003493785858154297,-0.012120366096496582,0.024821341037750244,0.009111464023590088,0.017812371253967285,-0.007833600044250488,0.015283405780792236,0.009620428085327148,-0.008843302726745605,-0.0012979507446289062,0.009280145168304443,-0.006901144981384277,0.0005546808242797852,-0.008733272552490234
2025-06-02,0.016868233680725098,0.0021364688873291016,0.008810281753540039,-0.0041779279708862305,-0.010609865188598633,-0.004392266273498535,-0.005445122718811035,0.007989466190338135,-0.014859318733215332,-0.006691634654998779,-0.02436971664428711,0.008298158645629883,0.012126028537750244,-0.013303816318511963,-0.0033173561096191406
2025-06-03,0.00853961706161499,0.026088356971740723,-0.0016820430755615234,-0.0023043155670166016,-0.016642093658447266,0.014811694622039795,-0.010881483554840088,0.00825190544128418,0.021322965621948242,0.0,0.03239476680755615,0.0016167759895324707,0.0008004903793334961,-0.014365971088409424,0.006129026412963867
2025-06-04,0.013828516006469727,0.004559516906738281,0.0053784847259521484,-0.0053642988204956055,-0.010709047317504883,0.00486832857131958,0.03480243682861328,0.0015310049057006836,0.008133947849273682,8.976459503173828e-05,0.006669759750366211,0.005682170391082764,0.0034717917442321777,0.0010585784912109375,-0.015173554420471191
2025-06-05,-0.00985574722290039,0.010142326354980469,0.021592020988464355,0.003049015998840332,0.0029516220092773438,-0.008489251136779785,-0.017518043518066406,0.008000016212463379,0.011227250099182129,-0.004670441150665283,-0.024817347526550293,-0.0012000799179077148,0.004957795143127441,0.014722585678100586,-0.014946937561035156
2025-06-06,-0.01507580280303955,-0.007188916206359863,0.0026497840881347656,-0.005670666694641113,-0.003415822982788086,-0.0034241676330566406,0.010956883430480957,-0.02365589141845703,0.0003948807716369629,0.016242504119873047,0.0075154900550842285,-0.0159531831741333,-0.010368943214416504,0.01891779899597168,-0.014647960662841797
2025-06-09,-0.03775501251220703,8.20159912109375e-05,-0.012459039688110352,0.019450128078460693,-0.06694912910461426,-0.0076781511306762695,0.003971695899963379,-0.013524174690246582,-0.019359946250915527,-0.02033376693725586,0.004271566867828369,0.007303595542907715,-0.004798173904418945,0.012115478515625,-0.05145907402038574
2025-06-10,0.00557398796081543,-0.0010665655136108398,-0.03510892391204834,-0.0005168914794921875,-0.0001418590545654297,-0.001834273338317871,0.004559516906738281,-0.016711950302124023,-0.03178298473358154,-0.008248090744018555,0.007799804210662842,0.0027448534965515137,-0.0011937618255615234,0.024251818656921387,0.027017056941986084
2025-06-11,-0.005756735801696777,-8.189678192138672e-05,-0.005232334136962891,0.002970576286315918,0.0077980756759643555,0.006901443004608154,-0.012815356254577637,-0.006052494049072266,0.007325351238250732,-0.021750986576080322,-0.0020307302474975586,-0.004937291145324707,-0.0083465576171875,-0.004097998142242432,-0.02382218837738037
2025-06-12,0.017171263694763184,0.0049991607666015625,0.006674826145172119,0.015350759029388428,-0.0010716915130615234,0.02496093511581421,-0.01839083433151245,0.014121949672698975,0.005203425884246826,-0.031109929084777832,0.009348809719085693,-0.025101661682128906,0.005124092102050781,-0.01706928014755249,0.006965577602386475
2025-06-13,0.00873565673828125,-0.0,-0.014055848121643066,-0.02039206027984619,0.001070559024810791,-0.0004363059997558594,-0.014258146286010742,0.010084807872772217,0.009510219097137451,0.0007714033126831055,0.008051276206970215,-0.008920550346374512,0.008848428726196289,-0.0098457932472229,0.008506834506988525
2025-06-16,-0.00030922889709472656,-0.002223968505859375,-0.01842057704925537,0.02050018310546875,-0.0055016279220581055,-0.01381218433380127,0.00013971328735351562,-0.0077866315841674805,0.007297158241271973,0.004624605178833008,-0.013638496398925781,0.0047342777252197266,-0.002931356430053711,0.028499841690063477,0.0038383007049560547
2025-06-17,-0.009196281433105469,-0.0013148784637451172,0.003163754940032959,0.01039886474609375,-0.0024870634078979492,-0.002581357955932617,-0.0048906803131103516,0.015774905681610107,0.010445952415466309,-0.013043045997619629,-0.00446319580078125,-0.00942385196685791,0.006377041339874268,-0.014768600463867188,-0.005515336990356445
2025-06-18,-0.025040149688720703,0.006565988063812256,0.02293550968170166,0.0022612810134887695,0.01212078332901001,0.008296370506286621,0.008705973625183105,-0.00464475154876709,0.002150297164916992,0.010397553443908691,0.002809762954711914,0.01823413372039795,-0.0054819583892822266,-0.0020862221717834473,-0.026222825050354004
2025-06-19,-0.04041534662246704,0.005783200263977051,0.02445453405380249,0.004732668399810791,0.015139579772949219,0.020481765270233154,-0.02526623010635376,0.011330246925354004,0.00029391050338745117,-0.017022550106048584,0.02188587188720703,0.010842561721801758,-0.017021238803863525,-0.02361595630645752,0.026724278926849365
2025-06-20,0.01502525806427002,0.003240823745727539,-0.011497139930725098,0.006228625774383545,0.0377386212348938,-0.01487267017364502,0.0030705928802490234,-0.01001119613647461,-0.0017637014389038086,0.014284253120422363,0.009311914443969727,0.0038797855377197266,-0.01934516429901123,0.026090383529663086,-0.015647292137145996
2025-06-23,0.024927139282226562,0.002000868320465088,-0.0010558366775512695,0.00903087854385376,-0.019760727882385254,-0.008270502090454102,-0.03730332851409912,-0.01930224895477295,-0.031005382537841797,-0.005208730697631836,0.005545079708099365,-0.003779470920562744,0.0014598369598388672,0.00023174285888671875,-0.041626572608947754
2025-06-24,0.007408499717712402,-0.003842592239379883,-0.011974930763244629,0.0032644271850585938,-0.00757288932800293,-0.0017267465591430664,0.004460930824279785,-0.006525516510009766,-0.04857230186462402,0.009987354278564453,-0.03964376449584961,0.005790591239929199,0.00013297796249389648,0.009272098541259766,0.022541463375091553
2025-06-25,0.01567375659942627,-0.011067748069763184,-0.008890271186828613,-0.006004452705383301,0.0014737248420715332,-0.01953744888305664,0.023507535457611084,0.002542436122894287,-0.0003618001937866211,-0.03753840923309326,0.0022892355918884277,-0.03579127788543701,-0.015286445617675781,0.0036748647689819336,-0.005965471267700195
2025-06-26,-0.007313668727874756,-0.006666660308837891,-0.009358882904052734,-0.0031876564025878906,0.026418685913085938,-0.008172392845153809,-0.01058948040008545,-0.0029948949813842773,-0.011847734451293945,-0.02405846118927002,0.012259125709533691,-0.011636853218078613,-0.011783242225646973,0.004652976989746094,-0.017934560775756836
2025-06-27,0.009135842323303223,-0.0066225528717041016,0.022216856479644775,-0.05158543586730957,-0.03327524662017822,0.0016771554946899414,-0.011037349700927734,0.004574298858642578,0.02681446075439453,0.015541672706604004,-0.01002192497253418,0.007713735103607178,-0.0007764101028442383,-0.008958995342254639,0.0034099817276000977
2025-06-30,-0.011535346508026123,0.008122146129608154,-0.007142901420593262,0.022759437561035156,-0.008656144142150879,0.005599915981292725,-0.035238027572631836,0.01002049446105957,0.007163882255554199,-0.02037632465362549,0.008213937282562256,-0.0065462589263916016,-0.001551508903503418,0.006741642951965332,0.0009980201721191406
2025-07-01,-0.0463106632232666,-0.008843779563903809,-0.042369842529296875,0.012960493564605713,0.012581825256347656,0.010981261730194092,0.01782017946243286,0.0020630359649658203,0.005920469760894775,-0.02608621120452881,-0.04193997383117676,-0.002791166305541992,0.0014200806617736816,0.00943613052368164,0.015698611736297607
2025-07-02,-0.019977450370788574,0.0021103620529174805,-0.03003108501434326,0.015130341053009033,0.019960224628448486,0.01181495189666748,-0.030375123023986816,-0.0016796588897705078,-0.04280662536621094,-0.02673792839050293,0.03174281120300293,-0.002026796340942383,0.008920550346374512,0.004749417304992676,-0.005509614944458008
2025-07-03,-0.01667940616607666,-0.0013827085494995117,-0.04908609390258789,0.004331350326538086,-0.016834497451782227,-0.009075164794921875,0.005869567394256592,-0.014253497123718262,-0.017847537994384766,0.004696011543273926,0.021851301193237305,0.00790184736251831,-0.02882862091064453,0.025660276412963867,-0.010598421096801758
2025-07-04,-0.0006126165390014648,-0.006254673004150391,0.0005971193313598633,0.0013594627380371094,0.0022172927856445312,-0.013704419136047363,-0.0084913969039917,-0.0031794309616088867,-0.008504390716552734,-0.004804015159606934,-0.010167241096496582,-0.0022290945053100586,-0.00012671947479248047,-0.0019019842147827148,0.017122089862823486
2025-07-07,-0.011089205741882324,0.008475959300994873,0.007875323295593262,-0.002654552459716797,0.0017777681350708008,0.009857773780822754,-0.015195369720458984,-0.025354981422424316,-0.014865636825561523,0.00273209810256958,0.00616300106048584,0.005641520023345947,-0.006465554237365723,0.0009527206420898438,0.0035566091537475586
2025-07-08,-0.010698437690734863,-0.01351463794708252,0.00908738374710083,-0.005770087242126465,-0.006084918975830078,0.023040771484375,-0.002591848373413086,-0.003576993942260742,-0.0011135339736938477,0.017635464668273926,-0.024567008018493652,-0.06131857633590698,0.009447038173675537,0.004027247428894043,0.028991878032684326
2025-07-09,-0.02409958839416504,-0.016306519508361816,0.00027620792388916016,0.0009449124336242676,-7.37905502319336e-05,0.0018926262855529785,-0.015316963195800781,-0.005482673645019531,-0.013005971908569336,-0.008801698684692383,-0.06515872478485107,-0.0026733875274658203,0.003306269645690918,-0.003135859966278076,-0.011177778244018555
2025-07-10,-0.007995843887329102,0.0008693933486938477,0.007128655910491943,0.007296264171600342,-0.007006406784057617,-0.002917170524597168,-0.008847832679748535,0.003937840461730957,-0.00971364974975586,-0.015549421310424805,0.019524574279785156,-0.003583848476409912,-0.002041339874267578,0.001463174819946289,0.014541149139404297
2025-07-11,-0.03695344924926758,-0.01977694034576416,-0.0017254352569580078,0.0054444074630737305,0.022484242916107178,0.023705601692199707,0.003975033760070801,-0.0012419819831848145,0.013468265533447266,0.009612023830413818,0.007305800914764404,-0.017018496990203857,-0.0029283761978149414,0.00043833255767822266,-0.033275604248046875
2025-07-14,0.02122819423675537,-0.0028246045112609863,-0.015946149826049805,-0.00485837459564209,0.0070427656173706055,-0.008937835693359375,-0.007094860076904297,-0.0009163618087768555,-0.0037308931350708008,-0.006183981895446777,-0.02077639102935791,0.012821197509765625,0.002158224582672119,0.005330443382263184,-0.008670330047607422
2025-07-15,0.02819669246673584,0.019100069999694824,-0.029422998428344727,0.004153907299041748,0.018033623695373535,-0.03897833824157715,0.004717588424682617,0.007599592208862305,-0.0013518333435058594,-0.004268050193786621,-0.03222095966339111,0.0030252933502197266,-0.008778691291809082,0.014381170272827148,0.00043338537216186523
2025-07-16,-0.030548453330993652,-0.012388825416564941,0.011528491973876953,0.009231388568878174,-0.0643153190612793,0.004547417163848877,-0.017442941665649414,-0.008452534675598145,0.001434326171875,-0.003314971923828125,-0.023612260818481445,0.0006735324859619141,0.004288077354431152,0.0005012750625610352,0.006937503814697266
2025-07-17,-0.0008552074432373047,-0.01174008846282959,-0.01182413101196289,-0.004279017448425293,-0.01833808422088623,0.0018557906150817871,-0.000496983528137207,0.00498354434967041,-0.03827309608459473,-0.01745164394378662,0.0023550987243652344,0.004682064056396484,-0.023812532424926758,-0.004723489284515381,-0.022267580032348633
2025-07-18,0.0012509822845458984,-0.007729887962341309,0.01981300115585327,0.00989621877670288,0.018574953079223633,0.016447365283966064,0.009126484394073486,-0.009200036525726318,0.0021971464157104492,0.01723557710647583,0.020579874515533447,-0.008854508399963379,-0.0022268295288085938,-0.00985109806060791,-0.02840256690979004
2025-07-21,-0.017623484134674072,-0.008036136627197266,0.013927340507507324,-0.01304924488067627,0.0020949244499206543,0.007852315902709961,-0.02011275291442871,0.008626937866210938,-0.02193772792816162,-0.0017791986465454102,0.0025956034660339355,0.00884544849395752,0.00037032365798950195,0.006318092346191406,0.008444607257843018
2025-07-22,-0.013454735279083252,-8.26716423034668e-05,0.030446290969848633,0.00020557641983032227,0.005646467208862305,0.015242516994476318,0.010380208492279053,-0.03068685531616211,0.00917726755142212,-0.003129243850708008,0.022368133068084717,0.011476755142211914,0.014077484607696533,-0.020422816276550293,-0.0018149614334106445
2025-07-23,-0.007667243480682373,-0.0036376118659973145,0.008502423763275146,0.0017132759094238281,0.011793851852416992,-0.012055277824401855,-0.0275571346282959,0.003737509250640869,0.02182668447494507,-0.0316162109375,-0.0028520822525024414,-0.0002880096435546875,-0.015906810760498047,0.007514357566833496,-0.007177233695983887
2025-07-24,0.008547067642211914,0.004729509353637695,-0.008632540702819824,-0.022242069244384766,0.011639893054962158,0.017205893993377686,-0.012804985046386719,0.0130348801612854,0.029147803783416748,-0.0019614696502685547,-0.012766242027282715,0.003744840621948242,0.009000122547149658,-0.017256498336791992,0.023938000202178955
2025-07-25,-0.013762712478637695,-0.005037546157836914,0.00969231128692627,0.002014636993408203,0.014087677001953125,0.015561819076538086,0.004055321216583252,0.018425464630126953,0.007293701171875,-0.03099513053894043,0.0006864070892333984,-0.006199002265930176,-0.0003732442855834961,-0.02113097906112671,0.008364081382751465
2025-07-28,0.026397228240966797,-0.0054781436920166016,0.004864931106567383,0.009891629219055176,0.010811209678649902,-0.0068399906158447266,-0.002634763717651367,0.010370135307312012,-0.0015377998352050781,0.004797935485839844,0.014175117015838623,-0.0201570987701416,-0.03730881214141846,0.0037245750427246094,0.013795614242553711
2025-07-29,0.04621255397796631,-0.0018360614776611328,-0.0035659074783325195,0.005640923976898193,0.009095072746276855,0.01056760549545288,-0.0023889541625976562,-0.0016580820083618164,0.008189141750335693,0.012649774551391602,-0.022296905517578125,-0.004067182540893555,-0.005813181400299072,0.01105642318725586,-0.007393002510070801
2025-07-30,0.029447555541992188,0.003511667251586914,-0.005616307258605957,-0.0023921728134155273,-0.00478208065032959,0.010833144187927246,0.0011320114135742188,-0.011719465255737305,-0.00541841983795166,0.003722667694091797,0.0019208192825317383,-0.0007990002632141113,0.011434555053710938,0.000674128532409668,0.0042449235916137695
2025-07-31,-0.009576499462127686,-0.007415354251861572,0.009460270404815674,0.0024546384811401367,-0.004836082458496094,0.0035477280616760254,-0.004533290863037109,0.01793193817138672,-0.006843447685241699,-0.019698381423950195,-0.007760167121887207,-0.00864797830581665,-0.018371105194091797,-0.006212592124938965,0.03569364547729492
2025-08-01,-0.011615514755249023,-0.004281103610992432,0.02364647388458252,-0.011346578598022461,0.01695948839187622,0.0055727362632751465,-0.0004156827926635742,0.011995196342468262,-0.005522489547729492,-0.019926071166992188,0.04065793752670288,-0.009350836277008057,-0.01413428783416748,-0.007757723331451416,0.0142364501953125
2025-08-04,0.011307358741760254,0.0,-0.024985313415527344,-0.01865363121032715,-0.022303342819213867,-0.01836860179901123,-0.009140491485595703,-0.01753675937652588,-0.005323290824890137,0.02333366870880127,-0.013677477836608887,0.012153267860412598,-0.016460835933685303,0.01852130889892578,-0.016266345977783203
2025-08-05,-0.008605539798736572,0.0005059242248535156,-0.006496429443359375,0.005241453647613525,0.026149749755859375,0.011770129203796387,0.00899893045425415,0.0038445591926574707,0.002353370189666748,0.005951881408691406,-0.002027153968811035,0.018442869186401367,0.00013494491577148438,-0.018482685089111328,0.01480931043624878
2025-08-06,-0.0333903431892395,0.005392551422119141,-0.011252641677856445,0.000600278377532959,0.022558748722076416,0.013147711753845215,0.01994180679321289,0.009382545948028564,-0.0026116371154785156,-0.016333341598510742,-0.049247682094573975,-0.0001462697982788086,-0.012415647506713867,-0.0021260976791381836,-0.007288217544555664
2025-08-07,0.013306260108947754,-0.009218931198120117,-0.03225255012512207,0.01461559534072876,0.002795100212097168,-0.0010972023010253906,-0.009083747863769531,-0.004030346870422363,-0.0622636079788208,0.0012707710266113281,-0.020081162452697754,-0.0005851984024047852,-0.018310964107513428,-0.003804624080657959,0.024193644523620605
2025-08-08,-0.0485154390335083,-8.45789909362793e-05,0.014883697032928467,-0.00020325183868408203,0.0060863494873046875,-0.0010960102081298828,-0.047950565814971924,0.002074003219604492,-0.0350419282913208,-0.1063542366027832,-0.20092284679412842,0.01302802562713623,-0.018931031227111816,-0.0032843947410583496,0.023248612880706787
2025-08-11,-0.060099244117736816,0.0010998249053955078,0.021329820156097412,0.0031148791313171387,-0.029409408569335938,0.005786716938018799,0.014119982719421387,0.01166534423828125,-0.0004584789276123047,0.017799735069274902,-0.140625,0.0022252798080444336,-0.02965378761291504,-0.04575067758560181,0.002055943012237549
2025-08-12,-0.010054230690002441,-0.04022306203842163,0.009251415729522705,0.016913414001464844,0.00500941276550293,0.0015730857849121094,-0.016161084175109863,0.0063762664794921875,0.0397983193397522,-0.027534842491149902,0.018181800842285156,0.005450010299682617,0.009370267391204834,-0.00016057491302490234,0.014976263046264648
2025-08-13,0.014978766441345215,-0.03424900770187378,-0.0058432817459106445,-0.003869295120239258,-0.008574604988098145,-0.0036237239837646484,0.007834196090698242,-0.0007508993148803711,-0.014160752296447754,-0.013487637042999268,-0.056482911109924316,-0.005735933780670166,0.004033982753753662,0.02497994899749756,0.001447916030883789
2025-08-14,-0.007270872592926025,-0.04303044080734253,-0.016744494438171387,-0.002753138542175293,0.001949906349182129,-0.004081606864929199,0.014982461929321289,-0.00907289981842041,0.005491077899932861,0.03461647033691406,0.007302999496459961,0.006518959999084473,-0.005446910858154297,-0.0010186433792114258,0.00048345327377319336
2025-08-18,-0.07882523536682129,-0.06725740432739258,-0.07310104370117188,-0.04399752616882324,-0.015786170959472656,-0.017667412757873535,0.034895896911621094,-0.04962146282196045,-0.011752605438232422,-0.024929702281951904,0.07954657077789307,0.01874256134033203,-0.03681063652038574,-0.05836200714111328,-0.047715067863464355
2025-08-19,0.009410500526428223,-0.019191265106201172,-0.006838321685791016,0.0032873153686523438,7.69495964050293e-05,-0.012444257736206055,0.008892297744750977,-0.011206984519958496,-0.0074062347412109375,-0.024702072143554688,0.022133946418762207,0.0037413835525512695,-0.0005358457565307617,-0.022013068199157715,0.011308610439300537
2025-08-20,0.0008821487426757812,0.009458780288696289,0.000725865364074707,0.024802088737487793,-0.0002307891845703125,0.0034900903701782227,-0.0017154812812805176,0.001337587833404541,0.011762857437133789,0.006405830383300781,-0.00684809684753418,0.007539033889770508,0.00790029764175415,0.00659942626953125,-0.010037422180175781
2025-08-21,0.0040070414543151855,0.010963797569274902,0.01354151964187622,-0.0018938779830932617,0.0034615397453308105,0.022841453552246094,-0.008947610855102539,0.009120523929595947,0.000391542911529541,0.0007833242416381836,0.04202389717102051,0.00592494010925293,-0.004724025726318359,0.0051833391189575195,-0.013866424560546875
2025-08-22,0.009819269180297852,0.012336790561676025,-0.009835362434387207,0.004050791263580322,-0.00787341594696045,0.012934386730194092,0.01004481315612793,-0.0015448331832885742,0.0018018484115600586,0.00029349327087402344,0.008137345314025879,0.0012996196746826172,-0.0012090206146240234,0.006971478462219238,0.011473298072814941
2025-08-25,-0.012671351432800293,0.008146286010742188,0.008125007152557373,0.0003389120101928711,0.009420216083526611,-0.0195767879486084,0.007399559020996094,-0.003856062889099121,0.008318901062011719,0.0,0.03601205348968506,0.00839543342590332,0.012880682945251465,-0.0031038522720336914,-0.006149172782897949
2025-08-26,0.016797006130218506,0.02810734510421753,0.020688951015472412,-0.0030515193939208984,0.02389049530029297,-0.006348729133605957,-0.020566463470458984,0.028232991695404053,0.01820194721221924,-0.024943768978118896,-0.04580479860305786,-0.015719950199127197,0.018757641315460205,0.007440686225891113,0.018334627151489258
2025-08-28,-0.003458261489868164,-0.013521194458007812,-0.008096456527709961,0.011695444583892822,0.010376214981079102,0.0027697086334228516,0.000599980354309082,-0.0009882450103759766,0.015476346015930176,0.023575425148010254,-0.028712451457977295,0.012159109115600586,0.00928109884262085,-0.008906722068786621,-0.012918233871459961
2025-08-29,-0.0018610954284667969,-0.017324447631835938,-0.0008510351181030273,-0.021136879920959473,-0.010244965553283691,-0.018361449241638184,0.0007195472717285156,-0.004080533981323242,0.009661078453063965,-0.011761248111724854,-0.015057802200317383,-0.002446591854095459,-0.016079425811767578,-0.010814309120178223,0.0007683038711547852
2025-09-01,-0.05001723766326904,-0.015845537185668945,-0.035393595695495605,-0.02512061595916748,0.0038028955459594727,-0.015606045722961426,-0.05344521999359131,-0.03185629844665527,-0.013392925262451172,0.011702895164489746,0.04098677635192871,-0.002810835838317871,0.01197195053100586,-0.027583718299865723,-0.012378931045532227
2025-09-02,-0.0018346309661865234,-0.037561655044555664,0.00410616397857666,-0.011893033981323242,-0.007316708564758301,0.004326343536376953,0.0016494393348693848,-0.005463123321533203,0.013052701950073242,-0.0026467442512512207,0.00964045524597168,0.0005526542663574219,0.007938742637634277,-0.020327210426330566,-0.012911081314086914
2025-09-03,0.0004578232765197754,-0.004320025444030762,-0.010462284088134766,-0.007297396659851074,0.003947556018829346,0.003296375274658203,-0.011735916137695312,0.010550975799560547,-0.01934194564819336,0.010615229606628418,-0.01267176866531372,0.019333839416503906,-0.006177186965942383,0.007149755954742432,-0.008397698402404785
2025-09-04,-0.007393836975097656,-0.07149004936218262,0.008466780185699463,-0.010642409324645996,-0.00903618335723877,0.014281392097473145,-0.0052367448806762695,-0.011876583099365234,-0.007460355758666992,-0.023730754852294922,0.0032538175582885742,0.0001354217529296875,-0.01995253562927246,0.01936662197113037,-0.003345966339111328
2025-09-05,-0.012405872344970703,0.0027298331260681152,0.00025719404220581055,-0.019791841506958008,0.0037706494331359863,0.0007625222206115723,-0.00016808509826660156,0.001388251781463623,0.015534460544586182,9.965896606445312e-05,-0.0015314817428588867,-0.006989777088165283,-0.014227151870727539,-0.02153146266937256,-0.005632162094116211
2025-09-08,0.04112398624420166,0.011593282222747803,0.030511975288391113,0.010014891624450684,-0.006860136985778809,0.0018315315246582031,-0.008457064628601074,0.0020853281021118164,-0.008584737777709961,0.007968902587890625,-0.004330992698669434,-0.0019916892051696777,-0.0025626420974731445,0.009491980075836182,-0.0044214725494384766
2025-09-09,-0.04603242874145508,-0.006516218185424805,-0.001486063003540039,0.00948786735534668,0.006265163421630859,0.015443384647369385,0.00022214651107788086,-0.005002498626708984,-0.005188107490539551,-0.011265933513641357,0.02628004550933838,-0.00762706995010376,0.008072137832641602,0.0048618316650390625,-0.006016135215759277
2025-09-10,-0.006652116775512695,-0.003237009048461914,-0.0014308691024780273,-0.0024739503860473633,-0.004649639129638672,0.012890279293060303,0.005832672119140625,0.0073719024658203125,-0.0029032230377197266,0.013593196868896484,0.01068425178527832,-0.0026170015335083008,0.009900987148284912,0.012320339679718018,0.0010209083557128906
2025-09-11,-0.003621816635131836,-0.0025006532669067383,0.001534581184387207,-0.023856163024902344,0.005098819732666016,0.008181154727935791,-0.00804603099822998,0.0006347298622131348,0.007478237152099609,-0.0024652481079101562,-0.003931522369384766,-0.010053634643554688,-0.0016438961029052734,-0.0002868175506591797,-0.029055356979370117
2025-09-12,-0.0048749446868896484,-0.01319587230682373,0.0010070204734802246,-0.00784921646118164,0.0030750036239624023,0.0023794174194335938,-0.003436565399169922,0.001143336296081543,0.006967604160308838,-0.006030023097991943,-0.0002630949020385742,-0.0034317374229431152,-0.011351227760314941,-0.005948543548583984,0.01616537570953369
2025-09-15,-0.018145203590393066,-0.0034148693084716797,-0.002228260040283203,0.006316244602203369,0.00047451257705688477,0.008268415927886963,0.006518244743347168,-0.014371037483215332,0.004487216472625732,0.003978133201599121,0.0057904720306396484,-0.010582566261291504,-0.011629462242126465,-0.008692026138305664,-0.005845367908477783
2025-09-16,-0.026980161666870117,-0.008310198783874512,-0.01852738857269287,-0.0020983219146728516,-0.003244161605834961,-0.006734013557434082,-0.006950259208679199,-0.012286901473999023,-0.012375116348266602,0.007528424263000488,-0.005757153034210205,0.0064231157302856445,0.0032081007957458496,0.0008476376533508301,0.013471245765686035
2025-09-17,0.0012653470039367676,0.011695444583892822,-0.008367538452148438,0.0016627907752990723,-0.005442023277282715,-0.0035036802291870117,-0.0,0.013190507888793945,0.0020238161087036133,0.028020858764648438,-0.001491546630859375,-0.009502947330474854,-0.002011537551879883,0.0019086599349975586,-0.014760971069335938
2025-09-18,0.003197610378265381,0.010563015937805176,-0.010720610618591309,0.006291985511779785,0.004157543182373047,-0.005713462829589844,-0.012203216552734375,-0.0005021095275878906,0.010950684547424316,-0.014919638633728027,-0.0028995275497436523,-0.0033209919929504395,0.009769797325134277,-0.010128140449523926,-0.004621326923370361
2025-09-19,-0.0030868053436279297,0.006501913070678711,-0.0014278888702392578,-0.011980891227722168,0.013154804706573486,0.009152591228485107,0.008401095867156982,0.002195298671722412,0.011728107929229736,-0.006990313529968262,0.006609082221984863,-0.012559473514556885,-0.011893510818481445,0.004417300224304199,0.0017971992492675781
2025-09-22,-0.0028963088989257812,0.008483469486236572,-0.016804099082946777,0.007913053035736084,-0.006066441535949707,0.01656317710876465,0.0052263736724853516,0.005971848964691162,0.004149377346038818,-0.012025773525238037,-0.01777118444442749,-0.0027976036071777344,0.012154459953308105,-0.03077685832977295,-0.006428539752960205
2025-09-23,0.001203298568725586,0.0005703568458557129,0.01642632484436035,-0.0019167661666870117,0.019358932971954346,0.011012136936187744,-0.002654552459716797,0.0056915283203125,0.014166653156280518,-0.020385921001434326,-0.004991054534912109,-0.005292832851409912,0.00932931900024414,-0.002543210983276367,-0.006244301795959473
2025-09-24,-0.013191938400268555,0.01043623685836792,0.010081470012664795,-0.0008640289306640625,0.009304225444793701,0.017357170581817627,-0.0017098188400268555,0.017681121826171875,-0.02544379234313965,-0.03202342987060547,-0.024901509284973145,-0.006076991558074951,0.002320230007171631,-0.0002913475036621094,-0.01885080337524414
2025-09-25,-0.0033888816833496094,0.023481905460357666,0.008692443370819092,0.0019115209579467773,-0.0008983612060546875,0.002666175365447998,-0.0022575855255126953,0.003172576427459717,0.01590961217880249,-0.03454399108886719,-0.008359313011169434,-0.01164323091506958,-0.01176464557647705,7.283687591552734e-05,-0.036265432834625244
2025-09-26,0.03270721435546875,0.014427900314331055,0.019301652908325195,0.012973368167877197,-0.008404016494750977,0.02222222089767456,-0.03796285390853882,0.02091449499130249,0.009214282035827637,-0.014593005180358887,-0.04650294780731201,-0.015154659748077393,-0.002163410186767578,-0.02346259355545044,-0.013130545616149902
2025-09-29,-0.00851452350616455,0.010016202926635742,-0.0029098987579345703,0.015146732330322266,0.0033983588218688965,-0.003588438034057617,-0.047570109367370605,0.0014595389366149902,0.016739964485168457,-0.016454577445983887,-0.01933354139328003,-0.022210121154785156,0.009714007377624512,0.025593280792236328,-0.025717973709106445
2025-09-30,0.01737123727798462,-0.007436871528625488,0.007702052593231201,-0.033492207527160645,-0.0006494522094726562,0.008002758026123047,-0.02134549617767334,0.0021259188652038574,-0.0032674074172973633,0.013383865356445312,-0.004755377769470215,0.010055243968963623,-0.023160815238952637,-0.015278279781341553,-0.00807732343673706
2025-10-01,-0.018852710723876953,-0.019828319549560547,0.0017011761665344238,0.014143407344818115,0.009168386459350586,-0.006179213523864746,0.00802600383758545,0.011185109615325928,-0.021426081657409668,0.024213075637817383,0.017021775245666504,-0.012266159057617188,0.014380812644958496,0.0,-0.01578235626220703
2025-10-03,0.0032761096954345703,-0.019611239433288574,-0.011396288871765137,-0.007921695709228516,-0.006960391998291016,-0.0071648359298706055,0.008387565612792969,-0.0019526481628417969,-0.012082457542419434,-0.05770468711853027,0.006459832191467285,-0.013203024864196777,0.007565557956695557,0.005097866058349609,0.00597071647644043
2025-10-06,0.0048694610595703125,-0.0073468685150146484,0.0033698081970214844,-0.010272860527038574,0.004147350788116455,0.02083343267440796,0.027123093605041504,-0.006451129913330078,0.0009948015213012695,0.013816893100738525,0.0059320926666259766,0.008079290390014648,0.004900574684143066,0.004630923271179199,0.003306746482849121
2025-10-07,-0.029726624488830566,0.0018029212951660156,-0.01024925708770752,-0.0010412931442260742,0.005552828311920166,0.005362331867218018,0.011208295822143555,-0.003071427345275879,0.0019087791442871094,-0.004841923713684082,0.007830619812011719,0.0021019577980041504,0.004514336585998535,0.0040242671966552734,0.008535385131835938
2025-10-08,0.0212058424949646,0.014038264751434326,0.01035451889038086,-0.0036715269088745117,-0.014452338218688965,0.005391240119934082,-0.021645784378051758,-0.0007987022399902344,-0.0034922361373901367,0.011790037155151367,-0.012565910816192627,-0.043122172355651855,0.020750343799591064,-0.003570854663848877,-0.024300336837768555
2025-10-09,-0.000849604606628418,0.02389669418334961,5.2809715270996094e-05,-0.04060477018356323,-0.02493119239807129,0.004896044731140137,0.014176368713378906,0.011772513389587402,-0.0024029016494750977,-0.0020749568939208984,-0.07470369338989258,0.004206836223602295,0.0164186954498291,0.010751128196716309,-0.01743394136428833
2025-10-10,-0.0046689510345458984,0.0028150081634521484,-0.030016303062438965,-0.0212252140045166,-0.009297668933868408,-0.01124584674835205,0.020294785499572754,-0.006797671318054199,-0.02661597728729248,-0.003934144973754883,-0.05929672718048096,0.005266785621643066,0.005992293357849121,0.025542736053466797,0.022200822830200195
2025-10-13,-0.00513005256652832,0.017108619213104248,0.019188344478607178,-0.03077518939971924,0.007541537284851074,0.011294543743133545,-0.014330744743347168,0.015241682529449463,-0.015780925750732422,0.020728111267089844,0.0037546157836914062,-0.0004813671112060547,-0.013635754585266113,-0.02737605571746826,-0.004531919956207275
2025-10-14,0.014711201190948486,0.021584033966064453,0.016268253326416016,-0.02579045295715332,0.013140439987182617,0.015465736389160156,-0.03262573480606079,0.016292154788970947,0.02155989408493042,0.01126784086227417,0.025182008743286133,-0.0010753870010375977,0.005239307880401611,0.009575605392456055,-0.008761346340179443
2025-10-15,0.006825506687164307,0.00044476985931396484,-0.017388105392456055,0.020078301429748535,-0.006238698959350586,-0.029632210731506348,0.00859689712524414,-0.01042020320892334,-0.0024303197860717773,-0.01608264446258545,-0.0039539337158203125,-0.0032793283462524414,-0.008683204650878906,0.014658331871032715,-0.025130033493041992
2025-10-16,-0.011106371879577637,-0.021358013153076172,-0.02315366268157959,0.022312045097351074,-0.002312898635864258,-0.0006935596466064453,0.003993511199951172,-0.007922530174255371,-0.011233210563659668,-0.021278858184814453,0.00428849458694458,-0.025725603103637695,-0.016088128089904785,0.0024785995483398438,-0.04632294178009033
2025-10-17,-0.0012744665145874023,-0.002265453338623047,-0.007049441337585449,-0.009099245071411133,-0.006126821041107178,0.0038115382194519043,-0.008549034595489502,-0.010638236999511719,0.0061536431312561035,-0.0055425167083740234,-0.034103989601135254,-0.00947725772857666,-0.009861111640930176,0.007770538330078125,-0.11843585968017578
2025-10-20,0.000545501708984375,-0.012605428695678711,5.072355270385742e-05,0.005190253257751465,0.006747722625732422,0.0015652775764465332,-0.03742516040802002,0.004089832305908203,0.01801222562789917,-0.010309219360351562,0.0072247982025146484,-0.016980528831481934,-0.0038509368896484375,0.012757658958435059,0.019141852855682373
2025-10-21,-6.0677528381347656e-05,-0.0006009340286254883,0.004210472106933594,-0.010658025741577148,0.004385590553283691,-0.005399823188781738,0.0029238462448120117,0.0008752346038818359,0.0031116604804992676,0.005657672882080078,0.0013698339462280273,0.0021941661834716797,0.0021921396255493164,0.007613539695739746,-0.02916264533996582
2025-10-23,-0.006609678268432617,-0.0018017292022705078,-0.004686713218688965,-0.009568452835083008,-0.007744252681732178,-0.008142828941345215,-0.03169584274291992,-0.008287906646728516,-0.007967710494995117,-0.004165768623352051,0.012774348258972168,-0.011611700057983398,-0.016202092170715332,-0.016897976398468018,-0.0013595819473266602
2025-10-24,-0.0025904178619384766,0.002141118049621582,-0.017138242721557617,0.002229452133178711,0.008302927017211914,-0.00824880599975586,-0.0077509284019470215,0.0010024309158325195,0.01499474048614502,-0.0023272037506103516,-0.00034737586975097656,0.015216231346130371,-0.005810141563415527,0.007126927375793457,0.020580291748046875
2025-10-27,-0.018566370010375977,-0.0009441375732421875,0.013160526752471924,0.0031681060791015625,-0.012351751327514648,0.004431605339050293,0.0009683370590209961,0.0015385746955871582,-0.004798531532287598,-0.021300315856933594,0.00694507360458374,-0.006702780723571777,-0.008866190910339355,-0.0033301115036010742,-0.0150299072265625
2025-10-28,-0.005957961082458496,-0.055908024311065674,0.014144301414489746,0.00712275505065918,-0.005002498626708984,0.005992114543914795,-0.008577883243560791,0.008039653301239014,-0.0018938779830932617,0.0018780231475830078,0.011626958847045898,0.006096601486206055,-0.007722973823547363,-0.005707859992980957,0.007188022136688232
2025-10-29,0.025098204612731934,-0.021798372268676758,-0.006917357444763184,0.005137443542480469,-0.02673029899597168,-0.0025835037231445312,0.009107470512390137,-0.019451618194580078,8.225440979003906e-05,-0.016438961029052734,-0.016451478004455566,-0.008420825004577637,-0.010967254638671875,-0.006720781326293945,-0.021720290184020996
2025-10-30,0.027308285236358643,-0.0046425461769104,0.00167924165725708,0.0035181045532226562,-0.009303808212280273,0.015117645263671875,0.008509516716003418,0.0020537972450256348,-0.0003287792205810547,0.0005845427513122559,0.0013922452926635742,-0.0006402730941772461,-0.03502810001373291,0.0007047653198242188,-0.006873607635498047
2025-10-31,0.006060242652893066,-0.001305997371673584,0.012437582015991211,-0.0019182562828063965,-0.0069539546966552734,0.013779819011688232,-0.009588360786437988,0.00823211669921875,0.007805466651916504,0.006239056587219238,0.004966855049133301,0.001066446304321289,-0.018691599369049072,-0.025496602058410645,0.015342414379119873
2025-11-03,0.009830176830291748,-9.340047836303711e-05,0.001548469066619873,0.0002651214599609375,-0.009074091911315918,-0.004952192306518555,-0.0005808472633361816,-0.0022759437561035156,0.01904606819152832,-0.012065887451171875,-0.008757352828979492,0.005925178527832031,0.02056598663330078,-0.012937307357788086,0.014866650104522705
2025-11-04,0.020106792449951172,-0.004110276699066162,0.008684873580932617,0.004372835159301758,-0.0018303394317626953,0.002991914749145508,-0.01491767168045044,0.007279813289642334,0.014266431331634521,-0.013085246086120605,0.012501120567321777,-0.023895859718322754,0.009872794151306152,-0.004612982273101807,0.002829611301422119
2025-11-06,-0.004488587379455566,-0.014445185661315918,-0.06888818740844727,-0.001781165599822998,0.017475545406341553,0.01659315824508667,-0.01147240400314331,-0.029668986797332764,0.022265970706939697,0.01865673065185547,0.03279125690460205,0.010253071784973145,-0.011115550994873047,-0.04928642511367798,0.01760774850845337
2025-11-07,-0.07730609178543091,0.010659575462341309,-0.018370211124420166,-0.010904073715209961,-0.030317723751068115,0.005025982856750488,-0.015253007411956787,0.004298686981201172,0.014627277851104736,9.745359420776367e-05,0.03962916135787964,0.00135117769241333,-0.02234560251235962,0.022516250610351562,0.007554411888122559
2025-11-10,-0.029126882553100586,-0.011677205562591553,0.01078343391418457,0.002004384994506836,-0.012256145477294922,-0.011365652084350586,0.0012122392654418945,0.006351351737976074,0.0038222670555114746,0.004680156707763672,-0.00757145881652832,-0.008940696716308594,-0.0054024457931518555,0.014528870582580566,0.04089558124542236
2025-11-11,0.018242716789245605,-0.0024773478507995605,0.004797935485839844,-0.008134901523590088,-0.01764160394668579,0.004281044006347656,0.015268683433532715,-0.009672760963439941,0.0098152756690979,0.0019592642784118652,0.005823731422424316,-0.0024716854095458984,-0.00529247522354126,-0.02752286195755005,0.03680354356765747
2025-11-12,0.008398056030273438,0.010125160217285156,0.01005566120147705,-0.02689075469970703,-0.008162915706634521,-0.007882356643676758,0.014111518859863281,0.009975075721740723,0.004235327243804932,0.0012760162353515625,0.002267599105834961,-0.010151147842407227,-0.005460679531097412,0.025924205780029297,0.00888603925704956
2025-11-13,-0.011451184749603271,-0.010496437549591064,-0.005728602409362793,-0.046743035316467285,-0.014814198017120361,0.009598255157470703,0.00104522705078125,0.005555510520935059,-0.02108597755432129,0.019656002521514893,-0.05956447124481201,0.003090083599090576,-0.002393364906311035,-0.0005232691764831543,-0.0003260374069213867
2025-11-14,0.03566408157348633,-0.0184442400932312,-0.010795950889587402,0.008818566799163818,-0.012135088443756104,0.008794009685516357,0.006265044212341309,0.0022509098052978516,0.003988325595855713,0.00651627779006958,-0.03333628177642822,0.0026047229766845703,-0.008608460426330566,0.010471940040588379,-0.014421820640563965
2025-11-17,0.009151339530944824,-0.012170195579528809,0.011592388153076172,0.007256448268890381,0.0006231069564819336,0.006518125534057617,0.014397859573364258,0.007486104965209961,0.004271268844604492,0.00010091066360473633,-0.003892064094543457,-0.010289430618286133,-0.0008540749549865723,0.01702570915222168,0.007550239562988281
2025-11-18,-0.011755228042602539,0.0001971721649169922,-0.006372630596160889,0.00737309455871582,0.010586261749267578,0.004556238651275635,0.003580331802368164,-0.008376121520996094,0.013047337532043457,0.009688198566436768,-0.004393935203552246,-0.002740025520324707,-0.00441664457321167,0.007496833801269531,0.023227572441101074
2025-11-19,0.007476925849914551,-0.002857685089111328,0.009845256805419922,0.0036498308181762695,-0.00510561466217041,-0.004393935203552246,-0.010001897811889648,-0.018801093101501465,0.01584571599960327,-0.018241167068481445,0.005318284034729004,-0.01389467716217041,-0.0028620362281799316,0.012714982032775879,0.003977179527282715
2025-11-20,-0.0208473801612854,-0.0024706125259399414,-0.00022286176681518555,0.009575843811035156,0.0054857730865478516,0.01567620038986206,-0.014607489109039307,0.005623459815979004,0.003956258296966553,-0.00900721549987793,-0.01854085922241211,0.007805585861206055,-0.0014351606369018555,0.0071337223052978516,0.01181262731552124
2025-11-21,-0.00833737850189209,-0.008916199207305908,-0.010197222232818604,0.025955498218536377,-0.017159461975097656,0.009814798831939697,-0.02272576093673706,-0.005108773708343506,0.004156649112701416,0.01517552137374878,-0.0014394521713256836,-0.00046122074127197266,-0.005892455577850342,-0.011333048343658447,0.006397843360900879
2025-11-24,-0.021192312240600586,0.00529789924621582,0.0050667524337768555,-0.003064393997192383,-0.015489280223846436,0.007293879985809326,-0.019779503345489502,-0.011449575424194336,-0.011687159538269043,0.024272382259368896,0.02959078550338745,0.007658421993255615,0.010120034217834473,-0.029517173767089844,-0.002372264862060547
2025-11-25,0.013416647911071777,0.0005965232849121094,-0.02162104845046997,-0.04927945137023926,-0.005638420581817627,0.001318812370300293,-0.018269836902618408,-0.0036501288414001465,0.0028421878814697266,0.003303050994873047,0.0061858296394348145,0.004955708980560303,-0.02332901954650879,0.001255035400390625,-0.01031196117401123
2025-11-26,0.022975564002990723,-0.00596243143081665,0.01671731472015381,-0.03285014629364014,0.015547871589660645,-0.012450575828552246,-0.029442429542541504,0.01437222957611084,-0.007723450660705566,-0.03055095672607422,-0.05934953689575195,-0.011050224304199219,-0.0010257959365844727,0.02263510227203369,-0.004685044288635254
2025-11-27,-0.027252793312072754,-0.00019997358322143555,-0.009966790676116943,0.00625079870223999,0.001080632209777832,0.006335079669952393,0.012276530265808105,-0.0036116838455200195,0.012591302394866943,0.007335960865020752,0.03095000982284546,-0.0014367103576660156,-0.006601154804229736,0.007930755615234375,-0.11416435241699219
2025-11-28,0.010981321334838867,-0.0008998513221740723,0.004095196723937988,0.012333512306213379,-0.0037783384323120117,0.004875242710113525,0.0028682351112365723,0.0050885677337646484,0.013860642910003662,-0.02318286895751953,-0.009222984313964844,-0.0011272430419921875,0.016834020614624023,-0.015522122383117676,0.007802128791809082
2025-12-01,-0.01510930061340332,-0.025220215320587158,0.0022658109664916992,-0.01623380184173584,-0.006501734256744385,0.010928928852081299,0.0023971199989318848,-0.004577279090881348,-0.0062781572341918945,-0.0031660795211791992,-0.0027077198028564453,0.003275573253631592,-0.00972980260848999,-0.011552751064300537,-0.07629883289337158
2025-12-02,-0.0043831467628479,-0.00954824686050415,-0.013563930988311768,-0.005038142204284668,-0.016633331775665283,0.0059059858322143555,0.0049430131912231445,-0.008918046951293945,-0.005121469497680664,0.01114511489868164,0.008945107460021973,0.0023363232612609863,0.010412096977233887,-0.0055130720138549805,0.01979196071624756
2025-12-03,-0.0021302103996276855,0.013216495513916016,0.005213737487792969,0.007458150386810303,0.014234185218811035,0.01935601234436035,0.03284114599227905,-0.0013356804847717285,0.010005593299865723,0.022541344165802002,0.025715291500091553,-0.01749962568283081,-0.014804065227508545,-0.01256561279296875,-0.027230441570281982
2025-12-04,-0.039351046085357666,-0.017545700073242188,-0.0011969208717346191,0.015828967094421387,-0.014854669570922852,-0.011921048164367676,0.02218574285507202,0.009080648422241211,0.007579982280731201,-0.0002040863037109375,-0.012148261070251465,-0.004557609558105469,-0.004124879837036133,-0.0048656463623046875,-0.003359198570251465
2025-12-05,-0.027777791023254395,0.006924986839294434,-0.010271608829498291,-0.003191709518432617,-0.011285841464996338,-0.0046350955963134766,-0.0030641555786132812,0.0020928382873535156,0.005469143390655518,-0.004896998405456543,0.04343312978744507,0.0033943653106689453,0.013461470603942871,-0.0018053650856018066,-0.030231833457946777
2025-12-08,-0.016990482807159424,-0.019080638885498047,-0.006457626819610596,0.015907645225524902,-0.004397451877593994,-0.028450608253479004,0.013528227806091309,-0.02032715082168579,0.012230873107910156,0.035431504249572754,0.04387080669403076,-0.012141704559326172,-0.01897531747817993,-0.003391087055206299,-0.03675621747970581
2025-12-09,0.03588593006134033,-0.03763842582702637,0.008936882019042969,-0.01153719425201416,-0.010431349277496338,0.0017807483673095703,0.003391563892364502,0.008882284164428711,-0.0016317367553710938,0.0035785436630249023,-0.05069875717163086,-0.02176797389984131,0.003868579864501953,0.010132312774658203,-0.0037174224853515625
2025-12-10,-0.017358779907226562,0.011887848377227783,-0.005291581153869629,-0.0389171838760376,0.01718902587890625,-0.012838244438171387,-0.08626174926757812,-0.02105933427810669,-0.0006707906723022461,0.026724398136138916,0.029292821884155273,0.0008573532104492188,-0.014080345630645752,0.003742814064025879,0.012949943542480469
2025-12-11,-0.006852984428405762,0.012904882431030273,0.009714365005493164,-0.01327061653137207,-0.014564454555511475,0.00640261173248291,-0.05157482624053955,0.00899350643157959,0.009385108947753906,-0.020295143127441406,-0.01490318775177002,0.0002340078353881836,-0.008268177509307861,0.009322047233581543,0.0007584095001220703
2025-12-12,0.016023874282836914,-0.00031244754791259766,-0.02891993522644043,-0.004881501197814941,-0.003600180149078369,0.0103379487991333,-0.030104756355285645,0.005133986473083496,-0.017981410026550293,-0.019678711891174316,-0.034476399421691895,-0.00920724868774414,0.001970529556274414,0.017585277557373047,0.0018404722213745117
2025-12-15,0.026486515998840332,0.0009893178939819336,-0.005287528038024902,0.005154013633728027,-0.015023291110992432,-0.004132270812988281,-0.026758313179016113,0.0019154548645019531,-0.043020009994506836,-0.001669168472290039,0.004143834114074707,0.0036080479621887207,-0.00257188081741333,0.008495569229125977,0.015884995460510254
2025-12-16,-0.003234565258026123,0.010841190814971924,-0.005204319953918457,0.011611998081207275,-0.033400893211364746,-0.002371072769165039,0.007934749126434326,-0.0002124309539794922,0.009196102619171143,0.0020828843116760254,-0.010978341102600098,-0.0163726806640625,-0.009555578231811523,0.0038880109786987305,0.004893183708190918
2025-12-17,-0.029353201389312744,0.010116994380950928,-0.006168842315673828,-0.01331484317779541,-0.014666080474853516,-0.013071894645690918,0.025975942611694336,-0.01062321662902832,0.0025730133056640625,0.00887078046798706,0.012610554695129395,0.00549691915512085,0.010719776153564453,-0.009897470474243164,-0.02191174030303955
2025-12-18,0.0007598400115966797,-0.0008516311645507812,-0.015217781066894531,0.02729058265686035,0.02577793598175049,-0.026088714599609375,-0.001883387565612793,0.003006458282470703,0.016030967235565186,0.008423686027526855,-0.004611968994140625,-0.002917170524597168,-0.0054544806480407715,0.015356659889221191,0.0017316341400146484
2025-12-19,0.014501571655273438,-0.011222243309020996,-0.03946942090988159,-0.005990266799926758,-9.453296661376953e-05,0.00019550323486328125,0.0023310184478759766,0.011204719543457031,0.01338958740234375,-0.02973341941833496,-0.027633190155029297,-0.0027556419372558594,0.008378982543945312,-0.018691539764404297,0.0006482601165771484
2025-12-22,0.004191040992736816,0.0027350187301635742,-0.00853264331817627,-0.005893707275390625,-0.007464766502380371,-0.01369321346282959,0.03188121318817139,0.010092377662658691,0.00465017557144165,-0.000928044319152832,0.004209637641906738,-0.0009413957595825195,0.010122299194335938,0.009087562561035156,0.03390192985534668
2025-12-23,-0.008123397827148438,-0.0024788379669189453,0.00011324882507324219,-0.004711627960205078,0.006002604961395264,-0.0023157596588134766,0.0010120868682861328,-0.0030742883682250977,0.031655311584472656,-0.006284832954406738,0.006125450134277344,0.0020336508750915527,0.0020939111709594727,-0.001729130744934082,-0.015977442264556885
2025-12-24,0.0008264780044555664,0.0008417963981628418,0.006227374076843262,0.003186464309692383,0.009247004985809326,0.008856415748596191,0.015819847583770752,-0.0016821026802062988,-0.040665626525878906,0.002354860305786133,-0.009722232818603516,0.0042029619216918945,-0.013283610343933105,0.006567478179931641,-0.019526660442352295
2025-12-26,-0.0012012124061584473,-0.0011057853698730469,-0.007595360279083252,0.002533137798309326,0.013142883777618408,0.002136707305908203,0.023834049701690674,-0.004352748394012451,0.0002052783966064453,-0.008107542991638184,0.0009456276893615723,-0.02115464210510254,-0.008621931076049805,-0.009751200675964355,-0.016343772411346436
2025-12-29,-0.023902595043182373,0.010308802127838135,-0.018311738967895508,-0.0036884546279907227,0.007720530033111572,0.005645394325256348,0.03820568323135376,-0.0021153688430786133,-0.0019497275352478027,0.009874820709228516,0.012047171592712402,0.002079188823699951,-0.0007628798484802246,-0.0007240772247314453,0.0019806623458862305
2025-12-30,-0.03519177436828613,0.0029760003089904785,-0.013629019260406494,0.021627843379974365,-0.003306746482849121,0.014878571033477783,0.00759047269821167,-0.0015544891357421875,-0.004318296909332275,0.009150683879852295,0.020904123783111572,0.0024097561836242676,0.0036646127700805664,-0.02130281925201416,-0.02405005693435669
2025-12-31,0.019554615020751953,-0.005276918411254883,0.0132904052734375,-0.02068960666656494,-0.01502525806427002,-0.0025833845138549805,-0.028469443321228027,0.008421778678894043,0.00010323524475097656,-0.007263660430908203,-0.023574471473693848,-0.01947605609893799,-0.0019777417182922363,0.007773756980895996,0.011702418327331543
2026-01-01,0.009472370147705078,-0.003923654556274414,0.023978710174560547,0.0030767321586608887,-0.0006685256958007812,0.011892974376678467,0.0009089112281799316,-0.005193352699279785,-0.005833804607391357,0.002369403839111328,-0.00634455680847168,0.0005429983139038086,-0.019969463348388672,0.016970396041870117,-0.009731948375701904
2026-01-02,0.005428433418273926,-0.003644227981567383,0.024771451950073242,0.0026021599769592285,-0.003626704216003418,-0.011434316635131836,-0.006120204925537109,0.015802502632141113,0.018694519996643066,-0.02375054359436035,-0.041022539138793945,-0.0005927085876464844,-0.028931379318237305,-0.03315746784210205,0.015948772430419922
2026-01-05,0.03540301322937012,-0.007367253303527832,0.018060684204101562,0.007219910621643066,0.014454185962677002,-0.03034508228302002,0.009371161460876465,0.007986664772033691,0.0017331838607788086,-0.017147421836853027,-0.04629158973693848,-0.00691068172454834,-0.0004534721374511719,-0.032582879066467285,0.012160778045654297
2026-01-06,-0.0006704330444335938,0.011753618717193604,-0.013683855533599854,0.002138972282409668,0.0009648799896240234,-0.0005774497985839844,0.026968717575073242,-0.03465616703033447,0.021016716957092285,0.008032560348510742,0.006343185901641846,-0.007868170738220215,-0.0061953067779541016,-0.006365060806274414,-0.04052203893661499
2026-01-07,-0.008125245571136475,0.010519087314605713,0.01047372817993164,0.013290107250213623,0.0011589527130126953,-0.013659119606018066,-0.0037523508071899414,0.0036625266075134277,0.0037380456924438477,-0.04118764400482178,0.006702780723571777,-0.03925299644470215,0.013365387916564941,-0.014399170875549316,-0.006659507751464844
2026-01-08,-0.018938839435577393,0.009402215480804443,-0.012753009796142578,-0.029234647750854492,-0.003384232521057129,0.022015631198883057,-0.018436670303344727,0.008354485034942627,0.0024330615997314453,0.017186760902404785,0.022493600845336914,0.005663275718688965,0.01582956314086914,0.02553725242614746,-0.010657787322998047
2026-01-09,-0.03025895357131958,0.0010785460472106934,-0.009839415550231934,-0.014705896377563477,0.012913167476654053,0.02057051658630371,0.0070909857749938965,0.01267099380493164,-0.01416689157485962,0.009574055671691895,0.020874440670013428,0.01110851764678955,0.022270262241363525,0.0015655159950256348,-0.020908117294311523
2026-01-12,-0.033335983753204346,0.017599821090698242,-0.004441261291503906,-0.01486051082611084,0.012398719787597656,0.004755377769470215,0.005041182041168213,0.00989830493927002,5.030632019042969e-05,0.010850250720977783,0.0002518296241760254,-0.00709223747253418,0.004428982734680176,-0.0009543895721435547,-0.020467281341552734
2026-01-13,0.00441288948059082,0.0021431446075439453,-5.5789947509765625e-05,0.008431673049926758,-0.003262162208557129,-0.006569862365722656,-0.051004886627197266,0.01289302110671997,-0.0006029605865478516,0.011866748332977295,0.006464600563049316,-0.0017960071563720703,0.005243182182312012,0.005108296871185303,-0.022102773189544678
2026-01-14,-0.005207061767578125,0.0024231672286987305,0.010539889335632324,-0.005095064640045166,-0.0043354034423828125,-0.0075157880783081055,-0.012012839317321777,-0.0037717819213867188,0.0010055303573608398,0.030376434326171875,0.007436215877532959,0.004175364971160889,-0.03258258104324341,0.014239668846130371,-0.008707523345947266
2026-01-16,0.005152583122253418,0.0032019615173339844,-0.0033110976219177246,-0.018186569213867188,-0.019523143768310547,0.013741672039031982,-0.033414363861083984,0.007654309272766113,0.003415226936340332,0.02685260772705078,0.002639174461364746,0.00582730770111084,0.00908041000366211,0.019793033599853516,-0.0008098483085632324
2026-01-19,-0.010496318340301514,0.00897204875946045,-0.021205902099609375,-0.012973129749298096,-0.025500357151031494,-0.03184711933135986,0.027208328247070312,-0.014725446701049805,-0.006156504154205322,0.018502652645111084,0.017584264278411865,0.012580692768096924,0.014397859573364258,0.009210705757141113,-0.012594342231750488
2026-01-20,-0.007811844348907471,0.007209122180938721,-0.011256933212280273,-0.01632791757583618,-0.009380877017974854,-0.039473652839660645,-0.03102320432662964,-0.06965649127960205,-0.02095085382461548,0.016127288341522217,0.0417933464050293,0.01655369997024536,0.0008064508438110352,-0.05298912525177002,-0.009155750274658203
2026-01-21,-0.04127299785614014,0.006698548793792725,-0.019566357135772705,-0.02396857738494873,0.00488436222076416,-0.005779147148132324,-0.01544654369354248,-0.02250617742538452,-0.0075103044509887695,-0.1216081976890564,0.03336966037750244,-0.00090789794921875,-0.004029035568237305,-0.025447487831115723,0.0036962032318115234
2026-01-22,-0.008990347385406494,0.007707118988037109,-0.002567470073699951,-0.0012108087539672852,-0.001884758472442627,-0.011194884777069092,-0.0004754066467285156,-0.0031914710998535156,-0.02985382080078125,-0.058000266551971436,0.004877984523773193,0.014855802059173584,0.002103567123413086,0.0022470951080322266,0.003111124038696289
2026-01-23,-0.02904742956161499,-0.02718442678451538,-0.006552457809448242,0.006449401378631592,-0.01828664541244507,-0.018941819667816162,-0.014459669589996338,-0.018905341625213623,-0.05973827838897705,-0.016999006271362305,0.03780168294906616,-0.0007963180541992188,0.004359722137451172,0.016930818557739258,0.008608102798461914
2026-01-27,-0.009972155094146729,-0.004579126834869385,-0.018020153045654297,0.006085574626922607,-0.013363003730773926,-0.013981401920318604,-0.016988396644592285,0.001476287841796875,-0.035112202167510986,0.004629611968994141,-0.01606738567352295,0.006166398525238037,0.01286172866821289,0.01155543327331543,-0.011546909809112549
2026-01-28,0.018874764442443848,0.007607936859130859,0.020389795303344727,-0.04320025444030762,-0.02483069896697998,0.014629721641540527,0.009328365325927734,-0.0016292929649353027,-0.01963716745376587,-0.0025751590728759766,-0.041461825370788574,0.005454123020172119,0.007936477661132812,0.03179025650024414,-0.003428339958190918
2026-01-29,-0.011934459209442139,0.001990079879760742,0.0182192325592041,-0.014347195625305176,0.00480574369430542,-0.01641523838043213,0.005642533302307129,-0.01002490520477295,0.008713841438293457,0.0012229681015014648,0.020831406116485596,0.008930385112762451,-0.0535433292388916,-0.017335593700408936,-0.014079093933105469
2026-01-30,0.030466914176940918,0.004848361015319824,-0.04871571063995361,-0.03356051445007324,-0.006036162376403809,-0.0011276602745056152,0.010544657707214355,0.008713364601135254,0.012396931648254395,-0.018322467803955078,-0.035741329193115234,-0.009569287300109863,-0.052167415618896484,-0.015714168548583984,0.005104660987854004
2026-02-01,-0.04846048355102539,0.005813241004943848,0.012934088706970215,-0.05156755447387695,-0.008740067481994629,0.020094871520996094,-0.023932576179504395,-0.005836546421051025,-0.01906031370162964,0.02004694938659668,0.011320114135742188,-0.001986265182495117,0.02045750617980957,-0.02492654323577881,-0.0039858222007751465
2026-02-02,-0.001001119613647461,-0.0017917156219482422,-0.02498042583465576,-0.06584906578063965,0.004599809646606445,-0.0021690726280212402,0.014025092124938965,0.0007827281951904297,0.010280132293701172,-0.009216547012329102,-0.03933513164520264,0.008054614067077637,0.006236374378204346,0.024714231491088867,0.013425350189208984
2026-02-03,-0.03242206573486328,0.003763556480407715,0.01109778881072998,-0.028306007385253906,-0.025316238403320312,-0.03229665756225586,-0.06693100929260254,0.030895590782165527,0.02303481101989746,0.05047881603240967,0.0012438297271728516,-0.02919161319732666,-0.01152944564819336,0.03022313117980957,0.007069587707519531
2026-02-04,-0.031726837158203125,-0.007383465766906738,-0.034327149391174316,0.04583805799484253,-0.0070906877517700195,-0.04886329174041748,-0.05865287780761719,0.019878625869750977,-0.005683720111846924,0.008464694023132324,-0.05203700065612793,-0.018532156944274902,0.011830806732177734,0.03848123550415039,0.006008148193359375
2026-02-05,-0.001486659049987793,-0.010227859020233154,0.009679794311523438,0.014424562454223633,0.0251731276512146,-0.010530233383178711,0.025860607624053955,0.004463672637939453,0.010113239288330078,-0.028538286685943604,0.010822653770446777,0.011196911334991455,0.011096537113189697,0.005142688751220703,-0.046520352363586426
2026-02-06,-0.03758108615875244,-0.002935647964477539,-0.010150432586669922,-0.015335679054260254,-0.02245926856994629,0.006487488746643066,-0.011075973510742188,0.0035550594329833984,0.023451924324035645,0.010899901390075684,8.547306060791016e-05,-0.010591506958007812,0.009744524955749512,0.005747079849243164,-0.026791691780090332
2026-02-09,-0.06144583225250244,-0.04133796691894531,-0.02982616424560547,-0.0051392316818237305,-0.020998239517211914,-0.07301151752471924,-0.022170066833496094,0.012472391128540039,0.01563084125518799,-0.15016436576843262,-0.014104962348937988,-0.0282057523727417,-0.026092171669006348,0.04731714725494385,-0.06113612651824951
2026-02-10,-0.06562149524688721,-0.0388486385345459,-0.005833745002746582,-0.0008105039596557617,-0.0022367238998413086,0.004792392253875732,0.012588262557983398,0.000874638557434082,-0.009265601634979248,0.007888436317443848,-0.014583110809326172,-0.0026540756225585938,0.016419649124145508,-0.01816493272781372,0.025912463665008545
2026-02-11,-0.024698734283447266,0.01475149393081665,-0.0071343183517456055,0.030153870582580566,0.013428151607513428,-0.016739249229431152,-0.011370539665222168,0.0077925920486450195,0.010990142822265625,0.016017496585845947,-0.026503801345825195,0.004684805870056152,-0.009602546691894531,0.020940661430358887,-0.036789655685424805
2026-02-12,-0.011499524116516113,0.023370206356048584,-0.006013631820678711,0.0010920166969299316,0.004773378372192383,0.00616455078125,0.00979471206665039,0.01206815242767334,-0.00135880708694458,-0.012999176979064941,-0.009550809860229492,-0.0062836408615112305,0.022973358631134033,0.01944911479949951,0.030079782009124756
2026-02-13,0.006422996520996094,0.03575265407562256,-0.011752724647521973,0.015305519104003906,0.015352070331573486,-0.011800289154052734,0.01797693967819214,0.002499103546142578,-0.016171276569366455,0.03341042995452881,0.01314842700958252,0.02259218692779541,0.028306186199188232,-0.006771743297576904,-0.011313199996948242
2026-02-16,-0.004719138145446777,0.02745676040649414,0.010915219783782959,-0.0005224943161010742,0.0042645931243896484,-0.019213557243347168,-0.029254674911499023,0.011894583702087402,-0.006117343902587891,-0.02152848243713379,-0.006742954254150391,-0.0004546642303466797,0.00015407800674438477,0.0034089088439941406,0.00022262334823608398
2026-02-17,-0.006048083305358887,-0.012004613876342773,-0.013668060302734375,0.005417764186859131,-0.007170915603637695,0.007738649845123291,0.009701311588287354,0.009643197059631348,0.03725111484527588,0.014518141746520996,-0.011216878890991211,-0.013226151466369629,-0.02235233783721924,-0.0005879998207092285,-0.04058122634887695
2026-02-18,-0.009721159934997559,0.002205491065979004,-0.0071413516998291016,-0.003806591033935547,-0.017614364624023438,-0.0072814226150512695,0.01031196117401123,0.00027883052825927734,0.03261089324951172,0.005821585655212402,-0.0011969804763793945,-0.0028798580169677734,0.0063329339027404785,0.008956074714660645,0.004279673099517822
2026-02-19,0.023878872394561768,0.013680636882781982,0.02360290288925171,0.004772841930389404,0.018651247024536133,0.0242917537689209,0.02431190013885498,-0.026972472667694092,-0.0020487308502197266,0.032624244689941406,0.032679736614227295,0.011862695217132568,0.02048557996749878,-0.019891202449798584,0.018320560455322266
2026-02-20,0.007137775421142578,0.01647484302520752,0.0003554821014404297,0.010773837566375732,0.004707515239715576,0.001767575740814209,0.014683663845062256,0.012033581733703613,-0.0047568678855896,0.00877082347869873,-0.012195110321044922,-0.009099125862121582,0.02277308702468872,0.022608637809753418,-0.018224596977233887
2026-02-23,-0.015619874000549316,-0.000554203987121582,0.003352940082550049,0.006308913230895996,0.0007261037826538086,-0.00011301040649414062,0.04272037744522095,-7.075071334838867e-05,0.0013080835342407227,-0.002367854118347168,0.011478304862976074,-0.008568644523620605,-0.023145318031311035,-0.005624175071716309,0.005751132965087891
2026-02-24,-0.02052772045135498,0.016372263431549072,0.0011724233627319336,-0.008821725845336914,0.019089937210083008,0.011414170265197754,0.006981790065765381,-0.0063703060150146484,-0.04572403430938721,-0.011811494827270508,-0.010211586952209473,-0.0051021575927734375,0.031918227672576904,-0.00012999773025512695,0.022326767444610596
2026-02-25,-0.014502763748168945,0.0019397735595703125,0.008828818798065186,0.006492257118225098,0.012493729591369629,-0.0033152103424072266,0.01301664113998413,0.009830355644226074,0.0031065940856933594,0.002949059009552002,-0.01361382007598877,-0.0071021318435668945,-0.0017606019973754883,-0.010143041610717773,-0.01725184917449951
2026-02-26,0.012679457664489746,0.0035736560821533203,-0.011687755584716797,-0.018136978149414062,-0.002453327178955078,0.0030382871627807617,0.02618408203125,-0.002751171588897705,0.01023566722869873,-0.003450751304626465,-0.004745125770568848,-0.004069328308105469,-0.011343598365783691,0.014516592025756836,0.01815509796142578
2026-02-27,-0.003965973854064941,0.0071100592613220215,0.012061715126037598,0.037199556827545166,0.011690497398376465,0.017714262008666992,-0.04072761535644531,-0.011742234230041504,-0.005403757095336914,-0.0073691606521606445,-0.005202889442443848,0.0034772157669067383,0.010426521301269531,0.010877370834350586,-0.020705223083496094
2026-03-02,0.011223971843719482,0.02471482753753662,0.019936084747314453,0.007210373878479004,0.02079242467880249,0.017064213752746582,0.03580927848815918,-0.030849575996398926,-0.022463679313659668,0.020360887050628662,0.016881704330444336,0.01321786642074585,0.00510859489440918,-0.03983861207962036,0.008135795593261719
2026-03-04,0.028854072093963623,0.04808318614959717,0.030959248542785645,0.044467270374298096,0.00022983551025390625,0.031958937644958496,0.001477658748626709,-0.02607095241546631,0.002458333969116211,0.01978844404220581,-0.03944593667984009,0.015432119369506836,0.03610396385192871,-0.04015737771987915,0.01574885845184326
2026-03-05,-0.02200603485107422,-0.014607548713684082,-0.0559232234954834,-0.01011037826538086,0.004055500030517578,-0.019360065460205078,-0.008681893348693848,0.025631308555603027,0.0025055408477783203,-0.015236139297485352,0.03625941276550293,-0.01683962345123291,-0.017313122749328613,0.03224682807922363,-0.009833812713623047
2026-03-06,-0.006006002426147461,-0.00074005126953125,-0.0009247064590454102,-0.0009938478469848633,0.004575669765472412,0.008396685123443604,0.019072771072387695,-0.0024399757385253906,-0.005955815315246582,0.010630309581756592,-0.008462846279144287,0.007157564163208008,-0.019963979721069336,-0.00464552640914917,0.013534307479858398
2026-03-09,-0.07138776779174805,0.03522688150405884,0.037670016288757324,0.03659313917160034,-0.04069584608078003,0.027016103267669678,0.02243494987487793,-0.013192951679229736,0.001016378402709961,0.016559183597564697,-0.14263445138931274,0.020119667053222656,0.013155817985534668,-0.028341472148895264,0.027495861053466797
2026-03-10,0.026947498321533203,0.0009058117866516113,-0.0067729949951171875,-0.010452628135681152,0.007605195045471191,-0.01636970043182373,-0.11260712146759033,0.019979000091552734,0.015337824821472168,-0.009897232055664062,0.041638731956481934,-0.01464223861694336,-0.027962923049926758,0.008632063865661621,-0.006709933280944824
2026-03-11,-0.02657341957092285,-0.0025107860565185547,-0.028233885765075684,-0.005682229995727539,0.014833927154541016,-0.009174346923828125,0.02658599615097046,0.0055228471755981445,0.008421540260314941,0.005981922149658203,0.011027336120605469,0.018909573554992676,0.004744589328765869,0.015529036521911621,-0.015665888786315918
2026-03-12,-0.05179256200790405,0.006609141826629639,-0.006388187408447266,0.007605910301208496,0.003396272659301758,0.0012121200561523438,-0.017423272132873535,-0.008421838283538818,-0.018737971782684326,0.001408398151397705,-0.0325394868850708,0.0025842785835266113,-0.012871503829956055,-0.014951765537261963,0.034326136112213135
2026-03-13,-0.06977415084838867,0.02037954330444336,-0.06158179044723511,0.037299275398254395,-0.030763328075408936,0.0038430094718933105,0.04304361343383789,-0.0323486328125,-0.031755268573760986,0.02808058261871338,-0.056369781494140625,0.01365751028060913,-0.004078984260559082,-0.024285972118377686,0.026950061321258545
2026-03-16,0.012798666954040527,0.03066915273666382,-0.015873849391937256,0.020774900913238525,0.012510299682617188,-0.0036548376083374023,0.00725477933883667,-0.009845733642578125,-0.023347795009613037,-0.006860136985778809,0.010254859924316406,-0.004320979118347168,-0.005156278610229492,-0.005515456199645996,0.021846890449523926
2026-03-17,0.03821706771850586,0.009882748126983643,0.006208181381225586,-0.026093602180480957,0.004518747329711914,-0.006069183349609375,-0.0025333166122436523,0.015262365341186523,0.031555891036987305,-0.005503177642822266,0.032521843910217285,7.337331771850586e-05,-0.004352569580078125,0.009954452514648438,-0.0021969079971313477
2026-03-18,0.010622620582580566,-0.0027559995651245117,0.0023686885833740234,-0.030184149742126465,-0.08268857002258301,-0.006032586097717285,-0.04082024097442627,0.0203477144241333,0.041987061500549316,-0.015376567840576172,0.024816274642944336,-0.013445734977722168,-0.02754998207092285,0.00154876708984375,-0.023442745208740234
2026-03-19,-0.02525550127029419,0.03736436367034912,-0.047318100929260254,0.033621370792388916,0.044880688190460205,0.03078150749206543,0.04809039831161499,-0.03690749406814575,-0.03569000959396362,-0.04106777906417847,-0.06007260084152222,0.02595585584640503,0.023798823356628418,-0.053001582622528076,0.03415042161941528
2026-03-20,-0.003369748592376709,-0.023690104484558105,-0.014364004135131836,0.013264596462249756,0.0010086894035339355,-0.002887129783630371,-0.014518380165100098,-0.010121405124664307,0.03256094455718994,0.02435767650604248,0.01615142822265625,-0.0170137882232666,-0.0024688243865966797,-0.016849756240844727,-0.030368328094482422
2026-03-23,-0.05492526292800903,-0.05661088228225708,-0.051211535930633545,0.005300343036651611,0.035929977893829346,-0.04092121124267578,0.04331851005554199,-0.03918200731277466,-0.06359386444091797,-0.05226027965545654,-0.03520232439041138,-0.06172990798950195,0.013390839099884033,-0.05534166097640991,-0.06229448318481445
2026-03-24,0.025918245315551758,0.022852540016174316,0.027635574340820312,-0.04842066764831543,-0.0257260799407959,0.018653512001037598,-0.028299927711486816,0.002599477767944336,0.01318967342376709,0.02481389045715332,0.014150023460388184,0.01204228401184082,-0.013416528701782227,0.04068100452423096,0.018106460571289062
2026-03-25,0.04564476013183594,0.031247615814208984,0.0472416877746582,-0.03417801856994629,-0.005850076675415039,0.02104818820953369,-0.02368783950805664,0.027710318565368652,0.04880356788635254,-0.05421042442321777,0.030894994735717773,0.03585076332092285,-0.009082555770874023,0.05122494697570801,0.01102137565612793
2026-03-27,-0.021418511867523193,-0.04226946830749512,-0.0397799015045166,0.005056977272033691,0.018568992614746094,-0.0422593355178833,0.03802210092544556,-0.029012978076934814,0.004330992698669434,0.008931994438171387,-0.05645787715911865,-0.014309406280517578,0.035240232944488525,-0.033752262592315674,0.001981973648071289
2026-03-30,-0.008027851581573486,-0.0389939546585083,-0.03850287199020386,-0.004366755485534668,0.01676541566848755,-0.03745156526565552,0.03453439474105835,-0.03329002857208252,-0.032237708568573,0.0320587158203125,-0.037090182304382324,-0.007560014724731445,0.0036370158195495605,-0.03765302896499634,-0.02367556095123291
2026-04-01,0.004657149314880371,0.03382718563079834,-0.03377407789230347,-0.019173264503479004,-0.022946834564208984,0.04020571708679199,-0.060064077377319336,-0.003947556018829346,-0.07792627811431885,-0.029795169830322266,0.023409247398376465,0.02887582778930664,-0.002063274383544922,-0.01814901828765869,-0.05134856700897217
2026-04-02,-0.0452921986579895,0.046333909034729004,-0.017991364002227783,-0.010699987411499023,-0.0021210908889770508,-0.0029235482215881348,0.03252387046813965,-0.0044692158699035645,0.01789677143096924,-0.018728971481323242,-0.055001020431518555,0.007797360420227051,-0.022172927856445312,-0.01144266128540039,0.019090592861175537
2026-04-06,0.01966094970703125,0.014228105545043945,0.02427530288696289,0.009687244892120361,-0.023838520050048828,0.014100193977355957,-0.008820176124572754,0.022022724151611328,-0.015810251235961914,-0.06593132019042969,-0.006161332130432129,0.03634190559387207,-0.004183411598205566,0.01343691349029541,-0.007060408592224121
2026-04-07,0.004449605941772461,0.0045011043548583984,-0.01590651273727417,-0.0011879205703735352,-0.004260063171386719,-0.002636253833770752,-0.01084136962890625,0.022791266441345215,-0.008843302726745605,0.01427382230758667,-0.02435511350631714,-0.0036504268646240234,0.015583992004394531,-0.025399386882781982,-0.0012801885604858398
2026-04-08,-0.07935023307800293,0.05175507068634033,0.05121719837188721,-0.03531301021575928,-0.050777554512023926,0.04898536205291748,-0.05135178565979004,0.009966850280761719,-0.06085944175720215,-0.07529866695404053,-0.09463298320770264,-0.06190609931945801,-0.01739811897277832,0.036551475524902344,-0.029773473739624023
2026-04-09,0.00799250602722168,-0.004189491271972656,0.0223538875579834,0.00781935453414917,0.003898322582244873,-0.03312337398529053,0.000987231731414795,0.008504509925842285,-0.03347659111022949,-0.0012344121932983398,0.0052866339683532715,0.011730730533599854,-0.011092305183410645,0.015101194381713867,0.025719881057739258
2026-04-10,-0.05175292491912842,0.020322322845458984,0.02077794075012207,0.002445816993713379,-0.02548813819885254,0.016057252883911133,-0.004752755165100098,0.019649863243103027,-0.024031400680541992,-0.006837010383605957,-0.01448523998260498,-0.014685392379760742,0.01980799436569214,0.02469038963317871,-0.007464408874511719
2026-04-13,0.009178757667541504,0.025159001350402832,0.023668646812438965,0.009330570697784424,-0.01082909107208252,-0.01675492525100708,0.01615774631500244,-0.006085634231567383,-0.002007722854614258,0.016698181629180908,-0.0002053976058959961,0.014583826065063477,0.024249911308288574,0.03496503829956055,0.009577751159667969
2026-04-15,-0.04569196701049805,0.009543895721435547,0.04329478740692139,-0.017255544662475586,-0.01554262638092041,0.043253302574157715,-0.05379164218902588,0.008870363235473633,-0.03308248519897461,-0.0019246339797973633,-0.10485780239105225,-0.018674254417419434,-0.023737430572509766,0.029817819595336914,-0.02840292453765869
2026-04-16,-0.027709364891052246,0.008305668830871582,0.024599671363830566,-0.015678882598876953,0.005302906036376953,0.052510619163513184,-0.019740700721740723,0.004590749740600586,-0.008706092834472656,0.004971802234649658,-0.03671681880950928,0.013444840908050537,-0.012293815612792969,0.004706978797912598,-0.0037850141525268555
2026-04-17,-0.03162872791290283,0.014398574829101562,0.009084463119506836,-0.014239192008972168,-0.01028287410736084,0.001839280128479004,-0.007486462593078613,0.011850357055664062,-0.006964683532714844,0.03054732084274292,-0.00672459602355957,-0.014457345008850098,-0.011068463325500488,0.022217392921447754,-0.048488736152648926
2026-04-20,-0.0027643442153930664,0.0005282163619995117,0.012271642684936523,0.024404704570770264,0.0035117268562316895,-0.0008797645568847656,0.01411426067352295,-0.0032915472984313965,-0.00751042366027832,0.02190464735031128,0.004186034202575684,0.0028502345085144043,-0.005777716636657715,-0.0014582276344299316,-0.040233731269836426
2026-04-21,0.015287280082702637,0.0060045719146728516,-0.010164082050323486,-0.0357743501663208,0.002110600471496582,-0.009838461875915527,-0.004816651344299316,0.020505428314208984,-0.00581204891204834,0.0057485103607177734,-0.005545139312744141,0.007378637790679932,-0.00831449031829834,0.013351798057556152,0.005834043025970459
2026-04-22,0.006998777389526367,0.015741825103759766,0.010054469108581543,-0.010062932968139648,-0.03658020496368408,0.010516166687011719,-0.00017750263214111328,0.014975786209106445,-0.007202029228210449,0.002047717571258545,-0.011562705039978027,0.00560307502746582,0.0016491413116455078,0.016744494438171387,-0.013040661811828613
2026-04-23,0.0010892748832702637,-0.024796605110168457,-0.03113412857055664,-0.01195526123046875,0.00347977876663208,-0.03053140640258789,0.035546302795410156,-0.06554454565048218,0.008979737758636475,0.0033795833587646484,0.0319177508354187,-0.0004265308380126953,-0.002402782440185547,-0.024365544319152832,-0.016037344932556152
2026-04-24,0.005323946475982666,-0.023440539836883545,-0.006230175495147705,0.006669223308563232,0.025869309902191162,-0.012470901012420654,0.004693329334259033,-0.017218172550201416,-0.016150712966918945,0.0182875394821167,0.006085336208343506,0.010434210300445557,0.014681637287139893,0.012798309326171875,-0.005701303482055664
2026-04-27,-0.04617273807525635,-0.008475720882415771,0.05383861064910889,-0.012212991714477539,0.011786103248596191,0.03376889228820801,-0.040358781814575195,0.028661370277404785,-0.020724058151245117,-0.020601987838745117,-0.03170967102050781,-0.007210850715637207,-0.014900445938110352,0.0348360538482666,-0.045299530029296875
2026-04-28,-0.010910391807556152,-0.007727563381195068,-0.012889444828033447,0.008401811122894287,0.007178783416748047,0.042330384254455566,-0.010487079620361328,-0.001491248607635498,0.019615769386291504,0.0024175047874450684,0.002568662166595459,0.005583286285400391,-0.0008988380432128906,-0.0025742650032043457,-0.0009038448333740234
2026-04-29,0.014390230178833008,-0.0013094544410705566,-0.028705835342407227,-0.048671722412109375,-0.017120361328125,0.023662090301513672,0.003957808017730713,-0.015484929084777832,-0.013325095176696777,0.0006058216094970703,0.02184528112411499,-0.005161881446838379,0.0011973977088928223,-0.024022161960601807,0.00250852108001709
2026-04-30,0.007176458835601807,-0.0084189772605896,-0.030642807483673096,0.0308607816696167,0.012149274349212646,-0.013224244117736816,0.013995587825775146,-0.009501039981842041,0.03297644853591919,-0.0008486509323120117,0.03041309118270874,0.012297749519348145,0.010340094566345215,-0.030105769634246826,0.008550465106964111
2026-05-04,0.0021186470985412598,0.004036426544189453,0.01190340518951416,-0.022879719734191895,-0.009119272232055664,0.02052438259124756,-0.021627187728881836,0.012897014617919922,-0.07001221179962158,-0.0013325214385986328,-0.0009363889694213867,0.005062520503997803,-0.01347661018371582,0.016638636589050293,-0.009385108947753906
2026-05-05,-0.02460348606109619,-0.0038815736770629883,5.555152893066406e-05,0.028128445148468018,-0.012451648712158203,-0.008814573287963867,0.013586938381195068,-0.013528585433959961,-0.03811675310134888,0.01621091365814209,0.004022479057312012,-0.002429485321044922,-0.01269984245300293,-0.05384397506713867,0.01598227024078369
2026-05-06,-0.055765509605407715,0.008906841278076172,0.002385854721069336,-0.0069991350173950195,-0.002329230308532715,0.031034469604492188,-0.00408780574798584,0.014278888702392578,0.045557260513305664,-0.022257685661315918,-0.022823333740234375,0.003201007843017578,0.019327223300933838,0.0026891231536865234,0.00934678316116333
2026-05-07,-0.0208970308303833,0.004414081573486328,-0.0321044921875,-0.0017533302307128906,-0.014407873153686523,0.023587465286254883,0.02221435308456421,0.009226083755493164,-0.010803043842315674,0.010826408863067627,0.0165289044380188,0.011950671672821045,0.0012035369873046875,-0.01138007640838623,-0.009125590324401855
2026-05-08,0.0020356178283691406,-0.008789420127868652,-0.03191119432449341,0.005938231945037842,-0.059653639793395996,0.008770346641540527,0.022175967693328857,-0.010796785354614258,0.00482332706451416,-0.03259146213531494,0.009617209434509277,-0.04677891731262207,0.001656949520111084,-0.028667747974395752,0.023348510265350342
2026-05-11,0.03229641914367676,-0.013924479484558105,-0.0187264084815979,0.020499348640441895,-0.06399166584014893,-0.010569274425506592,0.002869546413421631,-0.020076453685760498,-0.007789134979248047,-0.09268629550933838,0.037616610527038574,-0.0672876238822937,-0.0022630691528320312,-0.013813436031341553,-0.047917962074279785
2026-05-12,0.04403066635131836,-0.01693129539489746,-0.018361330032348633,0.009950578212738037,0.036654770374298096,-0.028084158897399902,-0.058856308460235596,-0.03178858757019043,-0.020903706550598145,-0.060747742652893066,0.03232759237289429,-0.03573805093765259,-0.03281646966934204,-0.028243422508239746,-0.052967071533203125
2026-05-13,-0.016782045364379883,0.0023583173751831055,0.0,0.0025287866592407227,0.019826233386993408,0.009750008583068848,-0.09725785255432129,0.006969451904296875,9.322166442871094e-05,-0.017689287662506104,-0.0032395124435424805,0.008729338645935059,0.012295722961425781,-0.008427798748016357,-0.02697843313217163
2026-05-14,0.0014457106590270996,0.006060123443603516,0.0224456787109375,0.0014951825141906738,0.020571529865264893,0.014571666717529297,0.0018877983093261719,0.009673237800598145,-0.00745779275894165,0.015756964683532715,0.0075681209564208984,0.010878443717956543,-0.018911540508270264,0.02748429775238037,0.014847040176391602
2026-05-15,-0.0226820707321167,-0.01622849702835083,-0.005518198013305664,0.0009765625,0.009491145610809326,0.04499053955078125,0.011168181896209717,-0.0009911656379699707,-0.0002816915512084961,-0.02202218770980835,0.009456038475036621,0.008197903633117676,0.004701495170593262,-0.04855048656463623,0.00499415397644043
2026-05-18,-0.15607857704162598,-0.021250545978546143,-0.014595866203308105,-0.0031280517578125,0.013663411140441895,-0.028647184371948242,0.018125534057617188,-0.012235403060913086,-0.015783607959747314,-0.019685566425323486,-0.05850952863693237,0.00014388561248779297,-0.009670794010162354,0.017957329750061035,-0.00035077333450317383
2026-05-19,-0.0034947991371154785,0.016780734062194824,0.029501795768737793,0.0033782124519348145,-0.03867948055267334,0.001022934913635254,-0.024860858917236328,0.010378241539001465,0.00649106502532959,-0.00563424825668335,0.016463160514831543,-0.01623624563217163,-0.014490485191345215,0.03975093364715576,-0.005965292453765869
2026-05-20,-0.011082291603088379,-0.005573630332946777,-0.0023186802864074707,0.004954040050506592,0.004330158233642578,-0.01021796464920044,0.004616200923919678,0.0004971027374267578,-0.0006639361381530762,-0.0017434358596801758,-0.009224474430084229,0.0010726451873779297,-0.015342891216278076,-0.005220293998718262,0.007236599922180176
2026-05-21,0.0691537857055664,0.0027660131454467773,-0.009296238422393799,-0.004258155822753906,-0.006871342658996582,0.00430142879486084,-0.02373373508453369,0.0015730857849121094,0.0072127580642700195,0.02750694751739502,0.0051964521408081055,-0.005674004554748535,-0.01022559404373169,-0.01720947027206421,0.025058388710021973
2026-05-22,-0.02361685037612915,-0.0008710622787475586,-0.003188014030456543,-0.0001957416534423828,0.013821721076965332,0.00993657112121582,-0.04121518135070801,-0.007274448871612549,-0.0019788146018981934,-0.0016997456550598145,0.00592350959777832,-0.0008082389831542969,0.0006560087203979492,-0.004240274429321289,-0.036127448081970215
2026-05-25,0.013928532600402832,0.011624574661254883,-0.0029567480087280273,-0.0148698091506958,-0.003679037094116211,-0.004240870475769043,-0.008701562881469727,0.0024148225784301758,0.010196447372436523,0.015465378761291504,0.009100675582885742,0.019461750984191895,0.00491642951965332,0.012538433074951172,0.011055231094360352
2026-05-26,-0.020036160945892334,0.0035909414291381836,-0.006899476051330566,0.010667681694030762,-0.002443671226501465,-0.015161871910095215,0.012770652770996094,-0.0023260116577148438,-0.0038317441940307617,-0.006706714630126953,-0.00912463665008545,-0.01281505823135376,-0.025603413581848145,-0.009813070297241211,0.0
2026-05-27,0.02789938449859619,-0.008730530738830566,0.00987255573272705,-0.0007793903350830078,-0.009489774703979492,-0.002767622470855713,-0.007110476493835449,0.008326411247253418,0.01454174518585205,-0.0019693970680236816,0.019488096237182617,0.0077936649322509766,-0.002862095832824707,-0.007550716400146484,-0.006490468978881836
2026-05-29,0.013171911239624023,-0.034146666526794434,-0.041095852851867676,-0.003894329071044922,0.04018974304199219,-0.02463144063949585,0.019734621047973633,-0.028241097927093506,-0.008137643337249756,0.0008456707000732422,0.013653993606567383,-0.015225112438201904,0.0272713303565979,-0.012759625911712646,-0.031840384006500244
