date,ANANTRAJ,BRIGADE,DLF,GODREJPROP,LODHA,OBEROIRLTY,PHOENIXLTD,PRESTIGE,SIGNATURE,SOBHA
2023-09-27,0.03449082374572754,-0.007813334465026855,0.016144633293151855,-0.005247712135314941,0.0028400421142578125,0.010615110397338867,0.0073168277740478516,0.0006617307662963867,0.0,-0.02771759033203125
2023-09-28,-0.0162198543548584,-0.017690002918243408,-0.01626640558242798,0.027367353439331055,-0.0069620609283447266,-0.0068558454513549805,0.0027103424072265625,-0.005124449729919434,0.0,0.009266257286071777
2023-09-29,0.005724787712097168,-0.010340452194213867,0.020765304565429688,-0.011059761047363281,-0.005594015121459961,0.021638989448547363,-0.019137203693389893,0.0012462139129638672,0.0,-0.044559359550476074
2023-10-03,0.010018229484558105,0.023714542388916016,0.014786124229431152,-0.0010294914245605469,0.014500975608825684,-0.0025554895401000977,0.002480149269104004,0.02572190761566162,-0.0,0.012229681015014648
2023-10-04,-0.013525724411010742,-0.006536722183227539,-0.024129927158355713,-0.0064601898193359375,0.0485190749168396,-0.026315808296203613,-0.003573596477508545,0.012861967086791992,-0.0,0.04716634750366211
2023-10-05,-0.0767824649810791,0.004040122032165527,-0.0014265179634094238,-0.021459341049194336,0.0013331770896911621,-0.026803970336914062,-0.02378058433532715,-0.07227861881256104,0.0,-0.06481552124023438
2023-10-06,0.005942285060882568,0.02322375774383545,-0.04514288902282715,-0.04730045795440674,-0.03998136520385742,0.018834948539733887,0.01791667938232422,0.00536268949508667,0.0,-0.00806283950805664
2023-10-09,0.036080241203308105,0.010898947715759277,0.014306604862213135,0.026477575302124023,0.0023746490478515625,0.0017992258071899414,-0.0003331303596496582,-0.004193425178527832,-0.0,-0.0008646249771118164
2023-10-10,-0.028571367263793945,0.012559771537780762,-0.03864288330078125,-0.0564805269241333,-0.029786348342895508,0.03484201431274414,-0.03593647480010986,-0.08501124382019043,0.0,-0.06911444664001465
2023-10-11,0.01722651720046997,0.006695866584777832,-0.006319522857666016,-0.0027282238006591797,-0.016992568969726562,-0.0032975077629089355,-0.03174102306365967,0.005085945129394531,0.0,0.009292960166931152
2023-10-12,-0.01511836051940918,-0.0002180337905883789,-0.0030957460403442383,0.015079975128173828,0.008538603782653809,-0.001958906650543213,-0.007950901985168457,-0.0003453493118286133,-0.0,0.013730227947235107
2023-10-13,-0.012734770774841309,0.016577601432800293,-0.002380847930908203,0.007758378982543945,-0.003655552864074707,-0.015353083610534668,-0.03866779804229736,0.011048972606658936,0.0,-0.022949695587158203
2023-10-16,-0.021525979042053223,-0.017058193683624268,0.0022872090339660645,-0.007670879364013672,-0.008333802223205566,0.0017719268798828125,-0.04447531700134277,-0.007471561431884766,0.0,-0.024186372756958008
2023-10-17,0.003964126110076904,0.018227458000183105,-8.821487426757812e-05,-0.0037328004837036133,-0.0012243986129760742,0.005615711212158203,-0.010493457317352295,0.009911298751831055,0.0,0.007367432117462158
2023-10-18,-0.005027174949645996,0.005038022994995117,-0.00035250186920166016,0.01850658655166626,0.0038523077964782715,-0.011212706565856934,-0.014909684658050537,-0.025901317596435547,-0.0,0.011663317680358887
2023-10-19,0.017090439796447754,-0.01674485206604004,0.012778699398040771,-0.0011336803436279297,-0.0030077695846557617,0.0002669095993041992,-0.002451479434967041,-0.0020470619201660156,0.0,0.00046938657760620117
2023-10-20,-0.006997466087341309,-0.004664361476898193,0.01410454511642456,0.016867339611053467,0.002386808395385742,-0.022318005561828613,-0.008120536804199219,-0.013006448745727539,0.0,0.03327292203903198
2023-10-23,-0.058538615703582764,-0.016346991062164307,0.03486055135726929,0.011700570583343506,0.038709282875061035,-0.013550996780395508,-0.029516279697418213,-0.0034955739974975586,-0.0,0.02782595157623291
2023-10-25,0.038693785667419434,0.0008864402770996094,0.005253732204437256,0.02956688404083252,0.03171664476394653,-0.005116879940032959,-0.004440009593963623,-0.015340209007263184,0.0,0.01270526647567749
2023-10-26,-0.008828580379486084,-0.0048705339431762695,0.01480722427368164,0.0032553672790527344,0.04270744323730469,-0.008988916873931885,-0.02631288766860962,-0.03496730327606201,-0.0,0.016049683094024658
2023-10-27,0.047577738761901855,-0.034705281257629395,-0.026517391204833984,-0.016076326370239258,-0.015352845191955566,0.027679085731506348,0.03429520130157471,0.046216607093811035,-0.07220733165740967,-0.009845733642578125
2023-10-30,-0.0033181309700012207,0.0010750293731689453,-0.03413224220275879,-0.023186922073364258,-0.03085160255432129,0.01683354377746582,0.01356208324432373,-0.004277467727661133,-0.008027791976928711,7.271766662597656e-05
2023-10-31,0.010819792747497559,0.006457149982452393,-0.01632249355316162,-0.012382984161376953,-0.03624284267425537,0.018210291862487793,-0.008519947528839111,-0.01916682720184326,-0.008937239646911621,-0.0097503662109375
2023-11-01,-0.016467690467834473,-0.010831832885742188,-0.020141959190368652,-0.002771615982055664,-0.0206296443939209,0.023597121238708496,0.043736934661865234,0.020700037479400635,-0.01561129093170166,-0.014124155044555664
2023-11-02,-0.018208444118499756,-0.00803685188293457,-0.005305767059326172,-0.031095147132873535,-0.057590603828430176,0.03932344913482666,0.04369854927062988,0.0036674141883850098,-0.04205524921417236,-0.034320950508117676
2023-11-03,0.03133654594421387,-0.06442010402679443,-0.03106069564819336,-0.03986012935638428,0.000940859317779541,0.017389535903930664,0.013652920722961426,-0.044237732887268066,0.0029004812240600586,-0.02651822566986084
2023-11-06,0.006821036338806152,-0.021871566772460938,0.00646132230758667,-0.021912097930908203,-0.014126777648925781,0.011083483695983887,0.021650195121765137,-0.02621281147003174,-0.028341174125671387,-0.02442777156829834
2023-11-07,0.01211249828338623,0.0215989351272583,-0.000760197639465332,0.03230053186416626,0.02484184503555298,-0.027826786041259766,0.00478518009185791,0.011990964412689209,-0.05309939384460449,0.03266477584838867
2023-11-08,0.0052738189697265625,-0.04095494747161865,-0.005823254585266113,-0.004817008972167969,-0.005713939666748047,0.009210586547851562,0.017008423805236816,-0.05278134346008301,-0.018495798110961914,-0.03754985332489014
2023-11-09,0.0,-0.0010554790496826172,-0.008054971694946289,-0.02377188205718994,-0.005326390266418457,0.028321266174316406,-0.013665974140167236,-0.04287004470825195,-0.022982478141784668,-0.050771355628967285
2023-11-10,-0.0010088682174682617,-0.007860541343688965,-0.008906245231628418,-0.0013221502304077148,-0.005592465400695801,0.0002785921096801758,-0.016471266746520996,-0.005411982536315918,-0.002283453941345215,0.007309675216674805
2023-11-12,0.005453348159790039,-0.010842680931091309,-0.0070950984954833984,-0.011415839195251465,-0.005561351776123047,0.0048143863677978516,-0.009851217269897461,0.0026341676712036133,-0.017197012901306152,-0.009672403335571289
2023-11-13,0.0004017353057861328,0.007903695106506348,0.0031948089599609375,0.009220004081726074,0.010013341903686523,-0.023243844509124756,0.04974627494812012,0.03198021650314331,-0.018784761428833008,-0.006798505783081055
2023-11-15,0.006425738334655762,-0.04704093933105469,-0.022518038749694824,-0.023223280906677246,-0.0029402971267700195,-0.05622899532318115,0.0558241605758667,-0.0351719856262207,-0.02503371238708496,-0.02897477149963379
2023-11-16,0.00818026065826416,0.029076039791107178,-0.013100862503051758,0.005606949329376221,-0.019055962562561035,-0.02345132827758789,-0.0052065253257751465,-0.04532170295715332,0.0011761784553527832,-0.035019755363464355
2023-11-17,0.023352384567260742,-0.03526437282562256,-0.0014280080795288086,-0.005179882049560547,-0.0006328821182250977,-0.005737900733947754,0.03126692771911621,0.03743696212768555,-0.0018010139465332031,0.01804143190383911
2023-11-20,-0.017598092555999756,0.009732306003570557,0.00776362419128418,0.006763637065887451,0.012305200099945068,-0.006078004837036133,0.003981351852416992,-0.015944480895996094,-0.0066375732421875,-0.0006456375122070312
2023-11-21,-0.0025590062141418457,-0.022477030754089355,-0.013093829154968262,-0.021915316581726074,-0.0033184289932250977,-0.042659640312194824,-0.019522428512573242,-0.014236927032470703,-0.02390265464782715,-0.000821232795715332
2023-11-22,0.006315350532531738,0.01388394832611084,0.0029947757720947266,0.015310525894165039,-0.0027271509170532227,0.020865917205810547,-0.012311100959777832,-0.0010499954223632812,0.0019453167915344238,0.004395961761474609
2023-11-23,-0.008629143238067627,-0.015704035758972168,-0.0056912899017333984,0.005129218101501465,-0.015797734260559082,-0.02011251449584961,0.021644234657287598,-0.012200474739074707,-0.01384592056274414,-0.020251989364624023
2023-11-24,-0.00751727819442749,0.016794025897979736,0.010689377784729004,0.006100296974182129,-0.015609025955200195,0.010676562786102295,0.0411381721496582,-0.009053707122802734,0.005966603755950928,-0.006520509719848633
2023-11-28,0.011162042617797852,-0.048892855644226074,0.00031769275665283203,0.0008419156074523926,0.024568140506744385,-0.014712810516357422,0.011041522026062012,-0.03421437740325928,-0.00040018558502197266,0.00040137767791748047
2023-11-29,0.023654699325561523,-0.005772948265075684,-0.013510346412658691,-0.00027179718017578125,0.02162158489227295,0.006700277328491211,-0.029248058795928955,0.004285573959350586,-0.008733272552490234,0.011757254600524902
2023-11-30,0.03350663185119629,-0.04891622066497803,0.018505513668060303,-0.019945621490478516,-0.03644061088562012,7.134675979614258e-05,0.021982789039611816,-0.0528029203414917,-0.004824519157409668,-0.024955034255981445
2023-12-01,-0.01453322172164917,-0.027278661727905273,-0.005432605743408203,0.0021579861640930176,-0.04275834560394287,-0.010136723518371582,-0.005314230918884277,-0.03479909896850586,-0.02512490749359131,-0.04637336730957031
2023-12-04,0.013991236686706543,-0.00691676139831543,-0.0317838191986084,-0.02293539047241211,0.006906688213348389,-0.016783833503723145,0.005597114562988281,-0.06465601921081543,-0.027011394500732422,-0.019913434982299805
2023-12-05,0.013238906860351562,-0.03174102306365967,-0.0013091564178466797,0.004228413105010986,-0.0008214712142944336,-0.0003126859664916992,-0.0371057391166687,0.02221924066543579,0.00324857234954834,0.011407017707824707
2023-12-06,-0.0057048797607421875,0.027779877185821533,-0.004384040832519531,-0.015308022499084473,0.01318669319152832,-0.014174103736877441,-0.015764594078063965,0.007497549057006836,0.0012535452842712402,0.020232975482940674
2023-12-07,0.029613137245178223,0.007320582866668701,0.006662130355834961,0.00043886899948120117,0.006099224090576172,-0.0022608041763305664,0.004805088043212891,-0.05031466484069824,0.004581153392791748,-0.03127741813659668
2023-12-08,0.0044939517974853516,0.02164769172668457,-0.002004384994506836,0.0029444098472595215,-0.023933053016662598,0.010663390159606934,-0.021873831748962402,-0.05349850654602051,0.0044130682945251465,-0.0669783353805542
2023-12-11,0.031674981117248535,-0.0046198368072509766,-0.026465535163879395,0.0032122135162353516,-0.008009076118469238,-0.002280116081237793,0.0019012689590454102,0.007585644721984863,-0.00734555721282959,-0.037186384201049805
2023-12-12,-0.01352989673614502,0.02565556764602661,0.006745636463165283,0.012968063354492188,0.032700955867767334,0.017405986785888672,0.014684677124023438,-0.06390929222106934,-0.004086017608642578,-0.048860132694244385
2023-12-13,0.013012051582336426,-0.009522199630737305,-0.016827702522277832,-0.018483400344848633,-0.007320046424865723,-0.008138060569763184,0.016164302825927734,0.0579296350479126,-0.0027545690536499023,-0.04304379224777222
2023-12-14,0.028988003730773926,-0.048064351081848145,-0.03821897506713867,-0.06584453582763672,-0.04382312297821045,-0.0364300012588501,0.034793972969055176,-0.00124359130859375,6.240606307983398e-05,0.03184986114501953
2023-12-15,0.005566835403442383,-0.0014085769653320312,-0.00829160213470459,0.004535555839538574,0.006377220153808594,0.008493661880493164,-0.02735656499862671,-0.04353421926498413,0.0051822662353515625,0.0145646333694458
2023-12-18,-0.009394347667694092,-0.006720781326293945,0.01162630319595337,0.030822157859802246,0.00518798828125,0.02078956365585327,-0.006966233253479004,0.022847652435302734,-0.009602665901184082,0.002468109130859375
2023-12-19,0.026926398277282715,-0.001552581787109375,-0.0013628005981445312,0.006159365177154541,0.009784936904907227,0.013554632663726807,-0.01245182752609253,-0.003861844539642334,-0.011873722076416016,-0.022661030292510986
2023-12-20,-0.04172170162200928,-0.0016276836395263672,-0.03251916170120239,0.04345846176147461,0.0023889541625976562,0.031723201274871826,-0.019801020622253418,-0.02339303493499756,0.014744758605957031,-0.030692458152770996
2023-12-21,0.04061269760131836,-0.006345272064208984,0.025986552238464355,-0.03543663024902344,-0.005061507225036621,-0.008579730987548828,-0.00616002082824707,-0.03992241621017456,-0.00885462760925293,0.019253134727478027
2023-12-22,0.00264585018157959,-0.0020760297775268555,0.03326594829559326,-0.007151246070861816,-0.014999747276306152,-0.01008617877960205,0.04753446578979492,0.047690629959106445,-0.011001825332641602,0.0409013032913208
2023-12-26,-0.013524651527404785,0.010665953159332275,-0.0015364885330200195,-0.006086111068725586,-0.016645312309265137,0.004477500915527344,0.0027409791946411133,0.00574040412902832,-0.003240227699279785,-0.012798130512237549
2023-12-27,-0.011369287967681885,-0.02978348731994629,0.00783383846282959,-0.010913968086242676,-0.016005516052246094,-0.010958433151245117,-0.030284643173217773,0.01841604709625244,-0.028397321701049805,-5.060434341430664e-05
2023-12-28,-0.011500060558319092,-0.015364885330200195,0.011381745338439941,0.00428849458694458,-0.020350217819213867,-0.018572211265563965,0.004653215408325195,0.007750034332275391,-0.00965869426727295,-0.01296466588973999
2023-12-29,0.00975191593170166,0.002225339412689209,-0.0030878782272338867,-0.008313536643981934,-0.03624403476715088,-0.0006586313247680664,-0.0003561973571777344,0.024417757987976074,-0.02981388568878174,-0.015495121479034424
2024-01-01,0.011013269424438477,0.0021560192108154297,-0.003854691982269287,0.005612492561340332,-0.02818620204925537,-0.003602743148803711,0.0042324066162109375,0.008312821388244629,-0.046959638595581055,0.03648114204406738
2024-01-02,0.020445823669433594,0.019296586513519287,-0.01347428560256958,-0.006967782974243164,-0.03601294755935669,0.006178617477416992,-0.008296072483062744,0.010852217674255371,-0.014152765274047852,-0.010860860347747803
2024-01-03,0.01773691177368164,0.009344398975372314,0.0025216341018676758,-0.018030762672424316,-0.010300636291503906,-0.013476014137268066,0.024604082107543945,0.04714548587799072,-0.020825505256652832,-0.10781824588775635
2024-01-04,-0.0019364356994628906,-0.06165647506713867,-0.06392788887023926,-0.07981085777282715,-0.0926746129989624,-0.050925374031066895,0.032352447509765625,0.07717061042785645,-0.08007776737213135,-0.15697693824768066
2024-01-05,0.030557870864868164,-0.02044200897216797,0.011097967624664307,-0.012702226638793945,0.0059702396392822266,0.009554564952850342,0.05256927013397217,-0.018961846828460693,-0.02765071392059326,0.02010786533355713
2024-01-08,-0.00219649076461792,0.0024066567420959473,-0.00843346118927002,0.036982595920562744,-0.030489206314086914,0.018470406532287598,0.01800060272216797,-0.0003008246421813965,-0.030696392059326172,-0.021087169647216797
2024-01-09,0.0022013187408447266,-0.006031394004821777,-0.03990519046783447,-0.03687596321105957,-0.007207632064819336,-0.02971959114074707,0.042192935943603516,0.004701852798461914,-0.031068921089172363,0.0032899975776672363
2024-01-10,0.0018825531005859375,0.005289912223815918,-0.008168697357177734,0.013431549072265625,-0.004461407661437988,0.008339345455169678,-0.025866329669952393,0.021415233612060547,-0.0016938447952270508,-0.011453628540039062
2024-01-11,0.002662062644958496,-0.002694368362426758,-0.0017586946487426758,-0.017142415046691895,0.0040018558502197266,-0.017213106155395508,-0.04929631948471069,0.010336518287658691,-0.004539012908935547,-0.016160011291503906
2024-01-12,0.02436363697052002,-0.03076159954071045,-0.0038874149322509766,-0.011116981506347656,-0.06680500507354736,0.004844009876251221,0.022982001304626465,0.001705169677734375,-0.00425267219543457,-0.015709638595581055
2024-01-15,0.0,6.860494613647461e-05,-0.006058335304260254,-0.016514182090759277,-0.0063323974609375,-0.019048571586608887,-0.00827479362487793,-0.01930391788482666,-0.00577855110168457,0.01455235481262207
2024-01-16,-0.024698913097381592,-0.002744436264038086,0.023032069206237793,0.0031151175498962402,0.02858436107635498,0.02719491720199585,-0.013744950294494629,-0.023044586181640625,0.001491248607635498,-0.027910947799682617
2024-01-17,-0.011255323886871338,-0.003079056739807129,0.014678776264190674,-0.006401538848876953,0.043524205684661865,-0.0021605491638183594,-0.011607050895690918,-0.025553762912750244,0.011156439781188965,0.02884542942047119
2024-01-18,0.007747054100036621,-0.014870405197143555,-0.00019347667694091797,0.0014230012893676758,0.0018592476844787598,0.011628329753875732,0.0288621187210083,0.010241270065307617,0.0003998279571533203,-0.1118769645690918
2024-01-19,-0.006746232509613037,0.02386075258255005,-0.013024687767028809,-0.012005448341369629,-0.004080057144165039,-0.003998875617980957,0.030222654342651367,-0.019890964031219482,0.002355039119720459,0.015324592590332031
2024-01-20,0.007265925407409668,-0.009433269500732422,0.010820448398590088,0.014658153057098389,0.0034009814262390137,0.009743273258209229,-0.027346432209014893,0.00822758674621582,-0.004142284393310547,-0.01566922664642334
2024-01-23,-0.022581160068511963,-0.054638445377349854,-0.04858118295669556,0.017366468906402588,0.04888308048248291,-0.08938300609588623,-0.03894442319869995,-0.11677157878875732,0.014904141426086426,0.0768936276435852
2024-01-24,0.009626150131225586,0.028501391410827637,0.010956406593322754,0.0011239051818847656,0.011089920997619629,-0.04800146818161011,-0.012185931205749512,0.05283999443054199,0.01512974500656128,-0.025879979133605957
2024-01-25,0.004131674766540527,0.025957584381103516,0.015052199363708496,-0.026694297790527344,0.004806101322174072,-3.838539123535156e-05,-0.029911279678344727,0.006853222846984863,0.00562363862991333,0.01099550724029541
2024-01-29,-0.01598358154296875,0.0329594612121582,0.011467695236206055,-0.04447972774505615,0.020642995834350586,0.003067612648010254,0.02543342113494873,0.006723761558532715,-0.021334409713745117,0.0035695433616638184
2024-01-30,0.01945972442626953,-0.019727230072021484,0.02547740936279297,0.02355581521987915,-0.0011119842529296875,-0.005084216594696045,0.004501819610595703,0.003174424171447754,-0.023814797401428223,-0.02015078067779541
2024-01-31,0.003628253936767578,0.03856027126312256,0.019951701164245605,-0.001685500144958496,-0.033513545989990234,0.01721346378326416,0.024775981903076172,0.040068984031677246,-0.006815552711486816,-0.030909299850463867
2024-02-01,-0.010531306266784668,-0.015410661697387695,-0.003177165985107422,0.009275734424591064,-0.002009153366088867,-0.012162864208221436,-0.030241787433624268,-0.018729329109191895,-0.03026604652404785,0.011709213256835938
2024-02-02,0.026052474975585938,0.022454142570495605,-0.010749280452728271,-0.008683204650878906,-0.039682984352111816,-0.017168819904327393,0.05462658405303955,-0.02407979965209961,-0.010173797607421875,0.011453032493591309
2024-02-05,0.011147141456604004,0.005813241004943848,-0.0061280131340026855,0.022184312343597412,-0.020138144493103027,0.009648680686950684,-0.0711202621459961,-0.00953131914138794,-0.024464964866638184,0.01732403039932251
2024-02-06,0.0022966861724853516,0.02318274974822998,0.013666391372680664,0.009664952754974365,0.022818148136138916,0.01533651351928711,0.0010921359062194824,0.018871068954467773,0.0012698769569396973,-0.03810477256774902
2024-02-07,-0.012373924255371094,0.006715536117553711,0.03775012493133545,0.002521216869354248,-0.017996907234191895,-0.0008349418640136719,-0.04117178916931152,0.0029028654098510742,-0.02374708652496338,-0.01951014995574951
2024-02-08,-0.06218099594116211,-0.040960073471069336,0.004108905792236328,0.03392750024795532,0.019844472408294678,0.02199268341064453,-0.01636791229248047,-0.011415064334869385,-0.03613638877868652,0.027482926845550537
2024-02-09,-0.008300542831420898,-0.026002705097198486,0.004272818565368652,-0.018067002296447754,0.018081724643707275,-0.002490222454071045,-0.001959562301635742,-0.008206486701965332,-0.01844334602355957,0.008689701557159424
2024-02-12,0.010109782218933105,-0.025161921977996826,-0.032118916511535645,-0.0010411739349365234,0.051616549491882324,-0.007898926734924316,0.05597037076950073,-0.0228273868560791,0.003948330879211426,0.04908174276351929
2024-02-13,0.022031009197235107,-0.022388041019439697,0.02693164348602295,-0.008852839469909668,-0.00963592529296875,-0.009877204895019531,0.033938586711883545,-0.02702009677886963,-0.022602438926696777,-0.006590008735656738
2024-02-14,-0.018797636032104492,0.00819385051727295,0.017423272132873535,-0.015356659889221191,-0.05078887939453125,0.0024275779724121094,-0.005575776100158691,-0.03721684217453003,-0.015841126441955566,0.001021742820739746
2024-02-15,-0.011275410652160645,0.027507662773132324,0.009006857872009277,0.013201296329498291,0.03254222869873047,-0.009232699871063232,-0.06405580043792725,0.028843998908996582,0.004916667938232422,-0.03007805347442627
2024-02-16,-0.025919556617736816,0.02988111972808838,0.01397693157196045,-0.008451461791992188,-0.01264333724975586,0.009815216064453125,0.004081308841705322,0.05770421028137207,-0.0044248104095458984,-0.03295087814331055
2024-02-19,0.022865235805511475,-0.017920494079589844,-0.017027676105499268,0.009878873825073242,-0.018402099609375,-0.01705688238143921,-0.019282817840576172,-0.029385924339294434,-0.0018355846405029297,0.03093850612640381
2024-02-20,0.0026000142097473145,-0.013902783393859863,0.01802980899810791,-0.008442401885986328,-0.0224611759185791,0.007695317268371582,-0.014682173728942871,0.0015912055969238281,0.00036644935607910156,0.008192718029022217
2024-02-21,0.0160752534866333,0.02182602882385254,0.0265655517578125,-0.019113779067993164,-0.016688227653503418,0.009049296379089355,-0.02462315559387207,0.022112488746643066,0.01590907573699951,-0.06723213195800781
2024-02-22,0.00044161081314086914,-0.0010613203048706055,0.006088972091674805,-0.018797755241394043,0.0006601214408874512,-0.042986392974853516,0.03107517957687378,0.018357515335083008,-0.0036504268646240234,-0.0022907257080078125
2024-02-23,-0.031070590019226074,-0.00039839744567871094,0.007845282554626465,-0.03411674499511719,0.02228182554244995,0.008743643760681152,-0.03713202476501465,0.015097856521606445,0.01647859811782837,0.015652596950531006
2024-02-26,-0.01199650764465332,-0.002524435520172119,0.004058957099914551,0.0025315284729003906,-0.004729032516479492,-0.006624698638916016,0.01577097177505493,-0.006095588207244873,-0.017811298370361328,-0.08492517471313477
2024-02-27,0.01524132490158081,0.022577404975891113,0.014951825141906738,-0.012364983558654785,-0.028554797172546387,-0.007199287414550781,0.012637436389923096,-0.010589659214019775,0.016683995723724365,-0.023606538772583008
2024-02-28,0.02651190757751465,-0.02794063091278076,-0.01898735761642456,-0.05595552921295166,-0.003835320472717285,-0.037760376930236816,0.015592455863952637,0.015785813331604004,-0.00870978832244873,0.04210090637207031
2024-02-29,-0.030472517013549805,0.0059632062911987305,0.0024471282958984375,0.018907666206359863,-0.011809110641479492,0.0086287260055542,0.008440494537353516,-0.05068957805633545,-0.026464343070983887,-0.0076062679290771484
2024-03-01,-0.01328575611114502,-0.005661368370056152,0.009653806686401367,0.012510180473327637,-0.006908416748046875,0.017853856086730957,0.006918489933013916,0.0005998611450195312,-0.007865667343139648,-0.021005630493164062
2024-03-02,0.012124598026275635,0.009712696075439453,0.014342188835144043,0.005539417266845703,0.00268477201461792,0.0020829439163208008,-0.011307239532470703,0.039316534996032715,-0.005166769027709961,-0.017326712608337402
2024-03-04,-0.022263407707214355,-0.004909157752990723,0.009588837623596191,0.02070450782775879,-0.01269066333770752,0.011377692222595215,0.025535643100738525,-0.02748584747314453,-0.023652076721191406,0.011343836784362793
2024-03-05,0.011447727680206299,-0.02706664800643921,0.0002683401107788086,-0.0024878978729248047,-0.018185734748840332,-0.007535815238952637,-0.019283413887023926,0.012372851371765137,0.01516956090927124,0.0037714242935180664
2024-03-06,0.015393257141113281,-0.03707003593444824,-0.010031640529632568,-0.010238051414489746,0.008205235004425049,-0.01602184772491455,0.016921401023864746,0.0006278753280639648,0.00024968385696411133,0.0551491379737854
2024-03-07,0.0032988786697387695,-0.02355372905731201,-0.0026010870933532715,0.0020525455474853516,0.020014286041259766,0.017131924629211426,-0.027592062950134277,-0.011879324913024902,-0.008167266845703125,-0.0022749900817871094
2024-03-11,0.03165924549102783,-0.04255932569503784,-0.009833753108978271,-0.017968356609344482,-0.006992459297180176,-0.013285934925079346,0.0054277777671813965,-0.0012699365615844727,0.010860323905944824,0.04356664419174194
2024-03-12,-0.05201369524002075,-0.01925712823867798,-0.051412880420684814,-0.04210805892944336,-0.05068165063858032,-0.0247957706451416,-0.013986825942993164,-0.018013834953308105,-0.030649900436401367,0.03513741493225098
2024-03-13,-0.10158342123031616,-0.0010089874267578125,-0.03962284326553345,-0.04913330078125,-0.09673970937728882,-0.019277215003967285,-0.07706022262573242,-0.030559420585632324,-0.13529366254806519,-0.09383261203765869
2024-03-14,0.038213253021240234,-0.015615284442901611,0.012648344039916992,-0.016438066959381104,0.01219630241394043,0.019809961318969727,0.022167325019836426,-0.04568123817443848,-0.07419896125793457,0.025968313217163086
2024-03-15,0.0043697357177734375,0.02912163734436035,-0.020162999629974365,0.022706270217895508,-0.020488739013671875,7.545948028564453e-05,0.029545068740844727,-0.026313304901123047,0.024706125259399414,-0.044185519218444824
2024-03-18,-0.009036064147949219,-0.016564369201660156,0.015236139297485352,-0.024929583072662354,-0.0770953893661499,0.016330957412719727,-0.03324776887893677,-0.03675127029418945,-0.018530607223510742,0.02503502368927002
2024-03-19,-0.023809611797332764,0.014348149299621582,-0.015784740447998047,-0.012667834758758545,-4.6253204345703125e-05,0.009759902954101562,-0.0002276897430419922,-0.012485742568969727,0.014034867286682129,-0.014186680316925049
2024-03-20,0.0019028186798095703,0.009225130081176758,0.0035234689712524414,0.0020369291305541992,-0.0191880464553833,0.017126083374023438,-0.0267295241355896,0.04427778720855713,-0.020642399787902832,-0.0038838982582092285
2024-03-21,0.061809420585632324,0.033211469650268555,0.038440585136413574,0.039090633392333984,-0.025722384452819824,0.029592394828796387,-0.0020675063133239746,0.011673331260681152,-0.053442955017089844,-0.12017238140106201
2024-03-22,-0.0156097412109375,0.030669450759887695,0.009560465812683105,0.010298848152160645,-0.02450239658355713,0.015511512756347656,-0.004026472568511963,0.04944455623626709,-0.0009807348251342773,-0.053493618965148926
2024-03-26,-0.004790246486663818,-0.023247480392456055,0.008661508560180664,0.011596083641052246,-0.00025904178619384766,0.033313751220703125,-0.060758352279663086,0.04516124725341797,0.025058388710021973,0.031022846698760986
2024-03-27,0.03286302089691162,0.014719843864440918,0.008129119873046875,0.0019801855087280273,0.00902026891708374,0.013310551643371582,-0.009398341178894043,0.035254836082458496,-0.02075517177581787,0.0001436471939086914
2024-03-28,0.0006427764892578125,0.012557744979858398,0.01873934268951416,0.010144948959350586,0.010626792907714844,-0.025809407234191895,-0.02008795738220215,-0.017426013946533203,-0.029307007789611816,-0.012384653091430664
2024-04-01,0.04079008102416992,0.022665739059448242,-0.05713486671447754,0.038954734802246094,-0.031298160552978516,0.018633365631103516,-0.022746920585632324,-0.08294880390167236,0.024536490440368652,-0.06520819664001465
2024-04-02,0.019750118255615234,-0.00592416524887085,0.014131307601928711,0.04521489143371582,0.003585517406463623,0.034123778343200684,-0.01848137378692627,-0.03677833080291748,-0.022023677825927734,-0.016011357307434082
2024-04-03,-0.004841923713684082,-0.007852554321289062,0.03241157531738281,-0.03843456506729126,0.04433685541152954,-0.01846081018447876,0.010728895664215088,0.009210944175720215,0.03095829486846924,-0.0007207393646240234
2024-04-04,-0.011555492877960205,0.015263915061950684,0.018075287342071533,0.0032684803009033203,-0.020440220832824707,0.0071103572845458984,0.0059282779693603516,-0.00218963623046875,0.011461377143859863,0.003503143787384033
2024-04-05,0.014459371566772461,0.007238864898681641,-0.01987159252166748,0.03766191005706787,-0.01884472370147705,0.009109854698181152,0.00024563074111938477,0.00965958833694458,-0.006355643272399902,0.005453824996948242
2024-04-08,0.02365422248840332,-0.0013820528984069824,-0.013688802719116211,0.03529500961303711,-0.029921650886535645,-0.011864840984344482,-0.01673746109008789,0.012656807899475098,-0.034677982330322266,0.009580135345458984
2024-04-09,0.01762700080871582,0.02248978614807129,0.008276581764221191,0.044773221015930176,-0.0047304630279541016,-0.005155324935913086,-0.0037271976470947266,0.013485372066497803,-0.0030704736709594727,-0.03932487964630127
2024-04-10,0.005676865577697754,0.0016919374465942383,-0.0005490779876708984,-0.017859160900115967,-0.022540688514709473,-0.004296541213989258,-0.041259765625,0.00786811113357544,-0.007486701011657715,-0.027278542518615723
2024-04-12,-0.02055293321609497,0.016417860984802246,0.002798736095428467,0.005760073661804199,0.023469924926757812,-0.011792182922363281,0.010467529296875,0.04622095823287964,0.037301480770111084,0.02617931365966797
2024-04-15,-0.017289817333221436,-0.02014094591140747,0.025973975658416748,-0.007186949253082275,0.003296375274658203,-0.021299362182617188,-0.00230252742767334,-0.022508621215820312,0.01726299524307251,0.011741280555725098
2024-04-16,0.0018044710159301758,0.011600255966186523,0.010621488094329834,-0.01711726188659668,0.029388368129730225,-0.005074560642242432,-0.041716575622558594,0.011745810508728027,0.004410862922668457,-0.016100764274597168
2024-04-18,0.003152132034301758,0.03641366958618164,0.022327542304992676,-0.026583194732666016,-0.019150257110595703,-0.04210454225540161,-0.008725166320800781,-0.01994764804840088,0.014962494373321533,-0.004376649856567383
2024-04-19,0.01855456829071045,-0.01423490047454834,0.0004672408103942871,-0.014462590217590332,0.008845031261444092,-0.003216266632080078,0.010899126529693604,-0.003178119659423828,0.01400613784790039,0.02274245023727417
2024-04-22,0.03217267990112305,-0.03852969408035278,-0.011102676391601562,0.0009397268295288086,-0.020751595497131348,0.020363569259643555,0.008520781993865967,-0.009625911712646484,0.01456528902053833,-0.02668929100036621
2024-04-23,0.024907469749450684,0.02628350257873535,-0.02323293685913086,0.013003110885620117,-0.03333890438079834,0.03576815128326416,-0.023003339767456055,-0.035843491554260254,0.013196885585784912,-0.05874335765838623
2024-04-24,0.011248469352722168,0.018159985542297363,-0.009319424629211426,0.006132245063781738,-0.01238715648651123,-0.009057283401489258,-0.007390141487121582,-0.01829206943511963,0.0030861496925354004,-0.005419731140136719
2024-04-25,-0.012908577919006348,0.020253539085388184,-0.000335693359375,0.007838964462280273,0.029709219932556152,0.009311199188232422,0.008464455604553223,7.623434066772461e-05,-0.03826308250427246,-0.016081929206848145
2024-04-26,0.013216495513916016,-0.0198514461517334,-0.01588726043701172,0.024675726890563965,0.012981116771697998,0.01875591278076172,0.02266979217529297,-0.03356468677520752,-0.00019872188568115234,5.8591365814208984e-05
2024-04-29,0.009611368179321289,-0.006337344646453857,0.02411895990371704,-0.002580881118774414,-0.024341225624084473,-0.01501476764678955,0.01562553644180298,0.02055501937866211,-0.0027823448181152344,0.0014362931251525879
2024-04-30,-0.012919902801513672,0.018738865852355957,-0.006489157676696777,0.007458209991455078,-0.009700894355773926,0.002737760543823242,-0.035756587982177734,-0.04008889198303223,0.0011494159698486328,-0.015264034271240234
2024-05-02,-0.009093403816223145,-0.000580906867980957,-0.005157828330993652,-0.04339784383773804,-0.0037946701049804688,0.031010866165161133,0.005743145942687988,-0.014924764633178711,0.0036507844924926758,-0.03735506534576416
2024-05-03,-0.005978822708129883,-0.011365830898284912,0.02035808563232422,0.01460886001586914,0.025979280471801758,-0.03720533847808838,0.022403061389923096,-0.04265272617340088,0.001632988452911377,-0.006995797157287598
2024-05-06,0.02643716335296631,-0.0876607894897461,-0.010134339332580566,-0.10625755786895752,0.03674650192260742,0.017827391624450684,-0.014265656471252441,-0.06634259223937988,-0.009973287582397461,-0.04597294330596924
2024-05-07,-0.022213101387023926,0.014533638954162598,-0.03517073392868042,0.02172189950942993,0.04136306047439575,-0.021118223667144775,-0.04248470067977905,-0.055762410163879395,0.013034701347351074,-0.06205183267593384
2024-05-08,0.001254439353942871,-0.013346314430236816,-0.003972470760345459,-0.011632561683654785,0.005186736583709717,0.022051095962524414,-0.014319360256195068,0.051779866218566895,0.004762411117553711,-0.0003667473793029785
2024-05-09,0.018374085426330566,0.050817906856536865,-0.018299102783203125,0.01988738775253296,-0.010067939758300781,-0.027277588844299316,-0.03621608018875122,-0.03765839338302612,0.0012867450714111328,-0.03454411029815674
2024-05-10,0.008201241493225098,0.013558924198150635,-0.013203561305999756,0.024098753929138184,-0.0014684200286865234,0.0076448917388916016,0.01125192642211914,0.020859122276306152,-0.005797982215881348,-0.034347712993621826
2024-05-13,0.01084601879119873,0.023829400539398193,0.01562035083770752,-0.02811276912689209,-0.015329241752624512,0.008913636207580566,-0.04891538619995117,-0.02434849739074707,-0.007005572319030762,-0.033631980419158936
2024-05-14,0.0032188892364501953,0.010988354682922363,0.00035762786865234375,-0.020133018493652344,-0.019036412239074707,0.024616479873657227,0.0035359859466552734,0.005193591117858887,0.004293382167816162,0.03915667533874512
2024-05-15,0.020989298820495605,-0.07890355587005615,-0.01597040891647339,0.0003720521926879883,-0.021600842475891113,0.03613626956939697,0.014762938022613525,0.03673756122589111,-0.005349993705749512,0.04940760135650635
2024-05-16,-0.015058279037475586,-0.019239068031311035,0.01919698715209961,-0.013735055923461914,-0.0038673877716064453,-0.08703112602233887,-0.014372587203979492,-0.013106346130371094,-0.003971219062805176,-0.03883719444274902
2024-05-17,0.025126218795776367,-0.08034360408782959,0.008615612983703613,0.0025174617767333984,-0.004857301712036133,-0.018496394157409668,-0.018355965614318848,0.024003148078918457,-0.01859104633331299,0.08362221717834473
2024-05-18,0.0006483793258666992,-0.004088044166564941,0.0031222105026245117,-0.0011392831802368164,-0.006375789642333984,0.002496063709259033,-0.028090357780456543,0.024849414825439453,-0.013746976852416992,-0.016879022121429443
2024-05-21,0.005443215370178223,-0.008756279945373535,0.0006459951400756836,0.023528993129730225,-0.029151082038879395,0.0077942609786987305,-0.005950808525085449,-0.0008123517036437988,0.011645257472991943,-0.03515124320983887
2024-05-22,0.00025784969329833984,0.009951889514923096,-0.005340695381164551,-0.008785009384155273,-0.05624854564666748,-0.02861034870147705,-0.024425983428955078,0.0029082298278808594,-0.010968446731567383,0.019422531127929688
2024-05-23,-0.008762896060943604,-0.059250593185424805,-0.00041306018829345703,-0.0004975795745849609,-0.015313148498535156,-0.007806062698364258,0.004843235015869141,0.03426766395568848,0.0018018484115600586,0.04654741287231445
2024-05-24,-0.010790407657623291,-0.00015807151794433594,-0.00814586877822876,0.027622342109680176,-0.0023261308670043945,-0.007074594497680664,-0.001123189926147461,-0.02414834499359131,0.015593111515045166,0.032758235931396484
2024-05-27,0.004468321800231934,-0.009593605995178223,0.0027971267700195312,-0.03883814811706543,-0.010218501091003418,-0.001721501350402832,0.005141794681549072,-0.004294216632843018,-0.004954934120178223,0.026942849159240723
2024-05-28,-0.016354858875274658,0.0403592586517334,-0.026706218719482422,0.023933470249176025,0.0035199522972106934,-0.015965819358825684,0.03314018249511719,-0.036891043186187744,0.004969358444213867,-0.04656189680099487
2024-05-29,-0.00465548038482666,-0.015016317367553711,-0.0020731687545776367,0.006089508533477783,0.03710860013961792,-5.459785461425781e-05,-0.004762411117553711,-0.030250370502471924,-0.004642963409423828,-0.01595515012741089
2024-05-30,-0.009889006614685059,0.006646692752838135,-0.019858241081237793,0.013268828392028809,-0.01884448528289795,0.012167513370513916,0.01070481538772583,0.022025108337402344,-0.02205902338027954,-0.004409492015838623
2024-05-31,-0.04062628746032715,-0.038959622383117676,0.016956567764282227,-0.020923972129821777,-0.04453456401824951,-0.005081653594970703,-0.01023411750793457,0.038550376892089844,0.008617639541625977,0.01738607883453369
2024-06-03,-0.0347599983215332,-0.06741452217102051,-0.06559181213378906,-0.0669558048248291,-0.04045867919921875,-0.03533637523651123,-0.07849395275115967,-0.08616316318511963,-0.04732656478881836,0.019576549530029297
2024-06-04,-0.1600651741027832,-0.1033475399017334,-0.1221308708190918,-0.12844252586364746,-0.09060466289520264,-0.07362186908721924,0.02548682689666748,-0.1287747621536255,-0.16428571939468384,-0.06775927543640137
2024-06-05,0.05984187126159668,-0.015465617179870605,0.043315887451171875,0.03260517120361328,-0.00533062219619751,0.057126402854919434,0.01163393259048462,0.08688604831695557,0.00485837459564209,0.009217143058776855
2024-06-06,0.06491124629974365,0.08934569358825684,0.04158031940460205,0.04804730415344238,0.07124960422515869,0.032141804695129395,0.0037580132484436035,0.07075035572052002,-0.1031426191329956,0.06990647315979004
2024-06-07,0.0335845947265625,0.054442405700683594,0.017246603965759277,0.027589082717895508,0.031743764877319336,-0.007745802402496338,-0.0058296918869018555,0.0009378194808959961,-0.04110872745513916,0.06987035274505615
2024-06-10,0.023410558700561523,-0.006765902042388916,0.004920244216918945,-0.009796321392059326,0.028988122940063477,0.005186557769775391,-0.031676292419433594,0.045627474784851074,-0.004404664039611816,-0.010441303253173828
2024-06-11,0.05887496471405029,0.014107108116149902,0.009910345077514648,0.0037077665328979492,0.0022374391555786133,0.01655864715576172,-0.023403167724609375,0.016781210899353027,-0.0009702444076538086,0.0010950565338134766
2024-06-12,-0.006610751152038574,-0.039874255657196045,0.00438082218170166,0.025298118591308594,-0.007610619068145752,-0.006370604038238525,-0.000675201416015625,-0.01308584213256836,-0.003179192543029785,-0.001938939094543457
2024-06-13,-0.014735639095306396,0.014240384101867676,0.016632676124572754,0.03502154350280762,0.048945069313049316,0.008574724197387695,-0.006981968879699707,0.013448834419250488,-0.021758437156677246,0.04836869239807129
2024-06-14,0.02400195598602295,-0.0046964287757873535,0.005205631256103516,-0.010640919208526611,0.011925220489501953,-0.014005899429321289,-0.03758084774017334,0.02897036075592041,-0.02432107925415039,0.008742690086364746
2024-06-18,0.043227314949035645,0.009584665298461914,0.0002276897430419922,0.03014838695526123,0.02254188060760498,0.0027518272399902344,-0.06822776794433594,0.0043076276779174805,-0.03308582305908203,-0.009844541549682617
2024-06-19,-0.002145230770111084,-0.03753650188446045,-0.02162039279937744,-0.028521418571472168,-0.029330432415008545,-0.02571815252304077,0.03808552026748657,-0.03501021862030029,-3.5762786865234375e-05,-0.03969842195510864
2024-06-20,-0.004752218723297119,0.01714801788330078,0.017096996307373047,0.003265857696533203,0.02478170394897461,0.013895988464355469,-0.00325167179107666,0.07839775085449219,0.0012867450714111328,0.0141679048538208
2024-06-21,0.0020464658737182617,0.013875007629394531,-0.021040618419647217,-0.0010961294174194336,0.006945371627807617,-0.0020902156829833984,0.0200730562210083,-0.015195190906524658,-0.0016105175018310547,0.005690455436706543
2024-06-24,0.019287467002868652,0.04527401924133301,-0.018280506134033203,0.03456592559814453,-0.02874976396560669,0.011188864707946777,-0.0004725456237792969,0.037111759185791016,-0.007360577583312988,-0.03176450729370117
2024-06-25,-0.01591724157333374,-0.021069884300231934,-0.018799424171447754,-0.010944187641143799,-0.04432028532028198,-0.04069429636001587,-0.029253244400024414,-0.03257489204406738,-0.002447366714477539,0.026812076568603516
2024-06-26,-0.004298150539398193,-0.022578060626983643,0.0012732744216918945,-0.0034608840942382812,-0.030703306198120117,-0.01793038845062256,0.013954460620880127,-0.031535804271698,0.007748901844024658,0.0004885196685791016
2024-06-27,-0.006134212017059326,-0.007503688335418701,-0.010839283466339111,0.014380931854248047,0.07223749160766602,-0.020706892013549805,0.025457143783569336,-0.037336885929107666,0.0030667781829833984,-0.016797244548797607
2024-06-28,-0.017716288566589355,-0.0005435347557067871,0.009794950485229492,0.03126358985900879,-0.022716879844665527,0.0036661624908447266,-0.007892847061157227,0.020214557647705078,0.007976531982421875,-0.028258562088012695
2024-07-01,0.03246450424194336,0.0029665231704711914,0.0007880926132202148,-0.014417529106140137,0.011971712112426758,0.005097031593322754,0.004709780216217041,-0.027581095695495605,-0.02477109432220459,-0.024506211280822754
2024-07-02,0.08554041385650635,0.011337876319885254,0.006057620048522949,0.04410672187805176,-0.018730878829956055,0.01605856418609619,-0.0020720958709716797,0.0017659664154052734,0.0012314915657043457,0.04338037967681885
2024-07-03,0.012043118476867676,0.0002924203872680664,0.01294553279876709,0.008951544761657715,0.00046885013580322266,-0.002939164638519287,-0.021795034408569336,-0.02383863925933838,-0.04068911075592041,-0.022470474243164062
2024-07-04,0.006565451622009277,0.012035846710205078,-0.003031611442565918,-0.007325887680053711,0.010644316673278809,-0.0008620619773864746,-0.02023625373840332,-0.0024170279502868652,-0.005720853805541992,0.04730963706970215
2024-07-05,0.04881775379180908,-0.02898550033569336,-0.0069162845611572266,-0.007425367832183838,0.016063332557678223,-0.006318151950836182,-0.00624537467956543,0.011056303977966309,-0.009289860725402832,-0.008656859397888184
2024-07-08,0.05781745910644531,-0.0343630313873291,0.003482222557067871,0.00923299789428711,0.003748655319213867,-0.03462088108062744,-0.0011986494064331055,-0.0202181339263916,-0.03214836120605469,0.0011379718780517578
2024-07-09,-0.03233504295349121,-0.0022594332695007324,0.00341033935546875,-0.013013303279876709,0.014256477355957031,-0.0031626224517822266,-0.07103705406188965,0.0022209882736206055,0.00025850534439086914,-0.007388174533843994
2024-07-10,-0.041484713554382324,0.0409160852432251,-0.002206146717071533,0.013766050338745117,-0.02334141731262207,0.003405451774597168,0.006856143474578857,0.0024684667587280273,0.021847307682037354,0.009957432746887207
2024-07-11,-0.001683652400970459,-0.03540170192718506,-0.00567704439163208,-0.005974769592285156,-0.03465229272842407,-0.0070490241050720215,0.01613306999206543,-0.010717213153839111,0.0008590817451477051,-0.005841672420501709
2024-07-12,-0.015079379081726074,0.008713960647583008,-0.012320458889007568,-0.009744703769683838,-0.05195951461791992,-0.008063137531280518,0.007804751396179199,-0.0014424920082092285,-0.000529170036315918,-0.03215646743774414
2024-07-15,-0.018231213092803955,-0.039737820625305176,0.014117002487182617,0.012078404426574707,0.048645853996276855,0.010396480560302734,-0.021958589553833008,-0.005948483943939209,0.006246745586395264,-0.0331992506980896
2024-07-16,-0.009028434753417969,0.029951930046081543,0.012540459632873535,0.024232149124145508,-0.0025619864463806152,0.007053971290588379,-0.02208852767944336,0.030376434326171875,0.028902113437652588,0.04125487804412842
2024-07-18,-0.008075416088104248,-0.018034279346466064,0.0013630390167236328,-0.00554502010345459,0.01140451431274414,-0.0051520466804504395,-0.0045871734619140625,-0.028402328491210938,-0.013185858726501465,-0.01707470417022705
2024-07-19,0.0034443140029907227,-0.0032963156700134277,-0.033731818199157715,-0.034764230251312256,-0.018928587436676025,-0.02749413251876831,0.03259831666946411,0.017590761184692383,0.004766285419464111,-0.04372584819793701
2024-07-22,0.06084871292114258,-0.012021660804748535,0.018985748291015625,-0.0011245012283325195,-0.007455229759216309,-0.043498992919921875,-0.0602756142616272,-0.007384598255157471,-0.013280391693115234,-0.02845311164855957
2024-07-23,0.010491132736206055,-0.04001063108444214,-0.02710670232772827,-0.027867794036865234,-0.04725801944732666,0.03262615203857422,0.015713095664978027,-0.006791412830352783,0.017430365085601807,-0.0113411545753479
2024-07-24,0.0060160160064697266,-0.007914960384368896,0.012417435646057129,-0.0085984468460083,0.022154927253723145,-0.03304481506347656,-0.057173073291778564,-0.07121574878692627,-0.012281298637390137,0.028438568115234375
2024-07-25,-0.007233798503875732,0.019750118255615234,-0.009397149085998535,-0.008160889148712158,-0.003535032272338867,0.00780332088470459,-0.01825934648513794,0.019970834255218506,0.004010438919067383,0.0208282470703125
2024-07-26,0.04391324520111084,0.026917576789855957,0.02217566967010498,0.009534835815429688,0.005518436431884766,-0.032239437103271484,0.010285139083862305,0.008972764015197754,-0.02050483226776123,-0.03377264738082886
2024-07-29,0.03825032711029053,0.0187532901763916,-0.04857170581817627,0.0003676414489746094,-0.029935836791992188,-0.0049860477447509766,0.026016592979431152,-0.02604377269744873,0.004277169704437256,-0.003750920295715332
2024-07-30,0.0023305416107177734,0.0006276369094848633,-0.011379361152648926,0.016358613967895508,-0.024173438549041748,-0.01850712299346924,0.019568920135498047,0.017542004585266113,-0.010622382164001465,0.021084308624267578
2024-07-31,-0.007154345512390137,-0.014006495475769043,-0.010512590408325195,0.012102961540222168,-0.014531970024108887,-0.019320249557495117,-0.02757352590560913,0.017476439476013184,0.01937401294708252,-0.016606569290161133
2024-08-01,-0.039452314376831055,0.00021207332611083984,0.017151236534118652,-0.028684139251708984,-0.02689492702484131,0.012403309345245361,0.002696514129638672,0.033344388008117676,0.0266110897064209,-0.006665945053100586
2024-08-02,-0.02194303274154663,-0.047270774841308594,0.03369951248168945,-0.040179669857025146,-0.033330678939819336,0.03259396553039551,-0.03728961944580078,0.033953309059143066,0.011425673961639404,-0.03159600496292114
2024-08-05,-0.04074782133102417,-0.06196463108062744,0.04061812162399292,-0.055404722690582275,-0.04536408185958862,0.04122292995452881,-0.03475981950759888,0.04263603687286377,0.027898967266082764,0.0008084774017333984
2024-08-06,-0.0019990205764770508,0.02953028678894043,-0.013022303581237793,0.03221940994262695,0.012720108032226562,-0.005920290946960449,-0.031297504901885986,-0.007638096809387207,-0.0036278963088989258,0.009578227996826172
2024-08-07,0.02083122730255127,0.015666484832763672,-0.030400872230529785,0.017494678497314453,0.021171927452087402,-0.03213679790496826,0.007207036018371582,-0.006663203239440918,-0.022941112518310547,-0.019774794578552246
2024-08-08,0.01991558074951172,-0.013553380966186523,0.015432000160217285,-0.03400158882141113,-0.02250194549560547,0.015045881271362305,0.010702729225158691,-0.013511419296264648,0.018962979316711426,-0.013614356517791748
2024-08-09,0.0,-0.0295487642288208,0.002041757106781006,0.017086386680603027,0.04734444618225098,-0.025020122528076172,0.01745736598968506,-0.029448747634887695,-0.009165406227111816,0.0098419189453125
2024-08-12,-0.010677158832550049,0.012203097343444824,-0.0054759979248046875,0.004733920097351074,0.04311490058898926,-0.014483451843261719,-0.009991347789764404,-0.028228044509887695,-0.027246713638305664,-0.002136528491973877
2024-08-13,-0.01302868127822876,-0.016094088554382324,0.02585434913635254,-0.013454437255859375,0.009090900421142578,0.03800684213638306,0.029856085777282715,-0.00645291805267334,-0.019333958625793457,-0.004663407802581787
2024-08-14,0.023051977157592773,0.0006543397903442383,-0.009584188461303711,-0.009068965911865234,-0.019659459590911865,0.017046749591827393,-0.018520116806030273,-0.005314826965332031,-0.006142377853393555,-0.0012671351432800293
2024-08-16,-0.12883973121643066,0.027462363243103027,-0.05507206916809082,0.02315831184387207,0.009462118148803711,-0.02955496311187744,0.0028229951858520508,-0.016643404960632324,-0.024755120277404785,0.014073729515075684
2024-08-19,-0.03599750995635986,-0.004859745502471924,0.011189281940460205,-0.004846513271331787,-0.006364762783050537,-0.00045287609100341797,0.03443264961242676,-0.013399362564086914,-0.013486027717590332,-0.0015129446983337402
2024-08-20,0.022560715675354004,0.019475579261779785,-0.0118408203125,0.017993807792663574,-0.022283434867858887,0.006564974784851074,0.025580763816833496,0.038254737854003906,0.00910794734954834,-0.008916616439819336
2024-08-21,-0.0013477802276611328,-0.01385718584060669,0.007839977741241455,-0.018364012241363525,-0.015406012535095215,0.0059816837310791016,-0.01999884843826294,0.01784151792526245,0.01844853162765503,-0.006556510925292969
2024-08-22,0.015310823917388916,-0.0017926692962646484,0.0015106201171875,0.0031464099884033203,-0.013711333274841309,0.0061609745025634766,0.05170154571533203,-0.0030754804611206055,-0.00322115421295166,0.002486109733581543
2024-08-23,-0.0015377998352050781,-0.017321228981018066,0.01134711503982544,-0.016876041889190674,-0.05037409067153931,0.01787668466567993,-0.03430896997451782,0.03854089975357056,0.01476287841796875,-0.0033655762672424316
2024-08-26,-0.043760061264038086,0.020750999450683594,0.0008240342140197754,0.0014045238494873047,0.046329379081726074,-0.0208737850189209,0.013863205909729004,-0.05001044273376465,0.0034940242767333984,0.015344023704528809
2024-08-27,0.0076004862785339355,0.02951192855834961,0.0028864145278930664,0.002285599708557129,0.01831197738647461,0.006039142608642578,0.011902093887329102,0.03136444091796875,-0.004079341888427734,-0.00032085180282592773
2024-08-28,-0.003458738327026367,-0.012453675270080566,0.010929286479949951,-0.0022803544998168945,0.011678576469421387,0.009779274463653564,0.0061272382736206055,-0.0048056840896606445,0.0012423396110534668,0.005194544792175293
2024-08-29,0.0148543119430542,0.024369478225708008,0.00621187686920166,-0.006441056728363037,0.002156972885131836,-0.0069539546966552734,-0.009787380695343018,-0.006445050239562988,0.009648680686950684,-0.009551703929901123
2024-08-30,0.0071642398834228516,0.0019408464431762695,-0.015867233276367188,0.01399385929107666,-0.00043839216232299805,-0.02855229377746582,0.03492391109466553,-0.05076634883880615,-0.021080851554870605,-0.009380042552947998
2024-09-02,0.00427931547164917,0.030385136604309082,-0.003727436065673828,-0.0079573392868042,0.00023925304412841797,0.007870852947235107,-0.013954460620880127,0.015194594860076904,0.005352497100830078,-0.028317809104919434
2024-09-03,-0.01862311363220215,0.003222823143005371,0.0007663369178771973,0.0023040771484375,-0.019614100456237793,-0.005573153495788574,-0.021281778812408447,-0.0006440877914428711,-0.05739015340805054,0.00152510404586792
2024-09-04,-0.012160778045654297,0.01873958110809326,-0.0032444000244140625,0.003180384635925293,-0.009271323680877686,-0.008709430694580078,-0.003656148910522461,-0.04583740234375,0.015815019607543945,-0.009337544441223145
2024-09-05,-0.02084183692932129,0.026488661766052246,0.01023101806640625,-0.011182129383087158,-0.008619248867034912,-0.0037845373153686523,-0.008663475513458252,0.04629009962081909,0.02300417423248291,0.016903162002563477
2024-09-06,0.01777416467666626,0.012800216674804688,0.03255510330200195,-0.004547834396362305,-0.017264187335968018,0.024073481559753418,0.003840804100036621,-0.02067720890045166,-0.019245266914367676,0.006621956825256348
2024-09-09,0.007825314998626709,-0.005105912685394287,-0.015351533889770508,0.005793929100036621,0.005434632301330566,0.0026613473892211914,-0.03022068738937378,0.009868025779724121,0.014752030372619629,-0.027249038219451904
2024-09-10,-0.0015609264373779297,0.004471540451049805,-0.0036891698837280273,0.005429863929748535,-0.004609048366546631,-0.008751273155212402,0.019440770149230957,-0.019682884216308594,0.004491448402404785,-0.0427699089050293
2024-09-11,-0.01697981357574463,0.0019222497940063477,0.006989598274230957,-0.019282758235931396,0.008418917655944824,0.0035269856452941895,-0.035363733768463135,0.025728285312652588,0.0002048015594482422,-0.022021174430847168
2024-09-12,-0.02823030948638916,-0.00015145540237426758,-0.014441728591918945,0.01659071445465088,-0.0006261467933654785,-0.00904858112335205,-0.021949589252471924,-0.053458213806152344,0.0088728666305542,0.01717531681060791
2024-09-13,-0.01325690746307373,0.011614441871643066,-0.03313791751861572,-0.024636387825012207,0.02769303321838379,-0.026562929153442383,-0.006361067295074463,0.013953030109405518,0.002435445785522461,-0.01804935932159424
2024-09-16,-0.0029418468475341797,0.011730670928955078,0.0017369389533996582,-0.03807377815246582,0.03722977638244629,0.006916642189025879,-0.05665910243988037,0.012751519680023193,0.002227187156677246,-0.0014939308166503906
2024-09-17,-0.002856016159057617,0.0024175643920898438,0.0014499425888061523,0.006235718727111816,0.005799412727355957,-0.006770610809326172,0.011182844638824463,-0.04496157169342041,0.001077413558959961,-0.04033088684082031
2024-09-18,-0.02185964584350586,0.005217313766479492,0.0001742243766784668,0.009978294372558594,0.003895878791809082,0.0031419992446899414,0.013456642627716064,0.022426187992095947,-0.002421557903289795,-0.011903524398803711
2024-09-19,-0.023049116134643555,-0.024678051471710205,0.013245046138763428,0.009151816368103027,0.011719942092895508,-0.018386363983154297,-0.02498769760131836,-0.013390898704528809,-0.002865731716156006,-0.0004812479019165039
2024-09-20,-0.0644235610961914,0.0034137964248657227,-0.033321499824523926,0.02641606330871582,-0.07084774971008301,-0.00825345516204834,-0.04425501823425293,0.010844945907592773,0.03286445140838623,-0.06228959560394287
2024-09-23,-0.02566242218017578,0.0008505582809448242,-0.03652012348175049,-0.06839025020599365,-0.020775914192199707,-0.02304983139038086,0.021555840969085693,-0.007185101509094238,0.02756321430206299,-0.028802871704101562
2024-09-24,0.0289992094039917,-0.00554889440536499,-0.008080005645751953,-0.003210783004760742,0.025792181491851807,-0.0002105236053466797,-0.008895397186279297,0.012338817119598389,0.0023573637008666992,0.02415764331817627
2024-09-25,-0.004514575004577637,0.0056803226470947266,-0.0037077665328979492,-0.038983941078186035,-0.0009365081787109375,-0.021815180778503418,0.015519022941589355,0.01548922061920166,0.0038775205612182617,-0.009972453117370605
2024-09-26,-0.008988499641418457,0.0082474946975708,-0.003911256790161133,0.006551563739776611,0.0029149651527404785,-0.006026268005371094,-0.011718153953552246,0.007689833641052246,0.014120101928710938,0.009551465511322021
2024-09-27,0.011101245880126953,-0.05190622806549072,0.010768413543701172,0.03456205129623413,-0.06132018566131592,-0.028850078582763672,-0.025067567825317383,-0.023302912712097168,-0.008304178714752197,0.014327585697174072
2024-09-30,0.023768246173858643,-0.0017910003662109375,0.020677149295806885,0.00954127311706543,-0.05075359344482422,-0.0024514198303222656,0.006940901279449463,0.012443125247955322,0.005949735641479492,0.013798892498016357
2024-10-01,-0.0329357385635376,-0.009926557540893555,-0.020778656005859375,-0.028946995735168457,-0.010814964771270752,-0.002298891544342041,0.0501178503036499,0.014957308769226074,0.009482145309448242,0.038986802101135254
2024-10-03,0.035665154457092285,-0.042903006076812744,-0.053515732288360596,-0.055742621421813965,-0.03701740503311157,-0.022591829299926758,0.05396002531051636,0.03402745723724365,-0.020677030086517334,0.022496283054351807
2024-10-04,-0.02764904499053955,0.00019466876983642578,-0.023125410079956055,-0.05655860900878906,-0.002211153507232666,-0.019943594932556152,-0.008290410041809082,0.002847731113433838,-0.027539491653442383,0.017527997493743896
2024-10-07,-0.07835793495178223,0.006374716758728027,-0.02272588014602661,-0.014391958713531494,0.01265716552734375,-0.03334444761276245,-0.000867009162902832,0.006425619125366211,-0.0037433505058288574,0.027445077896118164
2024-10-08,-0.09608006477355957,-0.025434017181396484,0.017380237579345703,0.0336688756942749,-0.01784360408782959,0.006578564643859863,0.010365903377532959,-0.04420673847198486,0.001339554786682129,-0.0053108930587768555
2024-10-09,-0.014071941375732422,0.0018357038497924805,0.014226198196411133,0.010993003845214844,0.036078453063964844,-0.04265177249908447,-0.043678998947143555,-0.02298438549041748,0.0077332258224487305,0.02915555238723755
2024-10-10,-0.022541046142578125,-0.031646132469177246,0.010387897491455078,0.010069131851196289,-0.02084362506866455,-0.024309754371643066,0.0351409912109375,-0.002071976661682129,-0.022244513034820557,-0.0009706020355224609
2024-10-11,0.0067522525787353516,-0.006750941276550293,-0.01649630069732666,-4.971027374267578e-05,-0.011784136295318604,-0.021231889724731445,0.023411273956298828,0.004054725170135498,-0.012683391571044922,-0.004437088966369629
2024-10-14,-0.020261287689208984,-0.013336122035980225,0.01925349235534668,0.025644898414611816,0.034790873527526855,-0.04098165035247803,0.008471667766571045,-0.0006201267242431641,0.009592890739440918,-0.009449481964111328
2024-10-15,-0.015416741371154785,0.0359044075012207,0.014544010162353516,0.017822742462158203,0.009706377983093262,-0.01556706428527832,-0.025136947631835938,-0.025193333625793457,0.017508268356323242,-0.05109405517578125
2024-10-16,-0.002637624740600586,-0.0004534125328063965,0.01062309741973877,0.025805234909057617,0.0006544589996337891,-0.0008379220962524414,-0.01340782642364502,0.019869685173034668,-0.014823496341705322,-0.0031431913375854492
2024-10-17,0.018094301223754883,-0.03034120798110962,-0.026843726634979248,-0.04450333118438721,-0.04378211498260498,-0.062493860721588135,0.032390713691711426,0.03807789087295532,-0.01564311981201172,0.03391784429550171
2024-10-18,-0.0024831295013427734,-0.004158198833465576,0.016434431076049805,0.016033291816711426,-0.0073105692863464355,0.014603137969970703,0.007883667945861816,0.014941990375518799,0.0030301809310913086,0.009986400604248047
2024-10-21,0.04282635450363159,-0.013570666313171387,-0.016454339027404785,-0.0316084623336792,-0.020499587059020996,0.03316080570220947,0.023963332176208496,0.00820690393447876,-0.004363715648651123,0.018133699893951416
2024-10-22,0.06149554252624512,-0.038150131702423096,-0.052977025508880615,-0.04181772470474243,-0.047704875469207764,-0.02260035276412964,-0.0074100494384765625,0.019288957118988037,-0.03486061096191406,0.023210227489471436
2024-10-23,-0.001886606216430664,-0.009021878242492676,-0.01202237606048584,0.01946556568145752,0.004340052604675293,0.003640294075012207,0.011333107948303223,-0.0009601116180419922,-0.00031435489654541016,0.007970571517944336
2024-10-24,-0.00014495849609375,-0.010769426822662354,-0.004904627799987793,-0.013460218906402588,-0.02077871561050415,0.013971567153930664,0.02701324224472046,0.016364872455596924,-0.01771610975265503,0.026550233364105225
2024-10-25,0.043232738971710205,-0.00628507137298584,-0.030446767807006836,0.0016584396362304688,0.016243338584899902,-0.02173912525177002,0.026909947395324707,-0.008835673332214355,-0.025043606758117676,0.038506925106048584
2024-10-28,-0.03110814094543457,-0.013327360153198242,-0.059073448181152344,0.01573789119720459,0.02388322353363037,0.014806270599365234,0.012646675109863281,0.03028792142868042,-0.0011310577392578125,0.005486190319061279
2024-10-29,-0.0032297372817993164,0.02317988872528076,-0.011605262756347656,-0.009931623935699463,-0.0716477632522583,0.007231712341308594,-0.03716230392456055,0.030418336391448975,0.007013440132141113,-0.00694429874420166
2024-10-30,-0.01375579833984375,0.004474997520446777,0.00726771354675293,-0.02449256181716919,0.007073104381561279,-0.028719007968902588,-0.03171420097351074,-0.025764822959899902,0.005803823471069336,-0.03451383113861084
2024-10-31,-0.06936120986938477,-0.015314340591430664,0.007925987243652344,0.000713348388671875,-0.022939324378967285,0.020256757736206055,0.028249502182006836,0.005952954292297363,-0.01677006483078003,0.01040428876876831
2024-11-01,-0.022138237953186035,-0.061757802963256836,-0.004757046699523926,0.0024341344833374023,-0.0009948015213012695,0.0033048391342163086,-0.01842784881591797,-0.0020165443420410156,0.01723945140838623,-0.007586240768432617
2024-11-04,0.03981781005859375,0.0549696683883667,0.041092514991760254,-0.02771705389022827,0.010352373123168945,-0.018877029418945312,0.034705162048339844,0.029089748859405518,-0.022644519805908203,0.021431446075439453
2024-11-05,-0.030878186225891113,-0.03021085262298584,-0.011583685874938965,0.01086413860321045,0.02782541513442993,0.03235960006713867,-0.0029069185256958008,-0.004805088043212891,0.004095196723937988,-0.01605844497680664
2024-11-06,-0.022281527519226074,0.010559141635894775,-0.03648090362548828,0.01632404327392578,-0.04893696308135986,0.011882781982421875,-0.007562875747680664,-0.046477556228637695,-0.02987205982208252,-0.04706835746765137
2024-11-07,0.023623108863830566,0.041636765003204346,0.029944419860839844,-0.023493647575378418,0.0010257959365844727,0.004845619201660156,-0.002149343490600586,0.0161285400390625,0.012451350688934326,0.01011282205581665
2024-11-08,0.01630789041519165,0.027059733867645264,0.021658003330230713,-0.045041561126708984,0.03861004114151001,-0.007602393627166748,0.025373637676239014,0.040800273418426514,-0.08345377445220947,0.03498345613479614
2024-11-11,0.003940761089324951,0.01784980297088623,0.010814249515533447,-0.0024393200874328613,-0.014697074890136719,-0.0020081400871276855,0.00985175371170044,-0.020508289337158203,0.011549115180969238,-0.01438760757446289
2024-11-12,0.00402456521987915,-0.018657207489013672,0.016270101070404053,-0.012524902820587158,-0.04501044750213623,-0.01147681474685669,-0.020993709564208984,0.012187957763671875,0.014846205711364746,0.010684072971343994
2024-11-13,-0.07650154829025269,0.04593682289123535,0.02131134271621704,-0.028713524341583252,0.03130662441253662,-0.03141254186630249,0.031512677669525146,0.04583698511123657,-0.03451848030090332,0.03161585330963135
2024-11-14,0.0010383129119873047,-0.020936965942382812,-0.018903255462646484,0.010178565979003906,-0.01667916774749756,0.027579545974731445,0.03322964906692505,-0.01816260814666748,0.03634917736053467,0.00824284553527832
2024-11-18,-0.03437548875808716,-0.036025047302246094,0.0040645599365234375,0.013177633285522461,-0.01153707504272461,-0.03479272127151489,-0.04567408561706543,0.003910243511199951,-0.009324908256530762,0.00782245397567749
2024-11-19,0.0026853084564208984,-0.012569785118103027,-0.004673600196838379,0.02405405044555664,-0.0193326473236084,0.011169791221618652,-0.013373851776123047,-0.02712249755859375,-0.0013170838356018066,-0.007161378860473633
2024-11-21,0.029152989387512207,-0.026335597038269043,-0.014151811599731445,0.004474997520446777,0.021783173084259033,-0.007967948913574219,-0.035710692405700684,-0.042262911796569824,-0.019509732723236084,0.010437369346618652
2024-11-22,0.006170988082885742,-0.012603759765625,-0.038051605224609375,-0.05632579326629639,-0.009856462478637695,0.012778043746948242,-0.06068110466003418,0.011394917964935303,0.02701854705810547,-0.07406318187713623
2024-11-25,-0.005320370197296143,-0.028075456619262695,-0.02476966381072998,-0.030064940452575684,0.014138221740722656,0.002574920654296875,-0.02666914463043213,-0.06063568592071533,0.022609949111938477,0.014423370361328125
2024-11-26,-0.016343533992767334,0.01710188388824463,-0.004919171333312988,0.013965129852294922,-0.039763689041137695,0.016642332077026367,0.016010761260986328,0.013757586479187012,-0.009190499782562256,-0.009870409965515137
2024-11-27,0.01419830322265625,-0.010550141334533691,0.004411637783050537,0.023380756378173828,-0.004623532295227051,0.006669163703918457,-0.02503037452697754,0.04495507478713989,0.005017995834350586,-0.01927053928375244
2024-11-28,-0.005510509014129639,-0.0073244571685791016,0.011958301067352295,0.006474733352661133,0.007137477397918701,0.013475894927978516,-0.004035234451293945,-0.025836944580078125,0.007981300354003906,0.0023595094680786133
2024-11-29,0.008536100387573242,-0.010038495063781738,-0.011181473731994629,0.014063775539398193,0.01539921760559082,-0.005917906761169434,0.021099865436553955,0.012563169002532959,0.011220335960388184,-0.012158870697021484
2024-12-02,0.0550152063369751,-0.00569462776184082,-0.031775832176208496,-0.045116424560546875,-0.029005765914916992,0.031035900115966797,-0.03713202476501465,-0.041016578674316406,0.0008535385131835938,0.008927226066589355
2024-12-03,0.007248401641845703,-0.029540657997131348,0.002532064914703369,0.013390064239501953,-0.005234360694885254,-0.004493415355682373,-0.016154885292053223,-0.003433704376220703,0.013051509857177734,-0.023093342781066895
2024-12-04,0.00922238826751709,-0.009546995162963867,-0.0011806488037109375,-0.013170003890991211,-0.05770266056060791,-0.05067098140716553,-0.009653329849243164,-0.02691185474395752,0.0015006065368652344,-0.0017726421356201172
2024-12-05,0.010661125183105469,-0.004574179649353027,-0.0027123689651489258,0.013654053211212158,0.0010210871696472168,0.015960276126861572,-0.0242006778717041,0.02064335346221924,-0.010269403457641602,0.014598727226257324
2024-12-06,0.013905048370361328,-0.004655718803405762,-0.007762432098388672,0.006973922252655029,-0.0011682510375976562,-0.006149649620056152,0.018642663955688477,-0.002393364906311035,-0.0385127067565918,0.009727060794830322
2024-12-09,6.759166717529297e-05,0.022915899753570557,-0.006827354431152344,-0.0007920265197753906,-0.0037919282913208008,0.0015863776206970215,-0.014565229415893555,-0.002272486686706543,-0.021506190299987793,-0.016199707984924316
2024-12-10,-0.0029723644256591797,-0.000729680061340332,-0.006607174873352051,-0.019785761833190918,-0.018234610557556152,0.00474315881729126,-0.0370030403137207,-0.00482177734375,-0.018642783164978027,0.018291056156158447
2024-12-11,-0.014770686626434326,0.0344773530960083,-0.008463859558105469,-0.004725456237792969,-0.006706595420837402,-0.0022537708282470703,-0.0023877620697021484,-0.0007997751235961914,-0.0225563645362854,0.015511393547058105
2024-12-12,0.03541707992553711,-0.011651158332824707,0.009877264499664307,0.011174380779266357,-0.01793062686920166,0.0031388401985168457,0.011910498142242432,0.006050586700439453,0.028846144676208496,0.0019080042839050293
2024-12-13,0.008833765983581543,0.0017595291137695312,-0.004324793815612793,-0.016178488731384277,0.012706279754638672,0.004770159721374512,0.03822082281112671,-0.0076667070388793945,-0.01539069414138794,0.023339688777923584
2024-12-16,0.036539554595947266,-0.03226149082183838,-0.025779366493225098,-0.015681862831115723,-0.03490710258483887,-0.06412625312805176,-0.02774178981781006,-0.04337048530578613,0.020801305770874023,-0.004167079925537109
2024-12-17,0.024009108543395996,-0.00812375545501709,-0.02334040403366089,-0.00676119327545166,-0.015808582305908203,-0.027534961700439453,0.02902090549468994,-0.012918233871459961,0.02425515651702881,-0.018705368041992188
2024-12-18,-0.007443249225616455,0.01811838150024414,-0.0011461973190307617,-0.0027064085006713867,0.007580101490020752,-0.0006693601608276367,0.03197675943374634,-0.018146038055419922,0.0002703666687011719,0.0006480216979980469
2024-12-19,0.04693174362182617,-0.02164137363433838,-0.008089959621429443,0.005664706230163574,0.002162933349609375,0.0129472017288208,0.024519622325897217,0.012870430946350098,-0.006372392177581787,0.005527615547180176
2024-12-20,0.01152026653289795,-0.05080842971801758,-0.03898656368255615,-0.04292827844619751,-0.051177024841308594,0.017183363437652588,0.04892700910568237,0.03715628385543823,-0.022776782512664795,-0.04263436794281006
2024-12-23,-0.01941460371017456,0.017519235610961914,0.01631152629852295,0.011012077331542969,0.028057456016540527,-0.006450772285461426,-0.04019355773925781,0.021983802318572998,-0.0041762590408325195,0.02630460262298584
2024-12-24,-0.011734962463378906,0.0050858259201049805,-0.0030204057693481445,-0.007965624332427979,-0.025659680366516113,-0.012465119361877441,-0.02513599395751953,0.0017948150634765625,0.02823817729949951,0.013083934783935547
2024-12-26,-0.002679288387298584,-0.014705836772918701,-0.0035642385482788086,-0.0030198097229003906,0.00784003734588623,-0.014036178588867188,-0.019686460494995117,5.704164505004883e-05,0.03589189052581787,-0.005646407604217529
2024-12-27,0.006411075592041016,0.0004279613494873047,-0.004590451717376709,-0.008771777153015137,-0.004031002521514893,0.0029491782188415527,0.019450902938842773,-0.00039958953857421875,0.016011714935302734,0.005333304405212402
2024-12-30,0.024631381034851074,-0.016041934490203857,-0.016949117183685303,-0.001889944076538086,0.008591651916503906,0.02174198627471924,0.015975475311279297,-0.04422253370285034,-0.015611767768859863,-0.03151816129684448
2024-12-31,0.012907743453979492,0.013260126113891602,0.005117654800415039,-0.013750553131103516,-0.02185922861099243,-0.020327091217041016,0.02111726999282837,0.011343240737915039,0.023357868194580078,0.016078591346740723
2025-01-01,0.0009353160858154297,-0.0023062825202941895,-0.0004849433898925781,-0.003516972064971924,-0.017705440521240234,0.015812277793884277,0.02757042646408081,-0.02387833595275879,-0.008572936058044434,-0.0024417638778686523
2025-01-02,0.015476226806640625,0.02983546257019043,0.01322019100189209,0.012694954872131348,0.005934953689575195,-0.0032088756561279297,-0.008622050285339355,0.0053822994232177734,0.02971065044403076,-0.016244351863861084
2025-01-03,0.011157035827636719,0.014094114303588867,-0.00879824161529541,-0.027685344219207764,0.019411444664001465,0.011852383613586426,0.017627060413360596,-0.003729403018951416,0.002978682518005371,-0.0010663866996765137
2025-01-06,-0.026106178760528564,-0.03175991773605347,-0.026809990406036377,-0.043158650398254395,-0.03815513849258423,0.0202864408493042,0.017022371292114258,-0.03701132535934448,-0.035136640071868896,-0.04257112741470337
2025-01-07,0.03328859806060791,-0.004093527793884277,0.006142616271972656,0.013779997825622559,-0.0040114521980285645,-0.026680827140808105,-0.016541719436645508,-0.007210254669189453,0.0032262802124023438,0.022637486457824707
2025-01-08,-0.05753684043884277,-0.021779775619506836,-0.01011347770690918,-0.03314286470413208,0.007160186767578125,-0.006171703338623047,-0.07567381858825684,-0.009378254413604736,0.007466793060302734,-0.0510786771774292
2025-01-09,0.032494187355041504,-0.03039562702178955,-0.027348577976226807,-0.02665501832962036,-0.03039950132369995,0.015772879123687744,0.032087504863739014,-0.030186116695404053,-0.03966248035430908,-0.03655862808227539
2025-01-10,0.022095799446105957,-0.0306168794631958,-0.036508023738861084,-0.043831825256347656,-0.019552528858184814,-0.05257296562194824,-0.013522982597351074,-0.018964648246765137,-0.04263770580291748,-0.00921541452407837
2025-01-13,-0.06795459985733032,-0.07425683736801147,-0.054975807666778564,-0.057657718658447266,-0.09223330020904541,-0.05401027202606201,-0.07879036664962769,-0.04405653476715088,-0.0518796443939209,-0.07138174772262573
2025-01-14,0.005939364433288574,0.017184138298034668,0.01751554012298584,0.02625727653503418,-0.018149852752685547,-0.018923699855804443,0.027071118354797363,-0.0002453327178955078,-0.03661924600601196,0.019678711891174316
2025-01-15,-0.07874441146850586,0.02077805995941162,0.015969514846801758,-0.00045496225357055664,-0.016781091690063477,0.015998005867004395,0.05488002300262451,0.009149551391601562,-0.024510681629180908,0.007434487342834473
2025-01-16,0.008991897106170654,0.030864953994750977,0.00823354721069336,0.02460014820098877,0.00311124324798584,-0.020903408527374268,0.0008449554443359375,0.007295012474060059,0.015944838523864746,-0.013038694858551025
2025-01-17,-0.013863801956176758,-0.004101455211639404,0.011000871658325195,0.01859426498413086,0.04297935962677002,0.012214303016662598,-0.008864521980285645,0.015415430068969727,-0.004937589168548584,0.006082415580749512
2025-01-20,-0.022345662117004395,0.0034123659133911133,0.015487313270568848,0.008535385131835938,0.027019023895263672,0.007039070129394531,-0.02141636610031128,-0.0059095025062561035,-0.015949666500091553,0.017674922943115234
2025-01-21,0.0586124062538147,-0.021518588066101074,-0.029844820499420166,-0.025657296180725098,-0.05063074827194214,-0.07232010364532471,-0.054961442947387695,-0.05097365379333496,-0.008779406547546387,-0.029438495635986328
2025-01-22,0.03361445665359497,-0.0384708046913147,-0.03266030550003052,-0.05296194553375244,-0.06130462884902954,-0.0510750412940979,-0.040888190269470215,-0.050111591815948486,-0.024618566036224365,-0.047875285148620605
2025-01-23,-0.015419602394104004,-0.011778652667999268,0.0017511844635009766,-0.006650209426879883,0.004734635353088379,0.03332102298736572,0.04808449745178223,0.017660856246948242,0.029058456420898438,0.0007370710372924805
2025-01-24,0.04649794101715088,-0.024910151958465576,-0.027690351009368896,-0.03174346685409546,0.015938282012939453,-0.03575938940048218,-0.0072972774505615234,-0.06476235389709473,0.005611300468444824,-0.06996726989746094
2025-01-27,-0.1751852035522461,-0.012482166290283203,0.012441635131835938,-0.027494192123413086,0.003592371940612793,-0.040813982486724854,-0.02165752649307251,-0.009397566318511963,-0.018045127391815186,0.05059397220611572
2025-01-28,-0.19997000694274902,-0.003929555416107178,0.03246200084686279,0.031110525131225586,0.02492070198059082,-0.0071808695793151855,0.020452260971069336,0.021907806396484375,0.030658483505249023,-0.07227814197540283
2025-01-29,0.10000002384185791,-0.07804584503173828,0.02566218376159668,0.03544735908508301,0.003978729248046875,0.027167677879333496,0.02816474437713623,0.03721189498901367,0.04313027858734131,-0.01105201244354248
2025-01-30,-0.045156896114349365,-0.01909005641937256,0.006238222122192383,0.022725701332092285,0.022104740142822266,0.021706223487854004,0.02710437774658203,0.018165946006774902,0.01184999942779541,-0.003939986228942871
2025-01-31,0.06572842597961426,-0.05128967761993408,-0.006666243076324463,0.01793837547302246,0.03782522678375244,0.03243720531463623,0.026670455932617188,0.01277613639831543,0.016597867012023926,-0.020199298858642578
2025-02-01,0.06702327728271484,0.006205201148986816,0.02093827724456787,0.01317906379699707,0.0628061294555664,0.0174330472946167,0.07467412948608398,0.05310773849487305,0.03107905387878418,-0.0377885103225708
2025-02-03,-0.07550126314163208,0.0004582405090332031,-0.015775978565216064,-0.01711750030517578,0.013514041900634766,-0.021905958652496338,0.03270232677459717,-0.004574954509735107,0.011293292045593262,0.02274876832962036
2025-02-04,-0.03159952163696289,0.00441288948059082,0.018099188804626465,0.030218839645385742,-0.008439600467681885,0.011281371116638184,-0.02080017328262329,-0.0026313066482543945,0.016691207885742188,-0.03406226634979248
2025-02-05,0.02239525318145752,-0.00046050548553466797,0.001574397087097168,-0.037031590938568115,-0.014069139957427979,0.0023298263549804688,-0.04719197750091553,-0.029583513736724854,0.021889567375183105,0.047324538230895996
2025-02-06,0.02027904987335205,0.0027042031288146973,0.0008513927459716797,-0.022226154804229736,-0.05495119094848633,-0.01684480905532837,-0.04964709281921387,-0.009424746036529541,-0.03725665807723999,0.009965240955352783
2025-02-07,0.03740358352661133,0.007615566253662109,-0.008638143539428711,-0.02368682622909546,0.03345298767089844,0.015130877494812012,0.01742386817932129,-0.013649523258209229,0.0032581090927124023,0.018491685390472412
2025-02-10,0.02336299419403076,0.036044418811798096,-0.03498578071594238,-0.033706486225128174,-0.050169527530670166,-0.008987069129943848,-0.013140678405761719,-0.016954779624938965,0.050215721130371094,0.06588202714920044
2025-02-11,-0.06698793172836304,0.04245823621749878,-0.029892683029174805,-0.04564625024795532,-0.005269229412078857,-0.05734187364578247,-0.027956724166870117,-0.010340750217437744,-0.026546955108642578,0.05264681577682495
2025-02-12,-0.017949342727661133,0.03054732084274292,-0.04096740484237671,-0.047483861446380615,0.0018796920776367188,-0.03783547878265381,0.014744997024536133,-0.0694047212600708,-0.026612401008605957,-0.002238631248474121
2025-02-13,0.0304335355758667,-6.508827209472656e-05,0.0008823871612548828,0.049721479415893555,0.00046896934509277344,-0.007072091102600098,6.246566772460938e-05,0.014547348022460938,-0.026942014694213867,-0.010117411613464355
2025-02-14,-0.07053208351135254,0.009160041809082031,-0.01079857349395752,-0.028409898281097412,-0.01674896478652954,-0.03561234474182129,-0.01909196376800537,-0.008684039115905762,-0.04466080665588379,-0.006764054298400879
2025-02-17,-0.06553250551223755,0.028979778289794922,0.002153635025024414,0.002997756004333496,0.012353181838989258,0.012478947639465332,-0.015640854835510254,0.010797381401062012,-0.03334897756576538,0.013781845569610596
2025-02-18,-0.01627969741821289,0.013639390468597412,-0.003927409648895264,0.0009118318557739258,-0.0044956207275390625,0.00018870830535888672,0.035662293434143066,-0.018743932247161865,-0.014171838760375977,-0.02262115478515625
2025-02-19,0.05806887149810791,-0.05134177207946777,0.026856184005737305,0.0362628698348999,0.016515374183654785,0.007293105125427246,-0.02865356206893921,0.010598540306091309,-0.0076819658279418945,-0.02809929847717285
2025-02-20,0.005090236663818359,0.006706655025482178,0.0068825483322143555,0.014383316040039062,0.009096622467041016,0.00917518138885498,0.027922511100769043,0.01646280288696289,-0.00031685829162597656,0.0052751898765563965
2025-02-21,-0.04871088266372681,0.01075059175491333,-0.012447893619537354,-0.04121428728103638,0.019329190254211426,-0.021677911281585693,-0.006446719169616699,-0.02719348669052124,-0.014038562774658203,0.005052626132965088
2025-02-24,-0.004162132740020752,0.008746922016143799,-0.0182877779006958,0.021091222763061523,-0.01690596342086792,0.0011063814163208008,-0.00885099172592163,-0.024829447269439697,0.012355327606201172,0.0039031505584716797
2025-02-25,-0.01059490442276001,0.02112436294555664,-0.025085389614105225,-0.022770285606384277,0.0013388395309448242,-0.025386035442352295,-0.006927907466888428,0.004974365234375,-0.005852818489074707,-0.0010955333709716797
2025-02-27,-0.05118381977081299,-0.003004789352416992,-0.02192443609237671,-0.024055778980255127,-0.0013789534568786621,-0.023066699504852295,-0.032385051250457764,-0.048196256160736084,-0.007849574089050293,-0.007533669471740723
2025-02-28,-0.04069161415100098,0.03275001049041748,-0.010663211345672607,-0.0015211701393127441,-0.0536004900932312,-0.015420317649841309,0.023977279663085938,-0.007007241249084473,-0.038500428199768066,-0.003049492835998535
2025-03-03,-0.027954697608947754,0.007461607456207275,0.018487930297851562,0.034317970275878906,-0.008886754512786865,0.014718770980834961,0.00022602081298828125,-0.050949811935424805,0.0038750171661376953,0.009078800678253174
2025-03-04,-0.0003330707550048828,-0.00886523723602295,-0.006179511547088623,0.0028210878372192383,-0.0025873184204101562,0.005742430686950684,0.0022281408309936523,-0.0033360719680786133,-0.004479527473449707,-0.0018912553787231445
2025-03-05,0.029212474822998047,-0.0177152156829834,0.028058409690856934,0.03331005573272705,0.030904769897460938,0.03587460517883301,0.01717245578765869,0.008249461650848389,-0.007180452346801758,-0.006082415580749512
2025-03-06,0.0019426345825195312,0.007183730602264404,0.005972623825073242,-0.005011379718780518,-0.012451171875,-0.0027399659156799316,-0.0018371343612670898,0.005517125129699707,-0.021166861057281494,-0.01013171672821045
2025-03-07,-0.07970702648162842,0.004035353660583496,0.0026303529739379883,-0.02738630771636963,-0.022097289562225342,-0.01399320363998413,-0.009837210178375244,0.022873759269714355,-0.04645085334777832,-0.02517855167388916
2025-03-10,0.03002798557281494,-0.003003835678100586,-0.029907822608947754,-0.017028868198394775,-0.03351306915283203,-0.012377262115478516,-0.005416214466094971,0.01825571060180664,0.0041422247886657715,0.02749931812286377
2025-03-11,-0.05481851100921631,0.004596829414367676,-0.041724562644958496,0.03644609451293945,-0.052663445472717285,0.03776121139526367,-0.06776440143585205,-0.002179861068725586,-0.008791804313659668,-0.0140763521194458
2025-03-12,0.030031204223632812,-0.024839043617248535,0.008010625839233398,-0.013660132884979248,0.04473000764846802,-0.006828486919403076,0.033406734466552734,0.006835997104644775,-0.00721585750579834,0.006164729595184326
2025-03-13,0.013771653175354004,0.0266265869140625,0.015851736068725586,-0.024304449558258057,0.02445220947265625,-0.02374589443206787,0.02310335636138916,-0.009743452072143555,-0.006373286247253418,0.011173605918884277
2025-03-17,-0.0005096197128295898,0.014519155025482178,0.0038747787475585938,0.002259969711303711,-0.008291840553283691,-0.008509993553161621,0.0026526451110839844,0.026646554470062256,0.016040265560150146,-0.016575932502746582
2025-03-18,-0.0398329496383667,-0.0007828474044799805,-0.029364705085754395,0.027589797973632812,-0.04520678520202637,0.02939927577972412,-0.029929280281066895,-0.030013680458068848,-0.020295023918151855,0.005271732807159424
2025-03-19,-0.026158571243286133,-0.011734604835510254,-0.033713698387145996,0.03777122497558594,-0.05876266956329346,0.03137075901031494,0.03198409080505371,-0.0602649450302124,-0.017174720764160156,-0.019719839096069336
2025-03-20,0.005823910236358643,-0.00934910774230957,0.004659175872802734,0.0020194053649902344,-0.013843536376953125,0.0175933837890625,-0.04393661022186279,-0.006246089935302734,-0.010547161102294922,-0.0035452842712402344
2025-03-21,-0.03783726692199707,-0.006894588470458984,-0.002304553985595703,0.01664412021636963,0.010890066623687744,0.005996346473693848,-0.025954484939575195,-0.01481485366821289,-0.03740370273590088,-0.021036624908447266
2025-03-24,0.0012953877449035645,-0.030847907066345215,-0.014513492584228516,0.021059274673461914,-0.030489087104797363,0.01364600658416748,-0.009302854537963867,0.004770994186401367,0.00021588802337646484,0.009436547756195068
2025-03-25,0.031687259674072266,0.014358580112457275,0.015297412872314453,-0.023160278797149658,0.005711913108825684,-0.026178359985351562,0.01447981595993042,-0.0021306276321411133,0.007558107376098633,0.01036006212234497
2025-03-26,0.04650270938873291,0.0034036636352539062,0.021216928958892822,-0.003600776195526123,0.010291039943695068,-0.007050037384033203,0.009503424167633057,0.021506309509277344,0.00670170783996582,-0.034293293952941895
2025-03-27,-0.023281455039978027,-0.017827868461608887,-0.011830329895019531,-0.002111971378326416,-0.03670608997344971,0.014416337013244629,-0.011665701866149902,-0.007897496223449707,0.0043811798095703125,0.005607008934020996
2025-03-28,0.035794854164123535,0.016844511032104492,0.0116194486618042,0.0015991926193237305,0.03665512800216675,-0.0034387707710266113,0.010477423667907715,0.01795119047164917,0.03744781017303467,0.011688470840454102
2025-04-01,0.028986990451812744,0.0186348557472229,0.025569498538970947,-0.04139280319213867,0.03227972984313965,-0.038750529289245605,0.025680065155029297,0.039724767208099365,0.01604640483856201,-0.01947331428527832
2025-04-02,-0.019377827644348145,-0.021353602409362793,-0.03023684024810791,0.05160558223724365,-0.05292952060699463,0.03001999855041504,-0.028699040412902832,-0.03538930416107178,-0.027040839195251465,0.0214005708694458
2025-04-03,0.0046239495277404785,-0.0071506500244140625,0.0045378804206848145,0.0021659135818481445,0.0005744695663452148,-0.01862812042236328,0.009805440902709961,-0.009256124496459961,-0.011852502822875977,0.008519530296325684
2025-04-04,0.05749976634979248,-0.03732508420944214,0.0383794903755188,-0.03881102800369263,0.030301809310913086,-0.02539283037185669,0.031025826930999756,0.051703810691833496,0.0011623501777648926,-0.03722572326660156
2025-04-07,-0.08740413188934326,-0.05612128973007202,-0.07018887996673584,-0.06808674335479736,0.06287842988967896,-0.04343479871749878,0.02024930715560913,0.059225380420684814,-0.05666714906692505,-0.08094042539596558
2025-04-08,0.04452705383300781,0.03132903575897217,0.022202134132385254,0.024595975875854492,-0.02358567714691162,0.030237674713134766,-0.015533089637756348,-0.02522873878479004,0.014519572257995605,-0.05655038356781006
2025-04-09,-0.045386672019958496,-0.01580202579498291,-0.013997256755828857,-0.0006330609321594238,0.018936991691589355,-0.022838830947875977,0.04868501424789429,0.0069915056228637695,0.0004209280014038086,0.04120194911956787
2025-04-11,0.057294249534606934,0.027785897254943848,0.017541050910949707,-0.012618482112884521,-0.010213732719421387,0.03626441955566406,0.011900007724761963,-0.04020571708679199,0.017671823501586914,-0.016503572463989258
2025-04-15,0.08481323719024658,0.04073047637939453,-0.06286084651947021,0.03448987007141113,-0.08141815662384033,0.049988627433776855,-0.04756426811218262,-0.06737327575683594,0.0388643741607666,-0.05034828186035156
2025-04-16,-0.01353764533996582,0.010760784149169922,0.00988227128982544,-0.007590770721435547,-0.022075772285461426,0.010278820991516113,-0.03255176544189453,-0.007426023483276367,-0.0038028955459594727,-0.015372872352600098
2025-04-17,0.003936171531677246,0.002644658088684082,-0.020038127899169922,-0.004599332809448242,0.0037879347801208496,-0.0004265308380126953,-0.010008096694946289,-0.006460070610046387,0.0006214380264282227,0.005407214164733887
2025-04-21,0.04609513282775879,0.023130059242248535,-0.009710192680358887,0.02691972255706787,-0.046355485916137695,0.009447216987609863,0.003282308578491211,-0.04394340515136719,0.011800289154052734,-0.03931081295013428
2025-04-22,0.024513840675354004,0.025052785873413086,-0.013463497161865234,0.02460026741027832,-0.015463113784790039,0.02626490592956543,-0.045296430587768555,-0.02782595157623291,0.014380931854248047,-0.021809101104736328
2025-04-23,-0.01700615882873535,0.014445066452026367,-0.003941655158996582,0.02739846706390381,-0.04035329818725586,0.0037065744400024414,0.004933774471282959,-0.01526188850402832,0.02213001251220703,-0.020634889602661133
2025-04-24,-0.018105030059814453,-0.010806679725646973,0.010469675064086914,-0.003159165382385254,0.03381150960922241,-0.015885114669799805,0.0027478933334350586,0.022511005401611328,-0.008711159229278564,0.0021607279777526855
2025-04-25,-0.060438454151153564,-0.01388084888458252,0.039603233337402344,-0.028104066848754883,0.011437654495239258,-0.043302178382873535,0.02420032024383545,0.024884045124053955,-0.03003150224685669,0.029696106910705566
2025-04-28,-0.013301372528076172,0.0018898248672485352,-0.015836596488952637,0.017311573028564453,-0.003907680511474609,0.03150296211242676,-0.0035605430603027344,-0.04279601573944092,0.006772756576538086,-0.008448362350463867
2025-04-29,0.029723763465881348,-0.010537326335906982,0.007606625556945801,-0.010511815547943115,0.016943931579589844,-0.021909713745117188,0.001468062400817871,-0.04879152774810791,0.007863044738769531,-0.022998452186584473
2025-04-30,-0.030153512954711914,0.014265060424804688,-0.023450016975402832,0.02972698211669922,-0.03206527233123779,0.013020634651184082,-0.019664287567138672,0.0035507678985595703,-0.004767656326293945,-0.021399855613708496
2025-05-02,-0.0033193230628967285,-0.040443360805511475,-0.01890850067138672,0.04061996936798096,-0.009177684783935547,-0.022173523902893066,-0.07641929388046265,0.008799314498901367,-0.012368202209472656,0.0027985572814941406
2025-05-05,0.024089694023132324,0.03417766094207764,-0.00975179672241211,-0.0133819580078125,0.005888938903808594,0.012397170066833496,0.011773824691772461,-0.016507744789123535,0.004674077033996582,-0.00364077091217041
2025-05-06,-0.03956639766693115,-0.02292466163635254,0.02392786741256714,-0.0588950514793396,0.0281943678855896,-0.04055136442184448,-0.036775171756744385,0.03861421346664429,-0.004915714263916016,0.045420169830322266
2025-05-07,0.013431191444396973,0.020721912384033203,-0.0031012296676635742,0.0189131498336792,-0.004629611968994141,0.014302253723144531,0.01895606517791748,-0.0037537813186645508,0.005822181701660156,-0.012904763221740723
2025-05-08,-0.023833394050598145,-0.014996767044067383,0.035627543926239014,-0.04591161012649536,0.01090627908706665,-0.016945958137512207,-0.019258499145507812,0.016080796718597412,-0.005963802337646484,0.02407383918762207
2025-05-09,-0.021677136421203613,0.013762474060058594,0.03564608097076416,-0.014677643775939941,0.04154372215270996,-0.01318579912185669,-0.012222766876220703,0.025769710540771484,0.014999151229858398,0.019461750984191895
2025-05-12,0.05212831497192383,0.021838903427124023,-0.07725179195404053,-0.07313179969787598,-0.05760347843170166,0.054425716400146484,0.03036046028137207,-0.0659332275390625,-0.039464592933654785,-0.0807807445526123
2025-05-13,0.019840359687805176,0.040112972259521484,0.003894209861755371,0.020682036876678467,0.024207115173339844,-0.019472062587738037,0.009646892547607422,0.013761758804321289,0.02625858783721924,0.014056801795959473
2025-05-14,-0.0014128684997558594,0.010921955108642578,-0.01600658893585205,-0.007943391799926758,-0.03352165222167969,0.017084956169128418,0.0012999773025512695,-0.035626769065856934,-0.007128119468688965,-0.01111447811126709
2025-05-15,0.03090989589691162,-0.02478182315826416,-0.02954840660095215,-0.01406252384185791,-0.041397690773010254,0.012520909309387207,0.009477376937866211,-0.016913890838623047,-0.002131819725036621,-0.014024734497070312
2025-05-16,-0.08551514148712158,0.040808677673339844,-0.009660840034484863,-0.012657761573791504,-0.017359614372253418,0.026140213012695312,-0.0027007460594177246,-0.010078191757202148,-0.051820993423461914,-0.026091575622558594
2025-05-19,-0.012254476547241211,0.005953431129455566,-0.030381321907043457,-0.02527451515197754,-0.0195009708404541,0.03484070301055908,0.0358501672744751,-0.0046051740646362305,-0.011164188385009766,0.001967191696166992
2025-05-20,0.02353966236114502,-0.004363954067230225,-0.021487116813659668,0.02783381938934326,0.029395222663879395,-0.020408153533935547,-0.016868948936462402,0.01402980089187622,-0.006720542907714844,0.014016687870025635
2025-05-21,-0.014562606811523438,0.0004202127456665039,-0.028732657432556152,-0.005532503128051758,-0.02086663246154785,0.01924443244934082,0.02431309223175049,-0.009157538414001465,-0.0433124303817749,-0.006663680076599121
2025-05-22,-0.008340597152709961,-0.009182512760162354,-0.0008385181427001953,0.007565319538116455,-0.0004967451095581055,-0.002251863479614258,-0.015391290187835693,0.009004652500152588,0.0021598339080810547,-0.0052220821380615234
2025-05-23,0.014138638973236084,-0.009449362754821777,-0.0009022951126098633,-0.008269786834716797,-0.0021991729736328125,0.005960702896118164,0.00351560115814209,-0.011622190475463867,-0.009283900260925293,-0.0056340694427490234
2025-05-26,-0.019024372100830078,-0.006604313850402832,-0.0016741752624511719,-0.02955460548400879,-0.0186154842376709,0.0017833709716796875,-0.0010009407997131348,-0.0017406940460205078,-0.007195413112640381,0.01426076889038086
2025-05-27,0.0022977590560913086,-0.005232393741607666,0.004821300506591797,0.000578463077545166,-0.009936809539794922,0.005627632141113281,0.010520339012145996,-0.00403141975402832,0.004213690757751465,0.0038382411003112793
2025-05-28,0.008348464965820312,0.008725285530090332,0.0026484131813049316,0.006011784076690674,-0.009907841682434082,-0.014447212219238281,-0.01462477445602417,-0.0050536394119262695,0.018042922019958496,-0.029564380645751953
2025-05-29,-0.05448031425476074,0.020121455192565918,-0.02817356586456299,-0.003270387649536133,0.007357954978942871,0.008691072463989258,-0.007295131683349609,-0.03382003307342529,0.010963678359985352,0.0006477236747741699
2025-05-30,-0.030008316040039062,-0.01280897855758667,-0.0051653385162353516,-0.0019649267196655273,0.021619737148284912,0.003101825714111328,-0.026227474212646484,0.02285301685333252,-0.011578679084777832,-0.0319746732711792
2025-06-02,-0.033321499824523926,-0.07486605644226074,-0.01610589027404785,-0.016846418380737305,-0.005892634391784668,0.012483477592468262,0.028885602951049805,-0.049775004386901855,0.014024138450622559,-0.01388692855834961
2025-06-03,-0.0021555423736572266,-0.04726552963256836,0.007586061954498291,-0.0012271404266357422,-0.008856892585754395,0.016514897346496582,0.02219414710998535,-0.0292283296585083,0.023999333381652832,-0.05513107776641846
2025-06-04,0.017637431621551514,0.015368819236755371,0.0014293193817138672,0.009017646312713623,0.0012442469596862793,-0.011127829551696777,-0.01744401454925537,0.0018932223320007324,-0.019226133823394775,0.01108938455581665
2025-06-05,0.0006131529808044434,-0.039736270904541016,-0.02775704860687256,-0.021291613578796387,-0.011697053909301758,0.013222336769104004,-0.0167464017868042,-0.028136014938354492,0.009720563888549805,-0.05692613124847412
2025-06-06,-0.009201645851135254,-0.013320565223693848,-0.06618618965148926,-0.06704151630401611,-0.03714859485626221,-0.05964004993438721,0.02324235439300537,-0.05442464351654053,0.029362201690673828,-0.048243045806884766
2025-06-09,-0.017367124557495117,0.019770503044128418,0.0019878745079040527,-0.00012159347534179688,0.002836465835571289,0.0026726722717285156,0.011075735092163086,0.0035576820373535156,0.0023380517959594727,0.01280069351196289
2025-06-10,0.014595389366149902,0.01724231243133545,0.012064635753631592,0.0037693381309509277,0.029304683208465576,-0.007671713829040527,0.006993412971496582,0.02628040313720703,0.005676150321960449,0.007780015468597412
2025-06-11,0.00571674108505249,-0.0029783248901367188,-0.0006335973739624023,0.0041904449462890625,-0.005724430084228516,0.008708298206329346,0.014074087142944336,-0.0017431974411010742,0.006185293197631836,0.019389688968658447
2025-06-12,0.029967784881591797,0.019976258277893066,0.023832857608795166,0.02410423755645752,0.018091917037963867,0.005681216716766357,-0.027212142944335938,0.01578158140182495,-0.014369189739227295,0.020888924598693848
2025-06-13,0.021553635597229004,0.02043849229812622,-0.004010200500488281,-0.00556790828704834,-0.002415299415588379,-0.0068247318267822266,-0.005731701850891113,-0.00969398021697998,0.004443764686584473,0.010698914527893066
2025-06-16,-0.014318466186523438,-0.008885860443115234,-0.009104251861572266,-0.01348876953125,-0.01239156723022461,-0.013556838035583496,0.012970685958862305,-0.026085376739501953,-0.0005433559417724609,-0.014718174934387207
2025-06-17,0.03320962190628052,0.015385448932647705,0.008789300918579102,-0.008749604225158691,0.016727864742279053,0.009176254272460938,-0.0019176006317138672,0.002707064151763916,-0.00908595323562622,-0.010090231895446777
2025-06-18,0.012729287147521973,0.008322536945343018,0.007810235023498535,-0.0023211240768432617,0.0019364356994628906,0.007848501205444336,-0.004896223545074463,0.0012981295585632324,-0.002664625644683838,0.02890676259994507
2025-06-19,0.02341681718826294,0.027688980102539062,0.005800127983093262,0.033029913902282715,0.01233363151550293,0.008385121822357178,-0.02447676658630371,0.008567214012145996,0.0034575462341308594,0.01504439115524292
2025-06-20,0.0060187578201293945,-0.008102893829345703,-0.01708531379699707,-0.021805763244628906,-0.04054999351501465,-0.016273975372314453,0.03179466724395752,-0.022824764251708984,-0.02662491798400879,0.028263747692108154
2025-06-23,-0.013380169868469238,0.001980304718017578,0.002107083797454834,0.012705564498901367,0.006674706935882568,-0.013135194778442383,0.003279566764831543,-0.0016896724700927734,-0.004022538661956787,-0.009202718734741211
2025-06-24,-0.04047799110412598,-5.829334259033203e-05,0.0034606456756591797,0.0009996294975280762,0.0019005537033081055,-0.026859521865844727,-0.012088298797607422,-0.0054094791412353516,0.0031502246856689453,-0.0017970800399780273
2025-06-25,-0.048999667167663574,-0.013655424118041992,-0.005709171295166016,-0.001917719841003418,0.009452581405639648,-0.0005030632019042969,0.01092517375946045,-0.011628508567810059,0.008052229881286621,-0.01335453987121582
2025-06-26,0.0035319924354553223,0.025906741619110107,0.008485972881317139,0.004868268966674805,0.010435223579406738,0.0033684968948364258,0.005002140998840332,0.02836555242538452,0.001677393913269043,0.032520294189453125
2025-06-27,0.0181657075881958,0.016548454761505127,0.0015346407890319824,0.01225125789642334,0.013320446014404297,0.03203350305557251,-0.034902334213256836,0.019776344299316406,-0.009649097919464111,0.013892650604248047
2025-06-30,-0.02247297763824463,-0.00042068958282470703,0.009458482265472412,0.00812762975692749,0.02671915292739868,0.006879329681396484,-0.005666613578796387,0.004803657531738281,-0.0037040114402770996,-0.007353544235229492
2025-07-01,0.0026480555534362793,0.01339578628540039,-0.006743907928466797,0.012206077575683594,-0.0052738189697265625,-0.004093170166015625,-0.009860992431640625,0.01224815845489502,0.007678031921386719,-0.017737746238708496
2025-07-02,0.020178794860839844,0.03251338005065918,0.013693749904632568,0.010499060153961182,-0.005246162414550781,0.008100748062133789,-0.0331760048866272,0.021684706211090088,8.022785186767578e-05,0.0037539005279541016
2025-07-03,0.014903783798217773,0.007677733898162842,0.0026445388793945312,0.010523021221160889,0.02137547731399536,0.014173567295074463,0.011705636978149414,0.000499427318572998,-0.008019864559173584,-0.0174943208694458
2025-07-04,-0.0030258893966674805,-0.021055221557617188,-0.007593035697937012,-0.016724705696105957,0.0005844235420227051,0.0008016824722290039,0.01963627338409424,-0.007621169090270996,0.0104292631149292,-0.004959702491760254
2025-07-07,0.005850672721862793,-0.017018675804138184,0.0041866302490234375,0.0021701455116271973,-0.006724715232849121,0.013479530811309814,0.004733562469482422,-0.010849356651306152,-0.012401998043060303,0.002500474452972412
2025-07-08,-0.01222991943359375,-0.026871919631958008,-0.012492537498474121,-0.004958629608154297,0.001742541790008545,-0.0071572065353393555,0.016263246536254883,-0.017540574073791504,0.005347132682800293,-0.00283658504486084
2025-07-09,0.004905521869659424,0.03883671760559082,0.01571953296661377,0.023935139179229736,-0.011055350303649902,0.01421266794204712,-0.035562336444854736,0.005484879016876221,0.004996299743652344,0.00868302583694458
2025-07-10,-0.01223301887512207,-0.00235140323638916,-0.0022901296615600586,-0.0004876852035522461,-0.015610456466674805,-0.0065534114837646484,-0.005991935729980469,-0.028181791305541992,0.0158768892288208,-0.010218977928161621
2025-07-11,-0.012445807456970215,0.015680015087127686,0.01978236436843872,0.022116780281066895,0.008287370204925537,0.0041234493255615234,-0.01371222734451294,0.0008841753005981445,-0.009235203266143799,0.014779269695281982
2025-07-14,-0.018172144889831543,-0.020633459091186523,-0.014476776123046875,-0.0229341983795166,-0.013998985290527344,0.01705259084701538,0.014775991439819336,-0.01846611499786377,-0.0015933513641357422,-0.03000199794769287
2025-07-15,-0.062467217445373535,-0.005591750144958496,-0.007981538772583008,-0.005671501159667969,-0.010072588920593262,-0.008812785148620605,-0.012773871421813965,0.000984787940979004,0.0014363527297973633,-0.06647670269012451
2025-07-16,0.001811683177947998,-0.021998167037963867,-0.012957334518432617,-0.008547425270080566,-0.004323482513427734,0.0019779205322265625,-0.007173478603363037,0.0034790635108947754,-0.002390444278717041,-0.0018208026885986328
2025-07-17,0.0077544450759887695,-0.015067219734191895,-0.003257155418395996,-0.020925164222717285,-0.00013887882232666016,-0.012221336364746094,0.014518141746520996,-0.03758871555328369,-0.005990386009216309,-0.026535868644714355
2025-07-18,0.02028602361679077,0.01767098903656006,0.0021840333938598633,-0.012152314186096191,-0.0031241178512573242,0.0020122528076171875,-0.010649621486663818,0.000560760498046875,0.0017677545547485352,-0.00047206878662109375
2025-07-21,0.010607600212097168,0.00917428731918335,-0.008755326271057129,-0.01627635955810547,-0.002629876136779785,0.00021797418594360352,0.004911184310913086,-0.013410449028015137,-0.00713878870010376,-0.0014157295227050781
2025-07-22,0.022557735443115234,0.01331394910812378,0.0083274245262146,0.01680600643157959,0.0044176578521728516,0.004578649997711182,-0.013456523418426514,0.007197856903076172,-0.014703571796417236,0.014608800411224365
2025-07-23,0.012372732162475586,0.03453141450881958,0.004198670387268066,0.016670167446136475,-0.07508844137191772,-0.030993282794952393,-0.013504385948181152,0.021917283535003662,0.0014759302139282227,0.011477828025817871
2025-07-24,0.0007108449935913086,-0.011244535446166992,0.01544034481048584,0.004948139190673828,-0.005922079086303711,-0.011754035949707031,-0.003852248191833496,0.03181666135787964,-0.022924482822418213,0.015602290630340576
2025-07-25,-0.01973867416381836,0.0033923983573913574,0.0031968355178833008,0.034074246883392334,-0.03521603345870972,-0.028934180736541748,-0.053725600242614746,0.017020046710968018,-0.007038712501525879,0.008600592613220215
2025-07-28,0.01804870367050171,0.04141455888748169,-0.04731935262680054,-0.05282479524612427,-0.05955922603607178,-0.04180896282196045,0.011206507682800293,0.03462940454483032,-0.01603376865386963,0.007188081741333008
2025-07-29,-0.02717113494873047,0.004734635353088379,0.016704678535461426,0.01857459545135498,0.03598737716674805,0.023107290267944336,0.0003314018249511719,-0.017935752868652344,-0.03190392255783081,0.023966968059539795
2025-07-30,-0.0024204254150390625,0.021605491638183594,-0.014431178569793701,-0.011925280094146729,-0.006658673286437988,-0.010091304779052734,0.004309475421905518,0.009389042854309082,0.0004429817199707031,-0.013492703437805176
2025-07-31,0.026215970516204834,-0.020866990089416504,-0.005768239498138428,-0.012444794178009033,-0.005330324172973633,-0.010861694812774658,0.011852502822875977,-0.001046299934387207,0.013548135757446289,-0.009338140487670898
2025-08-01,0.0013283491134643555,0.024872660636901855,-0.008734405040740967,-0.024870336055755615,-0.019243240356445312,-0.02496778964996338,0.021428585052490234,0.018444538116455078,-0.0116196870803833,0.009501755237579346
2025-08-04,0.002482891082763672,-0.002645730972290039,0.019873857498168945,0.023163914680480957,0.029886603355407715,0.01270914077758789,-0.015149474143981934,-0.02273726463317871,-0.024661779403686523,0.010539591312408447
2025-08-05,0.005156040191650391,-0.007577776908874512,-0.015009105205535889,0.007959604263305664,-0.008038580417633057,-0.0006212592124938965,-0.0012888908386230469,0.014637470245361328,0.013975143432617188,-0.016137242317199707
2025-08-06,0.029219865798950195,0.024241209030151367,-0.02106410264968872,-0.025203347206115723,-0.005267441272735596,-0.002548813819885254,0.018901169300079346,0.0026726722717285156,0.021872282028198242,0.018831193447113037
2025-08-07,-0.0062590837478637695,0.015071272850036621,-0.006343960762023926,-0.008585929870605469,-0.0041547417640686035,0.003739476203918457,-0.005938529968261719,-0.015517950057983398,0.00903397798538208,0.0019832253456115723
2025-08-08,0.023142993450164795,0.0066378116607666016,-0.016389131546020508,-0.03517955541610718,-0.016197681427001953,-0.02434021234512329,0.02711421251296997,0.01589447259902954,-0.003159165382385254,0.030705153942108154
2025-08-11,-0.008989572525024414,-0.014278769493103027,0.023755311965942383,0.009635329246520996,0.018543243408203125,0.02507472038269043,-0.01411128044128418,-0.03068101406097412,0.0009897351264953613,-0.0007936954498291016
2025-08-12,0.004269123077392578,-0.013384222984313965,-0.009869933128356934,-0.021146178245544434,-0.008735477924346924,0.0019867420196533203,-0.0013219118118286133,0.013310730457305908,9.018182754516602e-05,0.0033701658248901367
2025-08-13,-0.0009320974349975586,0.008211851119995117,0.0003300905227661133,0.005798459053039551,0.009553670883178711,0.007930994033813477,0.001598060131072998,0.0011650919914245605,-0.0030624866485595703,-0.008354425430297852
2025-08-14,0.0022348761558532715,0.02960050106048584,-0.008051276206970215,-0.011989176273345947,0.004731535911560059,-0.004610538482666016,0.004802048206329346,0.017189502716064453,0.011943161487579346,-0.008745312690734863
2025-08-18,-0.01427912712097168,-0.026663780212402344,0.023085713386535645,0.03397715091705322,0.012504100799560547,0.016860246658325195,-0.04167830944061279,-0.01486659049987793,-0.004271507263183594,0.026334702968597412
2025-08-19,0.0021163225173950195,0.00713348388671875,0.009364008903503418,0.0037953853607177734,0.00866079330444336,0.001761317253112793,-0.009197115898132324,-0.007201433181762695,0.0019909143447875977,-0.0025440454483032227
2025-08-20,0.0070078372955322266,-0.0006277561187744141,-0.007215559482574463,0.015820860862731934,0.03355062007904053,0.004547119140625,-0.04004514217376709,0.005988776683807373,-0.010155916213989258,-0.0054090023040771484
2025-08-21,-0.02655768394470215,-0.011781096458435059,0.0035042762756347656,0.005779266357421875,-0.004923105239868164,0.001689910888671875,-0.007675051689147949,-0.0024591684341430664,-0.015439867973327637,-0.008900165557861328
2025-08-22,0.010221660137176514,0.005236327648162842,-0.013773977756500244,-0.0003409385681152344,-0.025200963020324707,-0.0013857483863830566,-0.0015867948532104492,-0.0030663013458251953,0.008221268653869629,0.026596486568450928
2025-08-25,0.014713943004608154,-0.006302833557128906,0.012392640113830566,0.007793903350830078,0.0026962757110595703,0.009231328964233398,-0.006273746490478516,-0.008253812789916992,-0.004456758499145508,-0.018463492393493652
2025-08-26,0.0135422945022583,0.025191009044647217,-0.02253890037536621,-0.029870927333831787,-0.021828532218933105,-0.02062535285949707,0.017885267734527588,0.024316251277923584,0.00905144214630127,0.012484252452850342
2025-08-28,0.02661031484603882,-0.009249448776245117,-0.0068247318267822266,-0.011210203170776367,-0.023124277591705322,-0.011842191219329834,0.031933367252349854,0.018085777759552002,0.011193692684173584,0.0047743916511535645
2025-08-29,0.002415001392364502,0.031271934509277344,-0.013876855373382568,-0.018593192100524902,-0.013159990310668945,-0.0049419403076171875,0.004305481910705566,0.011456429958343506,0.013675034046173096,0.033783793449401855
2025-09-01,-0.009296059608459473,-0.004477500915527344,0.012516021728515625,0.0023103952407836914,0.01249682903289795,0.017010092735290527,-0.00924694538116455,-0.010500669479370117,0.015150129795074463,-0.019860148429870605
2025-09-02,-0.03271603584289551,0.0015097856521606445,0.008686304092407227,0.013318300247192383,-0.010437369346618652,0.008301854133605957,-0.03203475475311279,0.007983744144439697,-0.013891458511352539,-0.0012341737747192383
2025-09-03,-0.010776638984680176,-0.006552457809448242,0.012718677520751953,0.017035722732543945,0.0056923627853393555,0.0029664039611816406,0.03404223918914795,-0.01232755184173584,-0.014436721801757812,0.004862308502197266
2025-09-04,0.018658161163330078,0.003719925880432129,-0.008241832256317139,-0.004523098468780518,-0.007824242115020752,0.0031387805938720703,0.007471621036529541,0.01937037706375122,0.0009970664978027344,0.0021333694458007812
2025-09-05,-0.0026224851608276367,0.01953035593032837,-0.003363668918609619,-0.02047133445739746,-0.014345645904541016,-0.020037353038787842,-0.01132500171661377,0.02811729907989502,-0.005353450775146484,0.02924138307571411
2025-09-08,0.012891232967376709,0.0014646649360656738,0.002580881118774414,0.0012743473052978516,0.005702614784240723,-0.0032542943954467773,-0.0076410770416259766,-0.018603086471557617,0.007220208644866943,-0.021455049514770508
2025-09-09,0.018358945846557617,0.005133867263793945,-0.008448898792266846,-0.007432699203491211,-0.0077860355377197266,-0.0036345720291137695,-0.016866087913513184,-0.0026646852493286133,-0.008454561233520508,0.006120502948760986
2025-09-10,-0.02737867832183838,-0.0349428653717041,0.004260420799255371,0.020208239555358887,0.007847070693969727,-0.0035242438316345215,-0.003664374351501465,-0.012445807456970215,-0.016586899757385254,-0.04688596725463867
2025-09-11,0.007600605487823486,0.0017807483673095703,0.002717733383178711,0.00196075439453125,-0.0016925930976867676,-0.004901587963104248,0.0058928728103637695,0.0019207596778869629,0.004965841770172119,-0.04104280471801758
2025-09-12,-0.00850987434387207,-0.0121307373046875,0.0027104616165161133,0.0029603242874145508,-0.009579479694366455,-0.001184701919555664,-0.005219101905822754,0.005901634693145752,0.0039212703704833984,-0.007448315620422363
2025-09-15,-0.10528790950775146,-0.02587413787841797,0.022811174392700195,0.018860340118408203,0.016690969467163086,-0.023784279823303223,-0.01762712001800537,-0.02871525287628174,-0.013688921928405762,-0.016379833221435547
2025-09-16,-0.009670019149780273,0.0180056095123291,0.014245152473449707,0.011980772018432617,0.010860323905944824,-0.0018292665481567383,-0.017888665199279785,-0.01944553852081299,-0.008914351463317871,0.0033234357833862305
2025-09-17,0.01377803087234497,0.0029394030570983887,-0.00038129091262817383,0.009946584701538086,0.0032480955123901367,-0.008338332176208496,0.0014232993125915527,-0.017905592918395996,0.006386101245880127,-0.011450886726379395
2025-09-18,0.0024704337120056152,-0.0036499500274658203,-0.004259705543518066,0.0029306411743164062,8.296966552734375e-05,-0.0009053945541381836,-0.007746219635009766,0.015293478965759277,-0.00704348087310791,-0.013498425483703613
2025-09-19,-0.09376609325408936,0.01671445369720459,-0.006895601749420166,0.027591466903686523,0.009462952613830566,-0.0072367191314697266,-0.0022138357162475586,0.006322920322418213,-0.03164893388748169,0.020929276943206787
2025-09-22,-0.05808866024017334,0.013584613800048828,-0.005079090595245361,-0.019345521926879883,-0.0031246542930603027,-0.0022153854370117188,-0.00521540641784668,0.0008030533790588379,0.004514217376708984,-0.0003762245178222656
2025-09-23,0.016824007034301758,0.011103928089141846,-0.018545985221862793,0.0,-0.005691707134246826,0.004719555377960205,0.007202625274658203,0.007728457450866699,-0.005572497844696045,0.011091649532318115
2025-09-24,-0.016361355781555176,-0.0006562471389770508,-0.03390836715698242,-0.04021483659744263,-0.02156960964202881,-0.02755105495452881,0.030003130435943604,0.020063579082489014,-0.010213375091552734,0.0025980472564697266
2025-09-25,-0.001033782958984375,-0.006047725677490234,-0.01717442274093628,-0.025605440139770508,-0.0254366397857666,-0.012468338012695312,0.009507536888122559,0.024289429187774658,-0.014519274234771729,0.00908517837524414
2025-09-26,-0.002803206443786621,0.016658246517181396,-0.00693434476852417,-0.00498121976852417,-0.007221221923828125,-0.013875901699066162,0.014270126819610596,0.017660439014434814,-0.02223867177963257,0.011220097541809082
2025-09-29,-0.028615593910217285,0.019223690032958984,0.00851905345916748,0.020075678825378418,0.012444138526916504,0.014641642570495605,-0.0054531097412109375,-0.008889436721801758,0.027767300605773926,0.014784038066864014
2025-09-30,0.0014303326606750488,-0.00938725471496582,-0.012670516967773438,-0.014071822166442871,-0.016878724098205566,-0.011681675910949707,-0.00432586669921875,0.007035791873931885,-0.028123557567596436,-0.014545202255249023
2025-10-01,-0.0012890100479125977,0.0007439851760864258,0.013043403625488281,0.0312880277633667,0.0035218000411987305,0.008533000946044922,-0.0053359270095825195,-0.021190643310546875,-0.007305443286895752,0.01725590229034424
2025-10-03,-0.02968311309814453,-0.0014890432357788086,0.009552836418151855,0.0012805461883544922,-0.023512959480285645,0.0061419010162353516,0.0008313655853271484,0.007781624794006348,0.006116747856140137,0.029440879821777344
2025-10-06,0.020561277866363525,0.00319671630859375,0.008296728134155273,0.011559247970581055,0.0018867254257202148,0.01052701473236084,-0.0204160213470459,-0.007319808006286621,-0.01785874366760254,-0.00047600269317626953
2025-10-07,-0.043404221534729004,-0.036470651626586914,0.002584218978881836,0.008169293403625488,-0.026813745498657227,0.008814573287963867,-0.010913252830505371,0.0069422125816345215,-0.007834374904632568,0.0006797909736633301
2025-10-08,0.04846376180648804,0.015398919582366943,-0.016618072986602783,-0.019244670867919922,0.014235854148864746,-0.036111414432525635,0.012098252773284912,0.010976016521453857,-0.024468719959259033,0.0056462883949279785
2025-10-09,0.0022859573364257812,-0.007600545883178711,0.005655884742736816,-0.0009344220161437988,-0.0,0.008811473846435547,-0.0009419918060302734,-0.04564666748046875,0.004996538162231445,0.013340651988983154
2025-10-10,0.00594252347946167,-0.025603890419006348,0.015363574028015137,0.0297316312789917,-0.024098634719848633,0.005152702331542969,-0.0025097131729125977,-0.024448752403259277,0.024361133575439453,-0.006795167922973633
2025-10-13,0.012460410594940186,0.012942016124725342,0.001350998878479004,0.002390146255493164,0.0013841986656188965,-0.0072517991065979,-0.0157090425491333,0.004316747188568115,0.008542060852050781,0.003168046474456787
2025-10-14,0.0410618782043457,0.016694068908691406,-0.00040471553802490234,-0.018837332725524902,0.010655879974365234,-0.010705292224884033,-0.001786947250366211,0.0068128108978271484,-0.03686237335205078,0.0056653618812561035
2025-10-15,-0.00783383846282959,-0.04575920104980469,0.02078545093536377,0.03800928592681885,-0.02626967430114746,0.019350767135620117,-0.031061649322509766,-0.045148372650146484,-0.0428699254989624,-0.04704010486602783
2025-10-16,0.04407215118408203,-0.011427044868469238,0.017717838287353516,0.03263711929321289,-0.019454002380371094,-0.05351567268371582,-0.011095881462097168,-0.012470126152038574,-0.022614002227783203,-0.026279091835021973
2025-10-17,0.01949942111968994,-0.01357126235961914,-0.0022736191749572754,0.014011621475219727,0.006612002849578857,-0.007942676544189453,0.004189014434814453,-0.005480527877807617,-0.0010308027267456055,0.01338505744934082
2025-10-20,-0.02415454387664795,0.0017672181129455566,0.007812976837158203,0.024863600730895996,0.0010953545570373535,0.0007644891738891602,0.018663346767425537,-0.006622910499572754,-0.004492998123168945,-0.017236828804016113
2025-10-21,-0.01265716552734375,-0.0017703771591186523,-0.0028426051139831543,0.0007417201995849609,0.0006747245788574219,0.0001176595687866211,0.0027168989181518555,0.0023871660232543945,0.0004659295082092285,0.005089879035949707
2025-10-23,0.025851964950561523,-0.01726353168487549,0.003304123878479004,-0.006409406661987305,0.008018255233764648,0.014714539051055908,-0.02385270595550537,-0.01383209228515625,0.007551729679107666,0.006475865840911865
2025-10-24,0.015859127044677734,-0.0026057958602905273,-0.002389252185821533,0.003949403762817383,0.002042055130004883,-0.015471935272216797,0.006208598613739014,-0.009786367416381836,-0.03973698616027832,-0.00032591819763183594
2025-10-27,-0.021540164947509766,-0.03545248508453369,0.009126782417297363,0.01420581340789795,-0.0034955739974975586,-0.021236538887023926,-0.01808774471282959,-0.01750195026397705,0.0014457106590270996,-0.02234971523284912
2025-10-28,0.009433209896087646,0.023941338062286377,-0.006991684436798096,-0.010214149951934814,0.0067969560623168945,0.016071438789367676,0.0053182244300842285,0.014903664588928223,0.016739070415496826,0.014913976192474365
2025-10-29,-0.017285466194152832,-0.023209810256958008,0.00600743293762207,0.006400704383850098,-0.008725404739379883,-0.003102898597717285,-0.003466486930847168,0.0029006600379943848,-0.00717771053314209,-0.008928656578063965
2025-10-30,-0.012035965919494629,-0.0042531490325927734,-0.00276106595993042,-0.00536501407623291,0.006614565849304199,-0.02153611183166504,0.002576291561126709,-0.0012549161911010742,-0.0013704299926757812,-0.011158108711242676
2025-10-31,-0.0017877817153930664,0.001155078411102295,-0.026141226291656494,-0.004741370677947998,-0.02262246608734131,-0.01599729061126709,0.012268900871276855,0.0060389041900634766,0.010675132274627686,-0.02650928497314453
2025-11-03,-0.009000658988952637,-0.0035333633422851562,0.0277024507522583,0.008522748947143555,-0.031054258346557617,-0.01642012596130371,-0.037976980209350586,-0.020633935928344727,-0.014387130737304688,-0.02335357666015625
2025-11-04,0.007305443286895752,0.022469758987426758,-0.0033453702926635742,-0.006197214126586914,0.009877681732177734,0.014605820178985596,-0.0121384859085083,0.019205927848815918,0.02009272575378418,0.022458374500274658
2025-11-06,0.034317195415496826,0.024557948112487793,-0.020978569984436035,-0.04338914155960083,-0.007850170135498047,0.0003929734230041504,0.012954652309417725,0.012195825576782227,0.0021340250968933105,-0.02173912525177002
2025-11-07,0.0055350661277771,0.013091623783111572,0.0014505386352539062,-0.023248374462127686,0.004787027835845947,-0.0070209503173828125,-0.01633429527282715,-0.007767200469970703,0.016085565090179443,-0.02828812599182129
2025-11-10,-0.012583732604980469,0.0016326904296875,0.0007241964340209961,0.011667490005493164,0.016712844371795654,0.0031792521476745605,0.006992638111114502,-0.00695955753326416,0.03477597236633301,0.031330764293670654
2025-11-11,0.02039361000061035,0.010220766067504883,0.006907939910888672,-0.004244089126586914,-0.012353897094726562,0.01370859146118164,0.013743042945861816,-0.0045125484466552734,-0.020070433616638184,0.02142125368118286
2025-11-12,-0.008376121520996094,0.009775519371032715,-0.005292356014251709,0.016353964805603027,0.0031122565269470215,0.01361548900604248,0.0025911331176757812,-0.03263962268829346,-0.022554993629455566,0.0008060932159423828
2025-11-13,0.007419288158416748,0.008551180362701416,0.0047293901443481445,0.0056067705154418945,-0.0003286600112915039,-0.0031633377075195312,0.010044991970062256,0.03174233436584473,-0.0347287654876709,0.010054051876068115
2025-11-14,-0.001137375831604004,0.006871819496154785,6.532669067382812e-05,-0.004668891429901123,0.006652414798736572,-0.004701375961303711,-0.0125962495803833,-0.005868256092071533,-0.009071111679077148,0.013353347778320312
2025-11-17,-0.028079986572265625,-0.001270890235900879,0.004772186279296875,-0.005100607872009277,-0.00892937183380127,0.0041086673736572266,-0.005298256874084473,0.0047566890716552734,0.0016181468963623047,-0.02840256690979004
2025-11-18,0.019182205200195312,0.020520389080047607,-0.023617446422576904,-0.015471935272216797,0.02319103479385376,0.01994037628173828,0.012316703796386719,-0.017624855041503906,0.00036019086837768555,0.02897745370864868
2025-11-19,0.005955755710601807,0.0008639097213745117,-0.008929073810577393,-0.00948488712310791,-0.00838923454284668,0.000993967056274414,0.0052201151847839355,-0.0029031038284301758,-0.0016213655471801758,0.0013998150825500488
2025-11-20,-0.0020241737365722656,0.0020176172256469727,-0.003429114818572998,-0.0030979514122009277,0.0009983181953430176,0.0001170039176940918,-0.0003497600555419922,-5.829334259033203e-05,-0.011510848999023438,0.007964849472045898
2025-11-21,0.013493835926055908,0.02664262056350708,-0.021252214908599854,-0.015491187572479248,0.01998668909072876,-0.031079888343811035,0.010316431522369385,-0.016713201999664307,0.007112383842468262,0.01785600185394287
2025-11-24,-0.06503403186798096,0.032267630100250244,-0.010546565055847168,-0.021282672882080078,0.014361023902893066,-0.02917724847793579,0.011837422847747803,-0.03387618064880371,0.008058726787567139,0.007978498935699463
2025-11-25,0.04143679141998291,-0.03388011455535889,0.005015969276428223,0.02326035499572754,-0.00025856494903564453,0.014000415802001953,-0.032063841819763184,0.015079975128173828,-0.003520369529724121,-0.021095633506774902
2025-11-26,0.018001317977905273,-0.013790011405944824,0.013101339340209961,0.009742021560668945,-0.0029305219650268555,0.020373106002807617,-0.01154935359954834,0.007186412811279297,-0.018980026245117188,-0.015301108360290527
2025-11-27,-0.029003441333770752,0.014333724975585938,-0.0073212385177612305,-0.00856029987335205,0.0060158371925354,-0.0007216930389404297,0.006108343601226807,0.0010192394256591797,0.008916020393371582,0.0217474102973938
2025-11-28,-0.018891990184783936,0.003784000873565674,-0.0024814605712890625,0.008729696273803711,0.007262706756591797,-0.00866633653640747,0.0024123787879943848,0.004672050476074219,0.00872892141342163,0.0007150173187255859
2025-12-01,-0.006505310535430908,-0.004096269607543945,-0.015339910984039307,-0.008559584617614746,0.01741856336593628,-0.01718062162399292,0.003972828388214111,-0.010791182518005371,-0.01752173900604248,0.004163146018981934
2025-12-02,-0.029683947563171387,0.009939134120941162,-0.0004210472106933594,0.0005723237991333008,0.007445394992828369,0.00846254825592041,-0.000751495361328125,-0.004038035869598389,0.005386769771575928,-0.012868165969848633
2025-12-03,-0.004228949546813965,0.004794716835021973,-0.005897223949432373,-0.014253675937652588,0.01419895887374878,0.004900217056274414,0.005776345729827881,-0.006233036518096924,0.006126284599304199,0.014446020126342773
2025-12-04,-0.023493289947509766,-0.006699800491333008,0.001906752586364746,0.0057065486907958984,-0.005072951316833496,0.014080166816711426,-0.007494807243347168,0.010352015495300293,0.0008040070533752441,-0.007001757621765137
2025-12-05,-0.02600163221359253,0.009422063827514648,0.014661312103271484,0.0013463497161865234,-0.001892685890197754,-0.003606438636779785,0.005190014839172363,0.01838231086730957,-0.004738569259643555,0.0007147789001464844
2025-12-08,-0.04398632049560547,0.025439679622650146,-0.044876694679260254,-0.05152702331542969,-0.03562432527542114,-0.028774797916412354,0.0023186802864074707,-0.04716813564300537,0.011034011840820312,-0.043178558349609375
2025-12-09,0.0029811859130859375,0.005499601364135742,0.003782033920288086,-0.0343780517578125,0.003731369972229004,0.01118016242980957,-0.010516524314880371,0.014223575592041016,-0.0062983036041259766,-0.030515193939208984
2025-12-10,0.008421659469604492,-0.02289903163909912,-0.0076081156730651855,0.01404792070388794,-0.003438591957092285,-0.0009827613830566406,0.000804901123046875,-0.008879899978637695,0.008047223091125488,0.014721393585205078
2025-12-11,-0.007860064506530762,0.0047209858894348145,0.012923479080200195,-0.0105743408203125,0.007647037506103516,0.003935098648071289,-0.0034526586532592773,0.02088475227355957,-0.0020731687545776367,-0.028186559677124023
2025-12-12,-0.09021592140197754,-0.016831159591674805,0.008289456367492676,-0.01940464973449707,0.009810209274291992,0.01653599739074707,-0.015540719032287598,0.005265712738037109,-0.009714841842651367,0.030496954917907715
2025-12-15,-0.00018167495727539062,0.001880943775177002,-0.0021446943283081055,0.00351792573928833,-9.161233901977539e-05,-0.002349674701690674,-0.010446667671203613,-0.003311455249786377,-0.00044548511505126953,-0.010968565940856934
2025-12-16,0.020524919033050537,0.029096901416778564,-0.008525609970092773,0.021375417709350586,-0.014298796653747559,-0.017573535442352295,0.004694342613220215,-0.01661229133605957,0.0016919374465942383,0.02392411231994629
2025-12-17,0.02559107542037964,-0.0015528202056884766,-0.01278996467590332,0.00429922342300415,-0.010786652565002441,-0.010388493537902832,-0.00028073787689208984,-0.012592911720275879,-0.008563041687011719,-0.016144394874572754
2025-12-18,-0.011704206466674805,-0.018759608268737793,-0.00592881441116333,0.007494151592254639,0.004982113838195801,0.03000175952911377,-0.009261846542358398,-0.004479348659515381,-0.004952788352966309,-0.0038080811500549316
2025-12-19,-0.03762233257293701,0.010500609874725342,0.01789271831512451,-0.02250230312347412,0.019736170768737793,0.010312438011169434,-0.018520593643188477,0.014935612678527832,-0.008976459503173828,0.018279075622558594
2025-12-22,-0.017585277557373047,-0.007843732833862305,0.0012297630310058594,0.007042288780212402,0.004861593246459961,-0.007461369037628174,-0.008573174476623535,-0.012930214405059814,0.00540769100189209,0.0126953125
2025-12-23,0.005433797836303711,-0.006561875343322754,0.0031789541244506836,0.005368411540985107,-0.011592864990234375,-0.00018042325973510742,0.002490520477294922,0.00106048583984375,-8.761882781982422e-05,0.005391955375671387
2025-12-24,-0.015315651893615723,-7.593631744384766e-05,0.0009362697601318359,0.006635308265686035,-0.002493619918823242,0.005954861640930176,-0.005970478057861328,0.008225321769714355,-0.0009645223617553711,-0.00951927900314331
2025-12-26,0.021436095237731934,-0.0006062984466552734,0.00014388561248779297,0.001744687557220459,-0.006110548973083496,0.004903078079223633,0.0016186237335205078,-0.005191624164581299,0.0025405287742614746,0.0014213323593139648
2025-12-29,0.034346044063568115,0.0014393329620361328,-0.008992791175842285,0.002396821975708008,-0.008197546005249023,-0.0060097575187683105,-0.0007566213607788086,-0.011555671691894531,0.0038644075393676758,-0.007569551467895508
2025-12-30,-0.016243457794189453,0.009786009788513184,-0.011760413646697998,0.010061144828796387,-0.007325947284698486,-0.014546573162078857,0.0001080632209777832,-0.013450682163238525,-0.017457187175750732,-0.006673991680145264
2025-12-31,-0.005511641502380371,-0.01700758934020996,0.009917020797729492,-0.013500571250915527,0.004163146018981934,0.014822006225585938,-0.001026153564453125,0.01605510711669922,0.0116654634475708,0.0004799365997314453
2026-01-01,-0.009501218795776367,-0.013182640075683594,0.005819082260131836,-0.005438089370727539,0.010835766792297363,0.01514434814453125,-0.010358810424804688,0.005831360816955566,0.0011529922485351562,0.002398371696472168
2026-01-02,-0.05710399150848389,0.00691455602645874,0.009835124015808105,-0.026398062705993652,0.012024521827697754,0.020107269287109375,-0.016393423080444336,0.009164094924926758,-0.0015060901641845703,0.01900458335876465
2026-01-05,-0.006848692893981934,-0.013625860214233398,0.01883411407470703,-0.026927709579467773,-0.031592607498168945,0.005780339241027832,-0.0110853910446167,0.02983689308166504,0.002040863037109375,-0.05789613723754883
2026-01-06,0.004846513271331787,0.012408614158630371,-0.007099151611328125,-0.0017417669296264648,0.0070536136627197266,-0.00787353515625,-0.013665914535522461,-0.008337855339050293,-0.007349729537963867,0.01801002025604248
2026-01-07,-0.010850906372070312,0.005010783672332764,-0.0043182373046875,-0.004840493202209473,0.0010790228843688965,-0.010195255279541016,0.004203438758850098,-0.020384669303894043,-0.01391613483428955,0.01252824068069458
2026-01-08,0.03457021713256836,0.02052021026611328,-0.015428304672241211,0.0201570987701416,0.018633604049682617,0.007783770561218262,-0.020282089710235596,-0.01858597993850708,-0.10294920206069946,-0.026813149452209473
2026-01-09,0.03502011299133301,0.011357486248016357,-0.0310513973236084,-0.04944872856140137,0.026417076587677002,-0.020383238792419434,0.0005254745483398438,-0.01591801643371582,0.016135573387145996,0.008216023445129395
2026-01-12,-0.031482577323913574,-0.0156019926071167,-0.01676851511001587,-0.030479490756988525,-0.015451312065124512,-0.01736915111541748,-0.01003044843673706,-0.03772139549255371,-0.05160778760910034,0.0050089359283447266
2026-01-13,0.00334244966506958,0.018725156784057617,-0.010990679264068604,-0.026931822299957275,0.003154575824737549,-0.00030165910720825195,0.005092501640319824,0.008371472358703613,-0.008371710777282715,0.010713815689086914
2026-01-14,0.025681734085083008,0.015811264514923096,-0.0020693540573120117,-0.0039386749267578125,0.014519691467285156,-0.005250096321105957,-0.013880789279937744,-0.011530578136444092,-0.026065826416015625,-0.010829806327819824
2026-01-16,0.0008152127265930176,0.006014525890350342,-0.0018432140350341797,0.009404659271240234,-0.011427998542785645,0.00976705551147461,-0.0050310492515563965,0.015331268310546875,-0.00487595796585083,0.014263570308685303
2026-01-19,0.016861557960510254,-0.036226093769073486,-0.012310504913330078,-0.04827946424484253,0.02511906623840332,-0.005767464637756348,-0.00968259572982788,-0.011423230171203613,-0.02972567081451416,0.022327065467834473
2026-01-20,0.04435223340988159,-0.018504798412322998,-0.04510390758514404,-0.057347893714904785,-0.0619732141494751,-0.0792192816734314,-0.03161323070526123,-0.05392485857009888,-0.005611062049865723,-0.0861237645149231
2026-01-21,-0.006368160247802734,-0.02710205316543579,0.007750034332275391,-0.029680728912353516,0.0009191036224365234,-0.013912618160247803,-0.020249128341674805,0.010178327560424805,0.006206989288330078,-0.009379982948303223
2026-01-22,-0.031064271926879883,0.011938691139221191,-0.007042884826660156,-0.014594972133636475,-0.03540092706680298,-0.014907538890838623,0.012308955192565918,-0.011465489864349365,-0.005383551120758057,-0.0059920549392700195
2026-01-23,-0.06750977039337158,-0.025220155715942383,-0.04051846265792847,-0.04887688159942627,-0.04780542850494385,-0.01776784658432007,-0.023583292961120605,-0.02375924587249756,-0.027627408504486084,0.028354644775390625
2026-01-27,-0.02243715524673462,-0.0292930006980896,-0.03585684299468994,-0.015118062496185303,0.007664084434509277,0.009422898292541504,0.0010426044464111328,0.0023040771484375,-0.04557579755783081,-0.008756756782531738
2026-01-28,-0.0010200738906860352,-0.0034333467483520508,-0.026248931884765625,0.02134525775909424,0.024140119552612305,0.010629534721374512,-0.0012151002883911133,0.02155172824859619,-0.003645181655883789,0.03387606143951416
2026-01-29,0.0,-0.0011786222457885742,-0.020781755447387695,0.010449528694152832,0.024001717567443848,0.012607932090759277,-0.022766709327697754,0.0038677453994750977,0.020609736442565918,-0.007132232189178467
2026-01-30,0.02991926670074463,0.02423536777496338,0.004384934902191162,0.006575226783752441,0.021126747131347656,-0.007324039936065674,-0.009603440761566162,0.023817896842956543,-0.07683110237121582,0.03143668174743652
2026-02-01,0.05304384231567383,-0.017103910446166992,0.035234034061431885,-0.038051724433898926,-0.055378258228302,-0.026427030563354492,-0.018016397953033447,0.026548147201538086,0.002441227436065674,-0.045097172260284424
2026-02-02,0.051125168800354004,-0.0008115172386169434,-0.02111363410949707,0.028546929359436035,0.047673583030700684,0.015501260757446289,-0.005546748638153076,-0.011397778987884521,0.008565068244934082,0.026718616485595703
2026-02-03,0.014958739280700684,-0.05865371227264404,-0.03848004341125488,-0.08928918838500977,-0.07327473163604736,0.03663504123687744,-0.02935945987701416,0.040520548820495605,0.0171658992767334,0.05936133861541748
2026-02-04,-0.020121753215789795,-0.016876935958862305,-0.01452946662902832,-0.007237792015075684,-0.023839473724365234,0.011125683784484863,-0.023639321327209473,-0.006350040435791016,-0.007077693939208984,-0.004381895065307617
2026-02-05,-0.013690054416656494,0.030008435249328613,-0.0021975040435791016,0.012794256210327148,0.0075247883796691895,0.002524256706237793,0.0058751702308654785,-0.004369080066680908,-0.006347775459289551,-0.0052013397216796875
2026-02-06,0.00036525726318359375,0.010888338088989258,-0.0037047863006591797,-0.005917906761169434,-0.006246685981750488,-0.010523617267608643,-0.01533055305480957,0.019059419631958008,-0.00247800350189209,0.015216469764709473
2026-02-09,0.030214548110961914,-0.058011531829833984,-0.011148810386657715,-0.05977177619934082,-0.03345656394958496,0.020683884620666504,-0.008702278137207031,0.021402359008789062,-0.02382028102874756,0.02277982234954834
2026-02-10,0.002215147018432617,0.006110668182373047,-0.0009684562683105469,-0.010769367218017578,-0.004264473915100098,0.002940654754638672,-0.0047991275787353516,0.0015730857849121094,-0.04302024841308594,-0.009877383708953857
2026-02-11,-0.002652287483215332,-8.308887481689453e-05,-0.00037217140197753906,-0.017190217971801758,0.00013703107833862305,0.005354046821594238,-0.014385700225830078,0.0036439895629882812,-0.03488004207611084,0.009975910186767578
2026-02-12,-0.026947975158691406,0.007393777370452881,0.03013169765472412,0.01641380786895752,0.00917893648147583,-0.006783783435821533,0.0028026700019836426,-0.01552426815032959,0.0006608366966247559,-0.011749505996704102
2026-02-13,-0.028787434101104736,0.0421828031539917,0.03896898031234741,0.008288919925689697,0.010370075702667236,-0.012128174304962158,0.024451911449432373,-0.03408151865005493,-0.05865299701690674,-0.003854215145111084
2026-02-16,0.019885659217834473,0.01983577013015747,-0.027777671813964844,-0.01444697380065918,-0.022634148597717285,0.010661721229553223,-0.021838068962097168,0.005727171897888184,-0.05569159984588623,-0.026493549346923828
2026-02-17,0.0011036396026611328,0.0068645477294921875,0.007378041744232178,-0.006765961647033691,0.0008653402328491211,-0.008439302444458008,0.0034961700439453125,-0.0014400482177734375,0.026672780513763428,-0.0011451244354248047
2026-02-18,0.021865010261535645,0.0032315850257873535,-0.005320429801940918,-0.021679043769836426,-0.010210156440734863,-0.006189942359924316,-0.0018107891082763672,0.002294182777404785,0.006733953952789307,0.003034830093383789
2026-02-19,-0.018700063228607178,0.00018018484115600586,0.03416609764099121,0.032306015491485596,0.03708881139755249,-0.025043845176696777,0.015759170055389404,-0.024262607097625732,0.02302253246307373,0.006656289100646973
2026-02-20,0.005405426025390625,-0.0007206201553344727,-0.014182090759277344,-0.0008223056793212891,-0.0038423538208007812,0.013642072677612305,0.005337178707122803,-0.0033512115478515625,0.028480589389801025,0.011220932006835938
2026-02-23,-0.001913607120513916,-0.010351061820983887,0.004767179489135742,-0.0021909475326538086,-0.001633763313293457,-0.000919044017791748,0.009750664234161377,0.0012778043746948242,0.02256941795349121,-0.0005944967269897461
2026-02-24,-0.00684744119644165,0.024677038192749023,0.023391306400299072,0.0322456955909729,0.029918909072875977,-0.006505489349365234,0.013808846473693848,-0.0425146222114563,0.054960668087005615,-0.03800147771835327
2026-02-25,-0.011675000190734863,0.021282494068145752,0.0007357597351074219,-0.01530468463897705,0.01758265495300293,0.004100799560546875,-0.0008271932601928711,-0.0034371614456176758,-0.017667293548583984,6.866455078125e-05
2026-02-26,-0.0030694007873535156,-0.002519845962524414,0.0006545186042785645,-0.0,0.010757923126220703,0.017324328422546387,-0.012928009033203125,0.005490303039550781,-0.002796769142150879,-0.010922491550445557
2026-02-27,-0.011382818222045898,0.030813634395599365,0.01137852668762207,0.037156522274017334,0.022985637187957764,-0.013985991477966309,-0.03339356184005737,-0.02485126256942749,-0.041675448417663574,-0.031046032905578613
2026-03-02,-0.03907132148742676,0.022284090518951416,0.02260488271713257,-0.0014442205429077148,0.022312164306640625,-0.021079659461975098,-0.006029188632965088,-0.011270582675933838,0.029399871826171875,-0.025446176528930664
2026-03-04,-0.03889220952987671,0.033402085304260254,0.035835325717926025,0.022959351539611816,-0.05521637201309204,-0.02435094118118286,-0.02280724048614502,-0.01924055814743042,0.0418965220451355,-0.015592813491821289
2026-03-05,0.005109310150146484,-0.02286815643310547,-0.02829277515411377,-0.029580235481262207,0.0037245750427246094,0.019045591354370117,0.014028549194335938,0.01835942268371582,-0.003096342086791992,0.012253403663635254
2026-03-06,-0.005388379096984863,0.008048534393310547,0.01298820972442627,0.043869733810424805,-0.02946794033050537,-0.005060374736785889,-0.018180668354034424,-0.02915090322494507,0.023610949516296387,0.0016976594924926758
2026-03-09,-0.0326075553894043,0.003806471824645996,0.004501760005950928,0.01301509141921997,-0.00044983625411987305,-0.003458559513092041,-0.01589876413345337,-0.023137390613555908,0.029894649982452393,-0.05393850803375244
2026-03-10,0.025676250457763672,-0.012770295143127441,-0.016697049140930176,-0.01810896396636963,0.014738202095031738,0.016672372817993164,0.01716923713684082,0.002069711685180664,-0.009948015213012695,-0.03271281719207764
2026-03-11,-0.02637273073196411,-0.0007942914962768555,0.019416630268096924,0.014504015445709229,-0.023892641067504883,-0.00348055362701416,-0.018561244010925293,-0.027384698390960693,0.04619300365447998,-0.02187192440032959
2026-03-12,-0.006242692470550537,0.010416686534881592,0.02634340524673462,0.02107679843902588,-0.012891888618469238,-0.012426137924194336,-0.009836912155151367,-0.014785706996917725,0.032939612865448,0.01077568531036377
2026-03-13,-0.04173767566680908,0.016942381858825684,0.02750396728515625,0.024067342281341553,-0.003106832504272461,-0.012378454208374023,0.0033969879150390625,0.003432631492614746,0.013501882553100586,0.034246087074279785
2026-03-16,-0.01788884401321411,0.0045890212059021,0.022846639156341553,0.011030852794647217,-0.020315110683441162,-0.02341437339782715,-0.008431792259216309,-0.005330085754394531,0.018974721431732178,0.036464810371398926
2026-03-17,0.0158388614654541,0.0022538304328918457,-0.03290283679962158,-0.015512824058532715,-0.00771719217300415,-0.02834784984588623,-0.0280228853225708,0.012397050857543945,-0.008624553680419922,-0.026058316230773926
2026-03-18,-0.04866909980773926,-0.056781888008117676,-0.02792990207672119,-0.03711652755737305,0.014189004898071289,-0.009943127632141113,-0.019739270210266113,-0.043924808502197266,-0.008173584938049316,-0.010940074920654297
2026-03-19,0.04885303974151611,0.04012817144393921,0.03702712059020996,0.05532562732696533,-0.042381346225738525,0.01833242177963257,0.03177046775817871,0.04041171073913574,0.04340505599975586,0.018010318279266357
2026-03-20,-0.040308237075805664,0.022269487380981445,0.002766251564025879,0.0016751289367675781,-0.025735080242156982,-0.0,0.020627081394195557,0.01561516523361206,0.0043027400970458984,0.002518951892852783
2026-03-23,0.05087476968765259,0.014287233352661133,0.048081398010253906,0.03375285863876343,-0.08658552169799805,0.023723900318145752,0.042576611042022705,0.05576026439666748,0.04871344566345215,0.053267061710357666
2026-03-24,-0.016170978546142578,-0.016804933547973633,-0.012141823768615723,-0.028920650482177734,-0.00206071138381958,-0.02288353443145752,-0.017666101455688477,-0.019429802894592285,-0.020923733711242676,-0.00491786003112793
2026-03-25,-0.014355659484863281,-0.0394587516784668,-0.025623798370361328,-0.015838980674743652,0.010255932807922363,-0.03871715068817139,-0.045560359954833984,-0.02213895320892334,-0.04463016986846924,-0.01476442813873291
2026-03-27,0.04048275947570801,-0.030209660530090332,0.021240711212158203,0.038149476051330566,-0.045854032039642334,0.028472304344177246,0.04491090774536133,0.045028865337371826,0.04065829515457153,-0.0033513307571411133
2026-03-30,0.07226157188415527,0.058454692363739014,0.03613764047622681,0.02252185344696045,-0.03313338756561279,0.026080965995788574,-0.0032635927200317383,0.039478182792663574,0.03908509016036987,0.03266799449920654
2026-04-01,-0.10475718975067139,-0.03360319137573242,-0.011208057403564453,-0.025011897087097168,0.01233375072479248,-0.039112091064453125,-0.007501721382141113,-0.016333818435668945,-0.013231635093688965,-0.008842825889587402
2026-04-02,-0.007920503616333008,-0.022202372550964355,-0.024521827697753906,-0.00013267993927001953,0.015612483024597168,-0.021973609924316406,-0.0050078630447387695,-0.006201386451721191,-0.035721659660339355,0.03431004285812378
2026-04-06,-0.008411645889282227,-0.0048482418060302734,-0.013307809829711914,-0.05065298080444336,0.02040088176727295,-0.008626937866210938,-0.019341707229614258,-0.027083277702331543,-0.041094064712524414,-0.054633378982543945
2026-04-07,-0.008561134338378906,-0.0009649991989135742,-0.009259223937988281,-0.012809991836547852,0.010418891906738281,-0.02658069133758545,-0.02720785140991211,-0.03287696838378906,0.006279587745666504,-0.007131099700927734
2026-04-08,-0.0560452938079834,-0.038368821144104004,-0.07255196571350098,-0.06056070327758789,-0.08527827262878418,-0.048388123512268066,-0.07269883155822754,-0.08076262474060059,-0.06938350200653076,-0.051924824714660645
2026-04-09,0.017415523529052734,0.02367466688156128,0.017281949520111084,0.003936052322387695,-0.013738274574279785,-0.010820388793945312,0.0018679499626159668,0.0010600090026855469,0.01013028621673584,-0.006266951560974121
2026-04-10,-0.023807048797607422,-0.031571030616760254,-0.011812686920166016,-0.012385725975036621,-0.046862125396728516,-0.011006951332092285,-0.031346797943115234,-0.0022737979888916016,-0.0008528232574462891,0.000538170337677002
2026-04-13,0.005736589431762695,-0.03060472011566162,0.0021066665649414062,0.005650997161865234,0.007077574729919434,-0.008075594902038574,0.007711946964263916,0.013536036014556885,0.027145445346832275,0.0022309422492980957
2026-04-15,-0.03719353675842285,0.008497297763824463,-0.033515095710754395,-0.019392967224121094,-0.04849517345428467,-0.012164711952209473,-0.018401026725769043,-0.029053330421447754,-0.0028153657913208008,-0.01835012435913086
2026-04-16,-0.013211488723754883,0.0006314516067504883,-0.0038300752639770508,-0.00431060791015625,-0.015107512474060059,-0.0027555227279663086,-0.00011229515075683594,0.003352224826812744,-0.006862521171569824,-0.0003027915954589844
2026-04-17,-0.006666660308837891,-0.032135725021362305,-0.020434141159057617,-0.0065239667892456055,0.0010876059532165527,-0.0001169443130493164,-0.005554556846618652,-0.01412665843963623,0.007063627243041992,-0.008325815200805664
2026-04-20,0.01285552978515625,-0.01766657829284668,0.008890688419342041,-0.0005116462707519531,0.01833707094192505,0.0091780424118042,0.013558685779571533,-0.012529492378234863,-0.030889272689819336,0.015613198280334473
2026-04-21,-0.014996170997619629,-0.018820881843566895,-0.018695473670959473,-0.02574300765991211,-0.02235710620880127,-0.017110109329223633,-0.022116661071777344,-0.021036505699157715,-0.04013323783874512,-0.04483747482299805
2026-04-22,-0.007776021957397461,-0.002868056297302246,-0.00510251522064209,-0.015069246292114258,-0.010391712188720703,-0.005626797676086426,-0.0013282299041748047,-0.001996159553527832,-0.001978635787963867,-0.012552976608276367
2026-04-23,0.015721499919891357,0.009672820568084717,0.02923119068145752,0.022486627101898193,0.03198462724685669,0.014940023422241211,0.013319313526153564,0.015154778957366943,0.005633950233459473,-0.025371193885803223
2026-04-24,-0.093777596950531,0.011975526809692383,0.009699702262878418,0.012060284614562988,0.018447160720825195,0.01212155818939209,0.005265235900878906,0.00794684886932373,0.02424067258834839,0.003936409950256348
2026-04-27,0.08326125144958496,-0.014441609382629395,-0.009198546409606934,-0.03323161602020264,-0.04609251022338867,-0.021517515182495117,-0.013401627540588379,-0.023230433464050293,-0.037653446197509766,-0.0095977783203125
2026-04-28,-0.015571951866149902,-0.017710328102111816,0.007679939270019531,0.00196915864944458,-0.003922939300537109,0.007543683052062988,0.02100348472595215,0.0017792582511901855,0.015114843845367432,-0.003634929656982422
2026-04-29,-0.0044615864753723145,0.0039133429527282715,-0.011141300201416016,-0.02066206932067871,-0.03375244140625,0.005846917629241943,-0.016119003295898438,-0.022173047065734863,-0.011070728302001953,-0.009680986404418945
2026-04-30,-0.00814831256866455,0.00944584608078003,0.012532591819763184,0.014551937580108643,0.016215622425079346,0.01805567741394043,0.014131724834442139,0.013461649417877197,-0.00718379020690918,0.011243641376495361
2026-05-04,0.048161864280700684,-0.0019409656524658203,-0.034412264823913574,-0.03520059585571289,-0.02862226963043213,-0.014434576034545898,-0.012691259384155273,-0.02828049659729004,-0.010928988456726074,-0.004883527755737305
2026-05-05,0.0197904109954834,-0.00033676624298095703,0.016304373741149902,-0.0475313663482666,0.017106950283050537,0.01617753505706787,-0.003636598587036133,0.01526409387588501,0.010469436645507812,-0.0040961503982543945
2026-05-06,0.06955516338348389,-0.02163851261138916,-0.020592689514160156,0.03188729286193848,-0.045549750328063965,-0.004260897636413574,-0.025196433067321777,-0.016059160232543945,-0.0196077823638916,-0.003802776336669922
2026-05-07,-0.001347362995147705,-0.044255852699279785,-0.015173912048339844,0.0061054229736328125,-0.019175052642822266,-0.0009561777114868164,0.005219936370849609,-0.01944756507873535,-0.01934361457824707,0.0005510449409484863
2026-05-08,0.008904337882995605,-0.01922905445098877,0.01712852716445923,-0.002661585807800293,0.005427181720733643,-0.016716361045837402,0.0001093149185180664,-0.01604318618774414,-0.0016597509384155273,0.017642974853515625
2026-05-11,-0.03976106643676758,-0.011341691017150879,0.02959311008453369,-0.04232490062713623,0.032221198081970215,-0.04010570049285889,0.01005852222442627,-0.03436613082885742,0.01784038543701172,0.00764697790145874
2026-05-12,-0.06703180074691772,-0.04117387533187866,0.035662829875946045,-0.04564458131790161,-0.055579423904418945,-0.004893839359283447,-0.044121742248535156,-0.05132251977920532,0.03391063213348389,0.014280617237091064
2026-05-13,-0.008856654167175293,-0.03320342302322388,-0.008696436882019043,0.010628342628479004,-0.006084024906158447,-0.004917919635772705,0.004274964332580566,-0.013325631618499756,-0.04389083385467529,0.006383121013641357
2026-05-14,-0.00722891092300415,0.008346080780029297,-0.01584947109222412,0.001675724983215332,-0.0013158321380615234,0.01167607307434082,0.012597799301147461,0.005431652069091797,0.03395974636077881,-0.01255953311920166
2026-05-15,-0.01254040002822876,-0.01779085397720337,0.028289735317230225,-0.011191248893737793,-0.026235878467559814,-0.01245725154876709,-0.012384295463562012,-0.02014899253845215,0.017201602458953857,0.00392073392868042
2026-05-18,-0.024477720260620117,-0.03603255748748779,-0.011292457580566406,-0.016218364238739014,0.009176969528198242,-0.01020282506942749,-0.007995426654815674,0.0003725290298461914,0.012099146842956543,0.010806620121002197
2026-05-19,0.013018369674682617,-0.0031149983406066895,-0.007415175437927246,0.017256736755371094,0.040163278579711914,0.013306736946105957,-0.0016235113143920898,0.025619983673095703,0.003448307514190674,-0.004051566123962402
2026-05-20,0.0129547119140625,0.02771902084350586,-0.010218143463134766,0.002331852912902832,-0.01367408037185669,0.00289762020111084,0.013648509979248047,0.007770061492919922,0.020701587200164795,0.011673212051391602
2026-05-21,0.04409658908843994,-0.01647704839706421,-0.007971882820129395,0.010177969932556152,0.004261374473571777,0.017028331756591797,0.02887749671936035,-0.0015853047370910645,-0.0013401508331298828,-0.013487935066223145
2026-05-22,-0.012346863746643066,0.005384922027587891,0.002126038074493408,-0.0023029446601867676,0.003394603729248047,0.0031430721282958984,-0.0030071139335632324,0.0020929574966430664,0.0021293163299560547,0.009495675563812256
2026-05-25,0.007044315338134766,-0.003868281841278076,-0.009544849395751953,0.019851088523864746,0.0226670503616333,0.03181493282318115,0.01078033447265625,0.009290575981140137,0.007864832878112793,-0.013290643692016602
2026-05-26,-0.007290661334991455,0.0043811798095703125,0.004220843315124512,-0.004017472267150879,-0.003473520278930664,-0.010920405387878418,-0.013373076915740967,0.0005707740783691406,0.01327359676361084,-0.017058491706848145
2026-05-27,0.008932113647460938,-0.018935322761535645,-0.006951570510864258,0.01613450050354004,0.022075891494750977,-0.0006494522094726562,-0.007617354393005371,-0.0017115473747253418,0.001806020736694336,0.016913294792175293
2026-05-29,0.011509060859680176,-0.01121664047241211,0.005556583404541016,-0.0144805908203125,0.015644431114196777,0.008566737174987793,-0.00033867359161376953,-0.021860361099243164,-0.06401300430297852,-0.016487479209899902
