date,ATGL,AEGISLOG,BPCL,CASTROLIND,GAIL,HINDPETRO,IOC,IGL,MGL,ONGC,OIL,PETRONET,RELIANCE
2018-11-05,0.0,-0.0018193721771240234,-0.037735939025878906,-0.010263681411743164,0.006361961364746094,0.033923327922821045,-0.06316715478897095,-0.007807016372680664,-0.0022507905960083008,-0.015465736389160156,-0.014936506748199463,0.025901734828948975,-0.014249444007873535
2018-11-06,0.0,0.006356358528137207,-0.02480989694595337,0.0176050066947937,0.008850336074829102,0.0339694619178772,-0.025469183921813965,0.04014080762863159,0.005496084690093994,0.006783246994018555,0.0022745132446289062,0.016650080680847168,-0.012702107429504395
2018-11-09,0.0,0.016221165657043457,0.044316768646240234,-0.03300750255584717,-0.021752774715423584,-0.07704460620880127,0.03796422481536865,-0.008804082870483398,-0.004337906837463379,0.0021276473999023438,0.0049169063568115234,-0.05003786087036133,0.015490591526031494
2018-11-12,-0.0,-0.018578767776489258,-0.02003931999206543,0.02495884895324707,-0.007686614990234375,0.07740283012390137,-0.05539357662200928,-0.001454472541809082,-0.0164487361907959,-0.0021231770515441895,-0.001129150390625,0.03008425235748291,0.012376487255096436
2018-11-13,0.0,0.008663952350616455,0.043704867362976074,-0.013361573219299316,0.0016598701477050781,-0.03976142406463623,0.05583620071411133,0.012345671653747559,0.0049479007720947266,0.0028368234634399414,0.0116804838180542,-0.02233254909515381,-0.018068790435791016
2018-11-14,0.0,-0.0025298595428466797,0.04571652412414551,-0.01852881908416748,-0.036457359790802,-0.054302096366882324,0.034148335456848145,0.005882382392883301,0.014742076396942139,0.028995752334594727,0.008193731307983398,0.009465992450714111,0.00133591890335083
2018-11-15,0.0,-0.02064692974090576,0.02020573616027832,0.008312344551086426,-0.014714300632476807,-0.025389909744262695,0.009764790534973145,-0.005177497863769531,-0.015972018241882324,-0.013402044773101807,0.0014775991439819336,0.0365106463432312,0.0010510087013244629
2018-11-16,-0.0,0.01798158884048462,0.0003600120544433594,-0.008381962776184082,-0.016291677951812744,0.02476125955581665,-0.026593685150146484,0.014348745346069336,0.01291567087173462,-0.01567399501800537,-0.020287692546844482,-0.012716174125671387,-0.02783358097076416
2018-11-19,-0.0,-0.0176241397857666,0.0028798580169677734,0.014580607414245605,-0.023067891597747803,-0.0029016733169555664,-0.006274580955505371,0.004106044769287109,-0.005210161209106445,-0.011677324771881104,0.007530093193054199,0.0005022883415222168,-0.02010047435760498
2018-11-20,0.0,-0.015519499778747559,-0.00035893917083740234,-0.02959275245666504,0.02916240692138672,0.005063295364379883,-0.029334306716918945,0.0022487640380859375,-0.017139792442321777,-0.008950948715209961,0.010463356971740723,0.003266274929046631,0.010946929454803467
2018-11-21,0.0,-0.005537152290344238,0.012567281723022461,-0.008461475372314453,0.0032355785369873047,-0.012722611427307129,0.02195417881011963,0.001502692699432373,0.005443274974822998,-0.009392976760864258,-0.0007395744323730469,0.003529191017150879,0.02158266305923462
2018-11-22,0.0,-0.0006607770919799805,-0.02127659320831299,0.03336215019226074,-0.00097733736038208,0.014357507228851318,-0.028378307819366455,0.0018811225891113281,0.00046581029891967773,0.0036469697952270508,0.01221311092376709,0.01315450668334961,0.00904989242553711
2018-11-26,-0.0,-0.002641439437866211,0.02427542209625244,-0.027486801147460938,-0.015065550804138184,-0.016751646995544434,-0.01105499267578125,-0.005277156829833984,0.020970463752746582,-0.03670060634613037,-0.025959789752960205,-0.03998970985412598,-0.006278634071350098
2018-11-27,-0.0,0.010318338871002197,0.026529908180236816,-0.009788870811462402,0.023241877555847168,0.002149045467376709,0.013110756874084473,-0.005624294281005859,0.014339268207550049,-0.003772139549255371,0.0,0.011338412761688232,-0.01663827896118164
2018-11-28,-0.0,0.004880189895629883,-0.04858720302581787,-0.007436394691467285,-0.024946630001068115,0.033022284507751465,-0.038005709648132324,0.00261002779006958,0.01002049446105957,-0.02271866798400879,-0.009009003639221191,0.007728755474090576,-0.021666288375854492
2018-11-29,0.0,0.0013375282287597656,0.02788841724395752,-0.0009226799011230469,0.0004978179931640625,-0.019673466682434082,0.007221698760986328,0.025794386863708496,0.002682924270629883,-0.015497863292694092,0.019697070121765137,0.009799003601074219,-0.01374363899230957
2018-11-30,-0.0,-0.060267865657806396,-0.013389647006988525,0.033581316471099854,0.012039780616760254,0.049872636795043945,-0.001968204975128174,-0.009976983070373535,-0.0177304744720459,-0.002361297607421875,-0.07763749361038208,-0.002029895782470703,0.0008080601692199707
2018-12-03,-0.0,-0.0033254027366638184,-0.0014285445213317871,-0.016215801239013672,-0.03863930702209473,0.03716474771499634,-0.01605856418609619,0.004559338092803955,-0.02138650417327881,0.01577913761138916,0.014498591423034668,0.00557100772857666,0.009434819221496582
2018-12-04,-0.0,0.02049577236175537,0.03183114528656006,0.011397898197174072,0.0039757490158081055,-0.01711106300354004,0.025769591331481934,0.01221376657485962,-0.00635218620300293,0.02601945400238037,-0.01190948486328125,0.0010186433792114258,0.0036284327507019043
2018-12-05,0.0,-0.00887441635131836,-0.013518154621124268,0.019803285598754883,0.014635980129241943,0.007824718952178955,-0.011863231658935547,-0.0011593103408813477,-0.012858033180236816,-0.01703256368637085,-0.01807957887649536,0.013510048389434814,-0.0024580955505371094
2018-12-06,-0.0,-0.004712522029876709,-0.014406204223632812,0.011762261390686035,0.0009644627571105957,0.006703495979309082,-0.032203495502471924,0.025086820125579834,-0.00784766674041748,-0.02464383840560913,-0.015957415103912354,-0.003359198570251465,0.027336299419403076
2018-12-07,-0.0,-0.0023674368858337402,0.001782536506652832,0.014982819557189941,0.043251633644104004,0.003175795078277588,-0.008902430534362793,0.01702296733856201,0.01408451795578003,-0.00513225793838501,-0.014137208461761475,-0.0,-0.009150385856628418
2018-12-10,-0.0,-0.021357357501983643,0.015302419662475586,0.007250010967254639,0.00847625732421875,-0.010354399681091309,0.0425562858581543,-0.0028191804885864258,0.009175419807434082,-0.016666650772094727,-0.025305747985839844,0.010301291942596436,-0.038490116596221924
2018-12-11,0.0,-0.007516980171203613,-0.01086568832397461,-0.013961434364318848,-0.0018318891525268555,0.03389829397201538,-0.021327733993530273,0.0020080208778381348,0.00791233777999878,0.007263898849487305,0.0038944482803344727,0.007285952568054199,0.0067359209060668945
2018-12-12,0.0,0.006840944290161133,0.008504629135131836,-0.023654937744140625,-0.037586331367492676,0.0044879913330078125,0.03838932514190674,-0.008048295974731445,-0.03024756908416748,0.026442289352416992,0.0038793087005615234,-0.0256880521774292,0.011852383613586426
2018-12-13,0.0,-0.015772879123687744,0.01791989803314209,0.014416754245758057,-0.005874276161193848,-0.03114759922027588,0.011118888854980469,-0.016367316246032715,-0.002064347267150879,0.010928869247436523,0.0025762319564819336,-0.0025556087493896484,-0.003211796283721924
2018-12-14,-0.0,-0.033284008502960205,0.03279256820678711,-0.014627575874328613,-0.014599919319152832,-0.011128783226013184,0.0332646369934082,0.005106031894683838,0.002460658550262451,0.025096535682678223,0.0064239501953125,-0.021157383918762207,0.004738450050354004
2018-12-17,0.0,-0.009181320667266846,0.016042709350585938,0.02041804790496826,-0.005755901336669922,-0.005896210670471191,0.013835310935974121,-0.03513622283935547,-0.029715538024902344,0.00941622257232666,0.008936166763305664,-0.03569638729095459,0.0158461332321167
2018-12-18,0.0,-0.020334601402282715,0.008223652839660645,-0.015351057052612305,-0.00410151481628418,-0.014849662780761719,0.015614748001098633,0.008772015571594238,0.010139226913452148,-0.0048506855964660645,0.005482912063598633,0.0036153197288513184,0.005756735801696777
2018-12-19,-0.0,-0.004203915596008301,0.026101112365722656,-0.03980851173400879,-0.011969208717346191,-0.02387368679046631,0.0098191499710083,-0.015775322914123535,-0.010918498039245605,0.0048743486404418945,-0.00041943788528442383,-0.0074988603591918945,0.0003693103790283203
2018-12-20,-0.0,0.0007915496826171875,0.02734506130218506,-0.010338187217712402,0.015864074230194092,-0.04024076461791992,0.015225052833557129,0.0011363029479980469,0.01163560152053833,0.002611994743347168,0.0016785860061645508,0.020168066024780273,-0.007382810115814209
2018-12-21,-0.0,-0.01581859588623047,0.009904026985168457,0.019540488719940186,0.02403658628463745,-0.02675342559814453,-0.06452417373657227,0.012514293193817139,0.005689263343811035,-0.0007443428039550781,-0.010892271995544434,-0.009311437606811523,-0.025009334087371826
2018-12-24,-0.0,0.006429195404052734,-0.027275502681732178,0.013398885726928711,-0.008209586143493652,0.017253518104553223,-0.0397413969039917,-0.01536095142364502,0.0056650638580322266,-0.004469335079193115,-0.015247821807861328,0.0021849870681762695,-0.010012388229370117
2018-12-26,0.0,-0.03486812114715576,0.004410862922668457,-0.010578036308288574,-0.01725471019744873,-0.011823654174804688,-0.004068493843078613,0.0071860551834106445,0.0031905174255371094,-0.008230388164520264,-0.0043010711669921875,0.0017032027244567871,0.00847625732421875
2018-12-27,-0.0,0.02777773141860962,-0.005646109580993652,-0.008508920669555664,-0.00886225700378418,-0.017705440521240234,-0.006620645523071289,-0.009523868560791016,-0.023205280303955078,0.020369648933410645,-0.01641470193862915,0.00048738718032836914,0.019866347312927246
2018-12-28,0.0,-0.01772487163543701,-0.007570981979370117,0.011718213558197021,0.0004723072052001953,-0.014613866806030273,0.038995981216430664,-0.00037741661071777344,-0.002457857131958008,0.005915045738220215,-0.04128241539001465,-0.016581296920776367,0.0046825408935546875
2018-12-31,-0.0,-0.06108653545379639,0.002542853355407715,0.003929793834686279,-0.011906981468200684,0.012002766132354736,-0.010372519493103027,-0.007921576499938965,-0.007912635803222656,-0.004410207271575928,0.016870498657226562,0.008635163307189941,-0.0037285685539245605
2019-01-01,0.0,0.0004900097846984863,0.013316512107849121,0.0006801486015319824,-0.0052297115325927734,-0.015619635581970215,0.00579226016998291,-0.01646709442138672,-0.008845686912536621,-0.008859336376190186,-0.0051479339599609375,-0.021534085273742676,-0.00018721818923950195
2019-01-02,-0.0,0.00024509429931640625,-0.02722156047821045,0.025117456912994385,0.034188032150268555,0.0006835460662841797,-0.003839254379272461,-0.013991117477416992,0.01337134838104248,-0.010055899620056152,0.018779397010803223,0.0009474754333496094,-0.013101279735565186
2019-01-03,0.0,-0.014219164848327637,-0.016082346439361572,0.003072202205657959,0.0009618997573852539,-0.036593616008758545,-0.03991740942001343,0.0039942264556884766,0.010386645793914795,-0.03197890520095825,0.0026097893714904785,-0.0,-0.012326955795288086
2019-01-04,0.0,-0.007493257522583008,0.020921826362609863,-0.009245038032531738,-0.009435772895812988,-0.0007100105285644531,0.011756300926208496,-0.01348888874053955,-0.008475065231323242,0.023319125175476074,-0.014827728271484375,-0.03461349010467529,0.005376338958740234
2019-01-07,0.0,-0.0033589601516723633,-0.011207163333892822,-0.01547539234161377,-0.012018322944641113,0.007815361022949219,-0.004817843437194824,0.015827298164367676,-0.008181214332580566,0.014812111854553223,-0.0004297494888305664,-0.01743614673614502,0.005538582801818848
2019-01-08,-0.0,-0.0038259029388427734,-0.010686516761779785,-0.006970524787902832,0.007445812225341797,-0.008812129497528076,0.005553126335144043,0.010964930057525635,0.001987278461456299,-0.002994060516357422,-0.010738849639892578,0.013996481895446777,0.0
2019-01-09,0.0,0.00023818016052246094,-0.03633391857147217,0.0026467442512512207,-0.039407432079315186,-0.0412517786026001,-0.018266797065734863,0.016260147094726562,0.007522523403167725,-0.014264225959777832,0.003824949264526367,-0.025881171226501465,0.005508065223693848
2019-01-10,-0.0,-0.0019060373306274414,-0.01392662525177002,0.001292884349822998,0.008204817771911621,-0.02967357635498047,-0.019183635711669922,-0.0011268854141235352,-0.002898097038269043,-0.01408994197845459,0.011518776416778564,-0.00151824951171875,-0.0030223727226257324
2019-01-11,-0.0,0.0014268755912780762,0.00551152229309082,-0.00626826286315918,-0.016472220420837402,0.0030580759048461914,0.011911749839782715,-0.016135096549987793,0.007057487964630127,0.009656190872192383,-0.004315972328186035,0.01241767406463623,-0.008525967597961426
2019-01-14,-0.0,0.02190995216369629,-0.0071942806243896484,-0.04313087463378906,-0.04236865043640137,0.002286553382873535,0.010318279266357422,-0.002954244613647461,0.008842647075653076,-0.008033692836761475,0.007305502891540527,0.0010012388229370117,-0.0011464953422546387
2019-01-15,0.0,-0.023618221282958984,0.021049022674560547,-0.059262633323669434,-0.0014573931694030762,0.037642598152160645,0.020569682121276855,-0.002945423126220703,-0.015866756439208984,0.01195526123046875,-0.010822534561157227,-0.009002268314361572,-0.030036330223083496
2019-01-16,0.0,0.0007135868072509766,0.01757359504699707,0.013971447944641113,0.003440380096435547,-0.004397153854370117,0.011275649070739746,-0.008443474769592285,0.0018898248672485352,0.008384227752685547,0.00899362564086914,0.025738120079040527,-0.005572080612182617
2019-01-17,-0.0,0.01785290241241455,0.02424442768096924,-0.005468845367431641,0.02223372459411621,0.017298460006713867,0.015888452529907227,-0.009100794792175293,-0.002283334732055664,-0.009448230266571045,0.0047536492347717285,0.006888031959533691,0.0012929439544677734
2019-01-18,0.0,-0.04338341951370239,-0.002918243408203125,0.004821062088012695,-0.032726943492889404,-0.02243119478225708,0.0019207000732421875,-0.011543989181518555,-0.005056142807006836,0.012209057807922363,0.0017368793487548828,-0.015636444091796875,-0.043924570083618164
2019-01-21,-0.0,0.015454769134521484,-0.00780487060546875,-0.0024222135543823242,0.018703341484069824,-0.004071056842803955,-0.018896281719207764,-0.023537874221801758,-0.002377152442932129,-0.01432335376739502,0.0026097893714904785,-0.002481997013092041,-0.04508817195892334
2019-01-22,-0.0,-0.011976003646850586,0.00655519962310791,0.0003097057342529297,0.01640021800994873,0.016350746154785156,0.002791285514831543,0.014634191989898682,0.0006617903709411621,-0.0019120573997497559,0.008722186088562012,0.02264249324798584,0.0020342469215393066
2019-01-23,-0.0,-0.003282785415649414,0.010419964790344238,0.011775672435760498,0.004262208938598633,-0.0007312893867492676,0.001391768455505371,-0.009901046752929688,0.0016004443168640137,-0.007662832736968994,0.0026397109031677246,0.017274975776672363,0.0072193145751953125
2019-01-24,-0.02737593650817871,-0.01292121410369873,-0.009668052196502686,0.007024109363555908,-0.0019199848175048828,0.005854368209838867,0.005837440490722656,0.009453833103179932,-0.0030955076217651367,-0.010810792446136475,-0.0,-0.0019134879112243652,-0.017195582389831543
2019-01-25,0.013574659824371338,0.011036872863769531,0.010413289070129395,-0.008337020874023438,0.004252314567565918,-0.006183981895446777,0.00842893123626709,-0.03640860319137573,0.00011020898818969727,0.0019515752792358398,-0.010586738586425781,0.0031152963638305664,0.0010933876037597656
2019-01-28,-0.09734958410263062,-0.02360999584197998,-0.026409029960632324,0.026182234287261963,-0.005645811557769775,-0.012445211410522461,0.0027403831481933594,0.0,0.0063378214836120605,-0.0023373961448669434,0.0008730292320251465,-0.035355985164642334,0.01321876049041748
2019-01-29,-0.05759453773498535,-0.0179407000541687,-0.011577904224395752,-0.009069323539733887,-0.030315279960632324,-0.018532276153564453,-0.006559193134307861,-0.004402101039886475,-0.020632266998291016,-0.004685699939727783,0.007863640785217285,0.01832592487335205,0.015358388423919678
2019-01-30,-0.011211872100830078,-0.00026476383209228516,-0.006693422794342041,-0.010836243629455566,-0.006378114223480225,-0.02039271593093872,-0.02407151460647583,0.02652919292449951,0.009020745754241943,-0.009023070335388184,-0.022016704082489014,0.011429905891418457,0.012304961681365967
2019-01-31,0.02375924587249756,0.005826234817504883,0.008423209190368652,0.027620136737823486,0.034515380859375,0.011565208435058594,0.020718812942504883,0.017946839332580566,-0.008938431739807129,0.01068878173828125,0.00630342960357666,0.00913691520690918,-0.026232600212097168
2019-02-01,-0.0,-0.050552964210510254,-0.01336449384689331,-0.013553857803344727,0.004170536994934082,0.0026677846908569336,0.0026236772537231445,0.011636018753051758,-0.008152604103088379,0.004308581352233887,-0.023266196250915527,-0.028830111026763916,-0.01855182647705078
2019-02-04,-0.03839921951293945,0.0062656402587890625,-0.007788658142089844,0.030456185340881348,-0.011750459671020508,-0.036868155002593994,-0.011155426502227783,0.027187228202819824,-0.014178633689880371,-0.03120124340057373,0.0026234984397888184,-0.05029439926147461,-0.03281855583190918
2019-02-05,-0.003645777702331543,0.009079456329345703,-0.0017064809799194336,0.018610119819641113,0.007687568664550781,-0.007103323936462402,-0.01922011375427246,0.036986708641052246,-0.0213162899017334,0.02269291877746582,0.009206533432006836,-0.048566222190856934,-0.0004875659942626953
2019-02-06,-0.0005189180374145508,-0.01781618595123291,0.004102587699890137,0.01990455389022827,0.02410745620727539,-0.045310020446777344,-0.0370633602142334,-0.0193062424659729,-0.005621194839477539,-0.026315808296203613,-0.011061906814575195,0.003449082374572754,-0.014539837837219238
2019-02-07,-0.015560150146484375,0.006001472473144531,0.00034034252166748047,-0.015986323356628418,0.0004966259002685547,-0.01444864273071289,-0.002053976058959961,0.005005002021789551,-0.029915571212768555,-0.007918477058410645,0.0039386749267578125,-0.013102531433105469,0.015212178230285645
2019-02-08,0.025025606155395508,0.03169810771942139,-0.006126582622528076,0.015127003192901611,-0.011019587516784668,0.03185909986495972,-0.03703194856643677,-0.04913681745529175,-0.013551712036132812,0.02506542205810547,-0.0004392862319946289,-0.013177275657653809,0.00983738899230957
2019-02-11,0.0068097710609436035,0.0036373138427734375,-0.012328803539276123,0.026604413986206055,-0.024995028972625732,-0.006581544876098633,0.018163681030273438,-0.04399442672729492,-0.008707880973815918,-0.041442811489105225,0.0026350021362304688,0.0019268393516540527,0.01913130283355713
2019-02-12,0.008438825607299805,-0.006779670715332031,0.018377304077148438,-0.045857906341552734,-0.008545160293579102,-0.01230776309967041,-0.009337961673736572,-0.01643538475036621,-0.046977341175079346,-0.005204200744628906,0.0030823945999145508,0.010135114192962646,-0.002511262893676758
2019-02-13,-0.03936171531677246,0.007511019706726074,-0.030984044075012207,0.011113286018371582,-0.03302180767059326,0.04445290565490723,-0.04333150386810303,0.015967369079589844,0.0025762319564819336,-0.029778659343719482,-0.019434690475463867,0.00731348991394043,0.008350014686584473
2019-02-14,0.015353143215179443,0.005219221115112305,-0.04462409019470215,0.01988840103149414,-0.02512890100479126,0.0222664475440979,-0.048823535442352295,0.031067252159118652,-0.012962520122528076,-0.00912487506866455,0.01733100414276123,0.01669943332672119,0.01743006706237793
2019-02-15,-0.0072765350341796875,-0.07371461391448975,-0.041191697120666504,0.006393313407897949,0.033487558364868164,0.023180127143859863,0.008039474487304688,0.0017724037170410156,-0.0019091963768005371,0.02176642417907715,-0.011904716491699219,0.013486504554748535,-0.016539454460144043
2019-02-18,0.014963924884796143,0.019541144371032715,-0.0,-0.0074836015701293945,-0.0009592175483703613,0.020399630069732666,-0.005214691162109375,0.008492588996887207,-0.003419816493988037,0.015157699584960938,-0.009586095809936523,-0.0060759782791137695,0.019558191299438477
2019-02-19,0.003666818141937256,-0.016666650772094727,-0.024019718170166016,0.002013266086578369,0.00938868522644043,-0.012324690818786621,0.0066297054290771484,-0.01017540693283081,0.011399984359741211,0.014931440353393555,-0.018990159034729004,0.004529416561126709,0.0032674670219421387
2019-02-20,-0.006834983825683594,0.04802262783050537,-0.018972039222717285,-0.01551198959350586,0.031180620193481445,-0.03316545486450195,0.03568696975708008,0.009216666221618652,-0.005405724048614502,0.035387635231018066,-0.017789006233215332,0.012891829013824463,-0.015010356903076172
2019-02-21,-0.031331539154052734,0.036927223205566406,0.0182802677154541,-0.010343194007873535,0.0061501264572143555,-0.01097118854522705,0.016858935356140137,-0.003161311149597168,0.017114758491516113,0.01996934413909912,-0.043279290199279785,-0.015877127647399902,-0.010198831558227539
2019-02-22,-0.03493666648864746,0.026514172554016113,-0.028620600700378418,-0.018440723419189453,-0.01426243782043457,-0.04139876365661621,-0.05599188804626465,0.009866118431091309,-0.012620091438293457,0.011671662330627441,0.02783823013305664,-0.0010082721710205078,0.011778533458709717
2019-02-25,0.013698577880859375,0.010129094123840332,0.02547764778137207,0.012315332889556885,0.0019636154174804688,0.013894259929656982,-0.012395024299621582,0.002791285514831543,0.008866429328918457,-0.006326794624328613,-0.016927659511566162,-0.01359856128692627,-0.0
2019-02-26,0.002480149269104004,0.004011034965515137,-0.0020638704299926758,0.009840190410614014,0.01825690269470215,0.011741697788238525,-0.031696319580078125,0.002783656120300293,0.016492605209350586,-0.0018726587295532227,-0.0012914538383483887,-0.016149044036865234,0.009705424308776855
2019-02-27,0.007458984851837158,-0.02297133207321167,0.018880903720855713,-0.015928149223327637,0.0070906877517700195,0.01623767614364624,0.011339545249938965,0.005551576614379883,0.01740396022796631,0.0037523508071899414,-0.008189618587493896,-0.0039119720458984375,-0.0025790929794311523
2019-02-28,-0.022044062614440918,0.016611337661743164,-0.022043466567993164,-0.007169246673583984,0.01981496810913086,-0.0036232471466064453,-0.031074881553649902,0.010352015495300293,-0.007725417613983154,0.004859805107116699,0.0117340087890625,-0.004140257835388184,-0.006173968315124512
2019-03-01,-0.039215683937072754,0.041226863861083984,-0.0267031192779541,-0.038118600845336914,0.005523204803466797,-0.048535823822021484,-0.02819812297821045,-0.002390623092651367,0.023523569107055664,0.002604246139526367,0.02190721035003662,0.0009701251983642578,0.004090726375579834
2019-03-05,-0.04386794567108154,-0.0016900300979614258,-0.051017045974731445,0.006215989589691162,0.008239388465881348,-0.07000768184661865,-0.04478561878204346,0.02567613124847412,-0.02423250675201416,0.03970324993133545,0.016393423080444336,-0.013352751731872559,-0.009584188461303711
2019-03-06,-0.02214181423187256,-0.008222460746765137,-0.029822349548339844,-0.028178930282592773,-0.0035995841026306152,0.001430213451385498,-0.009151101112365723,-0.03070765733718872,-0.009744405746459961,-0.0014276504516601562,0.007857680320739746,-0.004072904586791992,-0.021868109703063965
2019-03-07,-0.018567681312561035,-0.012923717498779297,0.0058533549308776855,0.013421118259429932,-0.0037102103233337402,-0.011815309524536133,0.03507930040359497,-0.0037878751754760742,-0.011414766311645508,-0.017869889736175537,-0.03077554702758789,-0.007396817207336426,-0.004313230514526367
2019-03-08,0.00390625,0.018280744552612305,0.009296536445617676,0.000254213809967041,0.01695406436920166,-0.0038924217224121094,0.011747300624847412,0.01555478572845459,-0.000682532787322998,-0.010553121566772461,-0.01947498321533203,-0.021316885948181152,0.002477705478668213
2019-03-11,-0.02178645133972168,-0.0007278323173522949,-0.056302785873413086,-0.01913905143737793,0.006360292434692383,-0.06203722953796387,-0.039164185523986816,0.01565694808959961,0.014684915542602539,0.017285823822021484,0.023316025733947754,-0.022727251052856445,-0.029143810272216797
2019-03-12,-0.023880600929260254,0.0041272640228271484,-0.00888359546661377,-0.013351678848266602,0.006128549575805664,0.006637930870056152,-0.0034917593002319336,-0.0033512115478515625,0.015313863754272461,-0.007953763008117676,0.016455650329589844,-0.0,-0.020917177200317383
2019-03-13,0.010828852653503418,-0.022727251052856445,0.0032286643981933594,0.0030168890953063965,-0.006567060947418213,-0.026060819625854492,0.04103672504425049,-0.020174860954284668,0.01756906509399414,-0.013848364353179932,-0.029057681560516357,-0.0138322114944458,-0.011977910995483398
2019-03-14,0.013052642345428467,0.012370109558105469,-0.003239154815673828,0.000864565372467041,0.005843997001647949,0.0029306411743164062,-0.018893957138061523,-0.0006862878799438477,0.007872700691223145,0.009238719940185547,0.01838397979736328,0.020577073097229004,0.004204869270324707
2019-03-15,0.005972683429718018,-0.0031769871711730957,-0.016730189323425293,0.006613433361053467,0.016858816146850586,-0.04147613048553467,-0.0485079288482666,-0.0013737082481384277,0.011743783950805664,0.032222628593444824,-0.0008395910263061523,0.004110515117645264,0.014857649803161621
2019-03-18,-0.0021458864212036133,0.004903197288513184,-0.024538159370422363,-0.02936786413192749,0.0017796754837036133,-0.04013800621032715,-0.0406419038772583,-0.005158185958862305,0.014269709587097168,-0.00851362943649292,0.003361344337463379,-0.02063751220703125,-0.021431922912597656
2019-03-19,-0.010706663131713867,-0.004635274410247803,-0.005917191505432129,-0.018076956272125244,0.0060776472091674805,-0.01567673683166504,0.0011254549026489258,-0.03975117206573486,0.027455449104309082,0.015384554862976074,0.02093803882598877,-0.011458158493041992,-0.01973879337310791
2019-03-20,0.011440694332122803,-0.01936274766921997,-0.04817932844161987,-0.0075727105140686035,-0.020817816257476807,-0.06055206060409546,0.02625352144241333,-0.014295220375061035,-0.012364566326141357,-0.03312188386917114,-0.04265797138214111,0.009107053279876709,0.0008382797241210938
2019-03-22,0.003857731819152832,0.008497834205627441,-0.027957618236541748,0.026509642601013184,-0.01736903190612793,-0.027804076671600342,0.014232754707336426,0.0016388297080993652,0.002224564552307129,0.0032798051834106445,-0.01713794469833374,0.0008966326713562012,-0.02448326349258423
2019-03-25,0.0073149800300598145,0.0007435083389282227,0.013018488883972168,0.0,0.008210182189941406,0.02502429485321045,-0.054114341735839844,-0.0,0.004077792167663574,-0.04177260398864746,0.023975610733032227,0.011891424655914307,-0.012978851795196533
2019-03-26,-0.006935477256774902,-0.0074294209480285645,0.0005977153778076172,0.01960909366607666,0.02280139923095703,0.011414051055908203,0.018040120601654053,-0.01280367374420166,0.027914881706237793,-0.008716821670532227,0.006811380386352539,0.0040871500968933105,0.03231930732727051
2019-03-27,0.00559622049331665,0.015718579292297363,-0.013440847396850586,0.005530834197998047,-0.010022461414337158,-0.031974971294403076,0.002154707908630371,0.00940030813217163,0.029757380485534668,-0.0003457069396972656,0.02283298969268799,0.007751941680908203,-0.013121545314788818
2019-03-28,-0.012121200561523438,-0.01400148868560791,0.019376397132873535,0.0008749961853027344,0.007474660873413086,0.013924956321716309,0.0010228157043457031,-0.009162306785583496,0.010004878044128418,0.02626127004623413,0.018189430236816406,-0.03561580181121826,0.008008718490600586
2019-03-29,-0.10094094276428223,0.012456417083740234,0.03237307071685791,0.010054349899291992,-0.031555235385894775,0.047269225120544434,-0.01080775260925293,0.0097275972366333,0.014666318893432617,-0.024840354919433594,0.004060029983520508,-0.029065847396850586,0.0023140907287597656
2019-04-01,-0.03729605674743652,0.01697838306427002,-0.015247464179992676,-0.0030295848846435547,0.02172219753265381,-0.00030499696731567383,0.02937537431716919,-0.0058939456939697266,-0.026160001754760742,0.015581727027893066,-0.013344109058380127,0.01595515012741089,0.02100968360900879
2019-04-02,0.008988738059997559,-0.006774723529815674,-0.03096693754196167,-0.001798391342163086,0.0230637788772583,-0.03904813528060913,0.003942430019378662,0.024088621139526367,-0.029393136501312256,-0.001407027244567871,0.0028688907623291016,-0.003286600112915039,-0.0015828609466552734
2019-04-03,0.028722643852233887,-0.00024360418319702148,-0.04793494939804077,0.011182785034179688,-0.029501795768737793,-0.05555558204650879,0.03480792045593262,-0.008672475814819336,-0.0005515217781066895,0.01264488697052002,-0.01389455795288086,0.018126189708709717,-0.010418176651000977
2019-04-04,-0.018288016319274902,-0.006335318088531494,-0.025965750217437744,-0.006881296634674072,-0.017875969409942627,-0.007394969463348389,-0.0132673978805542,-0.003968238830566406,-0.007073342800140381,0.0014229416847229004,-0.012432634830474854,0.020462632179260254,-0.016020774841308594
2019-04-05,0.005731761455535889,-0.05664539337158203,0.011053323745727539,0.0312422513961792,0.007300019264221191,0.022350192070007324,-0.02475893497467041,-0.009222626686096191,0.012378096580505371,-0.007837533950805664,0.0046160221099853516,0.0015894174575805664,0.0006202459335327148
2019-04-08,-0.0226747989654541,-0.04386168718338013,-0.020578742027282715,-0.008158862590789795,-0.0207749605178833,-0.04736661911010742,0.047392189502716064,-0.02708888053894043,0.0072362422943115234,-0.01025092601776123,-0.0045948028564453125,0.0036388635635375977,-0.018286049365997314
2019-04-09,0.01315295696258545,0.027912616729736328,0.015758275985717773,-0.02116978168487549,0.005131244659423828,0.014951229095458984,-0.025972366333007812,0.013028323650360107,0.006837368011474609,0.003498971462249756,-0.0016785860061645508,-0.009815096855163574,0.0039463043212890625
2019-04-10,0.011424243450164795,-0.00897282361984253,0.004201769828796387,-0.0080949068069458,-0.017965853214263916,-0.0006850957870483398,-0.009151458740234375,-0.00160980224609375,-0.018355369567871094,-0.0028090476989746094,0.002522110939025879,0.016726911067962646,-0.0022798776626586914
2019-04-11,-0.0042372941970825195,-0.005241870880126953,0.011908531188964844,0.003924727439880371,0.01589524745941162,0.019883394241333008,-0.010010600090026855,0.01189333200454712,0.009274125099182129,-0.0038515329360961914,-0.01090151071548462,-0.016551733016967773,0.011583089828491211
2019-04-12,0.0015344023704528809,-0.0016766786575317383,-0.0015903115272521973,0.0054607391357421875,-0.04280650615692139,-0.0013445019721984863,0.019473016262054443,-0.017241477966308594,0.01629161834716797,0.006278395652770996,0.005510807037353516,0.0027137398719787598,-0.002804279327392578
2019-04-15,0.0007682442665100098,0.017034530639648438,-0.008282899856567383,-0.0035796165466308594,0.008021116256713867,-0.013463497161865234,0.01010817289352417,-0.029101252555847168,-0.0008797049522399902,0.007721960544586182,0.005480647087097168,0.007029473781585693,-0.002187073230743408
2019-04-16,-0.08919644355773926,-0.005189836025238037,-0.0022485852241516113,0.005388736724853516,0.00703960657119751,0.03377687931060791,-0.013214826583862305,-0.002486109733581543,-0.0017120838165283203,-0.02582240104675293,0.003354310989379883,-0.013016700744628906,0.0026617050170898438
2019-04-18,0.0038827061653137207,-0.010196864604949951,0.01577591896057129,-0.01798921823501587,-0.0008622407913208008,0.008250832557678223,-0.0027271509170532227,-0.0142592191696167,-0.002891063690185547,-0.0010344982147216797,-0.0029251575469970703,0.002930581569671631,-0.03146469593048096
2019-04-22,-0.031183481216430664,-0.016770482063293457,-0.06656104326248169,-0.03531986474990845,0.021058738231658936,-0.07103115320205688,0.04717981815338135,-0.03973102569580078,-0.027028381824493408,0.01687908172607422,-0.017602741718292236,0.016052424907684326,0.029293715953826904
2019-04-23,-0.014433026313781738,-0.07894736528396606,-0.011544942855834961,-0.005397677421569824,0.01642709970474243,0.02255117893218994,0.0028543472290039062,-0.003500998020172119,-0.004091084003448486,-0.037140846252441406,0.013225317001342773,0.00390625,-0.013724207878112793
2019-04-24,-0.024390220642089844,0.04021167755126953,0.03950536251068115,-0.0037923455238342285,-0.020479202270507812,0.0623706579208374,-0.03484761714935303,-0.015011191368103027,-0.016482412815093994,-0.0300675630569458,0.008421063423156738,-0.003921627998352051,-0.018769264221191406
2019-04-25,0.03339946269989014,-0.007629692554473877,0.02808988094329834,-0.0099107027053833,0.009157359600067139,0.026273131370544434,0.008659064769744873,0.0035668611526489258,-0.002629876136779785,-0.0009839534759521484,-0.01210850477218628,-0.00022971630096435547,0.012232005596160889
2019-04-26,0.019842565059661865,0.01717066764831543,0.038251399993896484,-0.0077561140060424805,-0.03175699710845947,0.03223776817321777,-0.00121307373046875,0.0016155242919921875,-0.0017061233520507812,0.002621293067932129,0.013524889945983887,-0.015391707420349121,-0.014829516410827637
2019-04-30,0.06457245349884033,-0.01662886142730713,0.025077462196350098,-0.00908595323562622,-0.007528066635131836,0.03337419033050537,-0.03974306583404541,0.009032249450683594,0.0004661083221435547,-0.004599213600158691,0.005421161651611328,-0.005882382392883301,-0.0
2019-05-02,0.020895540714263916,0.003330826759338379,-0.003926336765289307,-0.01672065258026123,0.02468550205230713,-0.035851895809173584,-0.0005826950073242188,-0.01150888204574585,-0.009990692138671875,0.001962006092071533,0.006636261940002441,0.0071974992752075195,-0.008812904357910156
2019-05-03,-0.011813998222351074,-0.0053626298904418945,0.006670713424682617,0.002674102783203125,0.006303369998931885,0.016287684440612793,0.014442086219787598,-0.002263963222503662,-0.010771214962005615,-0.00851893424987793,0.0074166059494018555,0.02424103021621704,-0.0026879310607910156
2019-05-06,0.022598862648010254,0.004621267318725586,0.02650594711303711,-0.00991588830947876,-0.0022444725036621094,0.02449345588684082,-0.004017949104309082,-0.0051863789558410645,-0.0032242536544799805,0.0006496906280517578,-0.011042952537536621,-0.004411458969116211,0.016978204250335693
2019-05-07,-0.03892099857330322,0.0023001432418823242,-0.031103193759918213,-0.0017267465591430664,0.016942501068115234,-0.027744948863983154,0.024128973484039307,0.006842613220214844,0.004348278045654297,-0.008777618408203125,-0.0028949379920959473,-0.014100790023803711,0.02992194890975952
2019-05-08,0.028560876846313477,-0.013768553733825684,0.0027256011962890625,0.008095145225524902,0.00970679521560669,-0.012143313884735107,0.009769678115844727,0.00711977481842041,-0.021013736724853516,0.016435623168945312,-0.01036912202835083,0.008661985397338867,0.03279709815979004
2019-05-09,-0.009927511215209961,0.008014440536499023,-0.03322261571884155,-0.02100205421447754,-0.009001731872558594,-0.020897328853607178,0.01218026876449585,0.014781355857849121,0.012242555618286133,-0.0032765865325927734,-0.011735141277313232,-0.006208300590515137,0.03310191631317139
2019-05-10,0.00907367467880249,-0.0012823939323425293,-0.014058113098144531,-0.0017526745796203613,-0.0035686492919921875,-0.018518507480621338,0.023427903652191162,-0.013616204261779785,-0.05221372842788696,0.018288731575012207,-0.007209479808807373,0.004341840744018555,0.004175007343292236
2019-05-13,0.05990082025527954,0.0012840032577514648,-0.023130595684051514,-0.014326810836791992,0.02943497896194458,-0.039334893226623535,0.04015153646469116,-0.04911714792251587,-0.04047447443008423,0.012974023818969727,-0.003417372703552246,0.012852907180786133,0.015260756015777588
2019-05-14,0.04261362552642822,0.025134682655334473,0.010379552841186523,-0.011400103569030762,-0.04182779788970947,0.023635149002075195,-0.00881350040435791,0.020931720733642578,0.007440328598022461,-0.0003370046615600586,0.001714468002319336,-0.0013949871063232422,-0.02299046516418457
2019-05-15,-0.008478164672851562,-0.0005003809928894043,0.003210306167602539,-0.011243224143981934,0.04112529754638672,-0.0032520294189453125,-0.017342448234558105,-0.005952358245849609,-0.016108393669128418,0.009096980094909668,-0.0017115473747253418,0.0011609196662902832,0.0027468204498291016
2019-05-16,0.03488856554031372,0.0017522573471069336,0.04703998565673828,0.005685567855834961,0.0076406002044677734,0.058074951171875,-0.04370677471160889,-0.0066533684730529785,-0.0005319714546203613,-0.020061135292053223,0.004286289215087891,-0.0392841100692749,-0.00667726993560791
2019-05-17,-0.006533145904541016,0.0007495880126953125,0.0018336772918701172,0.01058197021484375,-0.012113690376281738,-0.025593578815460205,0.011543691158294678,0.023442745208740234,0.013483166694641113,-0.008333325386047363,0.005121588706970215,-0.055649638175964355,-0.0016582012176513672
2019-05-20,-0.12765038013458252,0.028214693069458008,0.043929338455200195,-0.02194654941558838,-0.03965926170349121,0.07721519470214844,-0.06311345100402832,0.02617800235748291,0.02164781093597412,-0.05157029628753662,-0.03269636631011963,0.0027503371238708496,-0.04610550403594971
2019-05-21,-0.007290840148925781,0.0002428293228149414,-0.04704850912094116,0.005754828453063965,0.02087801694869995,-0.034077584743499756,0.030501365661621094,-0.021045923233032227,-0.0223313570022583,0.0069161057472229,0.002878248691558838,-0.018156766891479492,-0.010523796081542969
2019-05-22,-0.018666625022888184,-0.004127144813537598,0.027598857879638672,0.007270395755767822,0.005579888820648193,0.016423463821411133,-0.014826416969299316,-0.004560232162475586,-0.007769644260406494,-0.012978792190551758,-0.0024743080139160156,0.013544023036956787,-0.0003914833068847656
2019-05-23,-0.016080856323242188,0.024378299713134766,0.0005967617034912109,-0.0003554821014404297,-0.0033065080642700195,0.0035905838012695312,0.009621143341064453,0.0026177167892456055,0.03232264518737793,0.016250014305114746,-0.009049773216247559,-0.005263090133666992,0.0048528313636779785
2019-05-24,-0.001104116439819336,0.014516830444335938,0.030420541763305664,-0.012794137001037598,-0.0110856294631958,0.04889678955078125,-0.019908905029296875,0.024804234504699707,0.00576019287109375,-0.0015883445739746094,-0.0016306638717651367,-0.01616203784942627,-0.0022809505462646484
2019-05-27,-0.053308844566345215,0.01759326457977295,0.017655611038208008,-0.018106579780578613,-0.020841598510742188,0.052870988845825195,-0.04033398628234863,-0.051592350006103516,0.005387067794799805,0.004757344722747803,-0.004884004592895508,-0.012096762657165527,0.019618630409240723
2019-05-28,-0.1396160125732422,0.032272934913635254,0.0,0.006410777568817139,-0.0013545751571655273,0.005669593811035156,-0.008590459823608398,0.0018171072006225586,-0.011336684226989746,-0.009878873825073242,0.007290363311767578,0.006640076637268066,-0.010005593299865723
2019-05-29,-0.0275651216506958,0.02858424186706543,-0.0073947906494140625,0.006382644176483154,-0.014880657196044922,-0.016107380390167236,0.02185368537902832,-0.0006067752838134766,0.007644534111022949,0.02177339792251587,0.020807862281799316,-0.00022280216217041016,0.008083760738372803
2019-05-30,-0.02026820182800293,-0.024098992347717285,0.02234947681427002,0.0003491640090942383,-0.016471505165100098,0.014461040496826172,-0.011342763900756836,-0.02001214027404785,0.012511968612670898,0.011935532093048096,-0.0,0.0040097832679748535,-0.012703776359558105
2019-05-31,0.03680974245071411,0.005561709403991699,0.0042040348052978516,0.000698387622833252,-0.005245327949523926,0.022861719131469727,-0.02582991123199463,-0.0011889934539794922,-0.002348482608795166,-0.014691472053527832,-0.0,-0.018787741661071777,-0.00031554698944091797
2019-06-03,-0.08371233940124512,-0.03141593933105469,0.020094871520996094,-0.01670515537261963,0.01043611764907837,0.0018407106399536133,-0.02937602996826172,-0.00504755973815918,-0.002353966236114502,-0.0012871026992797852,-0.0129166841506958,0.006586194038391113,-0.022635817527770996
2019-06-04,-0.017072558403015137,-0.007766067981719971,-0.02188783884048462,-0.0016498565673828125,-0.0021657943725585938,-0.02362203598022461,0.029503285884857178,-0.017429828643798828,0.00022470951080322266,0.008997499942779541,0.0008227825164794922,-0.005303859710693359,0.006324172019958496
2019-06-06,0.062465548515319824,0.02025783061981201,-0.029370605945587158,-0.029993116855621338,-0.12242788076400757,-0.03387099504470825,0.012602269649505615,-0.013356566429138184,-0.017917335033416748,0.007133543491363525,0.013174116611480713,0.04044842720031738,0.018006861209869385
2019-06-07,0.0026416778564453125,0.0027074813842773438,0.015850186347961426,-0.018255174160003662,-0.008565366268157959,0.01196444034576416,-0.0016794204711914062,0.036389708518981934,-0.026765823364257812,0.011103928089141846,-0.0012515783309936523,-0.005269169807434082,0.009326517581939697
2019-06-10,-0.00441431999206543,-0.005850613117218018,-0.034893572330474854,0.01297295093536377,-0.02213817834854126,-0.020621418952941895,0.0223538875579834,-0.012191534042358398,-0.0422518253326416,0.01750326156616211,-0.002083301544189453,-0.002051115036010742,-0.003191351890563965
2019-06-11,0.02549070119857788,0.006564140319824219,-0.007348597049713135,0.01245105266571045,-0.004196643829345703,0.010948896408081055,-0.01349031925201416,-0.0020564794540405273,0.008739292621612549,-0.028235316276550293,-0.012889862060546875,-0.022515296936035156,-0.007634758949279785
2019-06-12,-0.019843697547912598,-0.012817680835723877,-0.01628667116165161,-0.005129992961883545,0.014084577560424805,-0.0233268141746521,-0.0,0.015538036823272705,0.0037540197372436523,-0.009807109832763672,0.007799685001373291,0.018683254718780518,-0.0022100210189819336
2019-06-13,0.005011856555938721,0.03257405757904053,0.02167367935180664,-0.011019349098205566,-0.0066710710525512695,0.02758026123046875,0.012746810913085938,-0.0047647953033447266,-0.004453301429748535,0.011654257774353027,-0.023996710777282715,0.008839607238769531,0.003622710704803467
2019-06-14,-0.030814766883850098,-0.016765892505645752,-0.006187379360198975,-0.013856053352355957,0.0014312267303466797,-0.011621415615081787,0.006512820720672607,0.006224095821380615,0.007275640964508057,-0.0022928714752197266,-0.001271665096282959,0.008689641952514648,0.007350564002990723
2019-06-17,0.03794187307357788,0.0033655166625976562,-0.022828280925750732,-0.013399064540863037,-0.009124934673309326,-0.043393075466156006,0.032892465591430664,0.00626295804977417,-0.004294276237487793,0.02908492088317871,-0.01273345947265625,0.027450978755950928,0.026753723621368408
2019-06-18,0.01165229082107544,0.0008944272994995117,0.020934462547302246,0.004991888999938965,0.007211804389953613,0.027509450912475586,-0.017600178718566895,-0.01920771598815918,0.018529057502746582,-0.010770678520202637,-0.008168578147888184,-0.020635604858398438,0.0010635852813720703
2019-06-19,0.023579180240631104,-0.03954428434371948,-0.01723623275756836,-0.018772780895233154,-0.0011015534400939941,-0.022215962409973145,0.023840129375457764,0.012367546558380127,0.001277923583984375,-0.007326006889343262,-0.0008668899536132812,-0.008366227149963379,0.0027846097946166992
2019-06-20,0.0195046067237854,-0.021632909774780273,0.016328930854797363,0.0101243257522583,0.011910080909729004,-0.01165163516998291,-0.017598509788513184,-0.007155656814575195,-0.0037224292755126953,-0.027768611907958984,-0.028633475303649902,-0.0062226057052612305,-0.015111684799194336
2019-06-21,-0.006946563720703125,-0.003328561782836914,-0.014281511306762695,0.006043076515197754,0.0016347169876098633,-0.0029472708702087402,0.021764695644378662,-0.04085254669189453,0.014718592166900635,0.006111264228820801,-0.01138758659362793,-0.01992666721343994,0.013268649578094482
2019-06-24,0.004703640937805176,-0.03840649127960205,0.0021129846572875977,-0.024173974990844727,-0.01632028818130493,-0.0127105712890625,0.0137101411819458,-0.04228401184082031,0.026171863079071045,0.033656954765319824,0.018765628337860107,-0.002021193504333496,0.013364970684051514
2019-06-25,-0.022054195404052734,0.005209684371948242,0.03433728218078613,0.0036783218383789062,0.010286450386047363,0.026946067810058594,-0.019753575325012207,0.006767630577087402,0.00567704439163208,-0.0060280561447143555,-0.0021249055862426758,-0.0004482269287109375,-0.02651035785675049
2019-06-26,-0.0003082752227783203,-0.002467930316925049,-0.004659295082092285,-0.003664851188659668,-0.0019705891609191895,-0.028862953186035156,-0.0027502775192260742,0.001600503921508789,-0.031037449836730957,-0.00832223892211914,-0.00593721866607666,-0.015233039855957031,0.001295328140258789
2019-06-27,-0.03204929828643799,-0.000989675521850586,0.002340555191040039,-0.008407831192016602,-0.008775830268859863,0.005403757095336914,-0.012520909309387207,-0.0009587407112121582,-0.014727592468261719,-0.01815783977508545,-0.008010149002075195,-0.013680458068847656,0.01548314094543457
2019-06-28,-0.015825629234313965,-0.011887013912200928,0.0005837678909301758,-0.024604439735412598,0.01803886890411377,0.0029859542846679688,0.005064189434051514,0.00639796257019043,0.013352692127227783,0.016861140727996826,0.007528245449066162,0.016325652599334717,0.016550004482269287
2019-07-01,-0.011169910430908203,0.00300753116607666,-0.04375731945037842,-0.019248664379119873,0.0030437707901000977,-0.028877615928649902,0.032078683376312256,-0.03083282709121704,0.029361605644226074,0.040237486362457275,0.018541991710662842,-0.011949539184570312,-0.012558579444885254
2019-07-02,-0.020639538764953613,0.0002498626708984375,0.006406307220458984,0.011475086212158203,-0.004985332489013672,0.01287543773651123,-0.023725152015686035,0.021318435668945312,0.0005456209182739258,-0.029209613800048828,-0.009446144104003906,0.010715067386627197,-0.007606983184814453
2019-07-03,0.007405340671539307,0.0017486810684204102,0.007578015327453613,0.0034426450729370117,-0.020368099212646484,0.008474588394165039,-0.010870933532714844,-0.029543936252593994,0.009037375450134277,-0.0036728382110595703,-0.011059045791625977,-0.016799330711364746,-0.0032824277877807617
2019-07-04,0.0008608102798461914,0.03192019462585449,-0.003309309482574463,0.00038993358612060547,0.008783698081970215,0.0027010440826416016,-0.0028362274169921875,0.0009926557540893555,-0.013955116271972656,-0.004657387733459473,0.0033655762672424316,-0.012608647346496582,-0.0010633468627929688
2019-07-05,0.03877079486846924,0.012566447257995605,-0.02776932716369629,-0.023070991039276123,-0.004629194736480713,-0.0044896602630615234,0.032524168491363525,-0.01685953140258789,0.023421406745910645,0.03344374895095825,0.023638606071472168,0.01588660478591919,0.016096174716949463
2019-07-08,0.023304522037506104,0.009785175323486328,-0.02638930082321167,-0.02561032772064209,-0.014948487281799316,-0.017137765884399414,-0.0624847412109375,-0.0010086894035339355,0.020707130432128906,-0.05652618408203125,-0.03804582357406616,0.011343777179718018,0.008968532085418701
2019-07-09,-0.005812168121337891,0.011817574501037598,-0.002232193946838379,0.003930211067199707,-0.027877628803253174,0.01927196979522705,-0.060543060302734375,0.022887825965881348,0.006311953067779541,0.006898999214172363,-0.06292140483856201,0.01566636562347412,-0.022456765174865723
2019-07-10,0.006995081901550293,0.0004671812057495117,-0.031000256538391113,-0.003914892673492432,-0.015032410621643066,-0.004801928997039795,0.025603294372558594,0.0013161897659301758,-0.004509925842285156,-0.011539757251739502,0.0135306715965271,-0.009190797805786133,0.00098341703414917
2019-07-11,-0.003981590270996094,-0.003735661506652832,0.003298163414001465,0.0015556812286376953,0.018079400062561035,-0.0006031990051269531,0.0017601251602172852,0.004929304122924805,-0.020361661911010742,0.009850382804870605,0.004286348819732666,-0.024655699729919434,-0.002132892608642578
2019-07-12,0.0042708516120910645,-0.020154714584350586,-0.014792919158935547,0.007603049278259277,-0.005996346473693848,-0.019915521144866943,0.008438289165496826,0.015042543411254883,0.00241696834564209,-0.022760093212127686,-0.0,0.00823754072189331,0.0008186101913452148
2019-07-15,0.0003063678741455078,0.005979418754577637,0.005338549613952637,-0.02206897735595703,-0.008120596408843994,0.0190887451171875,0.011431515216827393,0.01417529582977295,0.012424647808074951,0.007024049758911133,0.009900987148284912,0.008524596691131592,0.0034409165382385254
2019-07-16,-0.05516397953033447,-0.005706131458282471,0.021241426467895508,-0.03741812705993652,0.01368415355682373,-0.03716003894805908,-0.013362526893615723,0.01715385913848877,-0.0037114620208740234,0.010279059410095215,0.0008695721626281738,-0.013007044792175293,-0.013235807418823242
2019-07-17,-0.019459843635559082,-0.013868987560272217,-0.005199909210205078,-0.018314123153686523,-0.028498947620391846,-0.004951953887939453,0.0017750859260559082,-0.003747701644897461,-0.003008246421813965,-0.015625059604644775,0.010879039764404297,-0.007399320602416992,0.00868147611618042
2019-07-18,0.0316239595413208,-0.005819559097290039,-0.010780870914459229,0.007225334644317627,-0.01068878173828125,0.02173912525177002,-0.005969643592834473,0.0018808841705322266,0.00987255573272705,-0.043189287185668945,0.042234957218170166,0.02808380126953125,0.015550851821899414
2019-07-19,0.03353923559188843,-0.010487794876098633,0.005944609642028809,0.03615224361419678,-0.03241300582885742,-0.003851771354675293,0.0089646577835083,0.010012507438659668,0.019058406352996826,0.0034722089767456055,0.03353238105773926,0.008446276187896729,0.010143041610717773
2019-07-22,-0.0021309852600097656,-0.013803303241729736,0.007222533226013184,-0.02790546417236328,0.0028536319732666016,-0.005608081817626953,-0.012230873107910156,-0.02044600248336792,0.016662418842315674,0.019607901573181152,-0.01378333568572998,0.0011208057403564453,-0.025197386741638184
2019-07-23,0.006682932376861572,-0.006498396396636963,0.016623258590698242,0.01437234878540039,0.0045773983001708984,0.012914657592773438,0.00478285551071167,0.025932908058166504,-0.013019323348999023,-0.014705955982208252,0.01594001054763794,0.0038151144981384277,0.005407154560089111
2019-07-24,0.013455629348754883,0.0012578964233398438,-0.02949655055999756,0.03345757722854614,-0.014901459217071533,-0.04519766569137573,-0.004805803298950195,-0.0483970046043396,0.003035426139831543,-0.006505846977233887,0.014768898487091064,0.025230884552001953,0.011367440223693848
2019-07-25,0.0058896541595458984,0.0070351362228393555,-0.026428818702697754,-0.01667928695678711,-0.014626801013946533,-0.047960102558135986,0.010824441909790039,0.01976025104522705,-0.0012308359146118164,0.0015407800674438477,-0.005319118499755859,0.010399818420410156,0.021996259689331055
2019-07-26,-0.003118157386779785,-0.0032435059547424316,0.010858416557312012,-0.010469913482666016,-0.014209628105163574,0.03631007671356201,0.03868168592453003,-0.028589606285095215,-0.007699251174926758,-0.01307690143585205,-0.002886056900024414,-0.024287700653076172,0.014312505722045898
2019-07-29,0.0071495771408081055,-0.02227783203125,-0.005035221576690674,-0.007913827896118164,-0.012612581253051758,-0.02651512622833252,0.03017878532409668,-0.005232095718383789,0.010658085346221924,-0.01169133186340332,0.012470066547393799,0.007523953914642334,0.0023335814476013184
2019-07-30,0.013462722301483154,-0.02713775634765625,-0.02091759443283081,0.01926499605178833,-0.01837855577468872,-0.04442274570465088,0.04080796241760254,-0.013806760311126709,-0.01992344856262207,-0.011041045188903809,0.0024283528327941895,0.012405216693878174,0.024863600730895996
2019-07-31,0.02856236696243286,-0.018684208393096924,-0.03170216083526611,0.026906609535217285,-0.002390146255493164,0.03393280506134033,-0.05193519592285156,0.01033329963684082,-0.028506040573120117,0.0003986358642578125,-0.03554046154022217,-0.014189362525939941,0.012437820434570312
2019-08-01,0.001960158348083496,-0.053633689880371094,0.005677938461303711,0.02510601282119751,-0.0018634200096130371,-0.011158585548400879,0.019883692264556885,0.0036292076110839844,0.014352917671203613,-0.013949751853942871,0.0014104247093200684,0.003440380096435547,-0.012054681777954102
2019-08-02,-0.007528543472290039,-0.0015270709991455078,0.0036950111389160156,0.014790356159210205,-0.008134424686431885,-0.043146371841430664,0.015042722225189209,0.01512157917022705,0.008661746978759766,-0.018189191818237305,0.025894522666931152,0.0009205937385559082,-0.0034667253494262695
2019-08-05,0.02794015407562256,-0.052858948707580566,0.010788977146148682,0.016778528690338135,-0.03966116905212402,0.00971221923828125,0.026621878147125244,-0.02396368980407715,-0.019944310188293457,-0.02305471897125244,0.02658289670944214,-0.004837632179260254,0.03463548421859741
2019-08-06,-0.03308820724487305,-0.060101985931396484,-0.019768238067626953,-0.010867714881896973,0.00391995906829834,-0.008931636810302734,-0.0014394521713256836,0.029860615730285645,-0.004779934883117676,0.0012642145156860352,-0.021847128868103027,0.019715726375579834,0.013121724128723145
2019-08-07,-0.01552891731262207,0.026828646659851074,-0.043449223041534424,-0.02727675437927246,-0.014223933219909668,-0.041247785091400146,0.030760347843170166,0.0,-0.0014827251434326172,-0.0075757503509521484,0.019436359405517578,-0.015434980392456055,0.016736388206481934
2019-08-08,-0.02453017234802246,-0.0018205642700195312,0.039832234382629395,0.010984301567077637,0.001980423927307129,0.02819955348968506,-0.017647981643676758,0.00483250617980957,-0.014003634452819824,0.0029685497283935547,0.0044599175453186035,-0.016582131385803223,-0.03867614269256592
2019-08-09,0.019589602947235107,-0.031671762466430664,0.009072542190551758,-0.010231733322143555,0.016518354415893555,-0.014767885208129883,0.003497600555419922,-0.0028855204582214355,-0.04465526342391968,0.0008456707000732422,0.0029864907264709473,0.003398299217224121,-0.008466839790344238
2019-08-13,0.031398653984069824,0.00150984525680542,-0.010322928428649902,0.031163394451141357,0.01874995231628418,-0.029978692531585693,0.04240995645523071,-0.0057877302169799805,0.0009552240371704102,-0.024081110954284668,0.013479769229888916,-0.007047057151794434,-0.09695768356323242
2019-08-14,-0.004911541938781738,0.019909262657165527,0.03532969951629639,-0.020014286041259766,0.006407618522644043,0.02832973003387451,-0.005039572715759277,0.023285865783691406,0.019468069076538086,-0.007792234420776367,-0.020242929458618164,-0.016704320907592773,-0.010616421699523926
2019-08-16,0.0019550323486328125,-0.02339935302734375,-0.009424865245819092,-0.014015436172485352,0.024654507637023926,-0.0053667426109313965,0.0019753575325012207,0.03381800651550293,0.006989479064941406,0.009162306785583496,-0.009920597076416016,0.012433409690856934,0.007980525493621826
2019-08-19,0.002285301685333252,0.01984924077987671,-0.01279526948928833,0.013389825820922852,-0.01969856023788452,-0.0035971403121948242,0.004415333271026611,-0.004280030727386475,-0.024541378021240234,-0.012970149517059326,0.007367372512817383,0.015512585639953613,-0.011410355567932129
2019-08-20,-0.015379548072814941,-0.03537547588348389,-0.01495516300201416,-0.008055329322814941,0.0006742477416992188,-0.014801442623138428,0.015292882919311523,0.004605412483215332,-0.07827186584472656,-0.010074496269226074,0.02177143096923828,0.004338860511779785,0.012904822826385498
2019-08-21,0.019658327102661133,-0.0012379884719848633,-0.044871747493743896,0.021975159645080566,-0.04097026586532593,-0.013558030128479004,0.03090536594390869,-0.0030562281608581543,-0.001944422721862793,-0.030530929565429688,0.031866490840911865,-0.01032114028930664,0.003946661949157715
2019-08-22,0.03813284635543823,0.016567707061767578,-0.04839283227920532,0.01554173231124878,-0.01573920249938965,-0.05906391143798828,0.03285259008407593,-0.012875556945800781,0.018994450569152832,-0.03514385223388672,0.008359432220458984,0.0006810426712036133,0.018986284732818604
2019-08-23,-0.002050638198852539,0.023384511470794678,-0.056421756744384766,-0.04916560649871826,0.03326678276062012,-0.06079745292663574,-0.0518641471862793,0.008074522018432617,-0.014566659927368164,-0.04541158676147461,-0.015279173851013184,-0.00022709369659423828,-0.023392677307128906
2019-08-26,-0.009549736976623535,-0.077239990234375,-0.0193253755569458,-0.01917445659637451,0.01685774326324463,-0.06847786903381348,-0.02709507942199707,0.014479279518127441,0.007444620132446289,-0.011764764785766602,-0.013492465019226074,-0.029979586601257324,0.0071533918380737305
2019-08-27,-0.0013513565063476562,0.05521035194396973,-0.02206134796142578,-0.04268956184387207,0.0323413610458374,-0.03274118900299072,-0.0029141902923583984,0.0021257400512695312,-0.02523958683013916,-0.015652894973754883,-0.017409086227416992,-0.05071663856506348,-0.006376743316650391
2019-08-28,0.007422327995300293,0.008854031562805176,-0.025969743728637695,0.026377499103546143,-0.017901837825775146,-0.02327144145965576,0.027680039405822754,0.009090900421142578,0.006735265254974365,0.03522676229476929,0.03371918201446533,-0.006295919418334961,0.009051978588104248
2019-08-29,0.02209383249282837,0.03573250770568848,-0.010190606117248535,0.01736891269683838,0.0038869380950927734,-0.003625631332397461,-0.0075495243072509766,-0.009909868240356445,0.010638892650604248,-0.016887307167053223,-0.01875007152557373,-0.009801864624023438,0.01710677146911621
2019-08-30,0.023635804653167725,-0.00397038459777832,-0.0035796165466308594,-0.0098952054977417,0.011214852333068848,0.024302124977111816,0.0118638277053833,0.017894983291625977,0.0011816620826721191,0.016606807708740234,-0.008691191673278809,-0.01590251922607422,-0.005491733551025391
2019-09-03,0.008899986743927002,0.02425515651702881,-0.002918243408203125,0.022443711757659912,-0.024689674377441406,0.014809787273406982,0.05260658264160156,-0.02026224136352539,0.018633544445037842,0.033318161964416504,0.033451616764068604,0.010367989540100098,0.03369462490081787
2019-09-04,0.023347675800323486,-0.009456872940063477,-0.02230846881866455,-0.0008566379547119141,0.0037903785705566406,-0.0017082691192626953,-0.03334999084472656,-0.005474388599395752,-0.00861966609954834,-0.01558077335357666,-0.030414223670959473,-0.005957365036010742,0.004347801208496094
2019-09-05,-0.008826732635498047,0.020610332489013672,-0.04996836185455322,-0.002482295036315918,0.030883312225341797,-0.03478848934173584,-0.04453766345977783,0.010397553443908691,-0.018884778022766113,-0.05160391330718994,-0.01475822925567627,0.00183790922164917,0.002183377742767334
2019-09-06,-0.002187371253967285,-0.041268110275268555,0.005120515823364258,0.001195371150970459,0.0030088424682617188,0.013183891773223877,-0.021937251091003418,-0.006053268909454346,0.0066866278648376465,-0.022988438606262207,-0.017552614212036133,0.003682434558868408,-0.019956231117248535
2019-09-09,0.01927971839904785,0.009448826313018799,-0.00878000259399414,-0.019490480422973633,0.006651878356933594,-0.00033402442932128906,0.002872288227081299,0.013398289680480957,-0.005668759346008301,-0.010803818702697754,-0.01281428337097168,-0.00431215763092041,0.0002574920654296875
2019-09-11,-0.020029664039611816,0.0026497244834899902,-0.01140451431274414,-0.01593160629272461,-0.029541313648223877,-0.017362356185913086,0.0057610273361206055,0.011418342590332031,-0.0002936124801635742,0.0282171368598938,0.02871042490005493,-0.0004088878631591797,-0.009957075119018555
2019-09-12,-0.004000067710876465,-0.020191311836242676,0.005637943744659424,-0.03648066520690918,-0.02242988348007202,0.014440536499023438,0.01601099967956543,-0.03119426965713501,0.013266026973724365,-0.0008798837661743164,-0.007014036178588867,0.006948709487915039,0.019462883472442627
2019-09-13,-0.03766751289367676,0.00390625,-0.06744253635406494,-0.013537168502807617,0.029227018356323242,-0.03663003444671631,-0.05594301223754883,0.007973074913024902,-0.0085068941116333,-0.023736238479614258,-0.014427781105041504,-0.010496020317077637,-0.012568235397338867
2019-09-16,0.017102956771850586,0.005751669406890869,-0.07380491495132446,0.03669077157974243,0.00371551513671875,0.06424671411514282,0.014675676822662354,0.01673257350921631,0.007373332977294922,-0.01416921615600586,-0.002942681312561035,-0.006109952926635742,0.01206982135772705
2019-09-17,0.00923299789428711,0.019721269607543945,-0.031391441822052,0.00905311107635498,0.018640995025634766,0.04359757900238037,0.03172469139099121,-0.005386054515838623,0.010755956172943115,0.007197260856628418,0.00782400369644165,0.018421053886413574,0.011004209518432617
2019-09-18,0.008243680000305176,0.01636260747909546,0.03864133358001709,-0.002386808395385742,0.024140119552612305,-0.04271352291107178,-0.029226303100585938,-0.0003008842468261719,-0.005286216735839844,0.02132195234298706,0.012814164161682129,-0.0012373924255371094,-0.006833672523498535
2019-09-19,0.02240699529647827,0.01854383945465088,-0.006600618362426758,0.021594524383544922,-0.014700353145599365,0.018244385719299316,0.0183829665184021,-0.03129702806472778,0.009501039981842041,0.02091503143310547,0.03644531965255737,-0.031719863414764404,0.0221022367477417
2019-09-20,0.01404803991317749,-0.02584052085876465,0.06674718856811523,-0.06084251403808594,0.013118982315063477,-0.11956512928009033,-0.060749053955078125,-0.05405402183532715,-0.07722008228302002,-0.07432126998901367,-0.05958545207977295,-0.045096755027770996,-0.06389033794403076
2019-09-23,-0.014998078346252441,0.033856987953186035,-0.12287652492523193,-0.034174442291259766,0.05230426788330078,-0.04541182518005371,-0.09186160564422607,-0.045682311058044434,-0.025145649909973145,-0.02071249485015869,0.00831294059753418,-0.05088537931442261,0.012044191360473633
2019-09-24,0.01662355661392212,-0.027193665504455566,-0.024457812309265137,0.007802248001098633,-0.015200912952423096,0.021869361400604248,0.03299593925476074,-0.020293116569519043,0.007429659366607666,0.021103858947753906,0.02662724256515503,0.013081669807434082,-0.031832098960876465
2019-09-25,0.012396752834320068,0.018558919429779053,-0.008860468864440918,0.010484933853149414,-0.02180570363998413,-0.010413408279418945,-0.017400741577148438,0.03674030303955078,0.006109297275543213,0.014925360679626465,0.014690935611724854,0.00867915153503418,-0.0006563663482666016
2019-09-26,-0.00950932502746582,0.011957764625549316,-0.03342282772064209,-0.00038945674896240234,0.005259871482849121,-0.07578051090240479,-0.032335758209228516,-0.011184334754943848,-0.030235886573791504,-0.04250836372375488,-0.01799488067626953,0.0016788244247436523,-0.013529062271118164
2019-09-27,0.0015071630477905273,-0.009006500244140625,0.022426843643188477,-0.0022586584091186523,-0.022798001766204834,-0.004508376121520996,-0.008542537689208984,0.015882015228271484,0.013921737670898438,0.04037141799926758,0.011111080646514893,0.006075859069824219,-0.009465336799621582
2019-09-30,0.024905681610107422,-0.011157631874084473,-0.0007244348526000977,-0.027585744857788086,0.0024222135543823242,0.015147268772125244,-0.014758706092834473,-0.007781028747558594,0.006050705909729004,-0.002103447914123535,0.010725259780883789,-0.0020824670791625977,-0.017711162567138672
2019-10-01,-0.00928795337677002,0.03117239475250244,-0.05308878421783447,0.0051422119140625,-0.012463390827178955,-0.02848196029663086,-0.009485244750976562,-0.0014297962188720703,0.010091066360473633,0.02770775556564331,0.015487849712371826,-0.005008399486541748,0.020552754402160645
2019-10-03,0.0134202241897583,-0.044419050216674805,-0.0797433853149414,0.011097550392150879,-0.009658753871917725,-0.04874002933502197,-0.02505636215209961,-0.0059964656829833984,0.012354612350463867,-0.0,-0.011012077331542969,-0.0025167465209960938,-0.004743456840515137
2019-10-04,0.006218373775482178,0.05207192897796631,0.031621456146240234,0.012298285961151123,0.0036411285400390625,0.007657825946807861,0.005133211612701416,0.01248931884765625,0.01497727632522583,-0.011226177215576172,0.004668116569519043,-0.007989943027496338,0.0023204684257507324
2019-10-07,-0.017598867416381836,0.05579531192779541,0.05040544271469116,0.01626455783843994,-0.01567763090133667,0.046301186084747314,0.01818186044692993,-0.007760882377624512,-0.0134965181350708,0.023484230041503906,0.00208437442779541,0.002755403518676758,-0.0016040802001953125
2019-10-09,-0.04573404788970947,-0.015534639358520508,-0.0048465728759765625,-0.02033054828643799,0.01540076732635498,-0.025948762893676758,0.004129171371459961,-0.03080427646636963,-0.025453805923461914,0.005684316158294678,-0.019843339920043945,0.0038046836853027344,-0.011210799217224121
2019-10-10,-0.018008112907409668,0.011997580528259277,0.006430864334106445,0.0048844218254089355,-0.0381125807762146,0.011694371700286865,-0.0,-0.025456547737121582,-0.0055342912673950195,0.0021987557411193848,-0.006144404411315918,0.0040007829666137695,-0.028666377067565918
2019-10-11,0.006137251853942871,-0.007589578628540039,0.003698587417602539,-0.007557511329650879,-0.020215630531311035,0.00963127613067627,0.03832131624221802,-0.0048569440841674805,0.0016347765922546387,-0.027765512466430664,-0.011195898056030273,-0.005452990531921387,0.0074672698974609375
2019-10-14,-0.09516894817352295,0.012955665588378906,0.004408359527587891,-0.0034023523330688477,0.007702946662902832,-0.0072242021560668945,-0.011235952377319336,-0.010741114616394043,-0.028764843940734863,-0.0480273962020874,-0.0281832218170166,0.006326436996459961,-0.0039556026458740234
2019-10-15,-0.005306839942932129,-0.03327226638793945,-0.009088754653930664,-0.002234935760498047,0.01911008358001709,-0.0019310712814331055,-0.014082670211791992,0.020722627639770508,-0.007109403610229492,-0.025368332862854004,-0.03377377986907959,0.0016764402389526367,-0.004558086395263672
2019-10-16,0.020785272121429443,0.034564316272735596,-0.04711318016052246,0.02729719877243042,-0.01058131456375122,-0.007433891296386719,0.007262051105499268,-0.014107346534729004,-0.031450867652893066,-0.021947383880615234,-0.02035987377166748,0.009623408317565918,-0.0059986114501953125
2019-10-17,-0.002695441246032715,-0.005202054977416992,-0.0019849538803100586,-0.017312288284301758,0.01638007164001465,-0.0030063390731811523,-0.0068018436431884766,0.007490575313568115,0.004188179969787598,0.00195235013961792,-0.01206505298614502,0.004558563232421875,-0.01765918731689453
2019-10-18,-0.014784932136535645,-0.03226792812347412,-0.014087677001953125,-0.010568022727966309,0.006260037422180176,0.00027251243591308594,0.00675588846206665,-0.0237196683883667,0.008667945861816406,-0.014866948127746582,-0.05639612674713135,0.016501665115356445,-0.014122605323791504
2019-10-22,0.016887426376342773,-0.057505130767822266,-0.027783751487731934,-0.005228757858276367,0.0,-0.010629534721374512,-0.007315158843994141,0.020273804664611816,0.010916829109191895,-0.00539708137512207,-0.046440958976745605,0.029017925262451172,0.001481473445892334
2019-10-23,0.009430766105651855,0.0164528489112854,0.013727545738220215,0.0037481188774108887,-0.007412374019622803,0.028586745262145996,0.015670716762542725,0.018005967140197754,0.0031385421752929688,0.01610422134399414,0.005917191505432129,-0.0212976336479187,0.015430331230163574
2019-10-24,0.009180605411529541,0.03544086217880249,0.027837276458740234,-0.07916152477264404,-0.039871931076049805,0.034702956676483154,0.026404380798339844,-0.027640938758850098,0.005667150020599365,0.008963406085968018,0.01493215560913086,-0.0004029273986816406,-0.03164553642272949
2019-10-25,-0.007206559181213379,0.03497952222824097,-0.022907495498657227,-0.06567049026489258,-0.0065277814865112305,-0.007190108299255371,-0.0069130659103393555,-0.00399470329284668,-0.02570056915283203,0.007864713668823242,-0.026749908924102783,0.00786125659942627,0.003651738166809082
2019-10-27,-0.010902881622314453,-0.014620780944824219,-0.004952669143676758,0.014888465404510498,0.005312561988830566,-0.00628209114074707,-0.005017280578613281,-0.005835533142089844,-0.011679410934448242,-0.0019817352294921875,0.003206610679626465,0.005200028419494629,-0.0021990537643432617
2019-10-29,0.003033459186553955,-0.051335930824279785,0.007713735103607178,0.008268415927886963,0.018773436546325684,-0.026957988739013672,-0.0137939453125,-0.006856441497802734,-0.0024410486221313477,-0.01661396026611328,-0.007762551307678223,0.024074792861938477,-0.022820472717285156
2019-10-30,0.006761312484741211,0.023129642009735107,-0.004534721374511719,-0.01824641227722168,-0.06579303741455078,-0.029842495918273926,-0.022677183151245117,-0.005762219429016113,-0.01917707920074463,0.011673152446746826,0.03819608688354492,0.02253735065460205,-0.008223652839660645
2019-10-31,-0.0013616085052490234,-0.0032154321670532227,-0.002794504165649414,0.007449686527252197,-0.029713153839111328,-0.024148106575012207,0.0029143095016479492,-0.019791722297668457,-0.015232205390930176,-0.008661508560180664,0.014627575874328613,0.0032300949096679688,0.01000070571899414
2019-11-01,0.0016995072364807129,-0.003496408462524414,0.014147937297821045,-0.019000649452209473,0.016666710376739502,0.014933228492736816,0.03329521417617798,-0.0020428895950317383,0.010492801666259766,-0.01717400550842285,-0.018348634243011475,-0.010037839412689209,0.005086779594421387
2019-11-04,-0.007150053977966309,0.018292665481567383,-0.00565338134765625,0.028997957706451416,-0.014672398567199707,0.006116986274719238,0.03299593925476074,0.002038717269897461,-0.031068801879882812,-0.021872520446777344,0.01691150665283203,0.005930662155151367,-0.0005041360855102539
2019-11-05,0.007775485515594482,0.019520878791809082,0.00929725170135498,-0.001366734504699707,-0.00286710262298584,0.02301311492919922,0.014274001121520996,0.009193062782287598,-0.018410563468933105,0.006383717060089111,-0.010940909385681152,-0.0007606744766235352,0.0070534348487854
2019-11-06,-0.006473541259765625,-0.002714872360229492,-0.012876510620117188,-0.02088308334350586,0.005096256732940674,-0.0052040815353393555,0.01241213083267212,-0.0082474946975708,0.01698446273803711,0.012093782424926758,0.0022124052047729492,0.011419892311096191,0.008553147315979004
2019-11-07,0.0023695826530456543,-0.0111311674118042,0.021331608295440674,0.005882680416107178,0.0362318754196167,0.012534081935882568,-0.0019550323486328125,-0.0051125288009643555,-0.018545031547546387,0.017597556114196777,-0.01677703857421875,-0.012420117855072021,-0.016522884368896484
2019-11-08,0.003732621669769287,0.02737283706665039,0.021136105060577393,0.04478520154953003,0.040705204010009766,-0.05905073881149292,0.015749096870422363,-0.06358087062835693,0.012214183807373047,0.026479721069335938,-0.00898069143295288,-0.004382610321044922,0.009062111377716064
2019-11-11,-0.008174419403076172,-0.005812168121337891,-0.030814170837402344,-0.005138993263244629,-0.027837753295898438,0.018181800842285156,-0.014018654823303223,-0.02056431770324707,-0.00020623207092285156,-0.0055999755859375,-0.006796538829803467,-0.0011482834815979004,0.012193381786346436
2019-11-13,-0.0027027130126953125,-0.005170345306396484,0.015273809432983398,0.015268206596374512,0.0533788800239563,-0.027649760246276855,0.01522141695022583,0.008669137954711914,0.035124778747558594,0.006364345550537109,-0.02235400676727295,-0.015520274639129639,-0.031153559684753418
2019-11-14,0.006738543510437012,-0.08441758155822754,-0.009528040885925293,-0.0006400346755981445,0.01750004291534424,-0.010959744453430176,-0.026942729949951172,-0.0035452842712402344,0.026558279991149902,0.014411568641662598,-0.005599617958068848,-0.008563637733459473,0.00648421049118042
2019-11-15,0.005766570568084717,0.02260047197341919,0.01646178960800171,-0.0010660886764526367,-0.02176988124847412,0.0065888166427612305,-0.045291364192962646,0.0032972097396850586,-0.028104007244110107,0.004874050617218018,0.0028154850006103516,0.005889296531677246,-0.005522489547729492
2019-11-18,0.0013647079467773438,-0.001712799072265625,-0.03146624565124512,0.0024140477180480957,-0.004565596580505371,0.0,0.0076656341552734375,0.014177680015563965,0.02741837501525879,0.012244880199432373,-0.005615353584289551,-0.017174124717712402,0.007917225360870361
2019-11-19,-0.0006831884384155273,-0.0005699396133422852,0.005841672420501709,-0.06227755546569824,-0.002478957176208496,0.0,0.004018902778625488,-0.0016777515411376953,0.015749692916870117,0.004545450210571289,0.011764764785766602,-0.0041700005531311035,-0.03465378284454346
2019-11-20,-0.000682830810546875,-0.02164626121520996,-0.05157780647277832,0.006231129169464111,0.005083143711090088,0.022017240524291992,-0.019013524055480957,-0.009571671485900879,-0.009044885635375977,-0.0029058456420898438,-0.017209291458129883,0.012163519859313965,-0.025085091590881348
2019-11-21,0.0017058849334716797,-0.029829859733581543,-0.05815398693084717,0.003910481929779053,0.02195519208908081,-0.034352242946624756,-0.018070638179779053,0.011614084243774414,0.006616115570068359,0.018625855445861816,-0.02129673957824707,-0.009850263595581055,0.006507575511932373
2019-11-22,0.00034177303314208984,-0.0005414485931396484,-0.009668171405792236,0.04311633110046387,-0.0032471418380737305,0.013867855072021484,0.00845944881439209,0.03237408399581909,-0.022740304470062256,-0.020244598388671875,-0.00773698091506958,-0.02884995937347412,-0.005799651145935059
2019-11-25,-0.0071794986724853516,-0.02489173412322998,-0.003993809223175049,-0.023060083389282227,0.0019701719284057617,0.020220041275024414,0.00986027717590332,0.009169816970825195,0.016642093658447266,0.021496474742889404,0.0034112930297851562,-0.00020486116409301758,-0.009700894355773926
2019-11-26,0.007467806339263916,-0.022439241409301758,-0.022499442100524902,0.03090643882751465,-0.025662660598754883,-0.023316800594329834,-0.01457303762435913,-0.006753444671630859,-0.008643567562103271,0.005492210388183594,0.004856705665588379,0.008811473846435547,0.000806272029876709
2019-11-27,-0.0034199953079223633,0.024270594120025635,0.019598960876464844,-0.0020689964294433594,0.005086541175842285,-0.011339962482452393,0.016858935356140137,-0.012919306755065918,0.011836409568786621,-0.018691658973693848,0.0033832788467407227,-0.030672311782836914,-0.006186127662658691
2019-11-28,-0.018745779991149902,-0.02752053737640381,0.008493542671203613,0.015236735343933105,-0.011745214462280273,0.0166013240814209,0.013234376907348633,-0.010301589965820312,0.004380583763122559,-0.003753066062927246,0.0024085044860839844,0.0015766620635986328,-0.006682753562927246
2019-11-29,-0.07962536811828613,-0.007468461990356445,0.0033245086669921875,0.010845184326171875,-0.002458333969116211,-0.031472623348236084,-0.010334432125091553,-0.0036416053771972656,0.00043141841888427734,0.01080179214477539,-0.012974560260772705,0.012041091918945312,0.01845461130142212
2019-12-02,-0.017353534698486328,0.0028118491172790527,-0.02363598346710205,0.016372978687286377,-0.004495978355407715,-0.0030655860900878906,-0.025525689125061035,-0.006289362907409668,-0.007617592811584473,0.027299463748931885,0.0014605522155761719,-0.024575352668762207,-0.022724151611328125
2019-12-03,-0.05421864986419678,0.007946670055389404,-0.011538445949554443,0.01984107494354248,0.026041030883789062,-0.02952033281326294,-0.0014883875846862793,-0.00985574722290039,-0.008496582508087158,0.003454267978668213,-0.013125896453857422,0.007020235061645508,0.004761219024658203
2019-12-04,0.00483095645904541,0.0007751584053039551,0.014190912246704102,-0.011069059371948242,0.0025066137313842773,-0.019011378288269043,-0.015352487564086914,0.017376840114593506,0.0006330013275146484,-0.01863086223602295,0.015763521194458008,0.0019638538360595703,0.01661127805709839
2019-12-05,-0.02403843402862549,0.00568920373916626,-0.019408702850341797,0.0003749728202819824,0.017590343952178955,-0.01647287607192993,-0.008779823780059814,0.023982524871826172,-0.009731948375701904,0.008932411670684814,-0.029582977294921875,0.011609673500061035,0.0012162327766418457
2019-12-06,-0.010509073734283447,0.0020806193351745605,-0.006904482841491699,0.017177939414978027,0.035810768604278564,-0.012151122093200684,-0.014508306980133057,0.00024819374084472656,0.003243088722229004,0.01845496892929077,0.018841266632080078,0.016125798225402832,-0.0027060508728027344
2019-12-09,0.000331878662109375,0.014855384826660156,0.0234067440032959,0.010380089282989502,0.009137749671936035,0.025265932083129883,0.010382771492004395,-0.017130136489868164,0.01777935028076172,0.0017489790916442871,-0.012001872062683105,-0.01719951629638672,-0.011334538459777832
2019-12-10,0.017252802848815918,-0.005555629730224609,-0.02762681245803833,0.023600220680236816,0.04730033874511719,-0.035343706607818604,-0.028374195098876953,0.002196788787841797,-0.01323390007019043,0.008760392665863037,0.027514219284057617,0.0039784908294677734,0.006804525852203369
2019-12-11,-0.00848013162612915,-0.002104640007019043,-0.007918000221252441,0.019194304943084717,-0.0605776309967041,0.00941169261932373,0.029992103576660156,-0.019814133644104004,0.002389669418334961,-0.022536396980285645,-0.0004878044128417969,-0.013381242752075195,-0.0003358125686645508
2019-12-12,-0.0006579160690307617,0.023890793323516846,0.019953012466430664,-0.015623807907104492,-0.01516270637512207,0.015318036079406738,0.024674296379089355,0.016550719738006592,0.012163043022155762,0.016853928565979004,-0.010726451873779297,0.013401627540588379,-0.0036929845809936523
2019-12-13,-0.0023040771484375,0.015330791473388672,0.010356783866882324,-0.009277582168579102,-0.007395625114440918,0.005247592926025391,0.0014955997467041016,-0.004878044128417969,0.004133820533752441,-0.004835247993469238,0.0062711238861083984,-0.010787010192871094,-0.00936579704284668
2019-12-16,0.0003299713134765625,0.0005463361740112305,-0.009794950485229492,0.005342543125152588,-0.012955307960510254,-0.0026100873947143555,-0.019862651824951172,-0.018931984901428223,-0.003925323486328125,0.006561696529388428,0.01407766342163086,-0.001185774803161621,0.0102730393409729
2019-12-17,-0.006266593933105469,-0.006012558937072754,0.008511543273925781,-0.013428211212158203,0.012789547443389893,-0.007850885391235352,-0.005180478096008301,-0.0300142765045166,-0.030132651329040527,0.002642035484313965,0.0039389729499816895,-0.012238383293151855,0.0024777650833129883
2019-12-18,0.0006638765335083008,0.025536537170410156,-0.014370381832122803,0.01738119125366211,0.021448075771331787,-0.004945576190948486,0.004441738128662109,0.0037003159523010254,0.0006530880928039551,0.0017659664154052734,0.000988602638244629,0.000585019588470459,-0.008391499519348145
2019-12-19,0.0023217201232910156,0.0013939142227172852,0.0013885498046875,-0.0038074254989624023,-0.0027948617935180664,0.0046389102935791016,0.012961268424987793,0.003946125507354736,0.005228579044342041,-0.005307316780090332,-0.003958344459533691,0.004292726516723633,-0.021636366844177246
2019-12-20,-0.0006618499755859375,0.026242375373840332,-0.004391074180603027,0.012643277645111084,-0.01716291904449463,-0.003957808017730713,0.0,-0.009554862976074219,-9.393692016601562e-05,0.004839420318603516,0.005914211273193359,0.0033313632011413574,0.006777048110961914
2019-12-23,-0.006291389465332031,0.03440368175506592,0.011142134666442871,-0.02256906032562256,-0.009374141693115234,0.008609294891357422,-0.009333193302154541,-0.0004616975784301758,0.014218032360076904,0.003978729248046875,0.006940960884094238,0.0029492974281311035,0.01732051372528076
2019-12-24,0.04665112495422363,-0.021971583366394043,-0.032369136810302734,0.008765697479248047,0.007429599761962891,-0.015101790428161621,0.009421110153198242,0.0057683587074279785,0.0012376904487609863,-0.010652422904968262,0.0009984970092773438,0.009859979152679443,0.01582324504852295
2019-12-26,-0.013053178787231445,-0.005229473114013672,-0.0011862516403198242,0.009632885456085205,0.014682650566101074,-0.016333341598510742,-0.022128582000732422,0.006730079650878906,0.004289388656616211,-0.016249418258666992,0.006996572017669678,0.009161531925201416,0.02008002996444702
2019-12-27,0.004516124725341797,-0.019942164421081543,0.030166268348693848,0.008530676364898682,-0.004090666770935059,-0.035242319107055664,0.021243810653686523,0.005373775959014893,-0.0013881921768188477,-0.002592921257019043,-0.013085126876831055,-0.006834149360656738,-0.01779162883758545
2019-12-30,0.0006422996520996094,-0.07565891742706299,0.004380941390991211,-0.010212302207946777,-0.0026189088821411133,-0.0026186704635620117,-0.006481647491455078,-0.0030537843704223633,-0.008699417114257812,0.0025862455368041992,-0.0064580440521240234,0.008384883403778076,-0.0012243986129760742
2019-12-31,-0.04428756237030029,-0.01923072338104248,-0.0029844045639038086,-0.0003980398178100586,-0.01973581314086914,0.011426687240600586,-0.010013699531555176,-0.002810359001159668,-0.00952458381652832,-0.00605010986328125,-0.007403731346130371,0.00543588399887085,0.019565224647521973
2020-01-01,-0.08696997165679932,-0.014474034309387207,0.0,0.0023870468139648438,-0.0014231204986572266,-0.003962993621826172,0.0035248994827270508,0.007006049156188965,-0.0008449554443359375,0.010309338569641113,0.005879521369934082,0.005263149738311768,0.002910137176513672
2020-01-02,-0.017528891563415527,-0.011210203170776367,-0.008519411087036133,-0.00973045825958252,-0.020463228225708008,-0.0171053409576416,0.010232090950012207,0.007996320724487305,0.0021104812622070312,-0.004774332046508789,-0.00591433048248291,-0.008954048156738281,-0.016956210136413574
2020-01-03,0.030286192893981934,0.02872258424758911,-0.008824944496154785,0.009636640548706055,-0.018242716789245605,0.02425616979598999,-0.0013605952262878418,0.011379778385162354,0.0034778714179992676,-0.002591848373413086,-0.018618226051330566,-0.0012102127075195312,-0.001230001449584961
2020-01-06,-0.06418335437774658,0.0345005989074707,-0.03092777729034424,0.025921225547790527,0.010804176330566406,-0.08220094442367554,-0.01892220973968506,0.012949645519256592,0.009998559951782227,0.01680314540863037,0.013467967510223389,0.00906527042388916,0.023205041885375977
2020-01-07,0.04776489734649658,0.005642116069793701,-0.018375277519226074,-0.010316848754882812,-0.0005530118942260742,-0.011556446552276611,-0.0027773380279541016,-0.0038872957229614258,0.0083845853805542,0.0039438605308532715,-0.0039005279541015625,-0.015246987342834473,-0.01537168025970459
2020-01-08,-0.016656935214996338,-0.04242086410522461,-0.002463042736053467,0.014587938785552979,0.004559934139251709,-0.002192199230194092,-0.026458263397216797,-0.011132597923278809,0.006533801555633545,0.018477797508239746,-0.0029140710830688477,0.002002418041229248,0.00743180513381958
2020-01-09,0.008023858070373535,-0.03136336803436279,0.02419745922088623,-0.012007594108581543,0.0018045306205749512,-0.053826332092285156,0.026382803916931152,-0.005026340484619141,0.004884123802185059,-0.0022411346435546875,-0.009685277938842773,0.00020062923431396484,-0.023017168045043945
2020-01-10,-0.03154486417770386,0.014827847480773926,-0.0007231831550598145,-0.0016252994537353516,-0.01432347297668457,-0.0013899803161621094,0.009600400924682617,0.0030959248542785645,-0.02264559268951416,-0.003577709197998047,-0.009592294692993164,0.0036122798919677734,0.00027108192443847656
2020-01-13,0.022831082344055176,0.007142841815948486,0.0012062788009643555,-0.0015416145324707031,-0.03071010112762451,0.004163801670074463,0.01457059383392334,-0.005733370780944824,-0.0005469322204589844,-0.010695219039916992,-0.0019001960754394531,-0.014904260635375977,0.0025758743286132812
2020-01-14,0.007440447807312012,-0.05909562110900879,0.006265044212341309,-0.009883403778076172,-0.0091780424118042,-0.009407758712768555,-0.0007559061050415039,-0.009026050567626953,0.009203553199768066,0.003527343273162842,0.002370774745941162,-0.016074657440185547,0.009242892265319824
2020-01-15,0.033382534980773926,-0.018437623977661133,-0.012212634086608887,-0.04010903835296631,-0.012916803359985352,-0.006903648376464844,-0.011497735977172852,-0.05414307117462158,-0.08547770977020264,0.003097355365753174,-0.003327012062072754,0.00390625,0.003567039966583252
2020-01-16,-0.004288136959075928,-0.020009636878967285,-0.013818204402923584,0.0018510222434997559,-0.02303183078765869,0.025711357593536377,-0.015151500701904297,-0.019875049591064453,-0.022388815879821777,0.0008876919746398926,-0.019895851612091064,0.0060784220695495605,-0.009224891662597656
2020-01-17,0.0028710365295410156,0.007239639759063721,-0.017944931983947754,-0.036006808280944824,-0.019845545291900635,0.002463102340698242,-0.014762938022613525,-0.02715134620666504,-0.010038614273071289,-0.007107853889465332,0.010633230209350586,0.00828564167022705,-0.027967214584350586
2020-01-20,-0.014886856079101562,0.013173401355743408,0.007759690284729004,0.01625901460647583,0.01209414005279541,0.004232823848724365,-0.05094641447067261,0.0008527040481567383,0.0019789934158325195,0.01985001564025879,-0.04638934135437012,-0.0025860071182250977,0.030789673328399658
2020-01-21,-0.013077616691589355,0.00738978385925293,0.015151500701904297,0.025777041912078857,-0.0088614821434021,-0.0031881332397460938,-0.028419435024261475,-0.007254123687744141,-0.010223031044006348,0.0013501644134521484,-0.024573683738708496,-0.002579331398010254,-0.0010269880294799805
2020-01-22,-0.017373383045196533,-0.003122091293334961,-0.01932966709136963,0.013618648052215576,-0.006908714771270752,0.019774019718170166,-0.01317143440246582,0.00021183490753173828,0.004928946495056152,-0.05182516574859619,-0.05655527114868164,0.012071967124938965,0.000341951847076416
2020-01-23,0.036260008811950684,-0.00239408016204834,0.03168666362762451,-0.0018935203552246094,0.03178286552429199,-0.007925033569335938,-0.05200207233428955,-0.039406776428222656,-0.03427863121032715,0.012357473373413086,0.005994558334350586,-0.023036837577819824,0.004241883754730225
2020-01-24,0.013591766357421875,-0.002627134323120117,-0.006771445274353027,0.007638394832611084,-0.0011898279190063477,0.009649693965911865,-0.013346552848815918,-0.011822223663330078,-0.0015257596969604492,0.004225373268127441,0.026543855667114258,0.0007832646369934082,0.003435492515563965
2020-01-27,-0.007703304290771484,-0.004764199256896973,0.0038957595825195312,0.004681766033172607,-0.02289879322052002,0.01768314838409424,0.02243906259536743,-0.01893627643585205,-0.0035545825958251953,-0.009350180625915527,-0.005804777145385742,0.016264915466308594,0.009928286075592041
2020-01-28,-0.021564126014709473,0.01114267110824585,0.029590129852294922,-0.029897093772888184,-0.005012214183807373,-0.00624537467956543,-0.004657387733459473,-0.01779353618621826,-0.036306142807006836,-0.005663037300109863,-0.022823691368103027,-0.0035855770111083984,0.023119747638702393
2020-01-29,-0.0014693140983581543,-0.0021576881408691406,-0.004240274429321289,-0.02028191089630127,0.0005445480346679688,-0.01606428623199463,-0.003973484039306641,0.006215989589691162,0.001912534236907959,0.009492158889770508,0.012493133544921875,-0.0019849538803100586,-0.00556027889251709
2020-01-30,-0.018540263175964355,0.015789508819580078,-0.02058202028274536,0.042033374309539795,-0.024220943450927734,0.02623063325881958,0.011873364448547363,-0.01172780990600586,-0.00852060317993164,-0.017395377159118652,-0.012338995933532715,0.015253543853759766,0.024386823177337646
2020-01-31,-0.002098977565765381,-0.004375338554382324,-0.028019309043884277,-0.03968000411987305,-0.02538001537322998,0.03653132915496826,0.03871828317642212,0.019513070583343506,-0.051216721534729004,-0.05741626024246216,-0.06192290782928467,0.011667728424072266,0.022235095500946045
2020-02-01,-0.007211506366729736,-0.046950578689575195,-0.031063616275787354,-0.03443276882171631,-0.02461010217666626,0.038682520389556885,0.050347208976745605,0.005123138427734375,-0.009373247623443604,-0.042132019996643066,-0.04169076681137085,0.01241600513458252,0.02006542682647705
2020-02-03,-0.0003026723861694336,-0.048543691635131836,0.03975379467010498,-0.05331766605377197,-0.028751611709594727,0.006374537944793701,0.009506404399871826,-0.009308815002441406,0.002150416374206543,-0.009009003639221191,-0.008459150791168213,-0.010305047035217285,-0.0015168190002441406
2020-02-04,0.012110233306884766,-0.11929059028625488,0.041440606117248535,-0.047892093658447266,-0.04077935218811035,-0.04290306568145752,-0.06662976741790771,-0.008045554161071777,0.029869914054870605,0.026203155517578125,-0.04814136028289795,-0.015707850456237793,-0.02953207492828369
2020-02-05,0.033203721046447754,-0.013240694999694824,0.05068683624267578,0.04310119152069092,-0.019010305404663086,-0.026143789291381836,-0.00986325740814209,-0.0017518997192382812,-0.006834149360656738,0.006253361701965332,-0.0017441511154174805,0.006226181983947754,-0.015519261360168457
2020-02-06,-0.013317883014678955,0.02806335687637329,-0.013976573944091797,-0.002649545669555664,-0.024067282676696777,-0.03147244453430176,-0.02604520320892334,-0.014963150024414062,-0.0006293654441833496,0.003625035285949707,-0.04526984691619873,-0.016370296478271484,-0.0064460039138793945
2020-02-07,0.007922530174255371,-0.03636765480041504,-0.007544577121734619,0.017872095108032227,0.005979716777801514,0.010897219181060791,-0.004842996597290039,0.021443605422973633,0.0063817501068115234,0.01857578754425049,-0.025541305541992188,0.00039768218994140625,0.016551554203033447
2020-02-10,-0.00349348783493042,0.036792874336242676,-0.012900292873382568,0.014090418815612793,0.010352611541748047,0.01064997911453247,0.018281519412994385,-0.0037174224853515625,-0.002544879913330078,-0.027355611324310303,0.03302645683288574,0.007161319255828857,-0.001317143440246582
2020-02-11,-0.01022493839263916,-0.001324772834777832,-0.009334862232208252,-0.02262282371520996,-0.06460273265838623,-0.00556790828704834,-0.002539396286010742,0.011306047439575195,-0.01781749725341797,0.005729198455810547,-0.0022395849227905273,0.026647984981536865,-0.011984825134277344
2020-02-12,-0.004722476005554199,0.013450980186462402,-0.013663113117218018,-0.05225086212158203,-0.009958863258361816,0.031007707118988037,0.009793996810913086,-0.02701103687286377,0.042711734771728516,-0.0010358095169067383,-0.01340782642364502,-0.002264261245727539,-0.012059450149536133
2020-02-13,-0.0062277913093566895,-0.0203397274017334,-0.012419402599334717,-0.016885757446289062,0.0005258917808532715,-0.007619023323059082,0.003922224044799805,-0.048185884952545166,-0.027117609977722168,-0.012960076332092285,0.014332890510559082,-0.0008214712142944336,-0.0026400089263916016
2020-02-14,-0.015219330787658691,-0.0716320276260376,0.016444921493530273,-0.00958263874053955,-0.063404381275177,0.006049156188964844,-0.003937721252441406,-0.016740620136260986,-0.02531278133392334,-0.019432783126831055,0.028523504734039307,0.013543963432312012,-0.009109020233154297
2020-02-17,0.006363630294799805,-0.03372848033905029,-0.032595694065093994,0.0215187668800354,-0.04002809524536133,0.01901865005493164,0.035470664501190186,-0.04000002145767212,-0.023041486740112305,-0.03213709592819214,0.002878546714782715,0.01893073320388794,0.006346940994262695
2020-02-18,-0.010840117931365967,-0.011667013168334961,0.02065908908843994,-0.004185795783996582,0.01375281810760498,0.025591254234313965,-0.009193778038024902,0.00641024112701416,0.003350377082824707,-0.0066408514976501465,-0.014434218406677246,-0.016327381134033203,0.007239162921905518
2020-02-19,0.0006089210510253906,0.0033229589462280273,0.010843396186828613,-0.025737762451171875,0.003319263458251953,-0.007958650588989258,-0.017519235610961914,0.01613593101501465,-0.00021970272064208984,0.024512529373168945,-0.05065453052520752,-0.021698355674743652,-0.024735450744628906
2020-02-20,-0.1247338056564331,0.01882725954055786,-0.008343279361724854,0.03231626749038696,-0.004746735095977783,0.02092379331588745,0.02134990692138672,-0.02925199270248413,-0.008921146392822266,0.009787917137145996,-0.0958830714225769,-0.00714719295501709,0.011859893798828125
2020-02-24,-0.10927784442901611,0.033979594707489014,-0.0161057710647583,-0.00486600399017334,-0.02298027276992798,0.03225809335708618,0.0191766619682312,-0.02539825439453125,-0.023146510124206543,-0.0457727313041687,-0.037747085094451904,0.009935140609741211,0.0275346040725708
2020-02-25,-0.06073486804962158,0.007862567901611328,-0.017346620559692383,0.008358180522918701,-0.02544379234313965,0.027916669845581055,0.0008968710899353027,0.001766800880432129,-0.0017702579498291016,-0.0045146942138671875,-0.02303868532180786,0.0038910508155822754,0.019819974899291992
2020-02-26,-0.03653407096862793,-0.0004171133041381836,-0.01839888095855713,0.001940011978149414,-0.056010901927948,0.012001752853393555,0.023877978324890137,0.0050705671310424805,-0.022009074687957764,-0.01870739459991455,-0.03569144010543823,0.006578922271728516,0.0172579288482666
2020-02-27,-0.011744976043701172,0.025849521160125732,-0.01139819622039795,0.03324389457702637,-0.0075574517250061035,0.0255964994430542,0.03126728534698486,0.0002193450927734375,-0.01236802339553833,-0.024841129779815674,-0.009914100170135498,0.005587756633758545,0.004069983959197998
2020-02-28,-0.08964341878890991,0.044296979904174805,-0.04150646924972534,0.011439323425292969,-0.02965003252029419,0.03962606191635132,-0.0005695819854736328,-0.029824554920196533,-0.05343443155288696,-0.01540285348892212,-0.03871828317642212,-0.05785638093948364,-0.04162251949310303
2020-03-02,-0.0026110410690307617,0.03918492794036865,-0.03421550989151001,-0.02012765407562256,-0.04908996820449829,0.015762627124786377,0.021442174911499023,-0.02283000946044922,-0.004824399948120117,-0.030685842037200928,-0.05833327770233154,-0.004197120666503906,-0.00931781530380249
2020-03-03,0.004113674163818359,-0.001864314079284668,0.03182947635650635,0.018768131732940674,0.03863036632537842,-0.06547331809997559,-0.03315877914428711,0.03631734848022461,0.03303515911102295,-0.04779636859893799,0.05088496208190918,0.015084385871887207,0.02024555206298828
2020-03-04,-0.02867788076400757,0.028146088123321533,-0.01555788516998291,0.03944504261016846,0.02992391586303711,-0.0030945539474487305,0.00093841552734375,-0.02857142686843872,-0.016690850257873535,0.00592416524887085,0.03368425369262695,-0.012237787246704102,-0.00234377384185791
2020-03-05,0.006901860237121582,-0.0074198246002197266,-0.0005449652671813965,0.01983952522277832,0.007879257202148438,0.014103114604949951,0.02141648530960083,0.010110259056091309,0.007675290107727051,0.0023838281631469727,-0.043448805809020996,-0.01150447130203247,-0.021299898624420166
2020-03-06,-0.03122621774673462,-0.009978652000427246,-0.038713157176971436,0.004018545150756836,0.009771943092346191,0.014751911163330078,-0.048377811908721924,0.002729654312133789,-0.024461746215820312,0.04420548677444458,-0.034776389598846436,-0.0299910306930542,-0.03064495325088501
2020-03-09,-0.055031418800354004,0.023994386196136475,-0.05416905879974365,0.029736995697021484,-0.07387101650238037,-0.0676044225692749,-0.01815617084503174,-0.05240464210510254,-0.035935938358306885,-0.15812504291534424,-0.10514706373214722,-0.05445319414138794,-0.1234007477760315
2020-03-11,-0.0033277273178100586,0.05254274606704712,0.04815715551376343,-0.01717233657836914,-0.10745382308959961,0.00849980115890503,-0.032052576541900635,-0.002154707908630371,0.012875080108642578,-0.03786182403564453,-0.06984388828277588,-0.0036603212356567383,0.03540492057800293
2020-03-12,-0.17404013872146606,-0.11549222469329834,-0.15658563375473022,0.055568158626556396,-0.12839025259017944,-0.1495928168296814,-0.12099343538284302,-0.06813818216323853,-0.06688874959945679,-0.12808644771575928,-0.12014132738113403,-0.036737680435180664,-0.07857400178909302
2020-03-13,0.06872165203094482,0.04572904109954834,-0.0978553295135498,0.03695392608642578,0.06380128860473633,-0.08770167827606201,-0.06665050983428955,-0.06951594352722168,0.03169453144073486,0.05398225784301758,-0.08734941482543945,-0.07551491260528564,0.039873600006103516
2020-03-16,-0.01938539743423462,-0.09405946731567383,0.03235656023025513,0.05302149057388306,-0.08375418186187744,-0.04355883598327637,0.03667646646499634,0.05729413032531738,-0.07374083995819092,-0.08732157945632935,0.13388735055923462,-0.09456264972686768,-0.0810554027557373
2020-03-17,0.03712642192840576,-0.057984232902526855,0.021135687828063965,0.023468375205993652,-0.05029863119125366,-0.07060396671295166,0.004465281963348389,0.03626149892807007,0.009369492530822754,-0.002759873867034912,-0.01705753803253174,-0.027415156364440918,-0.00764310359954834
2020-03-18,-0.03626221418380737,-0.17048019170761108,0.07347726821899414,-0.0004500150680541992,-0.05659008026123047,0.06345915794372559,0.026912152767181396,-0.09803920984268188,-0.15000003576278687,-0.13560879230499268,-0.16352200508117676,-0.054496586322784424,-0.03913402557373047
2020-03-19,-0.046309709548950195,0.08041965961456299,0.10399997234344482,-0.012235760688781738,-0.023839950561523438,0.08724534511566162,-0.005822420120239258,-0.05111628770828247,0.0018759965896606445,0.10316812992095947,0.0810810923576355,0.03463935852050781,-0.05242639780044556
2020-03-20,0.0025290250778198242,0.01977705955505371,-0.06327629089355469,0.014309823513031006,-0.18644952774047852,-0.11596310138702393,-0.0400385856628418,0.06346750259399414,0.06038510799407959,-0.18387675285339355,-0.06568622589111328,0.04610323905944824,-0.10916781425476074
2020-03-23,-0.09989911317825317,-0.09978842735290527,-0.16319823265075684,-0.17042380571365356,0.038069963455200195,0.13956522941589355,-0.14424854516983032,-0.11208152770996094,-0.1176767349243164,0.16449886560440063,0.1002759337425232,-0.08447015285491943,0.13150566816329956
2020-03-24,-0.08352017402648926,-0.07598906755447388,-0.026614248752593994,-0.04804342985153198,0.022779524326324463,-0.005053043365478516,-0.018157243728637695,0.049836158752441406,0.01672506332397461,-0.034798622131347656,-0.012269854545593262,-0.06532949209213257,-0.0670464038848877
2020-03-25,0.02935779094696045,-0.020347535610198975,0.04571938514709473,-0.13975787162780762,0.01318579912185669,0.04725992679595947,-0.032569706439971924,0.071830153465271,0.04562389850616455,0.015929222106933594,-0.029292941093444824,-0.007050931453704834,-0.14724195003509521
2020-03-26,0.07724297046661377,0.09995663166046143,0.03343331813812256,-0.022440314292907715,0.035790979862213135,0.0005277395248413086,0.002567768096923828,0.05419576168060303,-0.15806102752685547,-0.052158355712890625,-0.0019626617431640625,0.08181536197662354,0.014831304550170898
2020-03-27,-0.02371758222579956,0.08025181293487549,-0.013272523880004883,0.058592915534973145,0.05543184280395508,0.04804641008377075,-0.02020484209060669,-0.01216137409210205,0.05422353744506836,0.0034188032150268555,-0.013712048530578613,0.01797950267791748,0.0005903244018554688
2020-03-30,-0.054237306118011475,-0.06991994380950928,-0.015552759170532227,0.03486675024032593,-0.022006869316101074,0.01663893461227417,-0.0014522075653076172,0.011191964149475098,0.027499794960021973,0.018010258674621582,-0.023188471794128418,-0.0176619291305542,0.03298217058181763
2020-03-31,0.03166067600250244,0.09201252460479736,-0.16609740257263184,-0.0423811674118042,-0.09100234508514404,-0.1624366044998169,0.08958685398101807,0.07360267639160156,-0.033200740814208984,-0.0777292251586914,-0.040604352951049805,0.05051374435424805,-0.08083891868591309
2020-04-01,0.030689120292663574,-0.04374319314956665,0.04723542928695679,-0.015104532241821289,0.011983156204223633,0.038816094398498535,-0.04564869403839111,0.006700992584228516,0.004337430000305176,0.037277162075042725,0.04083484411239624,0.0016300678253173828,0.02986055612564087
2020-04-03,0.015168547630310059,-0.014623284339904785,-0.050730109214782715,-0.012433648109436035,-0.07657551765441895,-0.0015143156051635742,0.009510517120361328,0.04121863842010498,-0.011780500411987305,-0.06228947639465332,-0.06244087219238281,-0.020884215831756592,0.002815842628479004
2020-04-07,0.040398478507995605,0.09665155410766602,-0.11448431015014648,-0.0434870719909668,-0.049701809883117676,-0.10433471202850342,0.06206715106964111,0.07155144214630127,-0.042449951171875,-0.04437410831451416,-0.06144249439239502,0.02160656452178955,-0.1193767786026001
2020-04-08,-0.034042537212371826,0.08501040935516357,0.02691173553466797,-0.05903911590576172,-0.013678431510925293,0.0036513209342956543,-0.021393239498138428,-0.0004588961601257324,-0.036183834075927734,-0.020485520362854004,0.0025167465209960938,0.07510852813720703,0.01148223876953125
2020-04-09,0.020925045013427734,0.003197908401489258,-0.007757067680358887,-0.027509570121765137,-0.02823340892791748,-0.04947316646575928,0.027992606163024902,0.052800774574279785,-0.008814334869384766,-0.03866171836853027,-0.02186715602874756,0.042622923851013184,-0.02323126792907715
2020-04-13,0.0032362937927246094,-0.01593881845474243,-0.016399025917053223,0.053900718688964844,0.02180492877960205,0.013531208038330078,-0.003890097141265869,0.0030527114868164062,-0.05698704719543457,0.029348552227020264,0.019753098487854004,-0.025641024112701416,0.025197863578796387
2020-04-15,0.039784908294677734,0.04373180866241455,-0.011195182800292969,-0.031015753746032715,-0.00784313678741455,-0.017256617546081543,0.0,-0.014347851276397705,0.009161293506622314,0.00958704948425293,0.006717026233673096,-0.03872883319854736,0.03308337926864624
2020-04-16,0.0227508544921875,0.01086282730102539,-0.00488436222076416,-0.026083827018737793,-0.033381104469299316,-0.030448079109191895,0.02473318576812744,0.02470231056213379,0.0015941262245178223,-0.015636563301086426,-0.016060829162597656,0.04028916358947754,-0.015875935554504395
2020-04-17,0.049039363861083984,0.005219459533691406,-0.013933897018432617,0.006111621856689453,-0.005548954010009766,-0.021528124809265137,0.021849632263183594,-0.009470522403717041,-0.008302688598632812,-0.011730194091796875,-0.02911818027496338,-0.0312809944152832,-0.04787135124206543
2020-04-20,0.02650606632232666,-0.014355480670928955,-0.02428889274597168,-0.022101402282714844,0.028577089309692383,-0.05165290832519531,0.023620009422302246,0.009126424789428711,-0.013301610946655273,0.030434787273406982,0.024252235889434814,0.03305995464324951,-0.016199588775634766
2020-04-21,-0.06713616847991943,0.020142555236816406,0.037753522396087646,0.001656651496887207,0.061472952365875244,0.05893909931182861,-0.06898218393325806,-0.023255765438079834,0.0107308030128479,0.06278026103973389,0.04971003532409668,-0.015876948833465576,0.005229353904724121
2020-04-22,-0.013588309288024902,0.0018224716186523438,-0.00453948974609375,0.006375551223754883,-0.02291405200958252,0.01711905002593994,0.0,-0.015432119369506836,0.01785057783126831,0.05821371078491211,-0.0,0.03251826763153076,-0.10208582878112793
2020-04-23,0.011734724044799805,0.0024257898330688477,0.004519045352935791,-0.06574666500091553,0.012679576873779297,0.01784193515777588,0.0007826089859008789,0.009404301643371582,0.02165985107421875,-0.03048264980316162,-0.0,0.0048828125,-0.005385398864746094
2020-04-24,-0.019162893295288086,0.08499693870544434,0.014267146587371826,0.03241235017776489,0.022902369499206543,0.04541522264480591,-0.02580815553665161,-0.030168533325195312,-0.0007123947143554688,-0.004108428955078125,0.02528327703475952,-0.02138000726699829,-0.03359341621398926
2020-04-27,0.012853503227233887,-0.036799609661102295,-0.015131592750549316,-0.010313630104064941,-0.0019714832305908203,-0.04077935218811035,0.0,0.023787736892700195,-0.013635635375976562,-0.012274980545043945,-0.02772808074951172,0.032770633697509766,-0.00895833969116211
2020-04-28,0.05685281753540039,-0.020839393138885498,-0.011017441749572754,-0.0008436441421508789,-0.03891563415527344,-0.014801979064941406,-0.03184366226196289,0.04289543628692627,-0.0365748405456543,-0.01212608814239502,-0.02523934841156006,-0.005528807640075684,0.0011006593704223633
2020-04-29,0.01681077480316162,-0.0121193528175354,-0.005128264427185059,-0.0499873161315918,-0.05997467041015625,0.014156997203826904,0.014648914337158203,0.019708633422851562,0.013707160949707031,-0.01757192611694336,-0.03820037841796875,0.049311041831970215,0.0008081197738647461
2020-04-30,-0.004723668098449707,0.022142410278320312,-0.027104616165161133,-0.012122631072998047,-0.0815962553024292,-0.06744992733001709,0.0645601749420166,0.001260519027709961,-0.02805960178375244,-0.1342228651046753,-0.07686007022857666,0.0320202112197876,-0.027348995208740234
2020-05-04,-0.05268150568008423,-0.042154550552368164,0.06333434581756592,0.03664630651473999,0.024963319301605225,0.06604158878326416,-0.07292735576629639,-0.014477550983428955,0.03197121620178223,0.04290658235549927,0.04859524965286255,-0.04866069555282593,0.021039068698883057
2020-05-05,-0.024549126625061035,-0.011613726615905762,0.002651691436767578,0.0432276725769043,0.02804964780807495,-0.03841114044189453,-0.018216967582702637,-0.012987017631530762,0.035044848918914795,-0.025307297706604004,0.009577035903930664,-0.009150683879852295,-0.017763137817382812
2020-05-06,0.0241396427154541,0.0361781120300293,0.00997006893157959,0.005421638488769531,-0.04338562488555908,0.06599408388137817,-0.03739100694656372,0.009706616401672363,0.01584768295288086,-0.009873032569885254,0.005640566349029541,0.01989114284515381,-7.176399230957031e-05
2020-05-07,0.04663991928100586,0.00835573673248291,0.04397451877593994,-0.03660118579864502,0.03731203079223633,0.009450912475585938,-0.015186905860900879,0.000640869140625,0.024154305458068848,0.045391082763671875,0.01782822608947754,-0.024843335151672363,-0.031600117683410645
2020-05-08,0.028270244598388672,0.04113638401031494,0.0154494047164917,-0.01944899559020996,0.0017354488372802734,0.023171305656433105,-0.02698695659637451,0.008326172828674316,0.015126347541809082,-0.005852222442626953,0.025577545166015625,-0.014047622680664062,-0.03641045093536377
2020-05-11,-0.007921755313873291,0.02671980857849121,0.03316688537597656,0.04773598909378052,-0.008112788200378418,0.0260465145111084,0.02011585235595703,0.05017995834350586,-0.04729759693145752,-0.012363672256469727,0.008467376232147217,0.042984724044799805,-0.009605765342712402
2020-05-12,-0.017379045486450195,-0.05758589506149292,0.007746219635009766,-0.014187335968017578,0.0392795205116272,0.016714394092559814,-0.008365750312805176,-0.03024190664291382,-0.0072214603424072266,0.008620679378509521,0.03159689903259277,-0.013660550117492676,-0.06187623739242554
2020-05-13,0.013384342193603516,-0.00058746337890625,-0.014126300811767578,-0.0024586915969848633,-0.007379293441772461,-0.014570236206054688,0.020186901092529297,-0.016632020473480225,-0.017096877098083496,-0.025362372398376465,-0.004409193992614746,0.00446009635925293,0.011631250381469727
2020-05-14,0.003301858901977539,0.008818387985229492,0.02346038818359375,0.009049415588378906,0.048109233379364014,0.012446105480194092,-0.015357375144958496,-0.023890018463134766,0.021798014640808105,0.026855170726776123,0.016681313514709473,-0.0028043389320373535,-0.04038137197494507
2020-05-15,0.010343194007873535,0.00641024112701416,-0.029654622077941895,0.014935553073883057,-0.00478363037109375,0.007755696773529053,0.006898641586303711,-0.011046171188354492,0.010144174098968506,-0.0,-0.022321462631225586,-0.015233159065246582,0.01629161834716797
2020-05-18,-0.05444389581680298,-0.02953094244003296,-0.08166241645812988,-0.07407724857330322,0.06189197301864624,-0.10503172874450684,-0.07476913928985596,-0.02431011199951172,0.012488067150115967,0.042846739292144775,-0.08296942710876465,-0.03712517023086548,-0.012795567512512207
2020-05-19,0.046751976013183594,0.018794655799865723,-0.0027788877487182617,-0.012725770473480225,-0.01125335693359375,-0.00818777084350586,0.01062464714050293,0.012345671653747559,-0.008109331130981445,-0.05766308307647705,0.05619049072265625,0.02125561237335205,-0.02206367254257202
2020-05-20,0.0,-0.0005856752395629883,-0.057723045349121094,-0.00834047794342041,-0.060440659523010254,0.05393505096435547,0.04077732563018799,0.006873607635498047,-0.009731650352478027,-0.012195229530334473,0.005410313606262207,0.015488862991333008,0.017572522163391113
2020-05-21,0.05453693866729736,-0.0008789300918579102,-0.014678239822387695,0.021886706352233887,-0.02181077003479004,0.012532591819763184,0.0073462724685668945,-0.007267177104949951,-0.010529279708862305,0.014174342155456543,0.007174968719482422,0.03169679641723633,0.005268573760986328
2020-05-22,0.0316540002822876,-0.0008797049522399902,-0.007047414779663086,0.013187408447265625,0.00926297903060913,0.009798884391784668,0.02005469799041748,-0.0004436373710632324,0.013617098331451416,0.010064780712127686,0.001780867576599121,-0.015477001667022705,-0.006696820259094238
2020-05-26,-0.009075164794921875,-0.001467585563659668,0.006998121738433838,0.02953934669494629,-0.011382102966308594,-0.018896818161010742,0.03127789497375488,0.04305374622344971,-0.04001796245574951,-0.010167121887207031,-0.015111088752746582,0.007742762565612793,-0.0052762627601623535
2020-05-27,0.0008722543716430664,-0.0005879402160644531,-0.05563795566558838,-0.015242516994476318,-0.005627036094665527,0.04320657253265381,0.006643533706665039,-0.02893620729446411,0.013650059700012207,-0.013659238815307617,-0.004512608051300049,0.005587935447692871,0.015102386474609375
2020-05-28,0.0008714199066162109,0.04294121265411377,0.009838461875915527,0.00801241397857666,-0.006594657897949219,0.0004990100860595703,0.0028694868087768555,0.031551241874694824,-0.007627725601196289,-0.009929060935974121,0.01087939739227295,0.016670584678649902,0.018506407737731934
2020-05-29,0.02263820171356201,-0.00930631160736084,-0.05358409881591797,0.014452099800109863,-0.03990471363067627,0.056359171867370605,-0.0989985466003418,0.002761244773864746,-0.05180048942565918,-0.05617976188659668,0.013452887535095215,-0.060350775718688965,-0.005415380001068115
2020-06-01,-0.0012770891189575195,-0.02134925127029419,-0.011114954948425293,0.020390033721923828,0.004581928253173828,0.007082104682922363,-0.04946637153625488,-0.0031772851943969727,0.011001408100128174,-0.008643627166748047,0.02920353412628174,0.02448451519012451,0.038257598876953125
2020-06-02,0.05797100067138672,0.05788254737854004,0.01465696096420288,0.05549740791320801,-0.05485236644744873,-0.011720597743988037,0.005705773830413818,0.004674792289733887,-0.004678249359130859,-0.004614353179931641,0.0,0.010347902774810791,0.010074615478515625
2020-06-03,-0.09548747539520264,0.009348392486572266,-0.022988557815551758,-0.003224194049835205,0.0018181800842285156,0.020398497581481934,-0.01896202564239502,0.035744547843933105,-0.04909968376159668,-0.02362203598022461,0.028374910354614258,-0.03737485408782959,0.0038939714431762695
2020-06-04,0.01360785961151123,-0.009534180164337158,-0.025446057319641113,-0.01003563404083252,-0.010200262069702148,-0.011157631874084473,0.017384886741638184,0.03083515167236328,-0.010652542114257812,0.016025662422180176,-0.0025083422660827637,-0.005361318588256836,0.02470231056213379
2020-06-05,-0.007084250450134277,-0.0800330638885498,-0.03673875331878662,0.0020107030868530273,-0.006671547889709473,0.0573577880859375,-0.05556941032409668,-0.03169572353363037,0.011711299419403076,-0.02410423755645752,0.02011728286743164,-0.007039308547973633,0.0012617111206054688
2020-06-08,0.006664276123046875,-0.010695099830627441,-0.06994092464447021,0.016638755798339844,-0.07719862461090088,0.06847488880157471,-0.05476868152618408,-0.03252863883972168,0.023799002170562744,-0.045801520347595215,0.04026293754577637,-0.006566405296325684,-0.007760107517242432
2020-06-09,0.00857245922088623,0.04736703634262085,0.03341078758239746,0.007237434387207031,0.03824406862258911,-0.02580106258392334,0.033795952796936035,-0.020088791847229004,-0.008396148681640625,0.010340631008148193,0.003949403762817383,-0.0002104043960571289,-0.020588278770446777
2020-06-10,-0.011654138565063477,0.002644777297973633,0.007213771343231201,0.004735827445983887,0.03215765953063965,-0.021358370780944824,0.011118829250335693,0.00561070442199707,0.0035611987113952637,0.019668102264404297,-0.014162063598632812,0.018514573574066162,0.022795557975769043
2020-06-11,0.0040877461433410645,0.02466195821762085,0.024825870990753174,-0.01974809169769287,0.028581619262695312,-0.01440417766571045,0.02342468500137329,0.019313335418701172,-0.043290138244628906,0.015046954154968262,0.0,-0.008360147476196289,-0.02188706398010254
2020-06-12,0.011567175388336182,0.010875463485717773,-0.010866165161132812,-0.017741680145263672,-0.009562373161315918,0.03188657760620117,0.0011993050575256348,0.01473689079284668,-0.03657233715057373,0.035009562969207764,-0.030327260494232178,-0.019557833671569824,0.03315591812133789
2020-06-15,-0.03397512435913086,0.014018595218658447,0.03654789924621582,-0.029540836811065674,-0.037340641021728516,-0.023175954818725586,0.03194040060043335,-0.019087135791778564,0.004095971584320068,-0.0026384592056274414,0.06748974323272705,0.008131742477416992,0.016244053840637207
2020-06-16,0.0025556087493896484,0.002230346202850342,0.0031877756118774414,-0.009219050407409668,0.02370506525039673,0.017574667930603027,0.02108663320541382,0.003172636032104492,0.019583165645599365,0.002631545066833496,0.0408635139465332,-0.010510802268981934,0.001949310302734375
2020-06-17,0.008418798446655273,0.010058701038360596,-0.01375114917755127,0.00632023811340332,0.014388501644134521,0.024611353874206543,0.007095754146575928,-0.00021076202392578125,0.0032892823219299316,-0.0039577484130859375,-0.04296296834945679,-0.0035364627838134766,-0.00142669677734375
2020-06-18,-0.0033222436904907227,-0.01975727081298828,-0.01671922206878662,0.005582690238952637,-0.009489059448242188,0.04804039001464844,-0.007146477699279785,-0.051876842975616455,-0.03563225269317627,0.007884323596954346,0.03173375129699707,0.00497514009475708,0.025068163871765137
2020-06-19,-0.047461509704589844,-0.030168890953063965,-0.029475688934326172,0.0025156736373901367,-0.02783799171447754,0.0040209293365478516,-0.007095813751220703,-0.004448413848876953,0.006465613842010498,-0.026490092277526855,0.05251312255859375,-0.00020837783813476562,-0.06246829032897949
2020-06-22,-0.042852044105529785,-0.06206333637237549,-0.012959718704223633,-0.06013667583465576,0.013190269470214844,0.077292799949646,-0.044287800788879395,0.0006701946258544922,0.02054572105407715,0.009677410125732422,-0.024233877658843994,-0.008539915084838867,0.00751340389251709
2020-06-23,-0.016840696334838867,-0.00607144832611084,-0.018744349479675293,-0.007917046546936035,-0.009980320930480957,-0.0044609904289245605,-0.019518136978149414,0.012726068496704102,-0.004223823547363281,-0.008469104766845703,-0.009495913982391357,0.011358916759490967,0.014419615268707275
2020-06-24,-0.06724083423614502,0.046014606952667236,0.03621494770050049,0.004696667194366455,-0.023998618125915527,-0.04480952024459839,0.0335618257522583,-0.02204585075378418,-0.004678606986999512,0.029715776443481445,-0.01106196641921997,-0.011489391326904297,-0.004023432731628418
2020-06-25,-0.060831665992736816,0.0055350661277771,0.023333370685577393,-0.020502805709838867,-0.01861107349395752,-0.03322911262512207,0.031303465366363525,0.0036069154739379883,-0.006256222724914551,0.017975986003875732,-0.09619694948196411,0.007228434085845947,0.0057680606842041016
2020-06-26,0.029549360275268555,0.019613027572631836,-0.06670808792114258,0.005819976329803467,-0.021316170692443848,0.04933273792266846,-0.06589245796203613,-0.006963193416595459,-0.00705873966217041,-0.031186461448669434,0.03877890110015869,-0.01685035228729248,-0.01386260986328125
2020-06-29,0.051251113414764404,0.031630098819732666,0.027341485023498535,0.04170006513595581,0.016398847103118896,-0.030057787895202637,0.031501710414886475,0.0052024126052856445,0.031100571155548096,0.020381391048431396,0.012708544731140137,0.009001612663269043,0.01066136360168457
2020-06-30,0.030187487602233887,0.014517068862915039,0.026016712188720703,-0.022426724433898926,0.014819800853729248,-0.04370284080505371,0.026901423931121826,-0.004725515842437744,-0.008096575736999512,0.013422846794128418,-0.020392119884490967,0.017960309982299805,0.011019766330718994
2020-07-01,-0.04292261600494385,0.009914994239807129,-0.017807722091674805,0.01915210485458374,-0.008717894554138184,0.03032827377319336,-0.004775047302246094,-0.008139193058013916,0.0019484162330627441,0.010204076766967773,0.012009620666503906,0.0025226473808288574,-0.0196380615234375
2020-07-02,-0.02953195571899414,0.02088695764541626,-0.008748054504394531,-0.0045059919357299805,-0.00559234619140625,-0.03790318965911865,-0.042771339416503906,0.013448834419250488,0.0021427273750305176,-0.0164947509765625,0.003955721855163574,-0.015173912048339844,-0.013101458549499512
2020-07-03,0.015257835388183594,-0.01198124885559082,-0.005681753158569336,0.02184748649597168,-0.014829754829406738,0.0037720203399658203,0.007915496826171875,0.006522655487060547,-0.02238023281097412,-0.007437467575073242,0.022064566612243652,-0.04401075839996338,-0.015613794326782227
2020-07-06,0.0024791359901428223,-0.0880739688873291,-0.013083577156066895,-0.02649688720703125,0.012288331985473633,-0.0012526512145996094,-0.0024178028106689453,-0.013631284236907959,-0.002147078514099121,-0.015436291694641113,0.020046353340148926,-0.0063631534576416016,-0.03579390048980713
2020-07-07,0.02050328254699707,0.04485136270523071,0.028177320957183838,-0.010424375534057617,0.009583055973052979,-0.02424752712249756,0.02773749828338623,-0.05845034122467041,-0.04191702604293823,0.02114999294281006,-0.002267599105834961,-0.04840940237045288,0.015352368354797363
2020-07-08,0.020932376384735107,0.005834996700286865,0.004530370235443115,0.004749000072479248,0.0013579726219177246,0.003856062889099121,-0.011907696723937988,-0.011068344116210938,-0.020611584186553955,0.008102715015411377,0.015151500701904297,0.011212587356567383,0.013980746269226074
2020-07-09,-0.0012956857681274414,-0.006707668304443359,0.0036408305168151855,0.024845778942108154,-0.030086636543273926,-0.03585153818130493,0.006864488124847412,-0.0014598965644836426,0.004616141319274902,0.012933909893035889,0.01044774055480957,0.0032854080200195312,-0.01458752155303955
2020-07-10,0.017146587371826172,0.0019434094429016113,0.0012180209159851074,-0.005736947059631348,0.03250819444656372,0.026117801666259766,0.00493699312210083,-0.006335318088531494,-0.04155135154724121,0.02137935161590576,-0.016986608505249023,-0.012894034385681152,-0.029560565948486328
2020-07-13,-0.012837529182434082,-0.03838658332824707,-0.010060906410217285,0.005704224109649658,0.013474345207214355,0.005176901817321777,-0.01885378360748291,-0.004904389381408691,0.0,-0.004228353500366211,-0.02253943681716919,0.01430654525756836,-0.030275940895080566
2020-07-14,0.03184926509857178,0.02919900417327881,0.017506778240203857,-0.005315184593200684,0.021784186363220215,-0.0021459460258483887,0.014852702617645264,0.02217841148376465,0.020155668258666992,0.018947362899780273,-0.02459651231765747,0.0024529695510864258,0.009271323680877686
2020-07-15,0.000335693359375,0.002207458019256592,0.011674284934997559,0.016280651092529297,0.022976398468017578,-0.04344087839126587,0.011863529682159424,-0.025554418563842773,-0.00919651985168457,0.01359093189239502,0.005516171455383301,-0.037112534046173096,0.03808903694152832
2020-07-16,0.021490931510925293,-0.016592979431152344,-0.06963002681732178,0.005374550819396973,0.002713441848754883,0.04136693477630615,0.022511184215545654,0.0069272518157958984,0.0017850399017333984,0.0014503002166748047,-0.025862038135528564,-0.002329528331756592,0.00028443336486816406
2020-07-17,-0.018874406814575195,0.007616996765136719,-0.1336820125579834,0.017068326473236084,-0.04661703109741211,-0.0798790454864502,-0.04375636577606201,0.013022065162658691,0.011963605880737305,-0.05519247055053711,0.018503546714782715,0.0299299955368042,-0.03699064254760742
2020-07-20,-0.036039113998413086,-0.04002189636230469,0.015124320983886719,0.00514829158782959,0.007279038429260254,-0.015993595123291016,-0.020838379859924316,0.012854814529418945,0.012828230857849121,0.0006882548332214355,0.00947868824005127,0.011541604995727539,-0.004280567169189453
2020-07-21,0.015929758548736572,-0.03294670581817627,-0.06428933143615723,-0.0,-0.039106130599975586,-0.03659975528717041,-0.07877039909362793,-0.030651390552520752,-0.0049669742584228516,-0.026859521865844727,-0.0015649795532226562,-0.015077412128448486,-0.026939868927001953
2020-07-22,0.005616188049316406,-0.021689176559448242,0.030325233936309814,0.01833176612854004,0.01965731382369995,0.029612720012664795,0.02003556489944458,0.0027173757553100586,0.001597285270690918,-0.002012014389038086,-0.004702210426330566,-0.02854776382446289,-0.016442298889160156
2020-07-23,-0.0023256540298461914,0.043706297874450684,-0.016141176223754883,-0.0069692134857177734,-0.004113197326660156,-0.019561767578125,-0.032485246658325195,0.02044844627380371,0.024719715118408203,-0.0006693601608276367,0.014173269271850586,-0.011499106884002686,-0.026855826377868652
2020-07-24,0.020881712436676025,0.018020331859588623,0.02109706401824951,0.010736465454101562,0.02952718734741211,0.01841902732849121,0.02090209722518921,-0.015934348106384277,-0.00014591217041015625,0.02073580026626587,0.031832218170166016,-0.04200774431228638,-0.04292631149291992
2020-07-27,0.020311415195465088,0.006382942199707031,-0.021805286407470703,0.0244864821434021,0.02215975522994995,-0.01759183406829834,-0.013707876205444336,-0.013002991676330566,-0.02529430389404297,0.002732217311859131,-0.01504892110824585,-0.012817680835723877,-0.004692792892456055
2020-07-28,-0.009675264358520508,-0.053533196449279785,-0.008684873580932617,-0.009378433227539062,-0.0008993148803710938,-0.0053784847259521484,0.005320370197296143,-0.002982795238494873,-0.002395451068878174,0.010273993015289307,-0.012223005294799805,-0.015034198760986328,-0.009974241256713867
2020-07-29,-0.06810402870178223,0.036585330963134766,0.01722019910812378,-0.026598691940307617,-0.013297319412231445,0.022544920444488525,0.010474622249603271,0.0017451047897338867,0.006353139877319336,0.005536377429962158,0.0015467405319213867,0.03769659996032715,-0.03719049692153931
2020-07-30,0.024992048740386963,0.02848106622695923,0.0806007981300354,0.0021295547485351562,0.024117767810821533,0.026974260807037354,0.05765765905380249,0.000995635986328125,-0.01864093542098999,0.022268593311309814,-0.0030887722969055176,0.005125880241394043,0.0058040618896484375
2020-07-31,-0.010515928268432617,-0.032030463218688965,0.013340592384338379,0.019473612308502197,-0.0009086132049560547,0.04218560457229614,0.0023900270462036133,0.0037294626235961914,-0.012815296649932861,-0.00782918930053711,-0.0015493035316467285,0.013082027435302734,-0.019798994064331055
2020-08-03,-0.01788616180419922,0.009994804859161377,-0.010485649108886719,-0.0,0.028867125511169434,-0.014681220054626465,0.03425973653793335,-0.025514066219329834,-0.0022063851356506348,0.030367255210876465,-0.020170629024505615,0.008316993713378906,-0.02811610698699951
2020-08-04,-0.017252326011657715,-0.010892629623413086,0.023211359977722168,-0.012786865234375,0.011217117309570312,0.014468789100646973,-0.011907696723937988,-0.012201309204101562,-0.002828359603881836,-0.0021849870681762695,-0.005542397499084473,-0.011721372604370117,-0.0704960823059082
2020-08-05,0.004396975040435791,-0.051511168479919434,-0.004472970962524414,-0.01522207260131836,-0.0017015933990478516,0.011325478553771973,0.004658043384552002,0.01312410831451416,0.018255949020385742,-0.010174393653869629,-0.0015923380851745605,0.0017571449279785156,0.011268258094787598
2020-08-06,0.032176673412323,-0.06548357009887695,0.002226531505584717,-0.019756674766540527,-0.027368783950805664,-0.01739501953125,-0.009359598159790039,-0.013970017433166504,-0.002937495708465576,-0.015827298164367676,0.011164307594299316,-0.004823505878448486,-0.003601551055908203
2020-08-07,-0.05638861656188965,0.022519290447235107,-0.026499271392822266,-0.021017074584960938,-0.014697790145874023,0.01334446668624878,0.01268911361694336,0.0,-0.015594005584716797,-0.006374001502990723,-0.0023659467697143555,-0.006829738616943359,-0.005800843238830566
2020-08-10,-0.007096529006958008,0.020638346672058105,0.011413097381591797,-0.0049130916595458984,-0.0016295909881591797,-0.008875727653503418,-0.01062774658203125,0.0020607709884643555,-0.0011351704597473145,-0.004926085472106934,0.005533576011657715,0.011535048484802246,0.01241445541381836
2020-08-11,0.026654362678527832,0.0034305453300476074,-0.035184264183044434,0.007755160331726074,-0.002530694007873535,-0.0,-0.0,0.0007711648941040039,0.003461122512817383,0.007002830505371094,0.0007861852645874023,-0.002192974090576172,-0.006631731986999512
2020-08-12,-0.005036115646362305,0.009589433670043945,0.017790794372558594,0.006201624870300293,-0.008474588394165039,0.018014252185821533,0.018586397171020508,0.019265294075012207,0.010707855224609375,0.0035260915756225586,-0.007069945335388184,-0.04571425914764404,0.002949833869934082
2020-08-13,0.0006263256072998047,0.017874836921691895,0.0016220808029174805,-0.011625885963439941,0.0067942142486572266,-0.0021331310272216797,-0.015200614929199219,-0.008568525314331055,0.0023429393768310547,-0.004953980445861816,0.002373337745666504,-0.027532577514648438,0.002564072608947754
2020-08-14,0.008774757385253906,0.03766429424285889,0.02003788948059082,-0.00245058536529541,0.016741693019866943,0.020008504390716553,0.031418800354003906,-0.013980686664581299,-0.012297391891479492,0.019014060497283936,-0.00947117805480957,0.019635915756225586,0.003954887390136719
2020-08-17,-0.01770472526550293,0.01707381010055542,0.013263285160064697,-0.0,-0.019589900970458984,-0.013466596603393555,-0.0433349609375,0.012632131576538086,-0.014559805393218994,-0.028715014457702637,0.017529845237731934,0.02190697193145752,0.010621428489685059
2020-08-18,-0.004970550537109375,-0.02378404140472412,0.014561772346496582,-0.006575107574462891,0.007362186908721924,0.006858170032501221,0.00801551342010498,0.0012729167938232422,0.013469696044921875,-0.017445921897888184,0.004698514938354492,-0.014931797981262207,-0.013043045997619629
2020-08-19,-0.005873203277587891,-0.00391542911529541,-0.0034101009368896484,-0.00284731388092041,-0.05065131187438965,-0.00561070442199707,-0.015181183815002441,0.004322409629821777,-0.0015454292297363281,0.013717412948608398,0.004676461219787598,0.011559486389160156,-0.006140470504760742
2020-08-20,-0.031038761138916016,0.004680216312408447,-0.023222804069519043,0.0012526512145996094,-0.0,-0.02188849449157715,-0.015918970108032227,-0.03873419761657715,-0.044525861740112305,-0.03268420696258545,-0.03258347511291504,0.01977461576461792,0.01619255542755127
2020-08-21,0.01371091604232788,-0.0005224943161010742,0.0063658952713012695,-0.0012542009353637695,-0.00309908390045166,0.012599766254425049,0.002374112606048584,-0.014136075973510742,-0.030476689338684082,0.013468027114868164,0.0007513761520385742,0.0034707188606262207,0.00725400447845459
2020-08-24,-0.03445148468017578,-0.07232379913330078,0.0008355975151062012,-0.010939478874206543,0.0015447735786437988,0.004253506660461426,0.007853448390960693,-0.004085540771484375,-0.016249656677246094,-0.0020477771759033203,0.024812042713165283,0.005224168300628662,-0.006651878356933594
2020-08-25,-0.08238387107849121,-0.002434849739074707,-0.008363485336303711,0.013216555118560791,0.02097296714782715,0.0021358132362365723,0.0011993050575256348,0.010052621364593506,0.02023494243621826,0.008855581283569336,-0.0015419721603393555,-0.015317320823669434,0.006507813930511475
2020-08-26,-0.004858255386352539,0.001700282096862793,0.007464766502380371,0.0016741752624511719,-0.0017559528350830078,0.010273993015289307,0.005523502826690674,0.00048357248306274414,0.022626638412475586,-0.010996580123901367,-0.0015397071838378906,0.016163766384124756,-0.026504039764404297
2020-08-27,0.006983578205108643,-0.05036497116088867,-0.007520914077758789,0.0008385181427001953,0.006660819053649902,0.00562286376953125,0.010383963584899902,0.01572328805923462,0.02196824550628662,0.014955878257751465,-0.0030745267868041992,0.01730555295944214,0.012468039989471436
2020-08-28,-0.009196639060974121,-0.017604708671569824,-0.005252957344055176,0.00159454345703125,0.0015881061553955078,-0.006524562835693359,-0.00927281379699707,-0.009584665298461914,0.0005539655685424805,-0.0027605295181274414,0.010727941989898682,-0.02452075481414795,-0.002634406089782715
2020-08-31,-0.09005630016326904,0.03255176544189453,0.018151819705963135,-0.02042531967163086,-0.03799933195114136,-0.0453760027885437,0.030947744846343994,-0.039922118186950684,-0.04056435823440552,-0.01927053928375244,0.021688640117645264,0.035900771617889404,0.016756713390350342
2020-09-01,0.043888092041015625,-0.0011764764785766602,0.0016806721687316895,-0.025398969650268555,0.00863492488861084,-0.010864615440368652,0.01796412467956543,0.0,-0.0484769344329834,-0.03173542022705078,0.007125914096832275,-0.014669418334960938,-0.003176450729370117
2020-09-02,0.07195258140563965,0.012925982475280762,-0.017396211624145508,-0.029494643211364746,0.010200262069702148,0.006407260894775391,-0.009654521942138672,0.016227126121520996,0.008500337600708008,0.012552380561828613,-0.02870810031890869,0.014457285404205322,-0.019601941108703613
2020-09-03,-0.00052642822265625,0.02476191520690918,0.0013789534568786621,-0.008723139762878418,0.009376168251037598,-0.005456984043121338,0.002264738082885742,0.02095818519592285,0.013901829719543457,-0.0165289044380188,-0.0038759708404541016,0.004965066909790039,0.007591426372528076
2020-09-04,-0.010271310806274414,-0.031494140625,0.025683581829071045,0.009071648120880127,-0.0008931756019592285,-0.016003668308258057,0.019167780876159668,-0.020527899265289307,-0.01495271921157837,-0.013305366039276123,0.02625483274459839,0.01701068878173828,0.0164911150932312
2020-09-07,0.0369877815246582,-0.009467482566833496,0.00821995735168457,0.013347029685974121,-0.025210082530975342,0.001858830451965332,0.0025713443756103516,-0.007485032081604004,-0.009042084217071533,-0.019872188568115234,-0.0055512189865112305,-0.007844924926757812,-0.002626180648803711
2020-09-08,-0.019502222537994385,0.043845295906066895,-0.03172338008880615,-0.008498072624206543,-0.013756394386291504,0.007421135902404785,0.017014682292938232,-0.018853724002838135,-0.014986515045166016,-0.02606809139251709,0.004731893539428711,0.00641024112701416,-0.011736869812011719
2020-09-09,0.037424683570861816,0.025012195110321045,0.015789508819580078,-0.0016336441040039062,-0.040728986263275146,-0.029465913772583008,0.03619199991226196,0.00307464599609375,0.004098415374755859,-0.02304840087890625,0.013470649719238281,-0.0004608631134033203,-0.025740623474121094
2020-09-10,0.05095863342285156,-0.024647831916809082,-0.06304538249969482,0.008326888084411621,-0.0027142763137817383,-0.046015143394470215,-0.05197274684906006,-0.008173704147338867,0.002404332160949707,0.013698697090148926,-0.006425738334655762,-0.0034546852111816406,-0.07062423229217529
2020-09-11,-0.004560708999633789,-0.0022090673446655273,0.003971397876739502,-0.00839686393737793,-0.0007775425910949707,0.012244880199432373,0.0077599287033081055,0.03837239742279053,0.010820984840393066,-0.005255222320556641,-0.004788517951965332,0.0006886124610900879,-0.0024935007095336914
2020-09-14,-0.014950573444366455,-0.09919178485870361,0.028176546096801758,-0.002918720245361328,0.0143967866897583,0.01836550235748291,0.005995810031890869,0.013888835906982422,0.026100873947143555,0.005282998085021973,-0.009531378746032715,-0.0022966861724853516,0.007416725158691406
2020-09-15,0.01419830322265625,-0.10271835327148438,0.007111608982086182,0.0004280209541320801,0.0017261505126953125,-0.013096332550048828,0.0073433518409729,0.026908040046691895,0.007313728332519531,0.00225222110748291,-0.005507469177246094,-0.016040325164794922,-0.0071076154708862305
2020-09-16,-0.011585772037506104,-0.043241024017333984,0.003581225872039795,0.02038019895553589,-0.002489030361175537,0.01708221435546875,-0.007397651672363281,-0.01572173833847046,-0.029096126556396484,-0.010486841201782227,0.020344316959381104,0.011727511882781982,-0.002443075180053711
2020-09-17,-0.021245479583740234,0.04512876272201538,-0.006911754608154297,-0.0076923370361328125,-0.013435661792755127,-0.009394049644470215,0.014948844909667969,0.013068675994873047,0.0026394128799438477,0.0007569789886474609,-0.011980772018432617,0.016202688217163086,0.011102139949798584
2020-09-18,-0.03542912006378174,0.04624742269515991,0.009060978889465332,-0.0045975446701049805,0.016147851943969727,0.017217278480529785,0.018903136253356934,0.003344416618347168,0.008171558380126953,0.015128612518310547,-0.017363786697387695,0.024124324321746826,-0.00301206111907959
2020-09-21,-0.03621315956115723,0.005529582500457764,0.02715432643890381,-0.034021198749542236,-0.046333491802215576,0.029829561710357666,-0.05156034231185913,-0.011428534984588623,-0.035630762577056885,-0.040983617305755615,-0.04809927940368652,0.01616358757019043,0.02161252498626709
2020-09-22,0.011540532112121582,0.019247233867645264,0.02420961856842041,-0.027800142765045166,-0.050592243671417236,-0.05612492561340332,-0.02861231565475464,-0.0105973482131958,-0.03959840536117554,-0.02408701181411743,-0.04237973690032959,0.019811511039733887,0.01985764503479004
2020-09-23,-0.010878205299377441,0.02093327045440674,0.01255112886428833,-0.0039536356925964355,0.02072322368621826,-0.020165443420410156,-0.0026509761810302734,-0.00778961181640625,-0.009867191314697266,-0.02627384662628174,-0.0008510351181030273,0.020458519458770752,-0.008919954299926758
2020-09-24,-0.05981755256652832,-0.010467767715454102,0.028377115726470947,-0.03230869770050049,-0.035011351108551025,-0.0348285436630249,-0.07442408800125122,-0.03532874584197998,-0.029481589794158936,-0.014717936515808105,-0.03833049535751343,0.022395551204681396,0.02224409580230713
2020-09-25,0.04850208759307861,0.007934749126434326,0.0039550065994262695,0.01850605010986328,0.029196977615356445,-0.04483330249786377,0.04243767261505127,0.025432348251342773,0.003972887992858887,-0.034024834632873535,0.03277230262756348,-0.04066920280456543,-0.009379029273986816
2020-09-28,0.035102009773254395,-0.06331920623779297,-0.0265730619430542,-0.003184378147125244,0.03900718688964844,-0.03663003444671631,0.030609130859375,0.0014880895614624023,0.03457939624786377,-0.041733622550964355,0.01629507541656494,-0.013851165771484375,-0.0066710710525512695
2020-09-29,0.006046295166015625,0.008775591850280762,-0.0038678646087646484,0.003194570541381836,-0.008632838726043701,-0.00555264949798584,-0.01574099063873291,-0.031203508377075195,-0.01612335443496704,0.0362095832824707,-0.004219412803649902,0.012442052364349365,-0.012969732284545898
2020-09-30,-0.011236011981964111,0.03520232439041138,-0.09217548370361328,-0.0044956207275390625,-0.009315550327301025,0.027108430862426758,-0.018708467483520508,-0.011247515678405762,-0.007117211818695068,-0.0015987157821655273,0.009322047233581543,-0.00494074821472168,0.004766345024108887
2020-10-01,0.02193450927734375,0.0032772421836853027,0.0009795427322387695,0.004986405372619629,0.020850419998168945,0.034571707248687744,0.004612445831298828,0.03697001934051514,-0.040961384773254395,0.001596212387084961,-0.006717026233673096,-0.00024580955505371094,0.004084885120391846
2020-10-05,0.03154897689819336,0.011179327964782715,0.0029354095458984375,0.004961609840393066,-0.017621099948883057,-0.0005344152450561523,0.02754831314086914,-0.02867114543914795,0.011226236820220947,-0.0007992982864379883,-0.025359272956848145,-0.02457606792449951,0.0058931708335876465
2020-10-06,0.006768703460693359,0.011749088764190674,-0.006504058837890625,0.012762069702148438,0.009580016136169434,0.01282048225402832,-0.002978801727294922,0.0005133152008056641,-0.004155278205871582,-0.0015975236892700195,-0.002601921558380127,0.009594619274139404,0.0008063316345214844
2020-10-07,-0.023904383182525635,0.008524000644683838,-0.02978724241256714,-0.010761559009552002,-0.013325273990631104,0.01893937587738037,-0.002390265464782715,-0.0143662691116333,0.0339200496673584,-0.015949010848999023,-0.06608688831329346,0.020343899726867676,-0.021311044692993164
2020-10-08,-0.028571486473083496,-0.015158414840698242,-0.0067476630210876465,0.0009298324584960938,-0.03233063220977783,0.0005515813827514648,0.00539088249206543,0.01717853546142578,-0.010979771614074707,0.029042422771453857,0.03507339954376221,-0.003461003303527832,0.008086323738098145
2020-10-09,-0.00945371389389038,0.025852501392364502,0.015285372734069824,-0.0009289383888244629,0.02072322368621826,-0.03642392158508301,0.018468856811523438,-0.023797333240509033,0.01664876937866211,-0.026677489280700684,-0.007607698440551758,0.009361863136291504,0.0025768280029296875
2020-10-12,0.02677619457244873,-0.007320880889892578,-0.010371387004852295,-0.013110220432281494,-0.024445831775665283,0.032481372356414795,-0.0152091383934021,-0.024639546871185303,0.01680934429168701,0.014960646629333496,0.01929527521133423,-0.001492142677307129,-0.0016440153121948242
2020-10-13,-0.014975428581237793,0.022484660148620605,-0.007775485515594482,-0.018277764320373535,-0.008706748485565186,0.006604254245758057,0.0083160400390625,-0.018005967140197754,0.027342259883880615,0.0007993578910827637,0.008554339408874512,0.012912869453430176,-0.01950860023498535
2020-10-14,-0.026212334632873535,-0.007202625274658203,-0.0194208025932312,-0.013051807880401611,-0.0070694684982299805,0.013296365737915039,-0.027982354164123535,0.021072864532470703,-0.006028294563293457,0.031199991703033447,0.029335618019104004,0.02515721321105957,-0.002943873405456543
2020-10-15,-0.023149430751800537,0.03990769386291504,-0.02015286684036255,-0.014196813106536865,-0.005177974700927734,0.03312748670578003,-0.0012121200561523438,0.004020333290100098,-0.027626991271972656,0.01403796672821045,-0.007111191749572754,-0.03767740726470947,-0.03540635108947754
2020-10-16,0.017635703086853027,-0.020663142204284668,-0.04397165775299072,0.026336669921875,0.0234222412109375,-0.039489030838012695,-0.007281482219696045,0.0064067840576171875,-0.007672429084777832,-0.018425464630126953,-0.017652273178100586,-0.020641565322875977,-0.013883590698242188
2020-10-19,0.006769537925720215,0.018361568450927734,-0.02072012424468994,-0.042479515075683594,0.045560479164123535,-0.048044681549072266,0.05073344707489014,-0.000530540943145752,-0.006944060325622559,-0.03125,-0.031222939491271973,-0.0012183189392089844,0.00019276142120361328
2020-10-20,0.028509974479675293,0.004076778888702393,0.009983360767364502,-0.0,-0.021686255931854248,0.024520277976989746,-0.031704485416412354,-0.0007961392402648926,-0.0035691261291503906,0.02870810031890869,0.007569372653961182,0.0058408379554748535,-0.009352028369903564
2020-10-21,0.00889122486114502,0.01420658826828003,-0.019159674644470215,-0.003134489059448242,0.02506732940673828,-0.03770482540130615,0.017122268676757812,0.011155366897583008,0.009282708168029785,-0.005747079849243164,0.007627129554748535,-0.013953566551208496,-0.014501214027404785
2020-10-22,0.01010894775390625,0.013434290885925293,0.000659644603729248,0.0031246542930603027,0.012328267097473145,-0.011585116386413574,0.03219139575958252,0.027580738067626953,-0.008213639259338379,-0.016326546669006348,-0.043552517890930176,-0.04852724075317383,-0.008295416831970215
2020-10-23,0.007698178291320801,-0.0591731071472168,-0.006930708885192871,0.01567256450653076,-0.016769826412200928,-0.021863579750061035,0.009441971778869629,0.003067493438720703,0.008931219577789307,-0.002409696578979492,0.007364928722381592,0.009670674800872803,0.0028878450393676758
2020-10-26,-0.013751029968261719,-0.01566159725189209,0.016715824604034424,0.0022478103637695312,-0.022944211959838867,0.05399900674819946,-0.0025510191917419434,0.001529097557067871,0.0014613866806030273,0.012820541858673096,0.014014899730682373,0.01557779312133789,-0.039718031883239746
2020-10-27,0.019106745719909668,-0.004142642021179199,-0.007666587829589844,0.008260548114776611,-0.01662510633468628,0.00592350959777832,0.0,0.04122138023376465,-0.027196764945983887,0.018668770790100098,0.017558515071868896,-0.0219651460647583,0.0026367902755737305
2020-10-28,0.01874840259552002,0.022690773010253906,0.009923934936523438,-0.06767630577087402,-0.014581561088562012,0.011917710304260254,0.0,-0.006353855133056641,0.02517068386077881,0.008271276950836182,0.00510638952255249,0.02565288543701172,-0.011344313621520996
2020-10-29,0.01641380786895752,-0.01242971420288086,0.011025667190551758,0.011258900165557861,0.004932403564453125,-0.05537283420562744,0.005399346351623535,0.001475691795349121,0.009560883045196533,0.028356969356536865,0.023952126502990723,-0.007827281951904297,0.007667064666748047
2020-10-30,-0.07903099060058594,0.04076904058456421,-0.039527058601379395,0.006455659866333008,0.016858696937561035,-0.054025888442993164,0.021198391914367676,-0.012278974056243896,-0.0020905733108520508,-0.006866931915283203,-0.004382133483886719,-0.001882791519165039,0.013664603233337402
2020-11-02,0.00521540641784668,0.0033808350563049316,0.024049460887908936,0.023283064365386963,-0.010703086853027344,0.00246429443359375,-0.02352619171142578,0.004972696304321289,-0.0014111995697021484,-0.011935114860534668,0.023560166358947754,0.018557727336883545,-0.08619284629821777
2020-11-03,-0.01641213893890381,-0.009207606315612793,-0.013653039932250977,-0.00535893440246582,0.0,0.010375440120697021,-0.003968238830566406,0.007422089576721191,0.00177687406539917,-0.009267091751098633,-0.0017873048782348633,0.007898509502410889,-0.01441657543182373
2020-11-04,-0.03767669200897217,0.02857142686843872,0.006570279598236084,-0.008914589881896973,-0.007848918437957764,-0.006989479064941406,-0.001422882080078125,-0.0012279152870178223,-0.006997346878051758,-0.002504110336303711,-0.004460334777832031,-0.005066394805908203,0.033904075622558594
2020-11-05,-0.017722010612487793,-0.02100837230682373,-0.05390214920043945,0.018127143383026123,-0.05494976043701172,-0.11948442459106445,0.0339127779006958,0.03639042377471924,-0.026453733444213867,-0.017485380172729492,-0.014209628105163574,0.0028805136680603027,0.02187979221343994
2020-11-06,-0.01868760585784912,0.0084725022315979,0.011295914649963379,-0.012153267860412598,0.020875513553619385,-0.00044286251068115234,0.00771784782409668,0.0002372264862060547,0.005225658416748047,-0.004909992218017578,-0.007880926132202148,-0.022869467735290527,0.03793931007385254
2020-11-09,0.00437772274017334,0.0087890625,-0.03840053081512451,-0.007149338722229004,-0.008693814277648926,-0.015493631362915039,0.01695835590362549,0.003795027732849121,-0.009372115135192871,-0.007328987121582031,-0.006950497627258301,-0.03318428993225098,0.01059865951538086
2020-11-10,0.008794009685516357,-0.010098576545715332,-0.020476698875427246,0.00127410888671875,-0.0480196475982666,-0.02484750747680664,0.05110275745391846,0.0,-0.008397817611694336,-0.033953189849853516,-0.02070748805999756,-0.004328012466430664,0.016524314880371094
2020-11-11,0.010773122310638428,-0.015849828720092773,-0.030847668647766113,-0.008383512496948242,-0.03289604187011719,-0.012760519981384277,0.012282490730285645,-0.059309959411621094,-0.023224472999572754,-0.021892070770263672,-0.020287394523620605,-0.0074846744537353516,-0.04187214374542236
2020-11-12,-0.02733290195465088,-0.05160820484161377,-0.0014526844024658203,0.005241274833679199,-0.0017061233520507812,0.006299853324890137,0.0045500993728637695,0.022306501865386963,-0.007393836975097656,0.009946465492248535,-0.014913082122802734,-0.011031031608581543,-0.00861436128616333
2020-11-13,-0.010600686073303223,0.004565179347991943,0.0014505386352539062,-0.015897512435913086,0.003406524658203125,-0.005917191505432129,-0.008303999900817871,0.004334926605224609,0.021449685096740723,-0.006955265998840332,-0.0,-0.044088125228881836,0.008265376091003418
2020-11-14,-0.006581664085388184,-0.0036689043045043945,-0.05055201053619385,-0.007779598236083984,-0.008735299110412598,-0.026470541954040527,0.03019535541534424,0.0027497410774230957,-0.003779292106628418,-0.007674574851989746,-0.008163213729858398,0.0004264712333679199,0.002942681312561035
2020-11-17,-0.19452393054962158,-0.03861093521118164,-0.046736717224121094,-0.0004436969757080078,-0.0,0.0094146728515625,-0.025615692138671875,-0.008731603622436523,-0.007761836051940918,0.017517149448394775,-0.004858255386352539,-0.020268797874450684,-0.004505932331085205
2020-11-18,-0.18063640594482422,0.017377912998199463,-0.031041502952575684,-0.009046554565429688,-0.005459308624267578,0.02148759365081787,0.0045500993728637695,-0.024145841598510742,-0.04046440124511719,-0.007751941680908203,-0.0016115903854370117,0.004809737205505371,-0.003052651882171631
2020-11-19,0.03882932662963867,0.02171480655670166,0.0017964839935302734,-0.012393474578857422,0.0035573840141296387,0.002111494541168213,-0.009562194347381592,0.01645904779434204,-0.0178985595703125,-0.0023077726364135742,0.012872159481048584,0.01660013198852539,-0.007074177265167236
2020-11-20,-0.040850162506103516,-0.016704797744750977,-0.0008966326713562012,-0.03837466239929199,-0.04378044605255127,-0.003808736801147461,0.00254058837890625,-0.0022614002227783203,-0.011017084121704102,0.005372166633605957,0.008149981498718262,-0.020085453987121582,-0.037324607372283936
2020-11-23,0.0017378926277160645,-0.0038262605667114258,0.03051149845123291,-0.00777590274810791,-0.03870391845703125,-0.0071669816970825195,0.026609182357788086,-0.014440417289733887,-0.012131571769714355,-0.06635797023773193,-0.02465081214904785,0.02450770139694214,0.026952385902404785
2020-11-24,0.01711881160736084,-0.02264571189880371,-0.011901319026947021,-0.04272794723510742,0.006585836410522461,0.005023002624511719,-0.00493699312210083,-0.010231375694274902,0.002386629581451416,0.004341483116149902,-0.008019208908081055,-0.02254664897918701,0.006883859634399414
2020-11-25,0.04088562726974487,-0.04231524467468262,-0.02115154266357422,0.02713245153427124,-0.022156357765197754,0.01304161548614502,-0.006946206092834473,0.009026885032653809,0.010632634162902832,-0.061046481132507324,-0.0318218469619751,0.00503993034362793,-0.008332431316375732
2020-11-26,0.026315748691558838,-0.011358857154846191,-0.011404633522033691,0.0027806758880615234,-0.0047789812088012695,-0.005967617034912109,-0.0022483468055725098,0.0042212605476379395,0.0015583038330078125,0.0068492889404296875,0.0030840039253234863,0.004010140895843506,0.0024776458740234375
2020-11-27,-0.09973132610321045,-0.06426799297332764,-0.013964831829071045,0.00032806396484375,0.0006794333457946777,0.021186411380767822,-0.015523254871368408,-0.10754120349884033,-0.14514827728271484,0.02137935161590576,0.008507370948791504,0.018436074256896973,-0.01165914535522461
2020-12-01,-0.03751087188720703,-0.022278547286987305,0.01785719394683838,-0.025104641914367676,-0.08482062816619873,-0.012987017631530762,0.020600199699401855,0.028203070163726807,0.004276752471923828,-0.038759708404541016,-0.03978168964385986,-0.011873960494995117,0.012992620468139648
2020-12-02,-0.03629302978515625,-0.003058791160583496,0.014518976211547852,-0.017126798629760742,-0.058602333068847656,-0.017521381378173828,0.04011964797973633,0.006426215171813965,0.01802992820739746,-0.041383981704711914,-0.020255088806152344,0.007467448711395264,0.0016635656356811523
2020-12-03,0.02673441171646118,-0.04135698080062866,0.025939226150512695,0.016838431358337402,-0.014505624771118164,-0.030239343643188477,0.02275991439819336,-0.010014653205871582,-0.0008652210235595703,-0.04429972171783447,-0.022794127464294434,-0.014617323875427246,0.0030537843704223633
2020-12-04,0.015107810497283936,0.0035785436630249023,-0.004068553447723389,-0.01744699478149414,-0.013568758964538574,0.019160211086273193,0.006559014320373535,0.01177448034286499,0.00345766544342041,-0.013100385665893555,-0.026599526405334473,-0.02372884750366211,-0.008866548538208008
2020-12-07,-0.00571751594543457,0.056259989738464355,0.007003188133239746,-0.029497385025024414,-0.023607254028320312,-0.0,0.020013928413391113,-0.005016684532165527,-0.003373384475708008,-0.0190887451171875,-0.014005661010742188,-0.019246697425842285,0.00592803955078125
2020-12-08,0.014975011348724365,0.0028132200241088867,-0.01246023178100586,-0.0032854080200195312,0.005906343460083008,0.0045719146728515625,-0.00981062650680542,-0.01351916790008545,0.003025829792022705,0.009063422679901123,0.015883982181549072,0.02111673355102539,0.01810777187347412
2020-12-09,-0.021537184715270996,-0.03179353475570679,0.013204216957092285,-0.0007616281509399414,-0.0066487789154052734,-0.013361215591430664,0.04262673854827881,0.00841367244720459,-0.0004335641860961914,-0.005487799644470215,0.0182456374168396,0.014312386512756348,0.01668071746826172
2020-12-10,0.021083056926727295,-0.027815401554107666,0.011004924774169922,0.024046897888183594,0.02107924222946167,0.01483309268951416,-0.020994484424591064,0.0031043291091918945,0.0005778074264526367,-0.00424504280090332,0.000714719295501709,0.01094275712966919,-0.009885609149932861
2020-12-11,-0.009853601455688477,-0.006358027458190918,-0.004869699478149414,0.01286548376083374,-0.05167961120605469,-0.010037660598754883,0.019413113594055176,-0.0010379552841186523,-0.02066969871520996,-0.056763291358947754,-0.04577958583831787,-0.02617013454437256,-0.0005227327346801758
2020-12-14,-0.000697016716003418,-0.005998790264129639,0.021013259887695312,0.01840442419052124,0.003276050090789795,-0.060869574546813965,0.03365814685821533,-0.0273745059967041,-0.016097068786621094,-0.04857146739959717,-0.06566357612609863,-0.01949000358581543,-0.007269859313964844
2020-12-15,0.0006964802742004395,-0.015288710594177246,-0.017761528491973877,0.015691637992858887,0.0017802715301513672,0.011319339275360107,-0.010282754898071289,0.024626553058624268,0.019233405590057373,0.010899186134338379,0.01797175407409668,-0.0004067420959472656,-0.008482158184051514
2020-12-16,-0.0004181861877441406,-0.011848807334899902,0.0025832653045654297,-0.0035971403121948242,0.0071340203285217285,-0.021318674087524414,0.012554049491882324,-0.009105920791625977,-0.006678938865661621,-0.024242401123046875,-0.00784313678741455,0.01016467809677124,0.0010627508163452148
2020-12-17,-0.00933539867401123,0.004548192024230957,-0.01087886095046997,-0.007494330406188965,0.004559934139251709,0.023192942142486572,-0.013253509998321533,0.01599675416946411,0.01896291971206665,0.012910127639770508,0.012970149517059326,0.017868101596832275,0.004564762115478516
2020-12-18,0.0009663105010986328,0.009055376052856445,-0.004341542720794678,0.011400401592254639,-0.00971674919128418,0.008310198783874512,-0.019714057445526123,0.003751516342163086,-0.00023984909057617188,0.025068163871765137,-0.044021010398864746,0.006273508071899414,0.0030646324157714844
2020-12-21,-0.07102394104003906,-0.03304094076156616,-0.07063949108123779,0.030179083347320557,-0.088534414768219,-0.07821232080459595,-0.09635359048843384,0.028451919555664062,0.02637380361557007,-0.09223031997680664,-0.06735396385192871,-0.05429297685623169,-0.026074588298797607
2020-12-22,0.06663691997528076,-0.008858919143676758,0.014701247215270996,0.009866714477539062,0.03589737415313721,0.008658051490783691,0.013939857482910156,-0.06115412712097168,-0.030979156494140625,0.007389187812805176,0.005895376205444336,0.01691150665283203,-0.0015684962272644043
2020-12-23,0.03151583671569824,0.02447330951690674,0.005240440368652344,-0.024018406867980957,-0.002038419246673584,-0.0030042529106140137,0.0021708011627197266,0.00852268934249878,-0.009267568588256836,0.0030562877655029297,0.02490842342376709,0.004157543182373047,0.003737807273864746
2020-12-24,-0.003515005111694336,0.02118825912475586,0.00919961929321289,-0.005655884742736816,0.017070293426513672,0.018941044807434082,0.03200972080230713,-0.0012279748916625977,0.005064606666564941,0.026203513145446777,0.03788423538208008,-0.011331379413604736,-0.02585136890411377
2020-12-28,0.0009497404098510742,0.041497111320495605,0.014585137367248535,0.0196840763092041,0.02209150791168213,0.008027076721191406,0.022154927253723145,-0.0016353130340576172,-0.0013796091079711914,0.005938291549682617,0.020661115646362305,0.020498156547546387,-0.004629611968994141
2020-12-29,0.015451431274414062,-0.02871096134185791,-0.0035938620567321777,-0.0,0.009824514389038086,0.0012573003768920898,-0.007529139518737793,-0.043061256408691406,-0.028647422790527344,-0.005903184413909912,-0.008771955966949463,-0.01641470193862915,0.006650567054748535
2020-12-30,0.01548314094543457,0.006233692169189453,0.0036067962646484375,-0.013161182403564453,-0.005837380886077881,0.0058602094650268555,-0.004597723484039307,0.010761082172393799,0.011269092559814453,0.0011876821517944336,0.0034036636352539062,-0.002195894718170166,-0.0027413368225097656
2020-12-31,-0.01261824369430542,0.0071942806243896484,-0.004791855812072754,0.004080235958099365,0.0013979673385620117,0.007906794548034668,0.0011546611785888672,0.0063291192054748535,0.008594989776611328,-0.002372562885284424,-0.028493881225585938,0.0046215057373046875,0.005099594593048096
2021-01-01,0.0031948089599609375,0.01269841194152832,0.00270843505859375,0.008528411388397217,0.003909111022949219,0.017753958702087402,0.00784313678741455,-0.009554147720336914,0.0011779069900512695,0.001783609390258789,0.01187145709991455,0.00898134708404541,-0.0011097192764282227
2021-01-04,-0.003184676170349121,0.007445216178894043,0.036914706230163574,-0.008601784706115723,0.03754687309265137,0.008113622665405273,0.033646225929260254,0.0009858012199401855,-0.02207648754119873,0.04035615921020508,0.03381645679473877,0.010421156883239746,-0.0016890764236450195
2021-01-05,-0.00519174337387085,-0.0023337602615356445,-0.008972525596618652,-0.010618805885314941,0.010722517967224121,0.002012014389038086,-0.011736035346984863,-0.024274706840515137,-0.012092113494873047,-0.02053624391555786,-0.0033378005027770996,0.015685439109802246,0.012436091899871826
2021-01-06,-0.011374294757843018,-0.01403510570526123,-0.012850463390350342,-0.01199638843536377,0.03911948204040527,-0.011646568775177002,0.016132593154907227,-0.04508674144744873,-0.030142784118652344,0.02096688747406006,0.009377002716064453,-0.0012693405151367188,-0.026412665843963623
2021-01-07,-0.003248453140258789,0.019968390464782715,0.013609528541564941,-0.017903923988342285,-0.004849374294281006,0.010158419609069824,0.005071759223937988,0.0044248104095458984,0.010978341102600098,0.009127140045166016,-0.0019907355308532715,0.014403700828552246,-0.0015894174575805664
2021-01-08,0.0031232833862304688,-0.004652082920074463,0.02130758762359619,-0.00505983829498291,-0.005386054515838623,0.014078855514526367,0.02303636074066162,-0.01981484889984131,0.0004922747611999512,0.02769935131072998,0.006648898124694824,0.03320109844207764,0.011802196502685547
2021-01-11,-0.011100590229034424,0.018500447273254395,0.0042868852615356445,0.0092695951461792,0.02359461784362793,-0.006346702575683594,-0.0021445751190185547,-0.012347936630249023,-0.008597850799560547,0.01925194263458252,0.011228561401367188,0.005456805229187012,-0.018880188465118408
2021-01-12,0.0017795562744140625,-0.008604228496551514,0.0022766590118408203,-0.0038715600967407227,0.044589996337890625,0.0031936168670654297,0.02664947509765625,-0.017399072647094727,-0.0004439353942871094,0.009174346923828125,0.002612590789794922,0.002814054489135742,-0.031519532203674316
2021-01-13,-0.005739271640777588,-0.06827390193939209,0.024417877197265625,-0.009400606155395508,-0.0010852813720703125,0.011539936065673828,0.03977382183074951,0.0028209686279296875,0.01131671667098999,0.017112255096435547,0.015635132789611816,-0.018841445446014404,0.00932776927947998
2021-01-14,-0.007421612739562988,-0.02112281322479248,0.03769397735595703,-0.01392984390258789,0.020762920379638672,0.03304493427276611,0.02858877182006836,-0.004243373870849609,0.003052353858947754,-0.0021030306816101074,0.001924276351928711,-0.0016342997550964355,-0.011255383491516113
2021-01-15,-0.003184676170349121,0.022984445095062256,-0.029914498329162598,0.009577572345733643,-0.04020804166793823,-0.024752497673034668,-0.02309650182723999,0.035387277603149414,0.017739713191986084,-0.03424656391143799,0.003201007843017578,-0.020257890224456787,0.0117722749710083
2021-01-18,-0.021391868591308594,0.019362926483154297,-0.012940585613250732,0.008085012435913086,-0.004682183265686035,0.013275980949401855,-0.038068532943725586,0.02317941188812256,-0.04139167070388794,-0.04691767692565918,-0.02297377586364746,-0.06328320503234863,-0.023987412452697754
2021-01-19,0.018310904502868652,0.00018459558486938477,0.01004183292388916,0.0019178390502929688,0.01336967945098877,0.003468155860900879,0.002916097640991211,-0.04185342788696289,0.030842065811157227,0.014882683753967285,0.013063311576843262,0.024972200393676758,-0.016339659690856934
2021-01-20,0.01031494140625,-0.025470614433288574,0.0008285045623779297,0.0012009739875793457,-0.01258242130279541,-0.004224300384521484,-0.0029076337814331055,-0.006635546684265137,0.006679654121398926,0.007896184921264648,-0.0012895464897155762,0.0006525516510009766,-0.019042611122131348
2021-01-21,-0.015590488910675049,0.007379353046417236,-0.013520956039428711,-0.021803617477416992,-0.033032238483428955,-0.01118391752243042,-0.021870434284210205,-0.050596773624420166,-0.039996325969696045,-0.04196977615356445,-0.020658493041992188,-0.014782607555389404,-0.021750211715698242
2021-01-22,0.019201159477233887,-0.03028106689453125,-0.03188806772232056,0.019913196563720703,0.0025588274002075195,-0.01755070686340332,-0.012989819049835205,0.0024394989013671875,-0.0006238818168640137,-0.02044391632080078,-0.019775867462158203,-0.018093585968017578,0.023735761642456055
2021-01-25,-0.03864133358001709,0.003695964813232422,-0.023403644561767578,0.0,-0.00842273235321045,-0.02659785747528076,-0.030852198600769043,0.00411832332611084,0.010806441307067871,-0.014907598495483398,-0.009414911270141602,0.0022472143173217773,-0.05297642946243286
2021-01-27,-0.006487488746643066,-0.0015898942947387695,-0.018343210220336914,-0.03318333625793457,-0.04208487272262573,-0.01876014471054077,-0.028495073318481445,-0.00522005558013916,-0.008267700672149658,-0.01876509189605713,0.012220025062561035,-0.017040371894836426,-0.023727118968963623
2021-01-28,0.0021047592163085938,0.0007055401802062988,0.010247230529785156,0.016953349113464355,0.007523775100708008,0.02576887607574463,0.017415285110473633,-0.0011243820190429688,0.011594414710998535,0.01048731803894043,-0.011401832103729248,0.01961684226989746,-0.009688317775726318
2021-01-29,-0.004613757133483887,-0.0030003786087036133,-0.0020883679389953613,0.018305063247680664,-0.02733689546585083,-0.0149918794631958,0.008558511734008789,-0.032270193099975586,-0.019513070583343506,-0.025641024112701416,0.007462739944458008,-0.022371351718902588,-0.0184481143951416
2021-02-01,-0.0211259126663208,0.0005278587341308594,0.02660679817199707,-0.01251906156539917,0.017959952354431152,-0.003290832042694092,0.03617691993713379,0.03606057167053223,0.033136963844299316,0.028821945190429688,0.006734013557434082,0.015331864356994629,0.028932690620422363
2021-02-02,-0.030840396881103516,0.011443674564361572,0.040186405181884766,0.0016252994537353516,0.018720507621765137,0.023111820220947266,0.040732741355895996,0.0383608341217041,0.010800361633300781,0.022533535957336426,0.007357954978942871,0.024115324020385742,0.01605224609375
2021-02-03,0.028546512126922607,-0.04078364372253418,0.017637133598327637,0.018093347549438477,0.006213665008544922,0.015328764915466309,0.04038107395172119,-0.01639944314956665,0.0033304691314697266,0.00536036491394043,0.009296059608459473,0.005501747131347656,0.0025604963302612305
2021-02-04,0.004106283187866211,-0.00958240032196045,0.00935351848602295,0.01394641399383545,0.00249636173248291,0.022645950317382812,0.02189493179321289,-0.0007327795028686523,0.015398025512695312,0.04561614990234375,-0.03618419170379639,0.010286688804626465,-0.0033147335052490234
2021-02-05,0.015461921691894531,-0.001016855239868164,-0.008994221687316895,-0.009903311729431152,-0.02083885669708252,-0.022921502590179443,-0.014998078346252441,-0.015401601791381836,-0.01657205820083618,0.0,0.008888840675354004,-0.02664649486541748,-0.00027257204055786133
2021-02-08,-0.00170135498046875,-0.06908237934112549,0.012651324272155762,0.030483365058898926,0.02690410614013672,0.023459196090698242,0.021751999855041504,0.012662887573242188,0.02539241313934326,0.020963191986083984,-0.008327960968017578,-0.006677031517028809,0.014397144317626953
2021-02-09,-0.00039196014404296875,0.03484320640563965,-0.0016295909881591797,-0.023572921752929688,-0.0029979348182678223,-0.015151500701904297,-0.07818847894668579,0.02390587329864502,0.02660965919494629,0.012763619422912598,-0.01588308811187744,0.0011203289031982422,0.0024192333221435547
2021-02-10,0.0014366507530212402,0.023958027362823486,-0.008977174758911133,-0.0026823878288269043,0.02078711986541748,-0.00867849588394165,-0.013017058372497559,-0.0005387663841247559,-0.010087251663208008,-0.009315073490142822,-0.0,-0.006042957305908203,0.009278178215026855
2021-02-11,0.008108735084533691,-0.014626741409301758,0.01592099666595459,0.0045882463455200195,0.022668957710266113,0.012733817100524902,-0.003190755844116211,0.022461771965026855,0.03110182285308838,-0.005530953407287598,-0.0,0.00788116455078125,0.04123485088348389
2021-02-12,-0.008834362030029297,0.01955258846282959,-0.009727120399475098,-0.013386845588684082,-0.027551651000976562,-0.01807469129562378,-0.018992722034454346,-0.016168713569641113,-0.019851326942443848,-0.024471700191497803,-0.03564727306365967,-0.002234160900115967,-0.006889522075653076
2021-02-15,-0.11606335639953613,-0.0049010515213012695,0.0019099712371826172,-0.016282260417938232,0.007211804389953613,-0.006402552127838135,-0.013487100601196289,-0.03215432167053223,-0.010258257389068604,0.01425313949584961,0.00324249267578125,-0.009404420852661133,-0.0044193267822265625
2021-02-16,-0.164070725440979,-0.011940836906433105,-0.0021787285804748535,-0.0012170672416687012,-0.0052422285079956055,0.016109585762023926,0.020948171615600586,0.010704994201660156,0.014528036117553711,-0.054525136947631836,0.01939237117767334,0.011754155158996582,0.013265132904052734
2021-02-17,-0.026056408882141113,0.019444942474365234,-0.01582968235015869,-0.007473587989807129,0.010154128074645996,-0.04518437385559082,-0.008207380771636963,-0.004382669925689697,0.004889726638793945,0.014392375946044922,0.010779976844787598,-0.010277032852172852,0.011563420295715332
2021-02-18,0.000686347484588623,0.017288148403167725,-0.052135348320007324,0.03216564655303955,-0.06883835792541504,-0.055365800857543945,0.0548781156539917,0.041452646255493164,0.01203453540802002,-0.0827474594116211,0.018820524215698242,0.024153470993041992,-0.007452964782714844
2021-02-19,0.02344977855682373,0.01948946714401245,0.005271494388580322,-0.007295191287994385,-0.017380952835083008,0.007905066013336182,-0.018786132335662842,-0.043677330017089844,0.015755176544189453,0.05144858360290527,0.012931108474731445,0.024906277656555176,0.0060882568359375
2021-02-22,-0.0006028413772583008,-0.0021108388900756836,0.018018007278442383,-0.022525787353515625,0.01919025182723999,0.01195228099822998,-0.02587836980819702,-0.034990787506103516,-0.027640461921691895,-0.012111663818359375,0.007294774055480957,-0.0012903213500976562,-0.03474533557891846
2021-02-23,0.0239984393119812,0.013340413570404053,-0.03130066394805908,-0.015853583812713623,-0.03400146961212158,-0.016129136085510254,0.02764582633972168,-0.0282442569732666,-0.018516063690185547,-0.05515086650848389,0.010863065719604492,-0.0019379854202270508,0.007679939270019531
2021-02-24,-0.02911520004272461,0.00035572052001953125,-0.008634209632873535,0.009299993515014648,0.0064612627029418945,0.0007215738296508789,0.00399327278137207,-0.0019638538360595703,0.00402987003326416,-0.01282048225402832,-0.008358180522918701,0.001941680908203125,0.01856076717376709
2021-02-25,-0.0004998445510864258,-0.08115315437316895,-0.054734110832214355,0.02558612823486328,-0.0314713716506958,-0.03646206855773926,0.03872716426849365,0.006690263748168945,-0.05654549598693848,-0.047711849212646484,0.02588796615600586,0.02691650390625,0.040415406227111816
2021-02-26,-0.02358114719390869,-0.015637874603271484,0.026807665824890137,0.011310696601867676,-0.0630488395690918,-0.045280396938323975,-0.03647720813751221,-0.0383111834526062,0.03281283378601074,-0.06784379482269287,-0.01173710823059082,-0.013629674911499023,-0.027299463748931885
2021-03-01,-0.025868773460388184,-0.044408440589904785,-0.012383103370666504,-0.04584765434265137,0.020067214965820312,0.02371394634246826,0.03597569465637207,0.004471540451049805,-0.00012946128845214844,0.05483543872833252,0.007719755172729492,-0.01466834545135498,0.007645130157470703
2021-03-02,-0.09296786785125732,-0.004345059394836426,-0.03220164775848389,-0.017292380332946777,0.0022382736206054688,0.012473225593566895,0.018978476524353027,0.04168343544006348,-0.022139668464660645,-0.03024578094482422,0.0023571252822875977,0.021143436431884766,0.001996636390686035
2021-03-03,-0.15401363372802734,-0.007262110710144043,0.006045937538146973,0.021695375442504883,0.015397191047668457,-0.005631864070892334,0.0049533843994140625,0.005050539970397949,0.0021532773971557617,0.0043860673904418945,0.002351522445678711,-0.004648149013519287,0.04563117027282715
2021-03-04,-0.03923046588897705,-0.022702813148498535,0.0053528547286987305,-0.007773280143737793,-0.0178261399269104,-0.014159321784973145,-0.01399850845336914,0.009663701057434082,-0.016544580459594727,-0.011644899845123291,-0.00469207763671875,-0.0014858841896057129,-0.011910438537597656
2021-03-05,-0.016842126846313477,0.060896992683410645,0.0048923492431640625,0.005520343780517578,0.01979970932006836,-0.012208223342895508,0.0,0.0003827810287475586,-0.014860272407531738,0.02012765407562256,0.0,-0.011904776096343994,0.0013500452041625977
2021-03-08,-0.02263164520263672,-0.003673553466796875,-0.011061906814575195,-0.0018249750137329102,0.05027151107788086,-0.0003635287284851074,0.02659475803375244,0.012437820434570312,0.011853575706481934,0.028392672538757324,0.029463768005371094,0.0006455183029174805,0.005681872367858887
2021-03-09,0.016336262226104736,0.01973271369934082,-0.046681225299835205,0.0018216967582702637,-0.03499120473861694,-0.023272693157196045,-0.03700822591781616,-0.020600974559783936,0.02042168378829956,-0.012634515762329102,-0.011448204517364502,-0.005160152912139893,-4.792213439941406e-05
2021-03-10,-0.018807649612426758,-0.0409090518951416,-0.0010201334953308105,0.005931079387664795,-0.009692132472991943,0.013402819633483887,-0.022249162197113037,-0.014473199844360352,0.009194910526275635,-0.0199052095413208,0.019687414169311523,-0.017505943775177002,-0.0041656494140625
2021-03-12,-0.028213143348693848,0.05021834373474121,0.02859330177307129,0.034575045108795166,-0.005872189998626709,0.0018368959426879883,0.0324782133102417,-0.0033288002014160156,-0.03331470489501953,0.005802750587463379,-0.0011357665061950684,-0.018257856369018555,-0.02029043436050415
2021-03-15,-0.01504063606262207,0.05188828706741333,0.006949663162231445,0.0234529972076416,-0.023859143257141113,0.0022001266479492188,-0.0038068294525146484,-0.0070726871490478516,-0.012623071670532227,-0.00625002384185791,-0.0045479536056518555,-0.010755062103271484,-0.013447225093841553
2021-03-16,0.002002418041229248,0.0025978684425354004,-0.015282273292541504,-0.003488898277282715,-0.002135753631591797,-0.0010976791381835938,-0.007642805576324463,0.004353046417236328,0.028487324714660645,0.006289362907409668,0.00628209114074707,-0.011098504066467285,-0.00392991304397583
2021-03-17,0.004815399646759033,0.02969270944595337,-0.050813496112823486,0.022719919681549072,-0.036147475242614746,-0.02747255563735962,-0.028982579708099365,-0.013002395629882812,0.03639042377471924,-0.04999995231628418,-0.021566390991210938,-0.03366929292678833,-0.021525323390960693
2021-03-18,-0.0010752677917480469,-0.030959129333496094,-0.012130796909332275,0.01447838544845581,-0.025289833545684814,-0.010922789573669434,-0.01189732551574707,-0.027944087982177734,0.024230539798736572,0.008097171783447266,-0.01450115442276001,-0.014221370220184326,-0.022560179233551025
2021-03-19,0.007518768310546875,-0.04218029975891113,0.014949321746826172,0.03265613317489624,0.027211785316467285,0.005712151527404785,0.020067572593688965,-0.04969203472137451,0.00429534912109375,0.00301206111907959,-0.06121242046356201,-0.006491899490356445,0.03634464740753174
2021-03-22,-0.10808980464935303,0.017988085746765137,0.0155181884765625,-0.00208282470703125,-0.01330709457397461,0.008708834648132324,0.004969954490661621,-0.00782477855682373,-0.00979602336883545,-0.009009003639221191,-0.006269574165344238,0.020571112632751465,-0.009422540664672852
2021-03-23,-0.09284591674804688,0.027137041091918945,-0.00699305534362793,-0.019745349884033203,-0.018606483936309814,0.012012004852294922,-0.03132086992263794,-0.008152246475219727,-0.032796382904052734,-0.02222222089767456,-0.006309151649475098,0.003319859504699707,0.012157320976257324
2021-03-24,-0.023571491241455078,0.019177138805389404,-0.01564943790435791,-0.002547740936279297,-0.026720941066741943,-0.031157255172729492,-0.029355406761169434,0.008471369743347168,-0.00043082237243652344,-0.022210776805877686,-0.013968229293823242,-0.020326197147369385,-0.01924818754196167
2021-03-25,0.03765350580215454,-0.02292931079864502,-0.0270269513130188,-0.010249853134155273,-0.024578332901000977,-0.0264165997505188,-0.051062941551208496,0.02446603775024414,0.017098069190979004,-0.025356590747833252,0.006439208984375,-0.01809406280517578,-0.02731233835220337
2021-03-26,-0.02687835693359375,-0.04118156433105469,0.013344168663024902,-0.002431631088256836,0.03136301040649414,0.012976765632629395,0.0,-0.002388596534729004,0.003987312316894531,0.00270998477935791,0.007677555084228516,0.014987707138061523,0.0016331672668457031
2021-03-30,-0.006019115447998047,0.034546077251434326,0.016393423080444336,-0.014638185501098633,0.004938364028930664,0.001164555549621582,0.009930729866027832,-0.014297008514404297,-0.02133655548095703,0.011351346969604492,-0.04952383041381836,0.012829780578613281,0.017409086227416992
2021-03-31,-0.05527496337890625,-0.03249776363372803,-0.006610274314880371,-0.0040395259857177734,0.025345921516418457,0.022877097129821777,0.004344820976257324,-0.003132462501525879,-0.0070209503173828125,-0.012292921543121338,0.009679436683654785,-0.010277211666107178,-0.012923896312713623
2021-04-01,-0.10340702533721924,-0.008705854415893555,0.022890567779541016,0.004023313522338867,0.036574602127075195,0.015162944793701172,0.018442630767822266,-0.02732241153717041,-0.010736227035522461,0.021103858947753906,-0.009773969650268555,0.014006257057189941,0.009322285652160645
2021-04-05,-0.09744024276733398,0.043651461601257324,-0.022378265857696533,-0.004451751708984375,-0.03990751504898071,-0.011202394962310791,-0.03375804424285889,0.04103350639343262,0.039737582206726074,-0.009009003639221191,0.013309121131896973,-0.001667022705078125,-0.014425039291381836
2021-04-06,-0.036211371421813965,0.02464425563812256,0.0,0.014363110065460205,-0.002914726734161377,0.00075531005859375,0.005321621894836426,0.001188516616821289,0.03591734170913696,0.005347609519958496,-0.0030655860900878906,0.0033396482467651367,-0.004211843013763428
2021-04-07,-0.08502262830734253,-0.038789987564086914,0.00026607513427734375,0.000832676887512207,0.032663941383361816,0.0026415586471557617,0.02301490306854248,-0.0019832849502563477,-0.026558756828308105,0.005851149559020996,-0.0103912353515625,0.011887788772583008,0.00935816764831543
2021-04-08,-0.09999090433120728,0.0017129182815551758,0.005854249000549316,-0.006917238235473633,-0.001107633113861084,0.013172745704650879,0.0031496286392211914,-0.04077589511871338,-0.007480978965759277,-0.009518802165985107,0.014519095420837402,-0.0023496150970458984,0.001257181167602539
2021-04-09,0.0999748706817627,-0.011496305465698242,-0.012433886528015137,-0.005628228187561035,0.0022177696228027344,-0.022288262844085693,-0.017044126987457275,-0.03176116943359375,-0.004110574722290039,0.002135634422302246,0.015960633754730225,-0.009420633316040039,-0.011613905429840088
2021-04-12,-0.09363418817520142,0.0220525860786438,-0.053308308124542236,0.018436193466186523,-0.046471595764160156,-0.03761398792266846,-0.0682181715965271,0.04774200916290283,0.04846382141113281,-0.055940330028533936,-0.06300687789916992,-0.02781742811203003,-0.035780489444732666
2021-04-13,0.04912900924682617,0.006591498851776123,0.013865232467651367,0.0020124316215515137,0.049381136894226074,0.02605605125427246,0.02766895294189453,-0.010840177536010742,-0.012351393699645996,-0.041760802268981934,0.02663111686706543,0.01418447494506836,0.010814070701599121
2021-04-15,0.07185482978820801,0.0012223124504089355,-0.011442840099334717,0.0032767653465270996,0.013146519660949707,0.028087854385375977,0.019537806510925293,-0.00536191463470459,0.009641706943511963,-0.028710603713989258,0.033074021339416504,-0.012539207935333252,0.006462454795837402
2021-04-16,0.018993258476257324,-0.025174856185913086,0.02315068244934082,-0.007755279541015625,-0.007882654666900635,-0.002994060516357422,0.0009348392486572266,0.018666625022888184,-0.018456101417541504,-0.021063685417175293,-0.005649745464324951,-0.007081806659698486,-0.006259143352508545
2021-04-19,0.008019804954528809,0.03223061561584473,-0.012417197227478027,0.012128829956054688,-0.02395796775817871,-0.025150060653686523,-0.02988564968109131,0.033191025257110596,0.019933879375457764,0.039711177349090576,-0.017045438289642334,-0.02508610486984253,-0.01574629545211792
2021-04-20,0.008917570114135742,-0.01022028923034668,-0.0016764402389526367,0.005419135093688965,-0.015779614448547363,0.006545901298522949,-0.004572749137878418,-0.012246489524841309,0.0048999786376953125,0.0021482110023498535,0.001284480094909668,0.02245199680328369,-0.0002758502960205078
2021-04-22,0.008145570755004883,-0.005232810974121094,0.0265883207321167,0.012770295143127441,-0.011324584484100342,0.003825545310974121,0.0,-0.015470027923583984,-0.014168262481689453,-0.002691030502319336,-0.005772888660430908,-0.04539847373962402,0.002759099006652832
2021-04-23,-0.007650017738342285,-0.010758280754089355,0.011450409889221191,-0.028026938438415527,-0.028828799724578857,0.001143336296081543,0.0033849477767944336,0.004101574420928955,-0.015802502632141113,0.006978034973144531,-0.002580583095550537,-0.023129582405090332,-0.0011005997657775879
2021-04-26,-0.0006062984466552734,0.018025755882263184,-0.010242581367492676,-0.021642446517944336,0.004903316497802734,-0.005709946155548096,0.0024095773696899414,0.002157270908355713,0.0055463314056396484,-0.0037838220596313477,0.0006468296051025391,-0.012225985527038574,0.017628908157348633
2021-04-27,-0.0015600919723510742,-0.01678311824798584,0.0038126707077026367,-0.022333502769470215,0.01305544376373291,0.0019142627716064453,0.010096192359924316,-0.0015723705291748047,-0.004806399345397949,-0.004307985305786133,0.0,-0.005469560623168945,0.026201844215393066
2021-04-28,0.002560734748840332,-0.07754480838775635,-0.0073250532150268555,0.012850344181060791,0.014449357986450195,-0.00764232873916626,0.008091330528259277,-0.00196230411529541,-0.0014891624450683594,-0.007506728172302246,0.023917198181152344,0.009292840957641602,0.00432586669921875
2021-04-29,-0.006277322769165039,0.01531839370727539,0.0051926374435424805,-0.0011390447616577148,0.011420488357543945,-0.008471369743347168,-0.008026421070098877,0.01057577133178711,0.010904312133789062,-0.0015965700149536133,0.005681872367858887,0.009380042552947998,0.01339423656463623
2021-04-30,0.0026575326919555664,0.014098107814788818,0.005709648132324219,0.006663978099822998,0.01903069019317627,0.02524268627166748,0.029509663581848145,-0.0075217485427856445,-0.025329113006591797,-0.038788557052612305,0.02197110652923584,-0.021708965301513672,-0.014564931392669678
2021-05-03,0.07512485980987549,-0.028270840644836426,-0.014598548412322998,0.004417896270751953,0.0022410154342651367,0.005681872367858887,0.008784174919128418,0.01611006259918213,-0.011152148246765137,0.004603564739227295,-0.015356242656707764,0.009493649005889893,-0.017778217792510986
2021-05-04,0.0126495361328125,-0.03308820724487305,0.013717412948608398,0.0015613436698913574,0.048819899559020996,0.027495265007019043,0.0,-0.004792332649230957,-0.0093153715133667,-0.01798558235168457,0.006862044334411621,-0.00205385684967041,-0.02168792486190796
2021-05-05,0.009498357772827148,-0.012068629264831543,0.008389711380004883,0.008806586265563965,0.009356856346130371,0.0157625675201416,0.010999083518981934,-0.010532617568969727,0.0024380087852478027,-0.013629436492919922,0.008674144744873047,-0.018674492835998535,0.0018062591552734375
2021-05-06,0.027119994163513184,0.005503714084625244,0.022812724113464355,-0.0121232271194458,0.04447317123413086,0.0028870105743408203,0.006346344947814941,-0.022222161293029785,-0.0029675960540771484,0.007470130920410156,-0.0030712485313415527,-0.004024147987365723,0.005682468414306641
2021-05-07,0.008660197257995605,-0.010607242584228516,0.02230381965637207,-0.002379179000854492,-0.006403744220733643,0.028427481651306152,0.029954910278320312,0.009041965007781982,-0.0077016353607177734,-0.010536789894104004,0.006777524948120117,0.0028946995735168457,0.00043463706970214844
2021-05-10,0.003739476203918457,-0.00836634635925293,0.0251539945602417,-0.0027827024459838867,0.030755281448364258,0.01609516143798828,-0.06122899055480957,-0.0029120445251464844,-0.0037997961044311523,-0.02234363555908203,0.03365969657897949,0.006922662258148193,-0.0029325485229492188
2021-05-11,0.014712691307067871,-0.019007325172424316,0.019279003143310547,-0.003917813301086426,0.05024123191833496,0.047176361083984375,-0.05955076217651367,-0.017421603202819824,-0.0032262802124023438,-0.03642547130584717,0.021906495094299316,-0.019114017486572266,0.0036492347717285156
2021-05-12,-0.015810668468475342,0.00784599781036377,-0.02947676181793213,-0.029674768447875977,-0.005953609943389893,-0.014140129089355469,0.010890662670135498,0.015981674194335938,-0.02799934148788452,0.025304555892944336,0.005214333534240723,-0.007943511009216309,-0.010365188121795654
2021-05-14,-0.09162890911102295,0.029394209384918213,-0.016198396682739258,-0.0007895231246948242,-0.054428935050964355,-0.034022629261016846,0.022414445877075195,0.01082754135131836,-0.035466909408569336,0.018269240856170654,0.001729130744934082,0.021672487258911133,0.012612462043762207
2021-05-17,-0.08163607120513916,-0.0076863765716552734,0.003344416618347168,0.0034714341163635254,0.0031114816665649414,-0.011395096778869629,-0.012469768524169922,-0.0035184621810913086,0.012531399726867676,-0.011263489723205566,0.010356783866882324,-0.0004475116729736328,0.011913776397705078
2021-05-18,-0.038124680519104004,-0.061174631118774414,0.011282086372375488,0.004275202751159668,-0.002658665180206299,-0.05937826633453369,-0.044298768043518066,0.0009738802909851074,0.01851940155029297,-0.016464829444885254,0.01879262924194336,-0.002683877944946289,0.01407468318939209
2021-05-19,0.010114133358001709,0.04327195882797241,-0.004563868045806885,0.008109986782073975,0.0,-0.0336301326751709,-0.0197831392288208,-0.004094362258911133,-0.005499064922332764,0.010481178760528564,0.0027948617935180664,-0.0006692409515380859,0.004591226577758789
2021-05-20,-0.007276773452758789,0.015627384185791016,0.019358158111572266,0.006172299385070801,-0.03732091188430786,0.026475250720977783,0.02909904718399048,-0.024271845817565918,-0.0048160552978515625,0.027443408966064453,-0.011148273944854736,0.028310298919677734,-0.0058310627937316895
2021-05-21,-0.0021709203720092773,-0.014043688774108887,0.01449275016784668,-0.01564764976501465,-0.011884152889251709,-0.0422673225402832,0.004803061485290527,-0.0001990199089050293,0.013442635536193848,-0.008910894393920898,-0.01071023941040039,-0.00045883655548095703,0.008612990379333496
2021-05-24,0.01083141565322876,-0.051633238792419434,0.02709364891052246,-0.042487382888793945,0.0436711311340332,-0.033637166023254395,-0.0623551607131958,0.01074838638305664,0.00941777229309082,-0.002453327178955078,-0.01139599084854126,-0.0057326555252075195,-0.008434653282165527
2021-05-25,0.022504091262817383,-0.023189306259155273,0.0031174421310424805,0.017825961112976074,0.02349531650543213,-0.01429438591003418,-0.010539770126342773,0.0011816024780273438,-0.0024967193603515625,-0.01370537281036377,0.030547618865966797,0.007067978382110596,-0.011359453201293945
2021-05-26,-0.025648951530456543,0.02881920337677002,-0.004542171955108643,-0.0075234174728393555,-0.02033233642578125,0.015292346477508545,-0.018701672554016113,0.0015735626220703125,-0.04544854164123535,0.010622918605804443,0.0,0.007118284702301025,0.0035271644592285156
2021-05-27,-0.02003610134124756,-0.03601264953613281,-0.009846329689025879,-0.023941516876220703,0.004574775695800781,0.015225350856781006,0.019240975379943848,0.01590728759765625,-0.01705300807952881,0.01366513967514038,-0.006152153015136719,-0.021045327186584473,0.003088712692260742
2021-05-28,0.009230554103851318,0.055339276790618896,0.008246541023254395,0.016013741493225098,0.001110672950744629,-0.0009276866912841797,0.004319667816162109,-0.007152557373046875,0.02940446138381958,-0.004948019981384277,-0.002250969409942627,-0.005435943603515625,-0.060097694396972656
2021-05-31,-0.005329132080078125,-0.057403564453125,0.0012028217315673828,0.0025978684425354004,0.04859650135040283,0.004016101360321045,0.006869137287139893,-0.029595017433166504,-0.013658404350280762,-0.011324405670166016,-0.003384113311767578,-0.0027033090591430664,-0.03125
2021-06-01,-0.06802093982696533,0.009326279163360596,-0.0028832554817199707,0.014171838760375977,0.0030684471130371094,-0.007754325866699219,-0.006916642189025879,0.0075643062591552734,0.006884157657623291,-0.03505361080169678,0.027164697647094727,0.0013480186462402344,-0.003982067108154297
2021-06-02,-0.09666109085083008,-0.052690744400024414,0.008433699607849121,0.003807663917541504,-0.010337591171264648,-0.027392983436584473,-0.0112074613571167,-0.012004494667053223,-0.002789735794067383,-0.0014110803604125977,0.013223052024841309,0.0026996731758117676,-0.014897942543029785
2021-06-03,-0.02566707134246826,-0.0004004240036010742,-0.001433730125427246,-0.01560068130493164,0.014389276504516602,0.002995789051055908,-0.017876267433166504,0.00884944200515747,-0.0008851289749145508,-0.03992486000061035,0.013050675392150879,-0.027295351028442383,-0.0038127899169921875
2021-06-04,-0.01055288314819336,0.021080732345581055,0.009571671485900879,-0.05299544334411621,0.006409645080566406,-0.04356968402862549,-0.024060487747192383,0.00417935848236084,0.004379749298095703,-0.024390339851379395,0.01180887222290039,0.008124709129333496,0.00864112377166748
2021-06-07,0.0064427852630615234,-0.028622031211853027,0.006873607635498047,-0.08679795265197754,0.04144918918609619,-0.00863802433013916,-0.0008574724197387695,-0.008012175559997559,-0.0025801658630371094,0.002645552158355713,0.012201666831970215,-0.01771092414855957,-0.016858220100402832
2021-06-08,-0.008543610572814941,0.038293421268463135,0.013182640075683594,0.01919466257095337,-0.0037093162536621094,-0.0042819976806640625,-0.02193284034729004,-0.0026494264602661133,-0.0002530813217163086,0.003094613552093506,-0.010482192039489746,0.0050032734870910645,0.005746006965637207
2021-06-09,0.03208702802658081,-0.015706896781921387,-0.0053438544273376465,0.021280944347381592,-0.0338096022605896,0.007106304168701172,0.018276333808898926,-0.00377500057220459,0.002530694007873535,0.005764961242675781,-0.002648293972015381,-0.0797988772392273,0.017906248569488525
2021-06-10,-0.00368344783782959,-0.02007591724395752,-0.0028030872344970703,-0.007131457328796387,0.007290244102478027,0.00715714693069458,-0.010589241981506348,-0.010906338691711426,-0.005243420600891113,0.0008920431137084961,-0.004248559474945068,0.018769264221191406,-0.003665924072265625
2021-06-11,-0.020168662071228027,-0.012632966041564941,0.0,-0.008052825927734375,0.0013440847396850586,0.012687385082244873,0.008957207202911377,0.0024181604385375977,-0.03217935562133789,0.003125011920928955,0.011733293533325195,-0.0034981369972229004,-0.013840794563293457
2021-06-14,0.049993813037872314,0.041365742683410645,0.00023424625396728516,-0.0026857852935791016,-0.0038203001022338867,-0.012850403785705566,0.003922224044799805,0.01025545597076416,0.004279077053070068,-0.009852170944213867,0.007380127906799316,0.004212498664855957,-0.014315485954284668
2021-06-15,0.049970924854278564,0.0026027560234069824,-0.003981292247772217,0.012980759143829346,-0.0009328722953796387,0.00028830766677856445,-0.010443449020385742,-0.015260100364685059,-0.036139607429504395,-0.004878044128417969,-0.039769649505615234,0.0016312599182128906,-0.002289891242980957
2021-06-16,0.04997611045837402,0.0035709142684936523,-0.0016458630561828613,-0.014821410179138184,-0.007780909538269043,-0.02249777317047119,-0.001694321632385254,0.008907139301300049,0.01346975564956665,-0.010591268539428711,0.010568678379058838,-0.01140064001083374,0.017065227031707764
2021-06-17,0.04998743534088135,0.011716067790985107,-0.009185075759887695,0.014947831630706787,-0.008364737033843994,-0.01692521572113037,0.013700902462005615,-0.003557443618774414,0.0032032132148742676,0.012663722038269043,0.009155690670013428,-0.008943259716033936,-0.0018500089645385742
2021-06-18,0.04997551441192627,0.011157572269439697,-0.009745657444000244,0.004106879234313965,-0.035849809646606445,-0.04771155118942261,0.025210082530975342,0.007462680339813232,-0.04543083906173706,-0.038920819759368896,-0.016427040100097656,-0.011161267757415771,-0.004498124122619629
2021-06-21,-0.04998219013214111,-0.00874471664428711,0.005520820617675781,0.0016775131225585938,0.0015310049057006836,0.025342345237731934,-0.004222393035888672,-0.003195524215698242,0.0029456615447998047,0.006442666053771973,-0.0075757503509521484,0.009366035461425781,-0.00523221492767334
2021-06-22,-0.049986839294433594,-0.001957416534423828,-0.0028645992279052734,-0.00035011768341064453,0.0004367828369140625,0.00795447826385498,-0.013314604759216309,0.010118067264556885,-0.004741072654724121,0.008687734603881836,-0.011528849601745605,0.00951695442199707,0.0051580071449279785
2021-06-23,0.04998558759689331,0.02400219440460205,-0.008858084678649902,0.008468687534332275,-0.013206720352172852,-0.016065359115600586,0.0107191801071167,0.018360793590545654,-0.015007853507995605,0.01087939739227295,-0.008424162864685059,0.004006624221801758,0.009144127368927002
2021-06-24,0.05014991760253906,0.03331434726715088,-0.007970988750457764,0.00967031717300415,-0.007853209972381592,-0.017759978771209717,0.0159035325050354,0.009255647659301758,-0.02585059404373169,-0.011210739612579346,-0.024569988250732422,-0.01408451795578003,0.02354675531387329
2021-06-25,0.049961984157562256,-0.06936848163604736,0.008765459060668945,-0.008695602416992188,0.005797147750854492,0.009623885154724121,0.0005328059196472168,0.0023355484008789062,-0.009929299354553223,-0.008616745471954346,-0.0023981332778930664,0.0019047260284423828,0.022750496864318848
2021-06-28,0.04998326301574707,0.03471642732620239,-0.006034255027770996,0.011023163795471191,0.0021059513092041016,-0.0025997161865234375,0.006041228771209717,-0.040967583656311035,0.02169954776763916,0.011893868446350098,-0.033971309661865234,-0.0016634464263916016,0.00877368450164795
2021-06-29,0.04995793104171753,0.012036144733428955,-0.0024283528327941895,0.0010002851486206055,-0.00929105281829834,-0.017665743827819824,0.030568420886993408,-0.030734658241271973,0.00729680061340332,-0.02441227436065674,-0.04766315221786499,-0.008807480335235596,-0.0008549690246582031
2021-06-30,0.04997670650482178,0.0026105642318725586,0.004381775856018066,0.005221068859100342,-0.016746699810028076,0.0023584365844726562,0.002765953540802002,-0.014181852340698242,-0.019920647144317627,-0.013901770114898682,0.01846456527709961,-0.00024014711380004883,-0.01090395450592041
2021-07-01,0.04995828866958618,-0.04042458534240723,-0.01187586784362793,0.005967378616333008,0.023844599723815918,0.011470556259155273,0.004253029823303223,-0.022947311401367188,0.000659942626953125,0.009398460388183594,0.03482818603515625,-0.010809540748596191,0.005964815616607666
2021-07-02,0.049953579902648926,0.01034247875213623,0.0,-0.004628896713256836,-0.011866450309753418,0.0066879987716674805,-0.01058495044708252,0.012267768383026123,0.0037810802459716797,-0.003258824348449707,0.04011070728302002,0.0002428293228149414,-0.014801502227783203
2021-07-05,0.04997283220291138,0.013133704662322998,-0.007113158702850342,-0.025846004486083984,0.006285190582275391,0.024263381958007812,-0.004410147666931152,-0.00816190242767334,0.011782169342041016,0.021485209465026855,0.018173694610595703,0.002427816390991211,-0.009953737258911133
2021-07-06,-0.04997146129608154,0.01388096809387207,-0.0037055611610412598,-0.005474090576171875,-0.01249164342880249,0.0005639791488647461,0.00530552864074707,0.009503722190856934,-0.0016016960144042969,0.0041152238845825195,0.010448455810546875,0.0014531612396240234,0.01180720329284668
2021-07-07,0.018950164318084717,-0.01973593235015869,0.005702972412109375,0.005793273448944092,-0.003162384033203125,0.006482601165771484,0.0053337812423706055,0.0028429031372070312,0.010492920875549316,-0.013205885887145996,-0.006893634796142578,0.0026602745056152344,0.0069615840911865234
2021-07-08,-0.023479104042053223,-0.05236935615539551,-0.005177557468414307,0.006107807159423828,-0.00849759578704834,-0.08176982402801514,0.004253029823303223,-0.03136134147644043,0.0,-0.023534774780273438,-0.0008676648139953613,-0.004823923110961914,0.00830310583114624
2021-07-09,0.00520634651184082,-0.013116955757141113,-0.0029740333557128906,0.009253442287445068,-0.011198759078979492,-0.019518136978149414,0.0027854442596435547,0.01520383358001709,0.009139657020568848,0.007088899612426758,0.004342198371887207,0.0009694099426269531,0.010227620601654053
2021-07-12,0.008559167385101318,0.024826526641845703,-0.013671398162841797,0.013189733028411865,-0.0026580095291137695,-0.028615891933441162,0.0016759634017944336,0.0007017850875854492,0.003359079360961914,0.005631089210510254,-0.025075674057006836,-0.004358351230621338,-0.006281018257141113
2021-07-13,-0.015836358070373535,0.057623863220214844,-0.001764059066772461,-0.010187149047851562,0.014600157737731934,0.0012809038162231445,-0.007274746894836426,0.005617916584014893,0.005466818809509277,0.015398979187011719,-0.00044345855712890625,-0.0004864335060119629,-0.007449984550476074
2021-07-14,0.04595649242401123,0.004792988300323486,-0.0035344362258911133,-0.0034329891204833984,-0.006966650485992432,-0.008634507656097412,0.007962942123413086,0.010946333408355713,-0.013951003551483154,0.0036764144897460938,-0.0190771222114563,-0.006082713603973389,0.006495475769042969
2021-07-15,-0.013219833374023438,0.023350834846496582,-0.004053711891174316,0.007555246353149414,-0.024726808071136475,-0.012580633163452148,0.009893596172332764,-0.0,-0.007693946361541748,-0.03250908851623535,-0.027137041091918945,-0.0026928186416625977,0.0017601847648620605
2021-07-16,-0.00408780574798584,0.04184103012084961,0.0022895336151123047,-0.0006463527679443359,0.003301858901977539,0.004246950149536133,0.0016968250274658203,0.013566672801971436,-0.006892085075378418,-0.0009465217590332031,-0.0288238525390625,0.0031909942626953125,-0.01445913314819336
2021-07-19,0.04634428024291992,0.0023393630981445312,-0.013959407806396484,-0.0007176399230957031,-0.003291010856628418,0.01659083366394043,0.0018886327743530273,0.005247831344604492,-0.0034699440002441406,-0.018948376178741455,-0.005265653133392334,0.0017126798629760742,0.006406426429748535
2021-07-20,0.04596489667892456,-0.00046896934509277344,-0.0,0.01391369104385376,-0.014858543872833252,0.017279982566833496,0.004351913928985596,0.020920515060424805,-0.01475512981414795,-0.016900062561035156,-0.002406179904937744,-0.014167070388793945,0.0024490952491760254
2021-07-22,-0.04952800273895264,-0.0009374618530273438,-0.01602005958557129,-0.009164214134216309,0.01065361499786377,0.0009437799453735352,-0.013493061065673828,-0.0024154186248779297,0.013650774955749512,0.02554023265838623,0.0381089448928833,0.004955410957336426,-0.012826919555664062
2021-07-23,-0.02861809730529785,-0.003122091293334961,-0.0012317895889282227,-0.006991028785705566,-0.010067522525787354,0.004085421562194824,0.009000599384307861,0.002409636974334717,-0.0026149749755859375,-0.00191575288772583,-0.0018587112426757812,-0.0017258524894714355,0.007024884223937988
2021-07-26,-0.030490636825561523,0.01556175947189331,0.012303173542022705,0.0020756125450134277,-0.007776975631713867,-0.01564943790435791,0.016083240509033203,-0.016350746154785156,-0.0045008063316345215,-0.006717801094055176,0.0004655122756958008,-0.0034576058387756348,0.01375049352645874
2021-07-27,-0.02600693702697754,0.018653154373168945,0.005979061126708984,0.01362687349319458,-0.017484605312347412,-0.018124043941497803,0.008269250392913818,0.0010968446731567383,-0.0022825002670288086,0.000966191291809082,-0.0009306669235229492,-0.009169816970825195,0.01050710678100586
2021-07-28,-0.0025240182876586914,0.015141665935516357,-0.00025069713592529297,0.007707417011260986,-0.009204685688018799,-0.0178108811378479,-0.0009695291519165039,-0.00018298625946044922,-0.015178203582763672,-0.002413153648376465,0.010246872901916504,0.0005003213882446289,0.008576691150665283
2021-07-29,0.011999130249023438,-0.048576951026916504,0.010273158550262451,-0.0024913549423217773,-0.0028490424156188965,-0.005604922771453857,0.0019372105598449707,-0.0020127296447753906,-0.009336590766906738,0.0033864974975585938,0.005071520805358887,-0.009499967098236084,-0.007826924324035645
2021-07-30,0.03215140104293823,0.0028076767921447754,0.008354425430297852,0.016738474369049072,0.01627326011657715,-0.010610103607177734,0.009122669696807861,-0.018626809120178223,-0.05280470848083496,0.004821658134460449,0.02064216136932373,-0.01539623737335205,0.008788049221038818
2021-08-02,0.004705607891082764,0.03988736867904663,-0.029103875160217285,0.0017841458320617676,-0.025180339813232422,-0.050603270530700684,-0.029774785041809082,0.0005378127098083496,-0.01580512523651123,0.015834927558898926,-0.008089900016784668,-0.006960034370422363,-0.018298983573913574
2021-08-03,-0.0153656005859375,0.02052783966064453,-0.012899994850158691,-0.011245131492614746,-0.003338456153869629,-0.007655501365661621,-0.007228493690490723,0.002511262893676758,-0.0026563405990600586,0.00661313533782959,0.002718687057495117,-0.0046901702880859375,-0.007339954376220703
2021-08-04,-0.0010532140731811523,0.03559553623199463,0.013960301876068115,-0.0017675161361694336,0.006773591041564941,0.009813249111175537,0.010009467601776123,0.018881499767303467,0.01248997449874878,-0.0046926140785217285,-0.002259373664855957,-0.023832976818084717,-0.0076885223388671875
2021-08-05,-0.004097700119018555,0.0291479229927063,0.00844508409500122,0.000735163688659668,-0.003469705581665039,0.03037083148956299,0.016215145587921143,0.01099705696105957,-0.002001523971557617,-0.004243314266204834,-0.01675724983215332,0.008557796478271484,-0.014511585235595703
2021-08-06,-0.02018415927886963,0.006573140621185303,-0.00450897216796875,-0.00823962688446045,-0.04340052604675293,-0.0,-0.02385103702545166,0.008154094219207764,0.006460070610046387,-0.0018939375877380371,0.027637004852294922,-0.005739986896514893,0.021185576915740967
2021-08-09,0.008649110794067383,0.00912022590637207,0.0069825053215026855,0.0028456449508666992,0.02079761028289795,0.012528836727142334,0.01799243688583374,0.01775038242340088,0.022971272468566895,-0.013757169246673584,-0.01075756549835205,-0.01280122995376587,0.00567471981048584
2021-08-10,0.033316969871520996,0.014618277549743652,0.01833254098892212,0.013171374797821045,0.007118701934814453,0.017696142196655273,0.0266152024269104,0.00684809684753418,0.014316976070404053,-0.0014429688453674316,-0.028998613357543945,0.0015255212783813477,-0.005252480506896973
2021-08-11,-0.01545572280883789,0.03846156597137451,-0.012791037559509277,0.018018722534179688,-0.01704275608062744,-0.004418730735778809,-0.030315041542053223,0.00038295984268188477,0.0069293975830078125,0.018786072731018066,0.01726555824279785,0.0027925968170166016,-0.013967037200927734
2021-08-12,-0.00877678394317627,-0.07923805713653564,0.004293978214263916,-0.0007551908493041992,-0.025309205055236816,0.01624363660812378,0.006346166133880615,-0.02816617488861084,-0.025897979736328125,-0.0066193342208862305,0.005963325500488281,0.0,0.003171086311340332
2021-08-13,-0.010132193565368652,0.007765531539916992,-0.015474319458007812,0.009507238864898682,0.015667259693145752,0.000688016414642334,-0.006386756896972656,0.002608954906463623,0.004926800727844238,-0.0009520053863525391,0.01139986515045166,0.007341742515563965,-0.016602039337158203
2021-08-16,-0.011829495429992676,-0.0012451410293579102,-0.02123403549194336,-0.006627559661865234,-0.00045800209045410156,-0.011703968048095703,-0.03096151351928711,-0.0072869062423706055,0.012881815433502197,-0.0052405595779418945,-0.01983773708343506,-0.006031632423400879,-0.013006091117858887
2021-08-17,-0.04859650135040283,0.010836780071258545,-0.002201676368713379,0.018389523029327393,0.010644376277923584,0.018373548984527588,0.017534077167510986,0.007790684700012207,-0.0002663135528564453,-0.014367818832397461,0.02345907688140869,-0.04247784614562988,0.004247546195983887
2021-08-18,-0.04999220371246338,0.01885777711868286,0.0031731128692626953,0.011641442775726318,0.010411858558654785,-0.0010398626327514648,-0.006265401840209961,0.01271277666091919,8.875131607055664e-05,-0.005830883979797363,-0.01977527141571045,-0.0,-0.003877878189086914
2021-08-20,-0.04996085166931152,0.00237959623336792,0.019098877906799316,0.011700451374053955,0.03811085224151611,0.02943211793899536,0.032264113426208496,0.01174008846282959,0.024586200714111328,-0.026392996311187744,0.01696467399597168,-0.014552474021911621,0.011250615119934082
2021-08-23,-0.04996037483215332,0.0064220428466796875,0.007988035678863525,0.020757675170898438,-0.0034029483795166016,0.007491886615753174,0.006628990173339844,-0.001916050910949707,0.01360386610031128,0.013554215431213379,0.010820508003234863,0.005259335041046143,-0.006592750549316406
2021-08-24,-0.0499800443649292,-0.0053555965423583984,-0.011071920394897461,-0.019585728645324707,-0.0351259708404541,-0.01941049098968506,-0.03631007671356201,-0.0036334991455078125,-0.032564640045166016,0.013373017311096191,0.0173952579498291,-0.012256741523742676,-0.009848713874816895
2021-08-25,-0.04996824264526367,0.009919226169586182,-0.009955167770385742,-0.02418971061706543,0.0038614869117736816,-0.03702402114868164,-0.0028409957885742188,-0.0,-0.00486910343170166,0.02199411392211914,0.028934597969055176,0.0016619563102722168,-0.008647561073303223
2021-08-26,-0.049965858459472656,0.0005565881729125977,-0.013799905776977539,-0.0138932466506958,0.0164453387260437,0.0102006196975708,0.006232321262359619,0.0007621049880981445,0.005956828594207764,-0.0009565353393554688,0.020451664924621582,0.0021402835845947266,-0.01262199878692627
2021-08-27,-0.012884378433227539,-0.0016705989837646484,-0.009966015815734863,0.011114537715911865,-0.006090998649597168,-0.004465818405151367,-0.004370927810668945,-0.0007627010345458984,-0.012387633323669434,0.009095311164855957,-0.01711905002593994,-0.0011916160583496094,0.0013170242309570312
2021-08-30,-0.04747486114501953,0.0044476985931396484,-0.0031287670135498047,0.004080057144165039,-0.01875591278076172,-0.013337850570678711,-0.016083240509033203,-0.013529062271118164,-0.00437319278717041,-0.03036046028137207,-0.014018654823303223,-0.01071178913116455,-0.019216299057006836
2021-08-31,-0.04994940757751465,0.008749067783355713,0.0023992061614990234,-0.006724953651428223,-0.0011652708053588867,-0.031049609184265137,-0.04171323776245117,-0.026132702827453613,-0.008620381355285645,-0.003222823143005371,-0.04566991329193115,0.011775791645050049,0.0053604841232299805
2021-09-01,-0.04017210006713867,0.013708889484405518,-0.012024998664855957,0.0003072023391723633,0.009776473045349121,-0.0,0.0008937716484069824,-0.006412625312805176,-0.002921581268310547,0.0073427557945251465,0.014009058475494385,-0.0007148981094360352,-0.003995537757873535
2021-09-02,0.02074986696243286,0.008948981761932373,-0.006178736686706543,-0.004838705062866211,-0.002233147621154785,-0.0003273487091064453,0.006799101829528809,-0.01656663417816162,-0.027217388153076172,0.008321762084960938,0.001253664493560791,0.002857804298400879,-0.0120314359664917
2021-09-03,0.001419365406036377,0.004226744174957275,-0.025035500526428223,-0.01077735424041748,-0.01641845703125,-0.03926706314086914,-0.033327341079711914,0.00035816431045532227,0.006687581539154053,-0.03729605674743652,-0.003765702247619629,-0.011702895164489746,-0.041015028953552246
2021-09-06,-0.04937732219696045,0.008489251136779785,0.0011520981788635254,0.0021930336952209473,0.0032306313514709473,0.02455925941467285,0.01656210422515869,-0.023647427558898926,-0.012101531028747559,0.012134790420532227,0.020842015743255615,-0.0033049583435058594,-0.015548944473266602
2021-09-07,-0.0499839186668396,0.014594316482543945,0.01868516206741333,0.005911350250244141,0.01944667100906372,0.010652005672454834,-0.0026590824127197266,0.011900663375854492,0.005599558353424072,0.013648748397827148,-0.024265646934509277,-0.003058791160583496,-0.0062713623046875
2021-09-08,0.04811692237854004,-0.025473952293395996,-0.01645505428314209,-0.005946516990661621,-0.006610751152038574,-0.010440468788146973,-0.008309721946716309,-0.000708460807800293,0.0034293532371520996,0.008302569389343262,-0.051122188568115234,0.003049492835998535,0.003868281841278076
2021-09-09,-0.004790961742401123,0.002310812473297119,-0.0034689903259277344,-0.013944625854492188,-0.0,0.005166292190551758,-0.0026302337646484375,0.0012389421463012695,0.00688248872756958,-0.026976704597473145,-0.027678966522216797,-0.004705905914306641,0.0023731589317321777
2021-09-13,-0.011568129062652588,-0.055008649826049805,-0.014749884605407715,-0.009118795394897461,-0.005511879920959473,-0.008763313293457031,-0.01311647891998291,-0.04802417755126953,-0.010994195938110352,-0.00724637508392334,0.008080065250396729,0.006791532039642334,-0.022274136543273926
2021-09-14,-0.0004725456237792969,-0.007352948188781738,0.010674476623535156,0.003258943557739258,-0.07347798347473145,-0.01415705680847168,-0.013982415199279785,0.007440030574798584,-0.006262421607971191,-0.0071942806243896484,-0.025989174842834473,-0.004244208335876465,-0.0013270974159240723
2021-09-15,0.02345454692840576,-0.0028806328773498535,0.0066574811935424805,0.0036412477493286133,-0.007605314254760742,-0.0066623687744140625,-0.012087106704711914,0.002385079860687256,0.0073587894439697266,-0.03616070747375488,-0.03780722618103027,-0.009157061576843262,0.004163622856140137
2021-09-16,0.01918637752532959,-0.014032244682312012,-0.108620285987854,-0.02684962749481201,-0.0,-0.028049230575561523,-0.020857810974121094,0.02527320384979248,0.004617512226104736,-0.002154231071472168,-0.02732241153717041,0.0013959407806396484,0.020996928215026855
2021-09-17,-0.018023312091827393,0.011720418930053711,-0.006740987300872803,-0.03667914867401123,0.020056068897247314,-0.0015327930450439453,0.0008238554000854492,0.016468048095703125,-0.03315311670303345,0.006878793239593506,-0.05531919002532959,0.0023299455642700195,-0.015553414821624756
2021-09-20,-0.011076390743255615,-0.008688390254974365,-0.03784912824630737,0.00950002670288086,0.029929518699645996,-0.04162842035293579,-0.03842347860336304,0.03206270933151245,-0.024958133697509766,-0.0051947832107543945,-0.023273229598999023,-0.017048180103302002,0.0016237497329711914
2021-09-21,0.010590195655822754,0.020659446716308594,-0.016820430755615234,-0.0021659135818481445,-0.00170135498046875,-0.0031938552856445312,0.004115939140319824,-0.011041641235351562,-0.00474017858505249,-0.05211031436920166,0.07033050060272217,0.0152055025100708,0.004337668418884277
2021-09-22,-0.020496666431427002,-0.022490262985229492,0.016556262969970703,0.012724518775939941,-0.0,0.02050626277923584,0.016225457191467285,0.02147805690765381,-0.007257580757141113,0.011461317539215088,0.03877913951873779,0.005850672721862793,0.010732054710388184
2021-09-23,0.017262697219848633,-0.0016733407974243164,-0.0005428194999694824,0.013968944549560547,-0.020609259605407715,0.013500690460205078,0.015966415405273438,0.000558018684387207,0.00977790355682373,-0.031055927276611328,-0.014517724514007568,0.0027920007705688477,0.024430155754089355
2021-09-24,0.00014257431030273438,0.02262735366821289,-0.01303642988204956,-0.014505445957183838,0.0021080374717712402,-0.0207558274269104,-0.007940411567687988,0.012655854225158691,-0.00719451904296875,0.012048184871673584,0.014731645584106445,0.006728529930114746,-0.0029071569442749023
2021-09-27,0.011513471603393555,-0.0022536516189575195,0.014584541320800781,-0.01397925615310669,-0.013008594512939453,0.012021422386169434,0.015007495880126953,0.0109330415725708,-0.01517707109451294,-0.02886176109313965,0.010715484619140625,0.008527398109436035,0.01681816577911377
2021-09-28,-0.006589829921722412,-0.028336703777313232,0.02251148223876953,0.014177441596984863,-0.03435409069061279,-0.056267619132995605,0.044521212577819824,0.015437483787536621,-0.0007405281066894531,-0.015804052352905273,0.06361150741577148,0.008455157279968262,0.009350419044494629
2021-09-29,0.005924105644226074,-0.030431151390075684,0.018037080764770508,0.0025147199630737305,0.021328449249267578,-0.03107428550720215,0.04482543468475342,-0.003871440887451172,-0.004168212413787842,-0.017502903938293457,-0.09099674224853516,0.0004532337188720703,-0.007905125617980957
2021-09-30,0.0037380456924438477,-0.007846474647521973,-0.011464297771453857,0.005385994911193848,-0.01723945140838623,-0.0014351606369018555,-0.02002108097076416,-0.02795994281768799,0.0070226192474365234,0.0015290379524230957,-0.022399067878723145,-0.0038505196571350098,-0.0034031271934509277
2021-10-01,0.0003161430358886719,0.005711674690246582,0.0021086931228637695,-0.0007338523864746094,-0.02835226058959961,0.004012584686279297,0.02043008804321289,0.0052523016929626465,0.01574838161468506,-0.012251019477844238,0.03891611099243164,-0.012505710124969482,0.0017490386962890625
2021-10-04,-0.009658634662628174,0.001529097557067871,0.006575465202331543,0.003598451614379883,0.010157585144042969,-0.014388442039489746,-0.01129007339477539,0.004714310169219971,-0.008092999458312988,-0.00869905948638916,0.0338931679725647,0.001381516456604004,0.012845039367675781
2021-10-05,0.004433155059814453,0.003925800323486328,0.019336223602294922,0.004244089126586914,-0.020523548126220703,-0.043120622634887695,0.03532278537750244,0.0022736191749572754,-0.009763479232788086,-0.10911130905151367,-0.0055882930755615234,-0.015175938606262207,0.020767569541931152
2021-10-06,-0.0058258771896362305,-0.00695192813873291,0.00820302963256836,0.023754000663757324,-0.011081457138061523,0.010062575340270996,0.002058863639831543,0.018799781799316406,-0.0043975114822387695,-0.027045249938964844,-0.0231553316116333,-0.008872270584106445,-0.018937766551971436
2021-10-07,0.012323737144470215,0.006344318389892578,0.004576683044433594,-0.001423478126525879,0.042723774909973145,-0.028022050857543945,0.019518613815307617,-0.004838347434997559,0.001162409782409668,-0.04575377702713013,0.024441778659820557,0.0007066726684570312,0.0049179792404174805
2021-10-08,-0.02182149887084961,-0.002391338348388672,0.0005061626434326172,-0.011404156684875488,0.009859025478363037,0.005077540874481201,-0.0040305256843566895,0.0015407800674438477,-0.008080661296844482,0.0034494400024414062,0.011135101318359375,-0.011299431324005127,-0.03841757774353027
2021-10-11,0.01513516902923584,-0.04118537902832031,0.011636734008789062,-0.0031723380088806152,-0.003961443901062012,-0.0034918785095214844,-0.002167940139770508,0.007716059684753418,0.002200603485107422,0.02509462833404541,0.0015639662742614746,0.011190533638000488,0.006951510906219482
2021-10-12,-0.006218135356903076,0.02134782075881958,0.0017504692077636719,-0.0397801399230957,0.005545437335968018,-0.030513882637023926,-0.002752065658569336,0.010497689247131348,-0.010557830333709717,-0.008719027042388916,0.018483757972717285,-0.025429725646972656,-0.005734682083129883
2021-10-13,0.02922356128692627,0.01304537057876587,0.00798797607421875,0.009529709815979004,-0.007077813148498535,0.006753265857696533,0.0,-0.01277017593383789,0.015155911445617676,-0.021650850772857666,0.022342801094055176,0.012858808040618896,-0.01014554500579834
2021-10-14,0.0031088590621948242,0.01538461446762085,0.0014859437942504883,-0.0017557144165039062,-0.00692141056060791,-0.018828511238098145,0.029048681259155273,0.011057257652282715,-0.007441520690917969,-0.005878329277038574,-0.02383291721343994,0.011397957801818848,-0.0020242929458618164
2021-10-18,-0.004786491394042969,0.00440138578414917,0.007418394088745117,0.011287152767181396,-0.008460283279418945,-0.001283407211303711,0.017360687255859375,0.001569211483001709,0.0021554231643676758,0.019130468368530273,-0.0015944242477416992,-0.016705870628356934,-0.002680659294128418
2021-10-19,-0.016643047332763672,0.030282914638519287,-0.02135491371154785,0.020988404750823975,0.036178648471832275,0.02768528461456299,-0.022336304187774658,0.0066797733306884766,-0.006031632423400879,-0.021501660346984863,0.008914411067962646,0.015505671501159668,-0.008950352668762207
2021-10-20,-0.012631893157958984,0.032368361949920654,-0.02758967876434326,0.017599821090698242,0.028506159782409668,0.020827829837799072,-0.029090464115142822,0.013053834438323975,-0.0180167555809021,-0.023369431495666504,0.02184385061264038,-0.0007052421569824219,0.011520743370056152
2021-10-21,-0.04547226428985596,0.005418121814727783,0.023471713066101074,-0.030448317527770996,0.013215363025665283,-0.019116878509521484,0.009792447090148926,0.01523047685623169,-0.02294611930847168,0.0007143020629882812,0.04991793632507324,-0.0089263916015625,-0.02882671356201172
2021-10-22,0.025224149227142334,0.003789663314819336,-0.008820593357086182,0.02539891004562378,-0.005901694297790527,-0.017173051834106445,-0.008250117301940918,-0.031135499477386475,-0.01921945810317993,0.013204813003540039,0.03456622362136841,0.013969719409942627,0.0018401145935058594
2021-10-25,-0.01769423484802246,0.0066571831703186035,-0.03610473871231079,0.014241695404052734,0.01579594612121582,0.016103923320770264,-0.002626955509185791,-0.015752971172332764,-0.019346177577972412,0.027474522590637207,-0.07518792152404785,0.002833545207977295,-0.009742796421051025
2021-10-26,0.014500200748443604,-0.03877460956573486,-0.0018464922904968262,-0.018841266632080078,-0.026825547218322754,-0.03220701217651367,0.009657621383666992,0.009816527366638184,-0.02762913703918457,0.010627269744873047,0.020978987216949463,-0.013260722160339355,0.022782206535339355
2021-10-27,-0.028625130653381348,0.010368645191192627,-0.007928133010864258,-0.0006577968597412109,0.015741825103759766,-0.004859328269958496,-0.006231904029846191,-0.0019019842147827148,0.010962843894958496,-0.03188598155975342,-0.007483005523681641,0.00023370981216430664,-0.012655258178710938
2021-10-28,-0.04487830400466919,-0.02654242515563965,-0.0173148512840271,0.007815837860107422,0.016333937644958496,-0.05573934316635132,-0.020125389099121094,-0.019902586936950684,0.0200120210647583,-0.048703551292419434,0.01755577325820923,0.0009350180625915527,-0.010940730571746826
2021-10-29,0.021683573722839355,0.03515535593032837,-0.007590115070343018,0.01141136884689331,-0.010147571563720703,-0.023180603981018066,-0.006399750709533691,-0.023763179779052734,-0.026818156242370605,-0.007734835147857666,-0.03127145767211914,0.009826838970184326,-0.023980557918548584
2021-11-01,-0.003195643424987793,0.013164103031158447,0.009833335876464844,-0.014819860458374023,-0.009589076042175293,0.005518794059753418,0.03490102291107178,-0.006963491439819336,-0.012460708618164062,0.02783966064453125,-0.0013328790664672852,-0.011105775833129883,0.0005789995193481445
2021-11-02,0.0035195350646972656,-0.011195778846740723,-0.013524472713470459,-0.009246349334716797,-0.005314350128173828,-0.03046107292175293,-0.00752633810043335,-0.000838160514831543,-0.0004429817199707031,-0.0014445185661315918,0.019633948802947998,0.005608797073364258,-0.01455146074295044
2021-11-03,0.008403301239013672,0.01012951135635376,-0.003290414810180664,0.0074166059494018555,0.0031493306159973145,0.039626359939575195,0.016041994094848633,0.0012562870979309082,0.009054183959960938,-0.006509900093078613,0.01697218418121338,0.003290235996246338,-0.0068798065185546875
2021-11-04,-0.012431144714355469,-0.007615327835083008,0.012379646301269531,-0.003955841064453125,-0.0068825483322143555,0.027225732803344727,0.018946409225463867,-0.008385777473449707,-0.0063561201095581055,0.00036394596099853516,-0.014157533645629883,-0.007545351982116699,0.00612485408782959
2021-11-08,0.04717743396759033,0.004251241683959961,0.030163049697875977,0.021670937538146973,-0.0025773048400878906,-0.0824277400970459,-0.052120089530944824,-0.019750475883483887,0.004983723163604736,0.018922924995422363,-0.008852481842041016,-0.01006317138671875,0.0012176036834716797
2021-11-09,0.048947811126708984,-0.004032254219055176,-0.00316542387008667,-0.01163482666015625,0.008382678031921387,0.00416254997253418,0.006158769130706787,-0.007135629653930664,-0.011653900146484375,0.011071443557739258,0.0020248889923095703,-0.006255745887756348,0.007925152778625488
2021-11-10,0.022887468338012695,0.005433499813079834,0.0018523931503295898,0.0021379590034484863,-0.010144233703613281,-0.004917621612548828,0.002694368362426758,0.005870461463928223,0.007500052452087402,0.007064700126647949,-0.000676274299621582,0.002763032913208008,0.011191129684448242
2021-11-11,0.02963721752166748,0.014251768589019775,-0.014527201652526855,0.011156320571899414,0.018299460411071777,0.011255204677581787,-0.05254626274108887,-0.01730811595916748,0.006717026233673096,-0.0266573429107666,0.02365666627883911,-0.008543014526367188,0.0018101930618286133
2021-11-12,0.002622246742248535,-0.013012051582336426,0.00616455078125,0.010161399841308594,0.01057058572769165,-0.014600276947021484,-0.002708911895751953,0.0038030147552490234,-0.003629922866821289,0.007207155227661133,-0.024229884147644043,-0.0,0.015112996101379395
2021-11-15,-0.010281085968017578,0.03258794546127319,-0.0034629106521606445,0.004000604152679443,0.0065479278564453125,-0.013658523559570312,-0.0014295578002929688,-0.01426553726196289,-0.00876927375793457,0.02039361000061035,0.0006758570671081543,-0.0034340620040893555,-0.005906641483306885
2021-11-16,0.0015794038772583008,0.008360028266906738,-0.016038477420806885,0.01295936107635498,0.010869622230529785,0.04331088066101074,-0.01632070541381836,0.005150496959686279,0.010068297386169434,-0.003856956958770752,-0.00541079044342041,0.002965986728668213,-0.023278534412384033
2021-11-17,-0.007611870765686035,-0.003223419189453125,-0.015484929084777832,0.003685593605041504,0.004208564758300781,0.03747481107711792,-0.023577392101287842,0.010155320167541504,0.007789194583892822,0.0017598867416381836,0.013454437255859375,-0.03798627853393555,-0.021375000476837158
2021-11-18,0.012773513793945312,0.02298569679260254,-0.02124720811843872,-0.006704807281494141,0.02970176935195923,0.008100330829620361,0.008645176887512207,0.01408165693283081,0.03625178337097168,-0.02037954330444336,0.03170812129974365,-0.01189345121383667,0.0037894248962402344
2021-11-22,-0.0015388131141662598,0.01619023084640503,-0.02537357807159424,-0.032305002212524414,0.02722322940826416,0.022918879985809326,-0.04566270112991333,0.03223836421966553,0.024385154247283936,-0.049497783184051514,-0.08239436149597168,-0.013962388038635254,-0.044282376766204834
2021-11-23,0.011785626411437988,-0.02931344509124756,0.005496025085449219,0.0022940635681152344,-0.00945281982421875,-0.005661964416503906,0.016258835792541504,-0.04195666313171387,0.002339959144592285,0.0007547140121459961,0.00959324836730957,0.006103515625,0.00932002067565918
2021-11-24,-0.010632932186126709,-0.009992480278015137,0.01495969295501709,-0.005761623382568359,-0.012691020965576172,-0.019034862518310547,0.013713240623474121,0.004856407642364502,0.0004264712333679199,-0.046002984046936035,0.02850627899169922,0.00048530101776123047,-0.01442265510559082
2021-11-25,0.008724451065063477,-0.17412817478179932,-0.008503377437591553,-0.001905202865600586,-0.010098457336425781,0.02709817886352539,-0.018638193607330322,-0.01179349422454834,0.005119442939758301,-0.010814666748046875,0.0025867223739624023,-0.006063520908355713,-0.06018567085266113
2021-11-26,-0.015023648738861084,0.03370547294616699,-0.06117779016494751,-0.013202905654907227,-0.05950367450714111,0.04894530773162842,-0.04502987861633301,0.022508084774017334,0.008040308952331543,0.052068471908569336,-0.024327218532562256,-0.0061005353927612305,0.032235026359558105
2021-11-29,-0.04010695219039917,0.023762881755828857,-0.026491999626159668,-0.024260520935058594,-0.025870978832244873,0.021040737628936768,-0.022133052349090576,0.01130753755569458,0.007727205753326416,0.019939780235290527,0.02380049228668213,-0.0044193267822265625,-0.011958122253417969
2021-11-30,0.012819647789001465,-0.02411794662475586,0.007506966590881348,-0.03774988651275635,-0.004207193851470947,0.005227982997894287,0.0016400814056396484,-0.006862163543701172,0.0009258389472961426,0.013819575309753418,0.04132843017578125,-0.0004932284355163574,0.014781653881072998
2021-12-01,0.01640784740447998,-0.02093327045440674,-0.003725588321685791,0.0042983293533325195,0.006073355674743652,-0.009927034378051758,-0.013263463973999023,-0.0012390613555908203,0.005450785160064697,-0.0007785558700561523,0.012756824493408203,0.003947734832763672,-0.02564549446105957
2021-12-02,0.019463777542114258,-0.0038444995880126953,0.02898108959197998,0.017427384853363037,0.008530259132385254,-0.010407686233520508,0.031530022621154785,-0.02743399143218994,-0.009700775146484375,-0.012446403503417969,0.020643949508666992,0.01646602153778076,-0.006378650665283203
2021-12-03,-0.03920978307723999,-0.053191542625427246,0.019987821578979492,-0.0034984350204467773,0.004944801330566406,0.0074391961097717285,0.01528310775756836,-0.01545870304107666,0.004016757011413574,-0.013062000274658203,-0.0130271315574646,-0.008220493793487549,0.03000086545944214
2021-12-06,-0.01990264654159546,0.025858581066131592,-0.0071258544921875,0.008675217628479004,-0.027191579341888428,0.0017296075820922852,-0.012042522430419922,0.02767890691757202,0.023870527744293213,0.017444074153900146,-0.0055574774742126465,-0.004875659942626953,0.018992900848388672
2021-12-07,0.04314398765563965,-0.006428837776184082,0.012260794639587402,-0.009160041809082031,0.030480504035949707,-0.022523880004882812,-0.0036888718605041504,-0.013826847076416016,-0.013287901878356934,-0.01775383949279785,-0.006636381149291992,0.014453649520874023,-0.008170485496520996
2021-12-08,0.03724515438079834,0.01998758316040039,0.009158015251159668,0.003160715103149414,0.009558320045471191,0.008472204208374023,-0.0024146437644958496,0.004813492298126221,-0.002589702606201172,-0.01744401454925537,-0.0017580986022949219,0.006761670112609863,-0.015239596366882324
2021-12-09,0.04431486129760742,0.01093357801437378,0.007025718688964844,0.007886171340942383,0.0042220354080200195,-0.013956069946289062,-0.0069388747215271,-0.008867383003234863,-0.004561424255371094,0.007454335689544678,-0.016202926635742188,0.007675766944885254,-0.015835165977478027
2021-12-10,0.03463912010192871,-0.027423501014709473,0.008720874786376953,-0.004425168037414551,0.009555339813232422,-0.006741523742675781,0.003899812698364258,-0.003595709800720215,-0.0015317201614379883,-0.0011266469955444336,-0.02112424373626709,0.0030944347381591797,-0.0009822845458984375
2021-12-13,-0.00821918249130249,0.029381275177001953,-0.012103796005249023,0.006771683692932129,-0.01653200387954712,0.027901768684387207,-0.018452584743499756,0.004378914833068848,0.007975101470947266,0.01050269603729248,-0.005486488342285156,-0.015187442302703857,0.020010292530059814
2021-12-14,0.049613237380981445,0.03517371416091919,-0.002333700656890869,0.004764199256896973,0.015526771545410156,-0.006027579307556152,-0.0039577484130859375,-0.02119147777557373,-0.006332278251647949,-0.006823420524597168,-0.019492387771606445,-0.00891566276550293,0.01223379373550415
2021-12-15,0.023923516273498535,0.007954061031341553,-0.01988297700881958,-0.004374384880065918,-0.025903522968292236,0.002853095531463623,-0.02284771203994751,0.028191089630126953,0.014992356300354004,0.02033132314682007,0.0015003681182861328,-0.009482085704803467,0.002909064292907715
2021-12-16,-0.01519089937210083,0.02739417552947998,0.018496394157409668,-0.002383112907409668,-0.019976556301116943,0.01001429557800293,0.0,-0.0022159814834594727,0.011054277420043945,-0.009608030319213867,-0.020973801612854004,0.004663705825805664,-0.012907743453979492
2021-12-17,-0.028240323066711426,-0.010762453079223633,-0.016988813877105713,-0.0012296438217163086,0.0,0.0393064022064209,-0.030498147010803223,0.007839202880859375,0.02044600248336792,0.04073089361190796,-0.0309869647026062,-0.02834099531173706,0.026403069496154785
2021-12-20,-0.049983859062194824,-0.022655129432678223,-0.06793808937072754,0.02669280767440796,-0.029649317264556885,0.04091459512710571,-0.04561340808868408,0.023703455924987793,-0.03199726343154907,0.03888887166976929,-0.0923805832862854,-0.018355607986450195,0.026939749717712402
2021-12-21,-0.03963702917098999,0.031900763511657715,0.012148380279541016,0.008160173892974854,0.02619028091430664,-0.0191342830657959,0.008606553077697754,-0.024071455001831055,0.0030211210250854492,-0.015276670455932617,-0.06263601779937744,0.0,-0.014879345893859863
2021-12-22,0.023639202117919922,-0.0006865262985229492,0.02432084083557129,-0.0028837919235229492,0.009836435317993164,-0.026469707489013672,-0.005083560943603516,-0.008308053016662598,0.005138278007507324,-0.005286693572998047,0.01023334264755249,0.0035860538482666016,-0.023739218711853027
2021-12-23,0.007879972457885742,-0.005488276481628418,0.01418447494506836,-0.011924982070922852,0.021455764770507812,-0.0257871150970459,0.03540146350860596,-0.0038182735443115234,0.008519887924194336,-0.027103543281555176,0.007030606269836426,-0.028841257095336914,0.00035458803176879883
2021-12-24,-0.02277010679244995,0.011371374130249023,-0.014594078063964844,0.011784374713897705,-0.015592753887176514,0.011984825134277344,-0.020796597003936768,0.010610580444335938,-0.010778367519378662,0.014178752899169922,0.017909228801727295,0.011907756328582764,-0.003193497657775879
2021-12-27,0.033432602882385254,0.02024388313293457,0.006170988082885742,-0.008203625679016113,-0.0024872422218322754,0.0032544732093811035,0.005939483642578125,0.020841777324676514,-0.0005889534950256348,0.007990419864654541,0.008905887603759766,-0.0022596120834350586,0.0011053085327148438
2021-12-28,-0.004294633865356445,-0.017844557762145996,0.016865968704223633,-0.002432703971862793,0.02034127712249756,-0.013357043266296387,0.016997694969177246,0.010126054286956787,0.012198686599731445,-0.015706777572631836,-0.06675231456756592,-0.0035070180892944336,-0.011906266212463379
2021-12-29,-0.007292687892913818,-0.005074977874755859,0.0021109580993652344,0.006025135517120361,-0.006688058376312256,0.007029831409454346,-0.008444726467132568,-0.0,-0.0016884207725524902,0.004758119583129883,0.010429203510284424,0.0012481212615966797,-0.001662135124206543
2021-12-30,-0.0381888747215271,-0.004360795021057129,-0.008727014064788818,0.0021047592163085938,-0.03690284490585327,0.014454245567321777,-0.010823309421539307,0.026722311973571777,-0.0026826858520507812,-0.011553764343261719,-0.08958244323730469,0.012496888637542725,0.018034934997558594
2021-12-31,0.023418903350830078,-0.011197447776794434,0.02094721794128418,-0.007002472877502441,0.013175606727600098,-0.014366865158081055,0.010941743850708008,-0.009009003639221191,0.00923919677734375,-0.01339101791381836,0.013392746448516846,-0.00987088680267334,-0.003824472427368164
2022-01-03,0.012777328491210938,-0.009943485260009766,0.0020815134048461914,-0.010137438774108887,0.01871013641357422,-0.017704367637634277,0.016146183013916016,-0.00935375690460205,0.015122532844543457,-0.0050525665283203125,0.0003771185874938965,-0.01102757453918457,-0.015106439590454102
2022-01-04,0.005820512771606445,0.02618032693862915,-0.0002967715263366699,-0.006469249725341797,0.010811567306518555,-0.0034793615341186523,0.012397408485412598,0.01053076982498169,-0.00519406795501709,-0.03286933898925781,0.009430408477783203,0.002478957176208496,-0.02251899242401123
2022-01-05,0.010120034217834473,0.014246344566345215,0.023449063301086426,0.005603611469268799,0.026031017303466797,-0.06183183193206787,0.034322261810302734,0.018092811107635498,0.007171988487243652,-0.01759636402130127,0.010281860828399658,-0.004473209381103516,-0.004694819450378418
2022-01-06,0.015126705169677734,0.00023311376571655273,0.003190279006958008,0.017734289169311523,0.021602511405944824,0.0005442500114440918,0.0,-0.007153749465942383,0.0013672113418579102,-0.00294339656829834,-0.015005707740783691,-0.009648680686950684,0.021495342254638672
2022-01-07,-0.00594937801361084,0.006994664669036865,0.0011563301086425781,-0.0012655258178710938,0.005778193473815918,-0.020691514015197754,0.013506770133972168,-0.007963776588439941,0.006144046783447266,-0.041452646255493164,-0.08188021183013916,-0.0041656494140625,-0.008075118064880371
2022-01-10,-0.013676047325134277,-0.004695892333984375,0.0037540197372436523,-0.0037075281143188477,0.023469090461730957,-0.02267277240753174,0.012504100799560547,-0.0006406307220458984,0.007237434387207031,-0.008101463317871094,-0.004555106163024902,-0.004636526107788086,-0.0008182525634765625
2022-01-11,0.009413838386535645,-0.0004674196243286133,-0.017261207103729248,-0.009318351745605469,-0.006091058254241943,0.026603996753692627,-0.01153719425201416,0.010883510112762451,-0.009374678134918213,-0.016422033309936523,0.009417533874511719,-0.01311635971069336,-0.007186293601989746
2022-01-12,0.009410381317138672,-0.003970980644226074,-0.006733059883117676,-0.008899569511413574,0.013338088989257812,-0.0013397932052612305,0.00624692440032959,0.011003255844116211,-0.001983344554901123,-0.024750828742980957,-0.03556334972381592,-0.0,-0.026702523231506348
2022-01-13,0.013664007186889648,0.0004652738571166992,0.01562047004699707,0.005605936050415039,0.010079383850097656,-0.009098172187805176,0.020258188247680664,-0.011343836784362793,0.005450844764709473,0.005702853202819824,-0.00612032413482666,0.0014384984970092773,-0.005617737770080566
2022-01-14,-0.008455753326416016,-0.0579608678817749,0.010446906089782715,-0.009699821472167969,-0.004930734634399414,-0.011137604713439941,0.02193748950958252,0.0047454833984375,-0.0020895004272460938,0.01788121461868286,0.014193952083587646,-0.0012004375457763672,-0.0014896392822265625
2022-01-17,-0.0039039254188537598,-0.03894388675689697,0.006030917167663574,-0.021922945976257324,0.002713441848754883,-0.010228276252746582,0.00454401969909668,0.014304280281066895,-0.00588536262512207,-0.029886603355407715,-0.02673971652984619,0.013189435005187988,-0.0052062273025512695
2022-01-18,0.009256124496459961,-0.049555301666259766,-0.006565749645233154,0.014864206314086914,-0.013177990913391113,0.014018774032592773,0.0021837949752807617,0.003078281879425049,-0.013491153717041016,0.012007951736450195,0.00267106294631958,0.012879669666290283,0.011920392513275146
2022-01-19,-0.011319458484649658,-0.020499050617218018,-0.010057449340820312,0.01068425178527832,0.037915825843811035,-0.001843094825744629,0.011050581932067871,-0.032642245292663574,-0.0026543140411376953,-0.039162635803222656,-0.004017353057861328,0.00984734296798706,8.320808410644531e-05
2022-01-20,0.0049027204513549805,-0.00045496225357055664,-0.003193080425262451,0.013190507888793945,-0.004365384578704834,-0.0023653507232666016,0.0036945343017578125,-0.007523953914642334,0.007347822189331055,0.020467817783355713,0.0053351521492004395,0.009448051452636719,0.01751542091369629
2022-01-21,0.0130842924118042,-0.018434226512908936,-0.030576586723327637,-0.0024226903915405273,-0.028498947620391846,-0.04955422878265381,-0.03650301694869995,-0.02343207597732544,-0.020389437675476074,0.01890552043914795,0.011397898197174072,0.015060245990753174,-0.00016939640045166016
2022-01-24,-0.025255858898162842,-0.07002085447311401,-0.024031221866607666,-0.04533708095550537,-0.018883585929870605,-0.025103449821472168,-0.0135306715965271,-0.06751352548599243,-0.042858779430389404,-0.012846589088439941,0.017633020877838135,0.01758408546447754,-0.04034876823425293
2022-01-25,0.024731159210205078,0.011219143867492676,0.027085304260253906,0.021213412284851074,0.022031188011169434,0.028862476348876953,0.010650277137756348,0.007315874099731445,0.00465548038482666,0.003671586513519287,-0.03451848030090332,-0.012192010879516602,-0.0019413232803344727
2022-01-27,0.003040790557861328,-0.0017258524894714355,-0.0008990764617919922,-0.0041887760162353516,-0.018239974975585938,-0.01072603464126587,0.013092756271362305,-0.015777587890625,-0.013535737991333008,-0.0036851167678833008,-0.022689342498779297,-0.0015375614166259766,-0.014808595180511475
2022-01-28,8.189678192138672e-05,0.015065431594848633,0.0008999109268188477,-0.04798698425292969,0.003981232643127441,0.0183485746383667,0.014184355735778809,0.004071235656738281,0.006984353065490723,-0.01835775375366211,-0.0029363632202148438,-0.012026667594909668,-0.0009421706199645996
2022-01-31,-0.005270659923553467,-0.01362532377243042,-0.03985607624053955,0.007126510143280029,0.018505215644836426,0.0024570226669311523,0.010256409645080566,-0.00456160306930542,0.005831122398376465,-0.02294325828552246,-0.039362430572509766,0.0035398006439208984,0.02169215679168701
2022-02-01,0.02382981777191162,0.013073563575744629,-0.04841494560241699,0.0052800774574279785,0.02371394634246826,-0.08006542921066284,-0.03368717432022095,0.015784144401550293,0.012143731117248535,0.009932756423950195,0.024413108825683594,-0.005836009979248047,-0.0032968521118164062
2022-02-02,0.006676793098449707,0.04528844356536865,0.009388208389282227,0.005225181579589844,-0.013022899627685547,-0.0032563209533691406,0.027220606803894043,0.02105259895324707,0.021343350410461426,-0.0016181468963623047,0.0012833476066589355,0.006306767463684082,0.002028822898864746
2022-02-03,-0.013558149337768555,0.03004896640777588,-0.01410132646560669,0.0068367719650268555,0.01202702522277832,-0.023463070392608643,0.0023245811462402344,-0.01521843671798706,0.00489962100982666,0.021647870540618896,0.009636998176574707,0.0027925968170166016,-0.01294010877609253
2022-02-04,-0.0002970695495605469,0.03211212158203125,-0.0042604804039001465,0.00041979551315307617,-0.005999743938446045,-0.013686120510101318,-0.005102097988128662,-0.011465609073638916,-0.010162770748138428,-0.01221930980682373,0.02692180871963501,0.0015274286270141602,-0.009096622467041016
2022-02-07,-0.0167197585105896,-0.05105167627334595,-0.00886315107345581,-0.015872955322265625,0.012536287307739258,0.016034603118896484,-0.011965751647949219,-0.006303608417510986,-0.011869430541992188,-0.015008211135864258,-0.027666568756103516,0.003569662570953369,-0.006119966506958008
2022-02-08,-0.006098389625549316,-0.013853609561920166,0.01418447494506836,0.01082998514175415,-0.028315961360931396,0.008194327354431152,-0.015728235244750977,-0.005074858665466309,-0.004384398460388184,0.030215322971343994,0.005189657211303711,-0.02123856544494629,0.016843199729919434
2022-02-09,-0.02434980869293213,-0.019433438777923584,-0.0051686763763427734,0.012202262878417969,-0.010028302669525146,0.03371453285217285,-0.0028763413429260254,-0.012751877307891846,-0.0356518030166626,0.017567157745361328,-0.00912940502166748,-0.007015705108642578,0.011666178703308105
2022-02-10,0.02580738067626953,0.018385887145996094,-0.016809284687042236,0.012353003025054932,-0.010010778903961182,0.013977885246276855,-0.011538505554199219,0.007233262062072754,-0.00750654935836792,-0.031039118766784668,0.008400678634643555,-0.006966948509216309,-0.0010563135147094727
2022-02-11,-0.011184453964233398,0.015240311622619629,0.0,-0.001284956932067871,-0.00734323263168335,0.00804126262664795,0.021562814712524414,0.0074378252029418945,0.007059216499328613,0.005562841892242432,0.00423586368560791,-0.018532276153564453,-0.0019387602806091309
2022-02-14,-0.04356813430786133,0.016166329383850098,-0.02269202470779419,0.024127304553985596,-0.02316272258758545,-0.044159531593322754,-0.054911911487579346,-0.03105902671813965,-0.015959441661834717,0.011516928672790527,0.015052378177642822,-0.03372156620025635,-0.015936732292175293
2022-02-15,0.014833807945251465,0.014318108558654785,0.020992398262023926,-0.00210416316986084,0.013407707214355469,0.022354722023010254,0.02300584316253662,0.00840771198272705,0.01780831813812256,0.011984050273895264,0.004651129245758057,-0.0005021095275878906,-0.03395986557006836
2022-02-16,-0.029550552368164062,-0.0221824049949646,0.014953255653381348,0.0025371909141540527,0.0004900693893432617,0.03469383716583252,0.028890371322631836,0.007816553115844727,-0.004624128341674805,-0.02661728858947754,-0.028371214866638184,0.009545326232910156,0.002082645893096924
2022-02-17,0.024016380310058594,0.024289608001708984,-0.0030693411827087402,0.007192373275756836,0.0034284591674804688,-0.012397825717926025,-0.0007976889610290527,-0.016546010971069336,-0.02536255121231079,-0.018706917762756348,-0.0035703182220458984,-0.006966888904571533,-0.012695670127868652
2022-02-18,-0.035700857639312744,-0.01901566982269287,0.0006158351898193359,0.011220097541809082,0.008053779602050781,-0.009415090084075928,-0.002874016761779785,-0.006309151649475098,-0.00998389720916748,0.022229373455047607,0.008408844470977783,-0.01553499698638916,0.007813811302185059
2022-02-21,-0.04449915885925293,-0.03397947549819946,-0.012615382671356201,0.012955665588378906,-0.03462052345275879,-0.02246546745300293,-0.019855916500091553,-0.019576728343963623,-0.0067664384841918945,0.027018189430236816,0.01989567279815674,-0.022397518157958984,0.010125458240509033
2022-02-22,-0.002262592315673828,-0.05311614274978638,-0.038641273975372314,0.012763679027557373,-0.013416945934295654,-0.006481945514678955,-0.021728456020355225,-0.0275229811668396,-0.02495741844177246,-0.00948190689086914,0.02163064479827881,-0.00520700216293335,0.0045462846755981445
2022-02-23,0.034204721450805664,-0.019695818424224854,0.005510568618774414,0.007610440254211426,0.029105305671691895,-0.005634725093841553,0.0006679296493530273,0.001942276954650879,0.0047026872634887695,0.025159358978271484,-0.0,-0.009683370590209961,0.006235718727111816
2022-02-24,-0.046747446060180664,-0.0770600438117981,-0.07188916206359863,-0.048969805240631104,-0.06520932912826538,-0.06740224361419678,-0.0752670168876648,-0.07421773672103882,-0.08886659145355225,0.02580869197845459,0.00782310962677002,-0.06976741552352905,-0.049845337867736816
2022-02-25,0.005207419395446777,-0.05318266153335571,0.011114954948425293,0.014670133590698242,0.04135286808013916,-0.017908573150634766,0.026709914207458496,0.02931499481201172,0.030236363410949707,-0.018368005752563477,-0.014398336410522461,-0.07130682468414307,0.012463927268981934
2022-02-28,0.009725451469421387,-0.017462193965911865,0.04225349426269531,0.005074620246887207,-0.0794215202331543,0.022793889045715332,0.029179096221923828,0.007846474647521973,0.03668618202209473,-0.007284045219421387,-0.004731297492980957,-0.0525059700012207,0.03311896324157715
2022-03-02,-0.04998433589935303,-0.1368483304977417,-0.023401498794555664,0.004191756248474121,-0.05665254592895508,-0.026743054389953613,-0.029205799102783203,-0.014417529106140137,-0.0024049878120422363,-0.014118432998657227,-0.0965355634689331,-0.00428318977355957,0.016539931297302246
2022-03-03,-0.0499730110168457,-0.09692549705505371,0.013499855995178223,0.018024802207946777,-0.044605135917663574,0.05233883857727051,0.026741743087768555,-0.002925693988800049,0.0016530752182006836,-0.045500874519348145,-0.0033742189407348633,0.006021082401275635,-0.008441627025604248
2022-03-04,-0.030806541442871094,0.02470308542251587,0.005994081497192383,-0.01863759756088257,0.023426711559295654,0.022381067276000977,-0.015421569347381592,-0.02640843391418457,-0.014784753322601318,0.029879748821258545,0.0027514100074768066,0.001766800880432129,-0.02218794822692871
2022-03-07,0.049994468688964844,0.05260592699050903,-0.03177756071090698,-0.010160446166992188,-0.04176211357116699,-0.0328366756439209,-0.010790109634399414,0.01748049259185791,-0.0036992430686950684,-0.13090050220489502,-0.018700122833251953,-0.016940593719482422,-0.036946773529052734
2022-03-08,0.04973900318145752,0.027506470680236816,0.011281967163085938,0.011703729629516602,0.02731841802597046,-0.023577511310577393,0.05348348617553711,-0.09656405448913574,-0.06746530532836914,0.04144465923309326,0.013241052627563477,-0.012182950973510742,-0.001826941967010498
2022-03-09,0.008774936199188232,-0.04255878925323486,0.0030426979064941406,-0.004172205924987793,0.01958465576171875,-0.0061171650886535645,-0.00150299072265625,-0.02674233913421631,0.004790902137756348,0.02130943536758423,0.01036900281906128,0.03684598207473755,-0.05307626724243164
2022-03-10,-0.049958229064941406,0.01445227861404419,0.01988542079925537,0.009236335754394531,0.047634780406951904,0.04243588447570801,0.04281651973724365,-0.008681893348693848,-0.0023740530014038086,0.005364418029785156,0.033281922340393066,0.012241840362548828,-0.016176462173461914
2022-03-11,0.020164549350738525,-0.006688952445983887,0.03998684883117676,0.0,-0.03491997718811035,0.06121814250946045,0.027425765991210938,0.013562798500061035,0.013157904148101807,-0.007296919822692871,-0.0022313594818115234,0.002323746681213379,-0.0028505325317382812
2022-03-14,0.006919980049133301,0.017633497714996338,-0.00699084997177124,-0.01736009120941162,0.0005568265914916992,-0.05739384889602661,-0.02825474739074707,-0.05288207530975342,-0.057866692543029785,0.022047221660614014,0.020038127899169922,0.01940995454788208,-0.008221149444580078
2022-03-15,0.015723884105682373,0.006503641605377197,-0.02752000093460083,-0.010273635387420654,0.026963770389556885,-0.022988498210906982,-0.01815265417098999,0.039929747581481934,0.050289928913116455,0.04669886827468872,0.012982785701751709,0.015043497085571289,0.022900760173797607
2022-03-16,-0.03736758232116699,-0.030112624168395996,0.018098115921020508,-0.0014551877975463867,-0.02828347682952881,0.019713878631591797,0.030268311500549316,-0.021710753440856934,-0.020371556282043457,-0.02162158489227295,-0.02729356288909912,-0.012325763702392578,-0.016867876052856445
2022-03-17,-0.048483848571777344,0.016522645950317383,0.023270845413208008,0.0004857778549194336,0.007795155048370361,0.012784481048583984,-0.006193399429321289,-0.00358426570892334,0.00039017200469970703,-0.018187880516052246,0.06145960092544556,-0.007676124572753906,-0.03265237808227539
2022-03-21,-0.026799798011779785,-0.058930039405822754,-0.01989901065826416,-0.006117761135101318,0.04870927333831787,-0.02093595266342163,-0.034036457538604736,0.04540812969207764,0.00696110725402832,-0.013316035270690918,-0.06036829948425293,0.05621230602264404,0.005749106407165527
2022-03-22,-0.03847527503967285,-0.0007321834564208984,0.03287148475646973,-0.014753341674804688,0.006135046482086182,0.015723228454589844,0.028287768363952637,0.008818864822387695,0.013299286365509033,-0.016025662422180176,0.012222528457641602,0.0008349418640136719,-0.025807857513427734
2022-03-23,-0.007457733154296875,0.0156097412109375,-0.004680216312408447,0.01011502742767334,-0.0010684728622436523,0.01826620101928711,0.010617733001708984,-0.007818818092346191,-0.024234771728515625,-0.0009462833404541016,0.0032562613487243652,-0.0069637298583984375,-0.0031914710998535156
2022-03-24,-0.043071627616882324,-0.0009911060333251953,-0.011598765850067139,-0.011388242244720459,-0.025495052337646484,-0.03800547122955322,-0.011142969131469727,-0.009630799293518066,0.0018799304962158203,-0.01103055477142334,-0.025481820106506348,-0.006362318992614746,-0.015534639358520508
2022-03-25,-0.03780782222747803,-0.0009900331497192383,-0.006977438926696777,-0.006752729415893555,-0.004278421401977539,-0.0148545503616333,-0.0185125470161438,0.025437235832214355,0.01721113920211792,0.009663283824920654,0.003185749053955078,0.009070873260498047,-0.006672024726867676
2022-03-28,-0.04214930534362793,0.003956496715545654,-0.0015969276428222656,-0.025294899940490723,-0.03189408779144287,-0.021495044231414795,0.011645078659057617,0.005437731742858887,-0.005485057830810547,-0.003147602081298828,0.004474282264709473,0.01941746473312378,-0.010022640228271484
2022-03-29,-0.018494367599487305,0.008192598819732666,-0.004158735275268555,-0.0020514726638793945,-0.0035706758499145508,0.005573868751525879,-0.016861259937286377,-0.009294748306274414,-0.023069381713867188,0.03012239933013916,0.007704615592956543,-0.007637977600097656,-0.00024008750915527344
2022-03-30,0.025747478008270264,-0.053066372871398926,0.004818558692932129,-0.0009251236915588379,-0.005670428276062012,-0.013042032718658447,-0.01104879379272461,-0.010834217071533203,-0.005781888961791992,0.052410244941711426,0.017793595790863037,-0.013756275177001953,-0.01920151710510254
2022-03-31,-0.011837363243103027,0.022819101810455322,-0.0015984773635864258,0.00946509838104248,-0.01503598690032959,0.020812630653381348,0.01834249496459961,-0.0,0.00479048490524292,-0.011608004570007324,-0.047101378440856934,0.010800302028656006,0.01428687572479248
2022-04-01,-0.04637634754180908,-0.06786668300628662,0.04418838024139404,-0.023338794708251953,-0.04367721080780029,0.03236246109008789,0.03258562088012695,-0.019292593002319336,-0.021436333656311035,-0.024637222290039062,-0.0018874406814575195,-0.024636030197143555,-0.008043408393859863
2022-04-04,-0.05347859859466553,0.0072893500328063965,0.016559362411499023,-0.0018922090530395508,0.0024003982543945312,0.01065826416015625,0.00222015380859375,-0.030494213104248047,-0.03807723522186279,-0.0006587505340576172,0.007221341133117676,0.0010928511619567871,-0.0029230117797851562
2022-04-05,-0.04150128364562988,0.012161493301391602,-0.0006033778190612793,-0.007256507873535156,0.0062767863273620605,0.009925603866577148,0.003164529800415039,0.00688779354095459,-0.003147602081298828,-0.02238321304321289,-0.0031625032424926758,-0.006291031837463379,0.014100074768066406
2022-04-06,-0.027875185012817383,-0.02392566204071045,0.01629948616027832,-0.00335538387298584,-0.010843276977539062,0.034705162048339844,0.034384846687316895,0.018237829208374023,0.0095939040184021,-0.00579524040222168,0.0028374195098876953,-0.0027180910110473633,0.002676546573638916
2022-04-07,-0.06868481636047363,-0.03425586223602295,-0.013959050178527832,-0.009048819541931152,0.0107269287109375,-0.01869988441467285,-0.02470266819000244,-0.0034012794494628906,0.0010966658592224121,0.023047327995300293,-0.0031615495681762695,-0.00027108192443847656,0.017664790153503418
2022-04-08,0.02725696563720703,-0.0010967254638671875,0.010542154312133789,-0.001462101936340332,-0.009264230728149414,0.04113733768463135,0.0342402458190918,0.000521540641784668,-0.010978341102600098,-0.012450814247131348,0.012606382369995117,-0.004607081413269043,-0.01663672924041748
2022-04-11,-0.09801816940307617,0.011393487453460693,0.010432243347167969,-0.007981300354003906,-0.016063451766967773,0.019465327262878418,0.017989397048950195,-0.007044076919555664,-0.004524588584899902,-0.0009708404541015625,-0.002234339714050293,-0.009171843528747559,0.0020856261253356934
2022-04-12,-0.061144471168518066,0.026817381381988525,-0.021238982677459717,0.016898393630981445,-0.013448238372802734,-0.04702192544937134,-0.026135921478271484,0.022279798984527588,0.019518375396728516,0.013255655765533447,0.021974503993988037,0.0005346536636352539,0.01881033182144165
2022-04-13,-0.00047957897186279297,-0.07538151741027832,-0.004520773887634277,-0.007170200347900391,-0.01235818862915039,0.014354109764099121,0.017383337020874023,-0.033121347427368164,-0.015680551528930664,-0.03211009502410889,-0.01139688491821289,-0.006953716278076172,0.0036867260932922363
2022-04-18,-0.0023392438888549805,-0.014400601387023926,-0.019981741905212402,0.008972108364105225,0.00470280647277832,-0.0353773832321167,0.0020983219146728516,-0.009489655494689941,0.0063321590423583984,-0.008571505546569824,-0.012556314468383789,0.0010623931884765625,0.003042459487915039
2022-04-19,-0.05034071207046509,0.05615866184234619,0.01143026351928711,-0.002361774444580078,-0.01316976547241211,0.03850853443145752,0.020640134811401367,0.03836381435394287,0.01729685068130493,-0.008183717727661133,-0.01907789707183838,0.0042542219161987305,-0.03810620307922363
2022-04-20,0.04600322246551514,-0.03627514839172363,0.040012240409851074,-0.0009816884994506836,-0.02738642692565918,0.025603294372558594,0.029161810874938965,0.00792604684829712,-0.0023468732833862305,0.009990572929382324,-0.005616188049316406,-0.017623543739318848,-0.02939772605895996
2022-04-21,-0.014142096042633057,-0.02390611171722412,0.02114546298980713,-0.020498275756835938,-0.009895861148834229,0.004591107368469238,0.014950752258300781,-0.01304924488067627,-0.017313599586486816,0.007253289222717285,0.007136166095733643,-0.019417405128479004,-0.02342545986175537
2022-04-22,-0.012421488761901855,0.04857206344604492,-0.011791765689849854,-0.013551115989685059,0.0008242130279541016,-0.008569002151489258,-0.006733953952789307,0.00972658395767212,0.0020592212677001953,0.0009529590606689453,0.004687488079071045,0.01956242322921753,0.008371353149414062
2022-04-25,0.0029009580612182617,-0.006134986877441406,-0.06344592571258545,0.01886969804763794,-0.04035824537277222,-0.026217222213745117,-0.059039533138275146,0.011945843696594238,0.01923888921737671,0.025119245052337646,0.024803757667541504,0.018114984035491943,0.023158490657806396
2022-04-26,0.058884263038635254,0.011324048042297363,0.00901186466217041,0.0004832744598388672,-0.005471527576446533,0.003254413604736328,0.01290905475616455,-0.02471780776977539,-0.017821788787841797,0.015981733798980713,-0.009014725685119629,0.001604318618774414,-0.029975056648254395
2022-04-27,-0.023219525814056396,0.021365642547607422,-0.017862677574157715,0.009379267692565918,-0.00960087776184082,-0.040696024894714355,-0.01615297794342041,0.01940220594406128,-0.015077829360961914,0.01259535551071167,0.017230331897735596,-0.014729499816894531,-0.0009448528289794922
2022-04-28,0.0238114595413208,-0.031060099601745605,0.008153080940246582,-0.01610541343688965,0.01481318473815918,0.0012297630310058594,0.024853110313415527,-0.0064171552658081055,0.010721147060394287,0.000335693359375,0.006818175315856934,-0.011612534523010254,-0.014952898025512695
2022-04-29,-0.043569087982177734,0.03318053483963013,-0.01928466558456421,-0.009317994117736816,0.008908510208129883,-0.047282874584198,-0.03689008951187134,-0.06376194953918457,-0.06859594583511353,0.026192009449005127,0.004249691963195801,0.0193060040473938,0.010528564453125
2022-05-02,0.015198230743408203,0.016933858394622803,0.011100530624389648,-0.0037118196487426758,-0.010425567626953125,0.008701324462890625,0.006561875343322754,-0.005959153175354004,0.0028601884841918945,0.02551722526550293,-0.038411080837249756,-0.0202181339263916,0.0034967660903930664
2022-05-04,-0.016538023948669434,0.036058783531188965,-0.008782923221588135,0.014318227767944336,0.0,-0.0015974640846252441,-0.00803518295288086,-0.009705960750579834,-0.0059632062911987305,-0.03786265850067139,0.00955963134765625,-0.027118682861328125,0.0312039852142334
2022-05-05,0.0014098882675170898,0.005241870880126953,-0.0072784423828125,0.006541609764099121,0.02515590190887451,-0.006079971790313721,-0.0013755559921264648,0.0020178556442260742,-0.0006520748138427734,-0.015683650970458984,0.022996187210083008,-0.004315853118896484,0.019590318202972412
2022-05-06,-0.005243897438049316,0.010299384593963623,-0.010519683361053467,0.0065847039222717285,-0.007340550422668457,-0.0077269673347473145,0.005203604698181152,0.004027605056762695,-0.0030666589736938477,-0.012755990028381348,0.01322317123413086,-0.005055665969848633,0.007666945457458496
2022-05-09,-0.02559840679168701,-0.02758955955505371,-0.011920034885406494,0.004678785800933838,-0.027149856090545654,-0.0012979507446289062,-0.02177220582962036,0.015472769737243652,-0.002028942108154297,0.013258218765258789,0.028385043144226074,-0.0032695531845092773,0.03907132148742676
2022-05-10,-0.006146788597106934,0.036975979804992676,0.0,0.011947929859161377,-0.04875665903091431,0.009096860885620117,-0.019299626350402832,-0.020316004753112793,-0.01993703842163086,-0.06247901916503906,-0.08946704864501953,0.011030316352844238,0.017330408096313477
2022-05-11,-0.002372145652770996,0.048178017139434814,-0.0185849666595459,0.0033699870109558105,0.01278543472290039,-0.02768838405609131,-0.01571178436279297,0.009792566299438477,0.023286938667297363,0.027230381965637207,0.024390220642089844,0.0025348663330078125,0.010259449481964111
2022-05-12,-0.025880515575408936,0.009763658046722412,-0.021926939487457275,-0.027548551559448242,-0.00259244441986084,-0.006291389465332031,0.016768813133239746,-0.01312035322189331,-0.021514475345611572,-0.013603150844573975,0.011904716491699219,0.017280757427215576,0.020346105098724365
2022-05-13,0.032692551612854004,0.009600341320037842,-0.009171128273010254,0.0069544315338134766,-0.017403125762939453,-0.01866048574447632,-0.008246123790740967,-0.07687866687774658,-0.010225236415863037,-0.01838749647140503,-0.01210087537765503,0.019394874572753906,-0.011324286460876465
2022-05-16,0.008209824562072754,-0.019386887550354004,-0.0030854344367980957,-0.03950846195220947,0.02035653591156006,-0.016977906227111816,0.008314728736877441,-0.013419270515441895,0.026468515396118164,-0.00036025047302246094,0.010207533836364746,-0.020569562911987305,-0.0002593994140625
2022-05-17,0.04686939716339111,-0.04446148872375488,0.01994502544403076,-0.020908594131469727,0.0249098539352417,0.006908416748046875,0.023311138153076172,-0.023834705352783203,0.008683085441589355,-0.06270265579223633,-0.0848771333694458,-0.015245437622070312,-0.04201245307922363
2022-05-18,-0.00591886043548584,0.009596467018127441,-0.03236687183380127,-0.015312433242797852,-0.0036292076110839844,-0.054202377796173096,-0.06245154142379761,-0.006725311279296875,-0.0016955733299255371,-0.00033915042877197266,0.011797606945037842,-0.04886746406555176,-0.0036503076553344727
2022-05-19,-0.04312664270401001,0.004472017288208008,-0.017421603202819824,0.03431046009063721,0.00044155120849609375,-0.022125542163848877,-0.008760333061218262,0.06012338399887085,-0.025934219360351562,0.01966094970703125,-0.010367631912231445,0.017471492290496826,0.023061692714691162
2022-05-20,0.0007778406143188477,-0.12677812576293945,0.020212769508361816,-0.023230910301208496,0.017542004585266113,0.024109840393066406,-0.0030015110969543457,-0.042372941970825195,0.023003220558166504,-0.012102365493774414,0.007462680339813232,-0.03778719902038574,-0.05829596519470215
2022-05-23,-0.02048015594482422,0.039645612239837646,-0.0020855069160461426,0.009730100631713867,-0.020817577838897705,-0.030423760414123535,0.007860779762268066,0.024127960205078125,-0.009112358093261719,0.04202258586883545,0.029761910438537598,0.010709166526794434,0.006675779819488525
2022-05-24,-0.0014368295669555664,0.025368988513946533,-0.006617903709411621,-0.000867009162902832,-0.0081939697265625,0.02166604995727539,0.010952591896057129,0.008868634700775146,-0.03036719560623169,0.02888733148574829,0.016144633293151855,0.002646148204803467,-0.003420710563659668
2022-05-25,-0.047804176807403564,0.014671087265014648,-0.012622714042663574,0.0023099184036254883,0.0005582571029663086,-0.03912252187728882,-0.04038083553314209,-0.0021692514419555664,-0.01091700792312622,-0.012853503227233887,-0.0013127326965332031,0.025084376335144043,0.0014437437057495117
2022-05-26,-0.07866668701171875,-0.011287212371826172,-0.005681812763214111,0.008875250816345215,-0.006360173225402832,0.0038051605224609375,-0.006500124931335449,0.0008117556571960449,0.024903416633605957,0.004713535308837891,0.004588663578033447,-0.0032161474227905273,0.009559035301208496
2022-05-27,-0.02722311019897461,-0.0023747682571411133,-0.007142841815948486,-0.01751995086669922,-0.0587310791015625,-0.023123502731323242,-0.0008609294891357422,0.0008122920989990234,-0.011980831623077393,0.05318760871887207,0.042805373668670654,0.017755866050720215,0.004622817039489746
2022-05-30,-0.054163575172424316,0.0066335201263427734,0.023021578788757324,-0.008800387382507324,0.007277488708496094,0.01008915901184082,0.02119588851928711,-0.020054221153259277,0.0211867094039917,-0.0019237995147705078,-0.03130364418029785,-0.016068339347839355,-0.03483259677886963
2022-05-31,-0.07399117946624756,-0.037920355796813965,-0.009845256805419922,-0.001801609992980957,0.02534639835357666,-0.02036106586456299,-0.0006749629974365234,-0.004782199859619141,0.009206175804138184,-0.04992318153381348,-0.060373663902282715,-0.033605098724365234,0.012086212635040283
2022-06-01,-0.030026257038116455,0.019990861415863037,-0.0007102489471435547,-0.004637956619262695,0.013052940368652344,0.00941169261932373,0.02313411235809326,0.01533585786819458,0.010179758071899414,0.010241389274597168,-0.02705252170562744,0.015539109706878662,-0.00031876564025878906
2022-06-02,0.05157148838043213,-0.028604984283447266,0.011371731758117676,0.020633161067962646,0.0010262727737426758,0.012820601463317871,-0.005446493625640869,0.027926921844482422,0.00798332691192627,-0.018107891082763672,-0.022358298301696777,-0.010442018508911133,-0.034499287605285645
2022-06-03,-0.02265065908432007,-0.019147515296936035,-0.0038651227951049805,-0.011736392974853516,-0.011163055896759033,0.0034521818161010742,0.006306052207946777,0.015469610691070557,-0.010516822338104248,0.005081653594970703,-0.002396702766418457,-0.003604888916015625,-0.020255684852600098
2022-06-06,0.03750348091125488,-0.02281367778778076,-0.028924226760864258,0.0019016265869140625,0.003686189651489258,-0.02561163902282715,-0.00775068998336792,-0.002244710922241211,0.0019026994705200195,-0.01532280445098877,-0.11147630214691162,-0.005747079849243164,0.004302799701690674
2022-06-07,0.00760042667388916,0.019899368286132812,0.0029059648513793945,0.013432443141937256,0.020429372787475586,0.014515519142150879,0.006980299949645996,0.017357230186462402,-0.0022919178009033203,-0.05138349533081055,-0.026351213455200195,-0.005714297294616699,-0.0018954277038574219
2022-06-08,-0.020648598670959473,0.03212857246398926,0.012314319610595703,0.002317488193511963,0.010572433471679688,0.008893966674804688,-0.0023105740547180176,-0.0017094612121582031,0.00039374828338623047,-0.009227514266967773,0.021744847297668457,0.012784063816070557,0.01755577325820923
2022-06-09,0.020716309547424316,-0.02512681484222412,0.02933812141418457,0.007065474987030029,-0.006232559680938721,0.031046390533447266,0.0031430721282958984,-0.04635941982269287,0.012268781661987305,-0.013545513153076172,-0.06159615516662598,0.007194221019744873,-0.027420401573181152
2022-06-10,-0.03993111848831177,-0.026309847831726074,-0.005561351776123047,0.005166172981262207,-0.01735919713973999,-0.0044609904289245605,-0.01104879379272461,0.019842326641082764,-0.007518291473388672,0.006013989448547363,-0.009838581085205078,0.01497584581375122,0.030212223529815674
2022-06-13,-0.025330424308776855,0.028264641761779785,-0.041943371295928955,0.019106388092041016,-0.019603371620178223,-0.05227774381637573,-0.03801906108856201,0.026067674160003662,-0.03226017951965332,0.030588269233703613,0.05196100473403931,0.013486981391906738,0.018900692462921143
2022-06-14,0.015892624855041504,-0.005411505699157715,-0.012404203414916992,0.004794776439666748,0.004301309585571289,-0.06579983234405518,-0.03692144155502319,0.027334868907928467,0.012551426887512207,0.02253812551498413,0.05797100067138672,0.017399966716766357,0.013079583644866943
2022-06-15,-0.009643256664276123,-0.02646338939666748,-0.0011082887649536133,-0.009234189987182617,0.0043985843658447266,0.005061149597167969,-0.011879026889801025,-0.04039812088012695,0.016794323921203613,0.029088258743286133,-0.010909080505371094,-0.0002529621124267578,0.012095332145690918
2022-06-16,0.01050257682800293,0.0668560266494751,-0.00813603401184082,0.013028383255004883,-0.05070871114730835,-0.015946269035339355,-0.01220405101776123,0.03714120388031006,-0.05505669116973877,0.05188167095184326,0.022689461708068848,0.0037935972213745117,0.013980984687805176
2022-06-17,-0.0957079529762268,-0.0030437707901000977,-0.03653997182846069,-0.003426074981689453,-0.011411964893341064,-0.014498889446258545,-0.04628431797027588,0.0067212581634521484,-0.030380725860595703,0.014643549919128418,0.03878825902938843,-0.04848945140838623,-0.011720418930053711
2022-06-20,-0.0743817687034607,0.05905693769454956,-0.01780182123184204,0.002008497714996338,-0.059683144092559814,0.005625247955322266,-0.013921141624450684,-0.0076493024826049805,-0.030688881874084473,0.0496675968170166,-0.10839468240737915,-0.030683040618896484,0.018146514892578125
2022-06-21,-0.19791877269744873,-0.02059042453765869,0.018912553787231445,-0.004427433013916016,0.042183637619018555,0.04475045204162598,0.03333330154418945,-0.037664175033569336,-0.058155059814453125,-0.034567832946777344,0.014535784721374512,-0.04651808738708496,-0.016171574592590332
2022-06-22,0.047043442726135254,0.005833745002746582,0.017014622688293457,-0.008314967155456543,-0.021553874015808105,0.032948970794677734,-0.0024667978286743164,-0.005346059799194336,-0.028944015502929688,0.030230700969696045,-0.023445188999176025,-0.003682255744934082,0.030367016792297363
2022-06-23,0.0027083754539489746,0.0046454668045043945,0.006463885307312012,0.004371583461761475,-0.015112698078155518,0.005980849266052246,0.02149522304534912,-0.0008397102355957031,-0.001965641975402832,0.0004101991653442383,0.05401802062988281,0.002620518207550049,0.016245126724243164
2022-06-24,-0.01190042495727539,-0.03217887878417969,-0.0011334419250488281,0.006785750389099121,0.006111860275268555,-0.030122876167297363,0.014338970184326172,-0.032997727394104004,-0.022865653038024902,-0.018875718116760254,0.01455235481262207,-0.0002627372741699219,-0.01421511173248291
2022-06-27,0.0007854700088500977,-0.011185050010681152,0.026096820831298828,-0.006329774856567383,0.0175778865814209,0.026154518127441406,0.012116789817810059,0.014076828956604004,-0.009589910507202148,-0.030205368995666504,-0.029310941696166992,-0.007880210876464844,0.002937495708465576
2022-06-28,-0.04568076133728027,0.012238144874572754,0.012163758277893066,-0.00878596305847168,0.017782211303710938,-0.012345731258392334,-0.014511168003082275,-0.00961005687713623,-0.001506805419921875,-0.05512118339538574,0.06938648223876953,-0.03674733638763428,-0.014057159423828125
2022-06-29,0.01950383186340332,0.005718410015106201,-0.007283329963684082,0.014944612979888916,0.01871955394744873,0.008467793464660645,0.017485737800598145,0.009518623352050781,0.002616405487060547,-0.03186368942260742,0.04776203632354736,-0.012066364288330078,-0.02075207233428955
2022-06-30,-0.019252896308898926,-0.0016775131225585938,-0.027145981788635254,-0.008841633796691895,-0.030993521213531494,-0.035185933113098145,0.018089771270751953,0.022789716720581055,0.002360999584197998,0.016157984733581543,-0.03870415687561035,0.004967689514160156,-0.006017804145812988
2022-07-01,0.0016297698020935059,-0.011961698532104492,0.0346907377243042,-0.0057762861251831055,-0.022376716136932373,0.06050550937652588,0.0049751996994018555,-0.010958075523376465,-0.012227296829223633,-0.13540148735046387,-0.14971661567687988,-0.019221067428588867,-0.07202327251434326
2022-07-04,-0.0032650232315063477,0.023877084255218506,-0.00655972957611084,-0.009604930877685547,0.009698748588562012,-0.008206307888031006,-0.0035361051559448242,-0.008893847465515137,-0.009221911430358887,-0.03883492946624756,-0.05682218074798584,0.013225555419921875,0.0020905733108520508
2022-07-05,-0.0056951045989990234,-0.009203195571899414,-0.011371970176696777,-0.006178855895996094,0.001664876937866211,-0.0027580857276916504,-0.01259756088256836,0.006887078285217285,0.01267695426940918,0.011418581008911133,-0.05503898859024048,0.0071977972984313965,0.00808405876159668
2022-07-06,-0.026924490928649902,0.0007199645042419434,0.028571486473083496,-0.012769341468811035,-0.001662135124206543,0.038719773292541504,-0.017071008682250977,-0.011373162269592285,-0.019422531127929688,-0.050369083881378174,-0.08579301834106445,-0.018249988555908203,-0.008795320987701416
2022-07-07,-0.004201412200927734,0.0016810297966003418,0.02669548988342285,-0.010298371315002441,0.02561473846435547,0.05363261699676514,0.0018280744552612305,-0.021393299102783203,-0.009078741073608398,0.020576119422912598,0.013344764709472656,0.0012276172637939453,-0.00983041524887085
2022-07-08,-0.022146224975585938,0.0007216930389404297,-0.013000726699829102,0.002286374568939209,0.003621339797973633,-0.015884459018707275,0.0,0.004027903079986572,-0.017613887786865234,-0.016129016876220703,0.04333055019378662,-0.021140575408935547,0.001361846923828125
2022-07-11,-0.06921041011810303,-0.015647530555725098,-0.03132784366607666,-0.011648893356323242,0.01032721996307373,0.008437275886535645,-0.0025547146797180176,-0.0002696514129638672,-0.0006848573684692383,0.033242225646972656,0.013029336929321289,0.012999475002288818,0.013555526733398438
2022-07-12,-0.029779434204101562,0.018724799156188965,-0.024623334407806396,-0.004530429840087891,0.0028325319290161133,-0.04292464256286621,-0.033113837242126465,0.011320769786834717,0.015555024147033691,-0.011458754539489746,-0.01688098907470703,0.026829242706298828,-0.001385033130645752
2022-07-13,0.04484277963638306,0.0033816099166870117,0.0067822933197021484,-0.03241562843322754,-0.011420845985412598,-0.009502112865447998,-0.004351913928985596,0.004361987113952637,-0.011313319206237793,0.0031207799911499023,0.011038422584533691,-0.0040100812911987305,-0.0177270770072937
2022-07-14,-0.03471052646636963,-0.0033930540084838867,-0.014970064163208008,0.005278408527374268,0.014037251472473145,0.02877974510192871,0.0062713623046875,-0.0024644136428833008,0.005937099456787109,0.02133333683013916,-0.040436744689941406,-0.03694450855255127,0.008251309394836426
2022-07-15,-0.015498042106628418,0.0016908645629882812,0.020516633987426758,-0.005763888359069824,0.009065389633178711,0.008578896522521973,-0.007176578044891357,-0.005463004112243652,-0.0013831853866577148,-0.004786789417266846,0.02402019500732422,-0.0134810209274292,0.0019255876541137695
2022-07-18,-0.008939743041992188,-0.003629326820373535,0.013030529022216797,0.015009582042694092,0.02719438076019287,0.006286978721618652,0.014456987380981445,-0.019288301467895508,-0.0041435956954956055,0.02667248249053955,0.012757182121276855,0.010213732719421387,0.00851750373840332
2022-07-19,0.00015884637832641602,0.00048214197158813477,0.0025725364685058594,-0.0036017894744873047,-0.02812904119491577,-0.0003675222396850586,0.01500093936920166,0.008528828620910645,0.018381893634796143,-0.01490628719329834,0.01097118854522705,0.00023996829986572266,0.006106853485107422
2022-07-20,0.018500566482543945,-0.019536972045898438,0.0018328428268432617,0.004509031772613525,0.009607076644897461,-0.03088235855102539,0.006281137466430664,0.008333325386047363,0.0008280277252197266,0.03588414192199707,0.05827963352203369,-0.0007201433181762695,0.02703404426574707
2022-07-21,-0.03476691246032715,-0.15755844116210938,0.018294930458068848,0.002218484878540039,0.01806795597076416,0.01593315601348877,0.00348818302154541,-0.01707780361175537,0.01593679189682007,0.004173636436462402,0.016711115837097168,-0.014871716499328613,-0.0066225528717041016
2022-07-22,0.000834345817565918,-0.05661153793334961,-0.0075457096099853516,0.00991290807723999,-0.01715564727783203,-0.015683293342590332,-0.006952106952667236,0.015458464622497559,-0.02571737766265869,-0.004987597465515137,-0.026148676872253418,0.0068541765213012695,0.006751060485839844
2022-07-25,-0.0016179084777832031,-0.009284257888793945,-0.010137617588043213,-0.0017777681350708008,0.04056823253631592,-0.015553891658782959,-0.0009211301803588867,0.022198081016540527,-0.011369645595550537,-0.019632399082183838,-0.04602998495101929,0.00023800134658813477,-0.03306788206100464
2022-07-26,-0.006721377372741699,-0.0080491304397583,0.003657698631286621,-0.03091728687286377,-0.02221202850341797,-0.006936371326446533,-0.007929205894470215,0.026301205158233643,-0.019369184970855713,-0.013208329677581787,-0.011258542537689209,0.010473668575286865,0.0004767179489135742
2022-07-27,-0.021358132362365723,0.004372596740722656,0.021137118339538574,-0.00480198860168457,0.02106022834777832,0.016685962677001953,0.00799262523651123,-0.004264950752258301,0.025855660438537598,0.0034542083740234375,0.01342010498046875,0.0069762468338012695,-0.0009530782699584961
2022-07-28,-0.015472412109375,0.025778114795684814,0.004282593727111816,0.005229949951171875,-0.005909621715545654,0.001145005226135254,-0.0009219646453857422,0.021800696849822998,-0.0003342628479003906,0.01290881633758545,-0.0016050934791564941,0.01623058319091797,0.015654802322387695
2022-07-29,-0.040354013442993164,-0.014700174331665039,0.014214634895324707,-0.0026286840438842773,0.00477910041809082,0.03850555419921875,0.015688419342041016,-0.002604961395263672,0.008092045783996582,0.030161499977111816,0.018086791038513184,0.0014774799346923828,0.02130568027496338
2022-08-01,-0.028923630714416504,-0.016225576400756836,0.012613892555236816,0.0017177462577819824,0.004872441291809082,0.0007342100143432617,-0.03180086612701416,-0.03637421131134033,-0.037282705307006836,0.031752586364746094,0.02052903175354004,-0.025647282600402832,0.026086926460266113
2022-08-02,-0.009696602821350098,-0.025280475616455078,0.0031142234802246094,-0.014490127563476562,-0.04156088829040527,0.021643400192260742,0.015015125274658203,0.005013883113861084,-0.007099032402038574,-0.012390077114105225,-0.01779496669769287,0.010579466819763184,0.003789186477661133
2022-08-03,-0.0064945220947265625,-0.007786393165588379,-0.004139304161071777,0.003035128116607666,-0.0055408477783203125,-0.008258461952209473,-0.01664203405380249,0.017357230186462402,0.0026036500930786133,-0.007689237594604492,-0.005513966083526611,0.01871204376220703,0.008401989936828613
2022-08-04,-0.024373412132263184,0.011773288249969482,0.00034630298614501953,-0.0013431310653686523,-0.0050871968269348145,0.0032584667205810547,0.003572702407836914,-0.0017094612121582031,0.006303310394287109,0.004486203193664551,-0.007524728775024414,0.025259971618652344,-0.013202309608459473
2022-08-05,0.000671684741973877,0.013216733932495117,0.007964015007019043,-0.012966036796569824,-0.05466276407241821,0.02778768539428711,-0.03391420841217041,-0.0045506954193115234,-0.006215214729309082,0.002030014991760254,0.05227458477020264,-0.011178851127624512,-0.014765918254852295
2022-08-08,-0.005257844924926758,-0.08677613735198975,-0.03435248136520386,0.021009862422943115,0.003605961799621582,-0.05337071418762207,-0.004168152809143066,-0.015854954719543457,-0.04139077663421631,0.0,0.0007584095001220703,0.024120628833770752,0.013082742691040039
2022-08-10,0.004041612148284912,0.01596933603286743,0.008893609046936035,-0.005320072174072266,-0.020402967929840088,0.005192875862121582,0.01443779468536377,-0.05852842330932617,0.006603896617889404,-0.020259320735931396,-0.055702924728393555,-0.0012873411178588867,0.005966544151306152
2022-08-11,-0.00026857852935791016,0.005291938781738281,0.00035262107849121094,0.00699615478515625,-0.01768404245376587,0.0,0.02691817283630371,-0.07451295852661133,-0.059152960777282715,-0.007030606269836426,0.005617976188659668,-0.0028284788131713867,0.0033311843872070312
2022-08-12,-0.021805882453918457,0.03954613208770752,0.017624258995056152,-0.0009032487869262695,0.02373647689819336,0.027675271034240723,-0.010538220405578613,-0.05464339256286621,-0.0341721773147583,-0.047896742820739746,0.012769341468811035,-0.011538505554199219,0.01619565486907959
2022-08-16,-0.01877152919769287,0.00036919116973876953,-0.03844809532165527,-0.010017156600952148,0.029178142547607422,0.044524192810058594,-0.028491616249084473,-0.01812267303466797,-0.035852789878845215,-0.005564332008361816,0.001970052719116211,-0.01799750328063965,0.006932735443115234
2022-08-17,0.005115032196044922,0.039896607398986816,-0.02234828472137451,-0.010900616645812988,-0.0012656450271606445,0.03953254222869873,-0.0032590627670288086,0.019169390201568604,0.016871988773345947,0.001976311206817627,-0.0015729665756225586,0.009462177753448486,0.0052231550216674805
2022-08-18,0.0024626851081848145,0.02154672145843506,0.018270790576934814,-0.006452202796936035,0.005449175834655762,-0.004629611968994141,0.011911213397979736,0.006514608860015869,0.01583707332611084,0.029702961444854736,0.006301760673522949,0.0035193562507629395,-0.0014170408248901367
2022-08-19,-0.020904958248138428,-0.009044408798217773,0.02725154161453247,0.016246676445007324,-0.01941007375717163,0.0023256540298461914,0.00858449935913086,0.020843088626861572,0.027025461196899414,0.006938755512237549,-0.012133121490478516,0.00958627462387085,-0.017857134342193604
2022-08-22,-0.007844507694244385,0.0317615270614624,0.014690876007080078,0.01169431209564209,-0.03007715940475464,-0.07325160503387451,0.014922559261322021,0.02702707052230835,0.017518579959869385,0.020139753818511963,-0.024167954921722412,0.0030565857887268066,-0.0027693510055541992
2022-08-23,0.019810914993286133,-0.021332263946533203,-0.00034677982330322266,0.0053291916847229,0.024118781089782715,-0.019670963287353516,0.004488527774810791,-0.01917409896850586,-0.008974075317382812,-0.013842344284057617,0.0012180805206298828,-0.014307618141174316,0.015455126762390137
2022-08-24,-0.0009180903434753418,-0.010640382766723633,0.01282501220703125,-0.00354158878326416,-0.0018115639686584473,-0.02152496576309204,0.009017467498779297,-0.02411961555480957,-0.003371715545654297,-0.01696324348449707,0.0320357084274292,-0.0020151138305664062,-0.0026952028274536133
2022-08-25,-0.01826244592666626,-0.009163498878479004,-0.00035119056701660156,-0.0022622346878051758,0.004796504974365234,0.01565992832183838,-0.016303300857543945,0.018605709075927734,0.008285105228424072,-0.004475116729736328,0.0015716552734375,0.0035193562507629395,-0.0029408931732177734
2022-08-26,0.028066635131835938,-0.032843947410583496,0.002106010913848877,-0.0056879520416259766,0.015094757080078125,0.0014684200286865234,-0.008020877838134766,-0.004319667816162109,0.0013436675071716309,-0.0004050731658935547,0.0003923177719116211,-0.019424796104431152,-0.005301356315612793
2022-08-29,0.02247333526611328,-0.10288071632385254,0.009496927261352539,0.009157001972198486,-0.004702627658843994,-0.008064448833465576,0.014988899230957031,-0.0033452510833740234,-0.00760495662689209,0.005667984485626221,-0.014509797096252441,-0.0034644603729248047,-0.007773935794830322
2022-08-30,-0.05867302417755127,0.002374410629272461,-0.008167624473571777,-0.0039865970611572266,0.01723921298980713,0.018107891082763672,-0.00807809829711914,0.001905202865600586,-0.008418440818786621,-0.01995110511779785,0.023079991340637207,-0.00517880916595459,0.015508174896240234
2022-09-01,0.028224647045135498,-0.007990479469299316,-0.009158134460449219,0.003970742225646973,0.001757502555847168,0.011252284049987793,0.006149768829345703,0.007874071598052979,-0.0036847591400146484,0.027944087982177734,-0.0019447803497314453,0.006869494915008545,-0.029389500617980957
2022-09-02,0.004506409168243408,0.040141761302948,0.03036653995513916,-0.0039865970611572266,-0.008270740509033203,-0.03517591953277588,-0.002625107765197754,-0.005772113800048828,-0.00045883655548095703,0.014373719692230225,-0.008963406085968018,0.014081001281738281,-0.011718451976776123
2022-09-05,0.025463402271270752,0.014760076999664307,-0.009359240531921387,0.003970742225646973,0.01137232780456543,0.0011161565780639648,0.006171703338623047,0.006934523582458496,-0.0019494295120239258,-0.0045833587646484375,0.014156460762023926,0.002505660057067871,0.015588760375976562
2022-09-06,-0.04312300682067871,0.010344207286834717,0.0021398067474365234,-0.0021744966506958008,0.022113919258117676,0.0014864206314086914,0.004516303539276123,0.006501257419586182,0.010929882526397705,0.009539604187011719,0.0011633634567260742,-0.0007535219192504883,0.010491490364074707
2022-09-07,0.005865037441253662,-0.00883030891418457,-0.008577585220336914,-0.0021697282791137695,-0.0028113126754760742,0.02337658405303955,-0.012665390968322754,-0.009209871292114258,-0.0145798921585083,-0.002931356430053711,0.009682416915893555,-0.01154625415802002,-0.005817532539367676
2022-09-08,0.008562684059143066,-0.0003572702407836914,-0.04252302646636963,-0.01930534839630127,-0.0029419660568237305,0.032269835472106934,-0.029120802879333496,0.0045629143714904785,-0.00011408329010009766,0.005010426044464111,-0.008055269718170166,0.0017369985580444336,0.001422286033630371
2022-09-09,-0.0009367465972900391,0.0007143020629882812,0.004418849945068359,0.009912312030792236,-0.0017211437225341797,-0.021777331829071045,0.008525311946868896,-0.010373950004577637,-0.0038203001022338867,-0.016365885734558105,-0.0003867149353027344,0.0014913678169250488,-0.006248950958251953
2022-09-12,-0.0005779266357421875,0.01429593563079834,-0.012973785400390625,-0.03396797180175781,0.004064083099365234,0.01938951015472412,-0.0016465187072753906,-0.029608488082885742,-0.009031534194946289,-0.0,0.011992335319519043,-0.003983020782470703,0.011188149452209473
2022-09-13,0.008430957794189453,0.01432192325592041,0.004718661308288574,0.007175624370574951,-0.0051514506340026855,-0.020429670810699463,0.006940662860870361,0.011595547199249268,0.009682536125183105,0.0008257627487182617,-0.0072629451751708984,0.00247955322265625,0.008399367332458496
2022-09-14,0.011193573474884033,-0.08754825592041016,0.0149000883102417,-0.000870823860168457,-0.006904184818267822,-0.012944996356964111,0.0077248215675354,-0.007977485656738281,0.006934940814971924,0.004958689212799072,-0.009626507759094238,0.013422787189483643,-0.012013435363769531
2022-09-15,-0.010366439819335938,0.006257414817810059,0.015125453472137451,0.0029581189155578613,-0.0058348774909973145,-0.0204007625579834,0.004633903503417969,-0.01350092887878418,-0.025243282318115234,0.004568159580230713,-0.02410578727722168,-0.0010077953338623047,-0.009889721870422363
2022-09-16,0.0201452374458313,0.0408441424369812,0.032460689544677734,-0.03778362274169922,0.008116960525512695,-0.04648566246032715,-0.028119206428527832,-0.041800618171691895,-0.05058342218399048,0.010429680347442627,-0.006772875785827637,-0.025421559810638428,-0.024807631969451904
2022-09-19,-0.025858640670776367,0.0019516944885253906,0.0014430880546569824,0.0009069442749023438,-0.021924972534179688,0.024181008338928223,-0.005556583404541016,0.0019174814224243164,0.009526610374450684,0.005480647087097168,-0.009626984596252441,-0.007747948169708252,0.0013432502746582031
2022-09-20,-0.015165567398071289,-0.00835561752319336,-0.00614166259765625,0.012322187423706055,0.01063835620880127,0.0003808736801147461,-0.010019302368164062,0.01339709758758545,0.012524008750915527,-0.020771503448486328,0.0,0.013014078140258789,0.00012576580047607422
2022-09-21,0.02978271245956421,0.016925334930419922,0.009335756301879883,-0.000895082950592041,-0.022180497646331787,-0.007232666015625,-0.012067019939422607,-0.009915053844451904,-0.01403743028640747,0.017441868782043457,0.0008101463317871094,-0.015159368515014648,0.0027664899826049805
2022-09-22,-0.01806199550628662,0.007173597812652588,0.013773083686828613,-0.010033130645751953,-0.008970856666564941,-0.008818984031677246,-0.012214303016662598,0.017644286155700684,0.01820516586303711,0.017328858375549316,-0.01456904411315918,-0.001043558120727539,-0.009405195713043213
2022-09-23,0.02332019805908203,0.001625657081604004,0.012862920761108398,-0.0038910508155822754,-0.027156293392181396,-0.018181800842285156,-0.006581544876098633,-0.03983128070831299,-0.039598822593688965,0.00043010711669921875,0.012320280075073242,-0.0107077956199646,-0.018735826015472412
2022-09-26,0.04913616180419922,0.04939383268356323,0.024571895599365234,-0.022983253002166748,-0.014356017112731934,-0.03546100854873657,-0.026701509952545166,-0.03416299819946289,-0.04749685525894165,-0.04001718759536743,-0.031643033027648926,-0.019535362720489502,-0.025500893592834473
2022-09-27,-0.002269268035888672,-0.006090521812438965,-0.020228981971740723,0.006322622299194336,0.01766681671142578,0.010620832443237305,0.01361382007598877,-0.06872165203094482,-0.06665408611297607,0.008516311645507812,-0.021784663200378418,-0.004308044910430908,0.007943153381347656
2022-09-28,-0.020525693893432617,0.011729001998901367,0.015712618827819824,0.00046193599700927734,-0.006891012191772461,-0.015359699726104736,-0.01912897825241089,-0.0033097267150878906,-0.013096928596496582,-0.01555556058883667,-0.03169161081314087,-0.0062195658683776855,-0.0266188383102417
2022-09-29,0.021983444690704346,-0.006125450134277344,0.010642409324645996,-0.0004616975784301758,0.0025353431701660156,-0.01354682445526123,0.002904534339904785,0.01036757230758667,-0.013391256332397461,-0.033408522605895996,-0.03626716136932373,0.0029932260513305664,-0.0030585527420043945
2022-09-30,0.009607791900634766,-0.03158307075500488,-0.006146788597106934,0.012103796005249023,0.014241933822631836,-0.0008322596549987793,0.020686745643615723,0.05523812770843506,0.04793769121170044,-0.001310586929321289,0.007255613803863525,-0.0002713203430175781,0.02251291275024414
2022-10-03,-0.0715751051902771,0.02489858865737915,-0.014127612113952637,-0.006207764148712158,-0.02322828769683838,-0.0012494921684265137,-0.004661500453948975,0.02721768617630005,0.03611135482788086,-0.04406630992889404,-0.0331040620803833,-0.005970180034637451,-0.0034415125846862793
2022-10-04,0.037199974060058594,-0.032910823822021484,-0.009036064147949219,-0.0017454028129577637,-0.02633345127105713,0.014595508575439453,0.01140296459197998,-0.0119171142578125,-0.02674233913421631,-0.011282920837402344,-0.020391106605529785,-0.023478031158447266,0.018418431282043457
2022-10-06,0.028558969497680664,-0.04449748992919922,-0.002611994743347168,0.005337238311767578,-0.003665328025817871,0.015207529067993164,0.008455872535705566,0.01612907648086548,-0.004857063293457031,0.009090900421142578,-0.016721010208129883,-0.004534602165222168,0.003738880157470703
2022-10-07,-0.036396563053131104,0.017005622386932373,0.01674729585647583,-0.004485130310058594,0.008477926254272461,-0.01619434356689453,-0.005589902400970459,-0.0,0.010150372982025146,-0.010425329208374023,-0.005615711212158203,-0.007169365882873535,0.004201292991638184
2022-10-10,-0.008344888687133789,-0.03014087677001953,0.009462535381317139,-0.03218090534210205,-0.028808236122131348,-0.01934152841567993,0.002007603645324707,0.021597683429718018,0.015015602111816406,0.005778014659881592,-0.007977604866027832,0.01450037956237793,-0.01091223955154419
2022-10-11,0.0039861202239990234,0.029951512813568115,0.017195284366607666,-0.009531497955322266,0.0358009934425354,-0.025597989559173584,-0.030454814434051514,0.022872328758239746,0.031046628952026367,0.016189277172088623,0.011871755123138428,0.019529104232788086,-0.019884824752807617
2022-10-12,0.009216666221618652,0.019989311695098877,-0.0101088285446167,-0.030000925064086914,-0.0018565654754638672,0.0017226934432983398,0.025418519973754883,0.0010887384414672852,0.0026221275329589844,-0.001687765121459961,-0.00440526008605957,-0.003274202346801758,0.007341146469116211
2022-10-13,-0.007961630821228027,0.009287893772125244,0.008083045482635498,-0.025443315505981445,0.011118531227111816,-0.01762688159942627,-0.007658123970031738,-0.009809255599975586,-0.0037832260131835938,0.0109519362449646,-0.00518345832824707,0.010334551334381104,0.0031800270080566406
2022-10-14,-0.0409775972366333,-0.010478019714355469,0.008925199508666992,0.012197136878967285,0.004417121410369873,-0.013566792011260986,-0.01056051254272461,-0.038855910301208496,-0.03283512592315674,0.017461717128753662,0.014280080795288086,-0.018411636352539062,-0.005063176155090332
2022-10-17,0.01711440086364746,0.008913993835449219,0.004306912422180176,-0.018944621086120605,0.0006721615791320801,-0.015527963638305664,-0.004926145076751709,0.01766228675842285,0.016637802124023438,-0.0017338991165161133,0.010060369968414307,0.00026983022689819336,0.016019105911254883
2022-10-18,0.017278075218200684,-0.006975054740905762,0.00275266170501709,-0.012865185737609863,0.0006726980209350586,-0.002253293991088867,0.012995123863220215,-0.0037016868591308594,-0.0017610788345336914,-0.0064907073974609375,-0.026422739028930664,-0.0024291276931762695,0.017682909965515137
2022-10-19,0.004440426826477051,-0.09296393394470215,0.013406991958618164,0.001966714859008789,0.0024232864379882812,0.003161787986755371,0.005701422691345215,0.008429944515228271,0.013813018798828125,0.006448864936828613,0.0019801855087280273,-0.0018848180770874023,0.017375588417053223
2022-10-20,0.034813761711120605,-0.007338285446166992,-0.01798558235168457,-0.013137340545654297,-0.03333330154418945,0.01846015453338623,0.016197562217712402,-0.007970213890075684,0.002928614616394043,-0.013846755027770996,-0.0325397253036499,-0.003762364387512207,0.0026923418045043945
2022-10-21,-0.004684031009674072,0.025827765464782715,-0.00510406494140625,0.02042299509048462,0.012145757675170898,0.003536701202392578,-0.00657498836517334,-0.006325721740722656,-0.0007662773132324219,-0.014938116073608398,0.009607970714569092,0.0005354881286621094,-0.011579155921936035
2022-10-24,0.0017015933990478516,-0.01750504970550537,-0.00859379768371582,0.008521616458892822,-0.004362821578979492,0.0066078901290893555,0.010629773139953613,-0.004190683364868164,-0.0029349327087402344,-0.009672045707702637,-0.0015522241592407227,-0.0008037090301513672,0.003310680389404297
2022-10-25,0.03539621829986572,-0.00016701221466064453,-0.0065839290618896484,-0.013434529304504395,0.0030275583267211914,0.013566732406616211,-0.002976715564727783,-0.06311953067779541,-0.06660723686218262,0.015826761722564697,0.032158076763153076,0.0002676844596862793,-0.01544123888015747
2022-10-27,0.03689086437225342,-0.0028390884399414062,-0.010773420333862305,0.0016467571258544922,-0.01848435401916504,0.0047495365142822266,0.007563591003417969,-0.04416096210479736,-0.03656208515167236,-0.008040547370910645,0.00040036439895629883,0.001338660717010498,0.003910064697265625
2022-10-28,-0.01815974712371826,-0.05745208263397217,0.008755326271057129,0.0023917555809020996,-0.02424168586730957,0.007305502891540527,0.002765655517578125,0.0072838664054870605,0.01496058702468872,-0.014273762702941895,-0.03924715518951416,-0.03297579288482666,0.03064548969268799
2022-10-31,0.04610848426818848,0.020787417888641357,-0.0011521577835083008,0.0011574029922485352,-0.014681577682495117,0.010665535926818848,-0.0037430524826049805,-0.013491153717041016,-0.006659269332885742,-0.0028973817825317383,0.008477866649627686,0.016610443592071533,0.009260773658752441
2022-11-01,0.02174663543701172,0.0020906925201416016,-0.00306856632232666,-0.0338519811630249,-0.0012472867965698242,-0.009708702564239502,0.004745960235595703,0.008173763751983643,-0.004816293716430664,-0.008254289627075195,0.0023317933082580566,-0.024808645248413086,-0.007776856422424316
2022-11-02,-0.011925458908081055,-0.000644683837890625,-0.0030592679977416992,0.016276836395263672,0.0012457966804504395,0.014919042587280273,0.0017713308334350586,0.006357431411743164,-0.012127518653869629,-0.009823918342590332,-0.011297225952148438,-0.003605484962463379,0.006261944770812988
2022-11-03,0.006488323211669922,0.01433408260345459,0.00038117170333862305,0.003709077835083008,0.008731424808502197,-0.020159602165222168,0.001964569091796875,0.0056871771812438965,-0.012381672859191895,0.00040531158447265625,-0.0019260644912719727,0.01052093505859375,0.003750324249267578
2022-11-04,0.026865005493164062,0.007352948188781738,0.012967288494110107,0.028554677963256836,0.023530900478363037,-0.04157733917236328,-0.0037254691123962402,-0.0016682147979736328,-0.0030434131622314453,-0.01013791561126709,0.006920456886291504,-0.0075206756591796875,0.014698505401611328
2022-11-07,0.010946273803710938,0.020576119422912598,-0.029752731323242188,0.005960583686828613,-0.024097919464111328,-0.03667259216308594,-0.029915332794189453,-0.006899833679199219,0.0007303953170776367,-0.0052187442779541016,-0.00967872142791748,-0.008494138717651367,0.005341172218322754
2022-11-09,-0.0013682842254638672,-0.06319320201873779,0.010131359100341797,-0.01103895902633667,0.022901713848114014,0.03019845485687256,0.01012808084487915,0.015595495700836182,0.013551473617553711,-0.0007988214492797852,-0.0023006200790405273,0.015058696269989014,-0.0009660124778747559
2022-11-10,-0.023213505744934082,-0.002055048942565918,0.004548847675323486,-0.009602725505828857,0.004765033721923828,-0.00756227970123291,-0.0009652376174926758,-0.006721019744873047,-0.0009690523147583008,-0.008778929710388184,0.001147627830505371,-0.015548110008239746,-0.012126266956329346
2022-11-11,0.025221824645996094,-0.018299341201782227,-0.011805057525634766,-0.003646254539489746,-0.007763981819152832,-0.010596036911010742,-0.0028929710388183594,-0.006914615631103516,0.0022209882736206055,-0.003955721855163574,-0.00919187068939209,0.0020412802696228027,0.023041486740112305
2022-11-14,0.018339157104492188,0.024941861629486084,0.004892826080322266,0.010563015937805176,0.008988142013549805,-0.002621293067932129,0.005384564399719238,0.013023912906646729,-0.004851341247558594,0.008274257183074951,-0.015180230140686035,-0.00946044921875,-0.004823446273803711
2022-11-15,0.0038756132125854492,-0.02828085422515869,-0.0049169063568115234,0.00674891471862793,-0.021896839141845703,-0.01176464557647705,-0.0025135278701782227,-0.04054713249206543,-0.0220947265625,-0.021851420402526855,-0.009345769882202148,0.0012664794921875,-0.004486262798309326
2022-11-16,-0.01947087049484253,0.008807182312011719,0.008656442165374756,0.03139305114746094,-0.006973385810852051,0.006890594959259033,0.005400180816650391,0.026285529136657715,0.008669078350067139,-0.004276752471923828,-0.011481523513793945,0.001014411449432373,-0.005753874778747559
2022-11-17,-0.014751970767974854,0.002026498317718506,0.004176199436187744,0.009670257568359375,0.004029214382171631,-0.0060710906982421875,0.0036842823028564453,0.024390220642089844,0.014462709426879883,-0.001935720443725586,0.011717379093170166,-0.0045697689056396484,0.0025900602340698242
2022-11-18,-0.028986692428588867,0.01640111207962036,0.004193603992462158,-0.006515920162200928,-0.0017699003219604492,0.005172371864318848,-0.002724766731262207,-0.01456308364868164,-0.02013540267944336,0.009659945964813232,-0.009262681007385254,0.011372268199920654,-0.0005246400833129883
2022-11-21,0.004486083984375,-0.012069225311279297,-0.022205114364624023,-0.00110626220703125,0.007698118686676025,-0.03466200828552246,-0.014751553535461426,-0.006937742233276367,-0.004906654357910156,-0.04486924409866333,0.023127734661102295,0.01840496063232422,-0.01801222562789917
2022-11-22,0.002840757369995117,-0.0010983943939208984,0.011985063552856445,0.03456997871398926,-0.017296195030212402,0.015912890434265137,0.0007650852203369141,0.01449275016784668,0.03306889533996582,-0.0020424723625183105,0.019541561603546143,0.009375035762786865,0.005552172660827637
2022-11-23,0.022076010704040527,-0.033385515213012695,-0.011751294136047363,-0.024545013904571533,0.0035004019737243652,-0.011489391326904297,0.0019142627716064453,0.005303740501403809,-0.006025075912475586,0.010233283042907715,-0.0003832578659057617,-0.00841224193572998,-0.0031084418296813965
2022-11-24,-0.005716264247894287,-0.0015168190002441406,-0.037467241287231445,-0.00799560546875,-0.015179991722106934,-0.038283586502075195,-0.03912544250488281,-0.009937047958374023,0.006730496883392334,0.021474838256835938,-0.007279634475708008,0.004692435264587402,0.008615732192993164
2022-11-25,-0.017756640911102295,-0.018325090408325195,-0.01119542121887207,0.002686619758605957,-0.013222932815551758,-0.024311184883117676,-0.02270209789276123,-0.03335726261138916,-0.0235443115234375,0.007536649703979492,-0.013693451881408691,-0.009428977966308594,0.014928460121154785
2022-11-28,-0.016263067722320557,0.012343943119049072,-0.05428576469421387,-0.004570901393890381,0.005610406398773193,-0.06408226490020752,-0.048908114433288574,-0.030190467834472656,-0.02160012722015381,-0.006299257278442383,-0.014258861541748047,-0.009859919548034668,-0.0343472957611084
2022-11-29,-0.0014284849166870117,0.04562562704086304,0.006097614765167236,-0.009262919425964355,-0.01606762409210205,-0.0,0.01462489366531372,0.022768259048461914,0.014278650283813477,0.003961920738220215,-0.005919337272644043,-0.00334012508392334,-0.0017048120498657227
2022-11-30,0.00909721851348877,-0.02587568759918213,-0.007157444953918457,0.021336078643798828,-0.006760120391845703,-0.002602219581604004,-0.022350192070007324,-0.020991921424865723,-0.005905628204345703,0.0063141584396362305,-0.003677845001220703,-0.0038412809371948242,-0.007078766822814941
2022-12-01,-0.005601823329925537,-0.004152536392211914,0.00846022367477417,-0.009858369827270508,0.012350082397460938,0.012606680393218994,0.0073441267013549805,0.019204676151275635,0.003323197364807129,-0.0074509382247924805,-0.01245880126953125,0.008163273334503174,0.0029575228691101074
2022-12-02,-0.009065985679626465,-0.012559294700622559,-0.008191108703613281,-0.004583179950714111,0.005098998546600342,0.0037551522254943848,-0.013248443603515625,-0.009905576705932617,-0.008335590362548828,0.006321549415588379,-0.0032573938369750977,-0.005144000053405762,0.0003852248191833496
2022-12-05,0.002919316291809082,0.0027227401733398438,0.008801639080047607,0.00309598445892334,0.00048804283142089844,0.027515947818756104,-0.0006792545318603516,0.006843090057373047,0.003416895866394043,0.020023465156555176,-0.019841313362121582,-0.005629539489746094,0.014606177806854248
2022-12-06,0.029734492301940918,0.017442762851715088,0.03039616346359253,-0.010762929916381836,0.0018312931060791016,0.030620157718658447,0.020193397998809814,-0.010105609893798828,0.005474746227264404,-0.009237825870513916,0.005659759044647217,-0.00737917423248291,-0.002894163131713867
2022-12-07,0.009061813354492188,-0.03782033920288086,-0.018668651580810547,-0.0015999674797058105,-0.002813100814819336,-0.044782042503356934,-0.014721155166625977,0.011368811130523682,0.01718193292617798,-0.012431979179382324,0.006047725677490234,-0.002020716667175293,0.014779925346374512
2022-12-08,-0.009503185749053955,-0.008627057075500488,-0.004495143890380859,0.021794795989990234,0.00792783498764038,-0.013011932373046875,-0.000853419303894043,-0.005749821662902832,0.001584172248840332,0.014162063598632812,0.0028632283210754395,-0.005293607711791992,0.0004749894142150879
2022-12-09,-0.01991933584213257,0.02787196636199951,-0.007917284965515137,-0.0037640929222106934,0.01954752206802368,-0.023422718048095703,-0.00426328182220459,0.0034301280975341797,0.012693345546722412,-0.013576328754425049,0.020459473133087158,0.011785328388214111,0.015127480030059814
2022-12-12,0.0054399967193603516,-0.028822779655456543,-0.0334700345993042,0.00952458381652832,-0.022946715354919434,-0.057216644287109375,-0.030565500259399414,-0.0052776336669921875,-0.008092761039733887,0.011403918266296387,0.004397153854370117,-0.002537369728088379,-0.0015279054641723633
2022-12-13,-0.015023350715637207,-0.0687112808227539,0.00826174020767212,0.01629626750946045,-0.005025744438171387,0.02653634548187256,0.018124878406524658,-0.0011413097381591797,0.005238056182861328,0.014774441719055176,-0.020610928535461426,-0.0007592439651489258,-0.0045768022537231445
2022-12-14,-0.019086480140686035,0.02138519287109375,-0.007664084434509277,-0.008899807929992676,-0.031345248222351074,0.015781879425048828,-0.006376981735229492,-0.009347915649414062,-0.013335704803466797,0.021839141845703125,-0.028489112854003906,-0.006575584411621094,0.0036367177963256836
2022-12-15,0.009352326393127441,0.021429598331451416,-0.0013227462768554688,-0.017727136611938477,-0.014900684356689453,-0.018221616744995117,0.0008338093757629395,0.00022590160369873047,-0.015249967575073242,-0.0011249184608459473,0.004207611083984375,0.007537662982940674,0.014199256896972656
2022-12-16,0.009589552879333496,-0.032127976417541504,0.022457003593444824,-0.009141743183135986,0.006408810615539551,0.015390098094940186,0.018024027347564697,0.029371917247772217,0.010625839233398438,-0.0015015006065368652,-0.00739443302154541,0.01468348503112793,0.004923224449157715
2022-12-19,0.009386777877807617,0.019542157649993896,0.0013513565063476562,-0.005806148052215576,-0.007036566734313965,-0.001453995704650879,-0.01614546775817871,-0.02700185775756836,-0.019849300384521484,-0.00939851999282837,0.01328212022781372,-0.009506583213806152,-0.013084769248962402
2022-12-20,-0.0011745095252990723,-0.02249431610107422,0.0033829212188720703,0.0007200241088867188,-0.0054732561111450195,0.010163307189941406,0.002508819103240967,-0.0031731128692626953,-0.003197908401489258,0.0003795623779296875,0.007793068885803223,0.00025451183319091797,-0.00867772102355957
2022-12-21,-0.0192297101020813,0.020189344882965088,0.019348323345184326,-0.031817078590393066,-0.030229270458221436,0.04473787546157837,0.022300422191619873,0.010167181491851807,0.024457275867462158,-0.01593327522277832,0.024634063243865967,0.006873667240142822,0.014205098152160645
2022-12-22,0.0019325017929077148,0.025294840335845947,0.019729971885681152,-0.02609199285507202,-0.010629475116729736,0.009596943855285645,0.021094143390655518,0.031271398067474365,0.02450704574584961,-0.008866548538208008,0.009150803089141846,-0.00410151481628418,0.0025978684425354004
2022-12-23,-0.08980584144592285,0.0632745623588562,0.008827686309814453,-0.037897348403930664,-0.029454290866851807,0.01317828893661499,0.035038530826568604,-0.05419415235519409,-0.042679786682128906,-0.016725003719329834,0.020687103271484375,-0.021445035934448242,-0.029342293739318848
2022-12-26,0.024469375610351562,-0.06365764141082764,-0.0,0.026965022087097168,0.03320896625518799,-0.017674803733825684,-0.024146676063537598,0.026407599449157715,0.02328670024871826,0.010284781455993652,-0.01622021198272705,0.009131193161010742,0.008720755577087402
2022-12-27,0.012440681457519531,-0.0021948814392089844,-0.002493739128112793,0.016646623611450195,0.00674128532409668,-0.0011577606201171875,-0.01187741756439209,0.0038834810256958008,-0.0011200904846191406,0.02466726303100586,-0.03897547721862793,0.009824275970458984,0.008188247680664062
2022-12-28,-0.07542729377746582,0.037377774715423584,0.006041169166564941,0.01932811737060547,0.008968114852905273,0.001156449317932129,0.005080580711364746,-0.006044507026672363,-0.004780769348144531,-0.006113886833190918,0.0014290809631347656,0.0030721426010131836,-8.255243301391602e-05
2022-12-29,-0.05191636085510254,-0.06749582290649414,-0.0103682279586792,-0.0008280277252197266,0.0016591548919677734,-0.011192560195922852,0.0008804202079772949,-0.011189520359039307,-0.006345629692077637,0.0049980878829956055,0.010733425617218018,0.009188413619995117,-0.0004947185516357422
2022-12-30,0.02640390396118164,0.012077271938323975,-0.010615706443786621,-0.008038461208343506,0.001064896583557129,-0.009923696517944336,-0.02943241596221924,0.018450140953063965,0.0005968809127807617,0.014919638633728027,-0.003978371620178223,0.004552364349365234,0.0015676021575927734
2023-01-02,0.03852039575576782,0.005609035491943359,-0.01050424575805664,0.016207218170166016,0.006145834922790527,-0.00944817066192627,-0.024482131004333496,0.012318849563598633,0.008291125297546387,0.025254487991333008,-0.0317002534866333,0.0052869319915771484,0.011284947395324707
2023-01-03,-0.013532876968383789,0.0039051175117492676,-0.010048508644104004,0.004439353942871094,0.002114415168762207,-0.002995133399963379,-0.007854342460632324,0.00047719478607177734,0.013487935066223145,-0.006617605686187744,0.016410529613494873,-0.0022539496421813965,-0.007330775260925293
2023-01-04,0.03372091054916382,0.0040656328201293945,0.001715242862701416,0.010312676429748535,-0.015355706214904785,-0.01605081558227539,0.00646662712097168,-0.0052468180656433105,-0.006012082099914551,-0.021465659141540527,0.015974462032318115,0.00200808048248291,-0.015057027339935303
2023-01-05,-0.044977426528930664,0.002186894416809082,-0.019243955612182617,0.007858037948608398,0.021666646003723145,-0.02351212501525879,-0.015854477882385254,0.010788798332214355,0.018674015998840332,0.001891016960144043,-0.011904716491699219,0.018286585807800293,-0.0017911791801452637
2023-01-06,0.02154827117919922,0.0010228157043457031,-0.00741732120513916,-0.018728435039520264,-0.0009322166442871094,-0.01866471767425537,-0.014949917793273926,-0.01138526201248169,-0.008992910385131836,0.005285024642944336,0.0074866414070129395,-0.011562168598175049,0.009096980094909668
2023-01-09,-0.020700931549072266,-0.03013014793395996,-0.0063588619232177734,-0.011959373950958252,0.012946128845214844,0.021846294403076172,-0.0008094310760498047,0.013915538787841797,0.01145946979522705,0.005632758140563965,-0.014008641242980957,0.006470918655395508,0.023571252822875977
2023-01-10,-0.007550239562988281,-0.014908432960510254,-0.0019952058792114258,0.014093875885009766,-0.003684520721435547,-0.019092202186584473,-0.007601499557495117,0.00899195671081543,-0.0015528202056884766,0.007841706275939941,-0.010627031326293945,0.002225518226623535,-0.014786601066589355
2023-01-11,0.01091235876083374,0.0005595684051513672,-0.015267252922058105,-0.0031883716583251953,-0.00855189561843872,-0.03287386894226074,-0.044943809509277344,-0.011256992816925049,-0.000748753547668457,-0.016672849655151367,-0.04136002063751221,0.002960801124572754,-0.012548208236694336
2023-01-12,-0.009000420570373535,0.0040593743324279785,0.022883296012878418,-0.007955372333526611,-0.005595088005065918,0.029774188995361328,0.02841782569885254,-0.006641387939453125,-0.006283164024353027,-0.004521429538726807,-0.010097622871398926,-0.007134079933166504,-0.021594703197479248
2023-01-13,-0.018100619316101074,-0.008713960647583008,-0.016058921813964844,-0.00644838809967041,-0.007619202136993408,-0.006701946258544922,-0.010434746742248535,-0.0052530765533447266,-0.008121132850646973,0.005298972129821777,0.007664144039154053,0.009662985801696777,-0.001655280590057373
2023-01-16,-0.004199028015136719,0.007384657859802246,0.003621995449066162,-0.006407022476196289,0.008858919143676758,0.017168879508972168,0.000625908374786377,-0.005520939826965332,-0.004854142665863037,0.004141569137573242,-0.008394837379455566,-0.008098125457763672,-0.009523451328277588
2023-01-17,-0.03197789192199707,-0.004632234573364258,0.001652359962463379,0.00854194164276123,0.005971074104309082,0.018538355827331543,0.009707212448120117,0.009896278381347656,0.0038199424743652344,0.0018748044967651367,-0.0029970407485961914,0.001979231834411621,0.014207839965820312
2023-01-18,0.01157146692276001,0.003772556781768799,0.007282376289367676,-0.014116048812866211,-0.0020949840545654297,0.0003631711006164551,-0.008379459381103516,0.009082317352294922,0.010069727897644043,0.00973045825958252,-0.032204508781433105,0.010617256164550781,-0.0016506314277648926
2023-01-19,-0.007909774780273438,0.03450208902359009,-0.011003732681274414,-0.008590936660766602,0.0037322044372558594,-0.011991262435913086,-0.016149282455444336,-0.006631970405578613,-0.003593623638153076,0.01630842685699463,-0.006111264228820801,0.00415349006652832,-0.0010598301887512207
2023-01-20,-0.021730899810791016,-0.007699012756347656,0.009564697742462158,-0.007051229476928711,0.015221953392028809,-0.0003590583801269531,0.005091726779937744,0.013113975524902344,0.00953984260559082,-0.00036472082138061523,-0.0041561126708984375,0.0,-0.011882543563842773
2023-01-23,0.004542052745819092,-0.0023064613342285156,-0.009657144546508789,-0.00539010763168335,-0.03479456901550293,-0.020818352699279785,-0.008219599723815918,0.016239047050476074,0.018092751502990723,0.004377841949462891,-0.019420623779296875,0.016301751136779785,-0.005067765712738037
2023-01-24,0.0023967623710632324,0.015245199203491211,0.001978933811187744,-0.009634435176849365,0.0026546120643615723,0.00527423620223999,0.0043070316314697266,-0.017600655555725098,-0.011602222919464111,-0.0010896921157836914,0.003747701644897461,0.015321969985961914,-0.005913913249969482
2023-01-25,-0.059549033641815186,-0.0014605522155761719,0.006278872489929199,-0.023191213607788086,0.011422872543334961,0.00565570592880249,0.009578287601470947,-0.025931179523468018,-0.0077301859855651855,0.0018181800842285156,0.014420092105865479,-0.02098560333251953,-0.013852059841156006
2023-01-27,-0.19999998807907104,0.026396453380584717,-0.03126049041748047,0.014431297779083252,0.018285810947418213,-0.06327760219573975,0.022305428981781006,0.011374592781066895,-0.01817762851715088,-0.031579017639160156,-0.013994932174682617,0.0014450550079345703,-0.01893436908721924
2023-01-30,-0.20000004768371582,-0.1192331314086914,-0.004806041717529297,0.008785486221313477,-0.04490917921066284,0.0003795623779296875,-0.01148688793182373,-0.004307210445404053,-0.0014693737030029297,-0.018365800380706787,0.0069008469581604,-0.026935994625091553,0.009560108184814453
2023-01-31,-0.09998291730880737,-0.02154707908630371,0.025526046752929688,0.004605472087860107,0.0022732019424438477,0.017450690269470215,-0.0,0.022350311279296875,-0.04061448574066162,0.0,0.018951356410980225,-0.010133504867553711,-0.0024896860122680664
2023-02-01,-0.09999048709869385,0.056465327739715576,-0.02623605728149414,-0.0025315284729003906,0.010027527809143066,-0.011931419372558594,0.029337525367736816,-0.003291010856628418,0.0036766529083251953,-0.004200100898742676,-0.03509336709976196,-0.0037453174591064453,-0.005927741527557373
2023-02-02,-0.0999789834022522,0.0040267109870910645,-0.007944703102111816,-0.001654505729675293,-0.023637890815734863,-0.025660336017608643,0.019337058067321777,0.0014151334762573242,-0.03275805711746216,-0.005751550197601318,0.0026693344116210938,-0.02531331777572632,-0.00555950403213501
2023-02-03,-0.04997950792312622,-0.023839473724365234,-0.017757654190063477,0.015561163425445557,-0.012468218803405762,-0.013168096542358398,0.0014913082122802734,-0.013424456119537354,-0.0017609000205993652,0.006170511245727539,-0.040266215801239014,-0.008742570877075195,0.0009016990661621094
2023-02-06,-0.04998922348022461,0.02328437566757202,0.023041486740112305,-0.015012383460998535,0.023412585258483887,0.023547768592834473,-0.012612104415893555,0.010264992713928223,-0.037220001220703125,-0.005749344825744629,-0.004507601261138916,0.0163424015045166,-0.00756758451461792
2023-02-07,-0.0499919056892395,-0.01756596565246582,-0.004850983619689941,-0.00965726375579834,0.01281595230102539,-0.00268399715423584,0.003113687038421631,-0.003071904182434082,-0.001927495002746582,0.007710099220275879,0.044932007789611816,-0.02935171127319336,-0.0023601651191711426
2023-02-08,-0.049993157386779785,0.013152539730072021,0.0062673091888427734,-0.0046530961990356445,-0.0021286606788635254,0.0007688999176025391,-0.0031234025955200195,-0.03342020511627197,-0.0218966007232666,-0.004973173141479492,0.029999971389770508,-0.02777087688446045,-0.019972681999206543
2023-02-09,-0.050000011920928955,0.021102309226989746,-0.0017300844192504883,0.0020585060119628906,0.0005925893783569336,0.001152634620666504,-0.005408048629760742,0.006421983242034912,0.010796725749969482,0.016147613525390625,-0.011326849460601807,0.005307614803314209,-0.0017396211624145508
2023-02-10,-0.04998290538787842,-0.0065239667892456055,0.0010398626327514648,0.0037816762924194336,0.0,0.003453493118286133,-0.003097057342529297,-0.020544767379760742,-0.009011507034301758,0.003405332565307617,-0.02422255277633667,0.006063520908355713,0.008237600326538086
2023-02-13,-0.049984097480773926,-0.00014090538024902344,0.0031163692474365234,-0.006297945976257324,-0.0011844038963317871,-0.007648169994354248,0.004712402820587158,0.018774092197418213,0.010539770126342773,0.00980377197265625,-0.07782614231109619,0.008296728134155273,0.005701959133148193
2023-02-14,-0.049972712993621826,0.006058037281036377,-0.01173633337020874,0.00917351245880127,-0.003913223743438721,0.01271677017211914,0.005387783050537109,0.008298695087432861,0.0028592348098754883,0.0022405385971069336,-0.06971681118011475,-0.005167365074157715,-0.023570775985717773
2023-02-15,-0.049997806549072266,0.028065204620361328,0.0,-0.0038071870803833008,-0.0010713934898376465,0.0064688920974731445,-0.005416989326477051,-0.012087345123291016,-0.01686716079711914,-0.007078945636749268,0.03840559720993042,-0.0012240409851074219,-0.022675037384033203
2023-02-16,-0.04998147487640381,0.004666805267333984,-0.017813384532928467,-0.007930278778076172,0.007269620895385742,-0.018147408962249756,-0.00473475456237793,-0.0009186267852783203,-0.01830148696899414,-0.0574108362197876,-0.05052947998046875,0.009535431861877441,0.0008195638656616211
2023-02-17,-0.04997062683105469,-0.021538496017456055,0.01991450786590576,-0.006243109703063965,0.00047326087951660156,0.013477087020874023,-0.01153719425201416,0.008260607719421387,0.03686803579330444,-0.004258394241333008,-0.0014400482177734375,0.0051839351654052734,-0.0041877031326293945
2023-02-20,-0.049974262714385986,0.00659787654876709,-0.018131017684936523,0.007904112339019775,-0.0033112168312072754,-0.013297855854034424,0.015261054039001465,-0.009254932403564453,-0.0031006336212158203,0.010954082012176514,0.006327331066131592,0.012655079364776611,0.010576128959655762
2023-02-21,-0.05000275373458862,-0.013860821723937988,-0.009943246841430664,0.0011994242668151855,-0.004390060901641846,-0.020793259143829346,0.005383312702178955,-0.0018340349197387695,-0.005732536315917969,0.005359053611755371,0.016787230968475342,0.010806679725646973,-0.008168935775756836
2023-02-22,-0.049954354763031006,-0.0,-0.008966982364654541,0.010892868041992188,0.0028601884841918945,-0.01730245351791382,0.02952277660369873,0.0018306374549865723,0.01302039623260498,0.0025143027305603027,0.023844599723815918,-0.016006112098693848,0.022670388221740723
2023-02-23,-0.050000011920928955,0.0025633573532104492,0.0007238388061523438,-0.00763094425201416,0.02768862247467041,-0.009203612804412842,0.0016900300979614258,0.006877601146697998,0.008719205856323242,-0.006481766700744629,0.011761128902435303,-0.01250314712524414,0.004806935787200928
2023-02-24,-0.049977898597717285,-0.014991402626037598,-0.01012653112411499,0.008347630500793457,-0.0583949089050293,-0.026655912399291992,-0.002539396286010742,-0.011541962623596191,-0.005997300148010254,-0.0025044679641723633,0.01068049669265747,-0.009631991386413574,-0.006868481636047363
2023-02-27,-0.04994678497314453,0.003938734531402588,0.009499311447143555,0.012670397758483887,-0.007210731506347656,-0.014522850513458252,0.008105337619781494,0.005933403968811035,0.007948696613311768,-0.0017844438552856445,-0.008945107460021973,-0.007338523864746094,0.006689548492431641
2023-02-28,-0.04998248815536499,-0.028244614601135254,-0.010133862495422363,0.019688844680786133,0.015294551849365234,0.0050525665283203125,0.012938380241394043,-0.006887078285217285,-0.02541053295135498,0.02101898193359375,-0.007031440734863281,0.003885328769683838,0.019140422344207764
2023-03-01,-0.04878056049346924,-0.005356431007385254,-0.0051187872886657715,-0.0034967660903930664,-0.007711052894592285,-0.0004189014434814453,-0.014832735061645508,-0.0027359724044799805,-0.009041786193847656,-0.018195033073425293,-0.04614448547363281,0.010238945484161377,-0.00921487808227539
2023-03-02,-0.04559814929962158,0.009016335010528564,0.01764047145843506,-0.0030379295349121094,0.0034980177879333496,0.015507102012634277,-0.015295743942260742,0.019326984882354736,0.005531251430511475,0.005360960960388184,0.003482341766357422,-0.007881760597229004,0.007609009742736816
2023-03-03,-0.049993276596069336,-0.015853285789489746,0.0014445781707763672,-0.0017815828323364258,-0.022487878799438477,0.004952549934387207,-0.004686951637268066,0.0020866990089416504,-0.008843660354614258,-0.0014374256134033203,0.0043680667877197266,-0.004398822784423828,-0.0255277156829834
2023-03-06,-0.049980759620666504,-0.013977408409118652,0.010458111763000488,-0.0034679174423217773,-0.03808605670928955,0.008213520050048828,-0.01666116714477539,-0.03392195701599121,-0.0871649980545044,-0.025834202766418457,-0.02398359775543213,-0.006812572479248047,-0.009763360023498535
2023-03-08,-0.04997861385345459,-0.04858136177062988,0.0046395063400268555,-0.0,-0.021289706230163574,0.01751530170440674,0.0008193850517272949,-0.004719138145446777,-0.0013692378997802734,-0.0003497600555419922,-0.015995502471923828,-0.025857925415039062,-0.0035713911056518555
2023-03-09,-0.04997968673706055,0.024505436420440674,-0.003907680511474609,0.004342019557952881,0.02459019422531128,0.01601278781890869,0.007708728313446045,0.001118302345275879,-0.009824752807617188,0.012237787246704102,-0.0039359331130981445,-0.0018845796585083008,0.024043023586273193
2023-03-10,-0.049977779388427734,0.002224266529083252,0.0035663843154907227,0.013794958591461182,-0.0232388973236084,0.01457834243774414,-0.0031404495239257812,0.006045699119567871,0.01068204641342163,0.0031858086585998535,0.028003334999084473,-0.005408048629760742,0.015474915504455566
2023-03-13,-0.04996848106384277,0.032651424407958984,-0.0113716721534729,0.014078140258789062,0.008009731769561768,-0.007378637790679932,0.01730102300643921,0.018247365951538086,-0.004055380821228027,-0.0,0.01613372564315796,-0.027595937252044678,0.01644080877304077
2023-03-14,0.04999744892120361,-0.03497350215911865,0.012221455574035645,0.01070934534072876,0.0019419193267822266,0.0023474693298339844,0.0015090703964233398,0.017898082733154297,0.008835256099700928,0.015980124473571777,0.025183022022247314,0.015873074531555176,0.003765702247619629
2023-03-15,0.028874635696411133,0.006548762321472168,0.013494253158569336,0.0008327364921569824,0.009114205837249756,0.008196592330932617,-0.014273762702941895,0.016121506690979004,0.007436811923980713,0.005052328109741211,-0.038450002670288086,-0.03314399719238281,0.017055392265319824
2023-03-16,0.03419029712677002,0.011865496635437012,-0.06692361831665039,-0.0053708553314208984,-0.004857420921325684,-0.0712350606918335,-0.020529747009277344,-0.015198230743408203,-0.013137578964233398,0.0021762847900390625,0.03760486841201782,-0.004812121391296387,0.004970848560333252
2023-03-17,-0.010524511337280273,-0.007738471031188965,-0.0013135671615600586,0.01344752311706543,-0.005759477615356445,0.009035050868988037,0.009247243404388428,-0.010994195938110352,0.0027352571487426758,-0.0065430402755737305,-0.023444533348083496,0.022348880767822266,0.0013196468353271484
2023-03-20,0.049958229064941406,-0.04726600646972656,-0.024926185607910156,0.015871524810791016,0.0033745765686035156,-0.023705363273620605,-0.020140767097473145,0.012262880802154541,0.014628231525421143,0.00613933801651001,0.01850217580795288,0.004198789596557617,0.009815990924835205
2023-03-21,-0.04443657398223877,0.030155658721923828,0.0031999945640563965,-0.014799356460571289,-0.045044124126434326,0.01318138837814331,0.01605135202407837,-0.03185760974884033,-0.01788651943206787,0.004360496997833252,-0.0020945072174072266,-0.01358640193939209,-0.03112196922302246
2023-03-22,-0.049955129623413086,0.0033724308013916016,0.019903719425201416,0.0031784772872924805,0.0030084848403930664,-0.0036101341247558594,-0.0008156299591064453,0.0024971961975097656,0.008051812648773193,-0.0,0.0017915964126586914,0.009706497192382812,-0.00300443172454834
2023-03-23,-0.049983978271484375,-0.0590212345123291,0.010481417179107666,-0.006752371788024902,-0.002999424934387207,0.012949645519256592,0.009290933609008789,0.000910341739654541,0.006075143814086914,-0.00802922248840332,-0.024528861045837402,0.013302266597747803,0.012626707553863525
2023-03-24,-0.025864243507385254,-0.009648323059082031,0.009268522262573242,0.016674458980560303,-0.01600944995880127,0.018221557140350342,0.00937807559967041,0.015489697456359863,0.01345735788345337,0.022447526454925537,0.023649632930755615,0.023651838302612305,0.01978909969329834
2023-03-27,0.04923325777053833,0.04438573122024536,0.001670539379119873,0.005589187145233154,0.004040122032165527,0.012249410152435303,0.020594537258148193,0.004164755344390869,0.004165172576904297,-0.005925893783569336,0.003588438034057617,0.004844963550567627,-0.015522360801696777
2023-03-28,0.05000782012939453,0.008157908916473389,0.015394806861877441,-0.01295614242553711,0.0026102066040039062,0.010146617889404297,0.0030524134635925293,-0.013940572738647461,-0.024624943733215332,0.020618557929992676,-0.030312061309814453,-0.003894805908203125,-0.004688620567321777
2023-03-29,0.04203528165817261,0.0015919208526611328,-0.0,-0.016928434371948242,0.01366734504699707,0.0007592439651489258,-0.0,-0.0032080411911010742,-0.005000472068786621,-0.014661669731140137,-0.021264195442199707,-0.0036371946334838867,0.005926787853240967
2023-03-31,0.004531383514404297,-0.007042288780212402,-0.014275908470153809,0.0026819705963134766,-0.003531217575073242,-0.0132979154586792,-0.01615917682647705,0.02078568935394287,0.0013707876205444336,-0.011856317520141602,0.04306906461715698,-0.01932835578918457,-0.043143510818481445
2023-04-03,0.025813937187194824,0.007916629314422607,-0.044570982456207275,-0.013538599014282227,0.0030068159103393555,-0.054743170738220215,0.006360888481140137,0.01889437437057495,-0.06355178356170654,-0.017209768295288086,-0.03099846839904785,-0.021569132804870605,-0.0001800060272216797
2023-04-05,0.027680814266204834,-0.06410419940948486,-0.006313621997833252,-0.011985301971435547,-0.0005353689193725586,0.0007933378219604492,0.0057277679443359375,-0.054683804512023926,0.039795875549316406,0.005039572715759277,-0.009251236915588379,-0.00812065601348877,0.002429783344268799
2023-04-06,-0.04994213581085205,0.026996612548828125,0.013060450553894043,-0.0004520416259765625,0.0005356073379516602,0.011494278907775879,-0.008980035781860352,-0.042380452156066895,0.026629090309143066,0.015195310115814209,0.027212858200073242,-0.0004603862762451172,-0.00667572021484375
2023-04-10,-0.05000007152557373,0.006936430931091309,0.012195110321044922,-0.00569307804107666,0.0049250125885009766,0.007053256034851074,-0.0015113353729248047,-0.014057040214538574,0.00935816764831543,-0.04371786117553711,-0.012661933898925781,0.030825912952423096,0.007079482078552246
2023-04-11,-0.049991726875305176,-0.01797962188720703,0.010326981544494629,0.00521165132522583,0.001065373420715332,0.01011669635772705,-0.001676797866821289,0.0025591254234313965,-0.0006549954414367676,-0.01196753978729248,0.01046818494796753,-0.02041304111480713,-0.004963874816894531
2023-04-12,0.013242959976196289,0.02909785509109497,-0.0054514408111572266,-0.005690574645996094,0.025329947471618652,-0.00731891393661499,-0.0016739368438720703,-0.03463757038116455,0.005647182464599609,0.008695662021636963,-0.02468419075012207,0.007443547248840332,-0.00440061092376709
2023-04-13,0.026308715343475342,-0.012825608253479004,-0.016101360321044922,0.009161114692687988,-0.004359543323516846,-0.024447083473205566,0.012867629528045654,-0.0026865005493164062,-0.006116807460784912,-0.006666660308837891,0.0040149688720703125,0.016639351844787598,-0.003755331039428711
2023-04-17,-0.03571617603302002,0.009045124053955078,0.01114201545715332,-0.007070302963256836,0.0189741849899292,0.009546518325805664,-0.0008463859558105469,-0.012366056442260742,0.022902607917785645,-0.009062409400939941,-0.009213924407958984,-0.02573871612548828,-0.0050776004791259766
2023-04-18,-0.0013202428817749023,-0.007302045822143555,-0.002754807472229004,-0.006120562553405762,-0.0057294368743896484,0.00906229019165039,-0.012178659439086914,-0.007736086845397949,0.004093289375305176,0.00034546852111816406,-0.007418036460876465,-0.003949880599975586,0.011433124542236328
2023-04-19,0.01866990327835083,-0.012815594673156738,0.022790074348449707,-0.016460895538330078,-0.011936664581298828,-0.049199581146240234,-0.008522748947143555,0.016161620616912842,-0.006728827953338623,-0.0,0.021240413188934326,0.00208282470703125,-0.005020618438720703
2023-04-20,0.00231093168258667,0.007668733596801758,0.005401730537414551,0.009417355060577393,0.004269957542419434,-0.0066988468170166016,0.0054680705070495605,-0.002053380012512207,-0.0024724602699279785,0.006219744682312012,0.02228015661239624,0.004174411296844482,0.0025870203971862793
2023-04-21,0.01120448112487793,0.0037352442741394043,0.007723331451416016,-0.002221226692199707,-0.0034222006797790527,-0.009981513023376465,-0.0008330345153808594,0.002663910388946533,-0.0048084259033203125,-0.0031293630599975586,-0.01272571086883545,-0.003260374069213867,-0.0012521743774414062
2023-04-24,0.029036760330200195,-0.054557204246520996,0.0033322572708129883,-0.003014206886291504,0.009365200996398926,-0.009882807731628418,-0.0,0.003081977367401123,0.013747692108154297,-0.004159450531005859,0.00905907154083252,-0.009517192840576172,-0.0038410425186157227
2023-04-25,-0.049486637115478516,0.024886608123779297,0.0009963512420654297,-0.0046844482421875,-0.0010309219360351562,-0.01486051082611084,-0.003162980079650879,-0.019579529762268066,-0.006977200508117676,-0.002416253089904785,0.0029489994049072266,-0.004368782043457031,-0.007652640342712402
2023-04-26,0.016252338886260986,0.011566519737243652,0.003981471061706543,-0.00686192512512207,0.009700655937194824,-0.0014286041259765625,-0.0,0.015362858772277832,0.0032657384872436523,-0.0027549266815185547,-0.023070096969604492,0.005952298641204834,0.0058283209800720215
2023-04-27,0.0032063722610473633,0.0040702223777771,0.020488977432250977,-0.0029708147048950195,-0.00858539342880249,-0.014978647232055664,-0.031530022621154785,-0.0030794143676757812,-0.007249951362609863,0.006524801254272461,0.009829401969909668,-0.0016120672225952148,-0.006306648254394531
2023-04-28,-0.030421972274780273,-0.0008940696716308594,0.006152987480163574,-0.014809608459472656,-0.019381403923034668,-0.0031622648239135742,-0.014478802680969238,-0.013712644577026367,0.0021859407424926758,0.006913244724273682,0.007883250713348389,-0.004368782043457031,-0.018271684646606445
2023-05-02,-0.014867663383483887,-0.0057419538497924805,0.009977340698242188,-0.01588118076324463,0.009882211685180664,-0.0073555707931518555,-0.011417627334594727,0.00383603572845459,-0.0048084259033203125,-0.03376269340515137,-0.012360215187072754,-0.0004578828811645508,-0.008495211601257324
2023-05-03,0.03764140605926514,0.004440486431121826,-0.0006372928619384766,-0.0044786930084228516,-0.0029148459434509277,-0.016689777374267578,-0.008153080940246582,0.0054721832275390625,-0.0021418333053588867,0.019528567790985107,0.0037790536880493164,0.001372992992401123,0.008595466613769531
2023-05-04,-0.00785529613494873,0.00012749433517456055,0.022002577781677246,-0.019601285457611084,-0.008248090744018555,-0.007524013519287109,-0.008709192276000977,0.012023687362670898,-0.017670869827270508,0.0006868839263916016,-0.004377007484436035,-0.04193395376205444,-0.01153111457824707
2023-05-05,0.012255430221557617,-0.0047158002853393555,-0.00842440128326416,-0.015874385833740234,0.004842638969421387,0.01866936683654785,0.00724637508392334,0.003300309181213379,-0.0044209957122802734,0.004467308521270752,0.019756019115447998,-0.0023917555809020996,0.0025284290313720703
2023-05-08,0.049956440925598145,-0.007865071296691895,0.0066078901290893555,-0.00889354944229126,-0.001885831356048584,0.0003459453582763672,-0.006522774696350098,-0.010761499404907227,0.0204164981842041,-0.029340744018554688,-0.020746946334838867,-0.010309338569641113,-0.012330770492553711
2023-05-09,0.03184789419174194,0.00503462553024292,-0.0015630125999450684,0.0017595291137695312,-0.004933297634124756,-0.006920456886291504,-0.011109471321105957,-0.02088451385498047,-0.07432973384857178,-0.0016766786575317383,0.01655048131942749,0.010416746139526367,-0.0030982494354248047
2023-05-10,0.010649621486663818,-0.0013915300369262695,0.014715075492858887,-0.020549774169921875,0.02025318145751953,-0.0027490854263305664,-0.0035098791122436523,-0.015844345092773438,-0.02379167079925537,-0.010043501853942871,-0.020667314529418945,0.008630990982055664,-0.006896615028381348
2023-05-11,-0.022664785385131836,0.020970165729522705,0.0012341737747192383,0.008338570594787598,0.00341188907623291,-0.010280966758728027,0.004257917404174805,-0.02783811092376709,0.019145846366882324,-0.0006628036499023438,0.0017356276512145996,0.01949131488800049,0.00655519962310791
2023-05-12,0.042921483516693115,0.02541935443878174,-0.030508458614349365,-0.006935775279998779,-0.012673914432525635,-0.010515570640563965,0.005803346633911133,-0.004874050617218018,0.02786540985107422,0.008943319320678711,0.010721564292907715,-0.014455556869506836,-0.001649618148803711
2023-05-15,0.049978554248809814,0.0352177619934082,-0.014303863048553467,-0.0051934123039245605,-0.03621375560760498,0.005370974540710449,-0.009523868560791016,0.006734609603881836,-0.004483342170715332,-0.0006684064865112305,-0.012595295906066895,0.0011829137802124023,-0.001984715461730957
2023-05-16,0.04997110366821289,-0.009194493293762207,0.015801310539245605,0.0008101463317871094,0.0005035996437072754,-0.0070874691009521484,-0.040474653244018555,-0.016014575958251953,-0.0012344121932983398,-0.014362096786499023,-0.006942391395568848,-0.00047260522842407227,0.014244794845581055
2023-05-17,0.04995936155319214,-0.0038074254989624023,0.006984114646911621,-0.004316985607147217,0.016021728515625,0.012734532356262207,-0.0076045989990234375,-0.0026781558990478516,-0.0029401779174804688,0.004609882831573486,-0.017523765563964844,0.0009455680847167969,0.005899965763092041
2023-05-18,0.04995012283325195,0.003251194953918457,-0.011664628982543945,-0.008400321006774902,-0.03635436296463013,-0.01697218418121338,-0.021335303783416748,-0.008882522583007812,0.014657914638519287,0.005292654037475586,-0.008752107620239258,-0.012281477451324463,0.0021503567695617676
2023-05-19,-0.03217577934265137,-0.003805398941040039,-0.0012758970260620117,-0.0026416778564453125,-0.013390004634857178,0.008632540702819824,0.0007416009902954102,-0.017090439796447754,0.01223665475845337,0.008979082107543945,-0.003358602523803711,-0.010521352291107178,-0.0031894445419311523
2023-05-22,-0.04999279975891113,0.007040262222290039,0.003832578659057617,0.002283334732055664,0.015079736709594727,-0.0034235119819641113,0.015411853790283203,0.014843106269836426,0.000680088996887207,-0.004697918891906738,0.016736388206481934,0.0072498321533203125,-0.005370378494262695
2023-05-23,-0.04996538162231445,-0.005863070487976074,0.014953851699829102,0.00036454200744628906,0.01135396957397461,-0.035039424896240234,0.025685906410217285,-0.0014626383781433105,-0.001361250877380371,0.004007935523986816,-0.019290804862976074,-0.005278289318084717,0.0001710057258605957
2023-05-24,-0.04996049404144287,-0.011522293090820312,-0.009717881679534912,0.0,0.001993536949157715,0.022236883640289307,0.008821845054626465,0.0031387805938720703,-0.0026701688766479492,-0.007712960243225098,-0.0005567073822021484,0.0009647607803344727,0.005855441093444824
2023-05-25,0.00012552738189697266,0.019565820693969727,0.0,-0.0003643631935119629,0.0009423494338989258,0.0006789565086364746,-0.006770133972167969,0.0016688108444213867,-0.00038743019104003906,0.0013310909271240234,-0.03337967395782471,0.0016868114471435547,8.594989776611328e-05
2023-05-26,0.04482674598693848,0.01708585023880005,0.002532482147216797,0.008383512496948242,-0.01412278413772583,-0.002038121223449707,0.014200568199157715,-0.0004165172576904297,-0.0021780729293823242,0.013662159442901611,-0.0005756020545959473,-0.002646148204803467,-0.027259349822998047
2023-05-29,0.04140925407409668,-0.005006313323974609,-0.007262468338012695,0.0026205778121948242,-0.0009549856185913086,0.003728806972503662,-0.0019602179527282715,0.0016666650772094727,-0.009562373161315918,0.02905404567718506,-0.0143967866897583,-0.005306363105773926,-0.005608677864074707
2023-05-30,0.04271805286407471,-0.01964855194091797,-0.0038167238235473633,-0.0039656758308410645,-0.0030801892280578613,0.003742814064025879,0.0033669471740722656,-0.0037437081336975098,-0.008275985717773438,0.0010437965393066406,-0.00029206275939941406,0.0029097795486450195,0.0002497434616088867
2023-05-31,0.04856377840042114,0.02714073657989502,0.009259223937988281,-0.012306571006774902,-0.011399924755096436,-0.018101215362548828,-0.004054725170135498,0.0033403635025024414,-0.003748178482055664,0.02473008632659912,0.002337813377380371,0.006769776344299316,-0.01985841989517212
2023-06-01,-0.04547154903411865,-0.044915616512298584,0.0028471946716308594,0.013376116752624512,0.00549626350402832,0.003019094467163086,0.006598234176635742,-0.018310487270355225,-0.010587930679321289,0.007857203483581543,-0.011661827564239502,-0.01152735948562622,-0.002675950527191162
2023-06-02,0.028731822967529297,-0.025266528129577637,-0.01324927806854248,0.00795590877532959,-0.007502734661102295,0.007402479648590088,-0.009204983711242676,-0.026706159114837646,0.029186129570007324,-0.006479501724243164,-0.01681417226791382,-0.0026724934577941895,-0.003279387950897217
2023-06-05,-0.010527849197387695,-0.046748578548431396,-0.009271085262298584,-0.0013454556465148926,-0.0014038681983947754,0.009152591228485107,-0.0073198676109313965,0.009581923484802246,0.008575856685638428,-0.005007147789001465,0.015901684761047363,0.006333708763122559,0.008973240852355957
2023-06-06,0.0045487284660339355,-0.08990883827209473,-0.0019361376762390137,-0.006107330322265625,0.0024873018264770508,-0.0260007381439209,0.001843571662902832,-0.0019413232803344727,0.0012148618698120117,0.011387944221496582,0.0008859634399414062,-0.002662837505340576,0.0008469820022583008
2023-06-07,-0.002432107925415039,0.009374082088470459,-0.035240888595581055,-0.0021688342094421387,0.008953690528869629,-0.062354207038879395,0.01953291893005371,0.011454463005065918,-0.0023354291915893555,-0.0010800361633300781,-0.0005900859832763672,0.0,0.0075740814208984375
2023-06-08,0.013454854488372803,-0.0,0.01998758316040039,-0.0013584494590759277,-0.00844651460647583,-0.04425615072250366,-0.010412335395812988,-0.01217949390411377,0.00024271011352539062,-0.014383316040039062,-0.004723966121673584,-0.00364077091217041,0.0005880594253540039
2023-06-09,0.0026830434799194336,0.0001456141471862793,0.004780113697052002,-0.00525975227355957,0.001509547233581543,-0.015763521194458008,0.0033669471740722656,0.0015141963958740234,0.004418373107910156,0.012052416801452637,0.012459158897399902,0.00048720836639404297,-0.0070511698722839355
2023-06-12,-0.0016440153121948242,-0.013977885246276855,-0.03586304187774658,-0.02880847454071045,0.0031223297119140625,0.0490490198135376,0.020413994789123535,-0.00021600723266601562,0.004340410232543945,-0.0057408809661865234,-0.0014649629592895508,0.006087183952331543,0.0008876323699951172
2023-06-13,0.010519206523895264,0.0031591057777404785,-0.005873203277587891,-0.020203828811645508,0.018460869789123535,0.0034987926483154297,0.0006850957870483398,0.0028084516525268555,-0.006857395172119141,-0.003924369812011719,-0.0014671087265014648,-0.003872215747833252,0.014738917350769043
2023-06-14,0.013270080089569092,-0.0007202625274658203,-0.0,-0.006775021553039551,0.0014753341674804688,0.006656169891357422,0.016431689262390137,0.011201977729797363,-0.019410371780395508,-0.013859272003173828,-0.008228003978729248,-0.030369281768798828,0.012318849563598633
2023-06-15,-0.022541403770446777,-0.008492827415466309,-0.014751076698303223,-0.0033646821975708008,-0.0004209280014038086,-0.008186399936676025,-0.003367900848388672,-0.0042607784271240234,0.006680965423583984,0.001051485538482666,0.0011851787567138672,0.009903371334075928,0.0002878904342651367
2023-06-16,-0.0032132863998413086,0.008706808090209961,0.005451321601867676,-0.005416989326477051,0.0033687353134155273,-0.0022222399711608887,-0.009597301483154297,-0.0012837052345275879,-0.004275679588317871,0.0042105913162231445,0.0035513639450073242,0.007144570350646973,0.009740591049194336
2023-06-19,0.020409703254699707,0.0018718242645263672,0.005785584449768066,-0.012913703918457031,0.004931330680847168,-0.002545297145843506,-0.0032755136489868164,-0.015852630138397217,0.013538002967834473,-0.00493311882019043,-0.0014744997024536133,0.00047969818115234375,-0.009931683540344238
2023-06-20,-0.0015968084335327148,-0.0028852224349975586,0.006738185882568359,-0.014353275299072266,0.002505779266357422,0.0006380081176757812,0.0,0.014801979064941406,-0.003346085548400879,0.0031557679176330566,-0.006792724132537842,0.008639335632324219,0.002055525779724121
2023-06-21,0.004251420497894287,0.024165689945220947,-0.0012334585189819336,-0.016147851943969727,-0.015205144882202148,0.004144072532653809,0.0013692378997802734,-0.030459046363830566,-0.004591584205627441,-0.018642306327819824,-0.005054950714111328,-0.008230447769165039,0.002830982208251953
2023-06-22,0.0009911060333251953,0.036998867988586426,-0.0015398263931274414,-0.029816508293151855,-0.02210235595703125,0.004444479942321777,0.0,-0.01186513900756836,0.0015395283699035645,0.0079420804977417,-0.014046669006347656,0.013685524463653564,-0.011250674724578857
2023-06-23,0.03182482719421387,0.02816462516784668,-0.03905290365219116,-0.01232689619064331,0.00594782829284668,-0.022755920886993408,-0.03500610589981079,0.019749045372009277,0.02033442258834839,0.012878477573394775,-0.014852941036224365,0.018013596534729004,-0.008192658424377441
2023-06-26,-0.015292525291442871,-0.016852974891662598,-0.004159986972808838,0.004530668258666992,-0.002472519874572754,0.006791591644287109,0.0032591819763183594,-0.0140608549118042,-0.012542486190795898,-0.0,-0.008615374565124512,-0.006941080093383789,-0.00759279727935791
2023-06-27,0.003881990909576416,-0.0027881860733032227,0.006426692008972168,0.005786776542663574,-0.005065202713012695,-0.017025351524353027,-0.0025423765182495117,0.01697021722793579,-0.01588451862335205,-0.005994319915771484,0.012104272842407227,0.000984787940979004,0.0003362894058227539
2023-06-28,-0.02026498317718506,-0.003243684768676758,0.014687061309814453,0.0028766393661499023,-0.004982650279998779,0.008823513984680176,0.017417073249816895,-0.0004210472106933594,0.010567665100097656,-0.0045566558837890625,-0.007359683513641357,-0.00246429443359375,0.013237476348876953
2023-06-30,-0.00015270709991455078,0.011547327041625977,-0.0022025704383850098,-0.0094490647315979,0.012627840042114258,0.01976025104522705,0.00848996639251709,0.0037879347801208496,-0.013435125350952148,-0.010816454887390137,0.008958935737609863,-0.009095430374145508,0.008211970329284668
2023-07-03,-0.004735827445983887,-0.019937634468078613,0.03090500831604004,0.014138460159301758,0.014083027839660645,0.04002547264099121,-0.051752686500549316,-0.01985633373260498,-0.030948877334594727,-0.016223669052124023,-0.00030618906021118164,-0.003166794776916504,-0.025669574737548828
2023-07-04,0.011479377746582031,-0.002596259117126465,0.0039768218994140625,0.00856637954711914,0.0010601282119750977,-0.017409861087799072,0.007479310035705566,0.00994199514389038,0.00818723440170288,0.010529935359954834,0.0064318180084228516,-0.0033997297286987305,0.010307610034942627
2023-07-05,0.0003845095634460449,-0.07555210590362549,0.028031587600708008,0.007660984992980957,0.008365988731384277,0.0472489595413208,-0.010840773582458496,-0.013389110565185547,-0.007368683815002441,-0.009955406188964844,0.011868476867675781,-0.008954405784606934,0.0016210079193115234
2023-07-06,0.0017695426940917969,0.021668314933776855,0.018079400062561035,0.003222823143005371,-0.03329133987426758,0.04303944110870361,-0.038451552391052246,-0.010115623474121094,-0.022314786911010742,-0.016315340995788574,0.002406001091003418,-0.010074377059936523,-0.020944952964782715
2023-07-07,0.008477866649627686,0.02055591344833374,-0.004366815090179443,0.02520596981048584,0.0008131265640258789,0.01479804515838623,-0.007178783416748047,-0.012262463569641113,-0.006838202476501465,0.01170569658279419,0.01290130615234375,-0.005936861038208008,0.001908421516418457
2023-07-10,0.005829751491546631,-0.06665682792663574,-0.014327466487884521,-0.014864206314086914,0.016681909561157227,-0.02916431427001953,0.02138298749923706,0.024429619312286377,0.010479927062988281,0.004737734794616699,0.006516575813293457,0.005193591117858887,-0.03847992420196533
2023-07-11,-0.0021892786026000977,-0.0055425167083740234,0.012459158897399902,-0.05594980716705322,-0.003413677215576172,-0.010687470436096191,-0.008433341979980469,-0.007450222969055176,-0.010909080505371094,-0.011220574378967285,-0.002354264259338379,-0.007593750953674316,-0.010855436325073242
2023-07-12,0.008113622665405273,0.016260147094726562,-0.012305855751037598,-0.006719708442687988,-0.0124741792678833,-0.01430654525756836,0.0024074316024780273,-0.011914610862731934,-0.0013939142227172852,-0.019166111946105957,0.004719734191894531,0.0030617713928222656,-0.0011004209518432617
2023-07-13,0.00857323408126831,0.0295560359954834,-0.018392205238342285,0.019717633724212646,0.0238264799118042,-0.017476260662078857,0.02044963836669922,0.01948845386505127,0.025953054428100586,-0.0006598234176635742,0.0008807182312011719,-0.022206485271453857,0.008945465087890625
2023-07-14,-0.005791425704956055,-0.016888022422790527,0.0,-0.0037567615509033203,-0.01856684684753418,0.0024117231369018555,-0.004927396774291992,-0.009523868560791016,0.0024431943893432617,-0.00857234001159668,0.0014667510986328125,-0.022469282150268555,0.0008414983749389648
2023-07-17,-0.020665645599365234,-0.008942484855651855,0.006346344947814941,0.004132568836212158,0.013415336608886719,0.02706766128540039,-0.009161233901977539,-0.0032813549041748047,0.006423234939575195,0.016672134399414062,-0.0026361942291259766,0.0066162943840026855,-0.020441055297851562
2023-07-18,0.0019319653511047363,-0.01125490665435791,-0.008108139038085938,0.011431276798248291,-0.0029064416885375977,-0.014934122562408447,-0.003068685531616211,-0.008176565170288086,0.013673841953277588,-0.0026596784591674805,-0.0023494362831115723,0.016650795936584473,-0.00847768783569336
2023-07-19,0.007123470306396484,-0.005982160568237305,0.015743255615234375,-0.016157150268554688,-0.005795836448669434,0.02883470058441162,-0.007903099060058594,-0.007704734802246094,-0.0038666725158691406,0.0009947419166564941,0.006476283073425293,-0.0026608705520629883,-0.0075882673263549805
2023-07-20,0.0017157196998596191,-0.008435964584350586,0.009538054466247559,0.007170736789703369,-0.00915825366973877,0.009245872497558594,-0.0059441328048706055,0.011468827724456787,-0.0014091730117797852,-0.0029871463775634766,0.0017548799514770508,0.0014475584030151367,-0.032855868339538574
2023-07-21,0.006015121936798096,0.024547457695007324,0.006790637969970703,-0.025906682014465332,-0.009992837905883789,0.0045806169509887695,-0.007166147232055664,-0.006106257438659668,0.0006566643714904785,-0.020185232162475586,0.004671573638916016,0.004107236862182617,-0.030918419361114502
2023-07-24,0.008016407489776611,-0.034865736961364746,-0.0023459792137145996,-0.004132270812988281,-0.0052498579025268555,-0.002279818058013916,-0.00586700439453125,-0.04794657230377197,0.015442311763763428,-0.0025949478149414062,0.0029060840606689453,-0.0012129545211791992,-0.020245850086212158
2023-07-25,-0.04999220371246338,-0.018475770950317383,-0.008818328380584717,-0.015927433967590332,-0.040775299072265625,-0.0025706887245178223,0.00992804765701294,0.006374835968017578,-0.03861558437347412,-0.011646747589111328,0.013908982276916504,-0.008238434791564941,-0.0006431937217712402
2023-07-26,-0.0018107891082763672,0.0074697136878967285,0.0020759105682373047,-0.057235002517700195,0.003184378147125244,0.005440950393676758,-0.0071446895599365234,-0.008445918560028076,0.0024787187576293945,0.0003198385238647461,-0.029151201248168945,0.00336456298828125,0.01625227928161621
2023-07-27,0.014159798622131348,0.00981050729751587,-0.021899938583374023,-0.0034056901931762695,-0.0049370527267456055,-0.04072916507720947,0.01182323694229126,-0.020442962646484375,-0.003037095069885254,0.011196434497833252,-0.012218832969665527,-0.0002410411834716797,-0.009302496910095215
2023-07-28,-0.005195140838623047,-0.00760042667388916,-0.016036272048950195,-0.013081669807434082,-0.008188128471374512,-0.043646037578582764,0.004156172275543213,0.0039130449295043945,-0.02032303810119629,-0.004529237747192383,0.006584346294403076,-0.018804311752319336,0.010029196739196777
2023-07-31,-0.008892655372619629,-0.029094815254211426,0.01168513298034668,0.018007993698120117,-0.01423656940460205,0.0121079683303833,0.018085241317749023,0.0028151273727416992,-0.005620241165161133,-0.030917882919311523,-0.015189170837402344,-0.018930435180664062,0.008465766906738281
2023-08-01,0.003088712692260742,0.009816765785217285,0.0,0.0024166107177734375,-0.011022090911865234,0.010736227035522461,-0.002962470054626465,-0.0062621235847473145,-0.002369523048400879,0.0021868348121643066,0.004624605178833008,-0.0,-0.014122068881988525
2023-08-02,0.014584779739379883,-0.006873726844787598,-0.02370816469192505,0.02664768695831299,-0.03484904766082764,-0.03459787368774414,0.0016695261001586914,-0.013907074928283691,0.020696699619293213,0.004383206367492676,0.01393824815750122,-0.03506737947463989,-0.01066368818283081
2023-08-03,-0.0053681135177612305,-0.0034134387969970703,-0.003424704074859619,-0.0046117305755615234,-0.007240772247314453,-0.02420628070831299,0.004373490810394287,-0.002864658832550049,-0.02090632915496826,0.02169811725616455,0.004988908767700195,-0.0036101341247558594,-0.004222989082336426
2023-08-04,0.008924424648284912,0.0027475953102111816,-0.021555721759796143,-0.07541525363922119,-0.0022367238998413086,-0.01546388864517212,0.014728665351867676,0.006408810615539551,-0.057508647441864014,-0.006750226020812988,-0.016434550285339355,-0.0019323229789733887,0.013611316680908203
2023-08-07,-0.0016162395477294922,0.012595176696777344,0.0006384849548339844,-0.0033200979232788086,-0.009551644325256348,0.004908323287963867,-0.006949901580810547,0.003952622413635254,0.007195234298706055,0.00191575288772583,0.0032885074615478516,0.010648608207702637,0.005658268928527832
2023-08-08,-0.002535700798034668,0.027637481689453125,-0.00861513614654541,0.031199336051940918,0.019779562950134277,-0.01204824447631836,0.006250858306884766,0.0017497539520263672,0.007566928863525391,-0.001919388771057129,-0.0032993555068969727,-0.005268216133117676,-0.006022632122039795
2023-08-09,0.008431077003479004,-0.012435197830200195,0.008046388626098633,-0.03352844715118408,0.013509631156921387,0.005932807922363281,-0.019394636154174805,0.0048035383224487305,-0.006856977939605713,-0.021072745323181152,-0.010413885116577148,0.02768421173095703,0.006617188453674316
2023-08-10,-0.0,0.005398809909820557,0.006704926490783691,-0.018075108528137207,-0.002665877342224121,-0.006225526332855225,0.0006427764892578125,-0.026510238647460938,-0.03541409969329834,-0.009693622589111328,-0.005153179168701172,-0.021784961223602295,0.004435300827026367
2023-08-11,-0.00340116024017334,-0.006920814514160156,-0.014589190483093262,0.023848891258239746,-0.01689732074737549,0.007253527641296387,0.004373490810394287,-0.009375035762786865,-0.01533818244934082,0.007742345333099365,-0.0013492107391357422,-0.004549801349639893,0.0042580366134643555
2023-08-14,0.020722627639770508,0.017385482788085938,-0.003218531608581543,0.016152024269104004,-0.025927424430847168,-0.013747990131378174,0.011111140251159668,-0.01870208978652954,-0.025022268295288086,-0.004057526588439941,-0.0037724971771240234,-0.00625455379486084,0.011777639389038086
2023-08-16,7.861852645874023e-05,0.015635669231414795,0.0035517215728759766,0.009381234645843506,0.012162327766418457,-0.007301628589630127,-0.008753538131713867,0.0016074180603027344,-0.0037533044815063477,-0.006217002868652344,-0.023087263107299805,0.0043572187423706055,-0.0007760524749755859
2023-08-17,0.0029108524322509766,0.016720056533813477,-0.00225222110748291,0.02471977472305298,-0.007386982440948486,0.0003343820571899414,0.012951672077178955,-0.005960583686828613,0.0038183927536010742,0.007723212242126465,-0.009446382522583008,-0.005784511566162109,-0.014445483684539795
2023-08-18,-0.03282308578491211,-0.006943464279174805,-0.012576580047607422,-0.016992807388305664,-0.006945788860321045,-0.0026738643646240234,0.01049727201461792,-0.010147571563720703,-0.005173146724700928,0.01338738203048706,0.0005199313163757324,-0.019878804683685303,0.007407426834106445
2023-08-21,-0.015278816223144531,0.015057623386383057,-0.0022861361503601074,-0.0003510713577270508,0.016786575317382812,-0.003016054630279541,-0.007558703422546387,0.02213418483734131,0.012949228286743164,-0.004102349281311035,-0.009102702140808105,0.010883092880249023,-0.014393031597137451
2023-08-22,-0.012114405632019043,-0.05472207069396973,-0.015384674072265625,0.01087796688079834,0.024371027946472168,-0.0013445019721984863,0.0018426775932312012,0.007978081703186035,0.002113819122314453,-0.0006284713745117188,-0.0010309219360351562,-0.0034255385398864746,-0.00023812055587768555
2023-08-23,-0.027284204959869385,-0.02492547035217285,-0.0066489577293396,0.004824817180633545,0.006235599517822266,-0.0006732344627380371,0.006988406181335449,0.007236480712890625,-0.006378352642059326,0.004082858562469482,0.0012873411178588867,0.000491023063659668,0.0011113882064819336
2023-08-24,0.011770129203796387,0.008723199367523193,-0.0200803279876709,0.01732492446899414,0.002192854881286621,0.021219372749328613,-0.01195061206817627,-0.0031432509422302246,0.009957551956176758,0.013245046138763428,0.005155980587005615,-0.0012270212173461914,-0.01681065559387207
2023-08-25,-0.01231306791305542,0.015200018882751465,0.003280818462371826,-0.0222012996673584,-0.013222992420196533,-0.014182090759277344,0.005511045455932617,-0.007207214832305908,0.009258747100830078,-0.00926816463470459,-0.023322105407714844,-0.007862448692321777,-0.004597187042236328
2023-08-28,0.0028297901153564453,-0.0017601251602172852,-0.015470743179321289,0.006246030330657959,0.007615804672241211,0.012378811836242676,-0.001187443733215332,0.00635218620300293,0.007686257362365723,-0.0028499364852905273,-0.024144351482391357,-0.004457592964172363,-0.009965896606445312
2023-08-29,0.001830458641052246,0.0002703070640563965,-0.004538059234619141,0.006213784217834473,-0.0013394355773925781,-0.0019828081130981445,-0.0,-0.0428314208984375,0.010383367538452148,-0.0025260448455810547,0.005709648132324219,0.008706450462341309,-0.009575307369232178
2023-08-30,-0.006622970104217529,0.0006759762763977051,0.014198124408721924,-0.002443552017211914,-0.00986778736114502,-0.02682119607925415,0.01436471939086914,-0.0010808706283569336,0.0009254217147827148,-0.00031495094299316406,-0.005406856536865234,-0.007398247718811035,-0.000991523265838623
2023-08-31,-0.025519251823425293,-0.0008116960525512695,-0.03436988592147827,-0.008675098419189453,-0.009966135025024414,-0.042531490325927734,0.020858347415924072,-0.009933114051818848,-0.003454864025115967,0.008816182613372803,-0.010328888893127441,-0.01391303539276123,-0.004549205303192139
2023-09-01,-0.0030670166015625,0.0039198994636535645,0.011186361312866211,0.012438714504241943,-0.05805313587188721,0.00995028018951416,0.000682830810546875,0.001496732234954834,0.00615239143371582,-0.04383742809295654,0.0,0.019652366638183594,0.0023266077041625977
2023-09-04,-0.0022086501121520996,0.02306962013244629,0.0016762018203735352,-0.002807021141052246,-0.011638641357421875,0.013018965721130371,-0.012981653213500977,0.01092076301574707,0.0015043020248413086,-0.006390810012817383,0.017852187156677246,-0.0022239089012145996,-0.0007876157760620117
2023-09-05,0.0015021562576293945,0.005973100662231445,0.016733646392822266,-0.03940284252166748,-0.005934953689575195,0.0069468021392822266,-0.01659250259399414,0.005845367908477783,0.0006784200668334961,-0.0009071826934814453,0.009444117546081543,-0.04631006717681885,0.0053511857986450195
2023-09-06,0.017840266227722168,0.008244752883911133,0.008887410163879395,-0.04163789749145508,-0.010166168212890625,0.00034499168395996094,-0.0,-0.017421603202819824,-0.039949655532836914,0.0003021359443664551,0.006950020790100098,-0.06887578964233398,0.0021042823791503906
2023-09-07,0.0033348798751831055,0.001268148422241211,0.004241347312927246,-0.03188598155975342,-0.012220382690429688,-0.002413809299468994,-0.0043790340423583984,-0.021404147148132324,0.01927739381790161,0.006950676441192627,-0.0026546120643615723,-0.006200194358825684,0.0013587474822998047
2023-09-08,-0.0031691789627075195,0.007477402687072754,0.022417187690734863,0.023063063621520996,-0.01660001277923584,0.027998685836791992,-0.028801679611206055,-0.009639501571655273,-0.003371000289916992,-0.014607429504394531,-0.0015970468521118164,-0.015184879302978516,0.006661176681518555
2023-09-11,0.02186727523803711,-0.022317051887512207,0.0050841569900512695,0.015716552734375,-0.003667473793029785,0.023537278175354004,-0.014768123626708984,0.006641745567321777,0.0046846866607666016,0.005698859691619873,0.0,0.004335582256317139,0.01078343391418457
2023-09-12,-0.024510562419891357,-0.05422693490982056,-0.04489403963088989,0.04182249307632446,-0.05080914497375488,-0.05978971719741821,-0.04391282796859741,-0.04032599925994873,-0.03489583730697632,0.013574659824371338,-0.03145831823348999,-0.057696521282196045,-0.014467000961303711
2023-09-13,-0.009646058082580566,-0.00029402971267700195,0.022178053855895996,-0.0047414302825927734,0.01704859733581543,0.013277411460876465,0.019457221031188965,0.006749391555786133,0.015369415283203125,-0.01681959629058838,0.00495457649230957,0.006700634956359863,0.005002498626708984
2023-09-14,0.008404731750488281,0.0004411935806274414,0.009391307830810547,0.004094481468200684,0.013878941535949707,0.017241358757019043,0.019086003303527832,0.019031167030334473,0.013778448104858398,-0.021654129028320312,0.015338301658630371,0.032361626625061035,0.00093841552734375
2023-09-15,-0.00864630937576294,-0.030427753925323486,-0.019249260425567627,0.01588737964630127,-0.016977787017822266,-0.027796626091003418,-0.032615602016448975,0.004668831825256348,0.00818336009979248,0.006770730018615723,0.02292954921722412,-0.012227654457092285,0.001834273338317871
2023-09-18,0.004400134086608887,0.017131686210632324,0.024533867835998535,-0.014444589614868164,-0.0029839277267456055,0.02196657657623291,0.00803375244140625,-0.01182931661605835,0.0005221366882324219,-0.0002963542938232422,0.005010485649108887,-0.011253654956817627,-0.008707046508789062
2023-09-20,-0.0036768317222595215,-0.0101357102394104,-0.022988557815551758,0.025127410888671875,0.0004534721374511719,0.0030705928802490234,-0.009145617485046387,-0.008978128433227539,-0.014090478420257568,-0.00829625129699707,-0.017318308353424072,0.005463242530822754,-0.022245943546295166
2023-09-21,0.004396915435791016,-0.0036138296127319336,0.00784313678741455,0.02083486318588257,-0.01994377374649048,0.025170087814331055,0.011207938194274902,-0.01596200466156006,-0.0197296142578125,0.008521854877471924,-0.017089426517486572,-0.007244765758514404,-0.007304131984710693
2023-09-22,-0.0046122074127197266,0.002417922019958496,-0.009403347969055176,0.005337774753570557,0.003977417945861816,-0.01094883680343628,-0.006259024143218994,-0.003068864345550537,0.00201261043548584,0.008595108985900879,0.005976557731628418,0.01003420352935791,-0.004144132137298584
2023-09-25,-0.003691256046295166,-0.021408140659332275,-0.0003273487091064453,0.014629185199737549,0.006449222564697266,-0.002683699131011963,-0.003674030303955078,0.00043976306915283203,-0.007789492607116699,-0.0023915767669677734,0.0013502836227416992,-0.0036125779151916504,-0.00619959831237793
2023-09-26,-0.0003153085708618164,-0.0016946196556091309,-0.0009822845458984375,0.005446076393127441,-0.007323265075683594,-0.0013453960418701172,0.0006585121154785156,0.0,0.016886353492736816,-0.012227892875671387,-0.007011771202087402,0.003625631332397461,0.0008972883224487305
2023-09-27,-0.010171830654144287,0.006481528282165527,-0.008194029331207275,-0.008701562881469727,-0.0030431747436523438,-0.016503870487213135,-0.020005345344543457,-0.00043958425521850586,-0.009565412998199463,0.0029463768005371094,-0.041010260581970215,-0.00722503662109375,0.011269927024841309
2023-09-28,-0.008762836456298828,0.02023923397064209,-0.01487112045288086,0.012642204761505127,0.0022199153900146484,-0.029109597206115723,-0.007655084133148193,-0.0109938383102417,-0.009069502353668213,-0.001181960105895996,-0.016697168350219727,-0.013418316841125488,-0.014690279960632324
2023-09-29,-0.014305293560028076,-0.009918928146362305,0.008050918579101562,-0.014310359954833984,0.02547299861907959,0.023985862731933594,0.014751672744750977,0.01111602783203125,0.018008112907409668,-0.023317694664001465,-0.02258145809173584,0.019824862480163574,0.004669904708862305
2023-10-03,-0.004076659679412842,-0.0013660788536071777,-0.015973329544067383,0.00542062520980835,-0.0034199953079223633,-0.0024112462997436523,-0.01200324296951294,0.015391349792480469,-0.07799971103668213,-0.0377848744392395,0.016060233116149902,-0.002712428569793701,-0.011428594589233398
2023-10-04,-8.183717727661133e-05,-0.005776047706604004,0.0,0.005823493003845215,-0.022306501865386963,-0.019682347774505615,-0.011474072933197021,-0.009094834327697754,-0.01217198371887207,-0.009892165660858154,0.0002550482749938965,-0.018585681915283203,-0.0017254948616027832
2023-10-05,-0.012772202491760254,0.008102774620056152,0.009469032287597656,0.0018023848533630371,0.014225006103515625,0.016202926635742188,0.007100820541381836,0.0008741617202758789,0.008284270763397217,-0.0030275583267211914,-0.0033162832260131836,-0.011085450649261475,-4.315376281738281e-05
2023-10-06,0.002819657325744629,-0.0086442232131958,0.008710265159606934,-0.008426070213317871,0.013570070266723633,0.01906406879425049,0.0012203454971313477,0.005240201950073242,-0.00022459030151367188,-0.0036440491676330566,-0.0025426149368286133,-0.007940292358398438,0.0016852617263793945
2023-10-09,-0.023651957511901855,-0.013002932071685791,-0.022251784801483154,0.021411478519439697,-0.02354210615158081,-0.0268707275390625,-0.02965867519378662,0.0,0.001481771469116211,0.0012191534042358398,-0.05249810218811035,-0.03130882978439331,-0.008541882038116455
2023-10-10,-0.029645919799804688,0.0027898550033569336,0.001358628273010254,-0.021879911422729492,0.009478211402893066,0.0003495216369628906,0.012002825736999512,-0.003909587860107422,0.002922952175140381,0.00974130630493164,-0.02626502513885498,0.007776498794555664,0.004438281059265137
2023-10-11,-0.005840659141540527,-0.0007727742195129395,0.006445169448852539,-0.0035810470581054688,0.005560636520385742,0.010482192039489746,0.01765275001525879,0.003924965858459473,-0.003202080726623535,-0.001507401466369629,0.02371448278427124,-0.0009645819664001465,-0.01585519313812256
2023-10-12,0.0031078457832336426,-0.0012373924255371094,0.018874168395996094,-0.034716010093688965,-0.049134254455566406,0.0193636417388916,0.007724642753601074,-0.038662075996398926,-0.009710550308227539,0.006642460823059082,-0.00312650203704834,0.016171932220458984,-0.001876235008239746
2023-10-13,0.012798428535461426,-0.003562033176422119,-0.002646327018737793,-0.028594017028808594,0.008900105953216553,-0.00881946086883545,0.007127523422241211,0.012547075748443604,-0.0045413970947265625,0.0023995637893676758,-0.007671952247619629,0.011638998985290527,4.2498111724853516e-05
2023-10-16,0.010720551013946533,0.003885626792907715,-0.0013266801834106445,0.00914996862411499,-0.01394951343536377,0.001368880271911621,0.0005341768264770508,-0.018636107444763184,-0.006293773651123047,0.00897669792175293,-0.014751434326171875,0.00046956539154052734,0.002256035804748535
2023-10-17,-0.0005879402160644531,-0.005728483200073242,0.022583842277526855,0.007895052433013916,-0.01152193546295166,0.022214651107788086,0.01214456558227539,-0.01330554485321045,-0.004756927490234375,-0.0014827847480773926,-0.03657674789428711,0.005397796630859375,-0.004778146743774414
2023-10-18,0.0041977763175964355,-0.011522948741912842,-0.013316035270690918,0.0013500452041625977,0.0031452178955078125,-0.020728886127471924,-0.013844847679138184,0.01354128122329712,0.012142717838287354,0.00326693058013916,0.009726345539093018,-0.007469594478607178,0.013247251510620117
2023-10-19,0.0018547773361206055,0.001732945442199707,0.010533332824707031,-0.00035572052001953125,0.013558447360992432,0.02185046672821045,-0.0013370513916015625,-0.048252880573272705,0.0025737881660461426,-0.0029603242874145508,0.0130196213722229,0.00047028064727783203,0.007659256458282471
2023-10-20,0.001942753791809082,-0.013681411743164062,-0.021824121475219727,0.012091100215911865,0.03431880474090576,-0.03975939750671387,-0.004418313503265381,-0.11888110637664795,-0.08346301317214966,-0.0005937814712524414,0.004628539085388184,-0.020216286182403564,0.0030785799026489258
2023-10-23,-0.029874682426452637,-0.03172832727432251,-0.011321961879730225,-0.03470116853713989,0.035538434982299805,-0.01565760374069214,-0.029989302158355713,-0.02703380584716797,-0.01097041368484497,-0.007427215576171875,-0.046965837478637695,-0.0273512601852417,0.015614867210388184
2023-10-25,-0.03960573673248291,-0.033262014389038086,-0.008420348167419434,-0.00977027416229248,0.009560048580169678,-0.01449275016784668,-0.004575014114379883,0.01835334300994873,-0.007067501544952393,-0.002693772315979004,-0.019516944885253906,-0.0002467036247253418,0.002297639846801758
2023-10-26,-0.030338823795318604,-0.023505330085754395,-0.015625,-0.009866654872894287,0.010495781898498535,-0.018292605876922607,-0.018523693084716797,-0.03178977966308594,-0.02164989709854126,-0.018607497215270996,-0.0024881958961486816,-0.004687845706939697,0.0139504075050354
2023-10-27,-0.04964876174926758,-0.04552590847015381,0.0,0.014757275581359863,0.002178192138671875,0.0065765380859375,0.009365677833557129,-0.011892378330230713,-0.0013641715049743652,0.021100878715515137,0.0039910078048706055,0.00644528865814209,-0.017651081085205078
2023-10-30,-0.006157994270324707,0.011845231056213379,-0.037957191467285156,0.014243006706237793,-0.003986358642578125,0.011252284049987793,0.018135786056518555,0.0088958740234375,0.02919161319732666,0.02186286449432373,0.006459593772888184,-0.0842365026473999,-0.020610809326171875
2023-10-31,-0.001064300537109375,0.012662529945373535,-0.006648898124694824,-0.02195119857788086,-0.007090210914611816,0.008255481719970703,0.018917441368103027,-0.008298814296722412,0.014992833137512207,-0.01377493143081665,-0.016292273998260498,-0.01048952341079712,0.010637879371643066
2023-11-01,0.02215135097503662,0.030266761779785156,-0.023778080940246582,-0.010579705238342285,0.01670891046524048,0.01957988739013672,-0.035506248474121094,-0.0031380057334899902,-0.02750873565673828,0.002674579620361328,0.009535670280456543,-0.029083967208862305,-0.0041522979736328125
2023-11-02,-0.003624558448791504,-0.02098405361175537,-0.010967731475830078,0.0014511346817016602,-0.03971362113952637,0.015014052391052246,-0.03219473361968994,0.0225602388381958,0.030577659606933594,-0.0023710131645202637,-0.0047228336334228516,0.0064389705657958984,-0.00992429256439209
2023-11-03,0.0010833740234375,0.021588921546936035,-0.0025527477264404297,-0.007397830486297607,-0.014599204063415527,0.010319948196411133,-0.010269999504089355,0.027706623077392578,0.004107475280761719,0.020499110221862793,0.010239720344543457,0.005563259124755859,0.0002154707908630371
2023-11-06,0.00406724214553833,-0.03883492946624756,-0.014003753662109375,0.002612471580505371,0.002986431121826172,0.020088553428649902,-0.037023067474365234,0.0014977455139160156,0.01453399658203125,0.017176151275634766,0.02620518207550049,0.0343015193939209,-0.008320093154907227
2023-11-07,0.014974117279052734,-0.000849604606628418,-0.019146323204040527,-0.009732604026794434,-0.013978362083435059,-0.0717623233795166,-0.05796933174133301,-0.0017448067665100098,0.0015178918838500977,-0.0005723834037780762,0.0009635686874389648,-0.009895622730255127,0.006498456001281738
2023-11-08,-9.21487808227539e-05,0.0015280842781066895,-0.03202950954437256,0.02182316780090332,0.0033121705055236816,-0.08439743518829346,0.006520271301269531,-0.011485636234283447,-0.008288741111755371,0.010882019996643066,-0.0033693909645080566,-0.005672633647918701,-0.005206942558288574
2023-11-09,0.01427912712097168,-0.07413709163665771,0.0017905235290527344,0.00848233699798584,0.0042212605476379395,0.002010345458984375,0.005526721477508545,-0.002273261547088623,-0.017384707927703857,-0.013314485549926758,-0.026563644409179688,0.0019016265869140625,0.010830879211425781
2023-11-10,-0.008411169052124023,0.016938447952270508,-0.0011957883834838867,-0.002553284168243408,-0.01217639446258545,-0.0023021697998046875,-0.0011577606201171875,-0.002025306224822998,0.012734651565551758,0.016652345657348633,0.011411547660827637,0.008405685424804688,-0.0018608570098876953
2023-11-12,-0.01343834400177002,-0.005475044250488281,-0.00029861927032470703,0.0054961442947387695,-0.006772398948669434,-0.002296924591064453,-0.0033538341522216797,0.00913238525390625,-0.0006239414215087891,0.0045185089111328125,0.008829951286315918,0.00726008415222168,-0.0067822933197021484
2023-11-13,0.00868767499923706,-0.010570049285888672,-0.008358120918273926,-0.02291274070739746,0.002920866012573242,-0.011171579360961914,-0.007030844688415527,-0.013574659824371338,-0.002161085605621338,-0.0050604939460754395,0.01872110366821289,0.007207632064819336,0.006865203380584717
2023-11-15,0.004151284694671631,0.0025356411933898926,-0.015393733978271484,0.0033718347549438477,-0.006657838821411133,-0.038243651390075684,-0.029300689697265625,-0.012996971607208252,0.0028394460678100586,0.018931984901428223,-0.0019092559814453125,0.0018553733825683594,-0.018059134483337402
2023-11-16,0.006113946437835693,-0.005243062973022461,-0.015743374824523926,-0.0055754780769348145,0.0037037134170532227,-0.02373814582824707,-0.025353074073791504,0.0020656585693359375,0.01147007942199707,0.011647224426269531,0.029172658920288086,-0.002116382122039795,-0.0018248558044433594
2023-11-17,0.00447392463684082,0.0017386674880981445,0.022100985050201416,-0.0019201040267944336,0.0013276934623718262,0.03571432828903198,0.014423608779907227,0.001288294792175293,-0.005076944828033447,-0.027138113975524902,-0.02346658706665039,-0.0068929195404052734,0.002160310745239258
2023-11-20,0.0056174397468566895,-0.0011082887649536133,-0.0049896240234375,0.005617499351501465,0.014092028141021729,0.00995016098022461,-0.0016505718231201172,-0.00874936580657959,-0.012256145477294922,0.007607817649841309,-0.003806769847869873,-0.004805147647857666,0.0026320815086364746
2023-11-21,-0.01788914203643799,0.010121703147888184,0.010806024074554443,-0.002219080924987793,-0.0034160614013671875,0.008096098899841309,0.01878499984741211,0.008566975593566895,0.0014002323150634766,-0.0047539472579956055,-0.020778656005859375,-0.0010729432106018066,-0.01255643367767334
2023-11-22,0.016464650630950928,-0.05048727989196777,-0.03838205337524414,0.00145721435546875,0.009675681591033936,-0.0019701719284057617,-0.0021271705627441406,0.0025739669799804688,-0.013162374496459961,-0.0008429288864135742,-0.01243901252746582,0.004833579063415527,-0.00390934944152832
2023-11-23,0.0019750595092773438,0.006387829780578613,-0.02416837215423584,0.017154335975646973,-0.00977027416229248,-0.07724714279174805,-0.027036070823669434,0.00205385684967041,0.003957271575927734,-0.001968562602996826,-0.01457148790359497,0.0016033649444580078,-0.003056764602661133
2023-11-24,-0.011967658996582031,-0.055564045906066895,0.0019434094429016113,-0.02815830707550049,0.003852367401123047,0.021903514862060547,0.0035896897315979004,0.004355669021606445,-0.002822399139404297,-0.009298384189605713,-0.0012531280517578125,-0.004535675048828125,0.0006679892539978027
2023-11-28,-0.1997392177581787,0.0013050436973571777,-0.03560495376586914,-0.0010985136032104492,-0.0068351030349731445,-0.07811248302459717,-0.04923582077026367,-0.006122410297393799,0.0025377273559570312,0.02673494815826416,0.00025093555450439453,0.0053604841232299805,-0.00020885467529296875
2023-11-29,-0.13714683055877686,-0.013068079948425293,-0.010206818580627441,0.005705595016479492,-0.004912972450256348,0.000989079475402832,-0.0034335851669311523,0.001796722412109375,0.006279468536376953,-0.009972333908081055,-0.038886070251464844,0.014662742614746094,-0.0026311874389648438
2023-11-30,0.032420992851257324,-0.06621754169464111,-0.017548561096191406,0.01177072525024414,-0.049866676330566406,-0.01584160327911377,-0.031522154808044434,-0.0030745267868041992,0.007498025894165039,0.015668749809265137,0.01738715171813965,0.01786649227142334,0.009705543518066406
2023-12-01,0.010369598865509033,0.007124662399291992,-0.005748629570007324,-0.013697624206542969,-0.03285074234008789,0.005847930908203125,0.004724562168121338,0.014649152755737305,-0.02088630199432373,-0.002203822135925293,-0.01548302173614502,-0.004130125045776367,-0.0071086883544921875
2023-12-04,-0.04390907287597656,0.015976130962371826,-0.05611848831176758,-0.013586044311523438,-0.04483973979949951,-0.09877443313598633,-0.0445408821105957,0.01621079444885254,-0.03353404998779297,-0.038376569747924805,-0.0590512752532959,0.01581132411956787,-0.010817289352416992
2023-12-05,-0.1988391876220703,-0.0011006593704223633,-0.024354219436645508,0.011230289936065674,0.01137608289718628,-0.014276266098022461,-0.016631245613098145,0.00648045539855957,-0.014698505401611328,-0.0,0.011654496192932129,0.005103349685668945,-0.007272124290466309
2023-12-06,-0.19986343383789062,0.016492605209350586,-0.001440882682800293,-0.0,-0.0018252134323120117,-0.007917284965515137,-0.014361858367919922,-0.007677018642425537,-0.0019284486770629883,0.0002658963203430176,0.013872861862182617,-0.024371743202209473,-0.009557843208312988
2023-12-07,-0.09997141361236572,-0.04918956756591797,-0.003836989402770996,0.006814718246459961,-0.010773181915283203,0.0032729506492614746,-0.018284082412719727,0.018218040466308594,-0.04426836967468262,0.01515960693359375,0.01031649112701416,-0.007434964179992676,0.001665949821472168
2023-12-08,0.0015535354614257812,-0.004661679267883301,0.009316742420196533,-0.0071566104888916016,0.012460768222808838,0.01598072052001953,0.022283613681793213,-0.016911745071411133,0.009215593338012695,0.014852821826934814,-0.010424017906188965,0.013038098812103271,0.0004884004592895508
2023-12-11,-0.013269305229187012,-0.03433644771575928,0.01085120439529419,-0.0007325410842895508,-0.0051583051681518555,0.04805338382720947,0.01167827844619751,0.0017451047897338867,-0.02003026008605957,-0.009320259094238281,0.003516972064971924,-0.0042372941970825195,-0.001465916633605957
2023-12-12,0.04943913221359253,0.00897204875946045,-0.007069706916809082,0.012444138526916504,0.016895651817321777,0.011451244354248047,-0.0004763603210449219,-0.017172694206237793,0.0072525739669799805,0.01222163438796997,0.019058823585510254,0.009679794311523438,-0.01439368724822998
2023-12-13,0.09841138124465942,-0.02095186710357666,0.00024211406707763672,0.001779019832611084,-0.01718604564666748,-0.05508267879486084,-0.01895427703857422,0.0017726421356201172,-0.0028623342514038086,0.011273026466369629,0.008155405521392822,-0.004511237144470215,0.004125356674194336
2023-12-14,-0.046787142753601074,0.022168755531311035,0.004116237163543701,-0.0700230598449707,-0.03323853015899658,-0.0020166635513305664,-0.004112839698791504,0.006572365760803223,-0.0006389617919921875,-0.014460444450378418,-0.04594922065734863,-0.010978102684020996,0.012407541275024414
2023-12-15,0.004374563694000244,0.041844844818115234,-0.0072939395904541016,0.014850795269012451,-0.002139568328857422,-0.023926615715026855,-0.03267550468444824,0.004520297050476074,-0.007194876670837402,-0.026041626930236816,0.003237009048461914,-0.00937807559967041,0.01274251937866211
2023-12-18,0.01566445827484131,0.003109753131866455,0.0038619041442871094,-0.010566353797912598,0.005642294883728027,0.013103306293487549,-0.004687666893005371,0.021000027656555176,-0.005199074745178223,0.010152280330657959,0.004175424575805664,-0.010757923126220703,0.010177850723266602
2023-12-19,0.004172563552856445,-0.02373528480529785,-0.0055730342864990234,-0.03290104866027832,0.004754304885864258,-0.003761887550354004,-0.0029610395431518555,-0.002448558807373047,-0.0006307363510131836,-0.006207823753356934,-0.060330867767333984,0.0012094974517822266,0.014716386795043945
2023-12-20,0.063873291015625,0.05524641275405884,0.022891581058502197,-0.0456201434135437,-0.047846436500549316,0.045194029808044434,-0.039452433586120605,-0.022091329097747803,-0.02891242504119873,-0.014753222465515137,-0.05623900890350342,-0.0336642861366272,-0.012079358100891113
2023-12-21,-0.025294065475463867,-0.022297024726867676,-0.022934675216674805,0.04263889789581299,0.022252798080444336,-0.03255605697631836,0.036229848861694336,0.010542154312133789,0.028821110725402832,0.002907693386077881,-0.04367721080780029,0.012531280517578125,0.01400768756866455
2023-12-22,-0.011472105979919434,0.0013717412948608398,0.006509125232696533,-0.07148194313049316,-0.0799492597579956,0.01855999231338501,-0.0038648247718811035,0.013412833213806152,0.00504755973815918,-0.006627798080444336,0.008170545101165771,0.013118743896484375,0.0009365081787109375
2023-12-26,0.0012546181678771973,0.0009615421295166016,-0.011404991149902344,-0.12304568290710449,-0.017078399658203125,-0.043973565101623535,0.037354469299316406,0.009313702583312988,-0.0038921236991882324,-0.016592025756835938,-0.02250349521636963,0.006596684455871582,0.005068182945251465
2023-12-27,-0.004070162773132324,0.015811920166015625,-0.0067179203033447266,0.029025495052337646,0.01441335678100586,0.006547331809997559,-0.012003183364868164,-0.0024283528327941895,-0.005882084369659424,0.008549213409423828,-0.0015720129013061523,0.003155350685119629,0.003413558006286621
2023-12-28,0.01876688003540039,0.018860042095184326,-0.02430880069732666,-0.015265822410583496,-0.03582930564880371,-0.10215294361114502,0.055638790130615234,0.00730288028717041,0.012552261352539062,-0.013326287269592285,-0.001177072525024414,0.02806675434112549,0.00726771354675293
2023-12-29,-0.007752418518066406,-0.0021358728408813477,0.03257328271865845,0.0011434555053710938,-0.0329662561416626,0.048435330390930176,-0.02702033519744873,0.011116504669189453,0.0021704435348510742,0.015729665756225586,0.027630746364593506,0.0009413957595825195,-0.007906079292297363
2024-01-01,-0.013158559799194336,0.00667804479598999,-0.0033670663833618164,-0.06651020050048828,-0.02624201774597168,-0.0018851757049560547,0.003685593605041504,0.006692171096801758,0.002623915672302246,-0.0015718936920166016,-0.017734766006469727,0.013402342796325684,0.002011537551879883
2024-01-02,4.9948692321777344e-05,0.0015734434127807617,-0.009108304977416992,0.014114797115325928,0.013451457023620605,-0.024670720100402832,0.0019642114639282227,0.011158585548400879,0.010177373886108398,-0.008108854293823242,-0.012079238891601562,0.004640340805053711,0.008300542831420898
2024-01-03,-0.09831154346466064,-0.0021489858627319336,-0.010451316833496094,-0.0016331672668457031,0.011947274208068848,-0.03468680381774902,0.017472028732299805,-0.008687436580657959,0.005016803741455078,-0.005967855453491211,-0.006260991096496582,0.007390379905700684,-0.01087409257888794
2024-01-04,-0.014372706413269043,0.016726255416870117,0.0181005597114563,-0.020815253257751465,-0.006421685218811035,0.016367614269256592,-0.011894762516021729,0.005210757255554199,0.0051555633544921875,-0.030693769454956055,0.007777571678161621,0.016276836395263672,0.005148530006408691
2024-01-05,0.022015869617462158,0.02893275022506714,-0.0009576082229614258,0.025874435901641846,-0.0031224489212036133,-0.012028813362121582,0.012037992477416992,0.015080094337463379,0.007978439331054688,-0.008258223533630371,0.006074786186218262,-0.01443713903427124,0.004274725914001465
2024-01-08,0.02044844627380371,-0.012576699256896973,-0.004305124282836914,0.040061235427856445,0.01860874891281128,-0.024168014526367188,-0.00041878223419189453,-0.012534797191619873,-0.02826911211013794,-0.007197856903076172,0.01636439561843872,-0.011215388774871826,-0.007784664630889893
2024-01-09,0.0008425116539001465,-0.02129232883453369,-0.010954976081848145,0.0030744075775146484,-0.00220644474029541,-0.024951696395874023,-0.005949854850769043,0.008462667465209961,-0.004031240940093994,0.0061606764793396,-0.0,0.019212961196899414,-0.0026667118072509766
2024-01-10,-0.0014990568161010742,-0.028232216835021973,0.019081294536590576,-0.001656174659729004,0.006742417812347412,0.021136105060577393,-0.010875046253204346,-0.02610725164413452,-0.015564382076263428,0.02107614278793335,0.025055110454559326,0.015444040298461914,-0.02697157859802246
2024-01-11,0.0062677860260009766,-0.02942824363708496,-0.016570568084716797,0.002451658248901367,0.0060953497886657715,-0.037015676498413086,0.02198922634124756,0.017711877822875977,-0.051288604736328125,0.0010131597518920898,-0.024465441703796387,-0.015432775020599365,-0.026300907135009766
2024-01-12,0.003530263900756836,0.0038298368453979492,0.001181185245513916,0.012517154216766357,-0.02174365520477295,-0.012827634811401367,0.01617872714996338,0.0061147212982177734,-0.01943385601043701,-0.05451321601867676,-0.0034116506576538086,-0.0038619041442871094,-0.007941722869873047
2024-01-15,0.017949938774108887,0.0019222497940063477,-0.004020810127258301,0.0008682608604431152,-0.017870545387268066,0.002753317356109619,0.01830124855041504,0.011687755584716797,0.0029267072677612305,-0.045203208923339844,-0.05739998817443848,0.011858582496643066,-0.01707160472869873
2024-01-16,0.012938857078552246,-0.01306915283203125,-0.027797341346740723,0.025605380535125732,-0.010654807090759277,-0.007546544075012207,0.04553508758544922,0.002310514450073242,-0.0017453432083129883,-0.006671309471130371,0.01815783977508545,0.018706321716308594,0.013987541198730469
2024-01-17,0.021392762660980225,-0.006110787391662598,0.0025211572647094727,0.029488682746887207,0.017371773719787598,0.008768796920776367,0.0037000179290771484,-0.0023052096366882324,0.005385220050811768,0.012797117233276367,0.0204198956489563,-0.01615041494369507,0.009457290172576904
2024-01-18,0.02091425657272339,-0.01633143424987793,-0.0034466981887817383,-0.05660367012023926,0.0034412741661071777,-0.013085246086120605,0.002918243408203125,0.01201486587524414,-0.03634846210479736,-0.0064814090728759766,-0.036971449851989746,0.03193163871765137,-0.004663586616516113
2024-01-19,-0.0075272321701049805,-0.019123554229736328,-0.0164872407913208,-0.007595062255859375,-0.03006303310394287,-0.02637803554534912,0.030170798301696777,0.018721461296081543,-0.01878523826599121,-0.03633856773376465,-0.04248058795928955,0.014382243156433105,0.0003654956817626953
2024-01-20,-0.05815243721008301,0.03375035524368286,-0.004280209541320801,0.00028765201568603516,0.011371910572052002,-0.00673520565032959,-0.004311323165893555,-0.005602896213531494,0.00837099552154541,-0.0,-0.019283175468444824,0.012889385223388672,0.00789785385131836
2024-01-23,0.049375057220458984,-0.03600811958312988,-0.041498422622680664,0.038620948791503906,-0.05751323699951172,-0.06443655490875244,-0.06442701816558838,-0.017804861068725586,0.0019393563270568848,-0.05015534162521362,-0.057112276554107666,-0.05302226543426514,0.020675957202911377
2024-01-24,-0.005871415138244629,-0.0041656494140625,0.030657649040222168,-0.027060985565185547,0.04853618144989014,0.029544472694396973,0.03407275676727295,-0.0020651817321777344,-0.025526762008666992,0.01939249038696289,0.013817906379699707,-0.0016112327575683594,-0.011515974998474121
2024-01-25,-0.0007483959197998047,-0.0071299076080322266,-0.005903720855712891,0.00792771577835083,0.005247950553894043,-0.05227559804916382,0.0018520355224609375,-0.0682915449142456,-0.021027684211730957,-0.0013751387596130371,0.0035474300384521484,0.014277040958404541,-0.006845712661743164
2024-01-29,-0.0326535701751709,0.02085214853286743,0.038373708724975586,-0.08085083961486816,0.0397564172744751,0.0545804500579834,0.02187478542327881,0.034304022789001465,-0.02929079532623291,-0.07872390747070312,0.0260465145111084,-0.024887800216674805,-0.07017230987548828
2024-01-30,0.007289707660675049,0.02668595314025879,0.023537158966064453,-0.01239466667175293,0.0014804601669311523,0.045903563499450684,0.007236003875732422,0.015509366989135742,-0.02071547508239746,0.012765944004058838,0.037352681159973145,-0.01731693744659424,0.02793419361114502
2024-01-31,0.015367448329925537,-0.020124197006225586,-0.0036535263061523438,-0.026633739471435547,0.003599405288696289,-0.019059300422668457,-0.005313217639923096,0.011278152465820312,-0.024624228477478027,-0.012068986892700195,-0.005942940711975098,-0.005869626998901367,-0.013498187065124512
2024-02-01,0.008149385452270508,-0.029789447784423828,0.012079358100891113,0.03635126352310181,0.006596684455871582,0.005882382392883301,0.0200120210647583,0.020446181297302246,0.010647296905517578,0.018313467502593994,0.02303493022918701,0.012643396854400635,-3.504753112792969e-05
2024-02-02,0.00483018159866333,0.037413179874420166,-0.0984654426574707,-0.04667818546295166,0.025004863739013672,0.0529860258102417,-0.09204888343811035,0.01366114616394043,-0.00919032096862793,-0.03882861137390137,0.024235248565673828,-0.013987421989440918,-0.021764278411865234
2024-02-05,0.010207653045654297,-0.05743288993835449,-0.029103636741638184,0.0015038251876831055,0.021415233612060547,0.04291486740112305,-0.07084965705871582,-0.011680185794830322,0.006093621253967285,-0.022134065628051758,0.028192639350891113,-0.01476585865020752,0.012828409671783447
2024-02-06,-0.0059653520584106445,0.020967602729797363,-0.060143232345581055,-0.022228002548217773,0.03099358081817627,0.05728578567504883,-0.06319773197174072,0.031363606452941895,-0.044960618019104004,-0.035750746726989746,0.04667854309082031,-0.062224745750427246,0.007783174514770508
2024-02-07,-0.04532897472381592,0.029544532299041748,0.012093186378479004,0.02052539587020874,-0.014323592185974121,0.005494475364685059,-0.011033892631530762,-0.009916245937347412,0.030737578868865967,0.001577913761138916,0.013722062110900879,0.025775015354156494,-0.010050415992736816
2024-02-08,0.016297340393066406,-0.01169896125793457,-0.03060305118560791,0.006276190280914307,0.004186034202575684,0.0031876564025878906,-0.03309285640716553,-0.020921409130096436,0.005616128444671631,-0.004346013069152832,0.05245351791381836,0.016466259956359863,-0.005512595176696777
2024-02-09,-0.0006353855133056641,0.017476975917816162,0.009781599044799805,-0.02281033992767334,-0.03674370050430298,-0.029353976249694824,0.05338788032531738,0.00022733211517333984,0.0030098557472229004,0.020259618759155273,0.005846261978149414,0.029157280921936035,-0.007344365119934082
2024-02-12,-0.0014652013778686523,0.022201478481292725,0.03898400068283081,0.03919363021850586,-0.024853169918060303,-0.016835510730743408,0.04043924808502197,-0.029318153858184814,0.015094995498657227,0.03593653440475464,-0.09154313802719116,-0.04863393306732178,0.005750477313995361
2024-02-13,0.017020225524902344,-0.09123241901397705,0.010095477104187012,0.013916254043579102,0.009192943572998047,-0.0004756450653076172,0.005627453327178955,0.018262624740600586,-0.017255067825317383,-0.006039142608642578,0.0020793676376342773,0.03503060340881348,-0.008778929710388184
2024-02-14,-0.002679109573364258,0.017422854900360107,-0.06693863868713379,-0.031941890716552734,0.034677743911743164,0.08581852912902832,-0.05432939529418945,0.004598736763000488,-0.009005904197692871,-0.03581035137176514,0.061452507972717285,0.02302241325378418,-0.011125564575195312
2024-02-15,0.003018319606781006,-0.08865928649902344,-0.04692387580871582,-0.008351564407348633,0.04535520076751709,0.06018996238708496,-0.03572499752044678,0.017853140830993652,-0.014697074890136719,-0.03177452087402344,-0.1291729211807251,0.018465042114257812,0.0072904229164123535
2024-02-16,0.0012407302856445312,-0.02226388454437256,-0.0028219223022460938,-0.04503583908081055,-0.00894463062286377,-0.016673624515533447,0.015605270862579346,-0.010793805122375488,-0.0034390687942504883,0.009490609169006348,-0.018644332885742188,0.0028328895568847656,0.006799936294555664
2024-02-19,-0.005466103553771973,-0.07336080074310303,0.0031450986862182617,-0.02407371997833252,0.0068569183349609375,-0.02003920078277588,-0.008365035057067871,-0.0004546046257019043,-0.002570509910583496,-0.0,-0.03582167625427246,0.017325878143310547,-0.009174346923828125
2024-02-20,-0.0003459453582763672,0.005873560905456543,-0.00763857364654541,0.02631324529647827,0.0008149147033691406,0.015587091445922852,-0.0013341903686523438,0.00045478343963623047,0.005949616432189941,-0.007039546966552734,-0.017670035362243652,-0.005368411540985107,0.0020352602005004883
2024-02-21,-0.00889289379119873,0.0268557071685791,0.03707975149154663,0.024888277053833008,-0.02012336254119873,-0.0363277792930603,0.03545564413070679,-0.004773855209350586,0.0009920597076416016,0.013398051261901855,0.03224605321884155,-0.0018611550331115723,0.0022433996200561523
2024-02-22,0.0028401613235473633,0.011811494827270508,0.011466741561889648,-0.013602375984191895,0.010802507400512695,-0.007890164852142334,0.014895856380462646,0.007994532585144043,-0.015126943588256836,-0.006494760513305664,-0.02268362045288086,0.011560678482055664,-0.009572863578796387
2024-02-23,-0.011049509048461914,0.008378028869628906,0.012638509273529053,0.0019602179527282715,-0.012859702110290527,-0.021944046020507812,0.02225470542907715,-0.007931113243103027,0.006391048431396484,0.0089949369430542,0.011528849601745605,0.0025806427001953125,-0.007997274398803711
2024-02-26,-0.04483199119567871,0.03954041004180908,-0.014729142189025879,0.028604567050933838,0.012253880500793457,0.027405500411987305,-0.009790420532226562,-0.015989065170288086,0.011387467384338379,0.008681893348693848,0.036511123180389404,0.005699515342712402,0.004217922687530518
2024-02-27,0.025335848331451416,0.022167444229125977,0.003283262252807617,-0.03400897979736328,-0.008873462677001953,-0.022424161434173584,0.02494901418685913,-0.020194947719573975,-0.004182577133178711,0.0019904375076293945,-0.007500052452087402,-0.01736748218536377,0.0011094212532043457
2024-02-28,0.0280454158782959,-0.06393182277679443,0.025138676166534424,0.039458513259887695,-0.006284832954406738,-0.04407799243927002,0.035214364528656006,-0.01492542028427124,0.030775845050811768,0.013163149356842041,0.01240694522857666,-0.027348875999450684,-0.020226895809173584
2024-02-29,-0.006624817848205566,0.008229970932006836,0.008892059326171875,-0.057312846183776855,0.016109824180603027,0.0043915510177612305,0.011488199234008789,0.024531006813049316,-0.012517094612121582,0.004648327827453613,0.036366045475006104,-0.0007650256156921387,0.0035724639892578125
2024-03-01,-0.013162374496459961,0.007957279682159424,-0.032119154930114746,-0.025177717208862305,0.01045215129852295,0.01577138900756836,-0.024239540100097656,0.018309831619262695,-0.00976860523223877,-0.022538065910339355,-0.07794702053070068,0.0338820219039917,-0.02142655849456787
2024-03-02,-0.0009142160415649414,-0.009281516075134277,-0.0031293630599975586,-0.0028411149978637695,0.0013365745544433594,0.003228306770324707,-0.01724696159362793,0.002766251564025879,-0.0011675357818603516,-0.005162835121154785,-0.006110787391662598,-0.0031474828720092773,0.0006701946258544922
2024-03-04,0.013652503490447998,0.018165290355682373,-0.024263381958007812,0.011668622493743896,0.034995079040527344,0.012565135955810547,-0.01848423480987549,0.026666641235351562,-0.02735579013824463,-0.026866793632507324,-0.0542832612991333,0.033246636390686035,-0.010931611061096191
2024-03-05,0.005604863166809082,-0.0040471553802490234,-0.007445096969604492,-0.01627635955810547,0.017046093940734863,0.005901932716369629,-0.003567218780517578,0.026869654655456543,-0.015405535697937012,-0.016352415084838867,-0.010561704635620117,-0.00035953521728515625,0.004776477813720703
2024-03-06,0.014017581939697266,-0.014856696128845215,0.01058119535446167,0.023473739624023438,-0.01885545253753662,-0.021363019943237305,-0.008855104446411133,-0.0621456503868103,-0.15063244104385376,0.012492835521697998,-0.003681659698486328,-0.01852184534072876,-0.001866459846496582
2024-03-07,-0.0033305883407592773,0.015660464763641357,0.021388530731201172,0.003084242343902588,-0.009946107864379883,-0.01737123727798462,0.016133010387420654,0.0,-0.010266244411468506,0.007667243480682373,0.005916476249694824,-0.014290928840637207,0.016034603118896484
2024-03-11,0.008967459201812744,0.06905698776245117,-0.0027753114700317383,0.036045849323272705,-0.02815145254135132,0.006883502006530762,0.0020732879638671875,-0.01464778184890747,-0.03039628267288208,0.014680325984954834,0.023330509662628174,-0.0068773627281188965,0.008317053318023682
2024-03-12,0.03504478931427002,0.009535610675811768,0.0017297863960266113,-0.01013803482055664,-0.01822108030319214,0.004816770553588867,0.008058428764343262,0.005663156509399414,0.022218823432922363,0.01293867826461792,0.004387557506561279,-0.014411389827728271,-0.0060002803802490234
2024-03-13,-0.09543049335479736,-0.09302324056625366,0.04418647289276123,0.06102484464645386,-0.06228065490722656,-0.0609247088432312,-0.05756533145904541,-0.043641507625579834,-0.06440234184265137,-0.05580931901931763,0.06341052055358887,-0.04329657554626465,-0.029280245304107666
2024-03-14,-0.1148911714553833,0.022608160972595215,-0.018491625785827637,-0.04253959655761719,0.04383409023284912,0.03457927703857422,-0.0447840690612793,0.008096098899841309,0.04199790954589844,0.030921339988708496,0.001176297664642334,0.011115550994873047,-0.0004886984825134277
2024-03-15,-0.016130685806274414,0.02790510654449463,0.036845862865448,0.012725412845611572,-0.01300513744354248,-0.06461876630783081,0.057238638401031494,0.004137277603149414,-0.005780398845672607,-0.01713937520980835,0.03048938512802124,-0.008637607097625732,-0.009290993213653564
2024-03-18,0.04221433401107788,0.04104912281036377,0.007022738456726074,-0.018994927406311035,0.01206815242767334,-0.016845345497131348,0.0013673901557922363,-0.006301522254943848,0.0037573575973510742,0.011002659797668457,0.01889592409133911,0.000990152359008789,0.015019059181213379
2024-03-19,0.002744734287261963,-0.023683547973632812,0.04206210374832153,0.02237933874130249,-0.016791343688964844,-0.03530627489089966,0.03601258993148804,-0.009512186050415039,-0.005713403224945068,-0.009034872055053711,-0.0009629726409912109,-0.011276006698608398,-0.009899258613586426
2024-03-20,0.009051024913787842,0.02567744255065918,-0.015737295150756836,0.003562033176422119,0.006063938140869141,0.01901686191558838,-0.020241379737854004,-0.007141053676605225,0.01830875873565674,0.017820119857788086,-0.035733938217163086,0.00040018558502197266,0.012980222702026367
2024-03-21,5.340576171875e-05,-0.016857504844665527,-0.0376816987991333,0.010514140129089355,0.0060274600982666016,0.04313385486602783,-0.04128098487854004,0.023809432983398438,0.028759360313415527,-0.0034609436988830566,-0.04551494121551514,-0.011599957942962646,0.00502169132232666
2024-03-22,-0.002991318702697754,-0.0029430389404296875,-0.008294939994812012,0.011103987693786621,-0.005379974842071533,0.0020253658294677734,-0.004144906997680664,0.0,0.01342916488647461,0.0012257099151611328,0.015484213829040527,0.0024281740188598633,0.0027567148208618164
2024-03-26,-0.01091766357421875,0.0050051212310791016,-0.012065768241882324,0.024767637252807617,0.03669559955596924,-0.001852869987487793,-0.01451408863067627,0.014050483703613281,0.012989997863769531,0.008569598197937012,-0.051050662994384766,0.024021029472351074,-0.009209632873535156
2024-03-27,0.030871331691741943,0.007917284965515137,0.007947921752929688,-0.016031265258789062,-0.0010672807693481445,-0.003374934196472168,0.00774383544921875,0.01624464988708496,0.009838581085205078,-0.014161467552185059,0.02072852849960327,-0.00689929723739624,-0.035550832748413086
2024-03-28,-0.007338523864746094,-0.13176226615905762,-0.012199640274047852,0.020007550716400146,0.004154801368713379,0.010159134864807129,-0.009722232818603516,0.01269388198852539,-0.004524707794189453,0.024215102195739746,-0.0023796558380126953,-0.0017864108085632324,0.004689037799835205
2024-04-01,-0.046408772468566895,0.02507549524307251,0.0028783082962036133,-0.08310270309448242,0.007211208343505859,-0.01491779088973999,-0.009301066398620605,0.02228415012359619,0.015358686447143555,0.0068122148513793945,0.015369236469268799,0.00815272331237793,0.0007066130638122559
2024-04-02,-0.006910443305969238,0.009874880313873291,-0.025076746940612793,-0.04888641834259033,0.005164384841918945,0.029436707496643066,-0.030501604080200195,0.0072661638259887695,0.01144397258758545,0.009751200675964355,-0.06611669063568115,0.028007864952087402,-0.001447916030883789
2024-04-03,0.0003584623336791992,-0.004754781723022461,0.007743775844573975,0.009691715240478516,0.03164410591125488,-0.016363680362701416,0.0029597878456115723,-0.004959464073181152,0.0032123327255249023,0.010051250457763672,-0.008808493614196777,0.03683805465698242,0.010323107242584229
2024-04-04,-0.008504986763000488,-0.013619542121887207,0.020397305488586426,0.0007376670837402344,-0.01369553804397583,-0.028398513793945312,0.02425473928451538,-0.009741723537445068,-0.007400333881378174,-0.023024380207061768,0.021828889846801758,-0.025166630744934082,0.005911886692047119
2024-04-05,0.005283474922180176,0.012070178985595703,0.01357954740524292,-0.000492095947265625,0.02272212505340576,-0.000691831111907959,0.010227859020233154,-0.0526195764541626,0.03243839740753174,-0.00359499454498291,-0.010735869407653809,0.006833791732788086,0.0019140243530273438
2024-04-08,0.012461721897125244,-0.00011527538299560547,-0.0027532577514648438,0.007870495319366455,0.052457332611083984,0.003807544708251953,-0.014323115348815918,-0.03325366973876953,0.029787540435791016,0.009220242500305176,0.00608670711517334,0.012254953384399414,-0.01773858070373535
2024-04-09,0.00480961799621582,-0.014060139656066895,0.010616838932037354,-0.07660269737243652,0.015405893325805664,-0.009137928485870361,0.008575677871704102,-0.0008413791656494141,-0.018002808094024658,-0.0057596564292907715,-0.008285284042358398,0.0266343355178833,0.015040338039398193
2024-04-10,0.0008834600448608398,-0.05318784713745117,-0.03256237506866455,0.013217270374298096,-0.008084774017333984,-0.06472945213317871,-0.025624394416809082,-0.002522110939025879,-0.000102996826171875,0.01158607006072998,-0.003334522247314453,-0.048439741134643555,-0.010897397994995117
2024-04-12,0.013783395290374756,-0.03647351264953613,0.00609201192855835,-0.01362764835357666,-0.0054514408111572266,0.019447684288024902,0.017438173294067383,0.029140472412109375,-0.018918514251708984,-0.02310425043106079,0.0329970121383667,-0.00986325740814209,0.008414387702941895
2024-04-15,0.022994577884674072,-0.014992237091064453,0.019109487533569336,0.05663245916366577,0.012984991073608398,0.02349996566772461,0.023039638996124268,-0.015763282775878906,0.017638444900512695,-0.05296146869659424,-0.017675161361694336,0.0015420913696289062,0.0016017556190490723
2024-04-16,-0.0016194581985473633,-0.07898247241973877,-0.0045948028564453125,-0.0021475553512573242,0.010506987571716309,-0.0023894309997558594,-0.016382575035095215,0.016368985176086426,0.007256269454956055,-0.011902332305908203,-0.001809239387512207,-0.009953618049621582,-0.00064849853515625
2024-04-18,0.008191823959350586,0.041829049587249756,0.004573702812194824,0.013490498065948486,-0.011177599430084229,-0.01941084861755371,-0.0,-0.054895222187042236,-0.04319030046463013,0.031682729721069336,0.031784236431121826,0.019711077213287354,0.0009891986846923828
2024-04-19,0.008422553539276123,0.018652677536010742,0.006616413593292236,0.004097580909729004,-0.007833778858184814,-0.0025054216384887695,0.014558732509613037,-0.0025153756141662598,-0.0070296525955200195,-0.003722548484802246,0.005471289157867432,0.00606691837310791,-0.003960847854614258
2024-04-22,-0.006740450859069824,-0.0333636999130249,-0.03034234046936035,-0.002924799919128418,-0.01584446430206299,-0.029490232467651367,-0.026645660400390625,0.0022925138473510742,-0.005498290061950684,-0.005855917930603027,0.005126237869262695,0.0073247551918029785,-0.006632208824157715
2024-04-23,-0.00500798225402832,-0.052245378494262695,0.017417848110198975,-0.0009390115737915039,0.004522919654846191,0.01893514394760132,0.01708853244781494,0.025846242904663086,0.01712799072265625,-0.0,0.010054051876068115,0.008432865142822266,0.013886511325836182
2024-04-24,0.003953874111175537,-0.12412834167480469,-0.0007308721542358398,-0.019455790519714355,0.03880786895751953,-0.009402871131896973,-0.003986954689025879,0.010033488273620605,0.010622382164001465,-0.009314894676208496,-0.029706716537475586,-0.011870980262756348,0.006235957145690918
2024-04-25,0.0014681816101074219,0.007196009159088135,-0.0169832706451416,0.004940688610076904,0.0028895139694213867,-0.00784444808959961,-0.008983850479125977,0.0,0.018912434577941895,-0.009036779403686523,-0.006904244422912598,-0.012257099151611328,-0.0067577362060546875
2024-04-26,-0.0010890960693359375,-0.05915188789367676,-0.009876132011413574,-0.006376981735229492,0.00025725364685058594,0.0001621842384338379,-0.008323073387145996,0.01545250415802002,0.008073091506958008,-0.0036205053329467773,-0.025835633277893066,-0.01989281177520752,0.005102694034576416
2024-04-29,0.00010883808135986328,-0.09517812728881836,-0.01546931266784668,0.002805471420288086,0.007252693176269531,-0.03065204620361328,-0.03160989284515381,0.004565238952636719,-0.012834131717681885,-0.0009492635726928711,0.011577963829040527,0.011702775955200195,-0.008571147918701172
2024-04-30,-0.010935187339782715,0.01285642385482788,0.01856064796447754,0.005675196647644043,-0.0021959543228149414,0.020928382873535156,-0.04658228158950806,0.015364646911621094,0.0009014606475830078,0.001138150691986084,0.0014490485191345215,-0.018191099166870117,-0.0013651847839355469
2024-05-02,-0.003282785415649414,0.05806171894073486,-0.04478144645690918,0.04170936346054077,-0.01934593915939331,-0.07955646514892578,0.028169870376586914,-0.011935234069824219,0.009456157684326172,0.00018984079360961914,-0.01656782627105713,-0.03269851207733154,0.00030672550201416016
2024-05-03,0.0018773674964904785,0.030434131622314453,0.007342875003814697,0.028202056884765625,-0.006106138229370117,-0.0011910200119018555,-0.016008615493774414,-0.01811903715133667,-0.019249916076660156,-0.01158595085144043,-0.00035691261291503906,0.02154397964477539,-0.022194981575012207
2024-05-06,0.014241158962249756,0.036169469356536865,0.03130912780761719,-0.01807236671447754,-0.02945810556411743,0.0391077995300293,-0.027393698692321777,-0.02680140733718872,-0.011335790157318115,0.01389402151107788,-0.004400014877319336,0.02735614776611328,-0.010111570358276367
2024-05-07,0.015319228172302246,0.004959523677825928,0.009767353534698486,0.03200411796569824,-0.025482892990112305,-0.0004642009735107422,-0.0392727255821228,-0.014446914196014404,-0.05325925350189209,0.03027421236038208,-0.005091190338134766,0.025038540363311768,-0.012680530548095703
2024-05-08,0.008304715156555176,0.014205098152160645,-0.026363015174865723,-0.006697416305541992,0.043526649475097656,-0.018252134323120117,0.02057671546936035,0.033440232276916504,0.030613303184509277,-0.011977314949035645,-0.006243348121643066,-0.03289365768432617,0.012165546417236328
2024-05-09,0.019037485122680664,0.02435314655303955,-0.045081257820129395,0.03849196434020996,-0.038997650146484375,0.04374903440475464,-0.04194200038909912,-0.024822711944580078,-0.03543448448181152,-0.04190927743911743,-0.03640836477279663,0.03729569911956787,-0.017235934734344482
2024-05-10,0.013089776039123535,-0.03402996063232422,0.044647812843322754,-0.021636366844177246,-0.0039307475090026855,-0.0011119842529296875,0.01569533348083496,0.013636350631713867,-0.02210944890975952,0.019036054611206055,0.0029158592224121094,-0.012736678123474121,0.009540200233459473
2024-05-13,0.005997359752655029,0.0025058388710021973,-0.018917560577392578,0.010481595993041992,0.0021120309829711914,0.0028561949729919434,-0.004919886589050293,-0.02533632516860962,-0.01118922233581543,-0.012718677520751953,-0.023985445499420166,0.00681227445602417,-0.003339529037475586
2024-05-14,-0.054649949073791504,-0.0015072822570800781,-0.001606762409210205,-0.0013580322265625,0.03677201271057129,0.014163017272949219,0.007590532302856445,0.022544264793395996,0.024926066398620605,0.022544264793395996,0.025319576263427734,-0.021983861923217773,0.012404680252075195
2024-05-15,-0.008416295051574707,0.006939828395843506,0.031473517417907715,0.002658069133758545,0.003530740737915039,-0.028087258338928223,0.016034245491027832,-0.01057368516921997,-0.024851083755493164,0.0019685029983520508,0.021789073944091797,-0.009981155395507812,-0.0026758313179016113
2024-05-16,0.010691702365875244,-0.0058095455169677734,-0.009882152080535889,-0.006091952323913574,-0.026387333869934082,0.015858113765716553,0.006802201271057129,0.0011368989944458008,0.019765019416809082,0.015324115753173828,0.00758206844329834,-0.016016244888305664,0.0063898563385009766
2024-05-17,-0.007554054260253906,-0.006780505180358887,0.015233755111694336,-0.01784074306488037,0.043199777603149414,-0.01659226417541504,0.007702231407165527,0.00045430660247802734,0.006447911262512207,-0.0007739067077636719,0.002351522445678711,-0.00016772747039794922,0.007261395454406738
2024-05-18,0.0009303689002990723,-0.04913949966430664,0.0012073516845703125,-0.006958127021789551,0.023775815963745117,0.0037665367126464844,0.005430817604064941,0.007945537567138672,0.0006445646286010742,0.005809426307678223,0.011143684387207031,-0.004191875457763672,-0.0006268024444580078
2024-05-21,-0.0188978910446167,-0.03487086296081543,0.023772597312927246,0.006382584571838379,-0.021788179874420166,-0.044580936431884766,0.012670040130615234,-0.007207214832305908,-0.016745030879974365,0.003850579261779785,0.027030110359191895,0.01569545269012451,0.0009059906005859375
2024-05-22,-0.0051610469818115234,0.028488337993621826,-0.005384504795074463,0.0062111616134643555,-0.01687544584274292,-0.006786346435546875,0.0002633333206176758,0.0011342763900756836,0.000385284423828125,-0.00747990608215332,-0.011295616626739502,-0.0039016008377075195,0.017094969749450684
2024-05-23,-0.023372769355773926,0.0066214799880981445,0.0106581449508667,-0.00598299503326416,-0.001492619514465332,-0.00988626480102539,0.006319999694824219,0.029685020446777344,-0.004275083541870117,0.019710183143615723,-0.00445556640625,0.004731297492980957,0.017389535903930664
2024-05-24,-0.024093270301818848,-0.12720203399658203,0.010378241539001465,0.0036109089851379395,0.019966959953308105,-0.015573978424072266,0.0052335262298583984,0.014084458351135254,-0.0012377500534057617,-0.000758051872253418,0.01273810863494873,0.009337842464447021,-0.0039029717445373535
2024-05-27,0.007297813892364502,-0.048433661460876465,0.002816438674926758,0.01737368106842041,-0.00984036922454834,-0.025996804237365723,0.0006507635116577148,0.0008680820465087891,0.010766386985778809,-0.019912779331207275,0.009745001792907715,0.011996567249298096,-0.009457886219024658
2024-05-28,0.021488726139068604,-0.013294816017150879,-0.014538228511810303,0.013179361820220947,-0.009568095207214355,0.01907479763031006,-0.011446356773376465,0.024935007095336914,-0.008276104927062988,-0.01180332899093628,-0.023341894149780273,0.017866432666778564,-0.006854236125946045
2024-05-29,0.0009981989860534668,0.026704609394073486,-0.019782066345214844,-0.0005496740341186523,0.0009607076644897461,0.017268836498260498,-0.012499988079071045,-0.02369368076324463,0.007456660270690918,-0.009007275104522705,-0.02389979362487793,-0.0026491880416870117,-0.010575413703918457
2024-05-30,-0.004680514335632324,0.045547425746917725,-0.012314021587371826,-0.00241696834564209,-0.006451904773712158,0.006202042102813721,-0.01958698034286499,-0.010617554187774658,-0.017564058303833008,-0.019166171550750732,-0.012595653533935547,0.011273622512817383,-0.011070311069488525
2024-05-31,-0.08804440498352051,-0.008417129516601562,0.0031168460845947266,-0.038851380348205566,0.024580001831054688,-0.005646347999572754,0.0029219388961791992,-0.031975507736206055,0.01335000991821289,-0.00866234302520752,0.010491132736206055,-0.012114763259887695,0.0038951635360717773
2024-06-03,-0.07707107067108154,-0.017118215560913086,-0.06110823154449463,0.015349745750427246,-0.12969458103179932,-0.0862884521484375,-0.08300018310546875,-0.06108593940734863,-0.0620955228805542,-0.07478153705596924,-0.052973151206970215,-0.06512939929962158,-0.055858492851257324
2024-06-04,-0.1882258653640747,0.022602379322052002,-0.12900596857070923,-0.059356093406677246,-0.17545324563980103,-0.15478777885437012,-0.1235610842704773,-0.05714285373687744,-0.08388948440551758,-0.16827380657196045,-0.11182069778442383,-0.12262427806854248,-0.07481956481933594
2024-06-05,0.030318021774291992,-0.003913521766662598,0.0016809701919555664,0.033202409744262695,0.025473713874816895,0.022046923637390137,0.032193660736083984,0.00995028018951416,0.04097545146942139,0.047510743141174316,-0.023590266704559326,0.03541159629821777,0.016782283782958984
2024-06-06,0.035567402839660645,-0.1214827299118042,0.005407452583312988,0.007496476173400879,0.06531035900115967,0.020941615104675293,0.028492331504821777,0.03134799003601074,0.03460860252380371,0.019097208976745605,0.05155038833618164,0.05093681812286377,0.0076367855072021484
2024-06-07,0.008818507194519043,0.016811013221740723,0.026706218719482422,0.03671085834503174,0.02306067943572998,0.01665639877319336,0.003832697868347168,0.013894915580749512,0.015328645706176758,0.03215503692626953,0.007740497589111328,-0.0038082003593444824,0.02678823471069336
2024-06-10,-0.0074634552001953125,0.02211219072341919,0.004515886306762695,0.0363079309463501,-0.02118241786956787,-0.0037924647331237793,0.006497383117675781,0.0064239501953125,0.02251911163330078,-0.0047452449798583984,-0.012801766395568848,0.005039095878601074,0.0009864568710327148
2024-06-11,-0.014369606971740723,-0.013738155364990234,0.007732510566711426,-0.009828329086303711,0.022411823272705078,0.004111528396606445,0.01557314395904541,0.0012766122817993164,0.004921555519104004,0.05555558204650879,0.06792640686035156,0.04132080078125,-0.009990513324737549
2024-06-12,-0.005382180213928223,0.005446672439575195,0.010171175003051758,0.024789094924926758,0.019105076789855957,0.003791332244873047,0.007208347320556641,0.014024615287780762,0.018920421600341797,0.007069826126098633,0.021163344383239746,0.016935110092163086,0.004530906677246094
2024-06-13,-0.006199479103088379,-0.09675312042236328,0.009715557098388672,-0.012195110321044922,0.013418793678283691,0.004834532737731934,0.0007157325744628906,0.020536422729492188,0.010650396347045898,0.004095196723937988,0.023555994033813477,0.007673501968383789,0.0013325214385986328
2024-06-14,0.0007401704788208008,0.02906900644302368,0.011721491813659668,0.007061958312988281,0.00910329818725586,0.015486478805541992,0.008712053298950195,-0.009034872055053711,0.0030792951583862305,-0.004467010498046875,0.031865477561950684,0.002592325210571289,0.008394479751586914
2024-06-18,-0.00660330057144165,-0.02051067352294922,0.006570935249328613,-0.006003439426422119,0.0019297599792480469,-0.011844813823699951,-0.004705071449279785,-0.000414431095123291,0.003956794738769531,0.001560807228088379,-0.012116670608520508,-0.02310919761657715,0.0023349523544311523
2024-06-19,-0.01366657018661499,0.034737229347229004,-0.02387899160385132,0.01065826416015625,-0.02691507339477539,-0.028618574142456055,-0.01748478412628174,-0.024875640869140625,-0.017395436763763428,-0.015387654304504395,0.007815003395080566,-0.01803147792816162,-0.015091121196746826
2024-06-20,-0.0017791986465454102,-0.017589569091796875,0.01707148551940918,0.028473854064941406,0.010737299919128418,0.016658902168273926,0.013907194137573242,0.013605475425720215,0.04194176197052002,0.001186966896057129,-0.01626276969909668,0.011118650436401367,0.010317683219909668
2024-06-21,-0.003024578094482422,0.01465916633605957,-0.017650127410888672,-0.0002929568290710449,-0.017574846744537354,-0.024578869342803955,-0.014561593532562256,-0.011954665184020996,-0.01277625560760498,-0.008101165294647217,0.021567702293395996,0.01932680606842041,-0.013231992721557617
2024-06-24,-0.012135028839111328,0.0014876723289489746,-0.0075743794441223145,0.007668256759643555,-0.009816527366638184,-0.008866071701049805,-0.001979053020477295,0.007429361343383789,-0.00016808509826660156,0.0009959936141967773,-0.0010716915130615234,0.012585878372192383,-0.008733272552490234
2024-06-25,-0.024403631687164307,-0.019865870475769043,-0.029286444187164307,-0.02278125286102295,0.002314925193786621,-0.010043978691101074,-0.012095868587493896,-0.0012642145156860352,0.005782723426818848,-0.010945260524749756,0.00021457672119140625,-0.01872473955154419,0.008775591850280762
2024-06-26,0.0046656131744384766,-0.00736546516418457,0.006948232650756836,-0.009424090385437012,0.0013053417205810547,-0.003804624080657959,-0.0006691217422485352,0.001687765121459961,0.0027074813842773438,0.0030181407928466797,0.002359747886657715,-0.010857105255126953,0.041158080101013184
2024-06-27,0.010238885879516602,-0.032207369804382324,0.021790504455566406,-0.01492166519165039,0.021210551261901855,-0.002068817615509033,-0.004418849945068359,0.016427993774414062,0.0023669004440307617,-0.0010030269622802734,0.006206512451171875,0.01679694652557373,0.01093137264251709
2024-06-28,-0.0075321197509765625,-0.02195298671722412,-0.003198862075805664,-0.008844554424285889,0.007365226745605469,-0.0020729899406433105,0.013113617897033691,0.043721556663513184,0.062192320823669434,0.025100350379943848,0.02531111240386963,0.03205752372741699,0.022769570350646973
2024-07-01,-0.008872807025909424,0.020335674285888672,0.0021393299102783203,-0.08159387111663818,0.013647913932800293,-0.0025566816329956055,0.01281118392944336,0.04208850860595703,-0.09386932849884033,-0.00470125675201416,-0.012758016586303711,0.010618090629577637,-0.0033537745475769043
2024-07-02,0.018636345863342285,0.0023973584175109863,-0.0005336999893188477,0.012897133827209473,-0.003991186618804932,-0.009291887283325195,0.003997921943664551,-0.010097265243530273,0.021410584449768066,0.007085204124450684,0.019857168197631836,0.007526993751525879,0.0032367706298828125
2024-07-03,0.0006080865859985352,-0.015532493591308594,0.007297992706298828,-0.13536369800567627,-0.006855607032775879,0.0045278072357177734,0.0062667131423950195,-0.004233956336975098,0.007049262523651123,-0.0005863308906555176,0.020500659942626953,-0.007003903388977051,-0.00817781686782837
2024-07-04,-0.009611666202545166,-0.028281211853027344,-0.011839568614959717,-0.03321206569671631,-0.004423737525939941,0.0,0.0052547454833984375,0.0015461444854736328,0.018381595611572266,0.008603811264038086,-0.005955934524536133,-0.005485892295837402,0.0010306835174560547
2024-07-05,-0.006023764610290527,-0.03502476215362549,0.012160181999206543,-0.011015057563781738,0.017333984375,0.008531808853149414,0.00684046745300293,0.007911920547485352,-0.019956231117248535,0.04013180732727051,-0.005788564682006836,0.01591801643371582,0.022265076637268066
2024-07-08,-0.008304774761199951,-0.005151867866516113,-0.023321568965911865,0.008748412132263184,0.03374123573303223,-0.0142059326171875,-0.007370889186859131,0.005169510841369629,0.017888665199279785,0.038024306297302246,0.021552562713623047,-0.0007756948471069336,0.007742643356323242
2024-07-09,0.009279608726501465,-0.01116800308227539,0.0021708011627197266,0.005556941032409668,-0.005989432334899902,0.009067416191101074,0.009814739227294922,-0.0049523115158081055,0.0028460025787353516,-0.005566596984863281,0.018198251724243164,-0.007607460021972656,-0.006621241569519043
2024-07-10,-0.0013454556465148926,0.029666006565093994,0.0005414485931396484,-0.004848361015319824,0.0005137920379638672,0.013639330863952637,0.0014067888259887695,0.009953975677490234,-0.030974984169006348,0.0021668672561645508,0.007266998291015625,-0.005319178104400635,-0.0038357973098754883
2024-07-11,0.004434943199157715,0.03150773048400879,0.0209273099899292,0.007891714572906494,0.0007469654083251953,-0.04606616497039795,0.0153886079788208,0.006065249443054199,0.007110416889190674,0.022162199020385742,-0.07438826560974121,0.02658069133758545,-0.0022408366203308105
2024-07-12,-0.0015649199485778809,0.039516329765319824,-0.006715059280395508,-0.00783085823059082,-0.002985656261444092,0.023305058479309082,-0.002389669418334961,-0.009984910488128662,0.004167616367340088,0.0077561140060424805,-0.11515426635742188,-0.007660508155822754,0.010154008865356445
2024-07-15,0.0026869773864746094,-0.024590730667114258,0.010318517684936523,-0.06256890296936035,-0.03691744804382324,-0.017818450927734375,0.015948057174682617,0.014842987060546875,-0.026878833770751953,-0.0502011775970459,-0.039466142654418945,0.03211367130279541,0.00031316280364990234
2024-07-16,0.011612296104431152,-0.03553915023803711,0.02676522731781006,-0.012315750122070312,0.01579350233078003,-0.030141592025756836,0.006080508232116699,0.014063358306884766,0.002956211566925049,-0.0004996061325073242,0.031626760959625244,0.004188418388366699,-0.013116657733917236
2024-07-18,-0.01754969358444214,0.013148367404937744,0.007031440734863281,0.0361936092376709,0.019531428813934326,0.0016255974769592285,-0.006598770618438721,-0.012943804264068604,0.005526900291442871,-0.027967333793640137,0.0543249249458313,-0.012364029884338379,0.006629586219787598
2024-07-19,-0.001797497272491455,0.03528481721878052,-0.04512941837310791,0.053212881088256836,-0.03974747657775879,-0.0461810827255249,-0.024273693561553955,-0.009366810321807861,0.01699131727218628,-0.03627532720565796,0.02359384298324585,-0.01191556453704834,-0.01988399028778076
2024-07-22,-0.0027012228965759277,0.009597420692443848,0.014624595642089844,-0.01329052448272705,0.01417088508605957,0.015363097190856934,0.016288042068481445,0.029878973960876465,-0.01858067512512207,0.003360748291015625,0.02775341272354126,-0.004579424858093262,-0.03501272201538086
2024-07-23,-0.007843315601348877,0.014181017875671387,-0.007382690906524658,0.0144730806350708,-0.013828814029693604,-0.0006113052368164062,-0.014086246490478516,-0.019280195236206055,0.007834434509277344,-0.020599544048309326,0.01242685317993164,-0.022849202156066895,-0.008529305458068848
2024-07-24,0.012853264808654785,-0.04884922504425049,0.02939605712890625,-0.09712541103363037,0.01767444610595703,0.02186882495880127,0.017970561981201172,0.027522921562194824,-0.0215909481048584,0.017270922660827637,0.00884467363357544,-0.05116128921508789,0.0052422285079956055
2024-07-25,-0.009545743465423584,-0.011829257011413574,0.03560984134674072,-0.0014450550079345703,0.02114725112915039,-0.058066487312316895,-0.04772007465362549,-0.025145769119262695,0.00034230947494506836,0.05076479911804199,-0.04305434226989746,-0.04195284843444824,-0.002206265926361084
2024-07-26,0.0073699951171875,-0.010166049003601074,0.007973432540893555,0.018188774585723877,0.009792447090148926,-0.007637977600097656,0.0017266273498535156,0.010280370712280273,-0.05343949794769287,-0.012477993965148926,0.011024892330169678,-0.01948702335357666,0.011123061180114746
2024-07-29,0.005064964294433594,0.011349618434906006,0.027851104736328125,-0.00858604907989502,0.0053359270095825195,-0.012352585792541504,-0.021769046783447266,0.006845593452453613,0.0033313632011413574,0.004049897193908691,-0.03522694110870361,0.004216432571411133,0.007355809211730957
2024-07-30,0.0038635730743408203,0.0039020776748657227,0.030303001403808594,-0.010775327682495117,0.008076786994934082,-0.03965604305267334,-0.014242291450500488,0.016905546188354492,-0.028125762939453125,-0.00306546688079834,-0.004565715789794922,0.021171510219573975,-0.004572033882141113
2024-07-31,-0.0009482502937316895,0.05802208185195923,0.005446672439575195,0.03338521718978882,0.03090381622314453,0.009069085121154785,0.007078707218170166,-0.0097578763961792,0.011708974838256836,0.006959080696105957,0.009433150291442871,-0.015140533447265625,-0.005121767520904541
2024-08-01,-0.02233266830444336,-0.07352942228317261,-0.002785921096801758,0.024569213390350342,-0.008171558380126953,0.0021533966064453125,0.010664761066436768,-0.011678874492645264,0.02406996488571167,0.022340059280395508,-0.037226200103759766,0.001988649368286133,0.0065762996673583984
2024-08-02,0.007263362407684326,-0.04326045513153076,-0.005587399005889893,-0.01722121238708496,-0.008283734321594238,0.005665004253387451,0.013533294200897217,-0.0064623355865478516,-0.011674046516418457,-0.03395688533782959,-0.011601686477661133,0.014517426490783691,-0.01055896282196045
2024-08-05,-0.05704700946807861,0.004079699516296387,-0.015607953071594238,0.04995846748352051,-0.05251032114028931,0.0013564825057983398,-0.03777170181274414,-0.018397986888885498,0.028469204902648926,-0.06021153926849365,0.05008244514465332,0.018919765949249268,-0.03468286991119385
2024-08-06,0.012893080711364746,-0.005281984806060791,-0.020612001419067383,0.021275639533996582,-0.005241870880126953,0.006791651248931885,-0.021046817302703857,0.014009833335876465,0.014163851737976074,-0.013333380222320557,0.007556736469268799,-0.0035331249237060547,0.006045699119567871
2024-08-07,0.008409261703491211,-0.0014296174049377441,0.02687382698059082,-0.05789756774902344,0.04531741142272949,-0.02830970287322998,0.03120863437652588,0.02277827262878418,-0.025708436965942383,-0.07511401176452637,-0.08139336109161377,-0.01818978786468506,0.006009459495544434
2024-08-08,-0.0004569888114929199,-0.003340601921081543,-0.01576542854309082,0.0011661052703857422,-0.02657991647720337,0.01981651782989502,-0.011494278907775879,-0.010587811470031738,0.005597412586212158,0.01926213502883911,0.00801229476928711,-0.001873016357421875,-0.010718226432800293
2024-08-09,-0.005885720252990723,0.027772068977355957,0.017139196395874023,-0.0027376413345336914,0.0003294944763183594,0.003934919834136963,-0.006741702556610107,-0.008487045764923096,-0.0015250444412231445,-0.03045940399169922,-0.05074656009674072,-0.0074776411056518555,0.017390131950378418
2024-08-12,-0.040926575660705566,-0.004658877849578857,0.0,0.004496753215789795,0.01986074447631836,-0.008037090301513672,0.00043594837188720703,0.010420441627502441,-0.011545181274414062,-0.026328563690185547,-0.03618288040161133,-0.018983840942382812,-0.0092926025390625
2024-08-13,0.020497441291809082,0.002942204475402832,-0.03496062755584717,0.018794119358062744,-0.020489156246185303,0.022027015686035156,-0.029876768589019775,-0.004419922828674316,0.019761383533477783,0.015895545482635498,-0.030123591423034668,0.014988124370574951,0.002053976058959961
2024-08-14,-0.009514272212982178,0.0005333423614501953,0.010280609130859375,0.01940065622329712,-0.0021671056747436523,-0.004698038101196289,-0.002309739589691162,-0.003884553909301758,0.033841490745544434,0.023028910160064697,0.04139077663421631,0.010096728801727295,-0.001195669174194336
2024-08-16,0.005810856819152832,-0.0007995963096618652,0.022936582565307617,-0.027916312217712402,0.026015043258666992,-0.018154382705688477,0.020964622497558594,0.013556122779846191,-0.050748586654663086,-0.004419684410095215,-0.02853238582611084,-0.017957210540771484,0.011184453964233398
2024-08-19,0.00966799259185791,0.04094696044921875,0.034107089042663574,-0.004363298416137695,0.02742624282836914,-0.01972174644470215,0.017447710037231445,0.004397273063659668,-0.012624382972717285,-0.017112135887145996,-0.017485618591308594,-0.012136697769165039,0.006900310516357422
2024-08-20,0.0032112598419189453,0.047536611557006836,0.016338348388671875,0.01067805290222168,-0.009226500988006592,-0.02357923984527588,0.012629270553588867,0.0003648996353149414,0.0022544264793395996,0.015382111072540283,0.02443617582321167,-0.007947564125061035,0.005072474479675293
2024-08-21,-5.817413330078125e-05,-0.023301303386688232,0.005108237266540527,-0.07103872299194336,-0.0024411678314208984,-0.0278245210647583,0.009659409523010254,0.0034645795822143555,-0.01178741455078125,0.007323026657104492,0.0020812153816223145,0.0020749568939208984,0.0018383264541625977
2024-08-22,0.002153635025024414,0.013212203979492188,-0.0032885074615478516,-0.008736252784729004,-0.008836686611175537,0.0025182366371154785,-0.000605463981628418,-0.0179901123046875,0.023461639881134033,0.00999993085861206,-0.014673113822937012,-0.009564638137817383,-0.00040030479431152344
2024-08-23,-0.003020167350769043,-0.014028787612915039,0.005998849868774414,0.016789555549621582,-0.01961416006088257,0.0023984313011169434,-0.0038170814514160156,-0.03034794330596924,0.026312172412872314,0.017055869102478027,-0.0008808374404907227,0.02732384204864502,0.0012682676315307617
2024-08-26,-0.0025632381439208984,-0.030587971210479736,-0.0028324127197265625,0.010894775390625,0.02518308162689209,0.0011387467384338379,0.0019463300704956055,0.0022901296615600586,-0.0029145479202270508,-0.028133392333984375,-0.030216336250305176,0.001835167407989502,0.00839996337890625
2024-08-27,0.00029206275939941406,-0.019074082374572754,-0.005979955196380615,-0.043473243713378906,0.005367755889892578,0.001773536205291748,-0.0012140870094299316,0.017136335372924805,-0.004119277000427246,-0.003113269805908203,-0.02306544780731201,0.0021213293075561523,-0.008032560348510742
2024-08-28,-0.00881648063659668,0.0006591081619262695,-0.002707242965698242,0.0022084712982177734,-0.004434168338775635,-0.005583763122558594,0.0028564929962158203,0.008423805236816406,-0.005451202392578125,0.00326693058013916,-0.010924816131591797,0.00410991907119751,-0.0014328360557556152
2024-08-29,-0.013312876224517822,-0.012054502964019775,0.023978352546691895,0.029336750507354736,-0.015088796615600586,-0.022841930389404297,0.017817139625549316,0.008724689483642578,0.006008446216583252,-0.005571842193603516,-0.010324835777282715,0.006261587142944336,0.015083789825439453
2024-08-30,-0.008537352085113525,0.0036003589630126953,0.0032401084899902344,0.005449473857879639,0.024918079376220703,-0.007649660110473633,0.0007145404815673828,0.017298460006713867,-0.007703542709350586,-0.0035854578018188477,-0.009674310684204102,-0.004868984222412109,-0.007429838180541992
2024-09-02,0.02107548713684082,-0.06776511669158936,0.002348780632019043,0.007538914680480957,-0.015307724475860596,-0.02093791961669922,0.009995818138122559,-0.009587526321411133,-0.00803530216217041,0.013803184032440186,0.019905507564544678,0.003562748432159424,0.0044051408767700195
2024-09-03,0.003833174705505371,-0.040754079818725586,-0.008640825748443604,-0.021888136863708496,-0.006492674350738525,0.004557430744171143,-0.014609694480895996,0.014429211616516113,-0.01414334774017334,0.01218503713607788,-0.004956960678100586,0.016304373741149902,-0.004715621471405029
2024-09-04,0.004053592681884766,-0.014348030090332031,0.005170583724975586,-0.012836098670959473,-0.011045098304748535,-0.045180678367614746,0.0051413774490356445,-0.011523246765136719,-0.003411531448364258,0.024504125118255615,-0.06521886587142944,-0.011340498924255371,0.003611445426940918
2024-09-05,-0.012345671653747559,-0.0016503334045410156,0.009700179100036621,0.015435218811035156,-0.00800412893295288,-0.00760805606842041,0.024326443672180176,0.012750506401062012,-0.020888805389404297,0.009227633476257324,-0.04008793830871582,-0.008481979370117188,-0.0142287015914917
2024-09-06,-0.02043837308883667,0.03854072093963623,-0.023726344108581543,0.014024972915649414,-0.023267745971679688,-0.03146094083786011,-0.02589714527130127,-0.02446037530899048,0.02008843421936035,0.008451104164123535,-0.04267829656600952,-0.0359230637550354,-0.018888115882873535
2024-09-09,-0.014514684677124023,-0.0067931413650512695,-0.012375116348266602,0.02954012155532837,-0.02271747589111328,-0.0298842191696167,-0.00733184814453125,-0.01917409896850586,-0.003507256507873535,0.03217953443527222,0.011324644088745117,-0.031051337718963623,-0.0016043782234191895
2024-09-10,-0.0014728307723999023,-0.034526824951171875,-0.005283832550048828,-0.014456629753112793,0.009976387023925781,-0.00012171268463134766,0.0011409521102905273,0.014285683631896973,-0.010431051254272461,0.010963380336761475,-0.0396655797958374,-0.006867110729217529,-0.000649571418762207
2024-09-11,-0.010755360126495361,0.0008813738822937012,-0.01639103889465332,0.015200674533843994,-0.012456774711608887,-0.028251349925994873,-0.03304940462112427,-0.02186805009841919,0.030299782752990723,0.034890055656433105,-0.04467076063156128,-0.015211999416351318,-0.006842255592346191
2024-09-12,0.001242518424987793,0.01546698808670044,0.011880874633789062,-0.017766714096069336,0.01586604118347168,0.009649157524108887,0.02071833610534668,-0.005683958530426025,-0.011973261833190918,-0.030691146850585938,-0.004727542400360107,0.02184426784515381,-0.019497156143188477
2024-09-13,-0.006267070770263672,0.04193294048309326,-0.0059468746185302734,0.005963623523712158,-0.008003056049346924,-0.006081700325012207,-0.0004254579544067383,-0.014481663703918457,0.017050564289093018,0.008951425552368164,0.011486291885375977,-0.023209691047668457,0.004865586757659912
2024-09-16,0.007493019104003906,-0.0005611181259155273,-0.004755377769470215,0.0057610273361206055,-0.004742801189422607,-0.001748204231262207,-0.007903695106506348,0.024361848831176758,-0.012648344039916992,-0.003686666488647461,0.03756833076477051,0.0037517547607421875,0.0008488297462463379
2024-09-17,-0.00898665189743042,0.019441723823547363,-0.00647348165512085,0.010909557342529297,0.008695721626281738,-0.003627777099609375,-0.007598936557769775,0.03454136848449707,-0.04861640930175781,-0.007346153259277344,0.012919783592224121,-0.005762279033660889,-0.000645756721496582
2024-09-18,-0.007567226886749268,0.019763588905334473,-0.006825864315032959,0.009979426860809326,-0.00813370943069458,-0.0030131936073303223,-0.01210331916809082,-0.022988438606262207,0.013953208923339844,0.014402985572814941,-0.033227741718292236,-0.005012571811676025,0.006011068820953369
2024-09-19,-0.021740496158599854,0.001750349998474121,-0.03467667102813721,0.020853757858276367,-0.03216296434402466,-0.023044943809509277,-0.020190000534057617,0.013258576393127441,-0.01696491241455078,0.01775801181793213,-0.039579808712005615,-0.028967320919036865,-0.004270672798156738
2024-09-20,0.01610410213470459,0.031302809715270996,0.020711898803710938,-0.012962102890014648,0.0058345794677734375,0.001675724983215332,0.012121200561523438,-0.006818950176239014,0.005534529685974121,-0.00357818603515625,-0.015136957168579102,0.006647229194641113,-0.011022686958312988
2024-09-23,-0.05914795398712158,-0.02755427360534668,0.02092587947845459,-0.008023381233215332,-0.03848683834075928,0.011838912963867188,0.016073107719421387,0.015030622482299805,-0.0144120454788208,-0.032276153564453125,0.03420400619506836,0.020132064819335938,-0.005047440528869629
2024-09-24,0.026815056800842285,0.013570785522460938,0.003105640411376953,0.008326888084411621,-0.01068580150604248,0.03395652770996094,0.0009305477142333984,0.005850076675415039,0.0016044378280639648,-0.01345217227935791,0.018125534057617188,-0.005525708198547363,0.0026784539222717285
2024-09-25,0.014576613903045654,0.007143378257751465,0.0018576383590698242,0.01160728931427002,-0.013071894645690918,0.0006150007247924805,-0.00043386220932006836,-0.0010905861854553223,-0.010160684585571289,0.002511262893676758,-0.023455917835235596,0.0007938146591186523,-0.0030548572540283203
2024-09-26,0.011234581470489502,0.003064393997192383,0.015605688095092773,0.00812065601348877,-0.022058844566345215,0.010817408561706543,0.009052634239196777,-0.0012735724449157715,-0.008390665054321289,0.011688530445098877,-0.025056183338165283,0.01919412612915039,-0.002677440643310547
2024-09-27,0.010541558265686035,0.012562692165374756,-0.06435418128967285,0.0032327771186828613,-0.02784872055053711,0.03794240951538086,-0.05051004886627197,0.0010930299758911133,0.009338676929473877,-0.00673222541809082,0.039968132972717285,0.009027242660522461,-0.018859148025512695
2024-09-30,-0.0035088062286376953,-0.03397178649902344,-0.007146954536437988,-0.006318211555480957,-0.013953447341918945,0.00597536563873291,-0.0008188486099243164,0.01656043529510498,0.0031850337982177734,-0.0014458894729614258,-0.010396182537078857,0.006478548049926758,-0.03249901533126831
2024-10-01,6.35385513305664e-05,-0.000719904899597168,0.004541516304016113,0.004980981349945068,0.0022267699241638184,0.00989985466003418,0.006078362464904785,-0.0003579258918762207,0.012987077236175537,0.019130051136016846,-0.02049434185028076,0.007509589195251465,-0.007991254329681396
2024-10-03,0.018055856227874756,0.03891432285308838,-0.05260908603668213,-0.035966694355010986,-0.0022764205932617188,-0.0671202540397644,0.04321998357772827,-0.0073424577713012695,-0.01647353172302246,-0.0003679990768432617,-0.05265933275222778,-0.05917239189147949,-0.03945934772491455
2024-10-04,0.01146000623703003,0.013882279396057129,-0.024680256843566895,-0.03098130226135254,-0.04208415746688843,-0.019656360149383545,0.01561063528060913,-0.008839905261993408,0.01869785785675049,-0.011035442352294922,-0.06301045417785645,0.01809561252593994,-0.014569997787475586
2024-10-07,0.02875298261642456,-0.06265956163406372,-0.015583992004394531,-0.03368312120437622,-0.027150213718414307,-0.032534658908843994,0.0350877046585083,-0.013105213642120361,-0.04478234052658081,0.01982903480529785,0.04434746503829956,0.03173905611038208,-0.011395633220672607
2024-10-08,-0.02495110034942627,0.006920337677001953,0.009090900421142578,0.013933539390563965,0.0035840272903442383,-0.008602738380432129,-0.009252667427062988,-0.016967952251434326,0.0021920204162597656,-0.013919830322265625,-0.03334248065948486,-0.019788503646850586,0.01944267749786377
2024-10-09,0.0036844611167907715,0.023323893547058105,0.0024852752685546875,-0.028403282165527344,-0.00971376895904541,0.011701345443725586,-0.003077387809753418,-0.0009380578994750977,-0.00464785099029541,0.016840577125549316,-0.015470266342163086,0.0038512349128723145,-0.016280829906463623
2024-10-10,-0.0005942583084106445,-0.01143181324005127,-0.010071277618408203,0.009116888046264648,0.013751983642578125,-0.0059778690338134766,0.0021091699600219727,0.01577472686767578,0.027028441429138184,-0.0009309053421020508,0.003220975399017334,0.00014865398406982422,-0.0025824904441833496
2024-10-11,0.0003299713134765625,-0.01272040605545044,0.006573677062988281,0.0012628436088562012,0.01674330234527588,0.007713437080383301,0.007557868957519531,-0.0005547404289245605,-0.01898902654647827,-0.013020873069763184,-0.02104806900024414,-0.009071946144104004,0.0007658004760742188
2024-10-14,0.00396120548248291,-0.011054158210754395,0.009174346923828125,0.001986980438232422,0.005551457405090332,0.026206612586975098,-0.014198064804077148,-0.041805386543273926,-0.022982537746429443,0.020749151706695557,-0.0029937028884887695,0.0016211867332458496,0.00029158592224121094
2024-10-15,0.011201620101928711,-0.07705974578857422,0.02357470989227295,-0.011764764785766602,0.00241243839263916,0.04197216033935547,-0.014826655387878418,0.01274120807647705,0.023188352584838867,0.009563028812408447,0.04579561948776245,-0.004723906517028809,-0.02076500654220581
2024-10-16,-0.001206517219543457,0.0073539018630981445,0.005720257759094238,0.02754920721054077,0.0027306079864501953,0.02778446674346924,-0.0027589797973632812,-0.011437296867370605,-0.02544456720352173,-0.0058689117431640625,0.05764591693878174,0.0035262703895568848,0.007514834403991699
2024-10-17,0.015666842460632324,-0.01253199577331543,-0.023050367832183838,0.012877106666564941,-0.042462825775146484,-0.0029512643814086914,0.0243871808052063,-0.026995718479156494,-0.013796031475067139,0.013175249099731445,0.0039833784103393555,0.01164853572845459,0.001698613166809082
2024-10-18,0.0034009218215942383,0.008137345314025879,-0.0006128549575805664,-0.006336212158203125,-0.0026511549949645996,-0.004025518894195557,-0.0065375566482543945,-0.10483551025390625,-0.10206568241119385,-0.005912661552429199,-0.01580655574798584,0.0040280818939208984,0.0021380186080932617
2024-10-21,0.01692599058151245,-0.026473641395568848,-0.03158050775527954,0.023564815521240234,-0.008022844791412354,-0.03815978765487671,0.03164792060852051,-0.018817782402038574,-0.009922564029693604,0.02351158857345581,0.006561696529388428,0.007339656352996826,0.0072830915451049805
2024-10-22,-0.03936409950256348,0.014373064041137695,-0.02643662691116333,0.0476033091545105,-0.03425091505050659,-0.03139287233352661,0.030052006244659424,-0.023014485836029053,-0.022150635719299316,0.021165013313293457,0.02509915828704834,0.0030179619789123535,-0.018879592418670654
2024-10-23,0.012430548667907715,-0.01015329360961914,0.0004878044128417969,-0.022203445434570312,-0.003077387809753418,-0.010590791702270508,0.01525425910949707,0.00046193599700927734,0.031138896942138672,-0.0001983642578125,0.022551238536834717,0.002270340919494629,-0.003610372543334961
2024-10-24,-0.07780706882476807,-0.009579062461853027,-0.004875659942626953,0.01797109842300415,-0.0049086809158325195,0.017281413078308105,-0.0021342039108276367,-0.011080384254455566,-0.02317124605178833,0.006545066833496094,-0.010496020317077637,0.018962383270263672,0.0009713172912597656
2024-10-25,0.040797412395477295,0.0011358857154846191,-0.04719901084899902,0.01408451795578003,-0.02069765329360962,-0.0798681378364563,0.04541081190109253,-0.03454715013504028,-0.029618561267852783,0.018566548824310303,0.04879957437515259,0.002783358097076416,-0.008919298648834229
2024-10-28,0.01664024591445923,0.010234832763671875,0.013369917869567871,-0.011116623878479004,0.003738880157470703,0.029209136962890625,-0.004893898963928223,-0.021518349647521973,-0.05446654558181763,0.002644479274749756,0.019161462783813477,0.018142342567443848,0.0048950910568237305
2024-10-29,0.0016850829124450684,-0.04595839977264404,0.0033829212188720703,-0.013083934783935547,-0.008329451084136963,0.013654589653015137,0.019694924354553223,0.030887126922607422,0.007240176200866699,-0.006118655204772949,-0.007142186164855957,-0.00884389877319336,0.00423431396484375
2024-10-30,-0.0037276744842529297,-0.019707918167114258,-0.0005056858062744141,-0.01988804340362549,-0.006782054901123047,-0.027997910976409912,0.005040943622589111,0.008868575096130371,0.011185526847839355,0.012568354606628418,0.017207205295562744,0.010331809520721436,0.0029104948043823242
2024-10-31,-0.006726861000061035,-0.01463782787322998,-0.0016866326332092285,0.01569652557373047,-0.018384277820587158,0.008559823036193848,0.005433619022369385,-0.0016630887985229492,-0.00020807981491088867,-0.017244935035705566,-0.0011671781539916992,-0.006327152252197266,-0.008817613124847412
2024-11-01,-0.006403565406799316,-0.009430527687072754,0.007095694541931152,-0.018343687057495117,0.0008561611175537109,0.0002694129943847656,-0.016611337661743164,0.0035697221755981445,0.0030869245529174805,-0.020988941192626953,-0.002649664878845215,-0.008645057678222656,0.004954695701599121
2024-11-04,0.01604539155960083,-0.024809718132019043,-0.03036397695541382,0.035209834575653076,-0.019835293292999268,-0.03272724151611328,0.04175746440887451,-0.021579325199127197,-0.04028213024139404,0.023720085620880127,0.0014799237251281738,0.008259296417236328,-0.027266263961791992
2024-11-05,-0.015041828155517578,0.03175562620162964,0.014705896377563477,0.0005476474761962891,0.0010908842086791992,0.01726531982421875,-0.013414263725280762,0.01938927173614502,-0.005944669246673584,-0.0078963041305542,-0.04933309555053711,-0.004399776458740234,0.002419114112854004
2024-11-06,-0.028045177459716797,-0.0044269561767578125,0.02949702739715576,-0.054000139236450195,-0.06369531154632568,0.04462087154388428,-0.027071475982666016,0.026628613471984863,0.03997671604156494,-0.006026506423950195,-0.059523701667785645,-0.030037522315979004,0.015360355377197266
2024-11-07,0.022362887859344482,0.006145656108856201,-0.00629347562789917,0.0300595760345459,-0.007222652435302734,0.012447595596313477,0.003203749656677246,0.011579394340515137,0.0020562410354614258,0.014177262783050537,0.001047372817993164,-0.0059233903884887695,-0.014863967895507812
2024-11-08,0.018051564693450928,0.039600253105163574,-0.014500021934509277,0.020514607429504395,0.029751360416412354,-0.03390711545944214,0.02636963129043579,0.01282048225402832,-0.011129260063171387,0.010127604007720947,0.0305023193359375,-0.031707704067230225,-0.0167732834815979
2024-11-11,0.01515573263168335,0.005007743835449219,0.006933927536010742,0.010496973991394043,0.006027877330780029,-0.005492269992828369,0.006527066230773926,-0.003164529800415039,-0.014173686504364014,0.021485567092895508,0.004031062126159668,-0.005925416946411133,-0.008607625961303711
2024-11-12,0.0008549094200134277,-0.01281130313873291,-0.008901655673980713,0.02337855100631714,0.04329484701156616,-0.01414334774017334,0.0046065449714660645,-0.031065762042999268,-0.022333264350891113,0.002927720546722412,0.0194472074508667,-0.013019561767578125,0.001217961311340332
2024-11-13,0.031802594661712646,0.0037431716918945312,-0.012879133224487305,0.04787647724151611,0.024087727069854736,-0.01106715202331543,0.020180583000183105,-0.018254101276397705,-0.02959418296813965,0.014051973819732666,0.03181314468383789,-0.02431654930114746,-0.017421960830688477
2024-11-14,-0.007364869117736816,-0.043013572692871094,-0.02506434917449951,-0.0006488561630249023,0.0030500292778015137,0.0027631521224975586,0.008981764316558838,-0.03265798091888428,-0.01278531551361084,0.006807088851928711,0.011230111122131348,-0.0032578706741333008,0.012419581413269043
2024-11-18,0.020470857620239258,-0.04701578617095947,-0.03011101484298706,0.0045928955078125,0.018185913562774658,-0.01377791166305542,0.00460970401763916,-0.19911283254623413,-0.13914602994918823,0.0006425380706787109,0.006309807300567627,-0.006537020206451416,-0.005403876304626465
2024-11-19,-0.0027616024017333984,0.003559112548828125,-0.0058097243309021,-0.0031484365463256836,-0.006578207015991211,-0.013970375061035156,0.007613837718963623,-0.014153838157653809,-0.003495514392852783,-0.01371622085571289,-0.02751612663269043,0.006908893585205078,-0.015149712562561035
2024-11-21,-0.10398209095001221,-0.04726755619049072,-0.017713546752929688,0.0204545259475708,-0.008713603019714355,-0.005667328834533691,0.018112778663635254,-0.02808988094329834,-0.0006217360496520996,0.02367866039276123,-0.0012359619140625,0.025159358978271484,-0.015020370483398438
2024-11-22,0.011962056159973145,0.0,0.012084007263183594,-0.0667881965637207,-0.022845983505249023,0.0017099380493164062,-0.014499783515930176,0.0038535594940185547,0.02856886386871338,-0.014508485794067383,-0.04341113567352295,0.005577683448791504,-0.034668922424316406
2024-11-25,-0.014283299446105957,0.058985233306884766,0.03747236728668213,0.02806687355041504,-0.03417050838470459,0.04466569423675537,-0.028584957122802734,0.03710818290710449,0.025917887687683105,-0.04994666576385498,-0.0228729248046875,0.03153729438781738,-0.017069697380065918
2024-11-26,-0.03489339351654053,-0.02938401699066162,-0.009029686450958252,-0.019606709480285645,0.0262182354927063,0.007352948188781738,-0.004091501235961914,-0.012955009937286377,-0.009305298328399658,0.014230549335479736,0.02785545587539673,-0.014748871326446533,-0.0067598819732666016
2024-11-27,-0.19777369499206543,-0.004680812358856201,-0.0014293193817138672,-0.008151769638061523,-0.004689693450927734,0.0014868974685668945,-0.014914989471435547,-0.0015624761581420898,0.0019124746322631836,-0.00020623207092285156,-0.0013880729675292969,-0.005925416946411133,0.00192946195602417
2024-11-28,-0.15820181369781494,0.06541252136230469,-0.00858837366104126,-0.0008293390274047852,-0.009335517883300781,-0.0004049539566040039,0.009014368057250977,-0.00031298398971557617,0.00106048583984375,0.008247435092926025,0.0004950761795043945,0.00313723087310791,0.017321288585662842
2024-11-29,-0.010574102401733398,0.04098832607269287,0.004150986671447754,-0.010409712791442871,-0.014037013053894043,0.008101582527160645,-0.0064209699630737305,0.02379465103149414,0.010000467300415039,-0.017879486083984375,0.028033673763275146,0.01563715934753418,-0.01683974266052246
2024-12-02,0.04899364709854126,-0.07836335897445679,0.007009267807006836,-0.0723731517791748,0.004560589790344238,-0.005625426769256592,0.007063686847686768,0.05076456069946289,0.03754985332489014,-0.003268003463745117,0.02293109893798828,0.016320228576660156,-0.013117194175720215
2024-12-03,0.008154809474945068,0.0010755062103271484,0.00035703182220458984,0.013669848442077637,-0.0072765350341796875,0.009563565254211426,-0.013539433479309082,0.05122232437133789,0.03376460075378418,-0.01852595806121826,-0.022843360900878906,0.002272367477416992,-0.010808587074279785
2024-12-04,0.025579094886779785,0.01695120334625244,-0.002140939235687256,0.022436559200286865,-0.03371143341064453,0.008005380630493164,-0.002490520477294922,-0.002768576145172119,-0.013651430606842041,0.006196260452270508,0.0024474263191223145,-0.008766591548919678,0.010844171047210693
2024-12-05,0.003616154193878174,-0.01508396863937378,0.011442899703979492,-0.0583949089050293,-0.01035308837890625,0.010721325874328613,0.003011465072631836,0.06440865993499756,0.025460004806518555,-0.002413511276245117,0.031384170055389404,0.0044220685958862305,-0.010008096694946289
2024-12-06,0.017339885234832764,-0.02961677312850952,0.011313319206237793,-0.012317895889282227,-0.007326602935791016,0.01885807514190674,-0.018047332763671875,0.0015649795532226562,-0.006535768508911133,0.004815399646759033,-0.0024274587631225586,-0.005920767784118652,0.00794219970703125
2024-12-09,0.00212019681930542,-0.04568904638290405,0.010312914848327637,-0.0018506050109863281,0.00823962688446045,0.0012853145599365234,-0.0026701688766479492,0.004166722297668457,-0.0039705634117126465,0.004435479640960693,0.014845192432403564,-0.0021380186080932617,0.012504279613494873
2024-12-10,0.019259750843048096,0.010746479034423828,0.0001729726791381836,0.024845242500305176,0.005384922027587891,0.01296532154083252,-0.008433341979980469,0.0010373592376708984,0.006605029106140137,0.007695376873016357,-0.003099203109741211,0.00030601024627685547,0.00795280933380127
2024-12-11,-0.002865314483642578,-0.013433456420898438,0.012973546981811523,0.012549757957458496,0.00830155611038208,0.012926101684570312,0.002420783042907715,0.01761651039123535,0.009628772735595703,0.001224517822265625,-0.0005327463150024414,0.017900824546813965,0.0051757097244262695
2024-12-12,-0.017979145050048828,-0.01832735538482666,-0.01724720001220703,0.022780656814575195,0.002963721752166748,0.003878474235534668,0.011986196041107178,-0.014511168003082275,-0.01642054319381714,0.010012269020080566,0.007134437561035156,0.005260825157165527,0.011969923973083496
2024-12-13,0.01718240976333618,0.0248488187789917,-0.0013900995254516602,-0.006429195404052734,0.0015643835067749023,0.008100748062133789,-0.019574284553527832,0.013174891471862793,0.014505267143249512,-0.0008255243301391602,0.02541828155517578,-0.007326483726501465,-0.007878661155700684
2024-12-16,0.007174134254455566,-0.006350219249725342,-0.01235431432723999,0.012044668197631836,0.005275309085845947,-0.01916182041168213,0.007518768310546875,0.005354404449462891,-0.008054614067077637,0.009486496448516846,-0.015076518058776855,-0.010242581367492676,0.0035746097564697266
2024-12-17,-0.0027360916137695312,0.017881393432617188,-0.016737163066864014,0.007946670055389404,0.020792841911315918,0.0,0.01978522539138794,-0.032716214656829834,-0.03671473264694214,0.017489075660705566,0.03555947542190552,0.010196328163146973,0.01813453435897827
2024-12-18,0.017980873584747314,-0.0065956711769104,-0.016126155853271484,0.023085713386535645,0.030242919921875,-0.02218306064605713,0.025737285614013672,0.04457259178161621,-0.00012093782424926758,0.013350248336791992,-0.0013489723205566406,-0.015817999839782715,-0.006384015083312988
2024-12-19,0.006483316421508789,-0.03543156385421753,0.02167189121246338,-0.005500316619873047,-0.00044226646423339844,0.023459672927856445,-0.02125704288482666,-0.021586358547210693,0.01621556282043457,0.009450137615203857,0.014481306076049805,-0.0009183883666992188,0.018192708492279053
2024-12-20,0.03284335136413574,-0.09312331676483154,-0.01871657371520996,0.012206792831420898,0.006190240383148193,-0.01939547061920166,0.01817500591278076,-0.003848135471343994,-0.035208165645599365,0.019297540187835693,0.03907054662704468,0.005055904388427734,0.020439624786376953
2024-12-23,0.007192075252532959,0.03275609016418457,0.00018155574798583984,0.022613108158111572,-0.008008480072021484,0.010274887084960938,-0.0050694942474365234,0.0046356916427612305,0.008475184440612793,-0.015697598457336426,0.0027263760566711426,0.010518312454223633,-0.014104366302490234
2024-12-24,-0.0021657943725585938,-0.01859152317047119,0.010170817375183105,-0.01112210750579834,-0.021075844764709473,0.022883296012878418,-0.00359189510345459,0.01871311664581299,0.01872563362121582,0.007836341857910156,-0.01176750659942627,0.0022628307342529297,-0.0003681182861328125
2024-12-26,-0.0015649795532226562,0.011000454425811768,0.012225747108459473,0.007575333118438721,0.002161383628845215,0.01566004753112793,0.0030460357666015625,-0.01736283302307129,-0.007688999176025391,-0.005265474319458008,-0.0034068822860717773,0.011739850044250488,0.005070507526397705
2024-12-27,-0.010863065719604492,-0.010501384735107422,-0.006927192211151123,0.005803346633911133,0.02593815326690674,-0.02055799961090088,0.011686503887176514,-0.0010243058204650879,-0.0005245804786682129,0.013749480247497559,0.004449129104614258,-0.01190119981765747,-0.0036989450454711914
2024-12-30,-0.10577070713043213,-0.00018453598022460938,-0.0008943080902099609,0.01456671953201294,0.01956862211227417,-0.011869072914123535,0.011979281902313232,0.044091224670410156,0.015707015991210938,0.01792430877685547,0.009055614471435547,0.011291742324829102,0.0084763765335083
2024-12-31,-0.013179779052734375,-0.008300065994262695,-0.0026853084564208984,-0.02401411533355713,-0.011907458305358887,0.007206916809082031,-0.013376116752624512,0.02037811279296875,0.02118861675262451,-0.028391122817993164,-0.0224306583404541,0.004912853240966797,-0.003923296928405762
2025-01-01,0.014388024806976318,0.006768286228179932,0.009693145751953125,-0.031893253326416016,-0.0005602836608886719,0.008787393569946289,-0.004631400108337402,-0.012752711772918701,-0.0016739368438720703,0.009640634059906006,-0.014741778373718262,0.004148125648498535,-0.0047719478607177734
2025-01-02,0.020863831043243408,-0.007244110107421875,0.005333304405212402,0.0023230910301208496,-5.602836608886719e-05,0.0008710622787475586,-0.006684660911560059,0.03753352165222168,0.010801315307617188,-0.038495540618896484,-0.059940457344055176,-0.05724400281906128,-0.016827106475830078
2025-01-03,0.009258627891540527,0.0108489990234375,-0.001768350601196289,0.005365729331970215,5.602836608886719e-05,0.0008703470230102539,-0.0012974739074707031,0.03688037395477295,0.012923359870910645,-0.051981210708618164,-0.03842008113861084,0.005320906639099121,-0.0075293779373168945
2025-01-06,0.03277677297592163,-0.04294776916503906,-0.038795411586761475,0.03587973117828369,0.03360217809677124,-0.05838507413864136,-0.038036465644836426,-0.03896689414978027,-0.029211223125457764,0.017415881156921387,0.04863852262496948,-0.0032690763473510742,0.026495635509490967
2025-01-07,0.0007104277610778809,-0.1390169858932495,-0.007187545299530029,-0.004750847816467285,-0.007533669471740723,-0.006992042064666748,0.010935068130493164,0.015558600425720215,-0.02322477102279663,-0.03586149215698242,-0.036377549171447754,0.006247043609619141,-0.018760204315185547
2025-01-08,-0.0023461580276489258,0.01649463176727295,0.014107942581176758,-0.02658402919769287,-0.02432990074157715,0.013285517692565918,0.001959562301635742,-0.05431753396987915,0.006145119667053223,-0.029645800590515137,-0.03657639026641846,0.001707315444946289,-0.01986539363861084
2025-01-09,0.03234267234802246,0.06355148553848267,-0.023796439170837402,0.013408362865447998,0.03969895839691162,-0.01678246259689331,-0.017836153507232666,0.029700517654418945,0.014450550079345703,0.02995169162750244,0.05023390054702759,-0.01239544153213501,0.008494675159454346
2025-01-10,0.0013194084167480469,0.06510472297668457,-0.00825047492980957,0.04077184200286865,0.018769800662994385,0.009601235389709473,-0.014496207237243652,-0.01597142219543457,0.012159109115600586,0.0005975961685180664,0.023875772953033447,-0.020081639289855957,0.010241091251373291
2025-01-13,-0.07787156105041504,0.018493950366973877,-0.04462099075317383,-0.05548340082168579,0.04135632514953613,-0.061946868896484375,-0.06360626220703125,-0.015988290309906006,-0.045447468757629395,0.02790510654449463,0.007568299770355225,-0.016970813274383545,0.0016507506370544434
2025-01-14,0.06622087955474854,-0.0022095441818237305,0.018602848052978516,0.01711893081665039,-0.022067546844482422,0.02421855926513672,0.037976861000061035,0.01230919361114502,0.03421175479888916,-0.018248915672302246,-0.0281829833984375,0.033713340759277344,0.0008871555328369141
2025-01-15,-0.011272013187408447,-0.006552696228027344,-0.012045860290527344,-0.0003377199172973633,-0.011312484741210938,-0.026807785034179688,0.0025777816772460938,-0.02188718318939209,0.017012596130371094,0.008457541465759277,0.002364814281463623,0.0023633241653442383,-0.010857701301574707
2025-01-16,0.016761064529418945,-0.011377453804016113,-0.00019669532775878906,0.00698244571685791,-0.014433503150939941,-0.013843834400177002,0.0011610984802246094,-0.011685729026794434,0.0025169849395751953,-0.01949632167816162,-0.014545798301696777,0.008330702781677246,-0.01137995719909668
2025-01-17,-0.0002969503402709961,0.03627508878707886,0.02498030662536621,0.004809021949768066,-0.0024306774139404297,0.002005457878112793,0.0076215267181396484,0.018867969512939453,0.020934700965881348,-0.012748956680297852,-0.00849616527557373,-0.012782573699951172,-0.028347015380859375
2025-01-20,0.0038623809814453125,0.008676648139953613,0.013625144958496094,0.0071790218353271484,-0.006150603294372559,0.004002809524536133,0.018992066383361816,-0.006419777870178223,-0.010971546173095703,-0.01042485237121582,-0.018955349922180176,-0.011053204536437988,-0.0023802518844604492
2025-01-21,-0.013984501361846924,0.03620678186416626,0.01041269302368164,-0.019173383712768555,0.011814534664154053,0.0266268253326416,0.004437565803527832,-0.016401588916778564,-0.022607266902923584,0.013042628765106201,0.019739508628845215,0.013092756271362305,0.024321138858795166
2025-01-22,-0.016434073448181152,0.06095641851425171,-0.00918126106262207,-0.022984623908996582,0.019212424755096436,0.00041604042053222656,-0.004257380962371826,-0.020970165729522705,0.0020742416381835938,0.006706118583679199,0.041960954666137695,-0.008352994918823242,-0.0026694536209106445
2025-01-23,0.004425168037414551,0.015863120555877686,-0.023071110248565674,0.004555225372314453,-0.01813328266143799,-0.021627604961395264,-0.005324244499206543,0.010580658912658691,0.0255429744720459,0.0037727952003479004,0.006712913513183594,0.024634480476379395,0.01053166389465332
2025-01-24,-0.02544623613357544,0.04538702964782715,-0.02748739719390869,-0.02427959442138672,0.02126520872116089,-0.02550661563873291,-0.012084364891052246,-0.021450459957122803,-0.02623969316482544,0.02491527795791626,0.05938398838043213,-0.024042189121246338,0.013730049133300781
2025-01-27,-0.0344504714012146,0.0356217622756958,-0.00935506820678711,-0.03059011697769165,0.04655832052230835,-0.01963067054748535,-0.0318528413772583,-0.014874756336212158,-0.015761196613311768,0.022281348705291748,0.04204946756362915,-0.03687220811843872,0.013600289821624756
2025-01-28,-0.005408525466918945,0.023421883583068848,-0.012457311153411865,-0.0013349652290344238,0.009064197540283203,0.010234355926513672,-0.012888967990875244,0.014039754867553711,0.015616178512573242,0.008362948894500732,0.02360755205154419,-0.06518149375915527,-0.004107952117919922
2025-01-29,0.012661337852478027,-0.06990647315979004,-0.004069149494171143,0.036458611488342285,0.005475461483001709,-0.01203930377960205,0.00867617130279541,0.019853711128234863,-0.008411884307861328,-0.0109635591506958,-0.02644503116607666,0.037422776222229004,-0.0008910894393920898
2025-01-30,0.028292059898376465,-0.019991278648376465,0.0006128549575805664,-0.003165900707244873,-0.011399626731872559,0.018279075622558594,0.028189420700073242,0.013575911521911621,0.028645873069763184,-0.02127218246459961,-0.02502763271331787,-0.0027225613594055176,-0.014204859733581543
2025-01-31,0.0024940967559814453,-0.009439349174499512,0.015516519546508789,0.013997554779052734,-0.05994236469268799,0.01897251605987549,0.010767817497253418,0.01996457576751709,-0.058573007583618164,-0.02287113666534424,-0.006463170051574707,-0.051868319511413574,-0.009616494178771973
2025-02-01,-0.012983918190002441,0.024769842624664307,-0.020908713340759277,0.0013920068740844727,0.008579552173614502,-0.037381887435913086,-0.023928523063659668,-0.03761148452758789,0.004601955413818359,0.019365131855010986,0.023189425468444824,0.023357689380645752,0.00039523839950561523
2025-02-03,-0.022686123847961426,0.007831931114196777,-0.024024665355682373,-0.006544947624206543,0.007191121578216553,-0.05787825584411621,-0.03551340103149414,-0.013078689575195312,0.0398252010345459,0.033184051513671875,0.038714468479156494,0.011127650737762451,0.014787256717681885
2025-02-04,0.013863205909729004,-0.11951315402984619,0.025668025016784668,-0.06471538543701172,-0.021054506301879883,0.02716362476348877,0.028899669647216797,0.01278233528137207,-0.014217495918273926,-0.02042531967163086,-0.02697575092315674,-0.008397698402404785,-0.03154337406158447
2025-02-05,0.018840909004211426,-0.047446489334106445,0.020717978477478027,-0.0327455997467041,-0.008356332778930664,0.027521491050720215,0.015820622444152832,-0.05512058734893799,-0.008224010467529297,-0.029921531677246094,-0.06449627876281738,-0.031145811080932617,0.00544661283493042
2025-02-06,-0.009519338607788086,-0.021453261375427246,0.005024075508117676,-0.08276772499084473,0.0060811638832092285,0.0005985498428344727,-0.0032480955123901367,0.012157022953033447,0.004819989204406738,0.021238267421722412,0.015291929244995117,0.022128820419311523,-0.0026209354400634766
2025-02-07,-0.008271634578704834,-0.019524574279785156,0.006598711013793945,0.001420140266418457,0.0049787163734436035,-0.0017945170402526855,-0.007185816764831543,0.0169525146484375,-0.013002514839172363,0.028249740600585938,0.0004706382751464844,-0.016022324562072754,0.01158761978149414
2025-02-10,-0.0332036018371582,0.03340786695480347,-0.01668649911880493,-0.0031385421752929688,0.017241358757019043,-0.012284636497497559,-0.015485584735870361,0.01618903875350952,0.02085322141647339,0.025911152362823486,0.04602164030075073,0.0068280696868896484,0.010302305221557617
2025-02-11,-0.020704925060272217,0.045062482357025146,-0.018181800842285156,0.01437234878540039,0.03815484046936035,-0.024571537971496582,-0.02196955680847168,0.017017483711242676,0.025278925895690918,0.014273345470428467,-0.017149925231933594,0.035848796367645264,0.014996230602264404
2025-02-12,-0.0003356337547302246,-0.03966224193572998,0.001851797103881836,0.0013887286186218262,0.011926114559173584,-0.018193066120147705,-0.0003496408462524414,0.00909799337387085,-0.003352522850036621,0.006801187992095947,-0.01297903060913086,0.0022071003913879395,0.014819562435150146
2025-02-13,0.0024338960647583008,0.07239532470703125,0.0006161928176879883,0.0015892982482910156,-0.016071796417236328,-0.011878371238708496,-0.0027979612350463867,-0.002151012420654297,0.002918839454650879,0.009940385818481445,0.011136353015899658,0.014463186264038086,0.0003699660301208496
2025-02-14,-0.03926658630371094,0.026467621326446533,-0.01867818832397461,0.04939812421798706,0.00025403499603271484,-0.024362921714782715,-0.023586153984069824,0.027956604957580566,0.0450291633605957,0.018964767456054688,0.040082335472106934,0.03504830598831177,-0.0009456872940063477
2025-02-17,0.001220107078552246,0.04161727428436279,0.0050199031829833984,-0.058611154556274414,0.013025820255279541,0.01856410503387451,0.01014721393585205,-0.02466738224029541,-0.030493736267089844,-0.013418197631835938,-0.010596632957458496,0.006083428859710693,-0.0062847137451171875
2025-02-18,0.008616924285888672,0.03564155101776123,0.001873016357421875,0.002768278121948242,-0.024335265159606934,0.005806446075439453,0.004711508750915527,-0.010985493659973145,-0.01878821849822998,-0.012791752815246582,0.004993140697479248,-0.011521220207214355,-0.000408172607421875
2025-02-19,0.005609273910522461,-0.14843857288360596,0.011425018310546875,-0.0006444454193115234,0.0032681822776794434,0.014432311058044434,0.0072553157806396484,-0.008110642433166504,0.005955100059509277,-0.0070906877517700195,0.005519986152648926,-0.03523755073547363,-0.0016728639602661133
2025-02-20,0.008667230606079102,0.0420989990234375,0.011706709861755371,-0.030218958854675293,-0.022069454193115234,0.0219728946685791,0.02442026138305664,-0.05007743835449219,-0.03780007362365723,-0.014961481094360352,-0.023464083671569824,-0.02853703498840332,-0.004521608352661133
2025-02-21,-0.01012420654296875,-0.028248190879821777,-0.028217613697052002,-0.006828188896179199,0.01752108335494995,-0.02629542350769043,-0.011919021606445312,0.010854125022888184,0.006033360958099365,0.00823754072189331,0.03266364336013794,0.017215430736541748,0.0039334893226623535
2025-02-24,-0.010915279388427734,-0.0019336938858032227,-0.0012534260749816895,0.004393935203552246,-0.002260565757751465,-0.011437654495239258,-0.009199023246765137,0.018520355224609375,0.013076484203338623,0.022950828075408936,0.03465855121612549,-0.010204076766967773,0.011073529720306396
2025-02-25,0.006343364715576172,0.001663804054260254,-0.010039806365966797,-0.013287901878356934,0.023369431495666504,-0.0295676589012146,-0.01296311616897583,-0.0025800466537475586,-0.0016704797744750977,0.0058165788650512695,0.01689547300338745,0.043097615242004395,0.008686363697052002
2025-02-27,0.0029358863830566406,-0.01899874210357666,-0.015000998973846436,-0.005302309989929199,0.008532226085662842,-0.009273111820220947,-0.018901467323303223,0.011050522327423096,0.005988419055938721,0.008775889873504639,0.017454326152801514,-0.023223042488098145,-0.0025746822357177734
2025-02-28,-0.040637075901031494,0.005364358425140381,-0.030459046363830566,0.026748359203338623,0.02089935541152954,-0.043122172355651855,-0.025054216384887695,0.033215999603271484,-0.05628007650375366,0.02474457025527954,0.06340527534484863,0.05020624399185181,0.005798995494842529
2025-03-03,-0.009602487087249756,-0.003222823143005371,0.02146017551422119,-0.022160887718200684,0.012754499912261963,0.013799190521240234,0.009370088577270508,0.03667932748794556,-0.001696944236755371,0.00046557188034057617,0.003063976764678955,0.010861694812774658,0.024039626121520996
2025-03-04,-0.008426904678344727,-0.0038025379180908203,0.03118908405303955,-0.021633148193359375,0.005689859390258789,-0.05840790271759033,0.030330896377563477,0.01062840223312378,-0.01744377613067627,-0.007219433784484863,-0.02795267105102539,0.00036603212356567383,0.007982909679412842
2025-03-05,-0.07813215255737305,-0.01691591739654541,0.023734450340270996,-0.0012973546981811523,-0.037767648696899414,-0.03467357158660889,-0.03568243980407715,-0.009579777717590332,-0.054825544357299805,-0.009479761123657227,-0.04840540885925293,-0.02343463897705078,-0.011790990829467773
2025-03-06,-0.010171175003051758,0.00494539737701416,0.035904765129089355,-0.10592317581176758,-0.01576387882232666,-0.0399622917175293,-0.02945733070373535,-0.031647562980651855,-0.04381442070007324,-0.016262054443359375,-0.010863661766052246,-0.00679779052734375,-0.02892136573791504
2025-03-07,-0.018962860107421875,0.03175634145736694,-0.01426023244857788,0.02117246389389038,0.020564556121826172,0.019818425178527832,0.007948458194732666,-0.0021266937255859375,0.03928172588348389,-0.0009014606475830078,0.006582498550415039,0.00959479808807373,-0.033234238624572754
2025-03-10,0.0023880600929260254,-0.0016665458679199219,-0.016676723957061768,0.024366259574890137,0.01897495985031128,0.01991051435470581,0.026060521602630615,0.02902013063430786,0.004166662693023682,-0.041432082653045654,0.0186612606048584,0.02691066265106201,0.009121477603912354
2025-03-11,0.014114737510681152,0.052575528621673584,0.02983248233795166,-0.02795422077178955,-0.01056826114654541,-0.011968493461608887,-0.026584744453430176,-0.022620439529418945,-0.00723421573638916,0.015738725662231445,-0.017362475395202637,-0.025811195373535156,-0.007186770439147949
2025-03-12,-0.005525708198547363,-0.03364706039428711,0.00654757022857666,0.006009995937347412,-0.015456557273864746,0.007158398628234863,-0.0037114620208740234,-0.006197929382324219,-0.009006857872009277,-0.010175764560699463,0.00636601448059082,0.00035947561264038086,-0.007816910743713379
2025-03-13,-0.006411314010620117,-0.0017669200897216797,-0.0072934627532958984,0.03687816858291626,0.007772505283355713,0.011128485202789307,-0.0030254125595092773,0.018266797065734863,0.010427117347717285,0.004672884941101074,-0.023718714714050293,0.014922678470611572,0.0072789788246154785
2025-03-17,0.0016546845436096191,-0.016213297843933105,-0.011119961738586426,-0.0214158296585083,0.008747279644012451,-0.005547642707824707,0.012400448322296143,-0.014766335487365723,-0.019907593727111816,0.019069790840148926,-0.00705718994140625,-0.010950922966003418,0.007252216339111328
2025-03-18,-0.00936436653137207,0.002870500087738037,0.0028111934661865234,0.059282541275024414,-0.040961503982543945,0.004728853702545166,-0.008399009704589844,-0.015564203262329102,-0.009416341781616211,0.01026928424835205,-0.02023005485534668,-0.008485198020935059,4.029273986816406e-05
2025-03-19,-0.022331595420837402,-0.04190945625305176,0.011613965034484863,0.014642536640167236,-0.01815652847290039,-0.01235353946685791,-0.020696640014648438,-0.014485836029052734,-0.006495952606201172,0.0020329952239990234,-0.00012969970703125,-0.03848910331726074,-0.0067403316497802734
2025-03-20,0.0047380924224853516,-0.016706347465515137,0.026128292083740234,0.01090991497039795,-0.0150986909866333,-0.026126384735107422,-0.011457324028015137,-0.022298216819763184,-0.02791738510131836,0.01284933090209961,-0.014124631881713867,-0.00017249584197998047,-0.017640233039855957
2025-03-21,-0.017832636833190918,-0.005751132965087891,0.02758491039276123,-0.004992127418518066,-0.039113640785217285,-0.06067991256713867,-0.01784694194793701,-0.0027327537536621094,-0.007519960403442383,0.02893388271331787,-0.005877852439880371,-0.012409567832946777,-0.005673050880432129
2025-03-24,0.00887906551361084,0.008294641971588135,0.0026280879974365234,-0.008326172828674316,-0.035579681396484375,-0.013799071311950684,-0.016413092613220215,-0.026900172233581543,-0.007318854331970215,0.006056666374206543,-0.011432886123657227,-0.009703755378723145,-0.020174741744995117
2025-03-25,0.0277554988861084,0.007666945457458496,-0.004680752754211426,0.049216508865356445,0.019738316535949707,0.0012760162353515625,0.01969277858734131,0.02000296115875244,0.0176965594291687,-0.006665229797363281,0.019593119621276855,0.02191871404647827,0.012787044048309326
2025-03-26,0.015960514545440674,-0.004725098609924316,-0.021820902824401855,0.013471484184265137,0.02042597532272339,0.026405513286590576,0.014865398406982422,0.021765291690826416,0.012596070766448975,-0.010389566421508789,0.024084031581878662,0.004999101161956787,0.009646356105804443
2025-03-27,-0.023158669471740723,-0.14725136756896973,0.011346220970153809,-0.015956401824951172,-0.0430070161819458,-0.021726489067077637,-0.00986945629119873,-0.002255678176879883,-0.014128804206848145,0.01027989387512207,-0.013520598411560059,0.0064103007316589355,-0.004045367240905762
2025-03-28,0.01519864797592163,-0.10763347148895264,0.008556723594665527,0.02875286340713501,-0.008178472518920898,-0.002283453941345215,0.02043449878692627,-0.03897690773010254,-0.014334321022033691,0.017319798469543457,-0.0018132925033569336,0.0017436742782592773,0.002425253391265869
2025-04-01,0.017341434955596924,-0.029362499713897705,0.022058725357055664,-0.01921224594116211,-0.017914533615112305,-0.0037021636962890625,-0.027704477310180664,0.008418619632720947,0.0008291006088256836,0.007022857666015625,0.0033612847328186035,-0.012576460838317871,0.017645657062530518
2025-04-02,-0.011145830154418945,0.02666926383972168,0.007747650146484375,0.019645869731903076,0.012120246887207031,-0.0012767314910888672,-0.0005615949630737305,-0.007596492767333984,-0.0015153884887695312,0.010354995727539062,-0.017252564430236816,-0.0055201053619384766,0.0011575818061828613
2025-04-03,-0.010521888732910156,0.008347272872924805,0.0,0.009131968021392822,0.0023529529571533203,-0.0008502006530761719,0.0019244551658630371,-0.024145007133483887,-0.005836129188537598,-0.029282569885253906,0.015429794788360596,0.00034314393997192383,0.0019582509994506836
2025-04-04,0.022725403308868408,-0.03904366493225098,-0.025626957416534424,-0.01162254810333252,0.03824120759963989,0.01132500171661377,0.007070004940032959,-0.04705542325973511,-0.046633243560791016,-0.07110536098480225,-0.07330656051635742,-0.050111591815948486,-0.035236656665802
2025-04-07,0.03652966022491455,0.02153646945953369,-0.02066504955291748,0.02312988042831421,0.042914748191833496,0.01546400785446167,0.015697002410888672,-0.05170142650604248,-0.019272685050964355,-0.027371883392333984,-0.04053109884262085,-0.028184235095977783,-0.03237318992614746
2025-04-08,-0.02676844596862793,-0.020327270030975342,-0.04450416564941406,0.025439023971557617,-0.020924925804138184,-0.04624783992767334,-0.0226057767868042,-0.04078376293182373,0.004941582679748535,0.03100407123565674,0.029716014862060547,0.03420698642730713,0.014154553413391113
2025-04-09,0.00948798656463623,-0.00809401273727417,-0.007346153259277344,-0.013609766960144043,0.021452128887176514,-0.027522921562194824,-0.004823088645935059,-0.029307246208190918,-0.051078736782073975,-0.020818889141082764,-0.01075124740600586,0.0044939517974853516,0.0026645660400390625
2025-04-11,-0.021832823753356934,-0.02111262083053589,-0.018049240112304688,-0.01615440845489502,-0.016854047775268555,-0.007711052894592285,-0.001600027084350586,-0.0006862282752990723,0.02635180950164795,0.03803455829620361,0.026455044746398926,-0.005905508995056152,0.02834606170654297
2025-04-15,-0.03141629695892334,0.013628840446472168,-0.004297971725463867,-0.02296888828277588,-0.042397260665893555,0.008189082145690918,-0.007907390594482422,0.024090170860290527,0.029823899269104004,0.010013699531555176,0.019643425941467285,0.03834378719329834,0.01735103130340576
2025-04-16,0.004339694976806641,0.05254220962524414,-0.014621973037719727,-0.0104445219039917,-0.031916022300720215,-0.02896595001220703,-0.00721132755279541,-0.0136336088180542,-0.04803889989852905,0.03672826290130615,0.03374767303466797,0.015603303909301758,-0.0006450414657592773
2025-04-17,-0.00041115283966064453,-0.02393651008605957,0.001405954360961914,0.018975257873535156,-0.012393951416015625,0.006051063537597656,-0.003540515899658203,0.002379179000854492,-0.0006387829780578613,0.009345769882202148,0.016124844551086426,0.011608004570007324,0.028403043746948242
2025-04-21,-0.026304960250854492,0.01397716999053955,-0.01918327808380127,-0.019393205642700195,-0.04455721378326416,-0.01839601993560791,-0.03253626823425293,0.031760454177856445,0.03363692760467529,0.025839805603027344,0.02978670597076416,0.031893372535705566,0.016477108001708984
2025-04-22,0.0054465532302856445,-0.004699230194091797,-0.006734609603881836,-0.010785341262817383,0.010664165019989014,-0.009096860885620117,0.002657473087310791,0.0305635929107666,0.038494229316711426,-0.0079764723777771,0.02058863639831543,-0.00016349554061889648,-0.0033192038536071777
2025-04-23,-0.00910043716430664,-0.01787853240966797,0.01835334300994873,-0.0008891820907592773,-0.001334071159362793,0.02421116828918457,0.00472027063369751,-0.01403135061264038,-0.015184223651885986,0.017773985862731934,0.007054448127746582,0.00605165958404541,0.006815433502197266
2025-04-24,0.002474069595336914,-0.006858527660369873,-0.005067348480224609,-0.001036524772644043,0.0013322830200195312,-0.004355311393737793,-0.005354523658752441,-0.0005929470062255859,0.0009070634841918945,-0.0112265944480896,-0.010446131229400635,-0.008941650390625,0.0012307167053222656
2025-04-25,0.03992319107055664,0.0016134977340698242,0.020862281322479248,0.027265608310699463,0.03361785411834717,0.02496713399887085,0.027010560035705566,-0.03883492946624756,-0.03375375270843506,-0.012195169925689697,-0.00807255506515503,-0.010334610939025879,-0.0009219050407409668
2025-04-28,-0.028333306312561035,0.005541563034057617,-0.04847300052642822,-0.032186150550842285,-0.01380455493927002,-0.030188679695129395,-0.013684749603271484,0.03995513916015625,0.04227876663208008,0.01745426654815674,0.014523625373840332,0.002817869186401367,-0.052599191665649414
2025-04-29,0.011750400066375732,0.013457179069519043,-0.005419135093688965,0.030053019523620605,-0.0014705657958984375,0.0028780698776245117,0.0052457451820373535,-0.0015109777450561523,-0.005098521709442139,-0.019665241241455078,-0.0017277002334594727,-0.0016528964042663574,-0.022574424743652344
2025-04-30,0.01566213369369507,-0.00676572322845459,0.005221545696258545,0.02698463201522827,0.002719283103942871,0.03161907196044922,-0.015354752540588379,0.040802001953125,0.014469742774963379,-0.00512164831161499,0.015576720237731934,0.012913942337036133,-0.0037865638732910156
2025-05-02,0.0007497668266296387,-0.014260292053222656,-0.003386378288269043,-0.007180452346801758,-0.0023995637893676758,-0.016664505004882812,-0.03933405876159668,0.0018173456192016602,0.009954690933227539,-0.004075527191162109,-0.014242231845855713,-0.004413247108459473,-0.012384414672851562
2025-05-05,-0.10971236228942871,0.0230560302734375,-0.031893372535705566,-0.02412557601928711,-0.008704662322998047,-0.0644989013671875,-0.03681659698486328,-0.06945157051086426,0.03310036659240723,-0.017230212688446045,-0.0007408857345581055,0.008044719696044922,-0.006257057189941406
2025-05-06,0.04898202419281006,-0.00883781909942627,0.029926419258117676,0.020429790019989014,0.024971723556518555,0.031922876834869385,0.03012263774871826,0.00799649953842163,-0.01965111494064331,-0.009204447269439697,-0.015694499015808105,-0.024918556213378906,0.0072661638259887695
2025-05-07,0.011849284172058105,0.006432652473449707,-0.017531991004943848,0.005304098129272461,-0.015101194381713867,-0.0003879070281982422,-0.0027769804000854492,-0.004348039627075195,0.02396690845489502,0.0068569183349609375,0.021594524383544922,-0.0016703009605407715,0.010486304759979248
2025-05-08,0.025101959705352783,0.010568380355834961,0.028329968452453613,-0.001138925552368164,0.026211082935333252,0.022233664989471436,0.024194777011871338,0.030888259410858154,-0.029080092906951904,-0.02284717559814453,-0.01966327428817749,-0.0038480758666992188,-0.0007112026214599609
2025-05-09,0.014186203479766846,-0.003318965435028076,0.003410041332244873,-0.004447221755981445,0.01449352502822876,0.004759430885314941,0.007020056247711182,-0.00240933895111084,-0.004675328731536865,0.007643938064575195,0.011157035827636719,0.008397698402404785,0.02117985486984253
2025-05-12,-0.04990851879119873,0.02707970142364502,-0.007185697555541992,-0.022240519523620605,-0.0341264009475708,-0.006509065628051758,-0.01684713363647461,-0.027890443801879883,0.034275174140930176,0.03837573528289795,0.03260600566864014,0.0206528902053833,-0.04305839538574219
2025-05-13,-0.02733325958251953,-0.005872607231140137,0.006964564323425293,-0.0041800737380981445,0.021139860153198242,-0.0002639293670654297,0.004659712314605713,0.00945049524307251,-0.012276411056518555,-0.011602938175201416,-0.02161121368408203,-0.005548238754272461,0.01447969675064087
2025-05-14,-0.011876344680786133,0.0017230510711669922,-0.01830315589904785,-0.005667328834533691,-0.011443257331848145,-0.019791483879089355,-0.012484192848205566,-0.011753678321838379,-0.004957258701324463,0.020217418670654297,0.027978897094726562,0.011322498321533203,-0.006145477294921875
2025-05-15,-0.006630659103393555,0.017261505126953125,-0.014278531074523926,-0.007979154586791992,0.00488048791885376,-0.015396475791931152,-0.010715603828430176,0.004180252552032471,-0.009241938591003418,0.006392478942871094,0.00871431827545166,0.011682629585266113,-0.020920991897583008
2025-05-16,-0.03210163116455078,-0.04776573181152344,-0.009937047958374023,-0.016129136085510254,-0.00679934024810791,-0.01834869384765625,0.0018880963325500488,-0.021135330200195312,0.01399219036102295,-0.0014820694923400879,0.0033135414123535156,0.002566099166870117,-0.0015128850936889648
2025-05-19,0.008215904235839844,-0.04432022571563721,0.009183287620544434,0.0022397637367248535,-0.01716029644012451,0.012637674808502197,0.00021827220916748047,-0.011233329772949219,0.009486794471740723,-0.0027565956115722656,-0.002241075038909912,0.0006399154663085938,0.010711312294006348
2025-05-20,0.02374255657196045,-0.027207493782043457,0.013737142086029053,0.016347825527191162,-0.008544206619262695,0.01850205659866333,0.019211173057556152,0.028976619243621826,-0.022853493690490723,0.010844111442565918,0.0008274316787719727,-0.012470006942749023,0.011243820190429688
2025-05-21,-0.005151867866516113,-0.042013704776763916,-0.009565234184265137,-0.006399750709533691,0.00237429141998291,-0.01885080337524414,-0.010387301445007324,-0.010417699813842773,0.006921648979187012,-0.002313852310180664,0.007559657096862793,0.015541434288024902,-0.003228902816772461
2025-05-22,0.007989704608917236,-0.0236666202545166,0.008975982666015625,-0.0028591156005859375,-0.010330915451049805,0.008997559547424316,0.0006608366966247559,0.01585078239440918,-0.020332813262939453,-0.028041303157806396,-0.019109010696411133,-0.004622936248779297,0.013853847980499268
2025-05-23,-0.000683903694152832,-0.044172585010528564,-0.018785715103149414,0.005456149578094482,0.006906092166900635,-0.0171356201171875,-0.005364179611206055,-0.007636904716491699,-0.0037668943405151367,0.010412096977233887,0.018166661262512207,-0.0011211037635803223,-0.012345671653747559
2025-05-26,-0.017008423805236816,-0.029807686805725098,-0.01267695426940918,0.0010379552841186523,-0.009757399559020996,-0.015841007232666016,0.003362119197845459,-0.002817869186401367,-0.0054863691329956055,0.00708460807800293,0.004108428955078125,-0.004970371723175049,-0.005607008934020996
2025-05-27,-0.006868720054626465,0.0025396347045898438,0.018370985984802246,0.004749596118927002,-0.00432431697845459,0.005940556526184082,0.0011733770370483398,0.00038760900497436523,-0.005069375038146973,-0.005755722522735596,0.008417010307312012,-0.004511713981628418,0.008851468563079834
2025-05-28,0.0019279122352600098,-0.011306822299957275,-0.014905571937561035,0.0020381808280944824,-0.001860499382019043,-0.014442205429077148,-0.005506634712219238,-0.03407168388366699,0.017383575439453125,-0.007718682289123535,-0.0026663541793823242,-0.012625396251678467,0.006469249725341797
2025-05-29,-0.011515617370605469,-0.01368570327758789,0.007996022701263428,-0.05663752555847168,0.013370871543884277,0.007977426052093506,0.0034319162368774414,-0.0048274993896484375,0.018338441848754883,0.001728653907775879,0.03277933597564697,0.003606557846069336,-0.003468036651611328
2025-05-30,-0.004406929016113281,0.009820699691772461,0.002467513084411621,0.009240031242370605,0.010164022445678711,0.008907616138458252,0.01208961009979248,0.03605574369430542,-0.041585326194763184,-0.01509922742843628,-0.03927969932556152,-0.021234869956970215,-0.002186417579650879
2025-06-02,-0.00965261459350586,-0.008784055709838867,0.005606889724731445,0.0003331303596496582,-0.010105371475219727,0.006990373134613037,-0.009938359260559082,-0.003290414810180664,-0.004678487777709961,-0.004599213600158691,-0.007497608661651611,-0.008010685443878174,0.005067288875579834
2025-06-03,0.016658246517181396,-0.003291606903076172,0.02155888080596924,-0.006140232086181641,-0.0010219812393188477,0.01508486270904541,0.016303181648254395,0.009742379188537598,-0.0040940046310424805,-0.004180431365966797,-0.012865960597991943,0.0011775493621826172,0.005800366401672363
2025-06-04,-0.005303144454956055,0.015496015548706055,-0.005762696266174316,0.0004258155822753906,0.01246577501296997,-0.011359333992004395,0.0026128292083740234,-0.016949176788330078,-0.009591937065124512,0.003093242645263672,0.01638174057006836,0.0073937177658081055,-0.01280677318572998
2025-06-05,0.00014656782150268555,0.008192658424377441,0.005561232566833496,-0.0070046186447143555,-0.005821943283081055,0.013755738735198975,0.010179638862609863,0.0027298927307128906,0.004688739776611328,-0.0011013150215148926,-0.005882382392883301,0.0026688575744628906,-0.013277173042297363
2025-06-06,0.0035172104835510254,-0.007567763328552246,-0.022199630737304688,0.009399831295013428,-0.0027588605880737305,-0.015099167823791504,-0.011040449142456055,-0.011381745338439941,0.01721370220184326,0.00948178768157959,0.004615426063537598,-0.007652580738067627,-0.0007625818252563477
2025-06-09,-0.015956997871398926,0.004500269889831543,-0.011604785919189453,-0.016510844230651855,-0.013054966926574707,-0.0034035444259643555,-0.018100261688232422,-0.01837599277496338,-0.0652076005935669,0.011577129364013672,0.022970914840698242,0.015423297882080078,-0.0036716461181640625
2025-06-10,-0.03228139877319336,-0.0031734108924865723,0.0006555914878845215,-0.012275457382202148,-0.01049041748046875,0.008165836334228516,0.007934212684631348,0.0037301182746887207,0.01588648557662964,0.007773756980895996,0.007369875907897949,-0.008420050144195557,0.007109344005584717
2025-06-11,0.021736085414886475,0.0018726587295532227,-0.04280102252960205,0.01558464765548706,-0.022554755210876465,-0.024065852165222168,-0.020882725715637207,0.013806343078613281,-0.011981606483459473,0.010713577270507812,-0.06378602981567383,0.004329085350036621,-0.007229804992675781
2025-06-12,-0.03562211990356445,-0.0003115534782409668,-0.0456046462059021,0.021452009677886963,-0.039527952671051025,-0.053803324699401855,0.014942705631256104,0.03597193956375122,0.028358757495880127,0.002331972122192383,-0.006554961204528809,-0.018567681312561035,0.005038321018218994
2025-06-13,-0.02073580026626587,-0.014895617961883545,-0.019772589206695557,0.015029668807983398,-0.004346191883087158,-0.015947699546813965,0.01848316192626953,0.02097076177597046,0.01897120475769043,0.014593958854675293,-0.020070433616638184,-0.008614838123321533,0.009503304958343506
2025-06-16,0.0,-0.019043385982513428,0.013111472129821777,-0.004422187805175781,0.001508951187133789,0.02351224422454834,-0.010728597640991211,-0.06762874126434326,-0.03361845016479492,0.021054744720458984,-0.006488800048828125,-0.0013631582260131836,-0.006933331489562988
2025-06-17,-0.0181390643119812,0.011673688888549805,-0.011448502540588379,0.008805513381958008,-0.006080448627471924,-0.005321204662322998,0.0011876821517944336,0.016107022762298584,-0.031517624855041504,-0.01735401153564453,0.005511045455932617,-0.01160210371017456,0.004590392112731934
2025-06-18,0.00633847713470459,-0.012495219707489014,0.009734749794006348,0.01308143138885498,-0.024903953075408936,0.001826643943786621,0.006093859672546387,0.015748441219329834,0.005510985851287842,-0.007895231246948242,0.017879605293273926,0.00017273426055908203,0.0007685422897338867
2025-06-19,-0.04355180263519287,-0.034021973609924316,-0.0076462626457214355,0.011820554733276367,-0.028593599796295166,-0.010028660297393799,0.015328288078308105,0.01634085178375244,0.023288428783416748,0.004816770553588867,-0.0004258155822753906,-0.02036595344543457,-0.002237677574157715
2025-06-20,-0.00883394479751587,0.01673215627670288,0.00016748905181884766,-0.008358359336853027,0.007944703102111816,0.0057888031005859375,0.0001519322395324707,-0.01685953140258789,-0.001723647117614746,0.0012505054473876953,0.01053529977798462,0.014799237251281738,-0.02295398712158203
2025-06-23,0.020418167114257812,0.002349376678466797,-0.00016742944717407227,-0.0016875267028808594,0.01604759693145752,0.0024852752685546875,-0.009265542030334473,-0.0016045570373535156,-0.0032979249954223633,-0.002081573009490967,-0.015702366828918457,0.0031249523162841797,0.006411075592041016
2025-06-24,0.0034142732620239258,-0.0022913217544555664,0.0185929536819458,-0.011000394821166992,0.003906726837158203,0.033011436462402344,-0.020844340324401855,-0.0016019344329833984,-0.009289741516113281,-0.029411792755126953,-0.05580264329910278,0.009691953659057617,0.004118621349334717
2025-06-25,0.0036401748657226562,-0.01104891300201416,0.0011512041091918945,-0.006616711616516113,-0.008116543292999268,0.0047997236251831055,0.006044566631317139,-0.013618946075439453,-0.023435235023498535,-0.008596599102020264,-0.010653793811798096,-0.009427487850189209,-0.011373043060302734
2025-06-26,0.017976760864257812,-0.0368044376373291,0.03170168399810791,-0.013681888580322266,0.01524496078491211,0.029666900634765625,-0.03025805950164795,0.003872990608215332,-0.001106858253479004,0.011922836303710938,0.002720475196838379,0.01159358024597168,-0.01908266544342041
2025-06-27,-0.05716061592102051,-0.053610384464263916,0.00987100601196289,-0.013209104537963867,0.0226895809173584,0.044561147689819336,-0.006478667259216309,-0.027840495109558105,-0.04471015930175781,-0.00792628526687622,-0.020122051239013672,0.008552908897399902,-0.013442158699035645
2025-06-30,0.00981760025024414,-0.006848931312561035,-0.003153085708618164,-0.021712303161621094,-0.0009716153144836426,-0.002220630645751953,0.001788020133972168,-0.017465949058532715,0.01891791820526123,0.0056143999099731445,0.001961231231689453,-0.0016960501670837402,0.009766459465026855
2025-07-01,0.013392508029937744,-0.04028099775314331,0.00031638145446777344,-0.01340937614440918,-0.006376028060913086,0.0055054426193237305,-0.001217961311340332,0.008170008659362793,-0.0053937435150146484,-0.003220975399017334,0.00046062469482421875,-0.006455957889556885,-0.01852595806121826
2025-07-02,0.005249738693237305,0.0013431310653686523,-0.0007905364036560059,-0.004578590393066406,0.005981922149658203,-0.008853733539581299,-0.005295515060424805,-0.02142632007598877,-0.012272000312805176,-0.009478747844696045,0.0033375024795532227,0.0068399906158447266,0.006281077861785889
2025-07-03,-0.0010554790496826172,0.0027496814727783203,-0.0009493231773376465,0.016726672649383545,0.01037895679473877,0.00011754035949707031,0.0002846717834472656,0.005663275718688965,0.0009937286376953125,0.012179255485534668,0.03911447525024414,-0.003566563129425049,0.0006583929061889648
2025-07-04,0.005723834037780762,0.008627653121948242,0.044345855712890625,0.004959702491760254,0.0034775733947753906,0.0183335542678833,-0.025348901748657227,-0.03020918369293213,-0.0228116512298584,0.004942059516906738,-0.015895843505859375,-0.0037497878074645996,-0.0062590837478637695
2025-07-07,0.005453705787658691,0.005768895149230957,0.012435436248779297,-0.00642848014831543,-0.0013328790664672852,0.0073860883712768555,-0.014027833938598633,-0.0032728910446166992,-0.00019443035125732422,-0.014966845512390137,-0.011553525924682617,-0.025833964347839355,-0.009297370910644531
2025-07-08,0.004645824432373047,-0.00415349006652832,0.014529705047607422,0.019347429275512695,-0.002669394016265869,0.010768651962280273,-0.00041091442108154297,-0.005025625228881836,0.019640862941741943,0.006945967674255371,0.005674123764038086,0.007671713829040527,0.002530038356781006
2025-07-09,0.0039023160934448242,-0.015623927116394043,-0.019932091236114502,-0.024165868759155273,-0.03945183753967285,-0.016094326972961426,0.023138046264648438,0.025221526622772217,0.015670478343963623,0.0006467103958129883,0.005190730094909668,-0.0015126466751098633,0.012096762657165527
2025-07-10,-0.0016131401062011719,0.005783796310424805,0.007080435752868652,0.010415256023406982,0.0034551620483398438,-0.009330689907073975,-0.013805150985717773,0.007244765758514404,0.0043662190437316895,-0.001077115535736084,-0.017736852169036865,0.001846015453338623,0.001184999942779541
2025-07-11,0.011043787002563477,-0.011969268321990967,-0.017501890659332275,0.00465703010559082,-0.0203821063041687,-0.012209296226501465,0.010990500450134277,0.01015317440032959,-0.002698659896850586,-0.0056070685386657715,-0.011885762214660645,0.017148613929748535,0.01450037956237793
2025-07-14,-0.003024458885192871,-0.0012859106063842773,-0.0012180209159851074,-0.01319420337677002,0.009637713432312012,-0.013772845268249512,0.0037041902542114258,0.005082905292510986,0.006930351257324219,0.01019299030303955,0.031344056129455566,-0.01317143440246582,0.0076912641525268555
2025-07-15,-0.0016236305236816406,0.017889857292175293,0.010518312454223633,-0.012375831604003906,0.005839824676513672,0.008355259895324707,-0.008628487586975098,-0.01380765438079834,0.0008808374404907227,-0.0021468400955200195,0.0,-0.028363943099975586,-0.0011458396911621094
2025-07-16,-0.018757224082946777,-0.007256507873535156,-0.0006034374237060547,0.009259700775146484,-0.002065598964691162,0.029119372367858887,-0.00431215763092041,0.0023154020309448242,-0.002916097640991211,-0.0034422874450683594,0.0013457536697387695,0.006238698959350586,-0.00013458728790283203
2025-07-17,-0.0026519298553466797,0.007980108261108398,-0.0030188560485839844,-0.0009207725524902344,0.005202531814575195,-0.013687610626220703,0.0071329474449157715,0.003185272216796875,-0.02968418598175049,0.004317760467529297,0.0,-0.0014868974685668945,0.00619274377822876
2025-07-18,0.012393295764923096,-0.013837993144989014,-0.009386837482452393,0.009705603122711182,-0.0003339052200317383,-0.02134108543395996,0.005998492240905762,0.018214166164398193,0.007617592811584473,0.009673237800598145,0.003247857093811035,0.022434890270233154,0.0002709627151489258
2025-07-21,-0.006580471992492676,0.021385669708251953,-0.002750992774963379,0.007524728775024414,-0.006012380123138428,0.0025023221969604492,-0.006736397743225098,0.009345829486846924,-0.0007280111312866211,-0.004896759986877441,0.01194465160369873,-0.00016880035400390625,-0.032113850116729736
2025-07-22,0.016419589519500732,-0.006737112998962402,-0.006590008735656738,-0.0018720626831054688,-0.00044804811477661133,-0.0055866241455078125,-0.006063938140869141,0.0008447766304016113,0.017192363739013672,0.005348682403564453,-0.004191935062408447,0.0023621320724487305,-0.011059701442718506
2025-07-23,-0.007960319519042969,0.00206148624420166,0.012187480926513672,-0.038211822509765625,0.01283121109008789,0.012192249298095703,-0.0024248361587524414,0.01169675588607788,0.0019511580467224121,-0.0031921863555908203,0.004541873931884766,-0.011500120162963867,0.008352160453796387
2025-07-24,0.011271238327026367,-0.0014600157737731934,-0.008840084075927734,0.002879619598388672,0.008464217185974121,0.0009447336196899414,0.007395148277282715,0.015019714832305908,0.037009596824645996,-0.003202378749847412,-0.014225780963897705,-0.0030095577239990234,-0.015232324600219727
2025-07-25,-0.0320279598236084,-0.02146601676940918,-0.024911582469940186,0.025269627571105957,-0.02375328540802002,-0.030084967613220215,-0.028199315071105957,0.029966652393341064,0.03409165143966675,-0.018419384956359863,-0.027296125888824463,0.019169867038726807,-0.007983505725860596
2025-07-28,0.0024836063385009766,-0.004346668720245361,0.0014194250106811523,0.016526997089385986,-0.01567775011062622,0.00012171268463134766,0.004155516624450684,-0.014824390411376953,0.002174198627471924,-0.00109100341796875,-0.01943647861480713,0.0011897087097167969,-0.002946019172668457
2025-07-29,0.005913734436035156,-0.010845839977264404,0.0045670270919799805,-0.01779329776763916,0.01301586627960205,0.009243488311767578,0.0024973154067993164,-0.009558796882629395,-0.008933663368225098,0.0058977603912353516,0.033779144287109375,0.02841585874557495,-0.021259784698486328
2025-07-30,-0.006673455238342285,-0.003172159194946289,0.006427288055419922,0.009758591651916504,-0.013186812400817871,0.0010846853256225586,0.00740206241607666,0.013498425483703613,-0.016773462295532227,0.0015201568603515625,0.00930333137512207,0.0028020739555358887,0.004939675331115723
2025-07-31,-0.03367197513580322,-0.004219949245452881,-0.02289724349975586,0.009854733943939209,-0.015989959239959717,-0.018297851085662842,-0.022890985012054443,-0.009253382682800293,0.038445234298706055,-0.003252387046813965,-0.010791361331939697,0.013171732425689697,0.014112472534179688
2025-08-01,-0.014401495456695557,-0.01757681369781494,-0.03491145372390747,-0.0013679265975952148,-0.018513143062591553,-0.034947872161865234,-0.03152567148208618,0.017117798328399658,0.015241861343383789,-0.01740264892578125,-0.013522744178771973,0.025805294513702393,-0.0025175809860229492
2025-08-04,0.017971038818359375,-0.0352168083190918,0.0,-0.005275845527648926,0.000827789306640625,0.011944174766540527,0.00955653190612793,-0.023072361946105957,0.002467513084411621,-0.008412718772888184,-0.011980116367340088,-0.004749655723571777,-0.012771844863891602
2025-08-05,-0.01691138744354248,0.014618515968322754,-0.008589386940002441,-0.011199116706848145,-0.01831495761871338,-0.015193402767181396,-0.00776517391204834,-0.0032979249954223633,0.025785207748413086,-0.0015628337860107422,0.00967705249786377,0.02036362886428833,0.014027655124664307
2025-08-06,-0.011496126651763916,0.012616932392120361,0.001999378204345703,-0.039434731006622314,-0.008365452289581299,-0.002550065517425537,0.007080554962158203,0.013535022735595703,0.005385875701904297,-0.0029070377349853516,-0.002309441566467285,0.013548612594604492,-0.0007904767990112305
2025-08-07,0.004838705062866211,-0.012918591499328613,-0.017126798629760742,0.006705522537231445,-0.00242769718170166,0.002428770065307617,-0.004218399524688721,-0.006811380386352539,0.0011603832244873047,0.0006728172302246094,0.0003472566604614258,-0.01975536346435547,0.0024411678314208984
2025-08-08,-0.01224970817565918,0.011852741241455078,-0.029436707496643066,-0.007763087749481201,0.009794950485229492,0.017724990844726562,0.0089186429977417,0.016012907028198242,-0.022459745407104492,-0.0022411346435546875,0.0005785226821899414,0.016974210739135742,0.015546262264251709
2025-08-11,0.02001368999481201,0.007575690746307373,-0.004601478576660156,-0.011445939540863037,0.010904908180236816,0.002004861831665039,0.010755062103271484,-0.0022753477096557617,-0.013028383255004883,0.001572251319885254,-0.020698368549346924,0.0005630254745483398,-0.01345217227935791
2025-08-12,0.0260775089263916,-0.0184478759765625,-0.00866997241973877,-0.003712952136993408,0.007390260696411133,-0.005502104759216309,0.008745670318603516,-0.016779303550720215,-0.014505743980407715,0.0074007511138916016,0.0038965940475463867,-0.02366197109222412,0.004184067249298096
2025-08-13,-0.004249393939971924,-0.0064542293548583984,0.0037301182746887207,-0.008090972900390625,-0.005383670330047607,0.007418632507324219,-0.0015172958374023438,-0.0013589859008789062,0.009949862957000732,0.013357043266296387,-0.04257822036743164,0.016510725021362305,-0.0015937089920043945
2025-08-14,-0.0031186342239379883,0.03440898656845093,0.013836860656738281,-0.013595044612884521,0.00327146053314209,-0.015601575374603271,-0.016208350658416748,0.010760486125946045,0.02203536033630371,-0.007249593734741211,-0.015356242656707764,0.01100534200668335,0.006364762783050537
2025-08-18,0.026673316955566406,0.008783876895904541,0.012710511684417725,0.0040094852447509766,-0.001541435718536377,-0.018511533737182617,0.0013238191604614258,-0.004458785057067871,-0.019791483879089355,0.0050896406173706055,0.0017467737197875977,-0.006789803504943848,-0.005750417709350586
2025-08-19,0.008339405059814453,-0.0050432682037353516,-0.023741841316223145,0.00314486026763916,0.007066130638122559,0.02209019660949707,0.012119889259338379,0.002243936061859131,0.0008210539817810059,-0.0008807182312011719,0.01656496524810791,-0.033345818519592285,-0.027791857719421387
2025-08-20,0.0026242733001708984,-0.057204365730285645,0.004572927951812744,0.01025080680847168,0.018514156341552734,-0.012133538722991943,-0.00406414270401001,-0.003373384475708008,-0.0009711980819702148,0.0,-0.00024503469467163086,0.009789645671844482,0.004999637603759766
2025-08-21,-0.01974940299987793,-0.005085468292236328,-0.0,-0.0009358525276184082,-0.0019683241844177246,0.006013274192810059,0.0,-0.0072602033615112305,0.007314026355743408,0.0015425682067871094,0.006862759590148926,0.006957113742828369,-0.00835108757019043
2025-08-22,-0.0003236532211303711,0.008230507373809814,0.010992646217346191,-0.011684656143188477,-0.005394399166107178,-0.006104528903961182,-0.010493338108062744,-0.0023703575134277344,0.0022554397583007812,-0.008360803127288818,-0.0034079551696777344,0.0044248104095458984,0.01094895601272583
2025-08-25,0.02185344696044922,0.013400435447692871,0.002156555652618408,0.0056868791580200195,-0.005190432071685791,-0.001279592514038086,7.367134094238281e-05,-0.01761496067047119,0.0027880072593688965,0.0019968748092651367,-0.0001221299171447754,0.012037038803100586,-0.0024126768112182617
2025-08-26,0.007049560546875,0.035990118980407715,0.011637568473815918,-0.031498074531555176,-0.024211525917053223,-0.018705904483795166,-0.007142841815948486,0.015555322170257568,0.03090524673461914,-0.010850310325622559,-0.025528311729431152,0.017619550228118896,0.01960921287536621
2025-08-28,-0.06787794828414917,0.006293773651123047,0.004541635513305664,0.003329038619995117,-0.002463221549987793,-0.0031335949897766113,-0.0034117698669433594,0.0043357014656066895,0.006315767765045166,-0.003581821918487549,-0.02105790376663208,-0.010494232177734375,-0.000722050666809082
2025-08-29,-0.002447068691253662,0.032460033893585205,0.00811082124710083,-0.02143949270248413,0.010840773582458496,-0.015324175357818604,-0.013470232486724854,-0.0002903938293457031,0.01773381233215332,0.0013480186462402344,-0.0005121827125549316,0.0077416300773620605,0.02070862054824829
2025-09-01,0.005159974098205566,-0.033921003341674805,-0.021294713020324707,0.010641694068908691,0.01656341552734375,0.02487361431121826,0.02149975299835205,-0.02026689052581787,-0.01038503646850586,-0.02153909206390381,0.024980783462524414,-0.02892482280731201,0.0024314522743225098
2025-09-02,0.0028611421585083008,0.00496441125869751,-0.0006672143936157227,0.0058841705322265625,0.019048213958740234,-0.0016872286796569824,0.0004431009292602539,-0.028161048889160156,-0.009092330932617188,-0.0032945871353149414,0.004999399185180664,-0.0005548000335693359,-0.00930643081665039
2025-09-03,0.0021818876266479492,-0.01475059986114502,0.00033342838287353516,-0.009800910949707031,-0.007074236869812012,0.006890296936035156,0.006200551986694336,-0.010374903678894043,-0.006738185882568359,0.0017513036727905273,0.0017410516738891602,0.001109004020690918,-0.004463911056518555
2025-09-04,-0.0018421411514282227,0.004417896270751953,0.006336510181427002,0.004197478294372559,-0.018883168697357178,-0.006843090057373047,-0.005722224712371826,0.00876230001449585,-0.002101302146911621,0.014035046100616455,-0.02271878719329834,0.009992659091949463,0.009689569473266602
2025-09-05,-0.009478986263275146,-0.012525081634521484,0.0010069608688354492,-0.007998764514923096,-0.0039556026458740234,-0.0026001334190368652,-0.00022137165069580078,0.019198894500732422,0.004815101623535156,0.00667262077331543,0.007113814353942871,0.004299044609069824,-0.011550068855285645
2025-09-08,0.00321805477142334,-0.0028982162475585938,-0.012598633766174316,-0.0017166733741760254,-0.009187400341033936,0.02685081958770752,0.008929967880249023,-0.001408219337463379,0.003589808940887451,0.006941318511962891,-0.011225998401641846,-0.0030034780502319336,-0.002545475959777832
2025-09-09,0.0038831233978271484,0.010431408882141113,0.007962822914123535,-0.00020837783813476562,0.003409862518310547,-0.0101548433303833,0.0002925395965576172,0.018984675407409668,0.005090832710266113,0.005186021327972412,0.001530766487121582,0.003368854522705078,0.0016685128211975098
2025-09-10,0.005465865135192871,0.0001423954963684082,-0.01270902156829834,0.007505536079406738,0.005425453186035156,0.006540179252624512,0.0013893842697143555,-0.009795546531677246,-0.013146519660949707,-0.0018131732940673828,-0.004712700843811035,-0.009577393531799316,-0.0005813837051391602
2025-09-11,0.01405036449432373,-0.018449902534484863,-0.006605029106140137,0.0048629045486450195,-0.029411792755126953,0.01363229751586914,0.019789576530456543,-0.014574408531188965,-0.011111140251159668,-0.008597254753112793,0.010110020637512207,-0.010974764823913574,-0.004575252532958984
2025-09-12,-0.001072227954864502,0.017626047134399414,0.006397604942321777,-0.012510359287261963,0.0025922656059265137,0.0023881196975708008,-0.009165763854980469,-0.0017722845077514648,-0.00107574462890625,0.0022431612014770508,0.009502053260803223,0.0029438138008117676,-0.00845801830291748
2025-09-15,-0.0006604194641113281,-0.08066928386688232,0.0008254647254943848,0.010739803314208984,-0.007739067077636719,0.002758622169494629,0.009684205055236816,-9.310245513916016e-05,0.0016887784004211426,0.004046738147735596,-0.008659601211547852,0.0005537271499633789,-0.0030825138092041016
2025-09-16,0.0010739564895629883,-0.05475032329559326,-0.001652359962463379,0.017228126525878906,-0.012837409973144531,0.005377054214477539,0.006871342658996582,-0.004189848899841309,-0.04821217060089111,-0.011963844299316406,0.009874701499938965,-0.0055391788482666016,-0.004287838935852051
2025-09-17,0.0019806623458862305,-0.0006246566772460938,-0.01666116714477539,0.010394930839538574,0.003508150577545166,0.009079575538635254,0.006611227989196777,0.0030133724212646484,0.0011736750602722168,-0.007807254791259766,0.011783838272094727,-0.0056923627853393555,-0.00604856014251709
2025-09-18,-0.0001646876335144043,0.020226001739501953,-0.006490349769592285,-0.007327079772949219,0.0035773515701293945,0.00727236270904541,0.0082627534866333,-0.002417922019958496,0.014982402324676514,0.005533397197723389,-0.010903239250183105,0.004382014274597168,-0.0008487701416015625
2025-09-19,-0.07331740856170654,-0.008665204048156738,-0.011929750442504883,-0.0043984055519104,-0.003875136375427246,0.010890841484069824,0.009175539016723633,0.0020873546600341797,-0.0026096105575561523,-0.00489652156829834,0.012276053428649902,0.004584610462188721,0.005371034145355225
2025-09-22,-0.1984802484512329,0.024066686630249023,0.012585639953613281,0.0009140968322753906,0.003860175609588623,-0.0007262825965881348,-0.0013187527656555176,0.016594648361206055,0.028482139110565186,-0.003100752830505371,0.012869715690612793,0.008843004703521729,0.011936962604522705
2025-09-23,0.07403135299682617,-0.012491941452026367,-0.0153275728225708,0.0018770694732666016,0.012651026248931885,0.02798306941986084,-0.0004169940948486328,0.013565897941589355,-0.0013778209686279297,0.0033119916915893555,-0.01148444414138794,-0.0,0.0005752444267272949
2025-09-24,0.07697629928588867,0.025378823280334473,0.00015884637832641602,-0.0021268129348754883,0.015410363674163818,0.0014140605926513672,-0.009872734546661377,0.005366802215576172,0.022626519203186035,-0.007753610610961914,0.005067348480224609,0.018029749393463135,0.004892826080322266
2025-09-25,-0.006593823432922363,-0.015217185020446777,0.0020660758018493652,-0.0122298002243042,0.008441329002380371,-0.0032948851585388184,-0.0037919282913208008,0.012622296810150146,0.011731564998626709,-0.0048362016677856445,0.020167231559753418,0.0028392672538757324,0.007664501667022705
2025-09-26,0.033422648906707764,0.032820820808410645,0.016085445880889893,-0.0228615403175354,0.013774693012237549,-0.0029516220092773438,-0.008035540580749512,0.013125181198120117,0.020497024059295654,0.006781876087188721,-0.010969102382659912,0.012148737907409668,-0.0037889480590820312
2025-09-29,0.03011167049407959,0.01295924186706543,-0.04240858554840088,-0.0005783438682556152,-0.0260159969329834,-0.04618120193481445,-0.029417991638183594,-0.022100329399108887,-0.01769411563873291,-0.008149862289428711,0.017062783241271973,-0.04362022876739502,0.0034842491149902344
2025-09-30,0.006987512111663818,-0.03647804260253906,-0.004658341407775879,0.020832300186157227,0.0011684894561767578,-0.003735184669494629,-0.0032442808151245117,-0.008755326271057129,-0.028183579444885254,0.001966416835784912,-0.008268475532531738,-0.0009206533432006836,0.0064103007316589355
2025-10-01,-0.025267839431762695,-0.028011798858642578,-0.0001544952392578125,0.006956934928894043,0.009826898574829102,0.020297706127166748,0.0006192326545715332,-0.002301812171936035,0.013975739479064941,-0.014886260032653809,-0.006041586399078369,0.015452444553375244,-0.003445744514465332
2025-10-03,0.006005287170410156,-0.11934709548950195,-0.005408763885498047,0.008034825325012207,-0.016068100929260254,-0.02739405632019043,-0.00461268424987793,-4.780292510986328e-05,-0.003367304801940918,-0.0025883913040161133,0.008266568183898926,-0.016255617141723633,0.003872215747833252
2025-10-06,0.00596308708190918,0.05691426992416382,-0.005994558334350586,0.0010660886764526367,0.004186034202575684,-0.022406458854675293,-0.02960526943206787,0.004640460014343262,-0.001482844352722168,-0.00903618335723877,0.010851263999938965,-0.004780292510986328,-0.008508086204528809
2025-10-07,-0.004183411598205566,0.012815892696380615,0.004889249801635742,-0.0028907060623168945,-0.018566131591796875,0.004492640495300293,0.003061830997467041,-0.05796408653259277,-0.02369081974029541,0.002345442771911621,0.007752895355224609,-0.025983572006225586,-0.007127285003662109
2025-10-08,0.010768711566925049,0.015603065490722656,-0.009212374687194824,-0.008036196231842041,0.013240933418273926,-0.006714344024658203,0.005207657814025879,0.012674868106842041,0.026339828968048096,-0.014319241046905518,-0.0133744478225708,0.013019442558288574,0.012565016746520996
2025-10-09,0.002463221549987793,0.0020431876182556152,0.003194868564605713,-0.004101932048797607,-0.005286097526550293,-0.001530766487121582,-0.010939598083496094,-0.005475521087646484,-0.009382367134094238,0.00650477409362793,0.002639174461364746,0.0034333467483520508,-0.0076056718826293945
2025-10-10,-0.0005575418472290039,-0.008189558982849121,0.015415191650390625,0.0033980607986450195,-0.0042182207107543945,0.012008726596832275,0.007302701473236084,0.010708451271057129,-0.0030208826065063477,0.012063741683959961,0.0007178783416748047,0.00489574670791626,-0.00283050537109375
2025-10-13,0.004299044609069824,0.0017231106758117676,0.0021701455116271973,-0.0025655627250671387,-0.006271958351135254,0.0025414228439331055,-0.007423281669616699,-0.0006476640701293945,0.00023174285888671875,-0.009152829647064209,-0.004184603691101074,0.0009110569953918457,0.004849076271057129
2025-10-14,0.013752281665802002,0.0033904314041137695,0.016311943531036377,-0.0073049068450927734,-0.027504563331604004,0.019275546073913574,0.01573282480239868,0.021357297897338867,-0.01065969467163086,0.0025779008865356445,-0.005642950534820557,0.015502452850341797,-0.0006545782089233398
2025-10-15,-0.0036481618881225586,-0.006123542785644531,-0.01642441749572754,-0.02705085277557373,0.011407017707824707,-0.013554692268371582,-0.00573277473449707,-0.0011336803436279297,-0.0017578601837158203,0.012427687644958496,0.021613121032714844,-0.010188937187194824,0.001162886619567871
2025-10-16,-0.004281163215637207,0.012848913669586182,0.005904257297515869,0.019577205181121826,0.010115742683410645,-0.007355451583862305,0.00013405084609985352,-0.008162617683410645,0.00968945026397705,0.0025397539138793945,-0.013709962368011475,0.003300905227661133,-0.01746344566345215
2025-10-17,0.0029760003089904785,-0.0037990808486938477,0.00015628337860107422,0.004786133766174316,-0.008748233318328857,0.007412314414978027,0.0049631595611572266,0.02545982599258423,0.012095510959625244,-0.0027443766593933105,-0.0200120210647583,0.01122349500656128,-0.013230323791503906
2025-10-20,-0.0014520883560180664,0.004715263843536377,-0.005471348762512207,-0.005533099174499512,0.004644989967346191,-0.0096968412399292,-0.00620114803314209,0.004994451999664307,-0.00031185150146484375,0.004233717918395996,-0.004768848419189453,-0.012281298637390137,-0.03529083728790283
2025-10-21,-0.0041887760162353516,-0.0006858110427856445,-0.004042267799377441,-0.0020056962966918945,-0.00017338991165161133,-0.0054090023040771484,-0.001808762550354004,-0.001110076904296875,-0.005769133567810059,-0.002318739891052246,-0.0008600950241088867,0.0014705657958984375,0.0010908842086791992
2025-10-23,-0.00016045570373535156,0.0051081180572509766,0.02291727066040039,0.0007698535919189453,0.009479761123657227,0.032279253005981445,-0.026011347770690918,-0.03538715839385986,-0.009069085121154785,0.016902565956115723,0.026561737060546875,-0.0016567707061767578,0.011465966701507568
2025-10-24,0.0013635754585266113,0.019973695278167725,0.0025356411933898926,0.004057765007019043,0.005210757255554199,0.005105495452880859,0.0016475915908813477,0.016762852668762207,-0.0025348663330078125,0.010388493537902832,0.005031108856201172,-0.007167816162109375,-0.002209305763244629
2025-10-27,0.0056220293045043945,-0.03117811679840088,-0.03797256946563721,0.009025275707244873,-0.0047280192375183105,-0.03489565849304199,-0.03214538097381592,-0.010939598083496094,0.01777637004852295,-0.006785929203033447,0.006793856620788574,0.0034672021865844727,-0.02238905429840088
2025-10-28,-0.0031499862670898438,0.005142509937286377,0.006888091564178467,-0.0019255876541137695,-0.00944364070892334,0.0035262107849121094,0.004382789134979248,0.01461559534072876,-0.007020831108093262,-0.010559022426605225,-0.022729992866516113,0.007874011993408203,-0.0018867254257202148
2025-10-29,-0.02133655548095703,0.021797358989715576,-0.021886587142944336,0.0008830428123474121,-0.03461027145385742,-0.036934614181518555,-0.05542600154876709,-0.009317755699157715,-0.003640890121459961,0.02029716968536377,0.018776535987854004,-0.021225571632385254,-0.0116349458694458
2025-10-30,-0.006937384605407715,0.01948171854019165,-0.027300119400024414,0.00842219591140747,0.0083770751953125,-0.0019196271896362305,-0.0025908946990966797,0.001789867877960205,0.018447041511535645,-0.004306793212890625,-0.03388822078704834,0.005964219570159912,0.010437428951263428
2025-10-31,0.01103895902633667,0.02584242820739746,0.0020554661750793457,0.006186723709106445,0.0018021464347839355,-0.013304948806762695,-0.014623403549194336,-4.7206878662109375e-05,-0.0040891170501708984,0.0030895471572875977,0.003220200538635254,0.002909064292907715,0.0014107823371887207
2025-11-03,0.008074700832366943,-0.023928523063659668,-0.029277563095092773,-0.006119728088378906,-0.005077838897705078,-0.01701676845550537,-0.010995864868164062,-0.01514577865600586,-0.0003132820129394531,0.00862419605255127,-0.00842273235321045,-0.013493776321411133,0.0011437535285949707
2025-11-04,-0.004150032997131348,0.006639719009399414,-0.015437483787536621,0.012741923332214355,0.01128321886062622,-0.0015492439270019531,-0.00909423828125,0.0013943314552307129,0.010334372520446777,-0.02015477418899536,0.012585818767547607,0.016012907028198242,0.007813036441802979
2025-11-06,0.01835954189300537,-0.004718184471130371,0.013513565063476562,0.017261505126953125,0.014534711837768555,0.024131178855895996,0.00523686408996582,0.017640233039855957,0.024839818477630615,-0.003324270248413086,-0.0035921335220336914,0.01956486701965332,-0.015613317489624023
2025-11-07,0.010282516479492188,0.006848394870758057,-0.018692970275878906,-0.0038372278213500977,-0.00829625129699707,-0.013526320457458496,-0.004713535308837891,-0.004453778266906738,0.013871967792510986,0.00270998477935791,-0.0015010833740234375,-0.012681841850280762,0.012098133563995361
2025-11-10,0.0007362961769104004,-0.010836005210876465,0.005463004112243652,-0.00010764598846435547,-0.005828261375427246,-0.005108952522277832,-0.0013403892517089844,0.014198064804077148,0.003948628902435303,-0.0031185150146484375,0.004380941390991211,0.0029465556144714355,-0.0076454877853393555
2025-11-11,-0.0030289888381958008,-0.013578534126281738,-0.024647831916809082,-0.0023686885833740234,-0.004544734954833984,-0.01224064826965332,-0.018010258674621582,0.003349483013153076,-0.008093714714050293,-0.00771641731262207,-0.009611010551452637,0.0003694295883178711,-0.0027529001235961914
2025-11-12,-0.01232457160949707,-0.02519071102142334,-0.003436446189880371,0.007089138031005859,-0.0005654096603393555,0.006148815155029297,0.0007770061492919922,-0.00931394100189209,-0.008520364761352539,0.01765453815460205,-0.011927962303161621,-0.010347366333007812,-0.01212000846862793
2025-11-13,0.0013706684112548828,-0.0026259422302246094,0.0013698339462280273,-0.010709643363952637,-0.006725788116455078,-0.002371668815612793,-0.0008375644683837891,-0.02278459072113037,-0.0006499290466308594,-0.011978566646575928,0.015187561511993408,0.005486488342285156,0.00039696693420410156
2025-11-14,-0.009446263313293457,0.012284815311431885,0.010150909423828125,-0.001337885856628418,0.0014035701751708984,0.009875476360321045,0.006932854652404785,0.01097571849822998,-0.017454147338867188,0.011287569999694824,-0.005524158477783203,-0.006252288818359375,-0.0052947998046875
2025-11-17,0.005278825759887695,-0.0063135623931884766,-0.00845348834991455,-0.005023837089538574,-0.010288476943969727,-0.010909080505371094,-0.010893106460571289,0.0056427717208862305,0.01603776216506958,0.0018603801727294922,0.0013734698295593262,-0.008954644203186035,0.00039499998092651367
2025-11-18,0.014553308486938477,0.007591426372528076,0.006458699703216553,0.011592686176300049,0.0053421854972839355,0.0060637593269348145,0.00881105661392212,0.013619601726531982,-0.01524496078491211,-0.004538893699645996,0.00664752721786499,0.004346966743469238,-0.0007244348526000977
2025-11-19,0.0037532448768615723,0.0032242536544799805,0.016597509384155273,0.0018829703330993652,0.0013986825942993164,0.01323544979095459,0.01315397024154663,0.009684562683105469,0.023801982402801514,0.008497476577758789,-0.008076667785644531,0.0021830201148986816,0.00032907724380493164
2025-11-20,0.0023751258850097656,0.013699471950531006,0.001687765121459961,0.000970304012298584,-0.001400589942932129,-0.0015717744827270508,0.003773629665374756,0.012103021144866943,-0.006463766098022461,-0.0039046406745910645,0.0014879107475280762,-0.00036466121673583984,-0.019882798194885254
2025-11-21,0.0017240047454833984,0.015883207321166992,0.0014088749885559082,0.008740663528442383,0.007161259651184082,0.012554943561553955,0.008003413677215576,0.013035416603088379,0.012600600719451904,-0.004538893699645996,0.025561749935150146,-0.00291597843170166,0.0016138553619384766
2025-11-24,0.010032832622528076,0.003920555114746094,0.013402938842773438,-0.026398897171020508,0.010368585586547852,0.018754005432128906,0.009915649890899658,0.011966168880462646,0.003787219524383545,-0.00476682186126709,0.010469317436218262,0.013628959655761719,0.006918370723724365
2025-11-25,-0.004734992980957031,-0.005707144737243652,0.01058197021484375,0.01219707727432251,0.004839956760406494,0.01684480905532837,0.00945502519607544,0.020805060863494873,0.0026445984840393066,-0.0016660094261169434,-0.0010699033737182617,-0.00276339054107666,-0.002474069595336914
2025-11-26,-0.0016535520553588867,0.0065879225730896,-0.033097267150878906,-0.001878976821899414,-0.027407407760620117,-0.02416253089904785,-0.008980154991149902,-0.022478818893432617,-0.012926697731018066,0.009595394134521484,-0.004987597465515137,-0.010839700698852539,-0.019614219665527344
2025-11-27,0.0038794279098510742,0.0010505318641662598,0.00797426700592041,0.003804504871368408,0.007351279258728027,0.006112635135650635,0.01076740026473999,0.007579147815704346,0.00687175989151001,-0.014876067638397217,0.014061152935028076,0.004180252552032471,0.004140377044677734
2025-11-28,-0.0053861141204833984,-0.003877997398376465,0.015371561050415039,-0.005110025405883789,-0.04190981388092041,0.012731969356536865,0.012583374977111816,-0.008395671844482422,0.011367440223693848,-0.0031459927558898926,0.009587705135345459,0.0076656341552734375,-0.0026224851608276367
2025-12-01,-0.00032961368560791016,-0.004976034164428711,0.014179348945617676,0.0058332085609436035,-0.003864884376525879,0.012131094932556152,-0.007518768310546875,0.0023071765899658203,0.004499197006225586,0.006522178649902344,-0.002420186996459961,-0.0001838207244873047,0.0008931756019592285
2025-12-02,0.008568763732910156,-0.00859987735748291,-0.013366341590881348,-0.0019378662109375,-0.00235140323638916,0.003318965435028076,0.003857851028442383,0.0024633407592773438,0.009792506694793701,-0.005225777626037598,-0.005914926528930664,0.002942204475402832,0.01264280080795288
2025-12-03,0.013712286949157715,0.006136536598205566,0.0008601546287536621,-0.0026324987411499023,-0.02704620361328125,-0.0005550384521484375,-0.010919928550720215,0.02897745370864868,0.006254792213439941,-0.01449882984161377,0.014280498027801514,0.00866842269897461,0.004850268363952637
2025-12-04,0.000674128532409668,0.0103340744972229,0.0067441463470458984,0.003750920295715332,0.0021196603775024414,0.0061016082763671875,0.008227050304412842,-0.005345702171325684,0.003912568092346191,0.009168386459350586,0.006208956241607666,-0.0453953742980957,0.002079606056213379
2025-12-05,-0.0002529621124267578,-0.02679443359375,-0.012135148048400879,0.0002689361572265625,-0.003807365894317627,-0.0053577423095703125,-0.005509138107299805,0.009860098361968994,0.0009392499923706055,-0.004014372825622559,-0.009310364723205566,0.021890103816986084,-0.003256082534790039
2025-12-08,-0.02714329957962036,-0.01491326093673706,0.007707655429840088,0.011136770248413086,-0.018624067306518555,0.00977015495300293,0.009509384632110596,-0.03534930944442749,-0.040683746337890625,-0.011243104934692383,0.019419848918914795,0.014556050300598145,-0.0015578269958496094
2025-12-09,-0.02261495590209961,-0.031168699264526367,0.007048368453979492,0.0020675063133239746,0.0064907073974609375,-0.0062787532806396484,-0.005595207214355469,-0.007458686828613281,-0.01496797800064087,0.005578160285949707,0.005074918270111084,0.005723714828491211,0.008813977241516113
2025-12-10,0.0020334720611572266,0.020195305347442627,-0.0002897977828979492,0.0110129714012146,0.0007369518280029297,-0.0016713142395019531,-0.00037932395935058594,0.0060443878173828125,0.008864045143127441,-0.002346932888031006,0.005100727081298828,-0.002414107322692871,-0.004903912544250488
2025-12-11,0.0031415224075317383,0.003932476043701172,0.010716915130615234,0.014829039573669434,0.0055234432220458984,0.003225862979888916,0.008090019226074219,-0.003085315227508545,0.007172346115112305,-0.003635585308074951,-0.0125046968460083,-0.004446148872375488,-0.00527036190032959
2025-12-12,-0.011327862739562988,-0.02198624610900879,-0.03908658027648926,-0.0006154775619506836,0.01043701171875,-0.02644801139831543,-0.011851668357849121,0.013736605644226074,-0.0001780986785888672,-0.0017170906066894531,0.0012350082397460938,0.007930636405944824,-0.0074433088302612305
2025-12-15,0.0019370317459106445,-0.00046622753143310547,-0.005353569984436035,0.0019014477729797363,-0.004953205585479736,-0.013589859008789062,-0.029848814010620117,-0.006534218788146973,-0.00026702880859375,-0.011180400848388672,0.0019785165786743164,0.0014873743057250977,0.00019276142120361328
2025-12-16,0.009535014629364014,0.012981832027435303,-0.0030829906463623047,0.005266726016998291,-0.009105801582336426,0.0017161369323730469,0.004830598831176758,-0.011159658432006836,-0.008905529975891113,-0.01348114013671875,0.004584252834320068,0.014336168766021729,0.008931934833526611
2025-12-17,0.0038337111473083496,0.014164328575134277,-0.0005588531494140625,-0.0011265277862548828,0.004472255706787109,-0.0002149343490600586,-0.00251924991607666,-0.050812363624572754,0.003953695297241211,0.0030857324600219727,0.008837461471557617,-0.014922499656677246,-0.0013616085052490234
2025-12-18,0.004618167877197266,0.0015051960945129395,0.01354372501373291,-0.002588033676147461,-0.008965611457824707,0.0031152963638305664,0.008641839027404785,-0.017069578170776367,0.003937959671020508,-0.003955185413360596,-0.004269719123840332,-0.0005583763122558594,-0.0
2025-12-19,0.022682368755340576,-0.008976221084594727,-0.0070770978927612305,0.0028058290481567383,0.013170003890991211,-0.012392282485961914,-0.00525510311126709,0.010559558868408203,-0.026121139526367188,0.0039708614349365234,-0.013004779815673828,-0.018787264823913574,-0.013403177261352539
2025-12-22,8.791685104370117e-05,-0.0009508132934570312,-0.010822176933288574,-0.006133913993835449,0.011541008949279785,-0.012346982955932617,-0.0065190792083740234,-0.009692668914794922,-0.00842738151550293,0.005493283271789551,-0.002345442771911621,-0.008763909339904785,-0.00658106803894043
2025-12-23,0.009319484233856201,0.003392338752746582,-0.00027811527252197266,-0.010794878005981445,0.0018614530563354492,0.0009462237358093262,0.002382993698120117,0.0003063678741455078,0.013354003429412842,0.005681872367858887,-0.010468006134033203,-0.011402726173400879,0.002983391284942627
2025-12-24,-0.0031948089599609375,0.011573314666748047,0.011120378971099854,-0.018592357635498047,-0.0060536861419677734,0.00926119089126587,0.012862145900726318,0.010470926761627197,0.013185441493988037,-0.007388174533843994,0.003290712833404541,-0.005905508995056152,0.00795823335647583
2025-12-26,-0.008138656616210938,0.007094204425811768,-0.0002810955047607422,-0.021620988845825195,0.00012063980102539062,0.006373465061187744,0.005397975444793701,0.0010323524475097656,-0.0057517290115356445,0.0032837390899658203,0.015040338039398193,-0.002312898635864258,-0.0006418228149414062
2025-12-29,0.008599460124969482,0.011931180953979492,-0.015317678451538086,0.017068982124328613,-0.0034971237182617188,-0.01379084587097168,-0.010480284690856934,-0.008164167404174805,0.013021230697631836,0.00109100341796875,-0.008814334869384766,0.01153707504272461,0.008722424507141113
2025-12-30,0.0015047788619995117,0.011934876441955566,0.00567471981048584,0.008060634136199951,0.0012100934982299805,0.011388778686523438,0.002531111240386963,0.019117414951324463,0.009359955787658691,-0.00043588876724243164,-0.01267540454864502,-0.004668712615966797,0.0037525296211242676
2025-12-31,-0.00469815731048584,-0.01975274085998535,-0.039253830909729004,-0.02066969871520996,0.009004712104797363,-0.06463992595672607,-0.03026556968688965,-0.01666843891143799,-0.0223160982131958,-0.024204134941101074,-0.03135251998901367,-0.015549659729003906,-0.019872665405273438
2026-01-01,-0.048349976539611816,0.00599217414855957,0.006429135799407959,0.00913703441619873,-0.002276003360748291,0.0009016990661621094,0.0034843087196350098,0.013414204120635986,0.007041633129119873,0.010219335556030273,-0.00754094123840332,-0.014079570770263672,-0.0033112764358520508
2026-01-02,0.010940909385681152,-0.018014907836914062,0.0001347661018371582,-0.003720879554748535,-0.021010875701904297,0.005515456199645996,-0.0054857730865478516,-0.012398362159729004,-0.0123215913772583,-0.014841914176940918,-0.0030406713485717773,-0.010239481925964355,-0.010599136352539062
2026-01-05,0.017954349517822266,-0.008124947547912598,0.009302973747253418,-0.0007522106170654297,0.013287842273712158,0.0069577693939208984,0.01067209243774414,0.019141733646392822,0.018388807773590088,0.013988912105560303,0.020869791507720947,0.008933067321777344,0.00891798734664917
2026-01-06,0.011610805988311768,-0.019329309463500977,0.01878058910369873,0.006549656391143799,-0.021153628826141357,0.020410239696502686,0.006120800971984863,0.00131148099899292,-0.04157000780105591,-0.016122102737426758,-0.013455629348754883,-0.023747563362121582,-0.04467397928237915
2026-01-07,-0.002016305923461914,-0.0037523508071899414,0.007073462009429932,0.0014050602912902832,-0.005357086658477783,0.012231767177581787,0.008109748363494873,0.01728212833404541,-0.011913657188415527,0.011846840381622314,0.016801774501800537,0.003216981887817383,-0.002255260944366455
2026-01-08,0.01286083459854126,0.0029372572898864746,-0.037016332149505615,0.007359683513641357,-0.02937757968902588,-0.05089724063873291,-0.03872871398925781,0.0076438188552856445,-0.0016955137252807617,-0.03189891576766968,0.020195960998535156,-0.03804999589920044,-0.02233743667602539
2026-01-09,0.013471662998199463,0.005155324935913086,-0.0011605024337768555,0.0003815889358520508,0.005044460296630859,-0.00762939453125,0.00792992115020752,-0.0063561201095581055,-0.001132369041442871,0.011499285697937012,-0.02463710308074951,0.015186309814453125,0.0031960010528564453
2026-01-12,-0.001257777214050293,0.001211404800415039,0.012924790382385254,0.007853388786315918,0.013363480567932129,0.005125284194946289,0.003997206687927246,0.015200972557067871,0.009635448455810547,0.006996035575866699,-0.013212800025939941,-0.0040007829666137695,0.005354762077331543
2026-01-13,0.003230154514312744,0.02398759126663208,-0.01017916202545166,-0.0016491413116455078,-0.007800936698913574,-0.004877448081970215,-0.0053084492683410645,0.01548999547958374,-0.004491090774536133,-0.03430306911468506,-0.052396535873413086,0.004016876220703125,-0.020496129989624023
2026-01-14,0.0018903613090515137,0.003451824188232422,0.0050694942474365234,-0.0004938840866088867,-0.0004991888999938965,-0.019382894039154053,0.01118171215057373,-0.0013250112533569336,-0.014661610126495361,-0.018052101135253906,-0.022549748420715332,-0.004174709320068359,0.004130005836486816
2026-01-16,0.013798773288726807,0.020782828330993652,0.017725825309753418,0.012177050113677979,-0.005618631839752197,0.04032719135284424,0.01357126235961914,0.002591252326965332,0.013544440269470215,0.004123687744140625,0.020414888858795166,-0.005589544773101807,-0.0006169676780700684
2026-01-19,0.0037494301795959473,0.021506905555725098,-0.005380868911743164,0.008218109607696533,0.0028880834579467773,-0.010264217853546143,-0.002603590488433838,0.006025075912475586,0.03331458568572998,0.016563117504119873,0.02864152193069458,-0.016160190105438232,-0.03038620948791504
2026-01-20,0.022764861583709717,0.02696835994720459,-0.016799628734588623,0.005486786365509033,-0.021284639835357666,-0.03221535682678223,-0.015351176261901855,0.018296122550964355,-0.0004553794860839844,0.011157870292663574,0.015603482723236084,-0.022495925426483154,-0.013865292072296143
2026-01-21,0.007796287536621094,0.02035963535308838,-0.009122490882873535,-0.016663789749145508,0.009082794189453125,-0.021773874759674072,0.0024617910385131836,0.000509798526763916,0.008018255233764648,-0.008303165435791016,-0.010606050491333008,0.007671236991882324,0.007604002952575684
2026-01-22,-0.03758394718170166,0.0012135505676269531,0.006283760070800781,-0.0013290643692016602,0.005514740943908691,-0.0031464099884033203,0.0014481544494628906,-0.017456412315368652,0.008858323097229004,-0.0067566633224487305,-0.0066890716552734375,-0.0029001832008361816,-0.001495063304901123
2026-01-23,-0.055748164653778076,0.010707855224609375,-0.014086484909057617,0.012719154357910156,-0.01689469814300537,-0.03004443645477295,-0.01898777484893799,0.025958120822906494,-0.035032689571380615,-0.006082296371459961,0.0017184019088745117,0.011088967323303223,-0.011693418025970459
2026-01-27,0.015170454978942871,-0.025562286376953125,0.023567557334899902,0.0016243457794189453,-0.005193948745727539,0.010847330093383789,0.018393874168395996,0.004117608070373535,-0.04493969678878784,-0.010006189346313477,-0.029492735862731934,-0.0014383196830749512,-0.004040122032165527
2026-01-28,0.008661746978759766,-0.056062936782836914,0.013814926147460938,-0.010491490364074707,-0.051050662994384766,0.03314650058746338,0.024858474731445312,-0.00470888614654541,0.01429128646850586,-0.08317852020263672,-0.09352362155914307,-0.046633005142211914,0.011734843254089355
2026-01-29,-0.005190134048461914,0.011978209018707275,0.012775063514709473,0.00394207239151001,0.004538118839263916,-0.001500248908996582,0.0014736652374267578,-0.03183579444885254,0.014664888381958008,-0.025342941284179688,-0.049439311027526855,-0.018406987190246582,-0.004081010818481445
2026-01-30,-0.00028449296951293945,-0.04806315898895264,-0.006727397441864014,0.002285301685333252,0.000554502010345459,-0.012944996356964111,0.0009198188781738281,0.014623582363128662,-0.005478858947753906,0.023229897022247314,0.009130656719207764,0.021114885807037354,0.0031632184982299805
2026-02-01,-0.01717430353164673,0.04339492321014404,-0.013828098773956299,0.007263004779815674,0.02909451723098755,0.01042163372039795,-0.021747112274169922,0.02006852626800537,-0.005604147911071777,-0.05460423231124878,0.016174912452697754,0.029335618019104004,-0.03468543291091919
2026-02-02,0.0022203922271728516,-0.005509495735168457,-0.04936325550079346,-0.012549877166748047,0.012507140636444092,-0.050527215003967285,0.030809640884399414,0.006883978843688965,0.003152132034301758,-0.001408696174621582,0.03686726093292236,-0.0318223237991333,-0.032219767570495605
2026-02-03,-0.04488968849182129,0.00234830379486084,-0.018407464027404785,0.0016674399375915527,-0.015044450759887695,0.005626022815704346,0.018042683601379395,0.0008086562156677246,0.0030471086502075195,0.012091875076293945,-0.011587023735046387,-0.024810433387756348,-0.03358745574951172
2026-02-04,-0.0120772123336792,0.0019257664680480957,-0.02409958839416504,-0.014029622077941895,-0.01602482795715332,-0.01808297634124756,0.031029939651489258,-0.003526449203491211,0.022593379020690918,0.038630008697509766,-0.03722643852233887,-0.00369870662689209,-0.013708233833312988
2026-02-05,0.006376385688781738,0.018009066581726074,0.0010459423065185547,0.009498178958892822,0.0014339089393615723,-0.0,0.01730525493621826,0.0021314024925231934,-0.005291461944580078,0.008435606956481934,0.016959190368652344,-0.0011725425720214844,0.009198248386383057
2026-02-06,0.003483712673187256,-0.005385398864746094,-0.011255145072937012,0.002050936222076416,-0.01754283905029297,-0.009371280670166016,-0.0032429099082946777,-0.015933513641357422,-0.07568824291229248,-0.0009505748748779297,0.002507507801055908,0.010038495063781738,-0.005126833915710449
2026-02-09,-0.0037717819213867188,-0.04741227626800537,-0.005047202110290527,-0.020606517791748047,-0.003987908363342285,-0.001079559326171875,0.00547945499420166,-0.00801229476928711,-0.024813413619995117,-0.008753538131713867,0.014479637145996094,-0.01402735710144043,-0.007444143295288086
2026-02-10,0.00430750846862793,0.004353880882263184,0.005021870136260986,0.0064217448234558105,-0.0055609941482543945,0.0051763057708740234,0.011637210845947266,0.00028187036514282227,0.006180107593536377,0.020925283432006836,0.0024486780166625977,-0.012333393096923828,0.0021209716796875
2026-02-11,0.0017489194869995117,0.005552828311920166,-0.003235459327697754,0.005093991756439209,0.006563365459442139,-0.001083970069885254,0.01739513874053955,0.005751609802246094,-0.005366683006286621,0.009025931358337402,0.01963794231414795,-0.0006585121154785156,-0.006993412971496582
2026-02-12,0.011618256568908691,0.006700634956359863,0.02554178237915039,0.000880897045135498,-0.0015293359756469727,0.02035731077194214,-0.017649292945861816,-0.03805583715438843,0.02287745475769043,0.006336212158203125,0.009181022644042969,0.02221125364303589,0.0134812593460083
2026-02-13,0.02994680404663086,0.016021311283111572,0.009531378746032715,0.00810009241104126,0.01239919662475586,0.004752933979034424,-0.0075234174728393555,-0.018277287483215332,0.03997570276260376,-0.032407402992248535,0.04127621650695801,0.02271580696105957,0.020222246646881104
2026-02-16,-0.01759946346282959,-0.0043561458587646484,-0.0006682872772216797,-0.005888581275939941,-0.019358038902282715,-0.0041092634201049805,-0.009164512157440186,0.028166532516479492,0.001806497573852539,0.015502333641052246,-0.018780827522277832,-0.01480722427368164,-0.012327432632446289
2026-02-17,-0.00907289981842041,0.00903022289276123,-0.001602768898010254,-0.007676601409912109,-0.005642533302307129,-0.0048667192459106445,0.0037682056427001953,0.0070677995681762695,-0.00208127498626709,0.001130819320678711,-0.0019404888153076172,-0.006616830825805664,0.0098114013671875
2026-02-18,0.005338549613952637,0.005668282508850098,-0.015868782997131348,-0.0027403831481933594,-0.00941169261932373,-0.006163954734802246,0.01666581630706787,-0.021170496940612793,-0.021672368049621582,-0.0037650465965270996,0.024209141731262207,-0.024776697158813477,-0.01286017894744873
2026-02-19,0.016949176788330078,0.0164526104927063,-0.03478604555130005,0.0031154751777648926,0.002570033073425293,-0.04966628551483154,-0.02484053373336792,-0.0047997236251831055,0.010959923267364502,0.03798186779022217,-0.05127358436584473,0.007236897945404053,0.02206343412399292
2026-02-20,0.005363941192626953,-0.01694786548614502,-0.003672003746032715,-0.0004934072494506836,-0.009527802467346191,-0.007942914962768555,-0.002926051616668701,0.0014885663986206055,-0.012958049774169922,0.014564037322998047,0.0024124979972839355,-0.016070246696472168,-0.007023811340332031
2026-02-23,-0.012326598167419434,-0.013491153717041016,0.01583409309387207,0.002356410026550293,0.007953941822052002,0.01763749122619629,0.015363454818725586,0.010107040405273438,-0.026201963424682617,-0.010766208171844482,0.003785073757171631,0.0006521344184875488,-0.006058931350708008
2026-02-24,0.014174163341522217,0.004128754138946533,0.006315469741821289,0.001922607421875,-0.004367828369140625,0.019498229026794434,0.02113795280456543,0.0015304088592529297,-0.025619029998779297,0.0030835866928100586,0.003271758556365967,-0.004894733428955078,-0.0005602836608886719
2026-02-25,0.005789816379547119,-0.03995716571807861,0.017625808715820312,0.0006054043769836426,-0.01274871826171875,-0.023151695728302002,0.015761137008666992,-0.007463574409484863,-0.006705760955810547,0.003435850143432617,0.004129648208618164,-0.019321203231811523,0.02120661735534668
2026-02-26,-0.0018440485000610352,0.03945291042327881,0.012990474700927734,-0.004405498504638672,0.0002352595329284668,0.01671624183654785,0.018794775009155273,0.020368337631225586,-0.002414703369140625,0.009551286697387695,-0.006804943084716797,-0.009875774383544922,-0.005934953689575195
2026-02-27,0.007944166660308838,0.014740586280822754,-0.0015544295310974121,0.003947615623474121,0.002530038356781006,-0.011824309825897217,0.005362749099731445,-0.008530139923095703,-0.013207077980041504,-0.001428067684173584,-0.0220719575881958,-0.020189285278320312,0.00916975736618042
2026-03-02,-0.037402331829071045,0.015396952629089355,-0.027503907680511475,0.005834758281707764,-0.026308000087738037,-0.03247863054275513,-0.04459381103515625,-0.023820698261260986,0.010247588157653809,0.008938193321228027,-0.008576154708862305,-0.04560917615890503,0.025755107402801514
2026-03-04,-0.024449646472930908,0.04499518871307373,-0.04909282922744751,0.00348818302154541,-0.06336706876754761,-0.05429917573928833,-0.048406004905700684,-0.05623835325241089,-0.08788210153579712,-0.018603801727294922,-0.008298397064208984,-0.0928235650062561,0.009572923183441162
2026-03-05,0.005511641502380371,-0.025179624557495117,0.011083126068115234,-0.0070563554763793945,0.013711929321289062,-0.042221903800964355,0.006453871726989746,0.017279744148254395,-0.004268050193786621,-0.002166450023651123,0.02641737461090088,0.046607136726379395,-0.03301119804382324
2026-03-06,-0.00165480375289917,-0.000677943229675293,-0.02109062671661377,-0.001820683479309082,-0.006507933139801025,0.03214621543884277,-0.016672492027282715,-0.017860472202301025,-0.043045997619628906,0.009408354759216309,-0.011271119117736816,-0.009042799472808838,-0.01108396053314209
2026-03-09,-0.030560433864593506,0.022361040115356445,-0.06123316287994385,0.007269561290740967,-0.04322141408920288,0.05037665367126465,-0.04422569274902344,-0.015959858894348145,-0.006671130657196045,-0.029216766357421875,0.021568655967712402,-0.040805816650390625,-0.01366734504699707
2026-03-10,0.00972437858581543,0.004466712474822998,-0.015853822231292725,-0.002718329429626465,0.008793115615844727,-0.007281303405761719,-0.007939457893371582,0.018738746643066406,0.0015350580215454102,-0.005908310413360596,0.007383167743682861,0.041464805603027344,0.010674118995666504
2026-03-11,-0.19991540908813477,0.046105027198791504,-0.002608180046081543,0.0009405016899108887,-0.015436768531799316,0.0080031156539917,0.0043141841888427734,0.031777262687683105,0.0051729679107666016,0.005757808685302734,-0.02582085132598877,-0.001551210880279541,0.013202786445617676
2026-03-12,-0.07179391384124756,-0.03357398509979248,0.003999471664428711,0.0010522007942199707,0.02960062026977539,-0.00026023387908935547,-0.0029259920120239258,-0.004671990871429443,0.0008575916290283203,-0.0007387399673461914,0.007043778896331787,0.024339795112609863,-0.0014386177062988281
2026-03-13,0.06863057613372803,0.05547267198562622,-0.021602630615234375,-0.0033816099166870117,-0.029996752738952637,0.04058802127838135,-0.022602438926696777,-0.033351898193359375,-0.014473378658294678,-0.023840248584747314,0.018255770206451416,-0.03505229949951172,0.00826030969619751
2026-03-16,0.07748723030090332,-0.003654956817626953,-0.04494196176528931,-0.0006629228591918945,-0.011638939380645752,0.040542423725128174,-0.048422038555145264,-0.0065171122550964355,-0.023961365222930908,-0.013820469379425049,0.022208034992218018,-0.010303795337677002,-0.0104295015335083
2026-03-17,0.009960770606994629,-0.026071786880493164,-0.01606827974319458,-0.0007177591323852539,0.011296749114990234,0.021480977535247803,-0.015306234359741211,0.008553624153137207,0.005840420722961426,0.01650989055633545,-0.02966749668121338,0.015352010726928711,-0.0017919540405273438
2026-03-18,0.0023216605186462402,0.01669752597808838,0.012164711952209473,-0.003917336463928223,0.02193474769592285,-0.00909876823425293,0.010840058326721191,0.0032521486282348633,-0.015451192855834961,0.0009442567825317383,0.006965696811676025,0.013555765151977539,-0.007512927055358887
2026-03-19,-0.07854163646697998,0.0036095380783081055,-0.05828124284744263,0.0024181008338928223,-0.044252991676330566,0.07027339935302734,-0.037364304065704346,-0.02313607931137085,-0.0003998875617980957,0.015471696853637695,-0.01402902603149414,-0.07115912437438965,0.016547083854675293
2026-03-20,0.007641851902008057,-0.007245182991027832,0.006293654441833496,-0.003140091896057129,-0.009704113006591797,-0.03540635108947754,0.013101696968078613,0.019129395484924316,-0.03290003538131714,-0.01374959945678711,0.0032491087913513184,-0.04873549938201904,-0.021374940872192383
2026-03-23,0.0693967342376709,0.03882622718811035,-0.05733150243759155,-0.026360630989074707,-0.05228531360626221,0.05099612474441528,-0.04488247632980347,-0.05522572994232178,-0.06069689989089966,0.00018846988677978516,0.02281808853149414,-0.07607215642929077,0.004666268825531006
2026-03-24,-0.01616048812866211,-0.020154714584350586,0.04036128520965576,-0.01979804039001465,0.016765117645263672,-0.055303096771240234,0.004271984100341797,0.012907147407531738,0.015411734580993652,0.00979459285736084,-0.02862370014190674,0.01617300510406494,-0.002841353416442871
2026-03-25,0.0021077394485473633,-0.01992332935333252,0.008148789405822754,-0.024513721466064453,0.011113524436950684,-0.02137768268585205,0.013121843338012695,-0.005937695503234863,0.018104910850524902,0.008020997047424316,0.013704419136047363,0.032864928245544434,-0.0009207725524902344
2026-03-27,-0.015936970710754395,-0.0004086494445800781,-0.006501436233520508,0.016625404357910156,-0.014439642429351807,0.009011626243591309,-0.019641399383544922,-0.004496634006500244,0.0011713504791259766,-0.04348635673522949,-0.014000892639160156,-0.014608800411224365,-0.04599815607070923
2026-03-30,0.03619349002838135,0.021813690662384033,-0.00601351261138916,0.008910179138183594,0.0037903785705566406,0.016133785247802734,-0.017131268978118896,-0.018270134925842285,-0.01329505443572998,-0.009576082229614258,0.005334675312042236,0.009138941764831543,-0.0031154751777648926
2026-04-01,-0.021472692489624023,-0.0079345703125,0.0008896589279174805,-0.016136527061462402,0.021494388580322266,-0.00044715404510498047,0.002363443374633789,0.017511367797851562,0.017139077186584473,-0.011944413185119629,0.004311740398406982,0.037955403327941895,0.018825769424438477
2026-04-02,0.0016318559646606445,0.023450493812561035,-0.01102226972579956,-0.00907433032989502,0.007535338401794434,0.028460681438446045,-0.011715292930603027,-0.012553155422210693,0.010120868682861328,0.0029507875442504883,-0.014258503913879395,-0.012370109558105469,-0.013657569885253906
2026-04-06,-0.006537914276123047,-0.013746261596679688,0.0019774436950683594,-0.006857037544250488,0.009948492050170898,-0.006288290023803711,-0.000596463680267334,0.01708698272705078,0.0077637434005737305,0.018628180027008057,0.016557276248931885,-0.0006674528121948242,-0.033913373947143555
2026-04-07,0.0074506402015686035,0.01565241813659668,-0.004485130310058594,0.003851771354675293,0.015649080276489258,-0.010211825370788574,0.0029093027114868164,-0.004166364669799805,-0.005777955055236816,-0.01703023910522461,-0.020542144775390625,0.0022002458572387695,-7.665157318115234e-05
2026-04-08,-0.07593107223510742,-0.03784012794494629,-0.07442784309387207,-0.0044831037521362305,-0.05447793006896973,-0.09912490844726562,-0.06627500057220459,0.04244542121887207,-0.05607330799102783,0.004011869430541992,-0.04762393236160278,0.06009876728057861,0.03311359882354736
2026-04-09,0.01627904176712036,0.0076198577880859375,0.0025159120559692383,-0.0009484291076660156,0.00704503059387207,0.017158567905426025,0.01171964406967163,0.004013538360595703,-0.03143131732940674,-0.01085817813873291,0.0257108211517334,0.0035501718521118164,-0.013206720352172852
2026-04-10,-0.05664658546447754,-0.04433619976043701,-0.00672602653503418,-0.0,-0.01221919059753418,-0.007262587547302246,-0.009105682373046875,0.04016757011413574,-0.0341264009475708,0.0072765350341796875,0.001168370246887207,-0.002321600914001465,0.015187978744506836
2026-04-13,0.014886796474456787,0.022926688194274902,0.02137964963912964,0.004737436771392822,0.002401292324066162,0.0310593843460083,0.013150572776794434,0.005702614784240723,0.0044155120849609375,-0.003664851188659668,0.012412548065185547,-0.022900104522705078,-0.025996148586273193
2026-04-15,-0.023934245109558105,-0.06610560417175293,-0.059737205505371094,-0.008064031600952148,-0.015678763389587402,-0.049370408058166504,-0.029345035552978516,0.02311253547668457,-0.0056955814361572266,-0.00017392635345458984,-0.029131293296813965,0.024608731269836426,0.022051572799682617
2026-04-16,-0.01962125301361084,-0.001138448715209961,0.008052825927734375,-0.0031665563583374023,-0.01793491840362549,-0.009818673133850098,0.007092654705047607,0.0003012418746948242,-0.013554930686950684,0.016863703727722168,-0.001834869384765625,0.0016232728958129883,-0.0005951523780822754
2026-04-17,-0.05906975269317627,-0.07543027400970459,-0.013476252555847168,-0.009358763694763184,0.006921648979187012,-0.0016205310821533203,-0.011720657348632812,0.019391775131225586,-0.031189918518066406,-0.004597663879394531,0.016652226448059082,0.006372332572937012,0.016154170036315918
2026-04-20,0.01982945203781128,-0.04398703575134277,-0.012656092643737793,0.0005486607551574707,0.0007604360580444336,-0.02332472801208496,-0.006786346435546875,-0.017014265060424805,-0.010659575462341309,0.00246429443359375,0.0034035444259643555,-0.003989458084106445,-0.0012453794479370117
2026-04-21,0.009188294410705566,0.017825782299041748,-0.006328105926513672,-0.0012625455856323242,-0.01946735382080078,-0.012911677360534668,-0.0029958486557006836,0.004868030548095703,0.0007031559944152832,0.0008823275566101074,-0.013885974884033203,0.020762085914611816,-0.0073351263999938965
2026-04-22,-0.02350926399230957,0.018974244594573975,0.01147615909576416,-0.005153536796569824,-0.033277273178100586,0.004812717437744141,-0.0003393888473510742,0.011244058609008789,-0.009059309959411621,-0.001942753791809082,0.00988924503326416,0.006371855735778809,0.006502628326416016
2026-04-23,0.011762797832489014,0.012193441390991211,0.014631092548370361,-0.0027817487716674805,0.006982862949371338,0.014769315719604492,0.01275789737701416,-0.0208776593208313,0.008585751056671143,-0.009166240692138672,0.008834481239318848,-0.013378620147705078,-0.013728737831115723
2026-04-24,-0.008283734321594238,-0.013762831687927246,0.005487322807312012,0.0057656168937683105,-0.0039403438568115234,0.00902092456817627,0.013816297054290771,-0.005678057670593262,0.006374180316925049,0.005065560340881348,-0.0004220008850097656,-0.008556544780731201,-0.011612296104431152
2026-04-27,-0.01395869255065918,-0.01112663745880127,-0.014767885208129883,-0.009409666061401367,-0.0007849931716918945,-0.019812583923339844,-0.019446492195129395,0.00164031982421875,-0.010308384895324707,-0.0038623809814453125,0.0052776336669921875,0.023587465286254883,0.028618812561035156
2026-04-28,-0.028712987899780273,0.01522594690322876,0.01567244529724121,0.0037938356399536133,0.00036209821701049805,0.002231597900390625,0.005948305130004883,0.009522080421447754,0.007707178592681885,-0.05386495590209961,-0.04409909248352051,-0.007788479328155518,0.016913175582885742
2026-04-29,-0.004741191864013672,0.0024597644805908203,0.012510180473327637,-0.004515528678894043,0.00012063980102539062,-0.0014472007751464844,0.008253633975982666,0.00660860538482666,-0.011474013328552246,-0.000331878662109375,0.008749008178710938,0.008641719818115234,0.026279807090759277
2026-04-30,0.033868610858917236,0.012329161167144775,0.011352360248565674,-0.0009748935699462891,0.014668643474578857,0.0158960223197937,0.01345449686050415,-0.00913161039352417,0.009031414985656738,0.006138026714324951,0.004159510135650635,-0.011994779109954834,0.003788471221923828
2026-05-04,-0.0133134126663208,-0.0248948335647583,-0.004160404205322266,-0.005248308181762695,-0.007657885551452637,0.0018688440322875977,-7.021427154541016e-05,0.005360841751098633,0.00022011995315551758,0.022199928760528564,0.031988561153411865,-0.0002167820930480957,0.022574782371520996
2026-05-05,-0.006297111511230469,0.013711094856262207,0.010606586933135986,0.005543887615203857,0.0047422051429748535,-0.00013375282287597656,0.0008434653282165527,-0.004014134407043457,0.0016734600067138672,0.010071635246276855,-0.0029467344284057617,0.021141886711120605,0.00034177303314208984
2026-05-06,-0.005871415138244629,-0.03747081756591797,-0.0520937442779541,-0.006982088088989258,-0.012095212936401367,-0.0676652193069458,-0.04270446300506592,0.01936960220336914,-0.029378056526184082,0.03155726194381714,-0.05508917570114136,0.002654433250427246,-0.017559409141540527
2026-05-07,0.010368645191192627,-0.006189703941345215,0.0205380916595459,0.002848684787750244,-0.009536504745483398,0.006763577461242676,0.008906304836273193,0.0022423267364501953,-0.011141538619995117,-0.0110398530960083,0.0057746171951293945,-0.004235744476318359,-0.0011823177337646484
2026-05-08,0.017384588718414307,0.025349855422973633,0.015767276287078857,0.003449738025665283,0.004603564739227295,0.023959636688232422,0.01497715711593628,-0.02266836166381836,0.0058484673500061035,0.016555070877075195,0.0029811859130859375,0.006026148796081543,-0.0006963014602661133
2026-05-11,0.019824624061584473,0.0473020076751709,0.027415335178375244,-0.01152104139328003,-0.023905396461486816,0.02377265691757202,0.029856979846954346,-0.03192967176437378,-0.056697070598602295,-0.006446957588195801,0.003962993621826172,-0.028365015983581543,-0.03274804353713989
2026-05-12,0.047058820724487305,0.04076880216598511,0.022414684295654297,-0.007934331893920898,-0.013291418552398682,0.02091050148010254,0.01937735080718994,-0.024145901203155518,-0.037960946559906006,-0.0480426549911499,-0.07664477825164795,-0.016681790351867676,-0.01743263006210327
2026-05-13,-0.025706052780151367,0.010094046592712402,-0.0321347713470459,0.0013788938522338867,0.018459558486938477,-0.05460941791534424,-0.029349923133850098,0.015879154205322266,-0.016441166400909424,-0.008998274803161621,-0.032895445823669434,0.0007376670837402344,-0.003812253475189209
2026-05-14,-0.010057687759399414,-0.0021467208862304688,0.007068336009979248,0.0012668371200561523,-0.004286289215087891,0.03217130899429321,0.010092496871948242,-0.022536098957061768,0.01958167552947998,-0.012619853019714355,-0.020607352256774902,0.001474142074584961,0.0022078752517700195
2026-05-15,-0.005958199501037598,-0.03152024745941162,0.035762667655944824,-0.0018703937530517578,-0.00295180082321167,0.02953249216079712,0.04120916128158569,-0.023055732250213623,0.018924474716186523,0.005151152610778809,-0.0014491081237792969,-0.029990792274475098,-0.01865178346633911
2026-05-18,0.009979784488677979,-0.01750349998474121,0.01283186674118042,0.0042989253997802734,-0.01178067922592163,0.02046942710876465,0.019854247570037842,-0.003155350685119629,-0.02657228708267212,0.007182180881500244,0.02363497018814087,0.005880117416381836,-0.00037413835525512695
2026-05-19,-0.021635770797729492,-0.02121138572692871,-0.020121216773986816,0.004390358924865723,-0.025589823722839355,-0.0337141752243042,-0.024201512336730957,-0.037654995918273926,0.0006612539291381836,0.002355337142944336,0.008595943450927734,0.0,-0.009881019592285156
2026-05-20,0.020375430583953857,-0.013490438461303711,-0.025484323501586914,-0.0038247108459472656,-0.0030745267868041992,-0.03167116641998291,-0.022518515586853027,0.016205906867980957,0.015291571617126465,-0.006070733070373535,-0.0053817033767700195,-0.0018857121467590332,0.027973055839538574
2026-05-21,-0.04503762722015381,-0.025213003158569336,-0.009021282196044922,-0.0004388093948364258,0.0016704797744750977,-0.01580667495727539,-0.018038272857666016,-6.461143493652344e-05,-0.02026766538619995,0.008213162422180176,0.0017842650413513184,0.019837498664855957,-0.007428109645843506
2026-05-22,-0.023037195205688477,0.004671216011047363,0.0026990175247192383,-0.0008779764175415039,-0.031238079071044922,-0.0021861791610717773,0.007542848587036133,-0.004521608352661133,0.0009489059448242188,0.019773542881011963,0.00744783878326416,0.00907742977142334,0.0036307573318481445
2026-05-25,-0.0097273588180542,-0.00897228717803955,-0.04279434680938721,0.003679633140563965,-0.049138426780700684,-0.03515982627868652,-0.03212153911590576,-0.0319594144821167,0.019055724143981934,0.017413735389709473,0.03441721200942993,-0.036350250244140625,0.00922846794128418
2026-05-26,-0.08184778690338135,0.02168416976928711,0.011840999126434326,0.006949424743652344,0.006165862083435059,0.013263940811157227,0.010906517505645752,-0.03445911407470703,0.019629716873168945,-0.008948922157287598,-0.01979076862335205,0.007263004779815674,-0.007827341556549072
2026-05-27,-0.13385224342346191,0.0015382170677185059,-0.008371591567993164,0.007336139678955078,-0.008172750473022461,-0.012311577796936035,-0.010956525802612305,0.008433163166046143,0.006569266319274902,-0.04678267240524292,0.008331656455993652,0.004996538162231445,-0.004276394844055176
2026-05-29,0.04359656572341919,-0.04824936389923096,0.029464364051818848,-0.011598408222198486,0.026568055152893066,0.022462129592895508,0.025705158710479736,0.0251503586769104,-0.007432878017425537,-0.03156358003616333,0.02428281307220459,0.027797698974609375,-0.021695733070373535
