date,AARTIIND,ATUL,BAYERCROP,CHAMBLFERT,COROMANDEL,DEEPAKNTR,EIDPARRY,FLUOROCHEM,GNFC,HSCL,LINDEINDIA,NAVINFLUOR,PCBL,PIIND,PIDILITIND,SRF,SOLARINDS,SUMICHEM,TATACHEM,UPL
2020-01-27,0.008347034454345703,-0.06986916065216064,-0.0031926631927490234,-0.0487518310546875,0.008380532264709473,0.0008760690689086914,0.01747196912765503,-0.021735429763793945,-0.001273512840270996,0.01362001895904541,0.0002792477607727051,-0.024117588996887207,-0.012986898422241211,-0.024884819984436035,0.013172388076782227,-0.0036200284957885742,-0.015127897262573242,0.0,0.007595956325531006,-0.011129319667816162
2020-01-28,0.051999449729919434,0.0033044815063476562,0.015852689743041992,-0.0016802549362182617,-0.019222736358642578,0.00250089168548584,0.013830900192260742,-0.01189279556274414,0.021939575672149658,0.01308143138885498,-0.021648049354553223,-0.08242344856262207,0.02635324001312256,-0.02343440055847168,-0.010292589664459229,-0.024840116500854492,-0.021372437477111816,0.0,0.0009399652481079102,-0.0005820989608764648
2020-01-29,-0.09619855880737305,-0.0029277801513671875,-0.009897589683532715,0.008666515350341797,-0.0049588680267333984,-0.003991544246673584,-0.01469278335571289,-0.010015010833740234,0.020481228828430176,0.008836507797241211,-0.04545450210571289,-0.03842782974243164,0.010972917079925537,0.021371304988861084,-0.024083256721496582,-0.00039839744567871094,-0.0404200553894043,0.0,-0.011491894721984863,0.009707808494567871
2020-01-30,0.013345420360565186,-0.004943251609802246,-0.0022803544998168945,-0.018894433975219727,-0.004368185997009277,-0.01352536678314209,0.005265474319458008,-0.00024580955505371094,0.05044800043106079,-0.008172273635864258,0.007649540901184082,0.04138076305389404,0.039201200008392334,0.008384287357330322,-0.016034245491027832,-0.009558558464050293,-0.016969799995422363,0.0,-0.00046515464782714844,0.0036535263061523438
2020-01-31,-0.009427189826965332,0.005364358425140381,0.0003630518913269043,-0.0016607046127319336,-0.01779961585998535,-0.026025116443634033,-0.01543891429901123,-0.0021300315856933594,0.004543900489807129,0.030213654041290283,0.015021800994873047,0.041617751121520996,0.03772127628326416,-0.020416855812072754,0.005786478519439697,0.004799842834472656,0.021051406860351562,-0.0,0.008832573890686035,-0.03228276968002319
2020-02-01,0.019794940948486328,0.018540799617767334,-0.002820730209350586,0.049461185932159424,-0.022473633289337158,-0.019812345504760742,0.019113779067993164,0.012835144996643066,0.07584261894226074,-0.0645897388458252,0.010100305080413818,0.013586759567260742,0.03759998083114624,-0.035680949687957764,0.017460346221923828,-0.02530384063720703,-0.006392121315002441,0.0,0.014003396034240723,-0.04355573654174805
2020-02-03,-0.0035212039947509766,-0.002436518669128418,-0.027403831481933594,0.01453489065170288,0.019428491592407227,-0.08882975578308105,0.009743094444274902,0.024679124355316162,-0.09156537055969238,-0.017871618270874023,0.010406136512756348,-0.03622841835021973,0.03158771991729736,0.03183901309967041,-0.05263876914978027,0.02745199203491211,-0.004273414611816406,-0.0,-0.001155257225036621,0.01925063133239746
2020-02-04,0.005985558032989502,-0.0006723403930664062,-0.04380464553833008,-0.023303866386413574,-0.015723049640655518,0.011968731880187988,-0.014087677001953125,-0.022586464881896973,0.020493507385253906,-0.056244850158691406,-0.01065206527709961,0.011283457279205322,-0.053218841552734375,-0.0001614093780517578,0.004348397254943848,-0.012798547744750977,0.0017567873001098633,0.0,0.00766986608505249,0.018074750900268555
2020-02-05,-0.02367103099822998,-0.026904940605163574,-0.0008330345153808594,0.020466983318328857,0.0,-0.009394288063049316,-0.00948178768157959,-0.004151821136474609,0.006557345390319824,-0.009397029876708984,0.009931743144989014,0.010720610618591309,-0.00733494758605957,-0.010459363460540771,0.0038535594940185547,-0.0657578706741333,0.009855270385742188,0.0,-0.019835829734802246,0.028426051139831543
2020-02-06,0.02555781602859497,0.0043784379959106445,-0.012259960174560547,0.01942312717437744,0.014279961585998535,0.02718585729598999,-0.04215824604034424,0.006450057029724121,0.0065146684646606445,0.020170629024505615,0.002320230007171631,-0.0031461715698242188,-0.037216782569885254,0.008514642715454102,0.00038683414459228516,-0.005392551422119141,-0.009913802146911621,0.0,-0.003621697425842285,-0.001163780689239502
2020-02-07,-0.02924644947052002,0.00014150142669677734,0.00019997358322143555,0.018907606601715088,-0.014317512512207031,-0.018882155418395996,0.016348838806152344,-0.00091552734375,0.05987060070037842,0.018210649490356445,0.007865965366363525,0.006664633750915527,-0.013260483741760254,0.034159302711486816,-0.005417943000793457,-0.025321125984191895,-0.0016427040100097656,0.0,-0.014100432395935059,0.01165163516998291
2020-02-10,-0.027808666229248047,0.005419552326202393,-0.0013335943222045898,0.003976702690124512,-0.008231103420257568,-0.014455080032348633,-0.06839966773986816,0.012140333652496338,-0.10687017440795898,-0.02338707447052002,-0.02199244499206543,-0.003464341163635254,0.010007619857788086,-0.02001875638961792,-0.011034131050109863,-0.005900263786315918,0.007106423377990723,0.0,0.0030971765518188477,-0.05710721015930176
2020-02-11,0.006985485553741455,-0.020372986793518066,0.01054394245147705,-0.008292317390441895,-0.010333538055419922,-0.0066983699798583984,-0.011436402797698975,0.010521888732910156,0.04379314184188843,0.029156863689422607,0.009106874465942383,0.011274755001068115,0.014774560928344727,-0.009288251399993896,-0.004695415496826172,-0.0059261322021484375,-0.02681976556777954,0.0,0.004164516925811768,-0.004448890686035156
2020-02-12,0.024472415447235107,0.00847858190536499,0.006348967552185059,0.010051727294921875,0.014223456382751465,-0.03242206573486328,0.007866740226745605,0.0076563358306884766,-0.02055537700653076,0.03165578842163086,-0.01627063751220703,0.0024752020835876465,0.014995992183685303,0.0033184289932250977,-0.0036629438400268555,-0.0011421442031860352,-0.02097219228744507,-0.0,0.0021240711212158203,0.004790782928466797
2020-02-13,0.013914227485656738,0.0034566521644592285,0.01727193593978882,0.015076875686645508,0.011997461318969727,-0.0021091699600219727,0.021349787712097168,0.029661357402801514,0.04487639665603638,0.015088021755218506,0.009311378002166748,-0.01852095127105713,-0.009615302085876465,-0.007738709449768066,0.007047533988952637,0.0034226179122924805,-0.021091341972351074,0.0,-0.005454659461975098,-0.008446931838989258
2020-02-14,-0.043155789375305176,-0.0019158124923706055,-0.001010894775390625,-0.01780688762664795,0.014418482780456543,-0.07542097568511963,-0.03281635046005249,0.016874253749847412,0.022567451000213623,0.05957448482513428,0.005003750324249268,-0.058641910552978516,-0.00634920597076416,0.0029772520065307617,-0.0034220218658447266,-0.010544061660766602,-0.005143940448760986,-0.0,-0.007740616798400879,-0.022336244583129883
2020-02-17,0.022511839866638184,-0.0014793872833251953,0.023444712162017822,0.00705951452255249,-0.010107457637786865,0.012069165706634521,-0.023471951484680176,0.014737606048583984,0.04125666618347168,0.06063348054885864,-0.03289163112640381,0.011670410633087158,0.011041045188903809,-0.005581915378570557,0.0031577348709106445,0.009718537330627441,-0.012502670288085938,-0.0,0.01818537712097168,-0.005638241767883301
2020-02-18,-0.0061615705490112305,-0.0002009868621826172,-0.0006227493286132812,0.0463678240776062,-0.0048659443855285645,-0.06251382827758789,-0.02213233709335327,9.119510650634766e-05,0.03316229581832886,0.013487517833709717,-0.000263214111328125,-0.061951637268066406,-0.0039871931076049805,-0.0022063851356506348,-0.0008870363235473633,-0.0027695894241333008,0.008712410926818848,-0.0,0.0041457414627075195,0.016469597816467285
2020-02-19,0.00040155649185180664,0.0010046958923339844,-0.0036524534225463867,0.0012965798377990723,-0.006412804126739502,-0.0016573667526245117,0.011924982070922852,-0.008118152618408203,-0.03593301773071289,-0.033203125,-0.023679494857788086,0.0025449395179748535,-0.023034214973449707,0.006828784942626953,-0.008861899375915527,0.00036025047302246094,-0.062162160873413086,0.0,-0.020210862159729004,-0.0
2020-02-20,-0.04499340057373047,-0.04512631893157959,0.0032061338424682617,0.01460564136505127,-0.00024205446243286133,-0.0008273124694824219,-0.008176982402801514,0.00244295597076416,0.005912482738494873,-0.022684216499328613,-0.002120375633239746,-0.0035719871520996094,-0.0062111616134643555,0.00484466552734375,0.011670291423797607,-0.0010811090469360352,0.017024517059326172,-0.0,0.0014479756355285645,0.0014250874519348145
2020-02-24,0.017395436763763428,-0.03986763954162598,-0.04873931407928467,0.017127811908721924,0.008231163024902344,0.033374667167663574,-0.03612995147705078,-0.007074832916259766,0.049960315227508545,0.05360442399978638,0.011605501174926758,0.05194199085235596,0.013117313385009766,-0.008067607879638672,0.012442827224731445,0.025139451026916504,0.017808377742767334,-0.0,0.018125474452972412,0.018999159336090088
2020-02-25,0.002445220947265625,-0.016907811164855957,-0.007432341575622559,-0.0402144193649292,-0.007443606853485107,-0.08252274990081787,-0.013836503028869629,0.023867428302764893,-0.02170276641845703,-0.0439453125,-0.07304573059082031,-0.19996702671051025,0.056294023990631104,-0.0007129311561584473,-0.00038564205169677734,-0.014217138290405273,0.015475928783416748,0.0,0.0002684593200683594,0.012093126773834229
2020-02-26,0.019805848598480225,-0.0028545260429382324,0.009443998336791992,0.03221648931503296,-0.012660205364227295,0.009677112102508545,0.0002551078796386719,0.0031371116638183594,0.031454265117645264,-0.04396629333496094,0.010777592658996582,-0.06033825874328613,0.019883930683135986,0.0002919435501098633,0.013237357139587402,-0.0012743473052978516,-0.01546633243560791,0.0,0.0075203776359558105,0.005890488624572754
2020-02-27,0.009602904319763184,0.01627659797668457,0.029779911041259766,0.005991995334625244,0.0038385391235351562,0.01425868272781372,-0.013261973857879639,-0.006293892860412598,0.029945194721221924,0.020609259605407715,-0.03337264060974121,0.04056292772293091,0.03634828329086304,-0.010697603225708008,-0.01133108139038086,-0.004545450210571289,0.02062588930130005,-0.07318580150604248,0.016372323036193848,0.021571993827819824
2020-02-28,0.01424098014831543,0.03492927551269531,-0.013202428817749023,0.05626261234283447,0.0015459060668945312,0.06554722785949707,-0.02610492706298828,-0.07284766435623169,0.08086961507797241,-0.09881061315536499,-0.0663992166519165,0.03332209587097168,-0.06929826736450195,0.0035060644149780273,0.025627851486206055,-0.06033182144165039,0.018602430820465088,0.010209977626800537,0.024279534816741943,-0.05658596754074097
2020-03-02,0.005122959613800049,0.009293079376220703,0.010018110275268555,0.01774311065673828,-0.00024372339248657227,-0.09352672100067139,-0.016719698905944824,-0.03234124183654785,-0.03831601142883301,-0.00609135627746582,-0.050406694412231445,0.03621864318847656,-0.002827465534210205,-0.006073474884033203,-0.012952804565429688,0.003531336784362793,0.008894681930541992,0.004281759262084961,0.01177215576171875,-0.010230720043182373
2020-03-03,-0.012770414352416992,0.032225966453552246,-0.006523609161376953,-0.009754419326782227,0.006337881088256836,-0.05513763427734375,0.008367061614990234,0.00543367862701416,-0.01594531536102295,-0.01634317636489868,0.01955246925354004,-0.026080965995788574,0.02835536003112793,0.017181873321533203,-0.0037838220596313477,0.02290475368499756,0.0071010589599609375,0.03225177526473999,-0.026678085327148438,0.0139845609664917
2020-03-04,0.020032525062561035,-0.06012600660324097,0.004465878009796143,0.0343470573425293,-0.0012111663818359375,0.02092134952545166,-0.006959319114685059,-0.024472296237945557,0.04977583885192871,-0.014537930488586426,0.029162287712097168,0.030331969261169434,-0.0165441632270813,0.017796039581298828,-0.02807748317718506,-0.010070085525512695,0.008161187171936035,0.01878410577774048,-0.56235671043396,-0.0190885066986084
2020-03-05,-0.02677178382873535,0.010255098342895508,-0.003347158432006836,0.0025934576988220215,0.00024259090423583984,0.0037370920181274414,-0.0029649734497070312,0.02435457706451416,0.0028314590454101562,-0.0010537505149841309,-0.01532292366027832,-0.03518176078796387,-0.007476687431335449,-0.008536219596862793,-0.03021872043609619,-0.006507813930511475,-0.007741689682006836,0.01729106903076172,0.0,0.008660197257995605
2020-03-06,0.004143476486206055,-0.004392564296722412,0.028877735137939453,0.03417539596557617,-0.00016170740127563477,0.0016350150108337402,-0.014598548412322998,0.016734719276428223,0.08613342046737671,-0.061181485652923584,-0.06076014041900635,-0.03666269779205322,-0.04519772529602051,0.007745504379272461,-0.014850258827209473,-0.011129498481750488,0.005706787109375,0.031839072704315186,-0.014605522155761719,-0.004747509956359863
2020-03-09,0.043637096881866455,-0.0207369327545166,0.0017707347869873047,0.0003846287727355957,-0.025543570518493652,0.05472058057785034,-0.0768175721168518,-0.07527095079421997,0.0994303822517395,-0.09438204765319824,-0.057946860790252686,0.04311192035675049,-0.09566080570220947,-0.03357052803039551,0.008707225322723389,-0.04128885269165039,0.017306804656982422,0.059065401554107666,-0.03898823261260986,-0.0011163949966430664
2020-03-11,0.011884570121765137,0.003416776657104492,0.007840454578399658,-0.06079268455505371,-0.03210282325744629,0.03139013051986694,0.021099567413330078,-0.035598039627075195,-0.0540541410446167,0.008684873580932617,-0.006893575191497803,-0.034012556076049805,-0.015267133712768555,-0.007887184619903564,-0.0368427038192749,-0.0022807717323303223,-0.005481123924255371,-0.020004630088806152,-0.0093880295753479,0.007722020149230957
2020-03-12,-0.09106528759002686,-0.08044803142547607,0.020012319087982178,-0.09140372276306152,-0.07321971654891968,0.0751262903213501,-0.11845171451568604,-0.0937429666519165,0.09438079595565796,0.002460002899169922,-0.08569896221160889,0.07550472021102905,-0.11627906560897827,-0.10656195878982544,-0.06330162286758423,-0.09325629472732544,-0.07323497533798218,-0.08340847492218018,-0.10018616914749146,-0.14196407794952393
2020-03-13,0.030954599380493164,-0.03470379114151001,-0.029956579208374023,0.02634727954864502,0.039111971855163574,-0.06643915176391602,0.03400468826293945,-0.00360107421875,-0.03253006935119629,-0.029447853565216064,0.043897151947021484,-0.004085421562194824,0.011278152465820312,0.0010380744934082031,-0.042959392070770264,-0.05516839027404785,0.03341197967529297,-0.0833742618560791,0.037615180015563965,-0.07379549741744995
2020-03-16,-0.07586514949798584,-0.09459203481674194,-0.05500584840774536,-0.04122912883758545,-0.049741268157958984,0.08416903018951416,-0.06257981061935425,-0.0911017656326294,0.10735118389129639,-0.010113716125488281,-0.10899770259857178,0.040540099143981934,-0.06567525863647461,-0.035074055194854736,-0.028350234031677246,-0.11510896682739258,-0.02985912561416626,0.06674230098724365,-0.08627879619598389,-0.082846999168396
2020-03-17,-0.019717276096343994,-0.0010623931884765625,-0.030828237533569336,-0.03245437145233154,0.0004391670227050781,0.042748987674713135,-0.059945523738861084,-0.00013709068298339844,0.040522873401641846,-0.035759925842285156,0.0027208328247070312,0.005204498767852783,-0.045092880725860596,-0.021840155124664307,0.05295157432556152,0.030654430389404297,-0.018707275390625,-0.0355144739151001,-0.054155945777893066,-0.06888926029205322
2020-03-18,0.0,-0.07116669416427612,-0.03353661298751831,-0.05786162614822388,-0.0329207181930542,0.11632996797561646,-0.04927539825439453,-0.09873831272125244,0.06403273344039917,-0.06357622146606445,-0.049154698848724365,0.0884745717048645,-0.09305548667907715,-0.010241687297821045,-0.04015392065048218,-0.08737868070602417,-0.014359235763549805,0.07023733854293823,-0.04886740446090698,-0.082602858543396
2020-03-19,-0.05325740575790405,0.042458534240722656,-0.04961574077606201,-0.056964874267578125,-0.048384130001068115,0.05935007333755493,-0.1307164430618286,-0.018715739250183105,0.12372630834579468,-0.0523337721824646,0.009439229965209961,0.04532122611999512,-0.06891274452209473,-0.054553449153900146,-0.03394818305969238,-0.008274257183074951,-0.03565031290054321,0.03537142276763916,-0.01609700918197632,-0.0780566930770874
2020-03-20,0.026189208030700684,0.08256995677947998,-0.018894672393798828,0.017461180686950684,-0.05694925785064697,-0.10642659664154053,-0.11749231815338135,0.028066277503967285,-0.11461794376373291,0.03731346130371094,0.026747822761535645,-0.05682480335235596,-0.09703946113586426,0.007212638854980469,0.038738250732421875,-0.095436692237854,-0.0035576224327087402,-0.039287567138671875,0.026221394538879395,0.011417508125305176
2020-03-23,-0.115234375,-0.1629764437675476,-0.12286275625228882,-0.08441561460494995,-0.09927797317504883,0.14263033866882324,0.11769324541091919,-0.19185525178909302,-0.23621457815170288,-0.128057599067688,-0.12421900033950806,0.09047245979309082,0.09895050525665283,-0.11449271440505981,-0.15343636274337769,-0.16484028100967407,-0.09339749813079834,-0.1963205337524414,-0.1233893632888794,-0.1517888307571411
2020-03-24,0.02045619487762451,0.04213905334472656,-0.0007340312004089355,0.0020264387130737305,-0.03406810760498047,-0.03750002384185791,0.046687424182891846,-0.09873086214065552,-0.028292715549468994,-0.0676567554473877,0.029867053031921387,-0.0012046098709106445,0.07820296287536621,-0.05021387338638306,0.003146648406982422,0.011911511421203613,0.036927103996276855,0.013797402381896973,0.0002491474151611328,0.029279351234436035
2020-03-25,0.017017602920532227,0.008620738983154297,0.03135871887207031,0.04550051689147949,0.034024834632873535,-0.07690024375915527,-0.08535444736480713,-0.007869124412536621,0.0823293924331665,0.007079720497131348,-0.1315016746520996,-0.026237845420837402,-0.04693138599395752,-0.0680164098739624,-0.003136754035949707,0.02188694477081299,0.012494444847106934,0.03340554237365723,0.050809502601623535,-0.11736619472503662
2020-03-26,0.047362446784973145,0.07882237434387207,0.027144670486450195,0.04690515995025635,-0.09560596942901611,-0.07237577438354492,-0.06875801086425781,-0.09455227851867676,0.1289423704147339,0.04042172431945801,0.0036318302154541016,-0.1648554801940918,-0.07068967819213867,-0.05079960823059082,-0.0025172829627990723,-0.002339780330657959,-0.017341673374176025,-0.029631853103637695,0.06707751750946045,-0.0674736499786377
2020-03-27,0.036961913108825684,0.005420088768005371,-0.008459806442260742,0.02032327651977539,0.04477614164352417,0.03142714500427246,-0.005629301071166992,-0.05720818042755127,-0.05094492435455322,0.030405402183532715,-0.01645493507385254,0.0005806684494018555,0.00966179370880127,0.04556483030319214,0.024605631828308105,-0.01605623960494995,0.008685588836669922,0.0394817590713501,-0.0026655197143554688,-0.030853867530822754
2020-03-30,-0.04883146286010742,-0.04775428771972656,0.014919400215148926,-0.05387049913406372,-0.02204751968383789,0.029388248920440674,-0.09076356887817383,0.01406937837600708,-0.021645009517669678,-0.04426229000091553,0.044364750385284424,0.07583856582641602,0.0260162353515625,0.0025880932807922363,-0.01231527328491211,0.025852560997009277,-0.01261448860168457,0.042729973793029785,-0.006681501865386963,0.042549729347229004
2020-03-31,0.0524364709854126,0.04775857925415039,0.05838668346405029,0.03779900074005127,-0.024573326110839844,-0.055076003074645996,-0.019428253173828125,-0.04646909236907959,0.16637170314788818,0.010291576385498047,-0.0406346321105957,-0.024015069007873535,-0.046744585037231445,-0.08428323268890381,0.05704498291015625,-0.005093812942504883,0.015608549118041992,0.05122363567352295,0.002466440200805664,-0.05846571922302246
2020-04-01,0.03795480728149414,-0.022151410579681396,-0.03621286153793335,-0.022591054439544678,0.020871520042419434,0.011946439743041992,0.021215379238128662,-0.012412548065185547,-0.03414261341094971,-0.18675720691680908,0.04306614398956299,0.014120221138000488,-0.022328495979309082,-0.02145206928253174,-0.04364502429962158,-0.046079277992248535,-0.0065084099769592285,0.04141855239868164,0.004920601844787598,0.06353777647018433
2020-04-03,-0.006408631801605225,-0.0005769133567810059,-0.04086107015609741,-0.012735843658447266,0.042165279388427734,0.0015770792961120605,0.019103646278381348,-0.0010361671447753906,-0.04791837930679321,-0.19885551929473877,0.011950850486755371,-0.05176854133605957,-0.07644307613372803,0.014517009258270264,-0.06259632110595703,0.004990577697753906,-0.02180016040802002,-0.015336692333221436,-0.027153313159942627,0.02505958080291748
2020-04-07,0.050588130950927734,0.007504105567932129,-0.09869468212127686,0.07835638523101807,0.01425081491470337,-0.13834404945373535,-0.03745317459106445,-0.029325485229492188,0.11798679828643799,-0.0990452766418457,-0.019178390502929688,-0.06631147861480713,-0.07681167125701904,-0.11440825462341309,0.06611847877502441,0.08151412010192871,0.03596150875091553,0.09635686874389648,0.0514756441116333,-0.08567929267883301
2020-04-08,0.02913212776184082,0.006302356719970703,-0.0877920389175415,0.007089138031005859,-0.012179374694824219,-0.006822466850280762,-0.007220268249511719,-0.03368520736694336,0.07527673244476318,-0.09989142417907715,-0.023949503898620605,-0.08502686023712158,-0.0363391637802124,-0.05550265312194824,0.005399584770202637,0.03846478462219238,-0.022381603717803955,0.05658555030822754,-0.005221903324127197,0.010629773139953613
2020-04-09,0.06597256660461426,0.023824214935302734,-0.007320404052734375,0.053673505783081055,-0.033359408378601074,-0.0794762372970581,-0.02401435375213623,-0.04653048515319824,0.1379547119140625,-0.046396851539611816,-0.058577775955200195,-0.04690909385681152,-0.037662386894226074,-0.015374541282653809,0.034832000732421875,0.08042049407958984,0.017003774642944336,-0.0031905174255371094,0.019685029983520508,0.003744065761566162
2020-04-13,-0.012399852275848389,0.03861844539642334,0.011284172534942627,0.0008350610733032227,0.036353349685668945,0.025321900844573975,0.03780198097229004,0.003718078136444092,-0.00784081220626831,0.09528303146362305,-0.00996255874633789,0.05083584785461426,0.012515664100646973,0.03184753656387329,0.021500587463378906,0.045247435569763184,-0.007758677005767822,-0.040466368198394775,0.01673102378845215,-0.018627524375915527
2020-04-15,0.013666629791259766,0.0029151439666748047,0.0022878646850585938,0.0759282112121582,-0.03851056098937988,0.02445143461227417,0.02910149097442627,-0.014616727828979492,0.08996963500976562,0.03649634122848511,-0.007520198822021484,0.039825618267059326,0.01013946533203125,-0.028709888458251953,0.07054722309112549,-0.01388782262802124,-0.010187208652496338,-0.01810818910598755,0.01286923885345459,-0.07876157760620117
2020-04-16,0.013263225555419922,0.03026449680328369,-0.006378531455993652,0.048856139183044434,-0.06508374214172363,-0.043414950370788574,-0.044960618019104004,0.03417623043060303,0.052983880043029785,-0.04870128631591797,-0.03518807888031006,-0.027925848960876465,-0.04993605613708496,-0.03790152072906494,0.0005424022674560547,0.02299797534942627,-0.024200260639190674,0.02620720863342285,0.05977916717529297,-0.036133766174316406
2020-04-17,0.021094799041748047,0.06110024452209473,-0.02349269390106201,-0.04362285137176514,0.03375077247619629,-0.0071849822998046875,0.01039797067642212,0.004601776599884033,0.00900423526763916,-0.005159974098205566,-0.06760931015014648,0.012383520603179932,-0.02804887294769287,0.0247918963432312,-0.0032525062561035156,-0.002050340175628662,0.02023947238922119,0.0768502950668335,-0.0015723109245300293,-0.00028705596923828125
2020-04-20,-0.0074160099029541016,0.0029408931732177734,-0.014470696449279785,0.025125622749328613,-0.0,0.018526434898376465,-0.08405804634094238,-0.01179659366607666,-0.0267716646194458,-0.045174598693847656,0.057977378368377686,-0.001127004623413086,-0.04982197284698486,-0.016466259956359863,-0.003534972667694092,-0.019518733024597168,-0.0027382373809814453,-0.02525252103805542,0.009645700454711914,0.023529469966888428
2020-04-21,-0.021880686283111572,-0.03349989652633667,0.011199533939361572,-0.04034698009490967,0.043753981590270996,0.024734199047088623,-0.01737964153289795,0.015597939491271973,-0.0765911340713501,0.057956814765930176,0.025698304176330566,0.0018645524978637695,0.04971754550933838,0.0285833477973938,0.006685733795166016,-0.010103285312652588,-0.04606074094772339,-0.030412256717681885,-0.02749079465866089,0.024830996990203857
2020-04-22,-0.006329178810119629,0.020901918411254883,-0.020191073417663574,0.0066797733306884766,-0.0381619930267334,-0.0174638032913208,0.03285151720046997,0.012964129447937012,0.02628505229949951,0.00834202766418457,0.013379216194152832,0.001445174217224121,0.02497023344039917,-0.05459940433502197,0.042423367500305176,0.04112803936004639,0.0414121150970459,0.057620882987976074,0.002004861831665039,-0.02229917049407959
2020-04-23,0.02965080738067627,-0.012863457202911377,-0.015228033065795898,0.0007805824279785156,-0.03629624843597412,-0.054772019386291504,0.00033968687057495117,-0.030484795570373535,0.01593625545501709,-0.01577281951904297,-0.04591250419616699,-0.05354750156402588,-0.004878044128417969,-0.024887442588806152,0.0006501674652099609,0.058165669441223145,-0.01991093158721924,-0.014059782028198242,0.0542217493057251,0.013411879539489746
2020-04-24,-0.011518776416778564,0.021951675415039062,0.009593427181243896,0.0031201839447021484,0.008398771286010742,0.04384326934814453,0.038056373596191406,0.012745857238769531,0.03809523582458496,0.028985440731048584,0.03445088863372803,-0.006767868995666504,0.03033977746963501,0.021375715732574463,-0.02208942174911499,-0.04254734516143799,-0.02071821689605713,-0.038992881774902344,0.02505207061767578,0.037496328353881836
2020-04-27,-0.0976477861404419,0.03330719470977783,-0.0512540340423584,0.008942365646362305,-0.021535277366638184,-0.04140925407409668,-0.05510425567626953,-0.005419135093688965,-0.023745298385620117,-0.06716418266296387,-0.013140320777893066,-0.08299779891967773,0.003754734992980957,-0.015056848526000977,0.02338564395904541,0.02909982204437256,0.013869285583496094,0.035010457038879395,0.0303647518157959,-0.040198683738708496
2020-04-28,-0.0866018533706665,0.02460658550262451,-0.03770768642425537,0.0,0.00502777099609375,-0.010929584503173828,0.014730572700500488,0.015060245990753174,0.04532897472381592,-0.045953989028930664,-0.014200568199157715,0.01376640796661377,-0.012562870979309082,0.009212732315063477,0.009088516235351562,0.02660536766052246,-0.0028402209281921387,0.05085122585296631,0.024618148803710938,-0.03193068504333496
2020-04-29,-0.0031663179397583008,0.015894055366516113,0.006200551986694336,0.012331485748291016,-0.01249992847442627,-0.04427516460418701,-0.00543665885925293,0.02124577760696411,0.019037485122680664,0.02960836887359619,-0.0017734766006469727,0.0012775063514709473,-0.007444143295288086,-0.023665666580200195,-0.023546040058135986,-0.005291759967803955,0.007847428321838379,0.0360264778137207,-0.0001754164695739746,-0.0002892017364501953
2020-04-30,0.005861639976501465,-0.0191422700881958,0.013568341732025146,-0.014084577560424805,-0.0406268835067749,0.0018734335899353027,0.017573416233062744,-0.01151120662689209,-0.055007755756378174,0.019685029983520508,-0.009224772453308105,0.018406450748443604,0.018472909927368164,-0.04249882698059082,0.0060613155364990234,0.014527440071105957,0.021455764770507812,0.0006172657012939453,-0.008244097232818604,-0.16493213176727295
2020-05-04,0.006440460681915283,-0.04552346467971802,-0.02569591999053955,-0.0162162184715271,0.04215395450592041,0.0416872501373291,0.02958381175994873,0.020809590816497803,-0.03239983320236206,0.042168617248535156,0.03397649526596069,0.035119473934173584,0.04391467571258545,0.04715174436569214,-0.06705963611602783,-0.021042048931121826,-0.0111236572265625,-0.07176637649536133,-0.005659759044647217,0.08251643180847168
2020-05-05,-0.03971517086029053,-0.013731837272644043,-0.01886284351348877,0.006671905517578125,-0.07088887691497803,-0.05308735370635986,-0.03863871097564697,-0.01311647891998291,0.03632235527038574,0.024109065532684326,0.01404958963394165,-0.00909125804901123,0.03280842304229736,-0.00759279727935791,-0.021900832653045654,0.0026096105575561523,0.002626657485961914,-0.020602524280548096,-0.010138750076293945,-0.0043277740478515625
2020-05-06,0.029943883419036865,0.007410287857055664,-0.007754802703857422,0.01091611385345459,0.006070077419281006,-0.02799522876739502,-0.004778146743774414,0.0044248104095458984,0.010952949523925781,-0.010741114616394043,-0.003974437713623047,-0.006920218467712402,-0.001356959342956543,-0.012286186218261719,0.026697278022766113,0.0013698339462280273,0.0035309791564941406,0.0011309385299682617,0.04420483112335205,0.02087259292602539
2020-05-07,0.017651855945587158,0.0013908147811889648,-0.014617323875427246,-0.0077130794525146484,-0.0036312341690063477,-0.052751898765563965,-0.010529875755310059,-0.010041117668151855,-0.026543915271759033,0.01912856101989746,-0.00627589225769043,0.02800917625427246,-0.008130073547363281,0.010745346546173096,-0.05424296855926514,-0.016826272010803223,-0.021678626537322998,-0.001807570457458496,-0.015487849712371826,0.027919113636016846
2020-05-08,0.01879829168319702,0.013584375381469727,-0.0061806440353393555,-0.02254176139831543,-0.00074005126953125,0.038259685039520264,-0.10756301879882812,-0.009452462196350098,-0.039510250091552734,0.0021668672561645508,0.00047975778579711914,0.04282432794570923,0.010752737522125244,-0.00251924991607666,0.011382102966308594,0.00041735172271728516,-0.0025523900985717773,0.03893172740936279,0.00978851318359375,0.010328233242034912
2020-05-11,0.03765976428985596,-0.005769848823547363,-0.004693388938903809,0.010735630989074707,-0.016598105430603027,0.025486767292022705,0.04036414623260498,-0.02825319766998291,-0.01796060800552368,0.013029277324676514,-0.00767970085144043,0.0038676857948303223,-0.01902174949645996,0.008289217948913574,0.006577014923095703,-0.0050765275955200195,0.018203020095825195,-0.0013071894645690918,-0.0005192756652832031,-0.009578347206115723
2020-05-12,-0.010051727294921875,-0.02042490243911743,-0.04231292009353638,0.010228157043457031,0.024409890174865723,0.01505500078201294,0.015496611595153809,0.019626319408416748,0.012979388236999512,0.025302588939666748,0.020862996578216553,0.01385200023651123,0.012000024318695068,0.004310965538024902,-0.01553654670715332,-0.0110434889793396,-0.021647274494171143,-0.008507847785949707,-0.012816131114959717,-0.017558693885803223
2020-05-13,0.004927515983581543,0.033007264137268066,0.005181312561035156,0.06736767292022705,-0.017647147178649902,-0.019008398056030273,-0.05075490474700928,-0.02306210994720459,0.07746076583862305,-0.09932279586791992,-0.016345500946044922,-0.012663125991821289,-0.04453444480895996,-0.0009254217147827148,0.02168142795562744,0.019365310668945312,0.03677976131439209,0.01804184913635254,0.05175435543060303,-0.04021716117858887
2020-05-14,0.008156180381774902,-0.01783299446105957,0.006395816802978516,0.04122579097747803,-0.00252377986907959,0.016730785369873047,0.0324060320854187,0.020976781845092773,0.012432456016540527,0.02361398935317993,0.019433200359344482,-0.006515145301818848,0.024547815322875977,-0.011127591133117676,-0.0176122784614563,0.012688040733337402,-0.004223227500915527,0.029608726501464844,-0.023519575595855713,-0.005752444267272949
2020-05-15,-0.00440526008605957,-0.014191746711730957,0.0062885284423828125,-0.0473020076751709,-0.016485214233398438,-0.012419342994689941,0.0003159642219543457,0.0076751708984375,-0.05232250690460205,0.03890639543533325,0.0005857944488525391,-0.047502994537353516,0.02384108304977417,0.029455959796905518,0.008963942527770996,-0.01519918441772461,0.0005089044570922852,-0.027917683124542236,0.0017082691192626953,0.03312045335769653
2020-05-18,0.024463891983032227,-0.009560763835906982,-0.007154583930969238,-0.04486936330795288,0.008548319339752197,0.03216463327407837,0.04077118635177612,-0.0456010103225708,-0.06535214185714722,0.03719913959503174,0.03174757957458496,0.0037541985511779785,0.05020350217819214,0.022913873195648193,-0.02228367328643799,-0.04803949594497681,-0.019781827926635742,-0.015979230403900146,-0.057469308376312256,0.008116722106933594
2020-05-19,0.008991897106170654,-0.06734943389892578,-0.0010452866554260254,0.033500075340270996,0.02272355556488037,-0.0047904253005981445,-0.004283308982849121,-0.02228599786758423,0.0024111270904541016,0.011363625526428223,-0.008575439453125,0.015039801597595215,0.005714297294616699,-0.014979839324951172,0.0147475004196167,-0.02862781286239624,0.0022486448287963867,-0.02348041534423828,0.01447439193725586,0.09625524282455444
2020-05-20,-0.009577631950378418,0.05702078342437744,0.0010353326797485352,0.008196711540222168,-0.004040122032165527,-0.004370331764221191,0.02296590805053711,0.001381516456604004,-0.009019851684570312,-0.005747079849243164,-0.008802652359008789,-0.020347952842712402,-0.012931108474731445,-0.008617758750915527,0.005578398704528809,0.016464948654174805,-0.0007478594779968262,0.003146052360534668,0.0303192138671875,-0.04972374439239502
2020-05-21,-0.005991578102111816,-0.026167690753936768,0.0005893707275390625,0.04730224609375,-0.010101079940795898,-0.025316476821899414,-0.04432511329650879,-0.03500610589981079,-0.018810689449310303,-0.0617142915725708,0.01755082607269287,0.006404101848602295,-0.022695064544677734,-0.005113005638122559,0.03605842590332031,-0.0028107166290283203,0.025850653648376465,-0.0011200904846191406,-0.018867969512939453,-0.02880120277404785
2020-05-22,-0.02203691005706787,-0.012216150760650635,-0.010991990566253662,-0.01764291524887085,-0.05780482292175293,0.04726088047027588,0.0019292831420898438,0.03037881851196289,-0.01855289936065674,-0.015069961547851562,-0.0036334991455078125,0.0061782002449035645,-0.03883504867553711,-0.012248992919921875,-0.01535862684249878,0.002818584442138672,-0.0019643306732177734,-0.006279408931732178,0.0409315824508667,-0.011794805526733398
2020-05-26,0.019230782985687256,0.009570837020874023,-0.12124383449554443,-0.044540226459503174,0.0004611015319824219,-0.01467907428741455,-0.0283505916595459,0.026881694793701172,-0.025834858417510986,0.029692530632019043,-0.005933165550231934,-0.0032259225845336914,0.03871828317642212,-0.044005751609802246,0.010589599609375,0.021449685096740723,-0.014058351516723633,0.06612503528594971,0.01525425910949707,0.01095503568649292
2020-05-27,0.023073852062225342,0.03319203853607178,-0.06935608386993408,-0.012405991554260254,-0.015916943550109863,0.0021949410438537598,-0.09085214138031006,0.0018578767776489258,-0.0025873780250549316,-0.03278684616088867,0.004298686981201172,0.014871835708618164,-0.009722232818603516,0.020204603672027588,-0.006796896457672119,-0.007603168487548828,-0.0018821954727172852,0.04064357280731201,0.03505837917327881,-0.056517958641052246
2020-05-28,0.0030410289764404297,-0.010532855987548828,-0.008407115936279297,0.007232546806335449,0.005373895168304443,-0.01189887523651123,-0.1286616325378418,0.0421442985534668,0.053177714347839355,0.01693117618560791,-0.010642528533935547,-0.012750387191772461,-0.01788175106048584,-0.02553415298461914,0.016110658645629883,-0.004888713359832764,0.0004571676254272461,0.0018306970596313477,-0.01903223991394043,-0.008467674255371094
2020-05-29,0.0075241923332214355,0.02312636375427246,0.0008643865585327148,-0.01889646053314209,0.019404888153076172,0.015612661838531494,0.0038167834281921387,-0.04917508363723755,0.0018472671508789062,0.0548977255821228,-0.0010927915573120117,-0.051232099533081055,0.022972941398620605,0.02978348731994629,0.030166983604431152,0.022803902626037598,0.01930546760559082,0.05563461780548096,0.0077277421951293945,-0.03771817684173584
2020-06-01,-0.006761670112609863,0.04192757606506348,0.045191168785095215,0.05546987056732178,-0.010088443756103516,-0.01264798641204834,-0.10319280624389648,0.01684248447418213,-0.08236026763916016,-0.004555702209472656,-0.015480756759643555,-0.004790544509887695,-0.033194899559020996,-0.025792717933654785,0.0032688379287719727,-0.06308698654174805,0.010198354721069336,0.00019228458404541016,0.006526350975036621,-0.03313648700714111
2020-06-02,0.009260237216949463,0.004923701286315918,0.013045430183410645,-0.014963507652282715,0.01621079444885254,0.010507524013519287,0.014355123043060303,0.002676844596862793,-0.00794994831085205,-0.006802797317504883,-0.050229668617248535,-0.02116847038269043,-0.010709524154663086,0.013553738594055176,0.011946797370910645,0.007417917251586914,0.0016640424728393555,0.03769230842590332,0.02285623550415039,-0.01292884349822998
2020-06-03,0.01869344711303711,-0.021460771560668945,-0.04328644275665283,0.00407564640045166,0.009683728218078613,0.01612907648086548,0.031007766723632812,0.047388672828674316,-0.025352120399475098,-0.00225222110748291,0.029403507709503174,0.0036728382110595703,0.003973543643951416,0.012134850025177002,0.013013124465942383,0.007745087146759033,-0.002381265163421631,0.009636759757995605,-0.005229771137237549,0.013254761695861816
2020-06-04,-0.05861419439315796,7.56978988647461e-05,-0.021601557731628418,-0.0007380247116088867,-0.006387472152709961,0.011098623275756836,-0.037575721740722656,0.03409266471862793,0.009340643882751465,-0.007865190505981445,-0.03221166133880615,-0.01721334457397461,-0.01063835620880127,-0.009164214134216309,-0.008872926235198975,-0.040191650390625,-0.00044411420822143555,-0.013399362564086914,0.005257248878479004,-0.0070896148681640625
2020-06-05,0.010340213775634766,0.001989603042602539,0.0011669397354125977,0.019202351570129395,-0.041686296463012695,0.002883017063140869,-0.004205584526062012,-0.09998464584350586,-0.05823624134063721,-0.044593095779418945,-0.018018007278442383,0.005988776683807373,-0.10131573677062988,-0.041991472244262695,0.007749795913696289,0.03890204429626465,0.02698957920074463,0.02827906608581543,0.00903332233428955,-0.041126370429992676
2020-06-08,0.015956878662109375,0.010878443717956543,0.009977400302886963,-0.0076087117195129395,0.017827630043029785,-0.015799283981323242,0.01884591579437256,-0.10000002384185791,0.0005241632461547852,-0.012806892395019531,-0.005108952522277832,0.02156585454940796,-0.11589014530181885,0.014864981174468994,-0.010607242584228516,-0.012875914573669434,0.006759285926818848,-0.03238648176193237,-0.008795380592346191,0.005931198596954346
2020-06-09,0.007582306861877441,-0.005743741989135742,-0.0010677576065063477,0.005111336708068848,-0.007505536079406738,0.018806517124176025,-0.00521695613861084,0.04418134689331055,-0.07288944721221924,0.029504776000976562,0.021330654621124268,0.023304283618927002,0.01927196979522705,0.0002509951591491699,-0.016885578632354736,0.011495053768157959,0.005156278610229492,-0.012714982032775879,-0.009190261363983154,0.01420050859451294
2020-06-10,0.003225088119506836,-0.002104520797729492,-0.00689542293548584,-0.006538271903991699,-0.021132707595825195,-0.0032117366790771484,-0.0653456449508667,-0.011056303977966309,0.0004888176918029785,-0.05428886413574219,0.006121277809143066,-0.026285171508789062,-0.041484713554382324,-0.023345589637756348,-0.008451402187347412,0.0036254525184631348,-0.0407181978225708,0.014772653579711914,-0.0036782026290893555,0.01295238733291626
2020-06-11,-0.007608294486999512,-0.028611421585083008,0.012200534343719482,0.006946921348571777,-0.0009677410125732422,-0.0013425350189208984,-0.017493367195129395,0.019367575645446777,-0.029828906059265137,0.03604531288146973,0.023889482021331787,0.041930556297302246,0.050314486026763916,0.019961416721343994,-0.02584552764892578,0.00432509183883667,0.0028753280639648438,0.047219038009643555,-0.01605135202407837,0.01778268814086914
2020-06-12,-0.008746325969696045,0.0012960433959960938,-0.01670658588409424,-0.014524340629577637,-0.0013387203216552734,0.006084918975830078,0.015886783599853516,0.03251379728317261,0.027065575122833252,0.021367549896240234,-0.009560227394104004,-0.030086755752563477,0.02207505702972412,-0.0008447170257568359,0.009031891822814941,-0.01578974723815918,0.011122524738311768,0.0014258623123168945,0.017128825187683105,0.013984262943267822
2020-06-15,-0.05294114351272583,-0.005321145057678223,-0.016080379486083984,0.026897668838500977,0.015225768089294434,0.01141434907913208,0.0150376558303833,-0.011665105819702148,-0.07271850109100342,-0.02183401584625244,-0.016287803649902344,0.004692435264587402,-0.022573351860046387,0.011753976345062256,0.0013985633850097656,0.018395304679870605,0.014476180076599121,0.05712759494781494,-0.015076220035552979,0.016082048416137695
2020-06-16,-0.06303191184997559,-0.013012707233428955,-0.03903663158416748,-0.00107651948928833,-0.0217210054397583,0.009656786918640137,0.0031432509422302246,0.007137954235076904,0.04549592733383179,0.037393152713775635,-0.04221022129058838,-0.0009621381759643555,0.03311258554458618,-0.024515271186828613,-0.0005586743354797363,-0.0,-0.007714271545410156,0.011616230010986328,-0.004722297191619873,-0.02277994155883789
2020-06-17,-0.011685729026794434,-0.003763735294342041,-0.0394366979598999,0.022988438606262207,-0.06532812118530273,0.018865883350372314,-0.06463968753814697,-0.006912708282470703,0.017159223556518555,0.00443953275680542,-0.04193115234375,-0.026497960090637207,-0.00799095630645752,0.02142775058746338,0.0006986856460571289,-0.0016596317291259766,-0.005400657653808594,0.0023298263549804688,0.025850772857666016,-0.015854954719543457
2020-06-18,-0.005133628845214844,-0.0013573169708251953,0.023413479328155518,0.022822976112365723,-0.02598392963409424,-0.004645109176635742,-0.0048656463623046875,-0.00892484188079834,-0.0402522087097168,-0.02898561954498291,-0.004719376564025879,0.011018514633178711,-0.021517515182495117,0.0204770565032959,-0.02862727642059326,0.004556417465209961,-0.007822632789611816,0.005645036697387695,0.0022329092025756836,-0.016846299171447754
2020-06-19,-0.02277088165283203,0.012289285659790039,-0.03425705432891846,0.012358427047729492,0.027486979961395264,-0.07150542736053467,-0.11536836624145508,-0.0027217864990234375,0.019114255905151367,-0.015167832374572754,-0.04159188270568848,-0.006659507751464844,-0.06762754917144775,-0.0006120204925537109,0.005463004112243652,-0.002635359764099121,0.008227705955505371,-0.022288262844085693,0.00015914440155029297,-0.021074414253234863
2020-06-22,-0.016749858856201172,0.010909318923950195,0.02398204803466797,0.01458132266998291,-0.017361164093017578,0.007426023483276367,-0.043035030364990234,-0.02293705940246582,-0.008079886436462402,-0.07897543907165527,0.003115713596343994,-0.029126763343811035,-0.008307337760925293,0.009238958358764648,-0.0055762529373168945,-0.0011067390441894531,0.007826387882232666,-0.003377258777618408,-0.011137604713439941,-0.021235942840576172
2020-06-23,0.00787883996963501,0.013713717460632324,-0.016531944274902344,0.0006684064865112305,0.0010921359062194824,-0.01405322551727295,0.026058554649353027,-0.029985427856445312,-0.049033403396606445,-0.003956437110900879,0.012255311012268066,0.0066414475440979,-0.038105130195617676,-9.751319885253906e-05,0.013371706008911133,-0.026808500289916992,0.010990738868713379,0.0006777048110961914,0.0033788681030273438,-0.03796732425689697
2020-06-24,0.029084086418151855,-0.0014521479606628418,0.000681459903717041,-0.04074811935424805,-0.003143310546875,0.004187464714050293,0.0024154186248779297,-0.02911245822906494,0.02921348810195923,0.036453187465667725,0.013822972774505615,0.026007473468780518,0.04761910438537598,0.0065302252769470215,-0.0038309097290039062,0.030684351921081543,-0.0052640438079833984,-0.03132408857345581,0.004650473594665527,-0.03927969932556152
2020-06-25,-0.009772658348083496,-0.015483260154724121,-0.0023741722106933594,0.009401082992553711,-0.02329695224761963,-0.00780940055847168,-0.011175274848937988,0.07009637355804443,-0.034722208976745605,-0.009202361106872559,-0.004221916198730469,0.019144773483276367,-0.0031250715255737305,-0.00598454475402832,-0.01580965518951416,-0.0038875341415405273,-0.07151174545288086,-0.08652329444885254,0.012928962707519531,-0.004568815231323242
2020-06-26,-0.003261089324951172,-0.003531813621520996,-0.001301884651184082,-0.004139304161071777,-0.008321166038513184,-0.0015895366668701172,-0.003499627113342285,-0.011307001113891602,0.008948564529418945,0.012158036231994629,0.009417355060577393,-0.026934146881103516,0.009345829486846924,-0.008289456367492676,0.004196882247924805,0.0036649703979492188,-0.026804208755493164,0.06081080436706543,-0.0066182613372802734,-0.006002187728881836
2020-06-29,0.030617594718933105,-0.006910383701324463,0.016776561737060547,-0.007620394229888916,0.004819393157958984,0.02182108163833618,-0.05249643325805664,0.035538434982299805,0.034311532974243164,0.02769225835800171,-0.03191578388214111,0.005720674991607666,0.026205480098724365,0.016829490661621094,-0.002161681652069092,-0.0004163980484008789,-0.005768895149230957,0.04350799322128296,-0.00999373197555542,-0.0189439058303833
2020-06-30,-0.007463574409484863,0.0215151309967041,-0.01301884651184082,-0.009075045585632324,-0.002719879150390625,0.03660517930984497,0.034705281257629395,0.01490473747253418,0.03553056716918945,0.01371312141418457,-0.008636951446533203,-0.019933342933654785,0.048439204692840576,0.013641595840454102,-0.009243249893188477,-0.0006244182586669922,0.024712026119232178,0.01934105157852173,-0.0064092278480529785,-0.015568375587463379
2020-07-01,0.005475640296936035,-0.009108245372772217,-0.007284879684448242,-0.05811905860900879,0.004697322845458984,-0.007788658142089844,0.02673894166946411,-0.0009807348251342773,-0.024721264839172363,-0.01390373706817627,-0.04020559787750244,-0.0427250862121582,-0.009049773216247559,-0.019947528839111328,-0.0008745789527893066,0.0021494030952453613,0.022642672061920166,-0.011139631271362305,-0.005482912063598633,0.051244258880615234
2020-07-02,-0.0011875629425048828,-5.543231964111328e-05,-0.037105441093444824,0.018974661827087402,-0.00026595592498779297,-0.005430817604064941,0.01243734359741211,0.0013995766639709473,0.01750236749649048,-0.007383942604064941,0.019286513328552246,0.0039910078048706055,-0.12443947792053223,-0.018253564834594727,0.01298511028289795,-0.015633702278137207,0.0061678290367126465,0.01860213279724121,0.0030808448791503906,-0.010145783424377441
2020-07-03,0.0010783076286315918,0.006276249885559082,0.022113263607025146,0.005089938640594482,0.0041866302490234375,0.004985988140106201,0.007142841815948486,-0.0035037994384765625,-0.0033702850341796875,-0.015706777572631836,0.006795108318328857,0.003175973892211914,-0.08175468444824219,-0.00918734073638916,0.0005761384963989258,0.002941727638244629,-0.013017773628234863,-0.022635221481323242,-0.0025864243507385254,0.0040056705474853516
2020-07-06,-0.0017271041870117188,0.010644674301147461,0.0023165345191955566,-0.04774892330169678,-0.0005339384078979492,-0.07746100425720215,-0.018742799758911133,-0.0006983280181884766,-0.036948204040527344,-0.0082474946975708,0.0045073628425598145,-0.022391676902770996,-0.007373332977294922,-0.03907883167266846,0.0,-0.05674481391906738,0.014942467212677002,0.00827789306640625,0.004538059234619141,0.027927756309509277
2020-07-07,-0.002047419548034668,-0.029548048973083496,0.011006534099578857,-0.005859375,-0.006136178970336914,-0.0186997652053833,0.019698917865753174,0.018143773078918457,-0.01758444309234619,-0.03783226013183594,-0.08530080318450928,-0.008911848068237305,-0.02744734287261963,-0.016911864280700684,0.007053375244140625,0.004999637603759766,0.00313490629196167,-0.016512513160705566,0.005808353424072266,-0.012442946434020996
2020-07-08,-0.011936783790588379,0.021540939807891846,0.022366702556610107,0.003559887409210205,0.011203169822692871,0.02244621515274048,0.016872107982635498,-0.005117177963256836,-0.028194665908813477,-0.04039406776428223,0.028011679649353027,-0.0017608404159545898,-0.007123708724975586,0.0017110705375671387,-0.009005129337310791,-0.01814138889312744,0.0036013126373291016,0.01624429225921631,0.0025665760040283203,-0.015373945236206055
2020-07-09,-0.010308146476745605,-0.017804741859436035,0.009682893753051758,0.009093821048736572,-0.014749288558959961,-0.033858656883239746,-0.04049360752105713,0.02800166606903076,-0.059265732765197754,0.0047348737716674805,-0.00199282169342041,0.005676746368408203,0.027409374713897705,-0.038340091705322266,-0.004759848117828369,0.0024996399879455566,-0.011148452758789062,0.0014516115188598633,-0.017279982566833496,-0.0032871365547180176
2020-07-10,0.013674139976501465,0.014898478984832764,0.0009492635726928711,-0.013765931129455566,0.01030653715133667,0.012798786163330078,-0.0022238492965698242,0.0018914341926574707,-0.022547006607055664,0.033301591873168945,-0.061806678771972656,0.00408625602722168,0.019999980926513672,-0.01833188533782959,0.0020290613174438477,-0.0010280609130859375,-0.010522007942199707,0.006360173225402832,-0.024421989917755127,-0.013663113117218018
2020-07-13,0.009917855262756348,0.005419135093688965,0.013164401054382324,0.0009698867797851562,-0.0023365020751953125,-0.050905704498291016,-0.0012943744659423828,-0.005247831344604492,0.01714986562728882,0.01476377248764038,-0.005259037017822266,0.028110027313232422,0.013914644718170166,0.03554874658584595,0.009111881256103516,0.01386481523513794,0.006925046443939209,-0.004206299781799316,-0.004172205924987793,0.006209611892700195
2020-07-14,0.0118483304977417,-0.0019428730010986328,0.022522151470184326,0.020388305187225342,-0.02337658405303955,0.0043541789054870605,-0.036749839782714844,-0.0619199275970459,0.05567091703414917,-0.0169830322265625,0.019205987453460693,-0.002125859260559082,0.009407341480255127,-0.019461512565612793,-0.01060628890991211,0.009568512439727783,-0.0023578405380249023,0.012565970420837402,-0.024467825889587402,-0.003916442394256592
2020-07-15,0.003924190998077393,-0.0013865232467651367,-0.002426743507385254,-0.008919715881347656,0.015098214149475098,0.02778792381286621,0.01941579580307007,-0.020346879959106445,0.035195767879486084,0.003929316997528076,0.013517439365386963,-0.001553654670715332,0.004748344421386719,0.015648066997528076,-0.007822632789611816,0.0027602314949035645,0.0010010004043579102,0.010512769222259521,-0.031081318855285645,0.00011920928955078125
2020-07-16,0.01761871576309204,-0.002466440200805664,0.009344160556793213,-0.00720369815826416,-0.021144390106201172,0.02652043104171753,-0.10281562805175781,-0.04777836799621582,0.010943949222564697,0.027613461017608643,0.020739197731018066,0.0004175901412963867,0.01812976598739624,0.017601072788238525,0.008906364440917969,-0.00553584098815918,-0.0020040273666381836,0.011556386947631836,0.007766366004943848,-0.009292423725128174
2020-07-17,-0.008354663848876953,0.0005395412445068359,-0.0038956403732299805,0.005201578140258789,-0.004982471466064453,-0.019060373306274414,0.03656721115112305,-0.06859111785888672,-0.026740431785583496,-0.017241477966308594,-0.006202340126037598,-0.017756938934326172,-0.0359572172164917,-0.004307150840759277,0.007670044898986816,0.00032770633697509766,-0.029150009155273438,0.0028285980224609375,0.00485837459564209,0.00685429573059082
2020-07-20,0.00011050701141357422,-0.019542694091796875,-0.05057168006896973,-0.008169889450073242,-0.025239944458007812,0.01076894998550415,-0.0075225830078125,-0.06813287734985352,-0.013920068740844727,-0.020937204360961914,-0.0025557279586791992,-0.006245851516723633,0.014071285724639893,-0.013223409652709961,-0.0343242883682251,-0.00944066047668457,-0.0013604164123535156,-0.01683056354522705,0.021340370178222656,0.03941237926483154
2020-07-21,0.008065402507781982,0.005951642990112305,0.016074299812316895,-0.019773125648498535,-0.01350247859954834,-0.020626544952392578,0.00016963481903076172,-0.01186215877532959,-0.003985762596130371,0.006835997104644775,0.001049637794494629,-0.01669764518737793,0.010466217994689941,0.009112000465393066,-0.026103854179382324,0.01117098331451416,0.0005823373794555664,0.008554995059967041,-0.015507698059082031,0.010456204414367676
2020-07-22,-0.0070171356201171875,-0.0066051483154296875,-0.0047533512115478516,0.00095367431640625,-0.0076836347579956055,-9.357929229736328e-05,0.009504497051239014,0.04998892545700073,0.0013233423233032227,-0.060963571071624756,0.007956266403198242,-0.019146442413330078,0.0009615421295166016,-0.0061997175216674805,-0.013401806354522705,-0.0017733573913574219,0.0034952759742736816,-0.041268110275268555,0.007461428642272949,0.004093647003173828
2020-07-23,-0.019466876983642578,0.0001481175422668457,0.005500614643096924,-0.023862600326538086,0.0169106125831604,-0.031153440475463867,0.007368028163909912,0.03958088159561157,-0.0026502609252929688,-0.025130927562713623,-0.0015132427215576172,-0.004049897193908691,-0.00769960880279541,-0.05627942085266113,-0.0023121237754821777,-0.007408857345581055,-0.0031179189682006836,-0.005044221878051758,0.011356234550476074,0.005435943603515625
2020-07-24,-0.030921101570129395,-0.0422135591506958,-0.0024350881576538086,0.02299565076828003,-0.00025022029876708984,-0.07575762271881104,0.0062143802642822266,0.020969688892364502,0.01850217580795288,-0.0225563645362854,0.0036261677742004395,-0.02831852436065674,0.01910221576690674,-0.003767848014831543,-0.0015933513641357422,0.013342022895812988,0.01184988021850586,0.012367844581604004,-0.01855170726776123,-0.018585264682769775
2020-07-27,-0.0048410892486572266,-0.026061296463012695,0.009621024131774902,-0.030216336250305176,0.010568439960479736,-0.0325547456741333,0.03769326210021973,0.048409104347229004,0.0314183235168457,-0.03516477346420288,0.030555784702301025,-0.01835918426513672,0.03602725267410278,0.016349613666534424,-0.01624840497970581,0.006398379802703857,0.008158445358276367,0.029582560062408447,-0.010777652263641357,-0.018363356590270996
2020-07-28,-0.016652703285217285,-0.01067054271697998,-0.005930304527282715,-0.014819502830505371,0.0203513503074646,-0.006615996360778809,-0.020397067070007324,-0.04150402545928955,-0.0176088809967041,0.01594531536102295,-0.009072422981262207,0.013267040252685547,-0.020202040672302246,0.005229532718658447,-0.0017696022987365723,-0.0013941526412963867,0.003964126110076904,-0.019637227058410645,0.004525661468505859,0.007015109062194824
2020-07-29,0.005356967449188232,0.0035747885704040527,-0.006322145462036133,-0.0015211105346679688,-0.006903171539306641,0.002109706401824951,-0.007960319519042969,-0.014615893363952637,-0.05783236026763916,-0.002242147922515869,0.007983207702636719,-0.03971266746520996,0.010891079902648926,-0.0098036527633667,0.012557268142700195,-0.04342353343963623,0.0021889805793762207,-0.011188507080078125,-0.04254961013793945,0.02856147289276123
2020-07-30,0.0002071857452392578,-0.000835418701171875,0.03329813480377197,-0.04829895496368408,0.011661410331726074,-0.0034151077270507812,0.015619456768035889,0.013174116611480713,0.022815346717834473,-0.008988797664642334,0.015079319477081299,-0.01699364185333252,0.010010004043579102,0.010383903980255127,-0.015903174877166748,-0.04434847831726074,-0.0032407045364379883,0.027208387851715088,0.007522404193878174,0.006095409393310547
2020-07-31,-0.02600228786468506,0.007316529750823975,0.005800604820251465,0.010213851928710938,-0.011474847793579102,-0.04238247871398926,-0.03583526611328125,-0.0028696060180664062,-0.0026432275772094727,-0.02947843074798584,-0.003966331481933594,0.011343121528625488,0.027300357818603516,-0.001251220703125,0.005930304527282715,0.008776068687438965,-0.009840011596679688,0.0037292838096618652,0.014029920101165771,0.029170870780944824
2020-08-03,-0.023222923278808594,0.001909494400024414,0.006725668907165527,-0.017693519592285156,0.00019222497940063477,-0.0057528018951416016,-0.021858930587768555,-0.008584260940551758,0.012302279472351074,0.05140185356140137,0.0041086673736572266,0.0005962848663330078,-0.0457381010055542,-0.04535508155822754,-0.008695662021636963,0.01061093807220459,-0.03188979625701904,-0.017780303955078125,0.025024592876434326,-0.05439871549606323
2020-08-04,-0.03108346462249756,-0.028001904487609863,-0.014149785041809082,0.0019298791885375977,-0.0012820959091186523,0.025508224964141846,-0.02796018123626709,-0.0499567985534668,-0.02179718017578125,-0.021111130714416504,-0.024833321571350098,-0.006441712379455566,-0.00894629955291748,0.0031242966651916504,-0.0017840266227722168,-0.0057389140129089355,-0.006608366966247559,-0.028135299682617188,0.004529356956481934,0.02121281623840332
2020-08-05,0.019906282424926758,0.009969949722290039,0.012370407581329346,0.007383584976196289,0.0020488500595092773,-0.016816139221191406,0.03916102647781372,-0.01503753662109375,0.008271634578704834,-0.005675375461578369,-0.004490256309509277,-0.047069549560546875,-0.0029556751251220703,-0.033521413803100586,-0.020703017711639404,0.0020333528518676758,-0.020417511463165283,0.0010731220245361328,-0.0008425712585449219,-0.017611145973205566
2020-08-06,-0.03222346305847168,-0.00019478797912597656,-0.019484996795654297,-0.0025493502616882324,-0.024892568588256836,-0.003588438034057617,-0.0005115270614624023,-0.05000007152557373,-0.00043892860412597656,0.03424656391143799,0.005934476852416992,-0.010883808135986328,-0.05992138385772705,-0.07362282276153564,0.012927770614624023,0.0030765533447265625,-0.00799250602722168,-0.013428807258605957,0.0026941299438476562,0.022753357887268066
2020-08-07,-0.010027408599853516,-0.00344693660736084,-0.08973002433776855,-0.006389796733856201,0.012331724166870117,0.049825072288513184,-0.016021728515625,-0.05787038803100586,-0.011847376823425293,0.01876389980316162,-0.04845714569091797,-0.04697918891906738,0.0018535852432250977,0.043890416622161865,-0.034834861755371094,-0.0653223991394043,0.017956852912902832,-0.013957619667053223,-0.015870332717895508,0.03528094291687012
2020-08-10,0.0031843185424804688,-0.03785514831542969,0.01570582389831543,-0.02282959222793579,-0.004373073577880859,0.036731064319610596,0.000503242015838623,-0.02709174156188965,-0.01517784595489502,0.011917591094970703,-0.021814703941345215,-0.09414947032928467,0.00371396541595459,0.009735941886901855,-0.014799833297729492,-0.03436446189880371,-0.03760802745819092,0.0017424821853637695,-0.0009971857070922852,0.02919471263885498
2020-08-11,-0.03542238473892212,0.015436887741088867,0.01580744981765747,0.004935860633850098,0.01697474718093872,0.0197027325630188,0.02299433946609497,0.057522594928741455,-0.04741561412811279,0.002141237258911133,-0.04349398612976074,0.015122532844543457,-0.006523728370666504,0.011880934238433838,0.013440132141113281,0.0146867036819458,-0.0072290897369384766,0.03892487287521362,0.013614475727081299,-0.025097548961639404
2020-08-12,-0.012176096439361572,0.007188856601715088,0.020509779453277588,0.00884091854095459,0.01662600040435791,-0.03751182556152344,-0.00790250301361084,-0.027556538581848145,0.024061977863311768,-0.023504257202148438,0.009986817836761475,0.03539741039276123,-0.07685184478759766,0.01766824722290039,0.011304318904876709,0.0026445388793945312,0.011236011981964111,0.0072647929191589355,0.0038713812828063965,0.010924816131591797
2020-08-13,-0.013903915882110596,-0.007575631141662598,-0.04005837440490723,0.008438825607299805,0.023565471172332764,-0.005010008811950684,0.005113363265991211,0.014875292778015137,0.010029315948486328,0.014223098754882812,0.009667277336120605,0.023183166980743408,-0.03353393077850342,-0.01662302017211914,-0.011433601379394531,-0.013860464096069336,-0.020124197006225586,-0.0,-0.00033795833587646484,0.004065990447998047
2020-08-14,0.008299946784973145,0.008515536785125732,-0.0017417669296264648,-0.014805316925048828,-0.005615711212158203,0.026753008365631104,0.03563469648361206,0.024564027786254883,-0.0,-0.02912616729736328,-0.03975391387939453,0.00048232078552246094,0.010815262794494629,-0.019768595695495605,0.006086945533752441,0.007489264011383057,-0.011581063270568848,0.012074589729309082,0.0033783912658691406,-0.007139801979064941
2020-08-17,0.006843209266662598,-0.007841825485229492,0.00029671192169189453,-0.001960158348083496,0.0317111611366272,-0.03500080108642578,0.030911386013031006,-0.011446595191955566,-0.06331789493560791,0.004444479942321777,0.002721250057220459,-0.015110373497009277,-0.043734192848205566,0.00801706314086914,-0.006415843963623047,0.00772547721862793,0.007082521915435791,-0.002222299575805664,0.009830474853515625,0.013845562934875488
2020-08-18,0.0018714666366577148,-0.003173232078552246,0.009190499782562256,0.005564689636230469,-0.0019224882125854492,0.0032168030738830566,-0.05151236057281494,-0.03190350532531738,-0.015085339546203613,-0.06637167930603027,-0.013234257698059082,-0.018137693405151367,-0.013698697090148926,-0.019620060920715332,-0.022312283515930176,-0.03379809856414795,0.006351351737976074,-0.015521049499511719,-0.013693928718566895,0.015773892402648926
2020-08-19,-0.05073249340057373,-0.06065797805786133,0.010764777660369873,-0.010091185569763184,-0.05735623836517334,-0.0177079439163208,-0.0047070980072021484,-0.00856482982635498,0.009777069091796875,-0.10684645175933838,0.009829699993133545,0.004029750823974609,0.007154226303100586,-0.0003057718276977539,-0.02721095085144043,-0.0029773712158203125,-0.03604090213775635,-0.01728534698486328,-0.05048966407775879,-0.0014591217041015625
2020-08-20,-0.05558156967163086,-0.027268528938293457,-0.008636713027954102,-0.014797747135162354,0.01451718807220459,-0.038295745849609375,0.020475447177886963,0.026511967182159424,-0.04186415672302246,-0.10965323448181152,0.0020398497581481934,0.003922760486602783,0.00560450553894043,0.0064206719398498535,-0.0001380443572998047,0.009953439235687256,0.004556059837341309,-0.005186915397644043,-0.020093202590942383,-0.015029728412628174
2020-08-21,-0.04254937171936035,0.009569644927978516,0.01835101842880249,0.016355156898498535,-0.046889424324035645,-0.01738440990447998,-0.013463139533996582,-0.10106384754180908,-0.09173619747161865,-0.02280402183532715,-0.04149353504180908,-0.03920853137969971,0.0016102790832519531,-0.0199507474899292,-0.004552364349365234,-0.008054494857788086,-0.04047667980194092,-0.023131728172302246,0.00614553689956665,0.003072977066040039
2020-08-24,0.002550780773162842,-0.025362014770507812,-0.016969919204711914,0.028243064880371094,0.0006909966468811035,-0.1604064702987671,-0.03163790702819824,0.009082138538360596,-0.14097225666046143,0.033030569553375244,-0.003925204277038574,-0.02245151996612549,0.011290311813354492,-0.03663206100463867,-0.008376836776733398,-0.010906338691711426,-0.008797764778137207,-0.011130452156066895,-0.027746915817260742,0.00813436508178711
2020-08-25,0.026425719261169434,-0.004938364028930664,-0.05136299133300781,-0.00031942129135131836,-0.012697935104370117,0.01253652572631836,0.0005083084106445312,-0.030518770217895508,-0.04230070114135742,0.028181016445159912,0.004887282848358154,-0.00046622753143310547,-0.040783047676086426,0.00761568546295166,-0.003949403762817383,0.013154149055480957,-0.03774523735046387,0.020983874797821045,-0.030083298683166504,-0.010688483715057373
2020-08-26,0.020225882530212402,-0.004488348960876465,0.016769111156463623,0.0,0.0007448196411132812,0.002552509307861328,0.021529078483581543,-0.005582332611083984,0.016350388526916504,-0.028998255729675293,0.004452824592590332,0.00500941276550293,0.024294674396514893,0.014786005020141602,0.0040694475173950195,0.004560112953186035,0.0027136802673339844,-0.010541081428527832,-0.0019469261169433594,0.0029658079147338867
2020-08-27,-0.004736423492431641,-0.06171572208404541,0.015415072441101074,-0.006709277629852295,0.0036650896072387695,-0.026264429092407227,-0.006236910820007324,0.013925552368164062,0.009795129299163818,0.030742943286895752,0.005196332931518555,0.017211496829986572,0.010441780090332031,0.012179970741271973,-0.001770615577697754,0.004345953464508057,-0.01996922492980957,0.01095271110534668,0.01569509506225586,0.006442070007324219
2020-08-28,0.03344309329986572,0.006604254245758057,0.012448012828826904,-0.012222528457641602,-0.01290595531463623,0.018570780754089355,-0.0006887912750244141,-0.05066788196563721,0.0014988183975219727,0.01850217580795288,0.008265018463134766,-0.01679813861846924,0.011363565921783447,0.012053966522216797,0.017267167568206787,0.002890348434448242,0.010370075702667236,0.001230478286743164,0.0041002631187438965,0.04533052444458008
2020-08-31,0.035888493061065674,-0.0706372857093811,0.03364354372024536,-0.03353959321975708,-0.0643235445022583,0.08605241775512695,0.01359260082244873,-0.07147395610809326,-0.09366559982299805,0.07809698581695557,0.03260219097137451,-0.08518069982528687,0.05008214712142944,-0.06535166501998901,0.029607057571411133,0.040700435638427734,0.0236966609954834,-0.05508619546890259,-0.04696553945541382,-0.02559727430343628
2020-09-01,0.0006681084632873535,0.029279708862304688,0.013232827186584473,-0.011792480945587158,-0.026116669178009033,-0.027141690254211426,-0.02564108371734619,0.06514084339141846,-0.08148396015167236,-0.004868507385253906,0.0103377103805542,0.0025871992111206055,-0.044943809509277344,0.011721491813659668,-0.013686895370483398,-0.014491915702819824,0.020219087600708008,0.009126424789428711,-0.007679998874664307,-0.0018543004989624023
2020-09-02,-0.007545351982116699,0.02090013027191162,-0.0378260612487793,0.005114197731018066,0.023439526557922363,-0.041951537132263184,-0.016666650772094727,-0.003764927387237549,0.11575913429260254,-0.04651165008544922,-0.002924799919128418,0.017220258712768555,-0.008271336555480957,0.028171181678771973,0.005907177925109863,-0.025651931762695312,0.014590978622436523,0.026578068733215332,0.0045146942138671875,-0.008256793022155762
2020-09-03,-0.005782485008239746,0.012001991271972656,-0.0006296634674072266,0.0047490596771240234,0.011748433113098145,-0.007382512092590332,0.00920039415359497,-0.0180661678314209,0.07175183296203613,-0.05370378494262695,0.0026384592056274414,0.02519214153289795,-0.061525821685791016,-0.014274835586547852,-0.025183916091918945,-0.025069594383239746,0.00281369686126709,-0.0068320631980896,0.004333853721618652,0.04193985462188721
2020-09-04,-0.005749225616455078,-0.0049536824226379395,0.014339864253997803,-0.01586771011352539,-0.02935612201690674,0.005971312522888184,0.020091116428375244,-0.0025345683097839355,-0.05428224802017212,0.03866434097290039,0.010512351989746094,-0.0203590989112854,0.04018545150756836,-0.0009018182754516602,0.008970439434051514,0.028214573860168457,0.005412161350250244,-0.017921864986419678,-0.03052586317062378,-0.025669217109680176
2020-09-07,0.02146005630493164,-0.0003514885902404785,0.01286303997039795,-0.026415109634399414,-0.010820627212524414,0.020957112312316895,-0.005341053009033203,0.01449275016784668,0.026147842407226562,0.03930532932281494,0.004995524883270264,-0.017456114292144775,0.012882411479949951,-0.0021237730979919434,-0.003899216651916504,0.0012494921684265137,0.029766082763671875,-0.0031336545944213867,-0.021101176738739014,-0.02757561206817627
2020-09-08,0.017046451568603516,0.016592025756835938,0.010702133178710938,-0.008809030055999756,-0.008968651294708252,-0.03472328186035156,0.014224469661712646,-0.019666016101837158,-0.03387194871902466,0.013320684432983398,0.008556067943572998,-0.019217073917388916,0.05057096481323242,0.00899195671081543,-0.003329157829284668,0.015428543090820312,-0.04678589105606079,-0.007026612758636475,-0.025597870349884033,-0.015074849128723145
2020-09-09,0.013834774494171143,-0.0017213821411132812,0.013284921646118164,-0.03803759813308716,-0.033251047134399414,0.015161752700805664,0.004520237445831299,-0.021480023860931396,-0.008362829685211182,0.03375118970870972,0.0239640474319458,-0.001375436782836914,0.020618557929992676,-0.005299627780914307,-0.008571863174438477,0.0020571351051330566,0.010912775993347168,-0.018994450569152832,-0.0067403316497802734,0.01551961898803711
2020-09-10,-0.026970982551574707,0.02691340446472168,-0.0013605356216430664,-0.04286777973175049,0.034040093421936035,-0.02853226661682129,-0.027069449424743652,0.036456942558288574,0.03697705268859863,-0.01796412467956543,-0.035805583000183105,0.023570656776428223,-0.020175457000732422,0.013120889663696289,-0.011240601539611816,0.0013338923454284668,-0.0018405914306640625,0.0254366397857666,0.0050460100173950195,-0.007166922092437744
2020-09-11,0.016546428203582764,-0.012743055820465088,-0.04157149791717529,-0.010985016822814941,0.026267051696777344,0.024547576904296875,0.006631433963775635,-0.02425825595855713,-0.011260569095611572,-0.000980377197265625,0.004091739654541016,-0.006042599678039551,-0.012897729873657227,-0.022474586963653564,-0.008811116218566895,-0.02136969566345215,0.005282759666442871,0.015920042991638184,0.014716029167175293,0.016242027282714844
2020-09-14,-0.0339430570602417,0.029065847396850586,-0.027520060539245605,-0.04136002063751221,0.05640208721160889,-0.08518028259277344,-0.061965107917785645,0.013960599899291992,0.025941133499145508,-0.0470128059387207,-0.019976019859313965,0.057166337966918945,-0.016977906227111816,0.029816389083862305,0.005106151103973389,-0.02954113483428955,-0.07252979278564453,0.0076531171798706055,0.03668320178985596,0.03384518623352051
2020-09-15,-0.024124860763549805,0.05083608627319336,-0.003915667533874512,0.006731748580932617,0.02169787883758545,-0.07755160331726074,-0.024500250816345215,-0.003960847854614258,-0.0351526141166687,-0.03367626667022705,-0.016389966011047363,0.05124783515930176,-0.05843067169189453,0.0458986759185791,-0.012020468711853027,0.0031753182411193848,0.009568274021148682,0.021519064903259277,0.007570862770080566,0.026775836944580078
2020-09-16,-0.03879904747009277,0.021439552307128906,0.011594414710998535,-0.0406641960144043,0.019503474235534668,5.829334259033203e-05,0.0018879175186157227,0.004260540008544922,0.006391763687133789,0.019004523754119873,-0.11322164535522461,-0.007033109664916992,0.010252416133880615,0.020227670669555664,0.0034698843955993652,-0.007007956504821777,-0.0024268627166748047,0.016994118690490723,-0.014374375343322754,-0.002263307571411133
2020-09-17,0.01760786771774292,-0.017413318157196045,0.012104153633117676,0.0022794008255004883,-0.006680428981781006,0.011490225791931152,0.016078174114227295,-0.013764500617980957,0.031121015548706055,0.014760136604309082,-0.01982569694519043,-0.020577847957611084,0.019920289516448975,-0.010692775249481201,0.014597594738006592,-0.010582685470581055,0.013082504272460938,-0.006962597370147705,-0.010109424591064453,0.003945112228393555
2020-09-18,0.03132069110870361,-0.026670753955841064,-0.06836879253387451,-0.023172378540039062,-0.009415507316589355,-0.007611513137817383,0.03268188238143921,0.01739799976348877,0.05297195911407471,0.021535634994506836,0.014504969120025635,-0.03197592496871948,-0.029268264770507812,0.002782106399536133,0.01114434003829956,0.017016708850860596,-0.02707803249359131,-0.05170905590057373,-0.027959167957305908,0.012673139572143555
2020-09-21,0.02065223455429077,-0.059671103954315186,0.034185051918029785,0.027113258838653564,-0.012467563152313232,0.048076331615448,-0.05167275667190552,-0.020483016967773438,-0.07780057191848755,0.019138753414154053,0.06449246406555176,0.0015380382537841797,0.027646124362945557,-0.04559290409088135,0.0068718791007995605,0.036706745624542236,0.02016347646713257,-0.010833382606506348,-0.01240086555480957,-0.009507238864898682
2020-09-22,0.009351193904876709,-0.008513271808624268,0.024734914302825928,0.031147539615631104,0.0006874799728393555,-0.04349172115325928,0.005588531494140625,-0.01803356409072876,-0.006343185901641846,0.02243906259536743,0.04732996225357056,-0.03510218858718872,-0.0032494068145751953,-0.024489998817443848,0.012316584587097168,0.00793367624282837,0.018375277519226074,0.02489691972732544,-0.025287747383117676,-0.005680680274963379
2020-09-23,0.00934302806854248,-0.0348781943321228,-0.0003342628479003906,-0.004060983657836914,-0.016301274299621582,0.0047751665115356445,-0.00034737586975097656,-0.00517725944519043,0.011809825897216797,-0.005988121032714844,-0.01432192325592041,0.02705705165863037,0.017004013061523438,-0.002399742603302002,0.004623770713806152,0.0023021697998046875,0.010219275951385498,-0.03128170967102051,-0.05045616626739502,0.006107211112976074
2020-09-24,0.03471076488494873,0.007600665092468262,0.0169832706451416,0.013818681240081787,0.009904742240905762,0.052304208278656006,-0.036831021308898926,-0.028377890586853027,-0.032492101192474365,0.03968256711959839,0.021753787994384766,-0.008240282535552979,0.03953874111175537,0.00034368038177490234,0.014921247959136963,0.027022123336791992,0.009600937366485596,0.05050015449523926,0.0502469539642334,-0.05120426416397095
2020-09-25,-0.012288451194763184,0.010605454444885254,-0.018177509307861328,-0.03144216537475586,-0.007229983806610107,-0.0015001296997070312,0.003246784210205078,0.011318802833557129,0.024779796600341797,-0.04958677291870117,-0.0008977651596069336,0.003769993782043457,-0.0626072883605957,0.011732697486877441,-0.009574174880981445,-0.01959681510925293,0.0009742975234985352,-0.01726818084716797,-0.04268300533294678,-0.0009286403656005859
2020-09-28,-0.016716361045837402,-0.011651992797851562,0.008438289165496826,-0.018555402755737305,0.01538848876953125,-0.04668283462524414,-0.001258552074432373,0.007894396781921387,0.01113581657409668,-0.08661425113677979,-0.02042365074157715,0.018358826637268066,-0.0266343355178833,0.01603686809539795,-0.01656055450439453,-0.02081167697906494,-0.020333528518676758,-0.004243731498718262,-0.023047804832458496,0.010121822357177734
2020-09-29,0.007242083549499512,0.020421504974365234,0.012373626232147217,-0.008783340454101562,-0.010540127754211426,0.01770913600921631,-0.009721040725708008,-0.012591660022735596,-0.005663871765136719,-0.020833253860473633,0.011021733283996582,0.015310406684875488,-0.026729583740234375,0.02182459831237793,0.005708754062652588,0.008094966411590576,-0.003154158592224121,-0.006592392921447754,-0.008574366569519043,-0.03271985054016113
2020-09-30,-0.0004929304122924805,-0.004681587219238281,-0.0042018890380859375,-0.017736196517944336,-0.02571702003479004,0.0030350685119628906,0.028722167015075684,-0.016869187355041504,-0.01170891523361206,0.04436558485031128,-0.06262814998626709,0.05262279510498047,-0.008422613143920898,-0.008050322532653809,-0.004201054573059082,0.0013298988342285156,0.014244258403778076,0.0327455997467041,0.0015003085136413574,0.01987314224243164
2020-10-01,-9.846687316894531e-05,-0.0019959211349487305,0.008504211902618408,-0.020595669746398926,0.025813579559326172,0.002191901206970215,-0.010425925254821777,0.002655506134033203,0.029138684272766113,-0.0018570423126220703,-0.03223526477813721,-0.0308988094329834,-0.009111642837524414,-0.013289332389831543,-0.020080924034118652,0.003995120525360107,-0.0323796272277832,-0.011631965637207031,-0.0070116519927978516,0.0054934024810791016
2020-10-05,0.002463042736053467,-0.012909650802612305,0.006599843502044678,-0.01334989070892334,-0.03405648469924927,0.013546526432037354,0.02535712718963623,0.01731693744659424,-0.027380168437957764,0.006487548351287842,-0.014648079872131348,-0.022958338260650635,0.015801310539245605,0.038168907165527344,0.011073112487792969,-0.0034034252166748047,-0.013154268264770508,0.01716148853302002,-0.021385908126831055,0.0028862953186035156
2020-10-06,-0.001679062843322754,0.011924147605895996,0.006721198558807373,-0.013786792755126953,-0.020697295665740967,0.004082620143890381,-0.01358407735824585,-0.008811414241790771,0.012156128883361816,0.010261178016662598,-0.008354783058166504,-0.008751749992370605,-0.006880640983581543,0.012453198432922363,-0.016588330268859863,0.0004845857620239258,0.001386106014251709,-0.022001028060913086,0.012335598468780518,0.004830837249755859
2020-10-07,0.007000625133514404,-0.011636018753051758,0.000529170036315918,-0.01087939739227295,-0.039469361305236816,0.010621130466461182,0.0003529787063598633,-0.005354106426239014,-0.005372881889343262,0.014137625694274902,0.05099308490753174,-0.015432655811309814,0.02733480930328369,-0.0009781122207641602,-0.015501737594604492,-0.0074536800384521484,0.0049970149993896484,0.02203989028930664,0.010846316814422607,0.0025572776794433594
2020-10-08,-0.0010923147201538086,0.0009381771087646484,0.002473771572113037,-0.004484295845031738,0.017491579055786133,0.04557722806930542,-0.012530863285064697,-0.017367422580718994,0.010168313980102539,0.021988511085510254,-0.008474111557006836,-0.011719048023223877,0.020296692848205566,-0.0014441609382629395,0.0046866536140441895,-0.025684237480163574,0.005208075046539307,0.009084582328796387,-0.0028243064880371094,-0.0028568506240844727
2020-10-09,0.008926808834075928,-0.019708335399627686,0.004394173622131348,0.004464268684387207,-0.013029515743255615,-0.004341244697570801,-0.0033959150314331055,-0.0023772716522216797,-0.02547973394393921,0.002932608127593994,-0.004965305328369141,-0.01692938804626465,-0.010358572006225586,-0.009241342544555664,0.009821057319641113,-0.0008796453475952148,-0.019492387771606445,0.0012341737747192383,0.0008283853530883789,-0.023738861083984375
2020-10-12,-0.004803776741027832,0.02848994731903076,0.003093898296356201,0.012257099151611328,-0.01603543758392334,0.038181960582733154,-0.029232382774353027,-0.011500239372253418,-0.04680436849594116,0.0156862735748291,-0.004877448081970215,0.0344165563583374,0.005520522594451904,0.004898786544799805,-0.005163073539733887,-0.024901866912841797,0.008344769477844238,0.019770562648773193,0.003316223621368408,0.019704461097717285
2020-10-13,0.013745009899139404,-0.020024895668029785,0.00013148784637451172,-0.007869243621826172,0.008499503135681152,-0.0019066333770751953,-0.02863478660583496,0.007127165794372559,-0.04707074165344238,0.00796818733215332,0.016641438007354736,-0.015352308750152588,-0.07137203216552734,-0.00398862361907959,-0.0022978782653808594,-0.00257265567779541,0.018679559230804443,0.0037816762924194336,-0.022958040237426758,-0.0012334585189819336
2020-10-14,0.0195920467376709,-0.0058515071868896484,0.008276939392089844,0.004804849624633789,0.0009751319885253906,-0.025078177452087402,0.00019025802612304688,-0.021750450134277344,-0.049751222133636475,-0.030120491981506348,-0.001217961311340332,0.003997206687927246,0.028127312660217285,0.0075147151947021484,-0.002562403678894043,0.002851128578186035,0.008433818817138672,-0.024584174156188965,-0.0344771146774292,0.008747577667236328
2020-10-15,-0.005562424659729004,0.010902166366577148,0.0019539594650268555,-0.035003066062927246,-0.011063992977142334,0.036862730979919434,-0.007606029510498047,0.007978677749633789,0.05347800254821777,0.02826511859893799,0.015878140926361084,-0.010509669780731201,0.0030465126037597656,-0.006992518901824951,0.006994903087615967,0.004574835300445557,0.020955145359039307,0.024700045585632324,-0.001257777214050293,-0.008569717407226562
2020-10-16,-0.0230485200881958,0.0014116764068603516,0.005749106407165527,-0.0021888017654418945,-0.00872492790222168,0.010807454586029053,0.008622288703918457,-0.034300804138183594,0.03194892406463623,-0.0010030269622802734,-0.0017565488815307617,0.024741291999816895,-0.03743326663970947,0.028562188148498535,-0.0032510757446289062,-0.022807002067565918,-0.006600737571716309,-0.004884243011474609,-0.0037682056427001953,-0.078205406665802
2020-10-19,0.02443176507949829,-0.02624332904815674,0.015208899974822998,0.015982508659362793,-0.010292470455169678,0.011969327926635742,0.005129098892211914,-0.035102009773254395,0.02717578411102295,0.0030060410499572754,-0.021691083908081055,-0.006950557231903076,-0.020618557929992676,0.030867934226989746,-0.036997079849243164,5.614757537841797e-05,0.017695248126983643,-0.008280754089355469,0.004536151885986328,-0.007479369640350342
2020-10-20,-0.0024633407592773438,0.01601099967956543,0.005356013774871826,0.013880372047424316,-0.003227412700653076,0.0014791488647460938,0.0207899808883667,0.008083581924438477,-0.014400601387023926,0.005025148391723633,-0.01614546775817871,0.0016454458236694336,-0.0057718753814697266,-0.0075266361236572266,0.007291615009307861,-0.007807612419128418,0.0002454519271850586,0.0010712146759033203,-0.009270787239074707,-0.016196131706237793
2020-10-21,-0.007986068725585938,-0.0034569501876831055,0.018846988677978516,0.012169122695922852,0.0265505313873291,-0.016858339309692383,-0.0490649938583374,-0.016199588775634766,-0.004757046699523926,-0.006060600280761719,-0.027774333953857422,0.009071707725524902,-0.02869439125061035,0.024582624435424805,0.01836305856704712,0.010422468185424805,-0.0018656253814697266,0.012511193752288818,-0.0009342432022094727,-0.003772735595703125
2020-10-22,-0.01107168197631836,0.027954816818237305,-0.027079880237579346,0.039374709129333496,0.009953141212463379,-0.014636516571044922,-0.006530165672302246,0.008019566535949707,0.04848074913024902,0.0030120015144348145,-0.014059662818908691,0.02799093723297119,-0.04672253131866455,-0.012351572513580322,0.014163613319396973,0.014193177223205566,-0.004900574684143066,0.002352893352508545,-0.007777214050292969,0.0006885528564453125
2020-10-23,0.0008037686347961426,0.0068808794021606445,-0.02572774887084961,-0.026604950428009033,0.02401280403137207,0.014835536479949951,0.02086615562438965,0.0051267147064208984,-0.0048844218254089355,-0.010070443153381348,-0.009783387184143066,-0.007161736488342285,0.005329787731170654,0.0013457536697387695,-0.016806721687316895,-0.010683894157409668,-0.002633333206176758,-0.015239357948303223,0.006328165531158447,-0.007912874221801758
2020-10-26,0.01116025447845459,-0.01806575059890747,-0.0016164779663085938,-0.002673804759979248,-0.011047124862670898,0.009299099445343018,-0.02113175392150879,0.03676539659500122,0.030759096145629883,-0.015952110290527344,0.019317626953125,-0.007356226444244385,-0.019423961639404297,-0.027573764324188232,0.017195463180541992,0.018937230110168457,-0.001507878303527832,0.015010654926300049,0.0054364800453186035,-0.03883939981460571
2020-10-27,-0.01118457317352295,0.016941308975219727,0.023205578327178955,-0.0029788613319396973,-0.028782904148101807,-0.043849825859069824,0.017537713050842285,0.015534937381744385,-0.00920635461807251,0.019627094268798828,-0.010182380676269531,0.024942398071289062,-0.007227420806884766,0.020682811737060547,-0.03485691547393799,-0.009795427322387695,0.004176616668701172,0.0018142461776733398,-0.009370565414428711,0.011906266212463379
2020-10-28,-0.015183448791503906,0.005329251289367676,-0.016550064086914062,-0.0011951923370361328,0.023285388946533203,-0.016977667808532715,0.0010710954666137695,0.020064830780029297,0.010893940925598145,0.0070070624351501465,0.017339587211608887,-0.00624769926071167,-0.05088067054748535,-0.01269984245300293,0.0048493146896362305,0.0019971728324890137,0.003365039825439453,0.01762998104095459,0.002011418342590332,0.02781069278717041
2020-10-29,-0.003268718719482422,-0.009380578994750977,-0.0029143095016479492,-0.03021228313446045,-0.017583787441253662,0.02395254373550415,0.015010654926300049,-0.006291985511779785,-0.012044310569763184,0.01814514398574829,-0.01727926731109619,-0.07139325141906738,-0.030927836894989014,0.020618915557861328,-0.047543883323669434,-0.015094399452209473,-0.0018595457077026367,0.009805738925933838,-0.01100766658782959,-0.0011563301086425781
2020-10-30,0.01224207878112793,-0.01219022274017334,-0.014864206314086914,0.003084540367126465,0.01993405818939209,-0.003583073616027832,-0.0003628730773925781,-0.01685035228729248,-0.012191295623779297,0.03182750940322876,-0.00216066837310791,0.014724969863891602,0.001418471336364746,0.018094182014465332,0.012823760509490967,0.004900336265563965,0.013529360294342041,0.001494765281677246,0.01134788990020752,0.006714463233947754
2020-11-02,-0.009495258331298828,-0.013056337833404541,0.013618648052215576,-0.03597790002822876,-0.012937784194946289,0.03226679563522339,0.0074356794357299805,0.02021890878677368,-0.012666404247283936,0.030752956867218018,0.0016769170761108398,0.028083205223083496,0.008498549461364746,0.014541268348693848,0.008914947509765625,0.003169715404510498,-0.008862733840942383,-0.005426526069641113,-0.027454674243927002,-0.017479240894317627
2020-11-03,-0.006534576416015625,0.018195152282714844,-0.001293182373046875,0.031259894371032715,0.02258932590484619,-0.0009745359420776367,0.0014616847038269043,0.00202101469039917,-0.001644730567932129,-0.00328218936920166,0.005699217319488525,-0.06439900398254395,-0.009831428527832031,-0.0027139782905578613,-0.005910992622375488,0.0020441412925720215,0.006674528121948242,-0.010980844497680664,-0.01068580150604248,-0.06355345249176025
2020-11-04,-0.0024591684341430664,-0.006964147090911865,0.003484368324279785,0.00030934810638427734,0.015136122703552246,0.01036161184310913,-0.004391670227050781,-0.009486198425292969,-0.009555160999298096,0.008724033832550049,0.0026547908782958984,-0.04730701446533203,-0.016312062740325928,0.022873401641845703,0.00204390287399292,-0.011265993118286133,-0.021837949752807617,-0.012150168418884277,-0.013380587100982666,-0.03762024641036987
2020-11-05,-0.05671679973602295,0.01653599739074707,-0.03426635265350342,0.02288186550140381,0.00026869773864746094,-0.056636929512023926,-0.03698301315307617,-0.040544867515563965,0.023952007293701172,0.014301478862762451,-0.0024198293685913086,-0.026702523231506348,0.02595531940460205,0.013654708862304688,-0.017281055450439453,-0.09536933898925781,-0.009090065956115723,-0.038741350173950195,0.023692846298217773,0.042467594146728516
2020-11-06,-0.026093363761901855,0.008998990058898926,-0.005391120910644531,-0.004232168197631836,0.021687984466552734,-0.013500094413757324,0.0022838711738586426,-0.009233832359313965,0.017219066619873047,-0.004464268684387207,-0.06891965866088867,-0.00792074203491211,0.06043565273284912,0.004707217216491699,-0.0046558380126953125,-0.020546555519104004,0.009726881980895996,0.01908588409423828,0.013886690139770508,0.009592652320861816
2020-11-09,-0.011493206024169922,0.010105729103088379,-0.012159228324890137,0.03673350811004639,0.0024317502975463867,-0.02086615562438965,-0.006691336631774902,0.014075994491577148,-0.051421284675598145,-0.03777778148651123,-0.012646794319152832,0.021128356456756592,-0.009277641773223877,0.003497600555419922,0.0010020732879638672,-0.01776719093322754,0.0051288604736328125,0.01285254955291748,0.0003148317337036133,0.010241866111755371
2020-11-10,0.03202998638153076,0.0060607194900512695,-0.06269657611846924,0.003513932228088379,-0.05716913938522339,-0.009191393852233887,-0.0022739171981811523,-0.01274728775024414,-0.02323228120803833,0.02783721685409546,0.03467881679534912,-0.011076807975769043,-0.017391324043273926,-0.03040081262588501,0.01354062557220459,0.01394587755203247,0.008316755294799805,0.017540693283081055,-0.009600281715393066,0.014168739318847656
2020-11-11,0.03151857852935791,0.004240155220031738,-0.012287318706512451,-0.01984250545501709,-0.002364218235015869,-0.014585018157958984,0.01588129997253418,-0.020340323448181152,-0.03722858428955078,0.0022026896476745605,-0.01784682273864746,0.02203148603439331,0.019060611724853516,0.015089035034179688,0.0059735774993896484,-0.0040624141693115234,-0.009122133255004883,0.004233360290527344,0.010805606842041016,0.0067446231842041016
2020-11-12,-0.034357666969299316,0.011113286018371582,-0.023722529411315918,0.021435022354125977,0.013522028923034668,-0.028813600540161133,-0.020038962364196777,0.023487627506256104,0.004654526710510254,-0.014348864555358887,-0.04261481761932373,-0.016936898231506348,0.011355996131896973,0.003694295883178711,-0.004730820655822754,-0.015934109687805176,-0.02804243564605713,-0.0035120248794555664,0.02263796329498291,-0.013996899127960205
2020-11-13,-0.015316486358642578,0.002355813980102539,-0.0016564726829528809,-0.05741763114929199,0.031222105026245117,-0.006589770317077637,0.011648118495941162,-0.06760990619659424,0.0042765140533447266,-0.014145731925964355,0.016121387481689453,-0.018352627754211426,0.03896963596343994,0.019078731536865234,0.004326760768890381,-0.010275840759277344,-0.012000620365142822,0.0009209513664245605,-0.002305924892425537,-0.009949028491973877
2020-11-14,-0.0008178949356079102,0.00213015079498291,0.022405028343200684,-0.012403488159179688,-0.0020006895065307617,0.002848982810974121,-0.013368487358093262,-0.021582722663879395,0.030163288116455078,-0.002146005630493164,0.012949109077453613,-0.0007741451263427734,0.0,0.0030775070190429688,-0.010352730751037598,0.0003406405448913574,0.01568901538848877,-0.017699122428894043,-0.0004622340202331543,0.009191155433654785
2020-11-17,-0.02433478832244873,0.013083338737487793,-0.02261507511138916,-0.013885140419006348,0.05519545078277588,0.02352583408355713,-0.042006611824035645,0.021034061908721924,-0.03858071565628052,0.03319054841995239,-0.06460905075073242,-0.03034389019012451,-0.010807335376739502,0.013912796974182129,0.01201772689819336,0.014264166355133057,-0.022671759128570557,-0.0052536725997924805,-0.006936967372894287,0.0009714365005493164
2020-11-18,-0.015335559844970703,0.007331967353820801,-0.007909297943115234,0.005102038383483887,-0.022354483604431152,-0.004171013832092285,-0.0201566219329834,0.02300053834915161,0.014331817626953125,0.03433007001876831,0.02109473943710327,-0.0024061203002929688,-0.005784094333648682,0.027843117713928223,-0.0007681846618652344,0.006716787815093994,0.008310317993164062,-0.0007207393646240234,0.016454458236694336,-0.007764101028442383
2020-11-19,-0.0023572444915771484,0.0021136999130249023,-0.00993335247039795,0.03130906820297241,-0.016841530799865723,0.005331635475158691,-0.0019594430923461914,0.0026157498359680176,-0.00812441110610962,0.04472470283508301,0.022599220275878906,0.0006145238876342773,0.04201686382293701,-0.03878307342529297,0.0030705928802490234,-0.005121350288391113,-0.00404512882232666,-0.014946818351745605,-0.07834446430206299,-0.02310800552368164
2020-11-20,0.022036373615264893,0.003121614456176758,0.0003000497817993164,-0.03594315052032471,0.01930415630340576,-0.011219143867492676,-0.008637666702270508,0.0014570355415344238,0.005698084831237793,0.057623088359832764,-0.007066488265991211,0.009760737419128418,0.016129016876220703,0.03456270694732666,-0.0011550188064575195,-0.006628751754760742,0.003401517868041992,0.0005322694778442383,-0.009347200393676758,0.009386777877807617
2020-11-23,-0.011310935020446777,-0.02215796709060669,0.026469707489013672,-0.0010758638381958008,0.01648247241973877,-0.00844430923461914,-0.04475677013397217,-0.010797619819641113,0.00991511344909668,-0.06496810913085938,-0.005501270294189453,-0.05964648723602295,0.026862025260925293,-0.004317343235015869,-0.016023635864257812,-0.014103889465332031,0.014470696449279785,0.0007100105285644531,-0.005893111228942871,0.014383077621459961
2020-11-24,-0.008894681930541992,-0.012049376964569092,0.04212462902069092,-0.0067168474197387695,0.04266822338104248,0.012407481670379639,-0.02041447162628174,0.012607038021087646,-0.08239829540252686,0.013157904148101807,-0.005136251449584961,0.013239145278930664,-0.012485086917877197,-0.02558279037475586,-0.0007570981979370117,-0.03363049030303955,-0.030124664306640625,0.0019542574882507324,-0.024968504905700684,0.002444744110107422
2020-11-25,0.022957324981689453,-0.02976679801940918,-0.028895437717437744,-0.013344049453735352,-0.029151618480682373,0.005631923675537109,0.008942067623138428,-0.07982456684112549,0.026563048362731934,0.0339394211769104,0.022494971752166748,0.034627318382263184,-0.03070443868637085,-0.0558781623840332,0.02672719955444336,0.04252225160598755,-0.010554909706115723,-0.004806041717529297,-0.0017691850662231445,-0.0207291841506958
2020-11-26,0.009112894535064697,0.013892054557800293,-0.009318351745605469,-0.016855359077453613,0.00709843635559082,-0.0024895668029785156,-0.03440892696380615,-0.032674431800842285,-0.038602352142333984,-0.03513181209564209,0.0026706457138061523,0.030025780200958252,0.028571486473083496,0.020154833793640137,0.006735742092132568,0.005826771259307861,0.004599392414093018,0.008680284023284912,-0.041434645652770996,0.004607200622558594
2020-11-27,-0.04165542125701904,0.015415430068969727,-0.019210398197174072,-0.055944085121154785,0.0333707332611084,-0.07419133186340332,-0.0254286527633667,-0.004108071327209473,-0.013457179069519043,0.006060600280761719,-0.038514137268066406,-0.06504166126251221,0.00724637508392334,-0.028270959854125977,-0.00586855411529541,-0.011377096176147461,-0.004187464714050293,-0.010900735855102539,-0.02295851707458496,-0.006693065166473389
2020-12-01,-0.0013848543167114258,-0.01708310842514038,-0.0034377574920654297,0.019867539405822754,-0.006398260593414307,0.000982522964477539,0.008217930793762207,-0.028116226196289062,-0.008220076560974121,-0.03536581993103027,0.004224300384521484,0.0016933083534240723,0.019784212112426758,0.05633044242858887,-0.005445361137390137,0.0069637298583984375,0.0034990310668945312,-0.019621610641479492,-0.03277230262756348,0.03668570518493652
2020-12-02,-0.018756985664367676,-0.0017089247703552246,0.005964875221252441,0.007757782936096191,-0.020472586154937744,0.027769744396209717,0.017008304595947266,-0.004402756690979004,-0.018814682960510254,-0.0,-0.00572967529296875,0.012432217597961426,0.024103403091430664,-0.013460278511047363,-0.031463623046875,-0.022508859634399414,0.0030303001403808594,0.005374431610107422,-0.055315494537353516,0.02058255672454834
2020-12-03,-0.014339089393615723,-0.0014535188674926758,0.011493325233459473,0.0063051581382751465,-0.017427444458007812,-0.008449792861938477,0.018189847469329834,0.001770317554473877,-0.04462909698486328,-0.020023465156555176,0.01484525203704834,0.008360981941223145,-0.00401836633682251,0.01394808292388916,-0.009501099586486816,-0.01035916805267334,-0.017658233642578125,-0.018302202224731445,-0.06563699245452881,0.028894901275634766
2020-12-04,-0.008699297904968262,-0.0061379075050354,0.006008625030517578,-0.004314780235290527,-0.0008205771446228027,0.0027143359184265137,-0.01686990261077881,0.005573391914367676,-0.020035386085510254,-0.004619002342224121,0.0005004405975341797,0.024799764156341553,0.0,0.015534639358520508,0.005077362060546875,-0.012578964233398438,-0.006447553634643555,-0.04946935176849365,-0.07795345783233643,0.0021778345108032227
2020-12-07,-0.03375065326690674,-0.001285552978515625,0.022599458694458008,-0.044225454330444336,-0.005874931812286377,-0.007514357566833496,-0.004888296127319336,0.030400753021240234,-0.08809936046600342,-0.010344862937927246,-0.009123802185058594,-0.00708460807800293,0.0005763769149780273,-0.003734588623046875,-0.00522768497467041,-0.006422281265258789,-0.006029486656188965,-0.037188172340393066,-0.036972880363464355,-0.04437839984893799
2020-12-08,-0.016204118728637695,-0.00795978307723999,0.00022792816162109375,-0.005082249641418457,-0.0029230117797851562,0.022492408752441406,0.007222890853881836,0.011035263538360596,0.041943252086639404,0.018202483654022217,0.00016540288925170898,0.013061761856079102,-0.03110605478286743,-0.0016730427742004395,0.0024764537811279297,0.004005730152130127,0.003745853900909424,0.02972167730331421,-0.0027502775192260742,0.006570994853973389
2020-12-09,0.010025322437286377,0.0036956071853637695,-0.0018799901008605957,-0.01974475383758545,0.006755471229553223,-0.03274261951446533,0.024053454399108887,-0.03471493721008301,-0.053754448890686035,0.005793750286102295,0.002150416374206543,-0.0014727115631103516,0.0029726028442382812,-0.011688828468322754,-0.005834221839904785,-0.014684557914733887,0.01405268907546997,0.009076118469238281,-0.0003917217254638672,-0.04178154468536377
2020-12-10,-0.033649563789367676,0.004066586494445801,-0.011310935020446777,-0.025974035263061523,0.013040542602539062,-0.008318781852722168,-0.03240525722503662,0.014293134212493896,-0.03628718852996826,0.017482519149780273,-0.0038127899169921875,-0.001705765724182129,-0.010669827461242676,-0.005280256271362305,-0.019005298614501953,0.020279288291931152,0.016541123390197754,-0.013084769248962402,-0.000881195068359375,-0.1098412275314331
2020-12-11,0.00643610954284668,-0.004424989223480225,0.010333776473999023,-0.08009207248687744,-0.010373115539550781,0.006057798862457275,0.00029462575912475586,-0.0012155771255493164,0.03704643249511719,-0.003558635711669922,-0.0003854036331176758,0.006870388984680176,0.0041942596435546875,-0.0052220821380615234,0.007751047611236572,0.008702993392944336,-0.0028597116470336914,0.016467571258544922,0.0057718753814697266,-0.007964849472045898
2020-12-14,0.0054931640625,-0.005557894706726074,0.003990292549133301,0.017685890197753906,0.011555194854736328,-0.024030566215515137,0.001621544361114502,0.002514958381652832,-0.026613950729370117,-0.018912553787231445,-0.038848876953125,0.012948811054229736,0.0017899274826049805,0.013427257537841797,0.0069571733474731445,-0.008304834365844727,-0.05224752426147461,0.010833919048309326,-0.002656698226928711,0.016536831855773926
2020-12-15,-0.0071755051612854,-0.01253598928451538,-0.013867855072021484,-0.004989147186279297,-0.017353355884552002,0.0011903047561645508,0.00428164005279541,-0.00799870491027832,0.020020604133605957,-0.013921141624450684,0.007150828838348389,-0.007527709007263184,-0.014889836311340332,0.005115628242492676,0.004178941249847412,0.017978966236114502,0.0015617609024047852,0.004148662090301514,0.011481881141662598,0.014971137046813965
2020-12-16,-0.0007391571998596191,0.005609869956970215,0.02754843235015869,0.009928703308105469,0.015754103660583496,-0.0331423282623291,-0.014531373977661133,-0.03303420543670654,-0.014667391777038574,-0.02860414981842041,0.006882190704345703,0.009493052959442139,-0.009673476219177246,-0.023765861988067627,-0.0034558773040771484,-0.024299025535583496,0.001334071159362793,-0.001499772071838379,0.010820984840393066,0.024158000946044922
2020-12-17,0.0007396936416625977,0.01629638671875,0.004455924034118652,-0.0023980140686035156,0.00462794303894043,-0.026970624923706055,0.01052325963973999,0.033146798610687256,0.019876062870025635,-0.026696324348449707,0.0025247931480407715,-0.022789597511291504,0.0030524730682373047,-0.011845111846923828,-0.0022139549255371094,-0.03490555286407471,-0.0045604705810546875,-0.021297812461853027,0.00883185863494873,-0.009185731410980225
2020-12-18,0.0004928112030029297,-0.02605903148651123,-0.016197264194488525,0.02522832155227661,-0.025522887706756592,0.01299738883972168,0.0019202232360839844,-0.017616629600524902,0.010271310806274414,0.028169095516204834,-0.015133500099182129,-0.025548696517944336,-0.018259286880493164,0.012009024620056152,-0.06271481513977051,-0.005380153656005859,0.02655106782913208,0.00928640365600586,0.007999181747436523,0.010758757591247559
2020-12-21,-0.032424867153167725,0.02217787504196167,-0.015043079853057861,0.009593963623046875,-0.01628977060317993,-0.057605862617492676,-0.0617138147354126,-0.06271219253540039,-0.10777008533477783,-0.08584165573120117,0.027959108352661133,0.0442354679107666,-0.070675790309906,-0.028968393802642822,0.0286407470703125,-0.0504114031791687,0.018183588981628418,0.03519153594970703,-0.059303879737854004,-0.049937665462493896
2020-12-22,-0.003987431526184082,-0.00662541389465332,-0.01589787006378174,0.014417648315429688,-0.000974118709564209,0.014433622360229492,-0.00962144136428833,0.025441408157348633,-0.04682368040084839,0.02317070960998535,0.006822407245635986,-0.019598841667175293,0.02001333236694336,-0.00035947561264038086,-0.02175724506378174,0.02093195915222168,0.00302278995513916,0.004431605339050293,0.032552123069763184,0.016805648803710938
2020-12-23,0.024361133575439453,-0.05154824256896973,-0.040352702140808105,-0.03588569164276123,0.028796076774597168,0.029193401336669922,0.03376328945159912,0.005915641784667969,0.030976176261901855,0.016686558723449707,-0.057976603507995605,0.009963452816009521,-0.0804448127746582,-0.0027191638946533203,-0.008028864860534668,0.026486635208129883,-0.020453333854675293,-0.005307316780090332,-0.0036780238151550293,0.0164107084274292
2020-12-24,0.002245187759399414,0.0013287067413330078,-0.03203320503234863,-0.015887022018432617,0.013584375381469727,0.00022029876708984375,-0.0023108720779418945,-0.010883867740631104,0.06919574737548828,-0.01758497953414917,-0.0025970935821533203,-0.00834357738494873,0.003631889820098877,0.0036505460739135742,0.0004616975784301758,-0.008947432041168213,-0.011601686477661133,0.0003406405448913574,0.0045354366302490234,-0.005650997161865234
2020-12-28,0.005724668502807617,0.011735200881958008,-0.007509469985961914,-0.023675084114074707,-0.059468865394592285,0.0029184818267822266,0.016059279441833496,0.004614353179931641,0.009083151817321777,0.005966544151306152,-0.012848377227783203,-0.014803886413574219,-0.021263718605041504,-0.0011001229286193848,-0.014782309532165527,0.0041037797927856445,-0.007505893707275391,-0.0035774707794189453,0.0043048858642578125,0.008814573287963867
2020-12-29,0.012539267539978027,0.005594909191131592,0.010127723217010498,-0.0010608434677124023,-0.0025299787521362305,0.011420369148254395,0.014893651008605957,0.0007950067520141602,-0.013783395290374756,0.029655933380126953,0.014117658138275146,-0.010897517204284668,0.011897683143615723,-0.005978763103485107,0.0019347071647644043,-0.0035421252250671387,-0.008791804313659668,0.0023764371871948242,0.00951385498046875,0.0028742551803588867
2020-12-30,-0.00651782751083374,-0.014187335968017578,-0.002217888832092285,0.015260636806488037,-0.05716300010681152,0.007382869720458984,-0.05495655536651611,0.004413008689880371,-0.029663443565368652,0.008064508438110352,-0.009442806243896484,0.005581080913543701,-0.031908392906188965,-0.0006105303764343262,0.0025085806846618652,0.005696535110473633,0.0011467337608337402,0.003743410110473633,-0.00642085075378418,0.02728414535522461
2020-12-31,0.012629151344299316,0.007731258869171143,0.008815348148345947,0.01958674192428589,0.014130115509033203,0.015088677406311035,0.024414479732513428,-0.0009666085243225098,0.008524417877197266,0.0,0.0003083944320678711,-0.004170894622802734,-0.015752673149108887,-0.006719708442687988,-0.009144902229309082,0.01033174991607666,-0.004729866981506348,0.0006832480430603027,-0.004794716835021973,-0.0015622973442077637
2021-01-01,0.02081298828125,0.009160041809082031,0.0006154775619506836,-0.0,-0.0011661648750305176,0.04884004592895508,-0.0033464431762695312,0.01636028289794922,0.008452296257019043,0.012571454048156738,-0.007763504981994629,-0.009761929512023926,-0.013210773468017578,-0.03163933753967285,-0.0029451847076416016,0.0192410945892334,0.0007770061492919922,-0.051786065101623535,0.005341529846191406,0.0062590837478637695
2021-01-04,0.017056703567504883,-0.01343536376953125,-0.023838400840759277,-0.02151477336883545,0.010262370109558105,0.04676830768585205,0.01493614912033081,0.043530941009521484,0.002601146697998047,0.02483069896697998,-0.006989479064941406,-0.001762986183166504,-0.019841313362121582,0.0026053786277770996,-0.008018970489501953,0.0010120868682861328,-0.004619956016540527,-0.06369829177856445,0.01937699317932129,0.008219480514526367
2021-01-05,-0.04305768013000488,-0.019669175148010254,0.009374439716339111,-0.03180742263793945,-0.0005474686622619629,-0.0196799635887146,-0.01516270637512207,0.046027541160583496,0.0106658935546875,0.015418410301208496,0.006079614162445068,0.0086287260055542,0.008337974548339844,0.0036526918411254883,-0.008739471435546875,0.001450657844543457,-0.01807582378387451,0.013290464878082275,-0.005518674850463867,-0.003966093063354492
2021-01-06,0.034923672676086426,0.0008429288864135742,-0.029431819915771484,-0.020412445068359375,-0.007120668888092041,0.01913774013519287,0.027842164039611816,-0.016728878021240234,-0.02053624391555786,0.03470718860626221,-0.025079011917114258,-0.04882514476776123,0.04540354013442993,0.00942087173461914,0.002887904644012451,0.0010974407196044922,-0.006126999855041504,0.012076258659362793,0.009248733520507812,0.0024334192276000977
2021-01-07,0.008291304111480713,0.002835094928741455,-0.006489396095275879,0.016738057136535645,-0.0035552382469177246,0.025554180145263672,0.010590732097625732,0.002015829086303711,0.008153796195983887,0.012578606605529785,0.01034313440322876,-0.022730112075805664,-0.010569572448730469,0.018639326095581055,0.014704287052154541,0.0014030933380126953,4.4405460357666016e-05,-0.01817905902862549,0.015069842338562012,0.021405696868896484
2021-01-08,-0.00046885013580322266,-0.012340664863586426,-0.014111161231994629,0.003529191017150879,0.005536437034606934,-0.00457763671875,-0.0007537603378295898,0.00016105175018310547,-0.01530909538269043,0.04865431785583496,-0.00502467155456543,0.03519695997238159,-0.009877920150756836,-0.06950533390045166,-0.028264522552490234,0.03634297847747803,-0.0034672021865844727,0.0076958537101745605,0.003109574317932129,0.043750643730163574
2021-01-11,-0.014058113098144531,0.016738057136535645,0.008419573307037354,0.026250004768371582,-0.00360947847366333,-0.02512681484222412,-0.03992164134979248,0.015125870704650879,-0.0035200119018554688,-0.020730555057525635,0.0001499652862548828,0.016285479068756104,-0.017261266708374023,0.003098726272583008,-0.00780642032623291,0.0006759166717529297,-0.0005316734313964844,-0.005739092826843262,0.000599980354309082,-0.012212753295898438
2021-01-12,0.011860787868499756,-0.010491013526916504,0.01808708906173706,0.004706859588623047,-0.0004911422729492188,4.851818084716797e-05,-0.012023687362670898,-0.01236426830291748,-0.0011776089668273926,-0.011088669300079346,-0.0,0.0018374323844909668,0.006787300109863281,0.020000815391540527,0.01811039447784424,0.0014356374740600586,-0.047463059425354004,0.016039490699768066,-0.045372843742370605,0.008067846298217773
2021-01-13,0.0014809370040893555,-0.00225067138671875,-0.014371156692504883,0.0017197132110595703,0.0006142854690551758,-0.0006807446479797363,0.005296230316162109,-0.0172538161277771,-0.02180957794189453,0.06422019004821777,0.01745086908340454,0.0308607816696167,0.016514837741851807,0.012774765491485596,0.003777801990509033,0.013407588005065918,0.0030011534690856934,0.02084636688232422,-0.03623330593109131,-0.01954054832458496
2021-01-14,0.012489259243011475,-0.0023440122604370117,0.0055901408195495605,-0.0010766983032226562,0.009761214256286621,0.007883191108703613,-0.0011512041091918945,0.0033479928970336914,0.0183790922164917,0.009578585624694824,0.007480919361114502,0.000542759895324707,0.0069484710693359375,0.007622241973876953,0.00178450345993042,-0.004909336566925049,-0.0015686750411987305,-0.02785336971282959,0.01107114553451538,0.036043643951416016
2021-01-15,0.006797850131988525,0.005921602249145508,0.004014194011688232,0.012690901756286621,0.011247515678405762,-0.01293933391571045,0.0012937188148498535,-0.03344994783401489,-0.03816568851470947,-0.03225809335708618,0.012972414493560791,0.012507736682891846,-0.02623903751373291,0.0003126859664916992,0.024022340774536133,-0.025127530097961426,0.0021165013313293457,0.0018687844276428223,0.003824949264526367,0.025785326957702637
2021-01-18,0.024114668369293213,0.0014265775680541992,0.0011376738548278809,0.015250563621520996,-0.009379029273986816,-0.010369837284088135,0.0223085880279541,0.02467167377471924,-0.023069798946380615,-0.05098038911819458,0.029610395431518555,0.019323289394378662,-0.0409090518951416,0.015679001808166504,0.011562645435333252,-0.015954017639160156,0.006659865379333496,0.016851365566253662,0.04392212629318237,-0.07411479949951172
2021-01-19,-0.0073397159576416016,0.0072040557861328125,-0.014947891235351562,-0.0028760433197021484,0.01505136489868164,0.0028667449951171875,0.0029442310333251953,-0.012901723384857178,0.0003148317337036133,0.019628047943115234,0.005942165851593018,-0.012655496597290039,-0.026746749877929688,-0.01209402084350586,-0.005559444427490234,0.01603841781616211,-0.00965118408203125,-0.0184098482131958,-0.036046504974365234,-0.004829049110412598
2021-01-20,0.018863260746002197,-0.0003902912139892578,0.001670241355895996,0.004191458225250244,0.012376666069030762,-0.005125701427459717,-0.019932031631469727,-0.001748204231262207,-0.007239580154418945,-0.013171195983886719,-0.008131861686706543,-3.9458274841308594e-05,-0.013290762901306152,0.005178928375244141,-0.012785077095031738,0.006476998329162598,-0.0043141841888427734,-0.01698613166809082,-0.013520002365112305,-0.0219038724899292
2021-01-21,0.023104190826416016,0.01299208402633667,0.010918259620666504,-0.06313693523406982,0.006791830062866211,0.0038145780563354492,-0.05877244472503662,0.00917351245880127,0.04660749435424805,-0.03285425901412964,0.0066239237785339355,-0.006070494651794434,-0.0031479597091674805,0.0009689927101135254,-0.009666800498962402,-0.015939295291900635,0.0017687678337097168,0.02068650722503662,0.013806045055389404,-0.014289617538452148
2021-01-22,0.034377992153167725,-0.009286999702453613,0.007303416728973389,-0.0066680908203125,-0.022349953651428223,-0.011992335319519043,0.03828275203704834,-0.02421283721923828,-0.02332627773284912,0.003184795379638672,0.005646347999572754,0.018946528434753418,-0.03713393211364746,0.02783668041229248,0.022752881050109863,-0.06362056732177734,0.008184671401977539,0.018619894981384277,0.0175936222076416,0.030138254165649414
2021-01-25,-0.001837015151977539,-0.002442479133605957,0.010747194290161133,0.03601735830307007,0.008040308952331543,-0.014785230159759521,0.006255388259887695,-0.024898409843444824,-0.0269850492477417,-0.05396825075149536,0.008977353572845459,-0.029209017753601074,0.017145812511444092,0.011323630809783936,-0.017519593238830566,-0.0033301711082458496,-0.0012761354446411133,0.019451558589935303,0.02349311113357544,-0.037418484687805176
2021-01-27,0.01239854097366333,-0.023078203201293945,0.008836507797241211,0.007515549659729004,-0.018809497356414795,-0.019975662231445312,0.021173059940338135,0.007295489311218262,-0.022633135318756104,0.007829904556274414,0.018390178680419922,0.03784012794494629,0.008209288120269775,0.017367660999298096,0.030357956886291504,-0.004733383655548096,-0.0065424442291259766,-0.0016260147094726562,0.028100967407226562,0.023661911487579346
2021-01-28,-0.007161140441894531,-0.011278331279754639,0.021568775177001953,-0.033751606941223145,0.004367828369140625,0.006725311279296875,0.0021923184394836426,0.0006035566329956055,0.01826488971710205,0.006659269332885742,-0.0010561943054199219,0.051486968994140625,0.011898636817932129,0.011345207691192627,-0.0024532079696655273,0.0016319751739501953,0.0013928413391113281,-0.021753311157226562,0.006289958953857422,0.015339851379394531
2021-01-29,-0.017556190490722656,0.01101827621459961,0.005883336067199707,0.004813730716705322,0.02065718173980713,-0.0014902353286743164,0.0023437142372131348,-0.021111607551574707,0.017296552658081055,-0.01102536916732788,-0.007052898406982422,0.02224588394165039,-0.0,0.024617671966552734,0.02680337429046631,-9.310245513916016e-05,-0.0034235715866088867,0.005084216594696045,0.029504895210266113,0.00848090648651123
2021-02-01,-0.004399657249450684,0.024267911911010742,-0.0015912055969238281,0.014511048793792725,-0.015859901905059814,0.01945352554321289,-0.023785114288330078,0.020246505737304688,0.0015742778778076172,0.01449275016784668,-0.019466161727905273,-0.023384571075439453,-0.05654454231262207,0.009634912014007568,-0.027661442756652832,0.02253258228302002,-0.0016849040985107422,-0.021718263626098633,-0.03944873809814453,0.04732245206832886
2021-02-02,-0.014772772789001465,0.0033092498779296875,-0.03156000375747681,-0.0027742385864257812,-0.05063134431838989,-0.008985817432403564,0.024092912673950195,-0.0038826465606689453,0.005029916763305664,0.008791208267211914,-0.027208328247070312,-0.07019233703613281,0.02874135971069336,-0.03218710422515869,-0.025984644889831543,-0.0075577497482299805,-0.01837599277496338,0.016098737716674805,-0.05171537399291992,-0.06021285057067871
2021-02-03,-0.005586147308349609,-0.006268322467803955,-0.0031850337982177734,-0.024260520935058594,-0.006017208099365234,-0.06953299045562744,-0.002645134925842285,0.012039899826049805,-0.059743404388427734,0.001089334487915039,-0.015692472457885742,-0.018284320831298828,-0.006122469902038574,-0.09040021896362305,0.01226574182510376,0.031287193298339844,-0.008753776550292969,-0.004765629768371582,0.0038490891456604004,0.01417529582977295
2021-02-04,-0.005050063133239746,-0.009281158447265625,-0.04163336753845215,-0.09100353717803955,-0.021729469299316406,0.02243286371231079,0.003957211971282959,0.011040806770324707,-0.04988205432891846,0.040261149406433105,-0.015553712844848633,0.0193251371383667,-0.03042590618133545,-0.0006889104843139648,-0.011843204498291016,0.016147732734680176,0.0006549954414367676,-0.018972277641296387,-0.023377180099487305,0.018300652503967285
2021-02-05,0.0030985474586486816,-0.0103607177734375,-0.01458895206451416,0.05979806184768677,-0.016479909420013428,0.013252079486846924,-0.008240222930908203,-0.01777702569961548,0.012932240962982178,-0.011506259441375732,-0.005870938301086426,-0.005744218826293945,0.01082676649093628,0.0023093223571777344,0.017727255821228027,-0.02499675750732422,-0.01728522777557373,0.010706007480621338,0.00887298583984375,0.021019577980041504
2021-02-08,-0.0010919570922851562,-0.001927793025970459,-0.007649421691894531,0.042130887508392334,0.02225315570831299,-0.015602588653564453,-0.007880806922912598,0.01766788959503174,0.02933645248413086,0.030687808990478516,-0.03410649299621582,0.00620722770690918,-0.005472660064697266,0.004273355007171631,-0.002776503562927246,0.01203310489654541,-0.006200671195983887,-0.04250311851501465,-0.020476222038269043,-0.0033031702041625977
2021-02-09,-0.03599905967712402,-0.011243104934692383,0.0020152926445007324,0.010784506797790527,-0.0021380186080932617,-0.0095289945602417,0.040978848934173584,-0.03607732057571411,-0.02347421646118164,-0.02772080898284912,-0.024294495582580566,-0.007243752479553223,-0.016823291778564453,0.006303310394287109,-0.01638209819793701,-0.01916593313217163,-0.00040018558502197266,0.010319352149963379,-0.06756889820098877,-0.0005811452865600586
2021-02-10,0.025433361530303955,0.00685274600982666,0.002680480480194092,0.0019238591194152832,-0.002337336540222168,-0.03188049793243408,0.0057375431060791016,0.025918126106262207,0.02064216136932373,-0.04751849174499512,-0.0531383752822876,-0.010064363479614258,0.03163015842437744,-0.0030367374420166016,0.0027242302894592285,0.001447439193725586,0.007679998874664307,-0.009403347969055176,0.019057631492614746,0.007839083671569824
2021-02-11,-0.0049866437911987305,-0.027800321578979492,-0.007881402969360352,-0.03940880298614502,-0.011323690414428711,-0.054230570793151855,0.003644704818725586,-0.009934008121490479,-0.006732940673828125,-0.0033258795738220215,-0.04190373420715332,-0.03554129600524902,0.0070351362228393555,0.0006055235862731934,-0.008308768272399902,0.025609731674194336,-0.0033860206604003906,0.004582643508911133,-0.003653883934020996,-0.01716744899749756
2021-02-12,-0.004052281379699707,-0.05036747455596924,-0.06589126586914062,0.0030908584594726562,-0.004410207271575928,0.016645193099975586,0.026367902755737305,-0.006746768951416016,-0.005815625190734863,0.012235760688781738,-0.01820957660675049,0.004167079925537109,0.019736886024475098,0.0014361143112182617,0.006208360195159912,-0.010701596736907959,0.0034950971603393555,0.00358426570892334,0.0038180947303771973,0.014288485050201416
2021-02-15,-0.0014826059341430664,0.018979310989379883,-0.01039665937423706,0.014675438404083252,0.023537158966064453,-0.06136047840118408,0.01721978187561035,-0.018897593021392822,-0.02052617073059082,-0.0065934062004089355,-0.08178579807281494,0.025601565837860107,0.0015488266944885254,0.006202280521392822,-0.0032938718795776367,0.0011129379272460938,-0.006450295448303223,-0.010064959526062012,-0.01372671127319336,-0.0031131505966186523
2021-02-16,-0.009869217872619629,-0.008362650871276855,0.02246391773223877,0.010488748550415039,0.011304140090942383,-0.08059048652648926,-0.0046193599700927734,0.011716723442077637,0.008498609066009521,-0.01216810941696167,-0.014589309692382812,0.02043759822845459,-0.032575011253356934,-0.007009744644165039,-0.01279294490814209,0.029392242431640625,-0.03332662582397461,-0.01115119457244873,-0.02646613121032715,-0.002812504768371582
2021-02-17,-0.00350189208984375,0.002865314483642578,-0.018577158451080322,0.015263974666595459,-0.0047266483306884766,-0.02139270305633545,-0.03313767910003662,-0.020354509353637695,0.011142849922180176,0.0,-0.08088469505310059,0.002909421920776367,0.01151728630065918,0.00161665678024292,0.013301968574523926,-0.017494618892669678,0.01259833574295044,-0.012272000312805176,0.005739331245422363,-9.66787338256836e-05
2021-02-18,0.002434670925140381,0.014204978942871094,0.0102461576461792,-0.004305720329284668,-0.00551915168762207,-0.009761333465576172,0.013965606689453125,-0.023822307586669922,-0.03091585636138916,0.03247475624084473,-0.01876223087310791,-0.008673787117004395,-0.027862191200256348,-0.01997208595275879,-0.014954090118408203,-0.0010112524032592773,0.0016095638275146484,0.0013432502746582031,-0.018523335456848145,-0.0037714242935180664
2021-02-19,-0.033599019050598145,0.011577308177947998,0.0010766983032226562,-0.0068596601486206055,-0.008260130882263184,0.02565169334411621,0.006070077419281006,-0.014954149723052979,-0.0070067644119262695,-0.014099717140197754,0.03413653373718262,0.01660388708114624,0.0044356584548950195,0.003042936325073242,0.005804240703582764,-0.028694629669189453,-0.005111813545227051,0.00435948371887207,-0.046523451805114746,-0.021676301956176758
2021-02-22,0.028958678245544434,0.023752689361572266,-0.019388914108276367,0.0072386860847473145,-0.016072392463684082,0.011132359504699707,0.0187910795211792,-0.012759566307067871,-0.029780149459838867,-0.047304749488830566,0.023145616054534912,-0.0076160430908203125,0.029702961444854736,0.011368751525878906,0.022005200386047363,-0.029406368732452393,-0.0005085468292236328,-0.0013355612754821777,-0.029987096786499023,0.023573756217956543
2021-02-23,0.015708088874816895,-0.02105271816253662,-0.009303390979766846,0.01608407497406006,0.003901839256286621,-0.016392827033996582,-0.022502422332763672,0.0016037225723266602,-0.07405400276184082,-0.020785152912139893,-0.03772234916687012,-0.0034192800521850586,-0.0010204315185546875,-0.010828256607055664,0.009413301944732666,0.01036369800567627,-0.016188383102416992,-0.004179179668426514,-0.026445865631103516,-0.04934811592102051
2021-02-24,-0.008860230445861816,-0.006900906562805176,0.007611513137817383,-0.008936405181884766,0.004413723945617676,-0.024950385093688965,0.002653360366821289,0.025525212287902832,-0.02617013454437256,-0.03066045045852661,-0.029175162315368652,0.006954789161682129,-0.027013301849365234,0.003010094165802002,0.0003477334976196289,0.012890934944152832,0.004309654235839844,-0.001846611499786377,-0.02798163890838623,0.021995246410369873
2021-02-25,0.0041446685791015625,-0.000507354736328125,0.008230924606323242,-0.05465543270111084,0.021971583366394043,-0.05858266353607178,-0.007042288780212402,-0.06300508975982666,-0.08386468887329102,-0.19951343536376953,-0.041905879974365234,0.0045754313468933105,0.007444143295288086,0.01591712236404419,0.0034778714179992676,0.01090240478515625,-0.020018458366394043,0.0020182132720947266,-0.0896921157836914,-0.07057499885559082
2021-02-26,-0.0004855990409851074,0.007009029388427734,0.0006908178329467773,-0.0008193254470825195,-0.009947359561920166,0.019521474838256836,0.012276649475097656,0.0023328661918640137,-0.07217192649841309,-0.06085193157196045,-0.05465233325958252,-0.02608656883239746,0.015999972820281982,0.017753541469573975,0.01931130886077881,-0.018455922603607178,0.011328279972076416,-0.011916697025299072,-0.009418487548828125,0.05308949947357178
2021-03-01,0.027611374855041504,-0.004939436912536621,-0.013253211975097656,-0.056078553199768066,0.016659140586853027,-0.14254915714263916,-0.057111501693725586,0.0016453862190246582,-0.1561511754989624,-0.1271510124206543,-0.05303812026977539,-0.044245362281799316,-0.0055893659591674805,0.001102447509765625,-0.007236003875732422,-0.0029882192611694336,-0.02751481533050537,0.016137242317199707,-0.0053414106369018555,-0.0517960786819458
2021-03-02,0.01883220672607422,-0.004831790924072266,0.001083970069885254,0.040503859519958496,-0.002614140510559082,-0.02820146083831787,-0.007888078689575195,0.006332457065582275,0.017704010009765625,0.048192739486694336,-0.04790163040161133,-0.055785536766052246,0.00808483362197876,-0.04621326923370361,-0.018372416496276855,0.01475536823272705,0.0017528533935546875,0.000668644905090332,0.013181746006011963,0.0019415616989135742
2021-03-03,0.005955100059509277,-0.004038572311401367,0.016231894493103027,0.019995927810668945,-0.00696796178817749,0.003545105457305908,-0.013585329055786133,-0.08267128467559814,0.012820541858673096,0.0,-0.039293766021728516,0.005221366882324219,-0.03464090824127197,-0.0017800331115722656,-0.02035379409790039,0.034352779388427734,-0.008929252624511719,0.0,-0.05833840370178223,-0.04094076156616211
2021-03-04,-0.006765544414520264,-0.003578662872314453,0.004542827606201172,0.0024732351303100586,0.011973738670349121,-0.006397604942321777,-0.02258157730102539,0.000967562198638916,0.003952503204345703,-0.027168214321136475,0.02447885274887085,-0.014564156532287598,-0.01969468593597412,0.004870057106018066,0.0019267797470092773,0.004217267036437988,-0.03551185131072998,-0.012529253959655762,0.005344867706298828,-0.002973198890686035
2021-03-05,-0.02647268772125244,-0.0011612176895141602,-0.008523881435394287,0.014876067638397217,-0.0008270144462585449,0.018977880477905273,0.02023082971572876,0.030992746353149414,0.04686319828033447,-0.018259882926940918,0.013749659061431885,0.028321683406829834,0.01883155107498169,0.0021382570266723633,0.0020440220832824707,-0.015792429447174072,0.01501929759979248,-0.010319709777832031,0.03075230121612549,0.03879046440124512
2021-03-08,0.000874638557434082,-0.006210684776306152,0.0047751665115356445,0.016359031200408936,-0.015279829502105713,0.009704172611236572,-0.03228151798248291,0.007163047790527344,-0.04777956008911133,0.004376411437988281,0.016119658946990967,0.010703027248382568,-0.03789365291595459,-0.002253293991088867,0.022985875606536865,0.006889462471008301,-0.01844322681427002,-0.0058119893074035645,-0.026651501655578613,-0.06493961811065674
2021-03-09,0.0023832321166992188,-0.0017997026443481445,-0.0005129575729370117,-0.00810229778289795,0.004461169242858887,0.01864081621170044,-0.0016902685165405273,-0.0012583732604980469,0.03859978914260864,-0.015250563621520996,0.0397343635559082,0.03223615884780884,0.018492162227630615,-0.005466461181640625,-0.0109480619430542,-0.006886541843414307,0.009482324123382568,0.0065337419509887695,0.007417082786560059,0.008025765419006348
2021-03-10,0.01141214370727539,5.1975250244140625e-05,0.0002130270004272461,0.007825672626495361,-0.004183828830718994,-0.04036426544189453,-0.016875267028808594,0.007792234420776367,-0.0017713308334350586,0.03207969665527344,-0.0022134780883789062,-0.02154231071472168,-0.029468655586242676,-0.003967881202697754,-0.000576019287109375,0.006089687347412109,0.01004105806350708,-0.011616051197052002,-0.005506038665771484,0.005755305290222168
2021-03-12,0.0057201385498046875,-0.007260322570800781,0.003930926322937012,-0.001492142677307129,-0.0011634230613708496,0.015850722789764404,0.019222736358642578,-0.03800034523010254,0.0066797733306884766,-0.023579895496368408,-0.08705246448516846,0.008974075317382812,0.017362773418426514,0.01807987689971924,0.007944762706756592,-0.010515093803405762,0.01995849609375,-0.024369120597839355,-0.021968722343444824,0.001677870750427246
2021-03-15,-0.010440230369567871,-0.00010323524475097656,-0.011891186237335205,-0.01958286762237549,-0.0034945011138916016,0.013215124607086182,0.028059840202331543,0.014318227767944336,-0.0045490264892578125,-0.007683813571929932,-0.03408670425415039,0.014492154121398926,0.01910221576690674,0.006115317344665527,0.005803167819976807,-0.011475324630737305,0.01754581928253174,-0.03454387187957764,0.002041161060333252,-0.0017646551132202148
2021-03-16,0.014329671859741211,0.0005674362182617188,-0.007564127445220947,0.018789172172546387,0.012013792991638184,-0.011428356170654297,-0.0030466318130493164,0.011967658996582031,-0.013191580772399902,-0.003318607807159424,0.010041773319244385,-0.0131072998046875,0.014118790626525879,-0.001208186149597168,-0.0039691925048828125,-0.005691230297088623,0.0013970136642456055,0.0073394775390625,0.006455719470977783,0.0018454194068908691
2021-03-17,0.00046575069427490234,-0.0011355876922607422,0.009333014488220215,0.0387234091758728,-0.022458910942077637,0.030237436294555664,0.010702967643737793,0.015370488166809082,0.0359501838684082,-0.043285250663757324,0.039306461811065674,0.027114808559417725,0.029629647731781006,-0.0018324851989746094,-0.0020929574966430664,-0.0178985595703125,0.013573884963989258,0.009836077690124512,-0.05680650472640991,0.017816662788391113
2021-03-18,-0.03739631175994873,-0.024894297122955322,-0.013270795345306396,0.0391765832901001,-0.01857692003250122,0.02563345432281494,0.005263149738311768,0.012895524501800537,0.0012094378471374512,-0.013921082019805908,0.009296238422393799,0.03808075189590454,0.03409665822982788,-0.03484278917312622,0.0055696964263916016,-0.02215641736984253,0.019050180912017822,0.010461688041687012,-0.02441847324371338,0.0129203200340271
2021-03-19,0.012895941734313965,0.017040014266967773,0.004641056060791016,0.008062660694122314,0.008293747901916504,-0.02041304111480713,0.004850149154663086,0.007133662700653076,-0.007870793342590332,0.0,0.004633784294128418,-0.014828085899353027,0.007903039455413818,-0.053388237953186035,-0.021586894989013672,0.005629062652587891,-0.00937795639038086,0.0016064643859863281,0.0515974760055542,-0.04013526439666748
2021-03-22,0.02068912982940674,-0.027916908264160156,0.0013464689254760742,-0.026706933975219727,0.004378080368041992,-0.01046442985534668,0.0129966139793396,-0.022160768508911133,0.01221466064453125,0.015294194221496582,-0.04568076133728027,-0.004349827766418457,-0.015400886535644531,-0.008359313011169434,-0.00628209114074707,-0.006350278854370117,0.0008516311645507812,0.005168437957763672,0.015557527542114258,-0.004333615303039551
2021-03-23,0.0046776533126831055,-0.015049576759338379,0.00048100948333740234,-0.026238441467285156,-0.0009246468544006348,-0.032472968101501465,-0.004040122032165527,0.004996657371520996,0.009933114051818848,0.0023174285888671875,0.014441132545471191,-0.0031300783157348633,-0.04184103012084961,-0.0016101598739624023,-0.014755964279174805,0.011030077934265137,-0.0073615312576293945,-0.010106384754180908,0.0031424760818481445,-0.008298039436340332
2021-03-24,0.02281367778778076,0.007046639919281006,-0.005886673927307129,0.006832718849182129,-0.005090177059173584,0.02638906240463257,-0.0008941888809204102,0.007660210132598877,0.028050720691680908,-0.021965324878692627,0.02332019805908203,0.0239030122756958,0.03212851285934448,-0.0014772415161132812,-0.0036913156509399414,-0.006087005138397217,0.008884668350219727,-0.015224814414978027,-0.03719896078109741,0.03867995738983154
2021-03-25,-0.001896679401397705,-0.016573309898376465,-0.016846776008605957,-0.0022193193435668945,0.00046503543853759766,0.0028274059295654297,0.023674726486206055,0.016811013221740723,0.041921257972717285,-0.014184355735778809,0.011475980281829834,0.015883207321166992,0.02282160520553589,0.004663646221160889,0.01682823896408081,-0.010128617286682129,0.0016685724258422852,-0.016915202140808105,-0.008947372436523438,0.021744728088378906
2021-03-26,0.004636645317077637,0.010013103485107422,0.002529740333557129,-0.005757331848144531,0.0,-0.017501473426818848,0.010980665683746338,-0.012562036514282227,-0.020888328552246094,-0.005995213985443115,-0.006316423416137695,0.0042288899421691895,-0.015392780303955078,0.009392857551574707,-0.020403504371643066,0.003854990005493164,-0.0064525604248046875,0.012025952339172363,0.017919540405273438,0.01715230941772461
2021-03-30,0.012862205505371094,-0.004758000373840332,-0.03972160816192627,0.005504190921783447,-0.02238166332244873,-0.04170405864715576,-0.0007710456848144531,-0.0018093585968017578,-0.036829590797424316,0.007237672805786133,-0.0027314424514770508,-0.11546742916107178,0.01986408233642578,-0.0010780096054077148,-0.014441251754760742,0.02446305751800537,-0.004480242729187012,-0.04204750061035156,0.010884881019592285,-0.07265603542327881
2021-03-31,-0.01591092348098755,-0.004246354103088379,-0.028900980949401855,-0.014168739318847656,-0.006301164627075195,-0.01869499683380127,0.01895219087600708,0.0107499361038208,-0.018695473670959473,-0.002395153045654297,-0.04297685623168945,-0.013445138931274414,-0.017600059509277344,0.007493853569030762,0.009307920932769775,0.0015734434127807617,0.01364964246749878,-0.020000100135803223,-0.0005981922149658203,-0.0221632719039917
2021-04-01,0.03522086143493652,-0.04691481590270996,0.005391299724578857,-0.005675673484802246,-0.03311598300933838,0.005885899066925049,-0.018847227096557617,-0.06172299385070801,-0.04628872871398926,-0.05642247200012207,-0.007752180099487305,-0.007985472679138184,-0.0414046049118042,0.003697633743286133,-0.007626771926879883,-0.06108212471008301,-0.007601499557495117,0.00773996114730835,0.03631281852722168,-0.018271923065185547
2021-04-05,-0.025370359420776367,-0.01289224624633789,0.011264622211456299,0.0332103967666626,-0.013352930545806885,0.017974793910980225,0.030985116958618164,0.0037665367126464844,0.01812511682510376,0.03295457363128662,0.001433730125427246,0.013467729091644287,0.05083036422729492,0.017045974731445312,0.012944281101226807,0.015501916408538818,0.03458684682846069,0.022187650203704834,-0.022269248962402344,0.011244893074035645
2021-04-06,0.019936800003051758,0.0014445781707763672,0.0005140304565429688,0.004265785217285156,-0.008593916893005371,-0.024734854698181152,-0.010340452194213867,-0.021287083625793457,-0.0240175724029541,-0.049353718757629395,-0.013860821723937988,-0.0682762861251831,-0.07794272899627686,-0.042913079261779785,-0.04156482219696045,-0.08129513263702393,-0.001482844352722168,-0.011345505714416504,-0.06215941905975342,-0.023390889167785645
2021-04-07,0.03592240810394287,-0.05232596397399902,0.008903801441192627,-0.00586247444152832,0.015903353691101074,-0.024620532989501953,-0.024248242378234863,0.0028166770935058594,-0.051560282707214355,-0.0022395849227905273,-0.003240823745727539,-0.024037718772888184,-0.017215967178344727,-0.05044758319854736,-0.007469058036804199,-0.012762308120727539,-0.019006848335266113,-0.029798388481140137,-0.00358426570892334,0.010403573513031006
2021-04-08,0.012176036834716797,-0.010212182998657227,-0.01854419708251953,-0.021519899368286133,0.020155906677246094,-0.008333563804626465,-0.011222124099731445,-0.001775503158569336,-0.0011059045791625977,-0.010055899620056152,0.0005158185958862305,-0.01785123348236084,-0.0033849477767944336,-0.04043006896972656,-0.009108185768127441,-0.0025849342346191406,-0.03168928623199463,0.009702146053314209,-0.009174942970275879,0.004380404949188232
2021-04-09,-0.012240588665008545,0.0001316666603088379,0.014272749423980713,-0.019310951232910156,0.01429128646850586,0.018018782138824463,-0.013833999633789062,-0.13058888912200928,0.03332716226577759,0.0044248104095458984,0.007794857025146484,-0.006228446960449219,0.018795132637023926,-0.015075445175170898,-0.007451772689819336,-0.008620977401733398,0.0012560486793518066,-0.008078455924987793,0.017328739166259766,0.025677919387817383
2021-04-12,-0.04023927450180054,0.025444984436035156,0.02105402946472168,0.029709339141845703,-0.01707679033279419,-0.05855756998062134,-0.06717658042907715,-0.008550643920898438,-0.07790476083755493,-0.0688888430595398,0.03553050756454468,0.0423358678817749,-0.08988213539123535,0.036386311054229736,-0.03677469491958618,0.021767795085906982,-0.040548741817474365,-0.0465472936630249,-0.06823968887329102,-0.07142859697341919
2021-04-13,0.016844868659973145,0.0026064515113830566,-0.002707958221435547,-0.0002218484878540039,-0.020412206649780273,0.002716660499572754,0.0017682313919067383,-0.03504312038421631,0.056186676025390625,0.034606099128723145,-0.006102085113525391,-0.007348060607910156,0.023745298385620117,0.007584512233734131,-0.027146875858306885,0.01147305965423584,0.014497876167297363,0.013411998748779297,0.011795282363891602,0.02555263042449951
2021-04-15,-0.0009487271308898926,0.02145439386367798,-0.0038022994995117188,-0.02462291717529297,-0.009980499744415283,0.013263225555419922,0.03578305244445801,-0.025529026985168457,-0.00958341360092163,-0.020761191844940186,-0.052526235580444336,-0.002347111701965332,0.056404829025268555,0.028117775917053223,0.013785481452941895,0.009086787700653076,0.027250289916992188,-0.004058539867401123,-0.013436079025268555,0.004569292068481445
2021-04-16,0.04105186462402344,-0.026092171669006348,0.0013791918754577637,0.018618762493133545,0.01682448387145996,-0.01256108283996582,-0.0111541748046875,0.0289536714553833,0.03653240203857422,0.012956380844116211,-0.012891650199890137,-0.05639970302581787,0.01796412467956543,-0.049326181411743164,-0.00010967254638671875,-0.02159130573272705,-0.00990968942642212,0.041814327239990234,0.005541086196899414,0.007209062576293945
2021-04-19,-0.017471134662628174,0.01938796043395996,0.010815262794494629,0.037943899631500244,-0.018153846263885498,-0.018325507640838623,-0.013473272323608398,0.03358691930770874,-0.03772151470184326,-0.033720970153808594,-0.0033075809478759766,0.018848717212677002,-0.017647087574005127,0.00699305534362793,-0.0289536714553833,-0.017748594284057617,-0.025869011878967285,-0.03129255771636963,-0.027751922607421875,-0.02334696054458618
2021-04-20,0.024566054344177246,0.004980504512786865,-0.01520073413848877,0.007337808609008789,0.0060721635818481445,0.0006414651870727539,-0.0023820996284484863,-0.004184722900390625,-0.0025737881660461426,0.006016850471496582,0.013476788997650146,0.020608484745025635,0.03493010997772217,-0.025868773460388184,0.001355290412902832,0.01371067762374878,-0.013238489627838135,0.01808297634124756,-0.01037973165512085,-0.009509623050689697
2021-04-22,-0.011570334434509277,-0.01082754135131836,0.009830296039581299,0.014321982860565186,-0.004408001899719238,0.024810075759887695,0.022763490676879883,-0.023802757263183594,0.007344245910644531,0.005980849266052246,-0.001898050308227539,-0.0612180233001709,-0.013018310070037842,-0.013630986213684082,0.007105827331542969,0.006828725337982178,0.024389266967773438,0.0320744514465332,0.013593792915344238,-0.00026428699493408203
2021-04-23,0.03152108192443848,-0.021462202072143555,-0.005731701850891113,0.00796818733215332,0.0023840665817260742,0.01832902431488037,0.028793811798095703,0.010141372680664062,-0.0019704699516296387,0.057074904441833496,0.004322648048400879,0.007896900177001953,-0.017098188400268555,0.02099621295928955,-0.0010079741477966309,-0.010231614112854004,-0.019078075885772705,-0.011695921421051025,-0.011300981044769287,-0.010484576225280762
2021-04-26,0.01996171474456787,-0.054601311683654785,-0.037987709045410156,-0.03827071189880371,-0.013998329639434814,0.00592803955078125,-0.022844135761260986,0.006133317947387695,0.006317853927612305,0.01237344741821289,-0.03226578235626221,-0.010213732719421387,0.00546717643737793,0.005371570587158203,0.029820561408996582,-0.00522613525390625,-0.018652141094207764,0.0011835098266601562,0.010328412055969238,0.008992910385131836
2021-04-27,0.04752016067504883,-0.011243820190429688,-0.012986183166503906,-0.022298097610473633,-0.0003445744514465332,-0.08858013153076172,-0.00897979736328125,-0.11451613903045654,-0.14910733699798584,0.0,0.01967853307723999,-0.08033764362335205,0.015818119049072266,-0.039936184883117676,-0.0021772384643554688,-0.037319064140319824,-0.01031559705734253,0.03360342979431152,0.03550732135772705,0.011471986770629883
2021-04-28,-0.01516413688659668,-0.008110523223876953,0.001202404499053955,-0.001558065414428711,-0.005722224712371826,0.001178145408630371,-0.00015616416931152344,-0.017491936683654785,0.005805075168609619,0.021111130714416504,0.02507883310317993,0.03213411569595337,0.03600966930389404,0.017093300819396973,0.027056574821472168,0.0019037127494812012,-0.06303095817565918,0.004247784614562988,0.0065157413482666016,0.01771068572998047
2021-04-29,0.011499524116516113,0.0062119364738464355,0.022975385189056396,0.024666666984558105,0.01740407943725586,-0.0038192272186279297,0.011093735694885254,0.022447526454925537,-0.03589224815368652,-0.014145851135253906,-0.003721475601196289,-0.012176156044006348,-0.006106078624725342,-0.0032362937927246094,-0.018376946449279785,-0.0027637481689453125,0.028450071811676025,0.0016268491744995117,-0.0018309354782104492,0.012773275375366211
2021-04-30,0.03076624870300293,0.03419077396392822,-0.013582348823547363,0.009569346904754639,0.011245131492614746,-0.0438382625579834,-0.07108640670776367,-0.010311245918273926,-0.010609984397888184,-0.015452563762664795,0.006955206394195557,-0.010791301727294922,-0.01984882354736328,0.02380579710006714,-0.017530500888824463,0.0014363527297973633,0.028885841369628906,-0.028098106384277344,0.038257479667663574,-0.014474332332611084
2021-05-03,0.023928165435791016,-0.006570935249328613,0.01267099380493164,-0.005521059036254883,-0.016174674034118652,-0.020636796951293945,-0.16217005252838135,-0.008640646934509277,-0.047080039978027344,0.008968591690063477,0.009211242198944092,-0.01909160614013672,-0.0014464259147644043,-0.0016722679138183594,-0.0025333762168884277,-0.015394210815429688,-0.0006136894226074219,0.00033414363861083984,-0.011735737323760986,0.01795065402984619
2021-05-04,-0.004685938358306885,-0.0009518861770629883,-0.02021169662475586,0.02425074577331543,-0.006918847560882568,0.021191120147705078,0.03563004732131958,0.02054750919342041,0.054833173751831055,0.005555510520935059,0.03853559494018555,0.029253065586090088,-0.014485776424407959,0.01047360897064209,-0.006073296070098877,-0.027335286140441895,0.003598332405090332,0.0006682872772216797,-0.09525638818740845,-0.010546743869781494
2021-05-05,0.04903697967529297,-0.01827692985534668,0.00038057565689086914,-0.015005826950073242,0.008415579795837402,-0.021596193313598633,-0.08560764789581299,-0.007605552673339844,-0.01790153980255127,0.01988959312438965,-0.039794087409973145,-0.025416851043701172,0.0029397010803222656,-0.07346856594085693,0.006888151168823242,-0.01911759376525879,-0.007961273193359375,-0.0003339052200317383,-0.013972163200378418,0.04817938804626465
2021-05-06,0.04097461700439453,-0.017322301864624023,0.007977724075317383,-0.0249481201171875,-0.0015049576759338379,0.006722688674926758,0.005098998546600342,-0.023336291313171387,-0.03142821788787842,-0.008667409420013428,-0.0007152557373046875,-0.04100477695465088,-0.0073277950286865234,0.003105759620666504,-0.006951332092285156,-0.0038760900497436523,-0.006432771682739258,-0.003506958484649658,-0.03170400857925415,-0.012040317058563232
2021-05-07,-0.05039191246032715,0.01540452241897583,0.004297077655792236,0.012621164321899414,-0.0006850957870483398,0.04661059379577637,0.0010727643966674805,-0.05064845085144043,0.019419074058532715,-0.06448090076446533,0.018200814723968506,-0.06875211000442505,0.00098419189453125,0.039563119411468506,0.008999943733215332,-0.08509093523025513,-0.0019822120666503906,-0.008547067642211914,0.004212856292724609,-0.005681812763214111
2021-05-10,0.02417457103729248,0.01080930233001709,-0.01446068286895752,-0.020771503448486328,0.006924033164978027,0.015113294124603271,-0.048323631286621094,0.012812256813049316,-0.016100525856018066,-0.0503079891204834,0.0012601613998413086,-0.04686552286148071,0.01720750331878662,-0.04586315155029297,0.016848444938659668,0.003224968910217285,-0.0015746355056762695,-0.0028734803199768066,0.006550431251525879,-0.07180118560791016
2021-05-11,-0.004951059818267822,-0.012149691581726074,-0.010417580604553223,-0.031305909156799316,-0.03356480598449707,-0.01219165325164795,0.007739543914794922,-0.006044745445251465,-0.08746635913848877,-0.0,-0.005551695823669434,-0.015700161457061768,-0.008699774742126465,-0.008445262908935547,0.016460895538330078,-0.0007936954498291016,0.01269751787185669,0.04966938495635986,0.018865227699279785,-0.014449119567871094
2021-05-12,0.00700068473815918,0.008278906345367432,-0.006787776947021484,-0.10884642601013184,-0.016072750091552734,0.003421485424041748,0.03682035207748413,0.021324217319488525,0.004371285438537598,0.03030306100845337,0.026684880256652832,0.01067054271697998,-0.025353550910949707,0.007429540157318115,0.0014916658401489258,-0.002303600311279297,0.005675137042999268,-0.012758433818817139,0.03681635856628418,-0.010663390159606934
2021-05-14,-0.01752370595932007,0.006070315837860107,0.012773454189300537,-0.057684898376464844,0.001944899559020996,0.03528165817260742,0.02524709701538086,0.0031901001930236816,0.031172215938568115,-0.009072542190551758,0.015842556953430176,-0.015594422817230225,0.033516764640808105,-0.007037162780761719,0.004361629486083984,-0.003264307975769043,0.006775081157684326,-0.011941730976104736,-0.027687430381774902,-0.07468533515930176
2021-05-17,0.01994144916534424,-0.012598633766174316,0.0067462921142578125,-0.043261170387268066,-0.0034427642822265625,0.005468428134918213,-0.03995108604431152,0.007547855377197266,-0.03398787975311279,-0.022976994514465332,0.020260274410247803,0.008977413177490234,0.01161658763885498,-0.0010936260223388672,0.0015888214111328125,0.01713395118713379,-0.00706934928894043,0.04403972625732422,0.0024204254150390625,-0.03695642948150635
2021-05-18,0.0022361278533935547,-0.017835021018981934,0.015014946460723877,0.0035442113876342773,-0.0014240741729736328,-0.04401707649230957,0.01679980754852295,0.006996810436248779,0.02790355682373047,0.015625,-0.009329438209533691,0.0005038976669311523,-0.07942581176757812,-0.015220046043395996,0.0010575056076049805,0.009502530097961426,-0.018719196319580078,-0.0014271736145019531,0.014203548431396484,0.001758277416229248
2021-05-19,-0.04702514410018921,-0.0068128108978271484,-0.0068672895431518555,-0.012093186378479004,-0.0023270845413208008,0.010533392429351807,-0.021029949188232422,-0.002267122268676758,0.010369718074798584,0.022817492485046387,-0.0025020837783813477,0.004297018051147461,-0.0008865594863891602,-0.062082767486572266,0.014684200286865234,-0.00206148624420166,-0.014345526695251465,0.0014292001724243164,-0.0023106932640075684,-0.01653003692626953
2021-05-20,0.021491169929504395,-0.0008751153945922852,-0.010296225547790527,-0.02811455726623535,-0.03959763050079346,0.0006759166717529297,0.010181427001953125,-0.025736570358276367,0.008200466632843018,-0.01218271255493164,0.009866118431091309,-0.0006425976753234863,-0.028343677520751953,0.005930900573730469,0.0078084468841552734,0.0035859346389770508,0.003178119659423828,-0.0030129551887512207,-0.007650196552276611,0.01872706413269043
2021-05-21,-0.021744251251220703,-0.005058884620666504,-0.002327561378479004,0.02170562744140625,-0.03548383712768555,0.0067917704582214355,0.013123631477355957,0.009476125240325928,-0.004746675491333008,0.0030089616775512695,0.023279964923858643,0.0033403635025024414,-0.0025839805603027344,-0.008157610893249512,0.021694183349609375,0.002291440963745117,-0.0174558162689209,-0.003340303897857666,0.001273036003112793,-0.016096115112304688
2021-05-24,0.00582730770111084,-0.00990307331085205,0.0182073712348938,0.020789682865142822,0.017373621463775635,-0.014187216758728027,0.002276301383972168,0.009506642818450928,0.031697630882263184,0.0020121335983276367,0.00163954496383667,0.0037512779235839844,0.021048128604888916,-0.006295144557952881,-0.041455984115600586,-0.006548583507537842,-0.02835869789123535,0.006383657455444336,-0.0008475780487060547,-0.012231826782226562
2021-05-25,-0.012303709983825684,0.005810737609863281,0.00871652364730835,-0.05013382434844971,-0.03054511547088623,-0.01018381118774414,-0.0022815465927124023,-0.0010935068130493164,0.027699172496795654,0.003024160861968994,0.006234586238861084,0.023716092109680176,0.027204930782318115,0.005373954772949219,0.004563033580780029,0.003198385238647461,-0.01634037494659424,-0.02283531427383423,-0.005372881889343262,-0.009244561195373535
2021-05-26,0.006349444389343262,-0.0030590295791625977,-0.010028958320617676,-0.015460491180419922,0.013192951679229736,0.011355161666870117,-0.005990147590637207,-0.02918684482574463,-0.03043055534362793,-0.07987868785858154,0.0081712007522583,-0.02266472578048706,-0.009923338890075684,-0.0013850927352905273,-0.024968266487121582,0.001710653305053711,0.005396723747253418,0.03829920291900635,-0.00518876314163208,-0.02002096176147461
2021-05-27,-0.003184676170349121,0.01429760456085205,0.004668176174163818,0.0028442740440368652,0.0162469744682312,0.010953247547149658,-0.004763603210449219,0.016921162605285645,-0.054979562759399414,-0.014981269836425781,0.0068190693855285645,-0.0034708380699157715,0.009379148483276367,0.02078568935394287,0.002093493938446045,0.009082555770874023,-0.007912874221801758,0.005939364433288574,-0.011503279209136963,-0.00878763198852539
2021-05-28,0.0011453628540039062,-0.0006117820739746094,0.002288341522216797,0.046476542949676514,0.01145714521408081,-0.01642775535583496,0.014578640460968018,0.018291950225830078,0.040798068046569824,0.042435407638549805,-0.006772756576538086,0.0037328004837036133,-0.009017109870910645,-0.002430438995361328,0.01783156394958496,0.002461671829223633,-0.050319671630859375,-0.02470475435256958,0.024286270141601562,0.009855687618255615
2021-05-31,0.009995222091674805,-0.010387063026428223,-0.004094362258911133,-0.01214146614074707,0.012083113193511963,0.004960179328918457,-0.005653023719787598,-0.011851668357849121,0.011797606945037842,0.020231246948242188,0.013392627239227295,0.0035632848739624023,0.025469183921813965,0.00331878662109375,-0.01485443115234375,-0.0003452897071838379,-0.10653138160705566,0.03090643882751465,-0.006633281707763672,-0.004238486289978027
2021-06-01,0.019911766052246094,0.0028159022331237793,0.008532822132110596,0.023817837238311768,0.0024337172508239746,0.014030516147613525,0.005382120609283447,-0.11012494564056396,0.02057802677154541,-0.018682360649108887,0.01729637384414673,-0.0076904296875,0.03071993589401245,-0.0005162358283996582,0.011193037033081055,0.00694727897644043,0.03834277391433716,-0.012671828269958496,0.0036230087280273438,-0.0008312463760375977
2021-06-02,-0.02408236265182495,-0.003874063491821289,-0.009158492088317871,-0.008192300796508789,0.009320676326751709,0.004544556140899658,-0.0008417367935180664,-0.00913691520690918,-0.017963171005249023,-0.0057915449142456055,-0.034596920013427734,0.003937482833862305,-0.05818355083465576,0.021770715713500977,0.001354515552520752,-0.004536032676696777,-0.06903934478759766,-0.13742363452911377,0.007715106010437012,-0.02670764923095703
2021-06-03,0.002575516700744629,0.005480527877807617,0.00018864870071411133,-0.016604900360107422,-0.023552417755126953,0.006905019283294678,-0.01670074462890625,-0.08272707462310791,-0.037970662117004395,0.00767749547958374,0.010982632637023926,-0.013820648193359375,-0.010728716850280762,0.0022280216217041016,-0.007750391960144043,0.008807182312011719,0.012390494346618652,-0.005091547966003418,0.022336244583129883,-0.003173828125
2021-06-04,0.010036349296569824,-0.0055283308029174805,-0.00019812583923339844,-0.005907893180847168,-0.026773571968078613,0.004941821098327637,0.008390486240386963,-0.03404676914215088,0.006375253200531006,0.010638296604156494,0.00021773576736450195,0.005523681640625,0.00751882791519165,0.012572646141052246,0.00048065185546875,0.005655646324157715,0.013179540634155273,0.020262956619262695,0.025283455848693848,0.004776656627655029
2021-06-07,0.011829376220703125,-0.038317084312438965,-0.0014717578887939453,0.00017279386520385742,-0.033225178718566895,-0.012993335723876953,-0.04778933525085449,-0.044286131858825684,0.010693550109863281,-0.017595291137695312,0.0009022355079650879,0.006764650344848633,-0.08065950870513916,-0.005110561847686768,-0.0024045705795288086,0.009473919868469238,-0.032265305519104004,-0.027249813079833984,0.0027474164962768555,-0.01707899570465088
2021-06-08,0.035599470138549805,-0.015174388885498047,0.002458631992340088,0.014339983463287354,0.0076757073402404785,-0.04076051712036133,-0.04083251953125,-0.03567814826965332,-0.004478096961975098,-0.062439918518066406,0.003176271915435791,-0.06373059749603271,0.01237112283706665,-0.04660177230834961,0.004605591297149658,-0.04658818244934082,-0.013840079307556152,-0.027207136154174805,-0.0054129958152771,-0.0035545825958251953
2021-06-09,0.02359449863433838,0.014556050300598145,0.0018696784973144531,0.009465396404266357,0.009200096130371094,0.025826454162597656,0.03824716806411743,-0.02906358242034912,0.0221368670463562,0.012658238410949707,0.012464523315429688,0.018173038959503174,0.03465557098388672,0.0034551024436950684,-0.0005784034729003906,0.002036452293395996,-0.0012576580047607422,0.03535950183868408,-0.0073909759521484375,0.009343564510345459
2021-06-10,0.007940888404846191,0.008140861988067627,-0.012582778930664062,-0.007255434989929199,-0.013898730278015137,-0.004048347473144531,-0.009089827537536621,-0.01669466495513916,0.0171356201171875,-0.02564108371734619,-0.012305498123168945,-0.013240218162536621,-0.009083032608032227,-0.007325410842895508,-0.027071237564086914,-0.013209819793701172,-0.005361676216125488,-0.011257529258728027,0.012928962707519531,0.008137047290802002
2021-06-11,-0.006729423999786377,0.001540064811706543,-0.021115541458129883,-0.011946558952331543,0.008866608142852783,-0.0034160614013671875,0.008557558059692383,0.039477646350860596,-0.0017594099044799805,0.01964282989501953,0.0028436779975891113,0.013641715049743652,0.005143582820892334,-0.0009179115295410156,0.007128775119781494,0.0015192627906799316,0.0015846490859985352,0.0115395188331604,0.00040090084075927734,0.004226267337799072
2021-06-14,0.01459658145904541,-0.0050508975982666016,-0.02364349365234375,0.014062464237213135,0.009122490882873535,0.012278139591217041,0.008972227573394775,0.001638650894165039,0.005907714366912842,0.022768676280975342,0.008398652076721191,-0.006631374359130859,0.006893634796142578,0.0128556489944458,0.0009447336196899414,0.011500358581542969,0.009889483451843262,-0.08075821399688721,-0.013627290725708008,0.0006241202354431152
2021-06-15,-0.008360505104064941,-0.005503296852111816,-0.02084481716156006,-0.021834731101989746,-0.011107206344604492,-0.0029946565628051758,-0.005156993865966797,-0.020406365394592285,-0.01284933090209961,-0.017707347869873047,0.0006320476531982422,0.004436314105987549,-0.018655061721801758,-0.030011773109436035,-0.010496377944946289,-0.023769378662109375,0.002527892589569092,0.01321643590927124,0.007720470428466797,-0.008618593215942383
2021-06-16,0.0007116794586181641,0.00010067224502563477,0.009517848491668701,-0.06858515739440918,-0.017270684242248535,0.0002816915512084961,0.025424659252166748,0.005738615989685059,0.003964483737945557,0.017399191856384277,-0.005344390869140625,-0.0009984970092773438,0.017887532711029053,-0.004231929779052734,0.0029009580612182617,0.0003845691680908203,0.02015089988708496,0.006310403347015381,-0.00927424430847168,0.0042724609375
2021-06-17,-0.008807897567749023,-0.0013698339462280273,-0.002148151397705078,0.024350881576538086,-0.02159726619720459,0.0009861588478088379,-0.002573728561401367,-0.006777405738830566,0.021174967288970947,-0.07735311985015869,0.01248788833618164,-0.005344986915588379,0.01300954818725586,0.012193024158477783,0.0016893744468688965,0.0017140507698059082,-0.013594508171081543,0.01879209280014038,-0.015601694583892822,0.0037932991981506348
2021-06-18,-0.022905409336090088,0.003260791301727295,0.01517266035079956,-0.0280991792678833,0.008196234703063965,0.010181307792663574,0.009684920310974121,0.0089033842086792,0.017566680908203125,0.0259515643119812,0.014779865741729736,0.007848918437957764,0.026362061500549316,0.002307891845703125,0.0008460283279418945,0.009180426597595215,0.013318836688995361,-0.00211334228515625,-0.014884233474731445,-0.03239703178405762
2021-06-21,0.0009038448333740234,0.010290324687957764,0.0027946829795837402,-0.0016077756881713867,-0.044910550117492676,0.004701375961303711,-0.0188523530960083,-0.011700272560119629,0.008774816989898682,-0.025754928588867188,-0.009149670600891113,0.009836554527282715,-0.011281609535217285,0.015298604965209961,-0.011855483055114746,0.01923823356628418,0.00857853889465332,-0.0035587549209594727,0.004546761512756348,-0.044255197048187256
2021-06-22,-0.009989321231842041,-0.0024167299270629883,0.0019131898880004883,0.013804137706756592,-0.0009272098541259766,-0.010019779205322266,-0.0040476322174072266,0.028934061527252197,-0.037247300148010254,0.01385277509689331,-0.022202253341674805,-0.028551578521728516,-0.016510486602783203,0.007189750671386719,0.001394808292388916,-0.00713956356048584,-0.02509939670562744,-0.035198330879211426,0.008077383041381836,-0.03921699523925781
2021-06-23,-0.014479458332061768,0.0073288679122924805,0.000917971134185791,0.02327483892440796,0.029317140579223633,0.002919435501098633,0.01117253303527832,0.0065569281578063965,0.021094977855682373,-0.047410011291503906,0.004575967788696289,0.002623438835144043,0.020193159580230713,-0.02151036262512207,0.006797671318054199,0.011170446872711182,0.005430757999420166,0.004186749458312988,-0.012364387512207031,-0.0018836259841918945
2021-06-24,0.007346153259277344,-0.016700029373168945,-0.013673782348632812,0.02366262674331665,-0.01959240436553955,0.009466171264648438,-0.0005824565887451172,0.023931443691253662,0.0036190152168273926,0.006705820560455322,-0.011712789535522461,-0.0019249916076660156,-0.021505355834960938,0.006948947906494141,-0.01078188419342041,-0.0045621395111083984,0.007644534111022949,0.014778971672058105,-0.012519240379333496,-0.01173412799835205
2021-06-25,-0.013436734676361084,0.006596028804779053,0.004132091999053955,-0.0039255619049072266,-0.023400545120239258,-0.024709463119506836,-0.049359798431396484,-0.0014721155166625977,-0.003466963768005371,0.003375530242919922,0.007811486721038818,-0.07004773616790771,0.009210526943206787,-0.02473890781402588,0.010203123092651367,-0.015894770622253418,0.005408108234405518,0.01900947093963623,0.014165282249450684,0.010188400745391846
2021-06-28,0.010418534278869629,-0.006510257720947266,-0.008253931999206543,-0.0025501251220703125,0.014580070972442627,0.005237281322479248,-0.016307950019836426,0.013779819011688232,-0.019085288047790527,0.011007606983184814,-0.023744583129882812,-0.016968727111816406,0.0013279914855957031,-0.01391589641571045,-0.009839773178100586,-0.010253310203552246,0.0007587075233459473,-0.016741394996643066,0.008310675621032715,-0.0048552751541137695
2021-06-29,-0.0046659111976623535,0.0074193477630615234,-0.008292555809020996,-0.052229881286621094,0.018781423568725586,0.008812129497528076,0.02739870548248291,0.036700665950775146,-0.020988106727600098,-0.011130094528198242,0.0018077492713928223,-0.0011860132217407227,-0.010195016860961914,0.012670516967773438,-0.0030623674392700195,0.005162417888641357,-0.0049353837966918945,0.03215348720550537,-0.0018008947372436523,0.004574120044708252
2021-06-30,0.009028315544128418,-0.01219320297241211,-0.01612401008605957,0.011764705181121826,-0.0025595426559448242,-0.027410149574279785,0.04276090860366821,-0.12319302558898926,-0.010752677917480469,0.03386962413787842,-0.009853005409240723,-0.009436726570129395,-0.0008776187896728516,-0.0026699304580688477,0.003608107566833496,-0.027358055114746094,0.0020148158073425293,-0.03482925891876221,0.004440784454345703,0.015532970428466797
2021-07-01,-0.01875537633895874,0.0028626322746276855,0.011514484882354736,0.02168947458267212,-0.01459646224975586,-0.04080617427825928,0.02684962749481201,0.025913715362548828,0.004536986351013184,0.04557400941848755,-0.04088151454925537,-0.00029337406158447266,0.006137728691101074,-0.001632094383239746,-0.007056593894958496,-0.009895920753479004,-0.0031545162200927734,0.022394835948944092,-0.001036226749420166,0.001709282398223877
2021-07-02,0.02209484577178955,-0.03730368614196777,0.00926297903060913,0.016836225986480713,0.005579531192779541,-0.024039149284362793,-0.004819273948669434,-0.024791240692138672,0.01744455099105835,-0.015610575675964355,-0.016411185264587402,-0.012985467910766602,-0.0410233736038208,-0.03841996192932129,-0.004425644874572754,-0.020176172256469727,-0.013270378112792969,-0.01986229419708252,-0.0617523193359375,-0.009878158569335938
2021-07-05,-0.014983415603637695,-0.0005761384963989258,0.004718899726867676,-0.0035605430603027344,0.002695441246032715,0.0006225109100341797,-0.0071942806243896484,-0.025269508361816406,-0.010396718978881836,-0.01989150047302246,0.007096230983734131,-0.005632996559143066,0.010169446468353271,0.007085859775543213,-0.04057276248931885,0.0003668069839477539,-0.011575937271118164,-0.02596724033355713,-0.007489919662475586,-0.0103684663772583
2021-07-06,-0.013759911060333252,0.0002098679542541504,-0.0076923370361328125,0.00456160306930542,-0.004412531852722168,0.021049678325653076,0.009761929512023926,-0.006645321846008301,0.027703046798706055,0.01418447494506836,-0.015885353088378906,0.007106482982635498,0.0008562207221984863,0.009981036186218262,0.015878617763519287,-0.0062389373779296875,0.020892798900604248,-0.07137429714202881,0.01745426654815674,0.005356967449188232
2021-07-07,0.016306638717651367,-0.00039827823638916016,0.003333151340484619,-0.0010182857513427734,0.012685298919677734,-0.029959917068481445,-0.002404451370239258,0.004554152488708496,-0.013839125633239746,0.0017985105514526367,-0.013273000717163086,-0.015764594078063965,-0.02442169189453125,-0.008199810981750488,-0.020258188247680664,-0.0049735307693481445,-0.007050156593322754,-0.026813149452209473,-0.013224482536315918,-0.01693594455718994
2021-07-08,-0.017145514488220215,-0.0003066062927246094,0.013500630855560303,-0.0,0.0035040974617004395,0.002754390239715576,0.016190946102142334,0.0012592077255249023,-0.0017664432525634766,0.012612640857696533,0.006324648857116699,0.002673208713531494,-0.005018830299377441,0.01844942569732666,-0.0030750036239624023,0.004420936107635498,0.00357818603515625,0.022086739540100098,0.007402598857879639,0.003445565700531006
2021-07-09,0.005598783493041992,0.006131589412689209,-0.0018068552017211914,-0.01780259609222412,0.0006139874458312988,-0.0019359588623046875,-0.011093497276306152,-0.010296225547790527,0.013145267963409424,-0.0009124279022216797,0.009080648422241211,-0.009042859077453613,0.011235952377319336,-0.01609635353088379,0.0024524331092834473,-0.007887005805969238,-0.005183696746826172,0.004117190837860107,-0.0007851123809814453,-0.0005761384963989258
2021-07-12,-0.001465141773223877,-0.004903197288513184,-0.007232189178466797,-0.002165555953979492,0.012789726257324219,-0.005822539329528809,0.0056667327880859375,-0.020174741744995117,0.0017868280410766602,-0.01549685001373291,-0.009392261505126953,0.003842651844024658,-0.008417487144470215,0.006901383399963379,0.0039511919021606445,0.002827584743499756,-0.0021435022354125977,0.006732761859893799,-0.0183030366897583,-0.008446931838989258
2021-07-13,0.006221413612365723,-0.0014002323150634766,-0.00823509693145752,-0.01313173770904541,0.0069585442543029785,0.0021516084671020508,0.007881641387939453,-0.05944955348968506,0.01301872730255127,0.003590703010559082,0.0009898543357849121,0.010200202465057373,-0.01585972309112549,0.004593610763549805,0.008991599082946777,-0.00286865234375,-0.0027899742126464844,-0.03698420524597168,-0.0051996707916259766,-0.012818098068237305
2021-07-14,0.0023331642150878906,0.0007529258728027344,-0.02559363842010498,-0.004101753234863281,-0.015381932258605957,-0.005390524864196777,0.0064775943756103516,-0.08474767208099365,0.0046166181564331055,-0.009909868240356445,0.016703009605407715,-0.01815211772918701,0.00739520788192749,-0.0014536380767822266,-0.00044476985931396484,0.002991974353790283,-0.02398836612701416,-0.01766061782836914,0.007216334342956543,0.014660775661468506
2021-07-15,-0.005528390407562256,-0.009999513626098633,-0.014359235763549805,0.002287626266479492,0.015710055828094482,0.00587230920791626,0.004305601119995117,-0.0422210693359375,0.009276211261749268,0.01516503095626831,0.02504819631576538,0.011444568634033203,-0.004139065742492676,0.0007596015930175781,8.887052536010742e-05,-0.012267589569091797,-0.006188631057739258,-0.00529634952545166,-0.0006432533264160156,-0.02009284496307373
2021-07-16,0.002925872802734375,0.008397877216339111,-0.005932807922363281,0.015067040920257568,0.01584678888320923,-0.002388477325439453,-0.02792191505432129,-0.011948943138122559,-0.012205362319946289,0.01449275016784668,0.031479835510253906,-0.010719537734985352,0.01937347650527954,-0.0044258832931518555,0.0022230148315429688,-0.011434674263000488,0.021602153778076172,0.019280314445495605,-0.0041141510009765625,-0.0015583038330078125
2021-07-19,-0.005134522914886475,0.004804134368896484,0.012492954730987549,-0.012969732284545898,-0.007819294929504395,-0.003356456756591797,-0.005288481712341309,-0.009251117706298828,-0.00858926773071289,0.018382370471954346,-0.014665961265563965,0.0010541677474975586,0.005044102668762207,-0.06355535984039307,-0.0071294307708740234,-0.010629057884216309,0.01760190725326538,0.0028574466705322266,0.0017285346984863281,0.005103349685668945
2021-07-20,0.011260390281677246,0.00017273426055908203,-0.0040667057037353516,-0.0041037797927856445,0.004655182361602783,0.025714397430419922,0.01972740888595581,-0.027332425117492676,0.021454274654388428,0.026217281818389893,-0.018450617790222168,0.01782381534576416,0.02661597728729248,0.023324191570281982,-0.024511218070983887,0.00602346658706665,0.0063054561614990234,0.004929006099700928,0.025652527809143066,-0.02283245325088501
2021-07-22,0.021689891815185547,0.006475389003753662,0.0009320378303527832,0.0034331083297729492,-0.001039266586303711,-0.011401176452636719,-0.007805824279785156,-0.04714310169219971,-0.011548161506652832,-0.04807686805725098,-0.0017408132553100586,-0.025458574295043945,-0.02647566795349121,0.027912676334381104,0.0022457242012023926,-0.014140009880065918,-0.014418601989746094,0.00046074390411376953,-0.0040149688720703125,0.016900300979614258
2021-07-23,0.011409521102905273,-0.00609898567199707,0.018904507160186768,0.0026246309280395508,-0.0024225711822509766,-0.002047300338745117,0.002057373523712158,0.021193504333496094,-0.017372608184814453,0.011009156703948975,0.011693358421325684,-0.006887078285217285,0.014799177646636963,-0.007994651794433594,0.0016446709632873535,0.0006638765335083008,-0.00024771690368652344,0.013253450393676758,0.010030210018157959,-0.010009467601776123
2021-07-26,0.0054999589920043945,0.01891005039215088,-0.009465813636779785,-0.0398026704788208,-0.052074313163757324,0.00599980354309082,-0.03310704231262207,-0.07113003730773926,-0.025695204734802246,0.04730987548828125,-0.042021870613098145,-0.05902135372161865,-0.05579400062561035,-0.01630866527557373,-0.006329655647277832,0.008573830127716064,0.016067683696746826,-0.011095523834228516,-0.004304409027099609,0.0003179311752319336
2021-07-27,0.0027350187301635742,0.0018062591552734375,0.011089801788330078,0.03653913736343384,0.02964341640472412,0.006530344486236572,-0.021950840950012207,0.02449977397918701,-0.009513258934020996,-0.0019475221633911133,0.015902042388916016,-0.007093667984008789,-0.011382102966308594,0.023899734020233154,0.008874654769897461,-0.022210121154785156,-0.03026866912841797,0.016865015029907227,0.019385457038879395,-0.008772432804107666
2021-07-28,-0.01953798532485962,0.0017875432968139648,-0.013396263122558594,0.010178864002227783,0.017529010772705078,0.004844844341278076,0.01056736707687378,-0.009937047958374023,-0.024501323699951172,-0.009718179702758789,-0.004737257957458496,-0.044930338859558105,-0.08118975162506104,0.015040755271911621,0.001999497413635254,0.008844256401062012,0.00222933292388916,-0.007519721984863281,0.0065222978591918945,0.0023087263107299805
2021-07-29,0.015555858612060547,-0.006411194801330566,0.012441635131835938,0.005307674407958984,0.008089005947113037,-0.00044739246368408203,-0.01590430736541748,-0.03953683376312256,0.011191129684448242,-0.0019248723983764648,-0.0041942596435546875,0.016453981399536133,0.02342003583908081,0.003196120262145996,-0.0001741647720336914,-0.026365160942077637,0.003795444965362549,0.008163273334503174,-0.017529606819152832,0.006206393241882324
2021-07-30,-0.045169949531555176,0.005645453929901123,1.7344951629638672e-05,-0.017008543014526367,-0.06188547611236572,-0.07278323173522949,0.0012569427490234375,0.0051076412200927734,-0.013488411903381348,0.0028818249702453613,-0.009592056274414062,0.023379087448120117,-0.033498287200927734,-0.0010008811950683594,0.007664084434509277,-0.09165692329406738,-0.047592759132385254,0.003997683525085449,-0.015232205390930176,-0.013608038425445557
2021-08-02,-0.014281153678894043,-0.004854559898376465,-0.0003116130828857422,-0.01737987995147705,0.004575192928314209,-0.010837674140930176,0.016361534595489502,-0.038228392601013184,0.0027535557746887207,0.008670508861541748,-0.0004279613494873047,0.00779271125793457,-0.012154698371887207,-0.12416112422943115,0.0071089863777160645,-0.03998839855194092,-0.008857369422912598,-0.012159228324890137,-0.015069127082824707,-0.02166062593460083
2021-08-03,-0.028581976890563965,0.0037428736686706543,-0.019013166427612305,-0.0286865234375,0.025880873203277588,-0.01576673984527588,0.011631965637207031,0.00189971923828125,-0.0001533031463623047,0.012633681297302246,-0.005276083946228027,0.004788637161254883,0.017467200756072998,-0.0037992000579833984,-0.0007070302963256836,-0.003886699676513672,-0.00502932071685791,-0.043503642082214355,0.0030981898307800293,-0.0005930662155151367
2021-08-04,-0.03301715850830078,-0.0019860267639160156,-0.021714329719543457,0.0034466981887817383,0.023760080337524414,0.011725127696990967,0.0025891661643981934,0.012651503086090088,-0.03220856189727783,0.04035431146621704,0.01109248399734497,-0.024247944355010986,0.03444439172744751,0.056937336921691895,-8.83340835571289e-05,0.0007466673851013184,-0.02360355854034424,0.03643685579299927,0.011395275592803955,-0.007054746150970459
2021-08-05,-0.022480249404907227,-0.0020647048950195312,0.021269500255584717,-0.005502223968505859,0.031242847442626953,-0.018750786781311035,0.015339255332946777,0.02951103448867798,-0.009667158126831055,-0.005128264427185059,-0.0013196468353271484,0.022096991539001465,0.02301502227783203,-0.02852320671081543,0.00680088996887207,0.005119979381561279,-0.004464983940124512,0.0026679039001464844,-0.007662534713745117,-0.00989377498626709
2021-08-06,0.037316322326660156,0.0014505982398986816,0.014855682849884033,0.0010943412780761719,-0.01954030990600586,-0.005882143974304199,0.0049130916595458984,-0.011275410652160645,-0.016322612762451172,-0.040816307067871094,-0.013751983642578125,-0.007932960987091064,-0.005889296531677246,0.026323139667510986,0.011471807956695557,0.009013056755065918,0.0029821395874023438,-0.0029076337814331055,-0.0706486701965332,6.699562072753906e-05
2021-08-09,-0.004810452461242676,-0.0016837120056152344,-0.024067163467407227,0.003443419933319092,0.008155643939971924,-0.02673959732055664,0.022278428077697754,0.006441354751586914,0.0032535791397094727,-0.00784313678741455,-0.014752507209777832,0.01289522647857666,-0.0011708736419677734,0.0033555030822753906,-0.0038683414459228516,-0.005614161491394043,-0.0018906593322753906,0.019830644130706787,-0.02749955654144287,0.001073002815246582
2021-08-10,-0.029580235481262207,0.010442614555358887,0.0027347207069396973,0.008638262748718262,0.028368353843688965,0.01942896842956543,0.034487009048461914,-0.0807918906211853,-0.04232209920883179,0.05155646800994873,-0.02495396137237549,0.04106271266937256,0.04912281036376953,0.008999347686767578,0.004211902618408203,0.010579466819763184,-0.04159867763519287,0.04223853349685669,0.0031312108039855957,-0.009043395519256592
2021-08-11,-0.004331350326538086,0.015876471996307373,0.009601891040802002,-0.03422045707702637,0.012452483177185059,0.016839683055877686,0.010205388069152832,0.004111528396606445,-0.018286466598510742,0.02153843641281128,0.0240476131439209,-0.030086934566497803,0.01230013370513916,0.012397944927215576,-0.017008662223815918,0.011087596416473389,-0.01169586181640625,0.001976490020751953,-0.019202232360839844,0.0035151243209838867
2021-08-12,0.007721543312072754,-0.003660917282104492,-0.0022832155227661133,0.007352948188781738,-0.008692026138305664,-0.022630929946899414,-0.05026423931121826,0.0681302547454834,0.03604698181152344,-0.04507327079772949,-0.0017540454864501953,-0.0046964287757873535,-0.05022835731506348,-0.018373847007751465,0.017432034015655518,-0.004678845405578613,0.026225805282592773,-0.02933526039123535,-0.01860785484313965,0.004311203956604004
2021-08-13,0.01230311393737793,-0.007547974586486816,-0.03570830821990967,-0.0237654447555542,-0.0144425630569458,0.0018402934074401855,0.01435762643814087,0.023827075958251953,0.02846670150756836,-0.0030090808868408203,-0.01411890983581543,-0.0003485679626464844,0.01818186044692993,-0.005987405776977539,0.006304025650024414,-0.0059632062911987305,0.019934535026550293,-0.010702252388000488,-0.0035965442657470703,0.002548694610595703
2021-08-16,-0.0013326406478881836,-0.006096839904785156,-0.036742210388183594,0.03255957365036011,0.013160228729248047,0.005414307117462158,-0.02203691005706787,-0.015121400356292725,-0.012463629245758057,0.03400003910064697,-0.008358955383300781,-0.015045642852783203,0.01811593770980835,0.007193028926849365,-0.005437731742858887,0.007169902324676514,-0.014687120914459229,0.020582973957061768,0.008475542068481445,-0.008095264434814453
2021-08-17,0.01702702045440674,-0.028874635696411133,-0.016375303268432617,-0.030071616172790527,-0.0016367435455322266,0.00011730194091796875,-0.013278007507324219,-0.02026665210723877,-0.015898942947387695,0.020703911781311035,-0.013317704200744629,0.009761571884155273,0.007790029048919678,-0.02920520305633545,0.0012619495391845703,-0.03687596321105957,-0.01865410804748535,0.009718179702758789,0.007113754749298096,-0.015580713748931885
2021-08-18,0.0047234296798706055,-0.004693508148193359,-0.00686877965927124,-0.01497507095336914,-0.027233123779296875,-0.0017365217208862305,0.004207730293273926,0.00907433032989502,-0.028980731964111328,0.016913294792175293,-0.012954950332641602,0.006876230239868164,0.016942203044891357,0.008519113063812256,-0.004151582717895508,0.014670014381408691,-0.0029967427253723145,-0.007114768028259277,0.0067024827003479,0.0019185543060302734
2021-08-20,-0.02836400270462036,0.0193784236907959,-0.02371424436569214,-0.005812287330627441,0.0325203537940979,0.016609609127044678,0.02945786714553833,-0.03280574083328247,-0.046655237674713135,0.04086023569107056,-0.03474020957946777,-0.0039904117584228516,0.02690201997756958,0.0002670884132385254,-0.018874764442443848,0.010519206523895264,-0.014792978763580322,0.016443371772766113,0.023500680923461914,-0.04458731412887573
2021-08-23,-0.020590245723724365,0.010835051536560059,-0.023334383964538574,-0.04978519678115845,0.03209108114242554,0.020273029804229736,0.03943276405334473,0.03954601287841797,-0.061173081398010254,0.04596412181854248,-0.040892601013183594,-0.026942729949951172,0.05399566888809204,0.02903646230697632,0.01764291524887085,-0.009224772453308105,0.007208347320556641,0.014365315437316895,0.020372867584228516,-0.012740612030029297
2021-08-24,0.011087894439697266,0.012750804424285889,-0.0005213022232055664,0.03976297378540039,0.013715028762817383,-0.017531514167785645,-0.012691020965576172,0.010179758071899414,-0.05825996398925781,-0.03407752513885498,-0.12385678291320801,0.008511066436767578,-0.09132421016693115,-0.018755197525024414,0.008530914783477783,-0.0013098716735839844,0.01363074779510498,-0.003141045570373535,-0.009242892265319824,0.016820073127746582
2021-08-25,-0.0036373138427734375,0.003125309944152832,-0.018742799758911133,-0.02609473466873169,0.01384192705154419,0.0008125901222229004,-0.07097184658050537,-0.0030289292335510254,0.021731257438659668,-0.0204545259475708,-0.12197577953338623,-0.009672284126281738,0.007949769496917725,0.004860639572143555,-0.0029889345169067383,0.004286050796508789,-0.0008203387260437012,0.0007515549659729004,0.00933903455734253,-0.006773591041564941
2021-08-26,-0.011769235134124756,0.0015450716018676758,-0.0147172212600708,0.012627005577087402,0.006727039813995361,0.0020566582679748535,0.010029852390289307,-0.007186472415924072,0.024620473384857178,0.010022282600402832,-0.07465392351150513,-0.0033754706382751465,-0.02066636085510254,-0.001979231834411621,-0.005779266357421875,-0.013304710388183594,-0.0026389360427856445,-0.00012540817260742188,-0.005473732948303223,-0.008901655673980713
2021-08-27,0.021668434143066406,-0.013735771179199219,0.0021581649780273438,-0.019008517265319824,0.0013024210929870605,-0.021376967430114746,0.015438437461853027,-0.00014710426330566406,0.005124330520629883,-0.039370059967041016,0.005435943603515625,-0.06328248977661133,0.00991731882095337,-0.01741194725036621,0.0010774731636047363,-0.039748430252075195,0.013817429542541504,-0.004135847091674805,-0.002903461456298828,0.013399958610534668
2021-08-30,0.007177591323852539,-0.01616954803466797,0.01772916316986084,-0.00015497207641601562,-0.02614760398864746,-0.06534647941589355,0.006370246410369873,0.0001176595687866211,-0.03834414482116699,-0.022727251052856445,-0.01770782470703125,-0.024712443351745605,-0.026711106300354004,-0.039019107818603516,-0.01662766933441162,-0.030721068382263184,0.01348412036895752,-0.05029952526092529,-0.00651395320892334,0.01529550552368164
2021-08-31,0.005304574966430664,0.0027475953102111816,0.028770804405212402,-0.004651188850402832,-0.007688999176025391,-0.005902647972106934,0.0044384002685546875,0.03548729419708252,-0.01598381996154785,0.0031746625900268555,-0.02267777919769287,-0.026218652725219727,0.008130073547363281,-0.022936224937438965,-0.008045196533203125,-0.04393589496612549,0.0011157989501953125,-0.011408209800720215,-0.012284278869628906,0.0011262893676757812
2021-09-01,-0.01790851354598999,-0.011102914810180664,-0.007893681526184082,-0.013084173202514648,-0.0025854110717773438,-0.009130239486694336,0.017585158348083496,-0.034327924251556396,0.025858938694000244,0.011677265167236328,-0.00015282630920410156,0.0009683370590209961,-0.00040984153747558594,0.0055539608001708984,-0.014646649360656738,0.020685911178588867,0.00028574466705322266,-0.006814718246459961,0.004676520824432373,0.00998532772064209
2021-09-02,-0.000651240348815918,0.002194046974182129,0.010338902473449707,0.00015783309936523438,-0.008176565170288086,-0.007550716400146484,-0.027858376502990723,-0.008533954620361328,-0.04306662082672119,-0.013963460922241211,0.004257321357727051,-0.022839665412902832,-0.008193373680114746,0.001037001609802246,-0.011669158935546875,-0.024269819259643555,0.0032286643981933594,0.01610463857650757,-0.006898999214172363,0.006266117095947266
2021-09-03,-0.008037388324737549,-0.0009772777557373047,-0.013464093208312988,-0.0028404593467712402,0.00274503231048584,-0.011564016342163086,-0.0033111572265625,-0.0010684728622436523,0.004449188709259033,0.007415294647216797,0.08702373504638672,0.005819380283355713,0.013815581798553467,-0.01518547534942627,0.005724608898162842,-0.01676344871520996,0.007290959358215332,0.004507184028625488,0.006497323513031006,-0.0007611513137817383
2021-09-06,-0.0008211731910705566,-0.009681940078735352,-0.009971439838409424,-0.003956317901611328,0.002001821994781494,-0.004640936851501465,0.001222372055053711,0.008824586868286133,-0.015194892883300781,0.00640338659286499,0.011159539222717285,-0.011841177940368652,-0.020601511001586914,0.0036957859992980957,-0.006015300750732422,0.010733485221862793,-0.005598306655883789,-0.0028595924377441406,0.0021402835845947266,0.003946900367736816
2021-09-07,-0.00865703821182251,-0.0004513263702392578,-0.0044599175453186035,-0.012075066566467285,0.011283159255981445,-0.0026487112045288086,0.010647356510162354,-0.023208558559417725,0.0063391923904418945,0.020408153533935547,0.02701747417449951,0.0004468560218811035,0.027452588081359863,0.013151705265045166,0.0023916959762573242,0.007404327392578125,-0.015638351440429688,0.022929787635803223,0.01924455165863037,-0.004896879196166992
2021-09-08,0.0062454938888549805,0.0037103891372680664,-0.007506728172302246,0.006432890892028809,-0.0005705356597900391,0.002282559871673584,-0.005319118499755859,0.004191160202026367,0.019847631454467773,-0.012061476707458496,-0.017544209957122803,0.03146255016326904,-0.0029058456420898438,-0.004590868949890137,0.00967550277709961,-0.0016987323760986328,0.007134556770324707,0.009119629859924316,-0.011238694190979004,0.013238072395324707
2021-09-09,-0.0007690191268920898,0.0025978684425354004,0.00882256031036377,-0.022531092166900635,-0.03206193447113037,-0.00010585784912109375,0.0009843707084655762,-0.014202415943145752,-0.010305523872375488,-0.004333615303039551,-0.007997632026672363,0.011838674545288086,-0.017384052276611328,-0.007764458656311035,-0.01513051986694336,-0.015483617782592773,0.026041865348815918,-0.003558635711669922,0.003664553165435791,-0.00540393590927124
2021-09-13,0.021273136138916016,-0.03305935859680176,0.011611104011535645,0.031224370002746582,-0.025356054306030273,-0.028339147567749023,-0.05136096477508545,0.03399217128753662,-0.005547642707824707,-0.009708762168884277,0.0468907356262207,-0.01495981216430664,-0.01301872730255127,-0.011945843696594238,-0.020781874656677246,-0.034464478492736816,0.009503841400146484,-0.011738896369934082,-0.00970757007598877,-0.002475917339324951
2021-09-14,-0.0021529793739318848,-0.030474066734313965,-0.0009595155715942383,0.015535831451416016,0.009400606155395508,-0.009700894355773926,0.011246442794799805,-0.002297699451446533,-0.009254217147827148,-0.008547067642211914,0.0068705081939697266,0.0029230117797851562,-0.008835315704345703,-0.014458775520324707,-0.0049228668212890625,0.0008422732353210449,-0.1006784439086914,-0.0022963285446166992,0.001851201057434082,-0.004619479179382324
2021-09-15,0.010895967483520508,0.011223018169403076,0.00853431224822998,0.012176156044006348,-0.005016922950744629,-0.00016319751739501953,-0.011966824531555176,0.004694581031799316,-0.0141068696975708,-0.0021185874938964844,0.02545750141143799,-0.002395153045654297,0.003980875015258789,0.010478675365447998,0.0033211708068847656,-0.05132758617401123,0.00027674436569213867,0.0012058615684509277,-0.02758002281188965,0.012745022773742676
2021-09-16,0.017821907997131348,0.00024133920669555664,-0.004679977893829346,-0.012955009937286377,-0.0025861263275146484,0.001203298568725586,-0.04062759876251221,0.009315848350524902,0.013910651206970215,-0.0021141767501831055,-0.014058053493499756,-0.0027005672454833984,-0.016786575317382812,0.00202256441116333,-8.33272933959961e-05,-0.008931398391723633,0.011952698230743408,0.005191326141357422,-0.007685184478759766,-0.010669589042663574
2021-09-17,-0.029043257236480713,0.009633004665374756,-0.023901939392089844,-0.023124992847442627,0.031073808670043945,0.013211667537689209,0.023852407932281494,-0.0075994133949279785,0.018867850303649902,-0.05590713024139404,-0.013924598693847656,0.04180169105529785,0.012185513973236084,-0.0029821395874023438,0.013577699661254883,0.01993417739868164,-0.00807332992553711,0.01796114444732666,0.024150729179382324,-0.015416562557220459
2021-09-20,-0.027050375938415527,0.007040917873382568,-0.0016150474548339844,-0.020953357219696045,0.017459094524383545,0.01686495542526245,0.03388655185699463,-0.0002053380012512207,-0.072609543800354,0.02997004985809326,-0.033187925815582275,0.03790003061294556,0.01949864625930786,-0.06271201372146606,0.0029555559158325195,-0.044283270835876465,0.025794506072998047,0.0112457275390625,-0.052989959716796875,-0.04950147867202759
2021-09-21,0.005493879318237305,0.017231225967407227,0.002907991409301758,-0.007678389549255371,-0.016131043434143066,-0.024689555168151855,-0.01467430591583252,0.0002053976058959961,-0.08997988700866699,-0.09165811538696289,0.01553964614868164,-0.03906989097595215,0.00771099328994751,0.01627659797668457,-0.029389381408691406,0.005349993705749512,-0.012810826301574707,0.002499699592590332,0.002750873565673828,0.023048043251037598
2021-09-22,0.010320663452148438,-0.005212187767028809,-0.0037573575973510742,0.007408618927001953,-0.015440940856933594,0.007107138633728027,-0.04056441783905029,0.014640331268310547,-0.01521909236907959,-0.015094280242919922,0.084725022315979,-0.005856513977050781,-0.025357842445373535,-0.008545875549316406,0.005265772342681885,0.006235718727111816,-0.013109683990478516,0.0003758668899536133,0.029116511344909668,0.004187941551208496
2021-09-23,0.00300443172454834,-0.015085101127624512,0.011689066886901855,0.0024514198303222656,0.01538926362991333,-0.021660327911376953,0.02079099416732788,0.021802544593811035,0.0013628602027893066,0.02881038188934326,-0.011317133903503418,-0.01142585277557373,-0.01635420322418213,-0.0016199350357055664,-0.007030606269836426,0.024974942207336426,-0.010892987251281738,-0.000626683235168457,0.02647531032562256,0.002732515335083008
2021-09-24,-0.0023418664932250977,0.008586406707763672,-0.009315311908721924,-0.11232471466064453,-0.0015505552291870117,-0.006783604621887207,0.014077961444854736,-0.002207338809967041,-0.05216073989868164,-0.001913905143737793,-0.014446675777435303,0.006457090377807617,0.0047095417976379395,-0.019134521484375,-0.006981492042541504,0.0013865232467651367,-0.0047751665115356445,0.001878976821899414,0.04462015628814697,-0.011330246925354004
2021-09-27,0.019980311393737793,0.012142956256866455,-0.01230698823928833,0.025062263011932373,0.012695074081420898,0.017297208309173584,0.007724761962890625,0.021271109580993652,-0.08473837375640869,0.013371467590332031,-0.02476900815963745,0.03013676404953003,-0.058359622955322266,-0.01705765724182129,0.018923282623291016,0.010259628295898438,0.0012192130088806152,-0.025351405143737793,0.03367424011230469,0.010009407997131348
2021-09-28,-0.0018197298049926758,0.005864262580871582,-0.0007278919219970703,0.0024053454399108887,-0.0023207664489746094,0.017417490482330322,0.012502908706665039,0.014774084091186523,-0.03387808799743652,-0.028073549270629883,-0.031083345413208008,0.016587376594543457,-0.008941888809204102,-0.011002779006958008,-0.002244710922241211,-0.01842367649078369,0.0053313374519348145,0.004039168357849121,-0.009128153324127197,-0.01242375373840332
2021-09-29,0.0055228471755981445,-0.003535032272338867,0.0008798837661743164,-0.00934302806854248,0.002315342426300049,0.01097726821899414,0.007525086402893066,0.015872597694396973,0.02724236249923706,0.016949117183685303,0.02320230007171631,0.01481086015701294,0.02843421697616577,-0.04141855239868164,0.0036499500274658203,0.02504134178161621,-0.00936734676361084,0.002457916736602783,0.02945709228515625,0.00043642520904541016
2021-09-30,-0.008318722248077393,-0.00855875015258789,0.0015974044799804688,-0.012093186378479004,0.0033870935440063477,-0.013689637184143066,-0.012636899948120117,0.02979445457458496,0.009907543659210205,0.012452125549316406,-0.023819386959075928,-0.005347728729248047,-0.015583395957946777,0.020101428031921387,0.008408963680267334,0.007458329200744629,-0.05126547813415527,0.009116709232330322,-0.014789402484893799,-0.01315605640411377
2021-10-01,0.013066649436950684,-0.02940535545349121,-0.0040863752365112305,-0.0026552677154541016,-0.006860136985778809,0.010014355182647705,-0.017708539962768555,0.021319985389709473,0.02334892749786377,-0.0,0.009023070335388184,-0.010109186172485352,0.008233606815338135,0.02450960874557495,-0.014777421951293945,-0.016779005527496338,-0.02294290065765381,0.011314153671264648,-0.009137332439422607,0.006997108459472656
2021-10-04,-0.08423566818237305,-0.036234259605407715,-0.0051171183586120605,0.011475622653961182,-0.001250147819519043,-0.08793473243713379,-0.017750859260559082,-0.07648169994354248,-0.0624316930770874,-0.03103792667388916,0.004433155059814453,-0.039750099182128906,-0.022641539573669434,-0.023432135581970215,-0.0015721321105957031,0.042133450508117676,-0.1162259578704834,-0.012575507164001465,0.027280688285827637,-0.013604402542114258
2021-10-05,-0.043912410736083984,0.01826876401901245,-0.007276952266693115,-0.027236223220825195,-0.03265070915222168,-0.030324697494506836,-0.0060814619064331055,0.0059008002281188965,-0.12446951866149902,-0.011288762092590332,0.005512118339538574,-0.02374708652496338,0.009963154792785645,-0.0006617307662963867,-0.0063610076904296875,-0.005948781967163086,0.00609821081161499,-0.040486812591552734,-0.005129575729370117,0.016609787940979004
2021-10-06,0.005346059799194336,0.011050164699554443,-0.0041353702545166016,0.009707331657409668,-0.036213040351867676,-0.08097577095031738,0.007527351379394531,0.030588805675506592,0.024814188480377197,0.024186015129089355,-0.024791300296783447,-0.013718247413635254,0.01826310157775879,-0.0026140213012695312,0.008537113666534424,-0.00774693489074707,0.029409289360046387,0.007042229175567627,0.033943772315979004,0.017724275588989258
2021-10-07,-0.01904761791229248,-0.06588876247406006,0.0011947154998779297,-0.09978055953979492,-0.000933527946472168,0.006373882293701172,-0.0013790130615234375,-0.006666302680969238,0.0077391862869262695,-0.005719661712646484,0.007089376449584961,0.011129915714263916,0.03910398483276367,-0.01870584487915039,-0.018545985221862793,0.015571236610412598,0.005142927169799805,0.010457992553710938,-0.003636181354522705,0.0002865791320800781
2021-10-08,-0.026464462280273438,-0.008582592010498047,0.004109025001525879,-0.15591323375701904,-0.001573801040649414,-0.004601955413818359,-0.002983689308166504,0.00878053903579712,0.0334436297416687,0.015165865421295166,0.008727550506591797,-0.006647348403930664,-0.001185297966003418,-0.012118220329284668,0.007640957832336426,0.0317230224609375,-0.03969752788543701,0.000728905200958252,0.006881833076477051,0.014401435852050781
2021-10-11,-0.0019381046295166016,-0.027427077293395996,-0.004887700080871582,0.06790196895599365,0.002618849277496338,0.0051534175872802734,0.001372992992401123,-0.03617560863494873,0.007824957370758057,0.01636195182800293,0.028998494148254395,0.01709645986557007,0.0011838674545288086,0.008469581604003906,-0.008682847023010254,0.00837242603302002,-0.034722089767456055,-0.0071724653244018555,0.0027441978454589844,0.006074309349060059
2021-10-12,0.001979351043701172,0.01258760690689087,-0.0006164312362670898,0.050129711627960205,0.004784703254699707,0.0055463314056396484,-0.08283686637878418,-0.03498423099517822,-0.03019106388092041,0.003913819789886475,-0.029530227184295654,0.002875685691833496,0.007506966590881348,-0.017652153968811035,0.0006496906280517578,0.03427016735076904,-0.013074398040771484,-0.008448958396911621,0.0025818347930908203,0.002457141876220703
2021-10-13,0.0011268854141235352,-0.003882884979248047,0.0019466876983642578,0.0010398626327514648,-0.019699811935424805,-0.008716702461242676,-0.021479249000549316,0.02609539031982422,0.006339669227600098,-0.0,-0.011196672916412354,-0.007988214492797852,-0.002388596534729004,-0.00766909122467041,-0.0053632259368896484,-0.03441905975341797,-0.003260970115661621,-0.008617639541625977,-0.14039969444274902,0.004271984100341797
2021-10-14,0.0004964470863342285,0.021422505378723145,0.00884854793548584,0.00234222412109375,0.007359683513641357,-0.007685065269470215,-0.0046613216400146484,0.01447528600692749,0.0038521885871887207,0.004911601543426514,0.004621744155883789,0.003873884677886963,0.0075457096099853516,0.006936490535736084,-0.00274813175201416,0.0022031068801879883,0.0022457242012023926,0.006289303302764893,0.02082008123397827,0.0004881620407104492
2021-10-18,-0.04433619976043701,-0.018519878387451172,-0.007731795310974121,-0.00573885440826416,0.006777167320251465,0.01068049669265747,-0.02010512351989746,-0.013534069061279297,-0.019697904586791992,-0.026653528213500977,-0.008664250373840332,0.017169713973999023,0.0036014318466186523,-0.004706978797912598,-0.008302450180053711,-0.03218710422515869,-0.06511485576629639,0.016598999500274658,-0.00954747200012207,0.004391193389892578
2021-10-19,-0.04695004224777222,0.04463249444961548,0.0009511709213256836,0.046556830406188965,0.018895387649536133,-0.020597457885742188,0.04437035322189331,-0.057611167430877686,0.05143392086029053,0.02596151828765869,-0.030667483806610107,0.0010344982147216797,0.03052210807800293,0.02069169282913208,0.012391090393066406,-0.01099306344985962,-0.006598949432373047,0.01918637752532959,0.01324927806854248,-0.0231783390045166
2021-10-20,-0.08074390888214111,-0.054841578006744385,-0.011422514915466309,0.06664854288101196,0.006717026233673096,-0.12673020362854004,-0.011528372764587402,-0.01771831512451172,0.04122936725616455,-0.0009871721267700195,-0.012607276439666748,-0.0932767391204834,0.024026453495025635,-0.0632023811340332,-0.02153146266937256,-0.0427057147026062,0.0478978157043457,0.009533286094665527,0.04264289140701294,-0.02429664134979248
2021-10-21,0.00843822956085205,-0.0178949236869812,-0.01634138822555542,-0.008015155792236328,0.005804896354675293,-0.048021674156188965,-0.0010455846786499023,-0.026288092136383057,0.016158461570739746,-0.0680474042892456,-0.04179966449737549,-0.03845930099487305,0.015704631805419922,0.026302337646484375,-0.04632693529129028,0.027047157287597656,0.03177833557128906,0.0009999871253967285,0.029066085815429688,0.0021843910217285156
2021-10-22,-0.011450409889221191,0.017472267150878906,-0.008094191551208496,0.043371379375457764,0.0077048540115356445,0.0020351409912109375,0.01817423105239868,-0.02933979034423828,0.012847721576690674,-0.024930715560913086,0.019587159156799316,-0.0033554434776306152,-0.015955209732055664,-0.03317171335220337,0.0046842098236083984,-0.022610604763031006,-0.11766117811203003,0.026026010513305664,0.016039013862609863,-0.018235981464385986
2021-10-25,-0.009355485439300537,-0.052589356899261475,-0.009702742099761963,0.024180114269256592,0.012253522872924805,-0.03585869073867798,0.03053194284439087,-0.048931896686553955,-0.03582453727722168,-0.07747745513916016,-0.03331393003463745,0.009578704833984375,0.01146012544631958,-0.010507345199584961,-0.013123750686645508,-0.052332520484924316,0.058593153953552246,0.03738445043563843,0.00718843936920166,-0.012876510620117188
2021-10-26,0.01379096508026123,0.05830883979797363,0.004341244697570801,-0.04305398464202881,0.00767672061920166,0.04980957508087158,-0.017776846885681152,0.028902888298034668,0.011139869689941406,-0.00390625,0.011615633964538574,0.021233201026916504,-0.0021468400955200195,0.012185931205749512,0.014348268508911133,0.004330277442932129,0.04765057563781738,-0.03029501438140869,-0.026514410972595215,0.025864005088806152
2021-10-27,-0.0010350346565246582,-0.000651240348815918,0.006323456764221191,-0.017223477363586426,0.005693793296813965,-0.01653832197189331,0.01811319589614868,0.029282212257385254,-0.07872676849365234,-0.000980377197265625,0.007506847381591797,-0.018147706985473633,-0.0034276247024536133,-0.022629201412200928,0.021390318870544434,0.016203880310058594,0.03650093078613281,-0.03095853328704834,0.009139657020568848,-0.03960824012756348
2021-10-28,-0.03290903568267822,0.018291234970092773,-0.004474222660064697,-0.04583275318145752,0.007967114448547363,-0.07383972406387329,0.0030745267868041992,-0.0058405399322509766,0.04323005676269531,-0.0009813308715820312,-0.027557969093322754,-0.013097107410430908,0.02988898754119873,-0.004954159259796143,-0.00016885995864868164,-0.011469662189483643,-0.01577603816986084,0.019726097583770752,-0.10632652044296265,0.015675485134124756
2021-10-29,-0.016274690628051758,-0.07283055782318115,-0.0035954713821411133,-0.03196096420288086,0.014180004596710205,-0.007431924343109131,-0.00660860538482666,-0.016487479209899902,-0.015991806983947754,0.03438115119934082,-0.0052016377449035645,-0.004413723945617676,0.03257042169570923,0.016071081161499023,-0.022972941398620605,-0.0013677477836608887,-0.0046225786209106445,0.03563189506530762,0.011218905448913574,-0.014139771461486816
2021-11-01,0.024945616722106934,-0.010100364685058594,0.006364941596984863,0.017852306365966797,0.0011456012725830078,0.03252840042114258,-0.002516627311706543,0.04398810863494873,-0.08869457244873047,-0.00379866361618042,0.02301967144012451,0.006874561309814453,-0.01410365104675293,-0.00041669607162475586,0.021351933479309082,0.002267003059387207,-0.02778393030166626,0.018740057945251465,0.004160404205322266,0.02725154161453247
2021-11-02,-0.030309200286865234,-0.0036409497261047363,-0.07371437549591064,-0.009914636611938477,0.0015292763710021973,-0.006926000118255615,-0.014298200607299805,0.02402043342590332,0.02248990535736084,-0.0019066333770751953,-0.0596156120300293,0.0075713396072387695,0.008075296878814697,-0.07229799032211304,-0.008125245571136475,-0.005395710468292236,-0.010235965251922607,-0.022348642349243164,0.006132006645202637,-0.0003619194030761719
2021-11-03,-0.011010229587554932,-0.02151435613632202,0.0162581205368042,0.03572404384613037,0.012699425220489502,-0.006843149662017822,-0.020553112030029297,-0.02986842393875122,0.04636693000793457,-0.024832844734191895,0.003742694854736328,0.00927126407623291,0.008593440055847168,-0.018027186393737793,0.006741166114807129,-0.014474093914031982,-0.0513538122177124,-0.022655010223388672,-0.015977680683135986,-0.023228883743286133
2021-11-04,0.01150214672088623,0.013979077339172363,0.009109854698181152,0.0065045952796936035,-0.009113788604736328,0.010126352310180664,-0.01360177993774414,0.00639653205871582,-0.010585904121398926,0.013712048530578613,-0.01729750633239746,0.006377696990966797,-0.027372241020202637,0.013159990310668945,0.020511865615844727,0.009206295013427734,0.023829340934753418,-0.009845852851867676,0.009039163589477539,-0.0009194612503051758
2021-11-08,-0.005477011203765869,-0.010847747325897217,0.014658212661743164,-0.010105371475219727,0.004035294055938721,0.001983165740966797,-0.01071465015411377,-0.023524463176727295,0.02119368314743042,0.00966179370880127,0.01593703031539917,-0.002834320068359375,0.026642978191375732,-0.006774604320526123,-0.010631263256072998,0.0134810209274292,0.06834030151367188,0.005644679069519043,0.023943781852722168,-0.00671231746673584
2021-11-09,0.0005769729614257812,-0.0005092620849609375,0.01710224151611328,-0.0056362152099609375,-0.017493009567260742,0.028057456016540527,-0.03602302074432373,-0.09074699878692627,-0.005102038383483887,0.0,-0.06785070896148682,0.01811814308166504,-0.04105842113494873,0.01345968246459961,0.004029631614685059,0.021104097366333008,0.010369420051574707,-0.0073539018630981445,0.02381598949432373,-0.004983186721801758
2021-11-10,0.004141092300415039,0.007071375846862793,-0.008005976676940918,0.013451099395751953,0.0033499598503112793,-0.0008674263954162598,-0.0034770965576171875,-0.029242873191833496,-0.0034666061401367188,0.007655501365661621,0.040555596351623535,0.0034933090209960938,-0.033742308616638184,0.004199624061584473,-0.010702371597290039,-0.011898934841156006,-0.0021123886108398438,0.00883704423904419,-0.013503611087799072,-0.03338217735290527
2021-11-11,-0.018688619136810303,-0.007876276969909668,-0.026587963104248047,0.0007101297378540039,-0.008625030517578125,-0.007051289081573486,-0.0002970695495605469,-0.014193892478942871,0.004811882972717285,-0.02374166250228882,0.007932960987091064,0.026194095611572266,0.016532421112060547,-0.017282307147979736,-0.04546999931335449,-0.009782910346984863,0.011203408241271973,0.011112570762634277,-0.010426700115203857,0.008515238761901855
2021-11-12,0.00893712043762207,-0.014585673809051514,-0.010921478271484375,0.018476426601409912,0.005407452583312988,0.004094481468200684,0.002573251724243164,-0.02417147159576416,-0.01239776611328125,-0.0009728074073791504,-0.010266900062561035,-0.01792067289352417,0.01637929677963257,-0.004164695739746094,0.019320964813232422,0.013784289360046387,0.017458319664001465,0.004703998565673828,0.011347055435180664,-0.006339073181152344
2021-11-15,0.016397714614868164,0.014703869819641113,-0.008680522441864014,-0.03098762035369873,-0.005563259124755859,-0.0005522370338439941,0.021631240844726562,0.03133690357208252,0.0553513765335083,-0.06036996841430664,0.019211173057556152,0.0020668506622314453,0.003067493438720703,-0.05549979209899902,-0.0022257566452026367,0.017634272575378418,0.0437314510345459,0.03006434440612793,0.0017631053924560547,-0.0188295841217041
2021-11-16,-0.003683149814605713,-0.0035079121589660645,-0.005129396915435791,-0.05660104751586914,-0.007732987403869629,-0.00031876564025878906,0.0005071163177490234,0.019606411457061768,0.008426249027252197,0.0010362863540649414,0.00607752799987793,-0.004026293754577637,-0.009230852127075195,-0.011332988739013672,-0.0054285526275634766,-0.0013223886489868164,-0.0017853379249572754,-0.04060637950897217,-0.002933323383331299,0.005118966102600098
2021-11-17,0.02801215648651123,0.02920854091644287,-0.0026319026947021484,0.0543665885925293,0.009046077728271484,-0.02455151081085205,-0.02841198444366455,-0.021217942237854004,0.03673684597015381,-0.004140794277191162,0.013492345809936523,0.013432621955871582,-0.0026131868362426758,0.00867396593093872,0.012434601783752441,-0.014817357063293457,0.017810583114624023,-0.010405778884887695,0.006311893463134766,0.031339824199676514
2021-11-18,-0.01468801498413086,-0.03801077604293823,0.025890588760375977,-0.027129530906677246,0.004343986511230469,-0.0020483732223510742,0.004341423511505127,-0.0034629106521606445,0.06039631366729736,-0.02598750591278076,-0.023573875427246094,-0.005850553512573242,0.0008687973022460938,0.009129464626312256,-0.010437488555908203,0.014066815376281738,0.016656875610351562,0.02664780616760254,-0.016265392303466797,0.018694818019866943
2021-11-22,-0.06194096803665161,-0.03952986001968384,-0.006725668907165527,0.011769592761993408,-0.04464113712310791,-0.07149249315261841,-0.06421560049057007,0.03853106498718262,0.02455580234527588,-0.018142998218536377,0.04062187671661377,-0.07433581352233887,0.04347825050354004,-0.0004354715347290039,-0.03672736883163452,-0.04296356439590454,0.008714079856872559,0.02354186773300171,-0.03604036569595337,0.033673107624053955
2021-11-23,0.01989150047302246,0.03465616703033447,0.003841996192932129,-0.014817953109741211,0.008074641227722168,0.012511372566223145,-0.00031769275665283203,-0.019629240036010742,-0.03361475467681885,0.016304373741149902,0.011030435562133789,-0.06968927383422852,-0.03227269649505615,-0.01739203929901123,-0.0028936266899108887,-0.0467071533203125,0.021454215049743652,-0.00013554096221923828,0.022757887840270996,-0.012221813201904297
2021-11-24,0.011014342308044434,-0.008808791637420654,0.006512641906738281,-0.035480380058288574,-0.0059090256690979,0.001161336898803711,0.019809365272521973,0.004539787769317627,0.0002865791320800781,0.01390373706817627,0.014208555221557617,0.001407623291015625,0.01365041732788086,0.007854342460632324,-0.034141361713409424,0.023338019847869873,-0.0072866082191467285,-0.0004062652587890625,-0.01304394006729126,0.004887223243713379
2021-11-25,0.008131027221679688,-0.00738835334777832,-0.009705901145935059,-0.05416452884674072,-0.00026422739028930664,0.002018451690673828,0.008206009864807129,-0.02758204936981201,-0.0020062923431396484,0.0,-0.014498353004455566,-0.021030306816101074,-0.004017829895019531,-0.03408074378967285,-0.00512540340423584,-0.020672202110290527,0.006266355514526367,0.003655076026916504,0.00022208690643310547,-0.007727861404418945
2021-11-26,-0.020242512226104736,-0.02536749839782715,-0.013481676578521729,-0.0762595534324646,-0.006474137306213379,-0.024959444999694824,-0.05264782905578613,0.021288275718688965,-0.01272881031036377,-0.02109706401824951,-0.0301513671875,0.032227516174316406,0.0324588418006897,0.021599173545837402,-0.00852733850479126,0.042910099029541016,-0.0450434684753418,0.004619598388671875,-0.05207633972167969,0.03232288360595703
2021-11-29,-0.0034972429275512695,0.0223085880279541,-0.005193233489990234,-0.014074981212615967,-0.01988166570663452,-0.009094834327697754,-0.03784662485122681,0.032275259494781494,-0.013133764266967773,-0.03556036949157715,-0.0075762271881103516,-0.023113131523132324,0.05284929275512695,-0.007381319999694824,-0.0064504146575927734,0.016666293144226074,-0.048413753509521484,0.04190546274185181,0.017511963844299316,0.02051544189453125
2021-11-30,0.012148380279541016,0.026621341705322266,-0.004766523838043213,-0.000686347484588623,0.0043419599533081055,0.015792369842529297,0.05448174476623535,0.014307916164398193,-0.019236087799072266,-0.008938610553741455,-0.0112687349319458,-0.05377304553985596,-0.014556050300598145,0.028835415840148926,-0.005500435829162598,0.024486899375915527,0.06544876098632812,-0.0589827299118042,0.00414431095123291,0.01111525297164917
2021-12-01,0.0132828950881958,0.0005054473876953125,0.012174129486083984,-0.09162092208862305,0.005201220512390137,0.015122175216674805,-0.0011791586875915527,-0.047309160232543945,-0.002598404884338379,0.0022548437118530273,-0.026652097702026367,0.002445816993713379,-0.07604014873504639,-0.025649070739746094,-0.0006347298622131348,-0.005409121513366699,0.023198246955871582,0.014126181602478027,0.013356328010559082,-0.012922406196594238
2021-12-02,0.028902411460876465,0.010510683059692383,0.004817485809326172,0.0002517104148864746,0.0028896331787109375,0.031676411628723145,0.00547337532043457,-0.12401092052459717,-0.0009548664093017578,0.01799774169921875,0.03757137060165405,-0.012956023216247559,-0.023555517196655273,-0.0034487247467041016,0.013881325721740723,-0.036197781562805176,-0.01174229383468628,-0.011872291564941406,0.018214702606201172,-0.01117241382598877
2021-12-03,-0.01862466335296631,0.00975942611694336,-0.0009288787841796875,-0.020516037940979004,0.004824399948120117,0.04041266441345215,0.026790499687194824,-0.07394123077392578,0.009130597114562988,0.008839845657348633,-0.0033690929412841797,-0.013597249984741211,0.020408153533935547,0.020892202854156494,-0.011901617050170898,0.002631962299346924,-0.007129073143005371,-0.006203651428222656,0.011111140251159668,-0.020828723907470703
2021-12-06,-0.002137601375579834,-0.0018734335899353027,0.010922908782958984,0.028737008571624756,-0.004867911338806152,-0.024704456329345703,-0.01465696096420288,0.022179365158081055,0.042222440242767334,-0.0021906495094299316,0.019302666187286377,0.018712878227233887,0.029255330562591553,0.0134010910987854,-0.003079056739807129,0.012738704681396484,-0.016807913780212402,0.012732863426208496,-0.015164792537689209,-0.005338549613952637
2021-12-07,0.0019854307174682617,0.004649996757507324,-0.0005391240119934082,-0.011936545372009277,0.015010356903076172,0.014940619468688965,0.0003165006637573242,-0.013140678405761719,-0.002297520637512207,0.010976910591125488,-0.004941225051879883,-0.026450276374816895,-0.011872172355651855,-0.017509102821350098,0.005450606346130371,-0.015163064002990723,0.012885451316833496,0.0009502172470092773,0.014784693717956543,-0.01447594165802002
2021-12-08,0.024091362953186035,0.006053447723388672,0.005849719047546387,-0.02999114990234375,0.0006601810455322266,0.021282672882080078,-0.006433308124542236,0.0020297765731811523,-0.019197702407836914,0.011943578720092773,-0.016117572784423828,-0.011439681053161621,-0.009025216102600098,-0.014314055442810059,0.008312225341796875,-0.01721036434173584,-0.025750398635864258,-0.011006951332092285,0.015888690948486328,-0.0016492605209350586
2021-12-09,-0.0018840432167053223,0.013874292373657227,-0.006520271301269531,0.02290445566177368,0.015900254249572754,-0.006553769111633301,0.010402321815490723,0.001322031021118164,-0.009558558464050293,-0.0010729432106018066,0.0027707815170288086,-0.0021774768829345703,0.0076029300689697266,0.002768099308013916,0.013799309730529785,-0.004070878028869629,0.0006306171417236328,-0.002285003662109375,0.012934207916259766,-0.01932847499847412
2021-12-10,-0.004285216331481934,-0.020521163940429688,0.0034297704696655273,0.002119719982147217,-0.012274324893951416,0.014508962631225586,-0.0007354021072387695,-0.015335440635681152,-0.010860443115234375,-0.0021482110023498535,-0.006140947341918945,-0.011349678039550781,-0.04461479187011719,0.007067084312438965,0.027841567993164062,-0.007218480110168457,0.007155060768127441,-0.0025478601455688477,0.0045948028564453125,0.006390869617462158
2021-12-13,0.032892704010009766,-0.0058119893074035645,0.0021414756774902344,0.011620640754699707,-0.0034191012382507324,-0.014407694339752197,0.017872214317321777,0.036164820194244385,0.01225900650024414,0.004305720329284668,-0.04614579677581787,0.0014153718948364258,0.0017256736755371094,0.00408172607421875,0.013844728469848633,-0.0002791881561279297,-0.027386128902435303,-0.016853928565979004,-0.004520535469055176,-0.00395810604095459
2021-12-14,-0.01939481496810913,-0.005823314189910889,-0.0076424479484558105,-0.011251568794250488,-0.012931287288665771,0.002565741539001465,-0.025717854499816895,-0.0010197162628173828,-0.014921188354492188,-0.016077160835266113,0.03167670965194702,-0.002265334129333496,0.009939432144165039,-0.016841650009155273,0.013231515884399414,-0.002977609634399414,-0.02456200122833252,0.016969263553619385,-0.0027247071266174316,-0.009011507034301758
2021-12-15,0.0026303529739379883,-0.017822325229644775,0.006863236427307129,-0.02650320529937744,-0.0032752156257629395,0.008860468864440918,-0.0023322701454162598,0.0041787028312683105,-0.022671103477478027,-0.0010893940925598145,0.016178786754608154,-0.010253190994262695,0.026189446449279785,-0.0457763671875,0.00778508186340332,-0.0015538930892944336,0.013986945152282715,0.002542436122894287,-0.01237475872039795,0.009489238262176514
2021-12-16,-0.00792086124420166,-0.009677410125732422,0.0007059574127197266,0.01631951332092285,-0.00784599781036377,0.00643765926361084,0.007013082504272461,0.08442586660385132,-0.031035900115966797,-0.02071964740753174,0.021504640579223633,-0.0026247501373291016,0.0022411346435546875,0.013457298278808594,0.004319310188293457,-0.026491284370422363,-0.02303469181060791,0.006305336952209473,-0.016164004802703857,0.008171319961547852
2021-12-17,-0.013476431369781494,-0.006985783576965332,0.016192317008972168,0.04234248399734497,-0.016221702098846436,-0.036621272563934326,-0.01582777500152588,0.04241150617599487,0.02619236707687378,-0.022271692752838135,0.021690070629119873,0.0013464093208312988,-0.014375567436218262,0.026165425777435303,-0.011082649230957031,0.023393750190734863,-0.0009791254997253418,0.0217362642288208,-0.025691986083984375,0.0249289870262146
2021-12-20,-0.06201350688934326,-0.0022881627082824707,0.01804792881011963,0.03219139575958252,-0.014015793800354004,-0.038585007190704346,-0.04974806308746338,-0.019573211669921875,-0.053659796714782715,-0.03986334800720215,0.033120036125183105,0.03831028938293457,0.0279008150100708,0.04210638999938965,0.005938053131103516,0.041532933712005615,-0.06850928068161011,0.03270763158798218,-0.04668402671813965,0.01019740104675293
2021-12-21,0.01923501491546631,0.005683302879333496,-0.008853793144226074,-0.01469409465789795,-0.026897072792053223,0.04152858257293701,0.002820730209350586,-0.020365357398986816,0.010605216026306152,0.010676026344299316,-0.004815936088562012,-0.027063846588134766,-0.0,-0.014517545700073242,0.0018290281295776367,-0.047333359718322754,-0.022159039974212646,-0.010700583457946777,0.0167388916015625,-0.035764217376708984
2021-12-22,0.03089618682861328,0.009438157081604004,-0.013532757759094238,-0.004212737083435059,0.003867805004119873,0.022044062614440918,0.0007876157760620117,-0.038658738136291504,0.003917694091796875,0.014084577560424805,-0.017725348472595215,-0.010186433792114258,-0.026879191398620605,-0.022271275520324707,0.010124444961547852,-0.06127893924713135,0.045709848403930664,-0.018068909645080566,0.030357837677001953,-0.028134942054748535
2021-12-23,0.009310126304626465,0.023856759071350098,0.010762453079223633,-0.029889822006225586,-0.006198883056640625,-0.004446864128112793,-0.0019112229347229004,-0.002313852310180664,0.0075261592864990234,0.006944417953491211,-0.024565696716308594,-0.002602219581604004,0.005323827266693115,0.002307593822479248,-0.005340099334716797,-0.00713348388671875,-0.00734710693359375,-0.011647224426269531,0.004136204719543457,-0.0006219148635864258
2021-12-24,-0.008550524711608887,-0.013817191123962402,-0.0066214799880981445,0.03067713975906372,-0.008936524391174316,-0.0029131174087524414,-0.019373774528503418,0.0029240846633911133,-0.025038063526153564,-0.012643635272979736,-0.0048035383224487305,0.003356635570526123,-0.025423765182495117,0.012635886669158936,-0.004625380039215088,0.002798795700073242,-0.019820094108581543,0.009594321250915527,-0.01568669080734253,0.010497212409973145
2021-12-27,0.012074112892150879,-0.004060566425323486,0.010407805442810059,-0.015627026557922363,-0.005636334419250488,0.016642451286315918,0.0008040666580200195,-0.014531135559082031,-0.016742348670959473,-0.006984829902648926,-0.015063166618347168,-0.06271445751190186,0.016093969345092773,0.003927052021026611,-0.004978835582733154,-0.012111663818359375,-0.004462897777557373,-0.03805696964263916,0.008828282356262207,-0.013051390647888184
2021-12-28,0.022362232208251953,0.019681215286254883,0.005211830139160156,-0.0036203861236572266,-0.0020685195922851562,0.03982889652252197,0.03328359127044678,-0.03210175037384033,-0.07633483409881592,0.02813589572906494,-0.005968332290649414,0.0016023516654968262,-0.002210378646850586,-0.038042545318603516,-0.03110671043395996,-0.019261956214904785,0.0034418106079101562,-0.02879619598388672,0.031537652015686035,-0.006820559501647949
2021-12-29,0.004394888877868652,0.00789487361907959,0.004450082778930664,-0.001288294792175293,0.0023305416107177734,0.010952591896057129,0.0011107921600341797,0.01141369342803955,-0.045046210289001465,-0.003420710563659668,-0.005166053771972656,0.00644296407699585,-0.04190564155578613,0.00023317337036132812,0.009139478206634521,-0.0010673999786376953,0.0019479990005493164,-0.013217568397521973,-0.007326662540435791,0.004447817802429199
2021-12-30,-0.011115074157714844,0.009811162948608398,0.0029975175857543945,0.003216683864593506,-0.004405021667480469,-0.011623740196228027,0.001664280891418457,0.02460324764251709,0.03117382526397705,0.02745997905731201,-0.0050792694091796875,0.011960089206695557,-0.04022014141082764,0.00353240966796875,0.0066117048263549805,-0.004954695701599121,0.0008029937744140625,0.024171948432922363,-0.018923401832580566,0.015464961528778076
2021-12-31,0.021869540214538574,0.005976319313049316,0.006027817726135254,-0.019233226776123047,-0.004784345626831055,0.020406484603881836,-0.00011074542999267578,-0.0547717809677124,-0.008871793746948242,0.00556790828704834,0.006311953067779541,-0.006971955299377441,0.013023972511291504,-0.014714717864990234,-0.011832356452941895,-0.006885647773742676,0.022635698318481445,-0.011926531791687012,0.011595726013183594,-0.000628352165222168
2022-01-03,0.012691617012023926,0.00045359134674072266,-0.0011983513832092285,-0.01393115520477295,-6.61611557006836e-05,0.01604282855987549,0.009859323501586914,-0.026150226593017578,-0.010106205940246582,0.007751941680908203,-0.011980533599853516,-0.008236885070800781,0.011134028434753418,-0.005784034729003906,-0.004547595977783203,0.003140389919281006,-0.013524413108825684,-0.007771015167236328,0.022310495376586914,-0.022884249687194824
2022-01-04,-0.024917662143707275,0.02860713005065918,0.002812981605529785,-0.017361998558044434,-0.018251657485961914,-0.006560802459716797,-0.0986177921295166,-0.0394059419631958,-0.05665290355682373,-0.014285743236541748,-0.0044296979904174805,0.026793718338012695,0.009591341018676758,0.012402772903442383,-0.05060625076293945,-0.0069429874420166016,-0.00581890344619751,0.011180996894836426,-0.005524337291717529,0.0032057762145996094
2022-01-05,0.007258057594299316,-0.010266721248626709,-0.006374180316925049,-0.05365252494812012,-0.005195498466491699,0.004435896873474121,0.039440810680389404,-0.050102949142456055,0.010575532913208008,0.0033445358276367188,-0.0034409761428833008,0.013114869594573975,0.009263157844543457,0.006868183612823486,-0.01492774486541748,0.0052073001861572266,-0.0026737451553344727,0.011177599430084229,0.006709933280944824,-0.003626585006713867
2022-01-06,-0.0048539042472839355,-0.005289793014526367,-0.008307158946990967,0.005243539810180664,-0.004199504852294922,0.0037430524826049805,0.009251594543457031,0.0008872747421264648,0.01168280839920044,-0.03777778148651123,-0.005892753601074219,0.0029955506324768066,0.0012750029563903809,0.012996077537536621,-0.0030325651168823242,0.002524256706237793,-0.00823289155960083,-0.011698246002197266,-0.012073874473571777,-0.02386307716369629
2022-01-07,0.036807894706726074,0.016079306602478027,0.006621837615966797,0.008668184280395508,-0.0017371177673339844,-0.00029593706130981445,0.0010492205619812012,-0.010287284851074219,0.01534205675125122,-0.0096360445022583,-0.01743769645690918,0.013131260871887207,-0.007233977317810059,0.001777052879333496,-0.029251694679260254,-0.03918266296386719,-0.0009153485298156738,0.004547238349914551,0.025493502616882324,-0.007924318313598633
2022-01-10,0.05257296562194824,0.02465343475341797,0.021782398223876953,-0.022805094718933105,0.007129073143005371,0.024591445922851562,-0.016804933547973633,-0.004322171211242676,-0.015453338623046875,-0.07741248607635498,0.0060852766036987305,-0.015699028968811035,-0.035488009452819824,0.020921945571899414,0.005214035511016846,-0.010100007057189941,-0.001470029354095459,-0.0293656587600708,0.012996077537536621,-0.041358351707458496
2022-01-11,0.013776898384094238,0.015958070755004883,0.009423971176147461,0.015942692756652832,-0.0007115602493286133,-0.008128762245178223,0.0004131197929382324,-0.006163597106933594,0.020500540733337402,0.007873952388763428,0.009648680686950684,-0.022894620895385742,-0.005711913108825684,0.007082700729370117,-0.00022149085998535156,-0.0010275840759277344,-0.02728879451751709,0.009382545948028564,0.03508114814758301,0.0024742484092712402
2022-01-12,0.0046814680099487305,0.03214263916015625,0.00437319278717041,-0.06503880023956299,-0.0005817413330078125,0.02322685718536377,-0.00785362720489502,0.01591247320175171,-0.03929126262664795,-0.021825313568115234,0.00037169456481933594,-0.010334968566894531,-0.002028346061706543,-0.0016742944717407227,-0.014392256736755371,-0.03681623935699463,-0.023470044136047363,0.0014078617095947266,0.021394729614257812,-0.003498077392578125
2022-01-13,0.0011309385299682617,0.034087419509887695,-0.017211079597473145,0.004629671573638916,-0.01847660541534424,0.0085219144821167,-0.002665877342224121,-0.027127623558044434,-0.049542784690856934,-0.033980607986450195,0.0007828474044799805,0.006278276443481445,0.009716570377349854,0.013720035552978516,0.008876681327819824,-0.011690378189086914,0.015947937965393066,-0.0014098882675170898,0.021198391914367676,-0.02256309986114502
2022-01-14,-0.0075463056564331055,0.01624000072479248,0.011976957321166992,-0.038538217544555664,0.0029178261756896973,0.001129150390625,-0.058083534240722656,-0.0035321712493896484,-0.007416129112243652,-0.002816915512084961,-0.013318657875061035,-0.008888483047485352,0.008994340896606445,0.010609745979309082,0.0087357759475708,0.0015432238578796387,-0.006942272186279297,-0.019838690757751465,0.014496326446533203,0.019400060176849365
2022-01-17,0.007876873016357422,0.014933586120605469,0.018347978591918945,-0.0037320852279663086,-0.02436542510986328,1.8715858459472656e-05,0.0002898573875427246,-0.010005593299865723,-0.011568188667297363,-0.05898869037628174,-0.0014497041702270508,-0.008036255836486816,-0.037953853607177734,0.002194643020629883,-0.005184054374694824,0.004617929458618164,-0.0007347464561462402,0.008659601211547852,0.00048601627349853516,-0.0001264810562133789
2022-01-18,-0.020825862884521484,-0.042500317096710205,-0.01388251781463623,0.010517358779907227,-0.028071045875549316,-0.026072382926940918,0.028712332248687744,0.021670281887054443,0.042277991771698,0.027409374713897705,-0.01644432544708252,-0.041762709617614746,0.027424514293670654,0.02968418598175049,0.010830402374267578,0.00958174467086792,-0.013212084770202637,0.0121535062789917,-0.02263784408569336,-0.031094014644622803
2022-01-19,-0.010565102100372314,-0.017026960849761963,-0.011628866195678711,-0.036826252937316895,-0.0011501908302307129,-0.00880122184753418,-0.013237714767456055,0.00043392181396484375,-0.03160059452056885,-0.07545459270477295,-0.02753359079360962,-0.017958104610443115,-0.0065386295318603516,0.0074822306632995605,0.004394471645355225,0.02227407693862915,0.003973841667175293,0.017557382583618164,0.005666255950927734,0.017676591873168945
2022-01-20,-0.011983692646026611,-0.011428415775299072,-0.0013778209686279297,0.011908471584320068,0.00850820541381836,0.032674431800842285,0.0011788010597229004,-0.02301013469696045,-0.014965534210205078,-0.04902780055999756,0.025540471076965332,0.012061357498168945,0.042630910873413086,0.0053476691246032715,-0.0009726285934448242,-0.00424349308013916,-0.02887594699859619,-0.011218428611755371,-0.013443410396575928,-0.005896627902984619
2022-01-21,-0.03728342056274414,-0.025111675262451172,0.012307882308959961,0.020750343799591064,-0.022074222564697266,-0.05683249235153198,0.02124309539794922,0.037010252475738525,0.024997055530548096,0.044319093227386475,-0.05647265911102295,-0.04035371541976929,0.011450350284576416,0.03167933225631714,-0.009192824363708496,-0.035420119762420654,-0.006775975227355957,0.019736826419830322,-0.03311455249786377,-0.02662801742553711
2022-01-24,-0.036815524101257324,-0.039844632148742676,-0.014246761798858643,-0.05639982223510742,-0.023675143718719482,-0.05487912893295288,0.06229901313781738,0.021686077117919922,-0.083057701587677,-0.06492406129837036,0.01966226100921631,-0.04383385181427002,0.015444040298461914,-0.044687867164611816,0.02229142189025879,-0.04324132204055786,-0.005536198616027832,0.017765522003173828,-0.054766833782196045,-0.030933260917663574
2022-01-25,-0.0006107687950134277,0.03127431869506836,-0.030974268913269043,0.025405406951904297,-0.0055141448974609375,-0.06248676776885986,0.011573076248168945,0.019951939582824707,0.02731609344482422,0.024346232414245605,0.006011486053466797,0.03362572193145752,-0.02091503143310547,-0.020079493522644043,0.01916372776031494,0.04253709316253662,-0.07103526592254639,-0.00884246826171875,0.007783770561218262,0.03745734691619873
2022-01-27,-0.009166836738586426,-0.01661163568496704,0.006801784038543701,0.006525874137878418,0.01436305046081543,-0.040207624435424805,-0.015719890594482422,-0.05542469024658203,0.02019321918487549,0.029929637908935547,0.014444530010223389,-0.02322208881378174,0.004268050193786621,-0.022406160831451416,-0.04981076717376709,-0.04916006326675415,0.03239595890045166,-0.009296178817749023,-0.009083449840545654,-0.02424567937850952
2022-01-28,0.019479870796203613,0.04836225509643555,0.00439077615737915,-0.05032968521118164,-0.03635406494140625,0.04452502727508545,0.0018144845962524414,0.028162479400634766,-0.006761729717254639,-0.021367549896240234,-0.023288607597351074,0.033974528312683105,0.003857731819152832,-0.002591073513031006,0.006095528602600098,0.02226436138153076,-0.011062979698181152,-0.0,0.03639256954193115,0.023700237274169922
2022-01-31,-0.004890322685241699,-0.031826019287109375,-0.00720059871673584,0.0008100271224975586,-0.0033681392669677734,0.004456162452697754,-0.036997437477111816,-0.10167622566223145,0.01262521743774414,-0.017467260360717773,-0.0028609037399291992,0.018707633018493652,-0.02237522602081299,-0.027942538261413574,-0.007835924625396729,0.0022695064544677734,0.048527657985687256,-0.026842117309570312,-0.010910451412200928,-0.01741313934326172
2022-02-01,0.02624380588531494,0.024697303771972656,0.015111863613128662,-0.025205254554748535,0.0015200376510620117,0.014698624610900879,0.015157759189605713,-0.06188011169433594,-0.012956798076629639,0.00977778434753418,0.007479190826416016,-0.08197128772735596,0.029461264610290527,-0.0017052888870239258,0.0066765546798706055,0.016785740852355957,0.003400146961212158,0.006150782108306885,0.020883560180664062,0.010941863059997559
2022-02-02,-0.0022215843200683594,-0.013352572917938232,0.009688198566436768,-0.04281812906265259,-0.007358074188232422,0.04332458972930908,0.010993599891662598,-0.05368912220001221,-0.004210531711578369,0.014964818954467773,-0.016010761260986328,0.006824314594268799,0.007805764675140381,-0.03374147415161133,0.020220041275024414,0.002574443817138672,-0.013473272323608398,-0.01689016819000244,0.014162063598632812,0.0011951923370361328
2022-02-03,-0.01622873544692993,-0.008970499038696289,0.009782969951629639,0.008921980857849121,-0.033373236656188965,-0.010010957717895508,-0.03186535835266113,-0.006047248840332031,0.015296697616577148,-0.1483086347579956,-0.013255953788757324,0.02497786283493042,-0.0008741617202758789,0.011786162853240967,-0.007769167423248291,-0.005583822727203369,-0.0034520626068115234,-0.0005071163177490234,-0.0014481544494628906,-0.01585090160369873
2022-02-04,0.008801460266113281,-0.013170242309570312,0.02747243642807007,-0.024932444095611572,0.032904744148254395,0.011373639106750488,-0.001538991928100586,-0.00698089599609375,-0.03233712911605835,0.03851956129074097,0.015731215476989746,-0.0035418272018432617,0.00960695743560791,-0.02489757537841797,-0.008549034595489502,-0.0015985369682312012,0.003953158855438232,-0.06057536602020264,-0.007924556732177734,-0.008086800575256348
2022-02-07,-0.003041207790374756,-0.019477009773254395,0.03390014171600342,-0.004408597946166992,-0.01033329963684082,-0.006764352321624756,-0.013931512832641602,0.02412945032119751,-0.147721529006958,-0.049489378929138184,0.0034002065658569336,0.024971306324005127,-0.008818387985229492,-0.02070760726928711,-0.0186154842376709,0.0061168670654296875,-0.0038830041885375977,0.00250929594039917,-0.004698753356933594,-0.01385962963104248
2022-02-08,-0.02055305242538452,0.006624937057495117,-0.003063678741455078,-0.012272298336029053,-0.0032428503036499023,-0.012194931507110596,0.035158634185791016,0.05786687135696411,-0.04863786697387695,0.04266470670700073,0.039773762226104736,-0.0030246973037719727,0.011363685131072998,-0.022629141807556152,-0.008293747901916504,0.03284645080566406,-0.006731629371643066,0.023239076137542725,-0.026542186737060547,0.00275576114654541
2022-02-09,0.031093597412109375,0.03278851509094238,0.007460474967956543,0.0352247953414917,0.004537761211395264,-0.005795657634735107,-0.0060732364654541016,0.02270662784576416,-0.016512393951416016,-0.010164141654968262,-0.0029450654983520508,0.002002120018005371,0.008841753005981445,0.008164405822753906,0.026993513107299805,0.020740389823913574,0.007684230804443359,-0.01152801513671875,0.04273080825805664,0.01559603214263916
2022-02-10,0.012329816818237305,0.005531668663024902,0.011473298072814941,0.00829005241394043,-0.008804798126220703,-0.007584810256958008,0.02081596851348877,-0.03256654739379883,-0.04852569103240967,-0.004644036293029785,-0.005967617034912109,-0.013287782669067383,-0.010258674621582031,0.00643390417098999,0.003386259078979492,0.00029027462005615234,0.02222609519958496,0.004122138023376465,-0.008009910583496094,-0.0005411505699157715
2022-02-11,-0.03379964828491211,-0.016705095767974854,0.010283112525939941,-0.0479813814163208,0.0220983624458313,-0.03402113914489746,0.03411984443664551,0.014774024486541748,0.009275734424591064,0.04699540138244629,0.013465166091918945,0.03751957416534424,0.008388519287109375,0.027083158493041992,-0.02282041311264038,-0.041786789894104004,0.009866893291473389,0.01874852180480957,-0.04698890447616577,-0.021930456161499023
2022-02-14,-0.024350762367248535,-0.022572994232177734,0.017283737659454346,-0.03802525997161865,0.03595393896102905,-0.06713837385177612,0.044349074363708496,0.04999655485153198,0.05109560489654541,0.09700888395309448,0.014527082443237305,0.05678439140319824,0.04140692949295044,0.005168020725250244,-0.01792609691619873,-0.052855849266052246,0.023930072784423828,-0.050620317459106445,-0.03159511089324951,-0.041799306869506836
2022-02-15,0.021741390228271484,0.03096616268157959,-0.00761723518371582,0.029076814651489258,-0.03565335273742676,0.03610634803771973,0.0027637481689453125,-0.024168014526367188,-0.03799724578857422,-0.03401970863342285,-0.014992952346801758,-0.028943777084350586,-0.014398455619812012,-0.026623964309692383,0.024868130683898926,-0.06313824653625488,-0.030402541160583496,0.017903804779052734,0.03036808967590332,0.031850337982177734
2022-02-16,-0.0006093978881835938,-0.030004799365997314,-0.003497600555419922,0.013671875,-0.01591324806213379,-0.010735154151916504,0.019399523735046387,0.004598796367645264,0.0063707828521728516,0.001731574535369873,-0.012729525566101074,0.010911703109741211,-0.004578709602355957,0.004676938056945801,-0.010294079780578613,0.012471199035644531,-0.0038886070251464844,-0.006547749042510986,-0.008491277694702148,-0.011968910694122314
2022-02-17,-0.009248495101928711,-0.014030098915100098,0.008437752723693848,0.010661482810974121,6.240606307983398e-05,-0.013924956321716309,0.02461141347885132,0.001908719539642334,0.0015265345573425293,0.016478776931762695,-0.029265999794006348,-0.03859889507293701,0.017319917678833008,-0.005199551582336426,0.00990593433380127,0.012121021747589111,-0.011620759963989258,-0.011113941669464111,-0.00895082950592041,-0.011901319026947021
2022-02-18,-0.017335951328277588,0.003937244415283203,0.006307125091552734,-0.025419414043426514,-0.0031205415725708008,-0.011268556118011475,0.00748521089553833,0.03140127658843994,0.011517643928527832,0.019400417804718018,0.009813547134399414,0.017283141613006592,0.017625272274017334,0.008582651615142822,-0.00653916597366333,0.020490825176239014,0.009215831756591797,-0.012937843799591064,-0.011094331741333008,-0.0028678178787231445
2022-02-21,-0.02364426851272583,-0.0014917254447937012,0.01858234405517578,-0.028429806232452393,0.02146458625793457,-0.027716457843780518,0.0008513927459716797,0.01699388027191162,0.021241486072540283,0.010791361331939697,-0.0988314151763916,0.0103682279586792,-0.044381558895111084,0.03165215253829956,-0.0018101930618286133,0.003168344497680664,-0.009432554244995117,-0.020654022693634033,-0.011275231838226318,-0.028688549995422363
2022-02-22,-0.017106831073760986,-0.011522352695465088,0.011873841285705566,-0.015302062034606934,-0.005595088005065918,-0.01309359073638916,0.035305559635162354,-0.010061025619506836,0.03708386421203613,0.030000030994415283,0.04015010595321655,-0.008446931838989258,-0.03359675407409668,0.004270493984222412,-0.017968952655792236,-6.318092346191406e-05,0.002444326877593994,-0.02068406343460083,-0.009579241275787354,-0.015323162078857422
2022-02-23,-0.002610623836517334,0.01947176456451416,0.0011658072471618652,0.036804795265197754,-6.318092346191406e-05,0.018119335174560547,-0.060196757316589355,-0.0021370649337768555,-0.045076608657836914,-0.028116226196289062,0.009186387062072754,0.010116338729858398,0.009202361106872559,-0.015912532806396484,0.013765335083007812,-0.00877690315246582,-0.008564949035644531,0.016013264656066895,-0.005066215991973877,-0.007743120193481445
2022-02-24,-0.055676817893981934,-0.06144511699676514,0.00791633129119873,-0.07020765542984009,-0.07207435369491577,-0.07895654439926147,0.03582906723022461,0.049994468688964844,0.06605952978134155,0.05104827880859375,0.049011826515197754,0.03462117910385132,-0.09067881107330322,-0.056557297706604004,-0.043384671211242676,0.052161574363708496,0.022681832313537598,-0.0255434513092041,-0.09084594249725342,-0.08091527223587036
2022-02-25,-0.0779581069946289,0.043698787689208984,-0.03401482105255127,0.042562127113342285,0.03365814685821533,-0.07610428333282471,-0.040000081062316895,0.027503371238708496,-0.08317458629608154,-0.04034590721130371,-0.013098359107971191,-0.028877735137939453,0.04679667949676514,0.0362781286239624,0.02518606185913086,-0.06757950782775879,-0.029895782470703125,0.029280543327331543,0.05193483829498291,0.03536391258239746
2022-02-28,0.00771409273147583,0.01883220672607422,0.006274998188018799,0.024549126625061035,0.02023601531982422,-0.0012521743774414062,0.017212748527526855,-0.03560745716094971,-0.013246417045593262,-0.012003660202026367,-0.010100841522216797,-0.02784264087677002,0.021287918090820312,-0.003894209861755371,0.014352083206176758,0.017010986804962158,0.01196146011352539,0.020455121994018555,0.017969489097595215,0.01648080348968506
2022-03-02,0.024510085582733154,-0.018851518630981445,0.0001360774040222168,0.02382838726043701,0.015764236450195312,0.028713643550872803,0.013890564441680908,-0.039247989654541016,-0.05852317810058594,-0.0447080135345459,0.0497627854347229,0.00992041826248169,0.016675472259521484,0.019608259201049805,-0.0021639466285705566,0.014305710792541504,0.009101331233978271,-0.01685917377471924,0.01735508441925049,0.036187052726745605
2022-03-03,0.02484917640686035,-0.02507692575454712,-0.0019615888595581055,0.006982088088989258,-0.005724489688873291,-0.017124652862548828,0.01959824562072754,0.011823952198028564,-0.004148960113525391,0.002620100975036621,-0.008150935173034668,0.013031065464019775,0.02306509017944336,-0.01772129535675049,-0.02468925714492798,0.002468585968017578,-0.00885772705078125,0.0022954940795898438,0.039376020431518555,0.035074472427368164
2022-03-04,0.05839955806732178,-0.03487008810043335,0.006518185138702393,0.002696514129638672,-0.027187824249267578,0.03098893165588379,-0.01636683940887451,0.03499037027359009,-0.025848031044006348,0.018388807773590088,0.008085072040557861,0.046434223651885986,-0.030060112476348877,-0.012923955917358398,-0.03318226337432861,0.04667729139328003,0.014207899570465088,-0.008621811866760254,-0.031476616859436035,0.0
2022-03-07,0.02977520227432251,0.006465315818786621,0.016652822494506836,-0.02778846025466919,-0.0016439557075500488,0.04339754581451416,0.007744312286376953,0.018696725368499756,-0.017047643661499023,0.036574482917785645,0.023496031761169434,0.02072763442993164,-0.030475258827209473,-0.013892292976379395,-0.042635977268218994,0.03627455234527588,0.015004932880401611,-0.0076097846031188965,-0.014856934547424316,0.025414347648620605
2022-03-08,-0.01559305191040039,-0.05883753299713135,-0.013077616691589355,0.03951525688171387,-0.000922083854675293,-0.03132760524749756,-0.013503432273864746,0.0010563135147094727,-0.0012892484664916992,-0.02037036418914795,-0.03740489482879639,0.006013274192810059,0.0250399112701416,0.013921737670898438,0.007484078407287598,-0.016927480697631836,-0.02703726291656494,0.019717931747436523,0.02491903305053711,-0.010469317436218262
2022-03-09,-0.015353560447692871,0.013983964920043945,-0.013434767723083496,0.0024074316024780273,-0.004219412803649902,-0.04589509963989258,0.0023224353790283203,-0.024599552154541016,-0.017844080924987793,-0.035390257835388184,-0.03972041606903076,-0.03662407398223877,0.018191218376159668,0.028383493423461914,0.026045560836791992,-0.015549778938293457,-0.04254579544067383,-0.04310452938079834,0.02414071559906006,0.0013675689697265625
2022-03-10,0.002349555492401123,0.003702878952026367,-0.0020645856857299805,0.04778158664703369,0.013307690620422363,-0.018990755081176758,-0.0,-0.02957785129547119,-0.020151853561401367,-0.009640693664550781,0.010954022407531738,-0.026829004287719727,0.030117511749267578,0.014507412910461426,-0.05023229122161865,-0.027385473251342773,-0.006302356719970703,-0.015705466270446777,0.02099001407623291,-0.00136566162109375
2022-03-11,-0.020772933959960938,-0.06606674194335938,-0.004604935646057129,0.02062976360321045,0.016857266426086426,-0.019133687019348145,-0.043984293937683105,-0.0179290771484375,-0.13411283493041992,0.0017361044883728027,-0.023436546325683594,-0.026593923568725586,-0.004955410957336426,0.013848185539245605,0.005021274089813232,0.014859676361083984,0.0019222497940063477,-0.02065908908843994,0.019404172897338867,0.0017273426055908203
2022-03-14,-0.0300520658493042,0.0040000081062316895,0.000246584415435791,-0.004609942436218262,-0.014457345008850098,-0.0765610933303833,-0.02511441707611084,-0.027070283889770508,-0.03233611583709717,0.010434746742248535,-0.04944276809692383,-0.005367755889892578,-0.01643425226211548,0.03836166858673096,-0.0028227567672729492,-0.04649555683135986,0.00472182035446167,0.01986837387084961,0.004960894584655762,0.007256746292114258
2022-03-15,0.012864649295806885,-0.023512601852416992,0.02533489465713501,-0.034793972969055176,0.01388704776763916,0.003351926803588867,0.03617626428604126,-0.028219938278198242,0.048195481300354004,-0.07381367683410645,-0.11377310752868652,-0.01838994026184082,0.010126590728759766,-0.01140052080154419,-0.01100313663482666,-0.02742636203765869,-0.0017894506454467773,-0.000760197639465332,-0.012019038200378418,0.014052271842956543
2022-03-16,-5.817413330078125e-05,-0.01967597007751465,-0.0070503950119018555,-0.010334610939025879,0.028615474700927734,-0.010271549224853516,-0.013778328895568848,-0.0291520357131958,-0.016057252883911133,-0.0032733678817749023,0.01966869831085205,-0.001494288444519043,0.02907264232635498,0.029990792274475098,-0.03889310359954834,-0.02033054828643799,0.0006231069564819336,-0.007216095924377441,0.01889967918395996,0.01547551155090332
2022-03-17,-0.037407636642456055,0.01764202117919922,-0.01999819278717041,0.039656877517700195,-0.062077999114990234,-0.0027216672897338867,-0.015582919120788574,-0.048395633697509766,-0.07800042629241943,0.01712888479232788,-0.00568544864654541,-0.03365957736968994,0.021432042121887207,0.03179287910461426,-0.019327521324157715,-0.04819369316101074,-0.07527804374694824,-0.022373080253601074,0.0015457868576049805,0.012122511863708496
2022-03-21,-0.02215123176574707,-0.010576128959655762,-0.035125136375427246,0.032285094261169434,-0.00623929500579834,-0.018349885940551758,-0.007729649543762207,0.019159257411956787,-0.0043544769287109375,-0.05809128284454346,-0.05193817615509033,-0.008611917495727539,0.034334778785705566,-0.011117637157440186,0.010038197040557861,-0.006664872169494629,-0.03386354446411133,0.0035653114318847656,-0.00026607513427734375,0.01882147789001465
2022-03-22,0.0032918453216552734,-0.013244390487670898,-0.01201784610748291,0.01065683364868164,0.02801990509033203,0.006322205066680908,-0.01717233657836914,0.022110283374786377,-0.05173778533935547,0.003921568393707275,0.01320582628250122,0.014614582061767578,0.01567542552947998,-0.002262890338897705,0.01400291919708252,-0.009595274925231934,0.008805572986602783,-0.013448476791381836,0.016449332237243652,0.006448984146118164
2022-03-23,-0.004623770713806152,0.028609395027160645,-0.000555872917175293,-0.04515761137008667,0.009930193424224854,0.015473604202270508,-0.0006753206253051758,0.002073943614959717,0.02995532751083374,0.017322838306427002,-0.05261504650115967,0.01865917444229126,0.023150205612182617,-0.013338148593902588,0.006692767143249512,0.013400733470916748,0.01173180341720581,0.014365792274475098,0.007646322250366211,0.016686677932739258
2022-03-24,-0.0075064897537231445,-0.019634723663330078,0.0111314058303833,-0.0030008554458618164,0.016655564308166504,-0.008916735649108887,0.013834178447723389,-0.0030493736267089844,-0.030030488967895508,-0.020032048225402832,0.011131525039672852,0.004778563976287842,0.003992915153503418,0.003995299339294434,0.004272758960723877,-0.0049707889556884766,-0.014867544174194336,-0.006793498992919922,0.011122703552246094,0.006499528884887695
2022-03-25,-0.0040787458419799805,-0.024364233016967773,-0.00312197208404541,-0.013122975826263428,0.01866847276687622,0.005356311798095703,-0.0038777589797973633,0.013637900352478027,0.041050732135772705,-0.010997653007507324,0.0033295154571533203,-0.0016760826110839844,0.0022094249725341797,0.01591777801513672,-0.013533473014831543,-0.002472996711730957,0.006939351558685303,0.0012268424034118652,0.0024672746658325195,-0.000717461109161377
2022-03-28,0.016898691654205322,-0.023735404014587402,-0.0314788818359375,0.015493512153625488,-0.005984306335449219,0.02439028024673462,0.009316086769104004,0.024932444095611572,-0.07163345813751221,0.0271950364112854,0.0050470829010009766,0.012380003929138184,-0.002204596996307373,-0.016258537769317627,0.02304178476333618,0.003365814685821533,-0.03439009189605713,-0.025426864624023438,-0.018921077251434326,-0.022258460521697998
2022-03-29,-0.016307592391967773,-0.007380843162536621,0.01248711347579956,0.02630937099456787,-0.012460827827453613,-0.021412134170532227,0.002064228057861328,0.016899406909942627,-0.02335226535797119,-0.12939298152923584,-0.03299415111541748,-0.02955448627471924,-0.005744576454162598,0.03185462951660156,0.0007500648498535156,-0.005948424339294434,-0.013767242431640625,-0.016650676727294922,0.03224790096282959,0.0016022920608520508
2022-03-30,-0.021250128746032715,0.006933867931365967,-0.03021681308746338,-0.01264190673828125,0.01459580659866333,0.0018239021301269531,-0.055159687995910645,-0.017603158950805664,0.02412712574005127,-0.03536069393157959,-0.04017162322998047,-0.00397181510925293,0.016000032424926758,0.004810333251953125,-0.017681360244750977,-0.032274723052978516,0.003900766372680664,-0.008247852325439453,-0.0036455392837524414,-0.007531881332397461
2022-03-31,-0.015605926513671875,0.006707191467285156,-0.019971132278442383,0.0008299350738525391,-0.003702998161315918,-0.012294173240661621,0.014484822750091553,0.03179061412811279,-0.0335007905960083,-0.015027403831481934,-0.02398371696472168,-0.006211519241333008,0.0004373788833618164,-0.011082887649536133,-0.005736708641052246,0.009793579578399658,-0.013996243476867676,-0.04826462268829346,-0.009706318378448486,-0.008394896984100342
2022-04-01,0.0002613067626953125,0.04104912281036377,0.013864994049072266,0.01930820941925049,0.0031890869140625,-0.025247812271118164,0.003315269947052002,-0.019069910049438477,-0.02288496494293213,-0.03768503665924072,-0.01912868022918701,0.00814509391784668,-0.004809737205505371,0.013849258422851562,-0.012874841690063477,0.021460413932800293,-0.02613985538482666,-0.031995534896850586,0.013188362121582031,0.015509724617004395
2022-04-04,-0.016677021980285645,-0.011155009269714355,-0.005183219909667969,-0.07739686965942383,-0.012985467910766602,-0.005781650543212891,-0.019625186920166016,-0.03901815414428711,-0.02211940288543701,-0.07133591175079346,-0.0014647245407104492,-0.01102757453918457,0.014059782028198242,0.001801609992980957,-0.0036202669143676758,-0.0055114030838012695,-0.001934051513671875,-0.010365068912506104,0.014941215515136719,0.0036014318466186523
2022-04-05,-0.015118002891540527,-0.004539012908935547,0.008414804935455322,0.002912282943725586,-0.020621657371520996,-0.005532264709472656,-0.016528964042663574,-0.005819797515869141,-0.026415348052978516,0.012711822986602783,0.032785773277282715,-0.0016366243362426758,0.00909876823425293,0.016935229301452637,-0.005050182342529297,-0.02776622772216797,-0.02973759174346924,-0.012102842330932617,0.0017964839935302734,0.01169586181640625
2022-04-06,0.013626456260681152,0.008593142032623291,-0.00011265277862548828,-0.012873172760009766,-0.008737325668334961,-0.001225113868713379,0.00652545690536499,0.02968364953994751,0.006041228771209717,0.004291892051696777,-0.0062628984451293945,-0.008145809173583984,0.006869912147521973,-0.006300806999206543,-0.008773326873779297,0.009153008460998535,-0.004036307334899902,0.010601997375488281,-0.0031880736351013184,0.014845013618469238
2022-04-07,0.01083606481552124,-0.0059310197830200195,0.012702345848083496,0.024244368076324463,0.015458643436431885,0.0014167428016662598,-0.023258328437805176,-0.007021546363830566,0.03452259302139282,0.029556572437286377,0.008843779563903809,0.014986634254455566,-0.03752666711807251,-0.011247396469116211,0.01438969373703003,-0.0014526844024658203,0.009133458137512207,-0.00641101598739624,-0.019539237022399902,-0.002459585666656494
2022-04-08,-0.006853222846984863,0.003180563449859619,-0.0028302669525146484,-0.017403721809387207,-0.018084049224853516,-0.015369415283203125,-0.010312557220458984,-0.03188502788543701,-0.018004417419433594,-0.008883237838745117,-0.056984543800354004,-0.005820631980895996,-0.06158626079559326,0.020426630973815918,-0.012834906578063965,-0.021944522857666016,-0.018537044525146484,0.0002346038818359375,0.018960237503051758,0.007980823516845703
2022-04-11,0.010312974452972412,-0.013389945030212402,-0.022815823554992676,-0.02463698387145996,-0.007921218872070312,0.03141671419143677,-0.050723910331726074,-0.008794546127319336,0.041679561138153076,0.010062932968139648,-0.00814962387084961,0.005750298500061035,-0.08138561248779297,-0.002020597457885742,-0.03009665012359619,0.01772463321685791,-0.006783127784729004,0.0014075040817260742,0.007052898406982422,0.01248788833618164
2022-04-12,0.003542959690093994,0.019891321659088135,0.002263963222503662,0.03748428821563721,0.01422959566116333,0.012830078601837158,-0.021213293075561523,0.009576201438903809,-0.01135706901550293,0.03049546480178833,0.009607374668121338,0.020629167556762695,-0.013894319534301758,0.029444098472595215,-0.030050575733184814,0.023398399353027344,0.01198512315750122,-0.003279447555541992,-0.03178858757019043,-0.017356514930725098
2022-04-13,0.0036078691482543945,0.019486844539642334,0.00925910472869873,-0.03556227684020996,-0.01546180248260498,-0.01735854148864746,0.018345892429351807,0.008445322513580322,-0.009761929512023926,-0.03407597541809082,-0.05274933576583862,0.013515889644622803,-0.046821534633636475,-0.01911795139312744,-0.004041135311126709,0.00937110185623169,-0.0012565851211547852,0.008578181266784668,0.0023598670959472656,0.016174912452697754
2022-04-18,0.01401132345199585,-0.006846189498901367,0.007597088813781738,-0.06815552711486816,-0.018259644508361816,0.01233971118927002,-0.016513466835021973,0.016589045524597168,-0.0275496244430542,0.0304182767868042,-0.05178111791610718,-0.007689356803894043,-0.05950474739074707,-0.0065421462059021,-0.000676274299621582,-0.0018000602722167969,-0.01613140106201172,-0.009553790092468262,0.011361837387084961,-0.016490519046783447
2022-04-19,0.00026613473892211914,-0.005515456199645996,-0.007325530052185059,-0.0996055006980896,0.027570068836212158,0.0254286527633667,0.029085636138916016,0.01862889528274536,0.04322957992553711,0.01699352264404297,0.003439664840698242,0.014693796634674072,-0.041188955307006836,-0.011528432369232178,-0.015141189098358154,0.03318363428115845,0.013619184494018555,-0.023879528045654297,-0.019735872745513916,-0.0003237128257751465
2022-04-20,-0.001543879508972168,0.005505621433258057,-0.003590226173400879,-0.008433759212493896,-0.006126880645751953,-0.003775954246520996,0.013325333595275879,0.008541285991668701,-0.01921713352203369,0.003989279270172119,-0.012822508811950684,0.0016897320747375488,-0.007085919380187988,-0.00536423921585083,0.01726353168487549,-0.005417227745056152,0.010518252849578857,0.012533187866210938,0.0018584728240966797,0.025255799293518066
2022-04-21,-0.00015938282012939453,-0.014055013656616211,0.00457608699798584,0.054567575454711914,-0.0017313957214355469,-0.032030701637268066,-0.023151874542236328,-0.03732490539550781,-0.013683915138244629,-0.021361827850341797,0.007644772529602051,-0.03732621669769287,0.06512045860290527,0.0008002519607543945,0.015872955322265625,-0.001868128776550293,-0.007474780082702637,-0.0004761219024658203,0.013088107109069824,0.004737257957458496
2022-04-22,0.019717276096343994,0.005989134311676025,0.008385419845581055,-0.017073392868041992,0.010072112083435059,0.005456507205963135,-0.030269980430603027,0.006112098693847656,0.03564542531967163,0.004575133323669434,-0.015414774417877197,0.0034363865852355957,-0.010050296783447266,0.0007300376892089844,0.008311152458190918,0.022787868976593018,0.005309045314788818,0.016908764839172363,-0.010019838809967041,-0.015213370323181152
2022-04-25,-0.038926541805267334,0.005547940731048584,0.014186680316925049,-0.04209291934967041,0.003552079200744629,0.009546399116516113,-0.0022156238555908203,0.003630697727203369,0.04005932807922363,0.021667778491973877,0.0026357173919677734,0.010778844356536865,-0.03468698263168335,-0.007834136486053467,-0.007418394088745117,0.02193349599838257,-0.04017376899719238,-0.005386412143707275,-0.03776204586029053,-0.01653367280960083
2022-04-26,0.010492563247680664,-0.044682860374450684,0.0035086870193481445,0.023139357566833496,-0.02289891242980957,-0.012097716331481934,-0.04411768913269043,-0.0034521818161010742,-0.05241584777832031,-0.002684473991394043,-0.005214512348175049,-0.03206193447113037,-0.007887840270996094,0.011607766151428223,0.01179206371307373,-0.0327754020690918,-0.006069540977478027,0.01436305046081543,0.027550816535949707,0.011618852615356445
2022-04-27,-0.021604478359222412,-0.04254108667373657,0.012486577033996582,0.007284998893737793,-0.0013585090637207031,0.012128353118896484,0.03811103105545044,-0.0017201900482177734,0.010407984256744385,0.01673358678817749,0.014036178588867188,-0.03977698087692261,-0.01413428783416748,-0.015022456645965576,-0.010505616664886475,0.012308359146118164,-0.023932218551635742,-0.011838376522064209,-0.0004157423973083496,-0.017196059226989746
2022-04-28,0.010384559631347656,-0.006556987762451172,0.00302278995513916,0.0029144287109375,-0.06075620651245117,-0.011612415313720703,-0.007943272590637207,0.01767510175704956,0.007807493209838867,0.03675967454910278,0.002819657325744629,0.0015815496444702148,0.0004481077194213867,0.018590092658996582,0.0194094181060791,-0.011414766311645508,0.008426189422607422,0.005520224571228027,-0.002599179744720459,0.0324476957321167
2022-04-29,0.002880096435546875,0.005802512168884277,0.007174134254455566,-0.015068352222442627,0.005115985870361328,-0.019365668296813965,-0.008260607719421387,0.009799957275390625,0.018143892288208008,0.02049463987350464,0.017225146293640137,-0.006619513034820557,-0.007613062858581543,-0.017440080642700195,-0.013995051383972168,-0.00029861927032470703,-0.009897828102111816,0.003270745277404785,-0.020013511180877686,-0.0017073750495910645
2022-05-02,-0.04538542032241821,-0.0075283050537109375,-0.008828163146972656,0.008414387702941895,-0.01738297939300537,0.012163698673248291,0.002636849880218506,0.02665930986404419,-0.006954550743103027,-0.030303001403808594,-0.023662269115447998,-0.0031538009643554688,-0.021660685539245605,0.006478309631347656,0.00016498565673828125,0.0031439661979675293,-0.057245850563049316,0.018628478050231934,-0.09876084327697754,0.008931517601013184
2022-05-04,-0.01368492841720581,-0.027984142303466797,-0.0017799139022827148,-0.028933703899383545,0.003571033477783203,0.004459798336029053,-0.0019828081130981445,0.004543483257293701,0.008550941944122314,0.049719929695129395,-0.028325021266937256,-0.01951831579208374,-0.005073845386505127,-0.03185170888900757,-0.04125410318374634,0.040641963481903076,-0.026893258094787598,-0.030060529708862305,-0.0015004873275756836,-0.007282853126525879
2022-05-05,-0.007595181465148926,-0.00933218002319336,0.011331498622894287,0.006360888481140137,-0.00617527961730957,-0.05572432279586792,0.034960389137268066,0.005760550498962402,-0.007961273193359375,-0.05232131481170654,-0.012625694274902344,-0.013635516166687012,-0.008344948291778564,-0.014413893222808838,-0.009552478790283203,0.003620445728302002,-0.0004837512969970703,0.026520192623138428,-0.011357545852661133,-0.0011383295059204102
2022-05-06,-0.043690502643585205,-0.002705693244934082,-0.02755028009414673,-0.004324615001678467,0.0010959506034851074,-0.061072468757629395,0.04413628578186035,-0.04999816417694092,0.04205888509750366,0.04621851444244385,0.041371703147888184,-0.01184535026550293,0.0023375749588012695,-0.04197287559509277,-0.028412580490112305,0.038946688175201416,0.005085170269012451,-0.0022797584533691406,0.013189375400543213,-0.044194042682647705
2022-05-09,-0.017077326774597168,-0.010266005992889404,0.0002435445785522461,-0.04042774438858032,0.008832037448883057,-0.015034973621368408,0.031566083431243896,-0.04999905824661255,0.05489903688430786,-0.08370041847229004,0.001917719841003418,-0.0029367804527282715,-0.020522356033325195,-0.022669196128845215,-0.016544461250305176,0.033354341983795166,-0.0,0.02786308526992798,0.024600505828857422,-0.0117911696434021
2022-05-10,-0.01397615671157837,-0.01877361536026001,-0.03946542739868164,-0.007776200771331787,0.023688316345214844,-0.03157997131347656,-0.030907154083251953,-0.049984633922576904,-0.0827336311340332,-0.048878252506256104,-0.021468639373779297,0.011018514633178711,-0.033809542655944824,-0.03200042247772217,0.0017278194427490234,0.04997086524963379,0.027265191078186035,0.02187645435333252,0.039469778537750244,0.015685677528381348
2022-05-11,-0.029648900032043457,-0.010963082313537598,-0.05057835578918457,-0.044332683086395264,-0.021825432777404785,0.01811373233795166,0.0003069639205932617,-0.04995894432067871,-0.1469818353652954,0.031171083450317383,-0.04053664207458496,-0.04526245594024658,-0.011335551738739014,-0.007180452346801758,-0.01770150661468506,-0.05730783939361572,0.028236210346221924,0.01423269510269165,-0.02170884609222412,0.0029698610305786133
2022-05-12,-0.007370650768280029,0.0006771087646484375,0.004615962505340576,0.013953566551208496,0.028072118759155273,-0.02601456642150879,0.05220061540603638,0.028633713722229004,-0.03266686201095581,-0.03594774007797241,-0.020432353019714355,0.014873385429382324,-0.006979107856750488,-0.02049851417541504,-0.022733569145202637,0.01785832643508911,0.013916730880737305,-0.0007278919219970703,0.0535740852355957,-0.03434884548187256
2022-05-13,0.015188336372375488,0.00790715217590332,0.004472017288208008,-0.05528736114501953,-0.00810551643371582,0.03366684913635254,-0.0384448766708374,-0.04999566078186035,-0.09984546899795532,0.02372884750366211,-0.016292333602905273,-0.008256316184997559,-0.04618477821350098,-0.011905252933502197,0.003215193748474121,-0.01697540283203125,-0.0007730722427368164,-0.005940914154052734,0.017265379428863525,0.02173769474029541
2022-05-16,0.008577704429626465,-0.0031574368476867676,0.01136314868927002,-0.01648348569869995,-0.00736081600189209,-0.0028234124183654785,-0.005511641502380371,-0.04999256134033203,0.008768796920776367,0.04470193386077881,-0.05047607421875,0.009987175464630127,-0.02639150619506836,0.008312344551086426,-0.0033932924270629883,-0.005287647247314453,-0.004257678985595703,-0.01976609230041504,-0.002556443214416504,0.02647721767425537
2022-05-17,0.018921375274658203,0.019829392433166504,-0.03378736972808838,0.05469655990600586,-0.05980551242828369,0.037541747093200684,-0.033612608909606934,-0.04999697208404541,0.026704788208007812,0.042789340019226074,-0.056701064109802246,-0.001262664794921875,0.01589524745941162,-0.0484844446182251,0.026009678840637207,-0.040518879890441895,-0.01817464828491211,-0.06240403652191162,-0.05447053909301758,0.018842220306396484
2022-05-18,0.01649951934814453,0.002742767333984375,-0.015708208084106445,0.012318253517150879,0.014054656028747559,-0.0077727437019348145,0.015008985996246338,-0.007977485656738281,-0.000523686408996582,-0.018237173557281494,0.007348597049713135,0.000102996826171875,-0.02137768268585205,-0.043125271797180176,-0.0030421018600463867,-0.005933165550231934,-0.014424324035644531,0.014128386974334717,-0.00879812240600586,0.004591584205627441
2022-05-19,-0.051559507846832275,-0.02268373966217041,-0.013653397560119629,-0.0251886248588562,0.022431373596191406,-0.02669316530227661,0.00609511137008667,0.031732797622680664,-0.05152386426925659,-0.036377668380737305,0.04895132780075073,0.021233320236206055,-0.011627912521362305,-0.015151143074035645,-0.020896852016448975,0.006962895393371582,0.0008832812309265137,0.014105141162872314,0.02881622314453125,-0.008696794509887695
2022-05-20,0.02959728240966797,-0.0026651620864868164,0.010987997055053711,-0.011234581470489502,-0.023441314697265625,-0.008527815341949463,-0.008381009101867676,-0.010070443153381348,0.04898262023925781,0.03694784641265869,-0.03118598461151123,0.004351913928985596,-0.044597744941711426,0.018112540245056152,0.010199189186096191,-0.002530217170715332,0.030179500579833984,-0.012933492660522461,-0.03891408443450928,-0.007044076919555664
2022-05-23,-0.004041433334350586,-0.010963499546051025,-0.005996227264404297,0.020956993103027344,-0.0016667842864990234,-0.011934757232666016,0.0036488771438598633,-0.03343343734741211,0.044062137603759766,0.03872966766357422,0.04226875305175781,0.029421508312225342,0.013204216957092285,-0.009910821914672852,0.023090600967407227,0.013538897037506104,0.04068136215209961,0.011525452136993408,0.019157886505126953,-0.021024107933044434
2022-05-24,-0.008704781532287598,-0.006450355052947998,-0.0004862546920776367,-0.007419288158416748,-0.04460549354553223,0.006696224212646484,0.022990822792053223,-0.0123823881149292,-0.02866750955581665,-0.03877711296081543,0.010869026184082031,-0.011483192443847656,-0.003568291664123535,0.0043678879737854,-0.00740128755569458,-0.014678716659545898,-0.014793872833251953,0.004458129405975342,0.006029725074768066,0.001646876335144043
2022-05-25,-0.02106165885925293,-0.008641839027404785,-0.05088245868682861,-0.10701388120651245,-0.0784645676612854,-0.055643677711486816,-0.0023947954177856445,0.03550875186920166,-0.08577114343643188,-0.06439095735549927,0.011483311653137207,0.0353093147277832,-0.0515555739402771,0.02037787437438965,-0.015281319618225098,0.04442495107650757,0.05289638042449951,0.028935611248016357,0.04536736011505127,-0.0360407829284668
2022-05-26,0.011667966842651367,-0.004717886447906494,-0.007387995719909668,-0.035295724868774414,0.025705337524414062,-0.0010294318199157715,-0.04300403594970703,-0.02300286293029785,0.010602951049804688,0.02985072135925293,-0.02675461769104004,-0.0055495500564575195,0.0028116703033447266,-0.012795209884643555,-0.002897977828979492,-0.015541434288024902,0.006804466247558594,-0.024595022201538086,-0.012654781341552734,-0.021627843379974365
2022-05-27,0.021200060844421387,-0.02525198459625244,-0.014128804206848145,0.012581348419189453,0.02071213722229004,0.02847456932067871,-0.053281545639038086,-0.021998047828674316,0.04992973804473877,0.046698927879333496,0.00907808542251587,-0.022366762161254883,0.0004673004150390625,-0.024443864822387695,0.014250993728637695,-0.040207862854003906,-0.0038061141967773438,-0.009925007820129395,-0.0021452903747558594,0.012203574180603027
2022-05-30,-0.05908083915710449,-0.02255415916442871,-0.04347825050354004,0.03156232833862305,0.013794183731079102,0.047435760498046875,-0.055313944816589355,-0.02992880344390869,0.04925048351287842,0.04461538791656494,-0.020969033241271973,-0.04702353477478027,0.015413284301757812,-0.01590096950531006,0.02819371223449707,-0.0372776985168457,-0.05269503593444824,-0.005599379539489746,-0.016804933547973633,0.03430938720703125
2022-05-31,0.0621340274810791,0.024404287338256836,-0.01797163486480713,0.00623011589050293,-0.007197260856628418,0.005437493324279785,0.00430065393447876,-0.028827428817749023,0.01785719394683838,-0.01251840591430664,0.005317389965057373,-0.01674950122833252,-0.02897876501083374,-0.014658808708190918,0.009349942207336426,-0.0057141780853271484,0.03206610679626465,-0.05340909957885742,0.0015264153480529785,-0.003730177879333496
2022-06-01,0.01439368724822998,0.006543755531311035,0.027000248432159424,-0.016097962856292725,0.018255949020385742,0.007911920547485352,0.03635382652282715,-0.008572220802307129,0.021888017654418945,0.021625638008117676,-0.024607419967651367,0.010332643985748291,0.02510654926300049,0.009444057941436768,-0.017903268337249756,0.02702873945236206,-0.000209808349609375,-0.017583608627319336,0.00337374210357666,0.00013375282287597656
2022-06-02,0.01320350170135498,-0.003929853439331055,-0.011242508888244629,0.020696520805358887,-0.008314728736877441,0.016395092010498047,-0.005509376525878906,0.0028845667839050293,-0.014633655548095703,0.05255472660064697,-0.004288077354431152,0.026699960231781006,-0.0032347440719604492,0.010943233966827393,0.01841104030609131,0.004275381565093994,0.0017171502113342285,0.001802206039428711,-0.005130648612976074,-0.005615353584289551
2022-06-03,0.02621978521347046,0.01335597038269043,-0.009084224700927734,-0.035895347595214844,-0.008698880672454834,-0.04286837577819824,0.029067635536193848,0.019252002239227295,-0.013938486576080322,-0.04715675115585327,0.009335041046142578,0.005171716213226318,-0.011126518249511719,0.00553208589553833,-0.02235281467437744,0.00555044412612915,-0.07138347625732422,0.019541144371032715,0.015208125114440918,-0.007327735424041748
2022-06-06,0.009021520614624023,0.010879337787628174,0.008554697036743164,0.007105350494384766,0.020880699157714844,-0.027909696102142334,-0.030416131019592285,0.0214383602142334,0.011527061462402344,-0.008005738258361816,0.009095251560211182,0.010383784770965576,-0.006563544273376465,0.0030325651168823242,-0.010748803615570068,-0.003243565559387207,0.004816412925720215,-0.048743486404418945,-0.011649012565612793,0.012122511863708496
2022-06-07,0.01344531774520874,-0.002642512321472168,0.0062760114669799805,-0.022294342517852783,-0.024337172508239746,-0.007118642330169678,-0.0122528076171875,0.007751166820526123,-0.00948256254196167,0.03154802322387695,0.0009757280349731445,0.0051724910736083984,-0.003775298595428467,0.029951870441436768,-0.017863750457763672,0.02080482244491577,0.00492936372756958,0.02003723382949829,0.0057045817375183105,-0.042087674140930176
2022-06-08,0.007240235805511475,-0.015303850173950195,0.011646747589111328,-0.025111854076385498,-0.018044769763946533,-0.04838883876800537,0.01228797435760498,-0.015316128730773926,-0.06004369258880615,-0.017069756984710693,0.0032778382301330566,0.01550370454788208,-0.008053123950958252,0.0003463625907897949,-0.015188395977020264,0.03061622381210327,-0.011474847793579102,-0.00442659854888916,0.004887402057647705,-0.014808595180511475
2022-06-09,-0.015086531639099121,0.0024843811988830566,0.00021076202392578125,-0.012879371643066406,0.016268610954284668,-0.00739520788192749,0.0014854669570922852,-0.02520120143890381,0.0150986909866333,-0.010853826999664307,0.0001494884490966797,-0.004595398902893066,-0.00955110788345337,0.0028288960456848145,-0.001999199390411377,-0.01672053337097168,0.01374894380569458,0.00881427526473999,-0.005391836166381836,0.016520142555236816
2022-06-10,-0.0048601627349853516,-0.0119246244430542,0.004609227180480957,-0.011247754096984863,-0.014838099479675293,0.03823208808898926,0.0005578398704528809,0.0007817745208740234,-0.020682990550994873,0.015362143516540527,-0.005099654197692871,0.0032771825790405273,-0.012536108493804932,0.004882693290710449,0.005818963050842285,-0.00263214111328125,-0.031546831130981445,0.02381962537765503,-0.0028672218322753906,-0.017297863960266113
2022-06-13,0.01612222194671631,0.01869499683380127,0.02456766366958618,-0.028060078620910645,-0.007773697376251221,-0.013731539249420166,0.022792816162109375,-0.05591285228729248,-0.04116106033325195,-0.06988471746444702,0.023666739463806152,0.030112028121948242,-0.02490234375,-0.005837559700012207,0.011191129684448242,0.017921090126037598,0.029689311981201172,0.05444091558456421,0.04018634557723999,-0.010859549045562744
2022-06-14,-0.009760618209838867,-0.0074928998947143555,-0.010530471801757812,-0.03105485439300537,0.026332974433898926,-0.006181776523590088,-0.02408599853515625,-0.02016502618789673,-0.0006561875343322754,0.0147172212600708,-0.022124409675598145,0.0064833760261535645,0.012018084526062012,0.020090937614440918,-0.005814969539642334,-0.0020766258239746094,0.01798689365386963,0.00275266170501709,-0.002261638641357422,-0.01471012830734253
2022-06-15,-0.007126212120056152,-0.008467674255371094,0.021925747394561768,0.030600786209106445,0.018924951553344727,0.019541501998901367,0.0035325288772583008,-0.010111510753631592,0.016132116317749023,-0.03358781337738037,0.0026332736015319824,-0.022008299827575684,0.02375054359436035,-0.02083742618560791,-0.0034905076026916504,-0.01067042350769043,-0.01054525375366211,0.009200692176818848,0.03929769992828369,-0.00495225191116333
2022-06-16,0.030615150928497314,0.02587306499481201,-0.019152164459228516,-0.06454139947891235,-0.03470158576965332,-0.005588114261627197,0.036010801792144775,-0.016878962516784668,-0.011537730693817139,-0.056872010231018066,0.004184424877166748,0.01756972074508667,-0.02464956045150757,0.023033499717712402,-0.007384300231933594,0.04537224769592285,-0.003290534019470215,-0.0,0.021770238876342773,-0.0400351881980896
2022-06-17,0.004408478736877441,-0.008038163185119629,0.034380435943603516,0.0021718740463256836,-0.0045812129974365234,0.002633333206176758,0.040162622928619385,-0.020162224769592285,0.012512803077697754,-0.010050296783447266,-0.05175834894180298,-0.004106402397155762,0.0307234525680542,0.024069786071777344,-0.04654264450073242,0.0028790831565856934,-0.0005979537963867188,-0.010679006576538086,0.018389463424682617,-0.027066171169281006
2022-06-20,0.0005806684494018555,0.014882504940032959,0.039886295795440674,-0.06651109457015991,-0.020683348178863525,-0.050361454486846924,0.06412583589553833,-0.03224533796310425,-0.1151895523071289,-0.026226699352264404,-0.02767866849899292,0.026962995529174805,-0.029326975345611572,0.0019407272338867188,-0.05361616611480713,0.021197617053985596,0.02171313762664795,0.04123121500015259,-0.053517043590545654,-0.03714442253112793
2022-06-21,-0.018666386604309082,-0.020815491676330566,-0.06032288074493408,0.04428565502166748,0.02410578727722168,0.015282392501831055,-0.17690157890319824,0.031384944915771484,-0.08974361419677734,0.041702866554260254,-0.07720696926116943,-0.050072431564331055,0.0024764537811279297,-0.032205820083618164,0.002848207950592041,-0.04244709014892578,-0.03389430046081543,-0.034259796142578125,0.035552263259887695,0.02148616313934326
2022-06-22,0.014973282814025879,0.009911894798278809,0.029880762100219727,-0.05147051811218262,-0.00043189525604248047,-0.0001404285430908203,0.07854270935058594,0.007306337356567383,0.027929246425628662,-0.005838215351104736,0.03819549083709717,0.01672762632369995,0.02420949935913086,0.024744927883148193,0.008854687213897705,0.026030302047729492,0.018226802349090576,0.0511929988861084,-0.03299248218536377,-0.06198704242706299
2022-06-23,-0.01882016658782959,-0.0051882266998291016,0.006791114807128906,0.01099693775177002,-0.0035646557807922363,0.009858489036560059,0.0328829288482666,0.0328751802444458,-0.006395697593688965,-0.0025167465209960938,-0.012917399406433105,0.004982948303222656,0.014954090118408203,-0.013964056968688965,-0.030547618865966797,-0.01784801483154297,-0.00833427906036377,-0.0115966796875,-0.0020772814750671387,0.03185248374938965
2022-06-24,-0.012362360954284668,0.006063342094421387,0.014574825763702393,0.015335321426391602,0.010461211204528809,0.0020859241485595703,-0.041602492332458496,0.02643871307373047,-0.011928081512451172,0.0008410215377807617,-0.025763869285583496,-0.021230697631835938,0.0,-0.011350870132446289,-0.010999202728271484,-0.03214764595031738,0.002857685089111328,-0.013394474983215332,0.019365429878234863,0.012100696563720703
2022-06-27,-0.016141533851623535,-0.010927677154541016,-0.039374709129333496,0.00035119056701660156,0.014966249465942383,0.007077455520629883,-0.013708114624023438,0.019507765769958496,-0.04917871952056885,0.011764764785766602,-0.04067397117614746,-0.01806807518005371,0.0,-0.024565935134887695,0.011985957622528076,-0.010667562484741211,0.0034642815589904785,-0.005596637725830078,0.0069925785064697266,0.025294780731201172
2022-06-28,0.012086451053619385,-0.004394888877868652,-0.01661360263824463,-0.052141785621643066,-0.008984744548797607,-0.01008683443069458,0.021402835845947266,-0.006964564323425293,0.012616336345672607,0.009966731071472168,-0.04221618175506592,-0.0038262605667114258,0.002851724624633789,-0.005898475646972656,0.012597978115081787,0.0016288161277770996,-0.002147674560546875,0.00627589225769043,0.001597762107849121,-0.0016658306121826172
2022-06-29,0.01768738031387329,0.0014461278915405273,0.0013013482093811035,0.010372281074523926,0.028531789779663086,-0.000501096248626709,-0.06998705863952637,-0.012072622776031494,0.028446197509765625,-0.013980209827423096,-0.009061574935913086,-0.013962745666503906,0.0033174753189086914,0.01709657907485962,0.008505821228027344,0.0051555633544921875,0.005575776100158691,-0.009771227836608887,-0.010061979293823242,-0.017639994621276855
2022-06-30,0.005479991436004639,0.0016720294952392578,0.003839731216430664,-0.02419799566268921,-0.011562764644622803,-0.032673180103302,0.014029622077941895,0.02603018283843994,0.02524709701538086,-0.005004167556762695,0.01811397075653076,0.026447653770446777,-0.010392069816589355,0.008464574813842773,0.003908097743988037,0.015065670013427734,-0.0027943849563598633,-0.0010620355606079102,-0.016609907150268555,-0.018603920936584473
2022-07-01,-0.006512045860290527,0.0008653998374938965,-0.013680458068847656,0.01916217803955078,0.01274716854095459,-0.007745981216430664,0.007255911827087402,-0.00461268424987793,-0.01762855052947998,0.006705760955810547,-0.011600494384765625,-0.008393526077270508,-0.007159888744354248,-0.008243799209594727,-0.03272724151611328,0.040205180644989014,0.008177578449249268,0.0027112960815429688,0.002520918846130371,0.01747298240661621
2022-07-04,0.0053324103355407715,-0.00832509994506836,-0.03184807300567627,0.01400911808013916,0.01735210418701172,0.0107954740524292,0.01281440258026123,-0.011784255504608154,-0.031646132469177246,0.022481322288513184,-0.06753730773925781,-0.004888296127319336,-0.0004807710647583008,-0.027086734771728516,-0.015752434730529785,-0.00860452651977539,-0.002185225486755371,-0.04468083381652832,0.01005852222442627,0.017091870307922363
2022-07-05,0.02122938632965088,-0.002156853675842285,-0.0023866891860961914,0.017087817192077637,-0.03299218416213989,-0.012603759765625,0.020192325115203857,-0.06266474723815918,0.0009380578994750977,0.0309445858001709,0.004227340221405029,-0.013715267181396484,0.010101079940795898,0.0016788840293884277,0.007024228572845459,-0.05850249528884888,0.021199822425842285,-0.05419778823852539,6.23464584350586e-05,0.0029468536376953125
2022-07-06,-0.024903178215026855,0.006616830825805664,0.016419589519500732,0.008757829666137695,0.031221985816955566,0.013782262802124023,-0.026005864143371582,0.0018443465232849121,-0.01051640510559082,-0.15876781940460205,-0.019597887992858887,-0.0065315961837768555,-0.0009523630142211914,-0.021730542182922363,-0.019568204879760742,0.0031665563583374023,-0.003987431526184082,0.003112614154815674,0.012135863304138184,0.009290814399719238
2022-07-07,-0.004346609115600586,-0.01817619800567627,-0.013730764389038086,0.03401839733123779,-0.005360960960388184,0.010210514068603516,-0.008608341217041016,-0.010793328285217285,-0.01254415512084961,-0.029311537742614746,0.019435107707977295,-0.0051648616790771484,-0.005243122577667236,-0.029701709747314453,-0.007839202880859375,0.006628870964050293,-0.012716174125671387,-0.014319539070129395,0.007993578910827637,0.030527234077453613
2022-07-08,-0.025824785232543945,0.000505983829498291,0.005740702152252197,0.02141880989074707,0.0004620552062988281,0.006160855293273926,-0.037837862968444824,-0.007500290870666504,-0.017160773277282715,-0.09337747097015381,0.0004507303237915039,-0.005349159240722656,0.008624792098999023,0.01131528615951538,-0.006168961524963379,0.04952108860015869,0.009537100791931152,-0.0007430315017700195,0.020496487617492676,0.01099395751953125
2022-07-11,-0.029393434524536133,-0.038448333740234375,-0.02692890167236328,0.017950057983398438,0.018932819366455078,0.03524374961853027,-0.0002740621566772461,-0.053586602210998535,-0.018134236335754395,-0.10478484630584717,0.012613296508789062,0.007103025913238525,-0.09216153621673584,-0.014932632446289062,-0.007908344268798828,0.004918336868286133,-0.0073239803314208984,-0.05048799514770508,0.007950186729431152,0.0008307695388793945
2022-07-12,0.0206262469291687,0.01754605770111084,0.009046554565429688,-0.007745563983917236,-0.011380195617675781,-0.012783527374267578,-0.02877497673034668,0.007741868495941162,0.019228994846343994,0.015899062156677246,-0.009783387184143066,0.015112698078155518,0.006089568138122559,-0.014158129692077637,0.007846295833587646,0.0061980485916137695,-0.0017900466918945312,0.017669618129730225,-0.009548068046569824,-0.015317320823669434
2022-07-13,-0.007614850997924805,-0.006822109222412109,-0.014170408248901367,-0.012788474559783936,0.0018845796585083008,0.0027610063552856445,0.009323418140411377,-0.008726835250854492,0.005240380764007568,-0.0027855634689331055,-0.009382247924804688,0.005534768104553223,-0.007439851760864258,-0.03420400619506836,-0.015372276306152344,0.01116037368774414,0.0063367486000061035,-0.015623331069946289,0.003353118896484375,-0.0010728240013122559
2022-07-14,0.011097550392150879,0.020214855670928955,0.01735144853591919,0.006224632263183594,-0.014285683631896973,-0.02348625659942627,0.019808173179626465,-0.018685579299926758,0.006539463996887207,0.014444470405578613,-0.01455676555633545,0.0065762996673583984,0.035186767578125,0.0200006365776062,-0.001925349235534668,-0.006811201572418213,0.020725548267364502,0.009715616703033447,0.0039386749267578125,-0.013731241226196289
2022-07-15,-0.0029604434967041016,-0.012346506118774414,-0.0015630722045898438,0.015047669410705566,0.010779261589050293,-0.01249086856842041,-0.00630950927734375,-0.004309535026550293,-0.029621362686157227,0.034385502338409424,0.002692878246307373,-0.025570392608642578,0.01170647144317627,-0.028541088104248047,-0.007773637771606445,0.02367424964904785,-0.0016090869903564453,0.002861499786376953,0.015871047973632812,-0.0012444257736206055
2022-07-18,-0.00988459587097168,-0.0032689571380615234,0.005277752876281738,-0.0006588101387023926,0.02086937427520752,0.001970052719116211,-0.011176824569702148,-0.030964136123657227,-0.016338109970092773,0.006421506404876709,-0.013915300369262695,0.002764403820037842,-0.007744908332824707,-0.004012584686279297,0.0024268031120300293,0.0208052396774292,-0.019996166229248047,0.010556519031524658,0.005032181739807129,0.02351844310760498
2022-07-19,6.794929504394531e-05,-0.002291560173034668,0.003099799156188965,0.0,0.0004998445510864258,0.008548974990844727,-0.0039539337158203125,0.009376168251037598,-0.026996374130249023,-0.0023502111434936523,0.019586026668548584,0.007440924644470215,-0.06509947776794434,0.004805922508239746,0.004604756832122803,0.010158061981201172,0.0056514739990234375,0.005697131156921387,-0.0012808442115783691,-0.0010651946067810059
2022-07-20,-0.004962325096130371,0.016933202743530273,0.008803606033325195,0.035437583923339844,-0.005395352840423584,-0.006894171237945557,0.007071137428283691,0.016082584857940674,-0.0028923749923706055,0.004103243350982666,0.0064386725425720215,0.011559069156646729,-0.018675684928894043,0.00023728609085083008,-0.012830615043640137,-0.01949012279510498,-0.011982202529907227,0.01448071002960205,0.00571286678314209,0.0028181076049804688
2022-07-21,-0.05181276798248291,0.005826354026794434,-0.01155698299407959,-0.012734770774841309,0.03952991962432861,-0.061881184577941895,-0.0092850923538208,-0.012998104095458984,-0.01967930793762207,-0.0029429197311401367,-0.019340038299560547,-0.01796722412109375,-0.0129166841506958,-0.037676095962524414,-0.017838597297668457,0.024928927421569824,-0.0036460161209106445,0.011839330196380615,0.016345977783203125,0.0272672176361084
2022-07-22,0.022701025009155273,-0.05510270595550537,-0.010131239891052246,0.03273141384124756,-0.014109015464782715,0.02692711353302002,0.004733741283416748,-0.0032579898834228516,-0.0022461414337158203,0.0035210847854614258,-0.012289285659790039,-0.006109118461608887,0.04566025733947754,0.021641135215759277,0.001862645149230957,-0.0225943922996521,-0.033153533935546875,0.023962318897247314,-0.006786823272705078,0.02839183807373047
2022-07-25,-0.01269996166229248,-0.0016628503799438477,0.002156555652618408,-0.012802541255950928,0.0019603967666625977,-0.018695950508117676,-0.011487007141113281,-0.026441335678100586,-0.0036519765853881836,0.006478250026702881,-0.03168189525604248,-0.11097323894500732,-0.04741382598876953,-0.022436976432800293,0.010433495044708252,0.040557861328125,-0.00790250301361084,-0.0033975839614868164,0.025208115577697754,0.012366056442260742
2022-07-26,0.030344367027282715,0.0166703462600708,0.003643035888671875,-0.0056934356689453125,-0.019467830657958984,0.016514837741851807,0.010380566120147705,-0.03223776817321777,0.019351541996002197,0.020154058933258057,0.02244746685028076,-0.008115053176879883,0.011111080646514893,0.007184267044067383,0.0054860711097717285,-0.007174432277679443,0.0021142959594726562,0.031349003314971924,-0.02358013391494751,-0.010368585586547852
2022-07-27,-0.013938188552856445,-0.023219585418701172,0.0026522278785705566,0.020359396934509277,-0.0620572566986084,-0.009096860885620117,0.00699305534362793,0.03400540351867676,-0.051610708236694336,0.0036298036575317383,0.003586292266845703,-0.009758710861206055,-0.03620469570159912,-0.008716344833374023,-0.014652609825134277,0.016438722610473633,0.011317908763885498,-0.009021162986755371,0.007973313331604004,-0.006530284881591797
2022-07-28,-0.009186506271362305,0.00253218412399292,0.0014625787734985352,0.0018706321716308594,0.005260646343231201,-0.036359190940856934,-0.0007222890853881836,0.023698925971984863,-0.03769040107727051,0.005464434623718262,-0.004436135292053223,0.001120448112487793,0.013654589653015137,0.0003097653388977051,-0.019283056259155273,0.0064650774002075195,0.003518223762512207,-0.017322301864624023,0.012975215911865234,0.008451223373413086
2022-07-29,-0.02174198627471924,-0.020854830741882324,-0.005288243293762207,0.002489447593688965,0.028472959995269775,-0.008830070495605469,-0.010194778442382812,-0.029911518096923828,-0.008809924125671387,0.007326006889343262,-0.01088857650756836,-0.024398446083068848,0.0052931904792785645,-0.007860898971557617,-0.021418452262878418,0.003098130226135254,0.01713317632675171,0.007689774036407471,0.022359609603881836,0.01840841770172119
2022-08-01,-0.028393864631652832,-0.02877819538116455,-0.012015938758850098,0.041905999183654785,-0.016573548316955566,-0.02855050563812256,0.0058051347732543945,0.029132485389709473,-0.04557991027832031,-0.06519055366516113,-0.0106889009475708,0.0076767802238464355,-0.019647955894470215,0.002055048942565918,-0.018358349800109863,0.010377645492553711,0.01781487464904785,0.01926267147064209,-0.03753161430358887,0.03544795513153076
2022-08-02,-0.012714266777038574,-0.0006562471389770508,0.0119667649269104,-0.01564127206802368,0.0015300512313842773,0.010231971740722656,-0.0009882450103759766,-0.025169849395751953,0.006300806999206543,-0.015588879585266113,0.006103515625,0.014690756797790527,-0.005620241165161133,0.012712597846984863,-0.009694695472717285,0.00018334388732910156,-0.006033658981323242,-0.021785736083984375,0.001165151596069336,-0.03620427846908569
2022-08-03,0.0021539926528930664,-0.029654502868652344,0.002829134464263916,-0.030114948749542236,0.010917365550994873,-0.005373597145080566,0.018217742443084717,-0.007903456687927246,-0.008257746696472168,0.0011370182037353516,-0.006619691848754883,0.0070348381996154785,0.026347339153289795,0.005206406116485596,-0.0011109113693237305,-0.0014466643333435059,-0.0315556526184082,-0.04319489002227783,0.005302488803863525,-0.011135399341583252
2022-08-04,0.0016652941703796387,0.0035297274589538574,-0.0033780336380004883,-0.0007801651954650879,-0.005422115325927734,-0.02440822124481201,-0.009140729904174805,0.010122358798980713,-0.0220109224319458,0.0017074942588806152,-0.02929389476776123,-0.015344381332397461,-0.004510045051574707,-0.03696548938751221,-0.012206792831420898,0.001428365707397461,-0.06874775886535645,0.009742677211761475,-0.013700008392333984,0.0005701780319213867
2022-08-05,-0.006116032600402832,0.00044214725494384766,-0.03689229488372803,0.004684567451477051,-0.010448694229125977,-0.006285905838012695,0.0009963512420654297,-0.019487977027893066,-0.002146482467651367,-0.06784498691558838,-0.013381242752075195,-0.035941123962402344,-0.014285683631896973,-0.033386945724487305,-0.03398597240447998,0.018195629119873047,-0.052106618881225586,-0.009196877479553223,0.002418994903564453,0.015955567359924316
2022-08-08,0.013262927532196045,0.005254387855529785,0.012021005153656006,0.025800347328186035,-0.00023829936981201172,0.007555127143859863,-0.012331128120422363,0.022601723670959473,-0.0019991397857666016,0.01601707935333252,0.005419373512268066,0.0031499862670898438,0.010060369968414307,0.006686568260192871,-0.003256559371948242,-0.007064163684844971,0.0024341940879821777,-0.01875603199005127,-0.00896155834197998,0.007642030715942383
2022-08-10,-0.020286202430725098,-0.0011303424835205078,0.007320702075958252,-0.0012121200561523438,-0.025440692901611328,-0.004204392433166504,0.004299163818359375,0.0007405877113342285,0.011614680290222168,-0.032555580139160156,-0.015084147453308105,0.011182904243469238,0.011382102966308594,-0.016394615173339844,0.004755735397338867,-0.017775774002075195,-0.018771052360534668,0.008737266063690186,-0.12241387367248535,0.02156972885131836
2022-08-11,0.005428194999694824,-0.0030020475387573242,0.014758706092834473,0.027760863304138184,0.00529634952545166,-0.0020314455032348633,-0.0458756685256958,-0.03347194194793701,0.02660226821899414,0.00472944974899292,-0.004641830921173096,0.000498652458190918,0.009046018123626709,-0.005081772804260254,-0.0014411211013793945,-0.0029546618461608887,-0.008296847343444824,0.007974803447723389,-0.001349806785583496,0.0028606653213500977
2022-08-12,-0.0036793947219848633,0.016341447830200195,-0.02110576629638672,0.012250900268554688,-0.005184531211853027,-0.015551209449768066,0.0025802254676818848,-0.040276288986206055,-0.008591413497924805,-0.008447766304016113,-0.0013529658317565918,0.0026416778564453125,-0.03153526782989502,-0.017536640167236328,0.00689244270324707,0.003642559051513672,0.017807841300964355,0.002009749412536621,-0.040256619453430176,0.027913570404052734
2022-08-16,-0.016985416412353516,-0.00970304012298584,0.009761631488800049,-0.0034995079040527344,-0.004460692405700684,-0.020352482795715332,-0.0004311800003051758,-0.0228193998336792,-0.014539480209350586,-0.05654454231262207,-0.029243946075439453,-0.0004661083221435547,-0.032180190086364746,-0.011668682098388672,-0.01654982566833496,0.022719383239746094,-0.044196486473083496,-0.018018007278442383,-0.003217458724975586,-0.00046247243881225586
2022-08-17,0.0006608366966247559,-0.008680462837219238,0.006226480007171631,-0.002633988857269287,0.019799232482910156,-0.01049816608428955,0.02034127712249756,0.013658523559570312,-0.03481471538543701,0.004955410957336426,-0.02768993377685547,-0.004249453544616699,0.0023382902145385742,-0.011784791946411133,-0.018981099128723145,-0.0028871893882751465,0.001226186752319336,0.004372715950012207,0.013719379901885986,0.0025118589401245117
2022-08-18,0.0007815361022949219,0.008951961994171143,0.0012398958206176758,0.004988312721252441,0.00802302360534668,0.006304323673248291,-0.003167271614074707,-0.006861090660095215,0.0007693767547607422,-0.016434311866760254,-0.0022599101066589355,-0.0003960132598876953,0.010937511920928955,0.0018805265426635742,-0.0025032758712768555,0.01313018798828125,-0.026523947715759277,-0.021018505096435547,-0.010071396827697754,-0.02096790075302124
2022-08-19,0.019312918186187744,0.01652348041534424,0.012621819972991943,-0.010364949703216553,0.01845937967300415,0.02993941307067871,-0.03376603126525879,0.02159249782562256,0.031359314918518066,0.01714843511581421,9.179115295410156e-05,0.028523623943328857,0.016587674617767334,0.030028223991394043,0.0008812546730041504,-0.025483250617980957,-0.009523391723632812,0.008398234844207764,-0.005276083946228027,-0.0073410868644714355
2022-08-22,-0.03478527069091797,0.02190423011779785,0.005820095539093018,-0.04926985502243042,0.022102713584899902,0.02978569269180298,-0.05346274375915527,0.03606921434402466,-0.05665558576583862,0.029411792755126953,0.015379667282104492,0.015507042407989502,0.015261054039001465,-0.01757192611694336,0.014922142028808594,-0.025111079216003418,-0.0003949403762817383,0.02850651741027832,0.03260242938995361,-0.030667006969451904
2022-08-23,0.00533902645111084,-0.03222084045410156,-0.015329957008361816,0.0009309053421020508,-0.03727388381958008,-0.0034083127975463867,0.017644762992858887,-0.010603070259094238,0.008349895477294922,0.0030816197395324707,0.00016582012176513672,-0.009022712707519531,0.0012235045433044434,0.013924241065979004,0.0008954405784606934,0.009275317192077637,0.0030117034912109375,0.0055283308029174805,-0.012643694877624512,0.019948244094848633
2022-08-24,-0.005626797676086426,0.011326849460601807,0.0008869767189025879,0.008215904235839844,-0.011707305908203125,-0.001484513282775879,-0.008198201656341553,0.007905125617980957,0.011927366256713867,0.0030912160873413086,0.008333086967468262,0.0014181137084960938,-0.017966508865356445,-0.01575648784637451,0.0026140809059143066,-0.014136970043182373,-0.008827805519104004,-0.00513148307800293,0.005539119243621826,0.0002745389938354492
2022-08-25,0.0064852237701416016,0.006727278232574463,0.008774340152740479,0.006918787956237793,0.04595690965652466,0.01612943410873413,-0.0019952058792114258,0.015350401401519775,-0.01704198122024536,0.015503883361816406,-0.003646373748779297,0.010034501552581787,0.002406775951385498,-0.004328608512878418,0.0028456449508666992,-0.004199028015136719,0.002645552158355713,-0.027228236198425293,-0.0042459964752197266,0.003773331642150879
2022-08-26,0.02229940891265869,-0.0019949674606323242,-0.01694166660308838,-0.06321573257446289,-0.02891230583190918,-0.0013533830642700195,0.008758544921875,0.016021013259887695,0.033300161361694336,-0.009973764419555664,-0.004049718379974365,-0.0002371072769165039,-0.01326906681060791,0.006678283214569092,-0.0013518333435058594,0.012671351432800293,0.02470344305038452,0.00041413307189941406,-0.009819865226745605,-0.003417372703552246
2022-08-29,0.001112222671508789,0.00898677110671997,0.005003392696380615,0.005744636058807373,-0.022133469581604004,0.008874356746673584,-0.007361173629760742,0.012880444526672363,-0.027052998542785645,-0.0051975250244140625,-0.002243936061859131,-0.0011733770370483398,-0.028968214988708496,0.008322417736053467,-0.012599349021911621,0.00743257999420166,0.013613462448120117,-0.003936171531677246,-0.01962912082672119,-0.012619197368621826
2022-08-30,0.025492310523986816,-0.016982197761535645,-0.026235461235046387,-0.011844635009765625,0.00852048397064209,-0.018396496772766113,0.007510781288146973,-0.02447354793548584,0.03373086452484131,-0.02223372459411621,-0.03516876697540283,-0.01206350326538086,-0.060547709465026855,-0.026252150535583496,-0.013331413269042969,-0.05125236511230469,-0.0095442533493042,-0.011040091514587402,0.0025167465209960938,0.02507472038269043
2022-09-01,0.005236506462097168,-0.00207364559173584,0.009423911571502686,-0.006709456443786621,-0.02711045742034912,-0.013263940811157227,0.01764655113220215,-0.008954644203186035,-0.01146465539932251,-0.008598923683166504,0.012073159217834473,-0.012200355529785156,-0.020363688468933105,0.0038996338844299316,-0.030697226524353027,-0.04834091663360596,0.0015906095504760742,0.0014287233352661133,-0.008454680442810059,-0.016668975353240967
2022-09-02,0.003412961959838867,-0.0043566226959228516,0.007994353771209717,0.019285380840301514,0.03351360559463501,0.011220276355743408,-0.016042351722717285,0.006222963333129883,-0.0030480623245239258,0.00451350212097168,0.0009593367576599121,0.012642741203308105,-0.011404037475585938,0.01779252290725708,-0.016451597213745117,0.02360910177230835,-0.0022546052932739258,0.019826292991638184,0.016943156719207764,-0.014057278633117676
2022-09-05,0.008592844009399414,0.002808690071105957,0.0012699365615844727,0.0004337430000305176,0.012770235538482666,-0.017954349517822266,0.007727861404418945,-0.030907034873962402,0.0038031339645385742,-0.04433250427246094,-0.010385751724243164,0.004623234272003174,-0.01797044277191162,0.010143041610717773,0.011859893798828125,0.0008450150489807129,-0.048123955726623535,0.0032321810722351074,0.0005804896354675293,0.001397848129272461
2022-09-06,0.005088210105895996,0.00014674663543701172,0.013015210628509521,0.009257853031158447,-0.012208700180053711,0.007778465747833252,0.03946506977081299,0.015286743640899658,-0.008097469806671143,0.02026045322418213,0.011726558208465576,-0.004915118217468262,0.014883995056152344,0.018826305866241455,0.006001114845275879,-0.007611870765686035,0.007883727550506592,-0.020188212394714355,-0.0007594823837280273,-0.011725306510925293
2022-09-07,-0.0010595917701721191,0.0005655884742736816,0.0015347003936767578,-0.0023360252380371094,-0.0001436471939086914,-0.008039236068725586,0.009896516799926758,0.015230238437652588,0.001722574234008789,0.01526343822479248,0.003314077854156494,-0.004879474639892578,0.009838461875915527,0.0022510290145874023,0.004261672496795654,0.0001907944679260254,0.004312098026275635,-0.020301461219787598,-0.004598259925842285,0.004096031188964844
2022-09-08,0.007483720779418945,-0.00011420249938964844,0.011062800884246826,-0.013401269912719727,-0.0050727128982543945,-0.007752060890197754,0.005790591239929199,0.002416074275970459,0.025345802307128906,-0.01250004768371582,-0.0002523660659790039,-0.006613969802856445,-0.009936213493347168,0.004711806774139404,-0.02346813678741455,-0.0106658935546875,-0.00650334358215332,-0.014370441436767578,0.0073323845863342285,-0.004853010177612305
2022-09-09,0.0057904720306396484,-0.004858613014221191,0.00027823448181152344,-0.010636687278747559,0.005999386310577393,-0.00506281852722168,-0.026483654975891113,-0.022724270820617676,-0.006854355335235596,0.014814794063568115,-0.005342602729797363,-0.011382818222045898,0.016865849494934082,0.00032383203506469727,0.008851468563079834,0.0034736990928649902,-0.021456360816955566,0.005845069885253906,0.0034469962120056152,0.006078124046325684
2022-09-12,0.0335543155670166,-0.04077017307281494,-0.004520058631896973,-0.03641021251678467,-0.0025866031646728516,-0.06536245346069336,0.013556599617004395,-0.05857419967651367,0.041483163833618164,0.00501251220703125,-0.008059859275817871,-0.06651031970977783,-0.005003690719604492,-0.009502053260803223,-0.0047113895416259766,-0.03332388401031494,0.004015147686004639,-0.0031888484954833984,-0.04195678234100342,0.019318580627441406
2022-09-13,0.006582975387573242,-0.012266874313354492,0.009104549884796143,0.007273197174072266,0.01094120740890503,-0.03585207462310791,-0.005296230316162109,0.012690544128417969,-0.0035248398780822754,-0.021158695220947266,-0.02347385883331299,-0.012204408645629883,0.0024893879890441895,0.0025365352630615234,7.003545761108398e-05,-0.03624606132507324,-0.00879824161529541,-0.0004966259002685547,-0.000819087028503418,-0.0008269548416137695
2022-09-14,0.015539407730102539,0.010386347770690918,0.0020342469215393066,0.017141282558441162,0.013960719108581543,0.0019056200981140137,0.02030503749847412,0.015832841396331787,0.0002830028533935547,-0.03453373908996582,0.022835254669189453,-0.007353067398071289,-0.007130146026611328,-0.009513139724731445,-0.004129648208618164,0.0012916326522827148,0.004613101482391357,0.013999223709106445,0.0041353702545166016,-0.009794533252716064
2022-09-15,-0.0012660026550292969,0.006584882736206055,0.007052481174468994,0.00323486328125,-0.006270885467529297,0.009701550006866455,-0.05315756797790527,-0.02654731273651123,-0.008770108222961426,0.00858372449874878,-0.003470182418823242,-0.011243462562561035,-0.05097341537475586,0.0048711299896240234,-0.011362075805664062,0.0005846023559570312,-0.0022257566452026367,0.007954835891723633,-0.012457847595214844,-0.007592678070068359
2022-09-16,-0.02474510669708252,0.03435051441192627,-0.06169486045837402,0.03513479232788086,0.012901663780212402,-0.05483448505401611,-0.005375027656555176,0.017152786254882812,-0.06378883123397827,0.02308797836303711,0.02082204818725586,0.03806710243225098,0.0033681392669677734,-0.04358166456222534,-0.035426318645477295,0.04140746593475342,-0.006015658378601074,-0.06384491920471191,-0.055156826972961426,-0.05278301239013672
2022-09-19,-0.02130424976348877,-0.0015861988067626953,0.005298614501953125,-0.002339959144592285,-0.0007891654968261719,-0.01724344491958618,0.021134376525878906,-0.03148150444030762,-0.054873883724212646,-0.014278650283813477,-0.0004023313522338867,-0.0019137859344482422,0.030077695846557617,-0.0020886659622192383,0.0027867555618286133,0.007951319217681885,-0.018218636512756348,0.0048659443855285645,-0.0027130842208862305,0.012523174285888672
2022-09-20,0.010797381401062012,-0.010918021202087402,0.0109025239944458,-0.024948954582214355,-0.01222217082977295,0.03736066818237305,-0.004266977310180664,-0.025194883346557617,0.01370859146118164,-0.0077669620513916016,-0.035228610038757324,-0.02230668067932129,-0.0020905733108520508,0.015689730644226074,0.00969076156616211,1.8656253814697266e-05,-0.056943655014038086,0.0022052526473999023,0.009884357452392578,0.010758161544799805
2022-09-21,-0.01519477367401123,0.006244838237762451,-0.009713590145111084,0.022206366062164307,-0.0026777982711791992,-0.0037690401077270508,0.016655445098876953,0.013453364372253418,-0.021159768104553223,0.0038535594940185547,-0.0030072927474975586,0.011981427669525146,-0.05493748188018799,-0.007849454879760742,-0.005363404750823975,0.020541250705718994,-0.00011682510375976562,0.014317214488983154,-0.014681458473205566,-0.0033306479454040527
2022-09-22,0.01670539379119873,-0.009060263633728027,0.011107087135314941,-0.007570147514343262,-0.014567375183105469,0.01011204719543457,0.009678483009338379,-0.0072640180587768555,0.018610358238220215,-0.03916823863983154,0.01689934730529785,-0.0049896240234375,-0.0069904327392578125,0.001522064208984375,-0.0031219124794006348,0.0019031167030334473,0.009800374507904053,-0.007993698120117188,-0.04807257652282715,0.005375981330871582
2022-09-23,-0.024475157260894775,0.013159036636352539,-0.013797521591186523,0.047825396060943604,-0.034746766090393066,0.00048553943634033203,0.007417082786560059,0.009007811546325684,-0.04252439737319946,0.039087891578674316,0.005121946334838867,0.01591503620147705,-0.03630971908569336,-0.03170907497406006,-0.0033451318740844727,0.01904815435409546,0.030806362628936768,0.011798858642578125,0.013608098030090332,-0.025652170181274414
2022-09-26,-0.04971051216125488,0.033282339572906494,-0.01581960916519165,0.03975725173950195,-0.03852641582489014,-0.03528672456741333,0.027164876461029053,0.025943458080291748,-0.06532788276672363,0.04309922456741333,-0.05026543140411377,-0.04481172561645508,-0.02921956777572632,-0.01589149236679077,0.0005712509155273438,0.022625327110290527,-0.06892722845077515,0.023977279663085938,-0.06263226270675659,-0.0326312780380249
2022-09-27,-0.009846746921539307,0.002861618995666504,0.012966156005859375,-0.0031605958938598633,0.01655411720275879,-0.01564192771911621,-0.030995845794677734,-0.009734392166137695,0.007577776908874512,-0.0010120868682861328,-0.025729358196258545,0.0048972368240356445,0.035643577575683594,0.004269599914550781,0.0007851123809814453,0.010480642318725586,0.04461252689361572,0.00892406702041626,0.003620624542236328,-0.003219902515411377
2022-09-28,-0.028901755809783936,0.011697649955749512,0.00021767616271972656,0.044580936431884766,-0.003398895263671875,0.010634183883666992,0.016302883625030518,-0.06685185432434082,-0.025393664836883545,0.013144612312316895,-0.005072534084320068,-0.001688241958618164,-0.01988530158996582,-0.018064558506011963,-0.012337684631347656,0.002833843231201172,0.0145186185836792,0.00596928596496582,-0.018037855625152588,-0.020689070224761963
2022-09-29,-0.06061190366744995,-0.012187838554382324,0.007916688919067383,-0.02011549472808838,0.005599379539489746,-0.031903862953186035,-0.030562162399291992,-0.008675575256347656,0.014162540435791016,-0.0010246038436889648,-0.0020074844360351562,0.006369829177856445,-0.007413148880004883,0.007311582565307617,-0.02368408441543579,-0.025435924530029297,0.026784777641296387,-0.013435125350952148,0.04298877716064453,-0.01036679744720459
2022-09-30,0.015262007713317871,-0.011234164237976074,0.004040360450744629,-0.03264915943145752,0.006530046463012695,0.012784123420715332,-0.03363311290740967,-0.008422017097473145,0.02980935573577881,-0.01791203022003174,-0.057424306869506836,0.0061838626861572266,0.009827017784118652,0.0029268264770507812,-0.005103170871734619,0.015881478786468506,0.045790672302246094,-0.010244011878967285,0.010750174522399902,0.023172855377197266
2022-10-03,-0.00865715742111206,0.011558294296264648,-0.016393423080444336,0.02144312858581543,-0.006286442279815674,0.007293820381164551,0.01865333318710327,-0.008592486381530762,-0.010170459747314453,0.02312713861465454,-0.007020354270935059,-0.003718733787536621,-0.029583454132080078,-0.011189520359039307,-0.012711822986602783,0.009806513786315918,0.014233589172363281,-0.012327194213867188,-0.010002315044403076,-0.01031571626663208
2022-10-04,0.04454374313354492,-0.013447880744934082,0.017041444778442383,-0.025112032890319824,0.010729312896728516,0.027598261833190918,-0.005114197731018066,-0.003895282745361328,0.021779298782348633,-0.024189352989196777,0.00218886137008667,0.010001897811889648,0.02366626262664795,0.02382957935333252,0.011444926261901855,-0.02692723274230957,0.006205081939697266,-0.00245511531829834,0.04320192337036133,0.03738236427307129
2022-10-06,0.020220279693603516,0.004187107086181641,-0.005998194217681885,-0.0037447214126586914,0.013820052146911621,0.03248000144958496,-0.02544093132019043,-0.01802384853363037,0.036957502365112305,-0.03065323829650879,0.004777967929840088,0.015413045883178711,0.028996944427490234,0.01060795783996582,-0.009156584739685059,-0.011549115180969238,0.016536593437194824,-0.0002938508987426758,0.006047606468200684,-0.005741477012634277
2022-10-07,-0.016960978507995605,0.011253416538238525,-0.02218073606491089,0.0032643675804138184,-0.014718174934387207,0.01353466510772705,-0.018524646759033203,-0.0018318891525268555,-0.004227101802825928,-0.04826915264129639,0.031070291996002197,0.0061457157135009766,0.02817976474761963,-0.004074752330780029,0.00022542476654052734,0.005689263343811035,0.018703937530517578,-0.00646364688873291,0.029577136039733887,0.0064585208892822266
2022-10-10,-0.005492746829986572,0.014881372451782227,-0.010573267936706543,0.006394326686859131,-0.021204113960266113,0.0005893707275390625,0.016239047050476074,0.008787035942077637,-0.0020809173583984375,0.020465075969696045,0.006715595722198486,-0.0024909377098083496,-0.018888890743255615,-0.023124873638153076,-0.006459951400756836,0.007615983486175537,-0.030826449394226074,0.01732015609741211,0.015104055404663086,-0.010795652866363525
2022-10-11,-0.00818711519241333,0.01096045970916748,0.006024360656738281,-0.004551887512207031,-0.015927493572235107,-0.012892842292785645,0.007675766944885254,0.0113908052444458,-0.024022042751312256,0.028964877128601074,0.011090517044067383,-0.006069183349609375,0.029445171356201172,-0.006701290607452393,-0.012625634670257568,0.015427589416503906,-0.03613179922103882,0.009307861328125,-0.02942526340484619,-0.027550995349884033
2022-10-12,0.01218557357788086,-0.002842545509338379,-0.005670905113220215,0.0006250143051147461,0.01363515853881836,0.021852970123291016,-0.0023287534713745117,-0.023131728172302246,0.004529595375061035,0.01564788818359375,-0.013086676597595215,0.024501442909240723,-0.015401601791381836,0.014032721519470215,0.01653897762298584,-0.01099252700805664,-0.0028835535049438477,-0.0012993812561035156,-0.001202404499053955,0.014205098152160645
2022-10-13,0.012103557586669922,-0.007669806480407715,-0.010831713676452637,0.004221320152282715,-0.004056036472320557,-0.00015729665756225586,-0.01999831199645996,0.02407759428024292,0.013782501220703125,0.0009935498237609863,0.006341397762298584,-0.018968164920806885,0.016759753227233887,-0.003942012786865234,-0.012654364109039307,0.012790560722351074,-0.007352948188781738,-0.014274239540100098,-0.009544670581817627,-0.014393031597137451
2022-10-14,-0.0017266273498535156,-0.00017690658569335938,0.0002796649932861328,-0.023551583290100098,-0.003041565418243408,-0.00017970800399780273,8.13603401184082e-05,0.015515446662902832,0.05698227882385254,-0.014420628547668457,0.0071067214012146,0.0016628503799438477,0.015384674072265625,0.006796360015869141,-0.0006866455078125,0.00010013580322265625,0.005290985107421875,-0.0020667314529418945,-0.007075607776641846,0.02166926860809326
2022-10-17,0.009673237800598145,0.00337141752243042,-0.004860579967498779,-0.0052155256271362305,5.173683166503906e-05,0.013797402381896973,-0.0017085075378417969,-0.006574153900146484,0.01905512809753418,0.009313702583312988,0.005427718162536621,-0.04084062576293945,0.00432896614074707,0.014661908149719238,-0.02733027935028076,-0.02176952362060547,0.008187174797058105,0.006187379360198975,0.016000747680664062,-0.00038421154022216797
2022-10-18,-0.05475538969039917,0.008494377136230469,0.008363962173461914,-0.003967761993408203,-0.004188179969787598,-0.002615511417388916,0.003248870372772217,-0.008695483207702637,-0.0017920136451721191,-0.026224613189697266,-0.016308188438415527,-0.03012484312057495,0.0089799165725708,0.009856820106506348,-0.007876992225646973,-0.005194187164306641,0.004936814308166504,-0.01768946647644043,0.0038295984268188477,0.005919337272644043
2022-10-19,-0.08262860774993896,0.0013104081153869629,-0.003965139389038086,0.019151926040649414,0.004050016403198242,0.004978060722351074,-0.03414273262023926,-0.06699460744857788,0.019356846809387207,-0.0019286870956420898,0.013455808162689209,0.014824628829956055,-0.01566392183303833,0.02453911304473877,0.017547786235809326,-0.006395816802978516,0.009466052055358887,-0.00048553943634033203,-0.0018860101699829102,-0.0077187418937683105
2022-10-20,0.004755973815917969,-0.0007283687591552734,0.007585287094116211,-0.014876842498779297,0.013600945472717285,-0.005948543548583984,-0.04325902462005615,0.00991201400756836,0.008116364479064941,0.009624660015106201,0.01047217845916748,0.01572287082672119,0.006509900093078613,-0.007662534713745117,-0.009305834770202637,0.0017437934875488281,-0.0062642693519592285,-0.010482311248779297,-0.005239427089691162,-0.05422055721282959
2022-10-21,-0.012671053409576416,0.025548934936523438,-0.0022638440132141113,0.009161710739135742,0.014795899391174316,-0.002513885498046875,-0.04947131872177124,0.017804980278015137,-0.000303804874420166,0.01846456527709961,0.011708855628967285,0.0009957551956176758,-0.016169607639312744,-0.009807348251342773,0.019406616687774658,0.013819396495819092,-0.010280251502990723,-0.0024013519287109375,-0.012649476528167725,0.01862943172454834
2022-10-24,0.013497471809387207,0.006502747535705566,0.0053299665451049805,-0.009246468544006348,0.007390618324279785,-0.002297043800354004,0.004131913185119629,0.007654309272766113,-7.593631744384766e-05,-0.024752497673034668,-0.012465953826904297,0.0007574558258056641,0.017896413803100586,0.003907203674316406,-0.002274751663208008,-0.002755403518676758,0.03011476993560791,-0.007857441902160645,0.011587262153625488,-0.011315345764160156
2022-10-25,0.0001455545425415039,0.0213545560836792,-0.002427339553833008,0.00213778018951416,-0.022059142589569092,0.007242441177368164,-0.01867532730102539,0.007427334785461426,-0.010561525821685791,0.016908228397369385,0.01952970027923584,0.005015254020690918,0.0075348615646362305,0.0011211633682250977,0.009532511234283447,0.018508315086364746,-0.025195956230163574,-0.0077010393142700195,0.020661354064941406,0.019285917282104492
2022-10-27,0.006548762321472168,-0.025880932807922363,0.009006977081298828,0.00780409574508667,0.007399797439575195,0.0024411678314208984,-0.007741272449493408,0.023574113845825195,-0.001766204833984375,-0.01031947135925293,-0.020918726921081543,0.011126875877380371,-0.08190882205963135,0.025901079177856445,0.02062326669692993,0.0003600120544433594,0.005056142807006836,-0.04330599308013916,0.006352424621582031,-0.017263412475585938
2022-10-28,0.00036144256591796875,0.011654198169708252,-0.015145421028137207,0.023596644401550293,-0.011347532272338867,-0.003475785255432129,-0.040227532386779785,-0.017742455005645752,-0.02692514657974243,-0.0063228607177734375,0.01723027229309082,-0.0011783242225646973,0.006982207298278809,0.0021675825119018555,0.001481771469116211,0.00200045108795166,-3.838539123535156e-05,-0.05285996198654175,-0.04730045795440674,-0.010551095008850098
2022-10-31,0.010406017303466797,-0.006987214088439941,0.004843354225158691,-0.031116724014282227,-0.013783574104309082,0.028125286102294922,0.048941612243652344,-0.028023838996887207,0.012649178504943848,-0.0033832788467407227,-0.00380706787109375,0.013098478317260742,-0.0204160213470459,0.008931756019592285,-0.009294629096984863,-0.02573716640472412,-0.0010113120079040527,0.02582252025604248,0.0007510185241699219,-0.022853374481201172
2022-11-01,0.027750015258789062,0.000710606575012207,-0.013572871685028076,0.0009191036224365234,0.0017145872116088867,0.00496983528137207,-0.025427818298339844,-0.022395431995391846,-0.003903508186340332,0.006743788719177246,0.018882036209106445,0.0004943609237670898,-0.010617375373840332,0.020697474479675293,-0.02298414707183838,-0.02415335178375244,0.013826727867126465,0.009642720222473145,0.008297920227050781,0.018059849739074707
2022-11-02,0.008350729942321777,0.0008963346481323242,-0.006533205509185791,-0.055351197719573975,0.0028526782989501953,0.007761955261230469,0.013087034225463867,-0.05928146839141846,-0.013951003551483154,0.01648879051208496,-0.0001825094223022461,-0.0010979175567626953,-0.0011923909187316895,-0.015472710132598877,0.0035555362701416016,0.027686119079589844,0.00195920467376709,-0.009047925472259521,-0.008273482322692871,-0.0007269382476806641
2022-11-03,0.008557677268981934,-0.010018110275268555,0.007863044738769531,0.007303953170776367,0.01779162883758545,-0.010326385498046875,0.03973507881164551,0.022696316242218018,0.010333061218261719,-0.012327432632446289,-0.020353317260742188,-0.011288225650787354,-0.007162749767303467,-0.0037755370140075684,-0.0034923553466796875,-0.0024334192276000977,0.005121707916259766,-0.005884110927581787,-0.001103520393371582,-0.012058734893798828
2022-11-04,0.004037261009216309,-0.002392411231994629,0.005237102508544922,-0.008701205253601074,-0.031048297882080078,-0.0014444589614868164,0.009829401969909668,0.01264125108718872,0.0037763118743896484,0.012664437294006348,-0.001544356346130371,-0.0012895464897155762,0.035671353340148926,0.017485499382019043,-0.0016644001007080078,0.028150856494903564,0.006225109100341797,-0.0065312981605529785,-0.007202863693237305,-0.017441868782043457
2022-11-07,0.0038846731185913086,0.006982624530792236,0.00612485408782959,0.007802367210388184,-0.007656872272491455,0.007189393043518066,0.0010123252868652344,-0.015442848205566406,0.00815117359161377,0.01332014799118042,-0.008992433547973633,0.0014024972915649414,0.01238393783569336,-0.0015595555305480957,0.007326245307922363,0.02268153429031372,0.019769787788391113,-0.009861290454864502,-0.000890195369720459,-0.01298058032989502
2022-11-09,-0.004684329032897949,0.009780287742614746,0.017481565475463867,-0.0009676814079284668,-0.0036994218826293945,-0.014404594898223877,-0.013846814632415771,0.0036524534225463867,-7.784366607666016e-05,0.011500000953674316,-0.022200465202331543,-0.012838602066040039,-0.015672802925109863,-0.09904015064239502,-0.008978128433227539,0.014324605464935303,0.019521117210388184,-0.03133106231689453,-0.009266316890716553,-0.006894588470458984
2022-11-10,-0.03389942646026611,0.00704723596572876,-0.007118523120880127,-0.03519541025161743,-0.01559513807296753,-0.09554147720336914,-0.01380455493927002,0.005701124668121338,-0.05776703357696533,0.009610474109649658,-0.018019914627075195,0.00771331787109375,-0.027572810649871826,0.03565412759780884,-0.0015835762023925781,0.022039592266082764,0.002507328987121582,-0.010388791561126709,-0.037501633167266846,-0.003319859504699707
2022-11-11,0.010731339454650879,-0.00940239429473877,-0.011246800422668457,-0.041499316692352295,-0.003394782543182373,0.018659591674804688,-0.010638236999511719,0.04464995861053467,-0.11329323053359985,0.017364680767059326,0.011671781539916992,-0.0033745765686035156,0.031150221824645996,0.01704108715057373,-0.0018069744110107422,-0.021488547325134277,-0.0076947808265686035,0.016883134841918945,-0.0025694966316223145,-0.015579700469970703
2022-11-14,-0.014389455318450928,0.0007371902465820312,0.016783595085144043,0.016236066818237305,-0.005244612693786621,0.01104748249053955,0.0058209896087646484,0.02781134843826294,-0.01777404546737671,0.009355425834655762,-0.00029718875885009766,-0.0003139376640319824,0.007358670234680176,0.010029256343841553,0.002480030059814453,0.00437474250793457,-0.02288949489593506,-0.029480576515197754,-0.0021077394485473633,-0.008009791374206543
2022-11-15,0.0005669593811035156,0.004966795444488525,-0.016685664653778076,0.01408696174621582,0.000815272331237793,0.0213162899017334,0.008439779281616211,0.03835451602935791,-0.025580286979675293,-0.03357815742492676,0.020281493663787842,-0.0007401704788208008,-0.007689356803894043,-0.00804293155670166,-0.0076847076416015625,-0.010574936866760254,-0.005134403705596924,-0.010637164115905762,-0.0075569748878479,0.004915833473205566
2022-11-16,-0.041365623474121094,0.01815164089202881,-0.0014247298240661621,-0.027613043785095215,0.005430936813354492,-0.011978745460510254,0.0077315568923950195,-0.023666024208068848,-0.007972776889801025,-0.017258882522583008,0.0038625001907348633,0.009843230247497559,0.035257697105407715,0.014178037643432617,-0.0027663707733154297,0.014125823974609375,-0.0006947517395019531,0.03890490531921387,-0.007567167282104492,0.00358659029006958
2022-11-17,-0.03118079900741577,0.007545948028564453,-0.012680411338806152,-0.001393735408782959,-0.009668886661529541,-0.0062934160232543945,-0.00363844633102417,0.00041615962982177734,-0.010781168937683105,-0.01996004581451416,0.009870052337646484,-0.004979312419891357,0.01122748851776123,0.002293407917022705,-0.004026293754577637,0.012829959392547607,-0.007808804512023926,-0.01728367805480957,-0.012390375137329102,-0.005161643028259277
2022-11-18,-0.0033556222915649414,0.0002969503402709961,-0.013669013977050781,-0.014480113983154297,-0.014344930648803711,-0.02060633897781372,-0.005795001983642578,-0.010509133338928223,-0.021400928497314453,-0.0014677047729492188,0.00959622859954834,-0.03968679904937744,-0.014063715934753418,0.021503806114196777,-0.002227783203125,0.027276039123535156,-0.011098504066467285,-0.013570725917816162,-0.019735515117645264,0.007094621658325195
2022-11-21,0.024410724639892578,-0.004171013832092285,-0.0030955076217651367,0.01327669620513916,-0.008577287197113037,0.0009984970092773438,0.007505655288696289,-0.00420534610748291,0.03644835948944092,-0.04054713249206543,-0.005489945411682129,0.0009189844131469727,0.0007507801055908203,-0.00832068920135498,0.013781845569610596,0.012701869010925293,-0.0013538002967834473,-0.018599987030029297,0.02023136615753174,0.008302092552185059
2022-11-22,0.004631400108337402,0.0112038254737854,0.005956172943115234,-0.0038434863090515137,0.0012279748916625977,0.00731503963470459,-0.01434469223022461,0.019736289978027344,0.029989242553710938,0.001527547836303711,0.010708808898925781,-0.003509521484375,-0.003750920295715332,-0.002600431442260742,-0.013147950172424316,-0.018897294998168945,-0.024098217487335205,0.01087808609008789,0.002798318862915039,-0.01200854778289795
2022-11-23,-0.01554018259048462,-0.0003179311752319336,-0.0018454790115356445,0.04138898849487305,0.006522417068481445,0.003937482833862305,-0.021146535873413086,-0.01799750328063965,0.05804240703582764,0.012709736824035645,-0.0004106760025024414,0.008104920387268066,0.024096369743347168,-0.012338399887084961,0.0002225041389465332,0.00351715087890625,0.005725383758544922,0.004215598106384277,-0.010296344757080078,0.00027126073837280273
2022-11-24,-0.006873071193695068,0.0035638809204101562,0.009244441986083984,0.0025260448455810547,-0.0016615986824035645,-0.011531233787536621,0.003039240837097168,-0.007967829704284668,-0.03460019826889038,0.01757025718688965,-0.0021837949752807617,-0.0017352104187011719,-0.002941131591796875,-0.00396883487701416,-0.002818584442138672,0.00933903455734253,0.0033304691314697266,-0.04562520980834961,-0.0045697689056396484,-0.007324934005737305
2022-11-25,0.010571122169494629,-0.025661706924438477,-0.009552299976348877,0.018142104148864746,-0.02119278907775879,0.0019483566284179688,0.004094719886779785,0.009156644344329834,0.006313920021057129,0.015293598175048828,0.003162086009979248,0.008540511131286621,0.005530953407287598,0.001652061939239502,-0.01553255319595337,-0.008519768714904785,-0.03255105018615723,0.005810856819152832,0.00810706615447998,-0.003905177116394043
2022-11-28,0.01061105728149414,-0.026720643043518066,-0.0008807778358459473,0.01798391342163086,0.00184708833694458,0.00671076774597168,-0.0032624006271362305,-0.009780645370483398,-0.0007382035255432129,-0.0038872957229614258,-0.0007889270782470703,0.003435492515563965,0.00916755199432373,-0.011199593544006348,0.011419892311096191,-0.020560026168823242,-0.0038832426071166992,-0.00329434871673584,0.006540060043334961,-0.0031522512435913086
2022-11-29,-0.0026807188987731934,0.009185791015625,-0.003945052623748779,-0.006645023822784424,0.0001633167266845703,0.021764755249023438,-0.024711549282073975,0.019624948501586914,-0.015789449214935303,-0.019512176513671875,-0.008966684341430664,-0.015469849109649658,0.006904006004333496,0.013720214366912842,0.013222455978393555,0.0019780397415161133,-0.007436394691467285,0.010168373584747314,-0.010251760482788086,0.006150960922241211
2022-11-30,0.007391810417175293,-0.0025649070739746094,-0.024471521377563477,-0.005384325981140137,-0.01224827766418457,0.0030661821365356445,0.01082313060760498,-0.003613591194152832,0.00600433349609375,0.024378061294555664,0.006933748722076416,0.010107040405273438,0.02562248706817627,-0.034948110580444336,0.007624626159667969,-0.01928091049194336,-0.043177127838134766,-0.012520074844360352,0.00709986686706543,-0.0191725492477417
2022-12-01,0.0,-0.03582894802093506,0.005582988262176514,-0.004429042339324951,0.012100040912628174,-0.004573523998260498,-0.009047150611877441,0.004886448383331299,-0.012869596481323242,-0.021855294704437256,0.00681835412979126,0.0057801008224487305,0.0038704872131347656,-0.0017321109771728516,-0.005529642105102539,-0.013885974884033203,-0.05178260803222656,0.0110970139503479,0.012747406959533691,0.013729393482208252
2022-12-02,-0.00103759765625,-0.025725722312927246,-0.006700277328491211,-0.004613697528839111,0.004899263381958008,0.021195054054260254,0.0117262601852417,0.00959104299545288,0.0033065080642700195,0.003972172737121582,-0.028780817985534668,0.011654257774353027,-0.005257606506347656,0.003829658031463623,0.0009510517120361328,-2.086162567138672e-05,-0.0018756389617919922,-0.005877971649169922,-0.00891578197479248,-0.006224155426025391
2022-12-05,0.0013355016708374023,0.007775068283081055,-5.3882598876953125e-05,0.02449929714202881,-0.007658600807189941,0.019873380661010742,-0.005712389945983887,-0.05797332525253296,0.005932211875915527,0.031157255172729492,0.005277514457702637,-0.004673659801483154,-0.014799118041992188,0.0011475682258605957,-0.000877082347869873,-0.0001876354217529297,0.014842629432678223,-0.045792579650878906,0.016693115234375,-0.02440965175628662
2022-12-06,-0.007631838321685791,0.01401066780090332,-0.03144276142120361,-0.006301522254943848,0.006188929080963135,-0.007315635681152344,-0.002914249897003174,0.0014927387237548828,-0.004586756229400635,-0.0009592175483703613,0.006853640079498291,0.00418400764465332,-0.012160181999206543,0.007223725318908691,0.008559465408325195,0.005606353282928467,0.004198193550109863,0.03525346517562866,-0.012775599956512451,0.018568992614746094
2022-12-07,-0.009706556797027588,0.027033686637878418,0.010792374610900879,0.004065036773681641,-0.0031137466430664062,-0.011724233627319336,-0.0014196038246154785,0.001475214958190918,-0.010814368724822998,-0.020643293857574463,-0.0267106294631958,-0.02462524175643921,-0.0021723508834838867,-0.003240346908569336,0.005512833595275879,0.00519794225692749,0.0006111860275268555,-0.010951995849609375,-0.013132631778717041,0.012370944023132324
2022-12-08,-0.001658797264099121,0.0024942755699157715,-0.010804414749145508,0.010850191116333008,-0.05238795280456543,0.012111902236938477,-0.016223490238189697,-0.0032835006713867188,0.012358546257019043,-0.005392193794250488,-0.02095496654510498,0.018932223320007324,-0.014513790607452393,-0.002134084701538086,-0.0038233399391174316,-0.004803657531738281,-0.00793766975402832,-0.011562466621398926,0.016270041465759277,0.000401914119720459
2022-12-09,-0.00694805383682251,0.012401342391967773,0.006034791469573975,-0.02066648006439209,0.00501936674118042,-0.021433353424072266,0.0030602216720581055,-0.005156993865966797,-0.025166749954223633,-0.01626408100128174,-0.004414796829223633,-0.004796028137207031,-0.018409430980682373,0.006388366222381592,-0.008038222789764404,0.008009791374206543,0.0013868212699890137,0.005148828029632568,-0.011947453022003174,0.018226921558380127
2022-12-12,-0.0016731619834899902,0.010121405124664307,-0.007828712463378906,0.017830848693847656,0.008217215538024902,-0.0006844401359558105,-0.012796580791473389,-0.0023674964904785156,0.012330293655395508,-0.0030060410499572754,0.011134982109069824,-0.03683656454086304,-0.022130489349365234,-0.009673118591308594,-0.018761932849884033,0.012428641319274902,-0.0005456209182739258,-0.0077631473541259766,0.00038695335388183594,-0.012285828590393066
2022-12-13,-0.0035803914070129395,7.873773574829102e-05,0.013269960880279541,0.009161114692687988,0.009071886539459229,0.014451980590820312,-0.005751609802246094,-0.004405081272125244,0.013226747512817383,-0.0010049939155578613,-0.0029320716857910156,0.03072226047515869,0.01304173469543457,-0.0012763738632202148,-0.014656603336334229,0.0022687315940856934,-0.001387953758239746,-0.0012325048446655273,-0.00043523311614990234,0.007349491119384766
2022-12-14,0.0072629451751708984,0.002473115921020508,0.009713470935821533,-0.0027074813842773438,-0.012647509574890137,-0.0001800060272216797,0.01433265209197998,0.01719951629638672,0.0034748315811157227,-0.0045272111892700195,-0.01601696014404297,0.0048313140869140625,-0.03824305534362793,-0.014782190322875977,-0.004681408405303955,-0.02966785430908203,-0.034676432609558105,0.00871974229812622,0.0027087926864624023,-0.017592787742614746
2022-12-15,-0.028463006019592285,0.012389898300170898,0.0060155391693115234,0.0030341148376464844,-0.009458541870117188,-0.020551443099975586,-0.016002774238586426,-0.006800293922424316,9.357929229736328e-05,-0.011621952056884766,-0.02918708324432373,-0.015479981899261475,-0.017505407333374023,0.014835000038146973,-0.007510185241699219,-0.00031244754791259766,-0.0075234174728393555,0.0066231489181518555,-0.009454965591430664,0.012949764728546143
2022-12-16,-0.017031311988830566,0.00842297077178955,-0.03844010829925537,0.003821134567260742,0.023709654808044434,-0.030911028385162354,-0.034429073333740234,-0.04336291551589966,-0.028354763984680176,0.0015336275100708008,-0.024284720420837402,-0.034139037132263184,0.022580623626708984,-0.008725523948669434,-0.00909578800201416,-0.03182399272918701,0.021748721599578857,-0.007917523384094238,-0.03428453207015991,0.000405728816986084
2022-12-19,-0.0063582658767700195,-0.004616379737854004,0.007515251636505127,-0.032989680767059326,0.014528870582580566,-0.008537471294403076,-0.013881921768188477,-0.014846205711364746,-0.012327909469604492,-0.002552330493927002,-0.024028301239013672,0.003113389015197754,-0.009900927543640137,-0.010880112648010254,0.002699732780456543,-0.0006238222122192383,0.02578788995742798,0.002997457981109619,-0.002874433994293213,0.00040590763092041016
2022-12-20,-0.008318603038787842,-0.017361879348754883,0.02458333969116211,0.0029522180557250977,0.002905607223510742,-0.0014830231666564941,0.01344442367553711,-0.01585531234741211,-0.013749361038208008,-0.008188307285308838,-0.0030057430267333984,0.014568328857421875,-0.007988452911376953,0.0076577067375183105,-0.008846819400787354,-0.0013130903244018555,-0.0343930721282959,-0.003110051155090332,-0.009760797023773193,0.019830822944641113
2022-12-21,-0.002097189426422119,0.015080392360687256,-0.015910983085632324,-0.013082563877105713,0.01446223258972168,-0.01822972297668457,-0.05526292324066162,0.010624170303344727,-0.03252917528152466,-0.030443787574768066,-0.054888010025024414,0.007624387741088867,-0.05151301622390747,0.0018407106399536133,-0.0042688846588134766,-0.00909566879272461,0.029371798038482666,0.015398859977722168,-0.013687431812286377,-6.914138793945312e-05
2022-12-22,-0.011639118194580078,-0.00024044513702392578,-0.0023365020751953125,-0.02220386266708374,0.023106873035430908,-0.01795816421508789,0.006814122200012207,-0.020054280757904053,-0.0006131529808044434,-0.058009564876556396,0.04611051082611084,-0.021240532398223877,-0.02924412488937378,0.0010923147201538086,-0.005456387996673584,-0.0005437731742858887,-0.007655143737792969,0.013645410537719727,-0.026253104209899902,-0.033901870250701904
2022-12-23,-0.0336114764213562,0.033067941665649414,0.0034757256507873535,-0.06117606163024902,0.029931068420410156,-0.06166762113571167,-0.04763990640640259,-0.07027500867843628,-0.06094694137573242,-0.030508458614349365,-0.05118381977081299,-0.017493486404418945,-0.039514899253845215,0.0174102783203125,-0.024139881134033203,-0.03399413824081421,0.006008625030517578,0.018303751945495605,-0.05163520574569702,-0.02487128973007202
2022-12-26,-0.029195189476013184,-0.005130410194396973,-0.014267683029174805,-0.04277980327606201,-0.00826263427734375,0.03336334228515625,0.038117289543151855,-0.0907367467880249,0.017096877098083496,-0.10780882835388184,0.014450550079345703,0.012285947799682617,0.03258657455444336,-0.006749272346496582,0.009396910667419434,-0.03332054615020752,-0.018964648246765137,-0.014525771141052246,0.016933917999267578,0.009967684745788574
2022-12-27,-0.01652693748474121,-0.0027011632919311523,-0.0009245872497558594,-0.021983742713928223,-0.016332387924194336,0.017398595809936523,0.013246655464172363,-0.0064563751220703125,0.0007494688034057617,0.01157289743423462,0.017661213874816895,-0.008727967739105225,0.022879600524902344,0.00045931339263916016,0.009388923645019531,-0.01382291316986084,0.0015924572944641113,-0.003205418586730957,0.012792229652404785,-0.0026850104331970215
2022-12-28,0.0005662441253662109,-0.045125484466552734,-0.009995460510253906,-0.028455257415771484,-0.012630462646484375,0.003475666046142578,-0.000701904296875,-0.03464102745056152,-0.05777251720428467,-0.022884488105773926,2.9206275939941406e-05,-0.0032315850257873535,-0.006556034088134766,0.008229613304138184,-0.020022034645080566,0.007634401321411133,-0.009947657585144043,-0.0035147666931152344,0.01611495018005371,0.010041475296020508
2022-12-29,0.011168599128723145,-0.009820103645324707,-0.006978034973144531,-0.00247037410736084,0.014867246150970459,-0.007981359958648682,-0.009658455848693848,-0.002956986427307129,0.014766931533813477,-0.05098855495452881,-0.008874058723449707,-0.005872547626495361,0.013586997985839844,0.01075965166091919,-0.00525510311126709,0.01356595754623413,-0.005654335021972656,0.0007429718971252441,-0.004982888698577881,-0.0013688206672668457
2022-12-30,0.0013096332550048828,0.010401666164398193,-0.007786870002746582,-0.01922130584716797,-0.002882719039916992,0.004579424858093262,0.008156657218933105,0.013806343078613281,-0.013037681579589844,0.0019801855087280273,0.011618971824645996,0.001587510108947754,-0.0068939924240112305,-0.001273512840270996,0.01975715160369873,-0.006327152252197266,-0.05126166343688965,-0.03706848621368408,0.009261846542358398,-0.0088731050491333
2023-01-02,-0.0011473894119262695,0.006103217601776123,0.00837486982345581,-0.012733697891235352,-0.011610150337219238,0.0019392967224121094,0.0262070894241333,-0.0032466650009155273,-0.011248469352722168,0.005456387996673584,0.030773639678955078,0.01306140422821045,0.018897175788879395,0.002587735652923584,0.007920920848846436,-0.0009168386459350586,-0.011312484741210938,-0.008807897567749023,0.004481673240661621,0.008151888847351074
2023-01-03,-0.009823203086853027,0.004142463207244873,0.009568870067596436,-0.0012732744216918945,-0.0034542083740234375,0.0049266815185546875,-0.013111710548400879,0.006600618362426758,-0.008818507194519043,0.00548630952835083,-0.016353845596313477,-0.02144378423690796,-0.002649545669555664,-0.0006010532379150391,-0.002766847610473633,-0.004536747932434082,-0.01402747631072998,0.007208108901977539,0.0003718137741088867,-0.0036098361015319824
2023-01-04,0.014429271221160889,0.02386343479156494,0.011548280715942383,-0.006199359893798828,0.005718708038330078,-0.019510269165039062,-0.023532450199127197,0.022481679916381836,-0.025330185890197754,0.018555641174316406,-0.004536926746368408,-0.02279376983642578,-0.02049332857131958,-0.0212709903717041,0.010248303413391113,0.016305923461914062,0.008106589317321777,0.01155543327331543,-0.010672152042388916,-0.00514453649520874
2023-01-05,0.002467513084411621,0.00488811731338501,-0.0022428035736083984,-0.004265427589416504,-0.008096933364868164,-0.008316516876220703,-0.013606071472167969,0.01196134090423584,0.01569455862045288,0.005620777606964111,-0.00946134328842163,0.0003170967102050781,-0.0007749199867248535,-0.003667116165161133,-0.0027877092361450195,-0.0007061958312988281,0.011984527111053467,-0.014794230461120605,0.011270284652709961,0.006482124328613281
2023-01-06,0.01212078332901001,0.013917684555053711,0.014789998531341553,0.014315009117126465,0.0009970664978027344,-0.00365293025970459,0.00018036365509033203,0.02120661735534668,-0.02952754497528076,0.014388501644134521,-0.020326435565948486,-0.020389080047607422,-0.022877037525177002,-0.012048423290252686,-0.0017473697662353516,0.012461960315704346,0.004777133464813232,-0.0048934221267700195,0.006527543067932129,-0.002966940402984619
2023-01-09,-0.0016692876815795898,0.007446587085723877,0.0029051899909973145,-0.0030323266983032227,0.0029941797256469727,-0.0010327696800231934,0.0034252405166625977,0.014449775218963623,0.014531493186950684,0.002085566520690918,0.022933006286621094,0.023881077766418457,0.007142901420593262,0.009032487869262695,-0.011893391609191895,0.0008487105369567871,0.00027358531951904297,0.023232221603393555,0.010545134544372559,0.022354483604431152
2023-01-10,0.004916250705718994,0.00941997766494751,0.004100322723388672,0.017502009868621826,-0.0027806758880615234,-0.0025328993797302246,-0.01015084981918335,0.0005192756652832031,0.007178902626037598,0.0015673637390136719,-0.009981691837310791,-0.006535768508911133,-0.004334151744842529,-0.008469343185424805,0.009089469909667969,-0.014910101890563965,0.012476682662963867,-0.0027004480361938477,0.010696053504943848,-0.013062655925750732
2023-01-11,0.00862497091293335,-0.0023643970489501953,0.0032660365104675293,0.00016188621520996094,0.012423038482666016,-0.00036281347274780273,-0.008349299430847168,0.01782125234603882,-0.010064363479614258,0.0041863322257995605,0.004270672798156738,-0.005789816379547119,-0.013850390911102295,-0.00500035285949707,0.019610881805419922,0.0327298641204834,-0.0009354352951049805,-0.01170492172241211,-0.0008259415626525879,-0.00942307710647583
2023-01-12,-0.000760197639465332,0.0052490234375,0.007877230644226074,0.004535198211669922,0.009546816349029541,0.006661653518676758,-0.01674741506576538,-0.0033680200576782227,0.00677180290222168,0.015764594078063965,0.0022504329681396484,-0.055573344230651855,-0.0008025765419006348,0.005911469459533691,-0.006452679634094238,-0.010702252388000488,-0.0022383928298950195,0.000819087028503418,0.005683302879333496,0.0
2023-01-13,0.018315374851226807,-0.0030813217163085938,-0.006530284881591797,0.0017897486686706543,0.010149061679840088,0.0012359619140625,0.021965742111206055,0.018241941928863525,0.0071100592613220215,-0.017618775367736816,-0.0021433234214782715,0.010027468204498291,-0.007630527019500732,-0.009278178215026855,-0.00384676456451416,0.009259700775146484,0.011270403861999512,-0.011579036712646484,0.0013871192932128906,0.0013797283172607422
2023-01-16,0.01951676607131958,-0.007053017616271973,-0.011415362358093262,0.021026909351348877,-0.006472587585449219,-0.006403625011444092,-0.008469998836517334,-0.014768004417419434,0.012654542922973633,0.012591838836669922,0.006063938140869141,0.005695343017578125,-0.006879866123199463,-0.009962916374206543,0.02211397886276245,0.009141623973846436,0.0012341737747192383,0.0076985955238342285,-0.0043607354164123535,-0.006598949432373047
2023-01-17,-0.005875110626220703,-0.004765748977661133,-0.0056961774826049805,-0.008324980735778809,-0.00802457332611084,0.004995465278625488,-0.009001493453979492,0.0011818408966064453,-0.01142573356628418,0.020722627639770508,0.000580906867980957,-0.005198240280151367,-0.005704939365386963,0.012215137481689453,0.005061686038970947,-0.00449824333190918,0.0015388727188110352,0.016639411449432373,0.017364859580993652,0.007226824760437012
2023-01-18,-0.008804798126220703,0.004191160202026367,0.00955188274383545,-0.011558771133422852,-0.0013550519943237305,-0.004352569580078125,0.018259286880493164,0.015435755252838135,0.011984288692474365,-0.04177963733673096,-0.020626485347747803,-0.0025366544723510742,-0.00901639461517334,-0.005858004093170166,-0.021006107330322266,0.008659064769744873,0.008826792240142822,0.0024914145469665527,0.011902332305908203,0.01826345920562744
2023-01-19,0.01780158281326294,0.0007348060607910156,0.005092501640319824,-0.008978128433227539,0.005525469779968262,-0.0038800835609436035,-0.003913998603820801,0.03151679039001465,0.009345769882202148,0.014583349227905273,0.011515974998474121,-0.011074423789978027,0.010752677917480469,-0.00019997358322143555,0.01422494649887085,0.014773011207580566,-0.021969079971313477,-0.0018732547760009766,-0.018519461154937744,0.020782828330993652
2023-01-20,0.0205877423286438,-0.04132580757141113,0.01263648271560669,0.017958223819732666,0.017518997192382812,-0.019683659076690674,-0.009778022766113281,-0.014261603355407715,-0.003010869026184082,0.007928133010864258,-0.006315171718597412,0.017094552516937256,-0.00981992483139038,-0.0034161806106567383,0.020626068115234375,0.015088081359863281,0.020401835441589355,0.02160590887069702,-0.004691779613494873,-0.013038575649261475
2023-01-23,0.003593266010284424,-0.03922516107559204,0.007106482982635498,-0.005271792411804199,0.0034047365188598633,-0.0009271502494812012,0.0027685165405273438,0.02257084846496582,-0.030318140983581543,0.00532764196395874,-0.011781752109527588,0.025005578994750977,-0.0037189722061157227,-0.03375375270843506,-0.0029134750366210938,-0.004061341285705566,-0.03874713182449341,0.0022295713424682617,0.0013321638107299805,0.015754222869873047
2023-01-24,0.006040334701538086,0.0015336275100708008,0.00490570068359375,0.018682420253753662,-0.00017368793487548828,-0.000583350658416748,0.0005521774291992188,0.0015133023262023926,0.009128808975219727,0.0016068816184997559,0.009833216667175293,0.012413442134857178,0.0,-0.02978736162185669,0.011288285255432129,-0.006694197654724121,0.004063963890075684,0.022664368152618408,-0.005475163459777832,-0.0046599507331848145
2023-01-25,-0.03310656547546387,-0.022053122520446777,-0.03066176176071167,0.012191057205200195,0.009436726570129395,-0.025149822235107422,-0.00478285551071167,0.023014724254608154,-0.04488873481750488,0.03433471918106079,-0.004418075084686279,0.02383601665496826,-0.022397398948669434,-0.02025926113128662,0.028206825256347656,-0.00021159648895263672,-0.0082777738571167,-0.0011975765228271484,-0.022020936012268066,-0.010760962963104248
2023-01-27,-0.013602256774902344,0.0006434917449951172,0.014332890510559082,0.013355910778045654,0.001636505126953125,-0.007320582866668701,-0.01959329843521118,-0.005171060562133789,-0.045664429664611816,-0.009999990463256836,-0.041719794273376465,0.0011646151542663574,-0.01824355125427246,-0.005446910858154297,0.010625362396240234,-0.001292109489440918,0.009060025215148926,0.002827286720275879,-0.005681872367858887,0.00918269157409668
2023-01-30,0.010936737060546875,0.0041370391845703125,-0.014675140380859375,0.006853997707366943,-0.006322503089904785,0.008553266525268555,-0.08616143465042114,0.008097708225250244,0.00010752677917480469,0.009350895881652832,0.0017501115798950195,-0.018367648124694824,0.006914496421813965,-0.004056870937347412,0.0031433701515197754,-0.009525537490844727,-0.018054723739624023,0.01515817642211914,0.010952353477478027,0.0006299018859863281
2023-01-31,0.012229561805725098,0.015355825424194336,0.004140973091125488,-0.07902014255523682,-0.041361212730407715,-0.02207183837890625,-0.12203419208526611,-0.06702005863189697,-0.047199249267578125,-0.027762293815612793,0.02685534954071045,-0.015321850776672363,-0.029184579849243164,0.017447710037231445,0.0016641020774841309,-0.014432430267333984,-0.006898105144500732,-0.006643772125244141,0.01889359951019287,0.016158342361450195
2023-02-01,-0.01700747013092041,0.005844831466674805,0.006708264350891113,0.049728214740753174,-0.006033182144165039,0.01792508363723755,0.0034935474395751953,0.015482127666473389,0.02854210138320923,0.032414913177490234,0.015402674674987793,-0.009401559829711914,0.006672263145446777,0.010525941848754883,-0.015616655349731445,-0.01933610439300537,-0.014466702938079834,-0.010779976844787598,-0.01772141456604004,-0.019893944263458252
2023-02-02,0.0006618499755859375,-0.0012750029563903809,-0.015771448612213135,0.002523958683013916,0.021211683750152588,-0.000893712043762207,0.011901497840881348,0.030354022979736328,0.024413466453552246,0.003908514976501465,-0.004062831401824951,-0.0028619766235351562,-0.008816123008728027,-0.00940936803817749,0.01027989387512207,0.009821712970733643,-0.0014197230339050293,-0.0005440711975097656,0.011609077453613281,-0.061666011810302734
2023-02-03,0.0041571855545043945,0.01134347915649414,-0.0048084259033203125,0.008603215217590332,0.008850038051605225,0.012987017631530762,0.018207311630249023,-0.01214456558227539,0.01202470064163208,0.01961880922317505,-0.0089033842086792,-0.003917813301086426,-0.004577517509460449,0.009232163429260254,-0.021908044815063477,-0.0034728050231933594,-0.006943762302398682,0.024907588958740234,0.0027914047241210938,0.02776944637298584
2023-02-06,-0.062476396560668945,0.00781548023223877,-0.0019030570983886719,-0.0010209083557128906,-0.02203655242919922,0.004358530044555664,-0.02244412899017334,-0.05106937885284424,-0.027631640434265137,0.003430485725402832,0.012663841247558594,-0.02559661865234375,-0.008285045623779297,0.009197115898132324,0.00358736515045166,-0.003935813903808594,0.000754237174987793,0.03134411573410034,-0.037888526916503906,-0.0016021728515625
2023-02-07,-0.05251497030258179,-0.019534409046173096,-0.025882601737976074,0.014448404312133789,-0.009352684020996094,0.022604048252105713,0.0291135311126709,0.013684749603271484,0.02304738759994507,-0.005737185478210449,0.0007120370864868164,-0.0409315824508667,-0.004930257797241211,-0.003697693347930908,0.007714748382568359,0.006646692752838135,-0.012428462505340576,-0.0034546852111816406,-0.024088501930236816,-0.007440447807312012
2023-02-08,0.024020910263061523,0.0038394927978515625,0.0022925138473510742,-0.02155911922454834,-0.01897573471069336,-0.021802783012390137,0.005460858345031738,-0.06067466735839844,-0.04062914848327637,-0.017683863639831543,-0.007589757442474365,0.02248150110244751,-0.002044200897216797,-0.035931944847106934,-0.0080338716506958,0.003311455249786377,0.0067386627197265625,-0.043952226638793945,0.0015034079551696777,0.01888740062713623
2023-02-09,-0.013234734535217285,-0.0008205771446228027,0.007451355457305908,-0.0020259618759155273,-0.0001634359359741211,0.00391465425491333,0.015412747859954834,-0.03414273262023926,0.015533149242401123,-0.01905834674835205,0.0017476081848144531,-0.004109859466552734,0.006119966506958008,-0.012729644775390625,0.00265657901763916,-0.009671807289123535,-0.008158206939697266,0.020226478576660156,0.0163688063621521,-0.007717907428741455
2023-02-10,0.006012439727783203,-0.0024220943450927734,-0.0062711238861083984,-0.004886269569396973,-0.007077574729919434,0.011568725109100342,-0.019274115562438965,0.027116894721984863,-0.009168386459350586,-0.011551141738891602,0.018504738807678223,-0.03424358367919922,-0.032840728759765625,0.01897186040878296,0.0048978328704833984,-0.0320281982421875,-0.01871734857559204,-0.007404923439025879,-0.007653951644897461,0.01366579532623291
2023-02-13,-0.007355630397796631,-0.013367652893066406,0.009169280529022217,-0.011234045028686523,0.02389448881149292,0.012964069843292236,0.004511475563049316,0.008252382278442383,0.015740513801574707,-0.0048940181732177734,0.015299081802368164,0.02054685354232788,-0.015280187129974365,0.006079256534576416,0.006130695343017578,-0.03188610076904297,-0.01512753963470459,-0.0013364553451538086,0.0029402971267700195,0.009537458419799805
2023-02-14,-0.003056645393371582,0.011052608489990234,-0.005444169044494629,0.0024871230125427246,-0.0060367584228515625,0.0029219388961791992,0.006460249423980713,0.016132593154907227,-0.002039194107055664,-0.054653704166412354,0.008147120475769043,0.039207398891448975,-0.015086233615875244,0.02563774585723877,0.0026064515113830566,0.0047149658203125,-0.0173301100730896,0.013457894325256348,0.007224977016448975,0.03786039352416992
2023-02-15,0.00037157535552978516,0.005511283874511719,-0.006042599678039551,-0.009641051292419434,-0.005174756050109863,-0.023073792457580566,-0.013392806053161621,0.013065934181213379,-0.013174891471862793,0.012020587921142578,0.03612959384918213,0.0017481446266174316,0.023632407188415527,-0.02875077724456787,-0.006620168685913086,0.012775897979736328,-0.0003274083137512207,0.006538867950439453,-0.0006930828094482422,0.010197758674621582
2023-02-16,0.021918892860412598,0.02739870548248291,0.0015489459037780762,0.011524558067321777,-0.0012595653533935547,-0.014961481094360352,-0.017333984375,-0.02729976177215576,-0.029284238815307617,0.02658367156982422,0.03358590602874756,-0.05356621742248535,0.03206503391265869,-0.0817117691040039,-0.0024230480194091797,0.031437039375305176,-0.07560074329376221,0.007830262184143066,-0.014099836349487305,0.001287221908569336
2023-02-17,-0.016086578369140625,-0.012795746326446533,-0.0058258771896362305,0.023151278495788574,0.008861124515533447,0.011288583278656006,0.005177438259124756,-0.026352882385253906,0.01571488380432129,-0.004958629608154297,-0.002804696559906006,0.027606666088104248,-0.0024854540824890137,0.0250663161277771,-0.007078647613525391,-0.0031595826148986816,-0.02183067798614502,0.021045386791229248,0.005903065204620361,-0.00027066469192504883
2023-02-20,0.001477956771850586,-0.023653268814086914,0.006690859794616699,0.006990551948547363,-0.004635810852050781,-0.004295468330383301,0.003974318504333496,-0.0017085075378417969,-0.02368783950805664,-0.013842761516571045,0.020558714866638184,-0.025055289268493652,-0.0024917125701904297,-0.013379335403442383,0.0056574344635009766,-0.0028030872344970703,0.013878703117370605,-0.11157846450805664,0.00775378942489624,-0.01583760976791382
2023-02-21,-0.013466119766235352,0.011660099029541016,0.00866842269897461,0.015625059604644775,0.008569538593292236,0.0041942596435546875,0.009500265121459961,-0.011441826820373535,0.011314988136291504,-0.013475596904754639,-0.017034292221069336,0.010052263736724854,0.0054122209548950195,0.02020108699798584,-0.005086183547973633,0.0025298595428466797,-0.005954384803771973,0.03437042236328125,0.010584115982055664,-0.01423555612564087
2023-02-22,-0.0167352557182312,-0.005735039710998535,0.00822591781616211,0.023722290992736816,0.013851940631866455,0.004960119724273682,0.03721463680267334,0.01419377326965332,0.02855968475341797,-0.025611817836761475,0.018624544143676758,0.0024856925010681152,-0.018219411373138428,0.011624157428741455,0.01595330238342285,-0.01893705129623413,0.009272933006286621,-0.005769014358520508,-0.035041213035583496,-0.010534405708312988
2023-02-23,-0.009603500366210938,-0.0003142356872558594,0.0031132102012634277,0.008754730224609375,0.003820657730102539,0.001225292682647705,0.0034867525100708008,-0.01811814308166504,0.019316494464874268,-0.0075934529304504395,0.007025241851806641,0.013214707374572754,-0.011387646198272705,0.021773159503936768,0.011505365371704102,-0.013894438743591309,0.024201393127441406,0.020670950412750244,0.007925748825073242,0.007967233657836914
2023-02-24,0.031105995178222656,-0.001215517520904541,-0.011283278465270996,0.01153564453125,-0.002030491828918457,-0.010483741760253906,0.002599179744720459,-6.520748138427734e-05,-0.05692636966705322,-0.007062971591949463,0.0077571868896484375,-0.010112643241882324,-0.01621156930923462,0.014537930488586426,-0.0032625198364257812,-0.008115172386169434,0.015429794788360596,0.013150632381439209,-0.0007709264755249023,-0.009233295917510986
2023-02-27,-0.00046557188034057617,-0.01656162738800049,0.009658515453338623,0.011123359203338623,-0.00405275821685791,0.0017935633659362793,-0.00962209701538086,-0.010617971420288086,0.04187995195388794,-0.039715468883514404,-0.01832669973373413,0.030614733695983887,0.0060710906982421875,0.026374459266662598,-0.0017577409744262695,-0.014654994010925293,0.017604291439056396,0.017469167709350586,0.00282895565032959,-0.0405958890914917
2023-02-28,-0.01415926218032837,0.00032722949981689453,-0.025878190994262695,-0.012723684310913086,-0.007455945014953613,0.005335032939910889,0.0025811195373535156,-0.015186667442321777,0.010046005249023438,0.030864238739013672,-0.02069491147994995,-0.009068727493286133,0.024568915367126465,-0.022076725959777832,-0.009299874305725098,-0.010652780532836914,-0.04918229579925537,-0.019603371620178223,0.0001538991928100586,-0.01994258165359497
2023-03-01,0.017008423805236816,0.01147449016571045,-0.0013434886932373047,-0.025673627853393555,-0.01619279384613037,-0.025901079177856445,-0.016323208808898926,-0.019045233726501465,-0.033034682273864746,-0.05868268013000488,0.0023778676986694336,-0.01965796947479248,-0.0033655762672424316,-0.011759757995605469,-0.0029555559158325195,0.03085005283355713,0.0034567713737487793,0.0022356510162353516,0.019999980926513672,0.027556657791137695
2023-03-02,0.0029730796813964844,-0.014964163303375244,-0.008130192756652832,0.006213366985321045,0.010568380355834961,0.009074926376342773,-0.009107828140258789,0.019344449043273926,-0.0019855499267578125,0.018099546432495117,0.0005763769149780273,0.006224453449249268,-0.0122414231300354,0.01533806324005127,-0.0010399818420410156,0.005166769027709961,0.011443018913269043,-0.0035851001739501953,-0.005429863929748535,-0.010376274585723877
2023-03-03,0.009911894798278809,0.00641477108001709,-0.005201220512390137,-0.011253952980041504,-0.00409543514251709,0.0025696754455566406,0.0002911686897277832,-0.008956193923950195,-0.008239507675170898,-0.0069124698638916016,-0.004688143730163574,-0.008964776992797852,-0.0076923370361328125,-0.004452824592590332,-0.0038095712661743164,0.011103630065917969,0.015472888946533203,-0.004353642463684082,0.019057750701904297,0.0057593584060668945
2023-03-06,0.004678130149841309,-0.001971006393432617,-0.006686508655548096,-0.024907350540161133,-0.029653310775756836,-0.0039740800857543945,-0.018250703811645508,-0.01936185359954834,-0.02255094051361084,-0.0005720853805541992,0.008088231086730957,-0.0009951591491699219,0.010335922241210938,0.001499176025390625,-0.013886451721191406,0.012500286102294922,0.009705841541290283,-0.015671849250793457,-0.005853474140167236,0.0014683008193969727
2023-03-08,0.0,-0.010038018226623535,-0.009739398956298828,-0.008617758750915527,0.005192399024963379,0.006388068199157715,-0.026313304901123047,0.008893787860870361,-0.02508854866027832,-0.00971996784210205,0.037299513816833496,-0.0012308359146118164,0.0196077823638916,-0.00781404972076416,0.0012760758399963379,0.0030646324157714844,-0.015219330787658691,0.0033923983573913574,0.008732080459594727,0.007990598678588867
2023-03-09,-0.009312570095062256,-0.0019806623458862305,-0.0015186071395874023,0.008202314376831055,0.009685754776000977,0.0059070587158203125,0.021272659301757812,-0.009847521781921387,0.023487627506256104,0.0005663037300109863,0.041852712631225586,0.003026127815246582,0.0020903348922729492,0.007368981838226318,-0.016780197620391846,-0.0029686689376831055,0.009837150573730469,0.0178983211517334,-0.017362475395202637,-0.006400048732757568
2023-03-10,-0.017141282558441162,0.005759477615356445,-0.002619445323944092,0.0134391188621521,0.005976974964141846,-0.0032889842987060547,-0.0037015676498413086,0.0008962750434875488,0.026174843311309814,-0.03172802925109863,-0.008054018020629883,0.007647335529327393,-0.016270339488983154,-0.0030823945999145508,0.0021657943725585938,-0.00347745418548584,0.004055798053741455,0.003130674362182617,-0.012584924697875977,-0.0006586909294128418
2023-03-13,-0.015471160411834717,-0.021418869495391846,-0.005688369274139404,-0.04051685333251953,-0.04023176431655884,0.0034710168838500977,0.019858181476593018,0.0012683868408203125,0.028123676776885986,0.020867645740509033,-0.03374803066253662,0.015006303787231445,-0.014419019222259521,0.029539048671722412,-0.00907677412033081,-0.004776298999786377,-0.005783557891845703,0.006392955780029297,-0.015906155109405518,-0.009741485118865967
2023-03-14,-0.009904801845550537,-0.003419041633605957,-0.012561619281768799,0.007280707359313965,0.0038728713989257812,-0.012494802474975586,0.021418273448944092,-0.005761384963989258,-0.005018711090087891,-0.01402127742767334,-0.05512237548828125,-0.0016617774963378906,-0.01075732707977295,-0.009350299835205078,0.004187345504760742,0.010431170463562012,0.011461079120635986,0.01715773344039917,0.0013986825942993164,-0.010059177875518799
2023-03-15,-0.009619057178497314,4.398822784423828e-05,0.004560947418212891,-0.0016263723373413086,-0.009758293628692627,0.009828805923461914,-0.019126415252685547,0.01910996437072754,0.010199785232543945,0.0038716793060302734,0.0036145448684692383,-0.011383056640625,-0.007829427719116211,0.017410457134246826,0.003996133804321289,-0.014314234256744385,-0.014355659484863281,-0.00011479854583740234,-0.0033109188079833984,0.0068738460540771484
2023-03-16,0.010489583015441895,0.01825261116027832,-0.010638892650604248,-0.0010859370231628418,-0.013292133808135986,0.0017371177673339844,0.027570784091949463,-0.0390743613243103,0.01051950454711914,0.0016657710075378418,0.010560154914855957,0.013733446598052979,-0.007452905178070068,0.0063018798828125,0.012892603874206543,0.01639235019683838,0.012666165828704834,-0.034795522689819336,-0.0049828290939331055,-0.008607864379882812
2023-03-17,0.014609694480895996,0.0060471296310424805,-0.010716140270233154,-0.005617022514343262,-0.0027871131896972656,0.003480255603790283,0.009251892566680908,-0.008037924766540527,-0.007810831069946289,0.002224743366241455,0.014309525489807129,-0.020249605178833008,0.0008834600448608398,-0.0026074647903442383,0.0037587881088256836,-0.0009091496467590332,-0.04097723960876465,0.029963374137878418,0.0047991275787353516,-0.02769458293914795
2023-03-20,-0.004262983798980713,0.001545548439025879,-0.004525959491729736,-0.018039286136627197,-0.007220208644866943,0.0008869767189025879,0.01315397024154663,-0.023683249950408936,0.007427394390106201,0.042920827865600586,-0.00542294979095459,-0.0023202896118164062,-0.012356579303741455,0.024496257305145264,0.009531855583190918,-0.0018200874328613281,0.023226916790008545,0.004118502140045166,-0.013186514377593994,0.010560810565948486
2023-03-21,-0.008181869983673096,0.006351590156555176,0.010302066802978516,0.0012989044189453125,0.011612892150878906,0.0036620497703552246,0.006511986255645752,-0.04485487937927246,-0.02396702766418457,-0.002329707145690918,0.019237160682678223,-0.0025523900985717773,0.004915118217468262,-0.012813687324523926,-0.005901217460632324,0.01997089385986328,-0.01886618137359619,0.012176871299743652,0.002946138381958008,-7.355213165283203e-05
2023-03-22,-0.0033572912216186523,-0.004884541034698486,-0.007255077362060547,0.00203859806060791,0.0052759647369384766,-0.005011916160583496,0.0041991472244262695,-0.01120460033416748,-0.0015887022018432617,-0.009877920150756836,0.03770899772644043,0.002498447895050049,0.013783931732177734,-0.013347864151000977,0.007886767387390137,0.013578176498413086,0.017398178577423096,-0.0019769668579101562,0.008707523345947266,-0.011261582374572754
2023-03-23,-0.004042327404022217,-0.019833624362945557,0.0008162260055541992,-0.00628817081451416,-0.03172039985656738,-0.003103017807006836,0.003085494041442871,0.012836694717407227,0.020619630813598633,0.005753755569458008,-0.012982606887817383,-0.012262701988220215,0.004824638366699219,0.008982479572296143,-0.0037862658500671387,0.001028895378112793,0.0024210214614868164,0.0011606216430664062,0.006864190101623535,0.008952677249908447
2023-03-24,-0.041360676288604736,0.0076062679290771484,0.003876924514770508,-0.025497853755950928,0.014757692813873291,0.01670992374420166,0.030743837356567383,0.013294696807861328,0.022889256477355957,0.026041686534881592,0.013919591903686523,0.005101323127746582,-0.01091223955154419,0.007677197456359863,-0.0014357566833496094,-0.0009438991546630859,-0.006860971450805664,0.01905643939971924,-0.014616250991821289,0.01806694269180298
2023-03-27,-0.008266150951385498,0.0076645612716674805,-0.004136919975280762,-0.0261649489402771,0.002950310707092285,-0.0071065425872802734,0.040872812271118164,0.02991461753845215,0.032596707344055176,0.024955391883850098,-0.008753478527069092,0.014062225818634033,-0.02162402868270874,0.0030162930488586426,-0.005328655242919922,0.0026034116744995117,0.022149264812469482,-0.04453927278518677,0.001153111457824707,-0.005385160446166992
2023-03-28,-0.0013213753700256348,0.0016918182373046875,-0.0003388524055480957,-0.015689373016357422,0.011836349964141846,-0.0030679702758789062,0.025302410125732422,0.020310282707214355,0.01964592933654785,0.003656327724456787,-0.020304501056671143,0.0022835731506347656,-0.00631481409072876,0.00736689567565918,-0.006802737712860107,-0.003078281879425049,0.026115238666534424,0.0168609619140625,-0.0013088583946228027,-0.019937515258789062
2023-03-29,-0.04050886631011963,0.0033063888549804688,0.0035529136657714844,0.03247666358947754,0.01220846176147461,-0.002085447311401367,-0.059888482093811035,-0.04089343547821045,-0.005941987037658691,-0.04464828968048096,0.012619376182556152,-0.006051301956176758,-0.04221522808074951,-0.011778116226196289,-0.00890415906906128,0.007898211479187012,-0.03416240215301514,0.02255547046661377,0.0009959936141967773,0.010138630867004395
2023-03-31,-0.0136946439743042,-0.007197380065917969,-0.02022862434387207,0.01929759979248047,-0.025185108184814453,-0.022558927536010742,-0.00698244571685791,-0.0008782148361206055,-0.03625202178955078,-0.022248268127441406,0.03227579593658447,-0.017318248748779297,-0.011324048042297363,-0.031417012214660645,0.016326904296875,0.005314469337463379,-0.003452897071838379,0.01609635353088379,0.018538951873779297,-0.014516353607177734
2023-04-03,-0.0036668777465820312,-0.0051084160804748535,0.002243936061859131,0.029534220695495605,-0.0013648271560668945,-0.020894408226013184,-0.014401555061340332,-0.019336462020874023,-0.038336873054504395,-0.016036629676818848,0.004863619804382324,0.008546829223632812,-0.00043070316314697266,0.017787575721740723,-0.01079469919204712,-0.020523667335510254,0.014581441879272461,-0.0018775463104248047,0.004833221435546875,-0.01670539379119873
2023-04-05,-0.01115274429321289,0.003155946731567383,-0.01226496696472168,0.0025745630264282227,-0.01987624168395996,0.0010532140731811523,-0.020296573638916016,-0.01851487159729004,-0.0035521984100341797,-0.0197293758392334,-0.002321302890777588,-0.0023381710052490234,0.003874361515045166,-0.01767289638519287,-0.002234160900115967,0.005841612815856934,0.007077455520629883,0.003056764602661133,-0.001586318016052246,-0.0036433935165405273
2023-04-06,-0.02091848850250244,0.012497544288635254,0.009421110153198242,0.0,-0.02795255184173584,0.000719904899597168,-0.012987017631530762,0.0010206103324890137,-0.00182342529296875,0.009397447109222412,0.0266951322555542,-0.0027922391891479492,0.009075164794921875,0.00026404857635498047,0.004133701324462891,-0.0028827786445617676,-0.014619708061218262,0.03539621829986572,0.013888955116271973,0.00839918851852417
2023-04-10,-0.00027942657470703125,-0.0035906434059143066,-0.010895609855651855,0.021643400192260742,-0.011700272560119629,0.008493304252624512,0.0001017451286315918,0.011365056037902832,-0.010171294212341309,0.011160731315612793,0.009607315063476562,-0.002796173095703125,0.010902762413024902,-0.0037151575088500977,0.010120153427124023,0.008610129356384277,0.010796785354614258,-0.034978508949279785,0.01465904712677002,-0.016007542610168457
2023-04-11,-0.0029795169830322266,0.0017483234405517578,0.0016488432884216309,0.001974821090698242,0.004711627960205078,0.006583809852600098,-0.008038997650146484,-0.0008879899978637695,0.003921568393707275,-0.006772041320800781,0.0035818815231323242,-0.04920625686645508,-0.004409193992614746,-0.0006743669509887695,-0.003990530967712402,0.003724336624145508,-0.01609671115875244,-0.003753662109375,0.013102173805236816,-0.006499886512756348
2023-04-12,-0.0138322114944458,0.0052356719970703125,-0.0008864402770996094,0.02185988426208496,0.0018828511238098145,0.006431698799133301,-0.03200078010559082,0.0007420778274536133,-0.028091073036193848,-0.024103164672851562,-0.020272493362426758,0.005504965782165527,-0.02151012420654297,0.0029262304306030273,0.0006819963455200195,0.010797977447509766,-0.007808566093444824,0.0025904178619384766,0.003786444664001465,0.0035799145698547363
2023-04-13,-0.0021976232528686523,0.0010062456130981445,0.0013710260391235352,0.015430450439453125,0.0004850625991821289,0.013620734214782715,-0.0045975446701049805,0.00048428773880004883,0.0009315013885498047,0.00656813383102417,0.01394045352935791,-0.01653897762298584,0.004297375679016113,0.0003132820129394531,0.0010222196578979492,0.00608372688293457,0.0038544535636901855,-0.001409292221069336,0.005388736724853516,0.003945052623748779
2023-04-17,-0.018455862998962402,0.0008848905563354492,0.0009962916374206543,-0.015023231506347656,0.0014019608497619629,-0.00993800163269043,0.01674783229827881,-0.04050707817077637,0.002175450325012207,-0.04077136516571045,-0.003832399845123291,-0.0011376142501831055,-0.03150629997253418,-0.0033315420150756836,0.008254647254943848,0.009183168411254883,-0.014424324035644531,-0.004116177558898926,-0.03440046310424805,-0.00021207332611083984
2023-04-18,0.011303484439849854,0.007582187652587891,-0.0026879310607910156,-0.005434870719909668,-0.005345821380615234,0.008499741554260254,0.001386404037475586,-0.003958225250244141,0.0042566657066345215,-0.009528875350952148,-0.0017552971839904785,-0.01684725284576416,-0.0029288530349731445,-0.03670704364776611,-0.026502251625061035,0.008876204490661621,-0.0018682479858398438,0.007085442543029785,-0.05929255485534668,-0.002050638198852539
2023-04-19,0.011251270771026611,-0.027755796909332275,0.00394207239151001,-0.005640804767608643,-0.017026543617248535,-0.010862886905670166,-0.014279961585998535,-0.020888090133666992,0.01720362901687622,-0.033036231994628906,-0.007382571697235107,-0.007302045822143555,0.0045890212059021,-6.341934204101562e-05,0.009784519672393799,-0.005254685878753662,0.004286229610443115,-0.0012898445129394531,0.0013947486877441406,0.003669440746307373
2023-04-20,0.001376509666442871,0.004267096519470215,0.00821983814239502,-0.018613696098327637,0.017058372497558594,-0.005923867225646973,0.00919044017791748,-0.0005604028701782227,0.004986166954040527,-0.0071065425872802734,-0.013249218463897705,-0.009866714477539062,0.009639561176300049,-0.001981973648071289,0.0002491474151611328,0.0009715557098388672,0.022629141807556152,0.002817869186401367,0.009963512420654297,0.0053119659423828125
2023-04-21,-0.020676374435424805,0.005665183067321777,-0.006458401679992676,0.001445174217224121,-0.01063835620880127,-0.0031564831733703613,0.008387625217437744,-0.002497553825378418,0.012794554233551025,-0.019153237342834473,-0.04005998373031616,-0.009599566459655762,-0.013965368270874023,-0.009541869163513184,-0.013372063636779785,0.0016782283782958984,-0.01974666118621826,-0.014166951179504395,0.0018563270568847656,-0.0036314725875854492
2023-04-24,0.008733212947845459,-0.001629948616027832,-0.003318309783935547,-0.00811690092086792,-0.0004253387451171875,0.004422187805175781,-0.0074634552001953125,-0.01423799991607666,-0.0020520687103271484,-0.018793344497680664,-0.0014986991882324219,0.0012149214744567871,0.00959932804107666,0.024123013019561768,0.007786273956298828,0.009204745292663574,-0.006537437438964844,-0.010570108890533447,0.004288196563720703,0.006598114967346191
2023-04-25,-0.0033605098724365234,0.0014679431915283203,0.0036721229553222656,0.0009092092514038086,0.0030821561813354492,0.00804436206817627,0.006716787815093994,0.008902251720428467,-0.009377002716064453,0.013106763362884521,0.0028607845306396484,0.00460129976272583,-0.005899667739868164,0.004770338535308838,0.004047572612762451,-0.003140270709991455,0.020184874534606934,-0.010322868824005127,-0.0043225884437561035,0.02085411548614502
2023-04-26,-0.0008146762847900391,0.006549477577209473,-0.0007201433181762695,0.02906978130340576,-0.0012793540954589844,0.0018602609634399414,-0.006762146949768066,-0.01230168342590332,-0.11564338207244873,-0.0044269561767578125,0.011090278625488281,0.004611968994140625,-0.035190701484680176,0.008731186389923096,-0.0001659393310546875,0.0018661022186279297,0.003889918327331543,-0.01588839292526245,-0.013553619384765625,-0.0010211467742919922
2023-04-27,-0.0020803213119506836,-0.004340231418609619,0.0024756789207458496,0.005826234817504883,-0.010913491249084473,0.0016145706176757812,0.0060253143310546875,0.005178391933441162,0.0158882737159729,0.00783538818359375,-0.009045720100402832,-0.012874960899353027,-0.010522007942199707,0.0017421245574951172,0.009370625019073486,-0.0004406571388244629,-0.0035066604614257812,-0.004067122936248779,0.012988448143005371,-0.0165402889251709
2023-04-28,-0.014983296394348145,-0.019491493701934814,-0.012494444847106934,0.0028084516525268555,0.007372677326202393,0.014588475227355957,0.0010930895805358887,-0.008755087852478027,-0.01896512508392334,-0.022211194038391113,0.017375707626342773,-0.022429347038269043,-0.027633190155029297,-0.1039893627166748,-0.01255655288696289,0.01793229579925537,-0.012256741523742676,-0.0030936598777770996,0.009536981582641602,-0.01806330680847168
2023-05-02,0.01093822717666626,-0.040754735469818115,0.00153350830078125,0.007701754570007324,-0.005994915962219238,0.0037337541580200195,-0.006764769554138184,0.0034302473068237305,-0.015939712524414062,-0.027522921562194824,0.00554656982421875,0.010267674922943115,0.01169133186340332,-0.005791187286376953,-0.0002480745315551758,0.004133462905883789,-0.00394892692565918,0.014771580696105957,0.020258188247680664,-0.016475319862365723
2023-05-03,0.007912158966064453,-0.0017521977424621582,0.0016930699348449707,0.020844221115112305,0.006170213222503662,-0.030048727989196777,-0.015019655227661133,-0.011483550071716309,-0.0067642927169799805,-0.08975565433502197,0.005303859710693359,0.00018745660781860352,0.00512617826461792,-0.006345272064208984,-0.018265962600708008,0.007056713104248047,0.003425419330596924,0.02214062213897705,0.021707773208618164,0.016900956630706787
2023-05-04,-0.0009969472885131836,0.025851130485534668,-0.007825493812561035,0.02620375156402588,-0.034279584884643555,0.00840073823928833,-0.006522655487060547,-0.0019068717956542969,0.012971282005310059,-0.00991809368133545,-0.004766881465911865,-0.003479599952697754,-0.003963589668273926,-0.00017511844635009766,-0.0004869699478149414,-0.006403863430023193,-0.005724310874938965,-0.005624651908874512,-0.010925352573394775,0.011202692985534668
2023-05-05,0.014033496379852295,-0.004244387149810791,0.002656400203704834,-0.004145264625549316,0.013852536678314209,0.010899960994720459,-0.0017409324645996094,0.006514906883239746,-0.006901860237121582,0.02519214153289795,0.0011349916458129883,0.006665050983428955,0.007501006126403809,-0.004932403564453125,-0.0027583837509155273,-0.008854806423187256,0.01147449016571045,-0.012516558170318604,-0.023161113262176514,0.022801756858825684
2023-05-08,-0.01937556266784668,0.0023952722549438477,-0.00083160400390625,0.0011655092239379883,-0.018521428108215332,-0.011359453201293945,-0.002896547317504883,0.00327146053314209,-0.0031925439834594727,-0.040297865867614746,-0.003912150859832764,-0.0008987188339233398,-0.04813051223754883,-0.002381443977355957,0.008576035499572754,0.006502747535705566,0.0052451491355896,-0.005728244781494141,0.010891079902648926,-0.0008020401000976562
2023-05-09,-0.003873586654663086,0.010241150856018066,0.0038653016090393066,-0.0013304352760314941,0.019768059253692627,-0.006248593330383301,-0.024068474769592285,0.017578840255737305,0.01263570785522461,0.021473705768585205,0.0003377199172973633,-0.002213716506958008,0.01707780361175537,-0.0025207996368408203,-0.008568644523620605,0.016200900077819824,0.001823723316192627,-0.024760961532592773,-0.004227042198181152,-0.029362499713897705
2023-05-10,-0.0896446704864502,0.00766909122467041,-0.0091630220413208,-0.010990798473358154,-0.0007295608520507812,-0.005132079124450684,0.010259389877319336,0.007810473442077637,-0.011944293975830078,-0.04130816459655762,0.0012503862380981445,0.007178604602813721,-0.003088712692260742,0.0035982131958007812,-0.01521158218383789,-0.006241738796234131,0.015172123908996582,-0.006535887718200684,0.008955836296081543,-0.02116793394088745
2023-05-11,0.0028585195541381836,0.008427143096923828,-0.004120588302612305,-0.0070719122886657715,-0.0095292329788208,0.016236543655395508,-0.002636432647705078,0.01786738634109497,-0.04468381404876709,-0.009917378425598145,-0.006044268608093262,0.008437275886535645,0.0003848075866699219,0.009861767292022705,-0.022714614868164062,-0.004005849361419678,0.0038716793060302734,-0.006452500820159912,0.014468908309936523,0.004677891731262207
2023-05-12,-0.012187957763671875,0.004409670829772949,-0.01140451431274414,-0.016279518604278564,-0.0013927221298217773,-0.0035033226013183594,-0.0225180983543396,-0.0015288591384887695,0.004752457141876221,0.0045008063316345215,-0.004611015319824219,-0.005005955696105957,0.019253015518188477,0.0036031007766723633,-0.008104801177978516,-0.003201901912689209,-0.005884051322937012,0.005348324775695801,-0.003439188003540039,-0.0068697333335876465
2023-05-15,0.0046765804290771484,-0.009932279586791992,-0.00781947374343872,0.006033420562744141,0.010198831558227539,0.0007498860359191895,0.016526460647583008,-0.013677477836608887,-0.026038408279418945,0.02548295259475708,-0.00036603212356567383,0.011078357696533203,-0.02434229850769043,0.009011149406433105,0.014223873615264893,-0.008520245552062988,-0.0051653385162353516,-0.010512948036193848,0.0049735307693481445,-0.0033048391342163086
2023-05-16,0.0017826557159423828,-0.008112728595733643,0.005387783050537109,0.014050722122192383,-0.0014051198959350586,0.0014751553535461426,-0.016356348991394043,-0.004137635231018066,-0.02116262912750244,-0.0016870498657226562,-0.013296186923980713,0.0032798051834106445,0.009582221508026123,0.005384624004364014,0.0024309754371643066,0.004602909088134766,-0.004871845245361328,-0.00473630428314209,-0.013432979583740234,-0.004549682140350342
2023-05-17,-0.005635201930999756,-0.014364778995513916,0.006508231163024902,0.017911553382873535,-0.01829230785369873,-0.02265191078186035,0.008414387702941895,4.5418739318847656e-05,-0.01109302043914795,-0.006736874580383301,0.007857441902160645,0.005886733531951904,-0.02167189121246338,0.010305583477020264,-0.0003930330276489258,-0.028041541576385498,0.005552232265472412,0.014919638633728027,0.005425810813903809,0.007359147071838379
2023-05-18,-0.014416396617889404,-0.006945013999938965,-0.005432546138763428,-0.02108234167098999,-0.03750956058502197,0.0032439827919006348,-0.007549464702606201,-0.00530242919921875,-0.08615416288375854,0.01714766025543213,0.004659891128540039,0.0069963932037353516,0.009848535060882568,0.018640756607055664,-0.0027502775192260742,-0.017298221588134766,-0.005155801773071289,-0.011532068252563477,0.0025964975357055664,-0.006613314151763916
2023-05-19,-0.001916646957397461,-0.009344756603240967,-0.0002657771110534668,-0.01441413164138794,-0.017020106315612793,0.012916386127471924,-0.005905270576477051,0.0017783045768737793,-0.02112603187561035,-0.03531920909881592,-0.006951093673706055,0.013820648193359375,-0.01721501350402832,-0.0055741071701049805,-0.005642294883728027,0.003170490264892578,-0.010046124458312988,-0.00910252332687378,-0.0005077719688415527,-0.007973432540893555
2023-05-22,0.0216292142868042,-3.0159950256347656e-05,-0.0022603869438171387,0.007054328918457031,0.005178213119506836,-0.0019834041595458984,-0.004933595657348633,-0.001630544662475586,0.017493724822998047,0.01685166358947754,-0.009443283081054688,-0.007780909538269043,-0.016547560691833496,-0.013361692428588867,0.012234151363372803,0.009153246879577637,-0.003591775894165039,-0.029499292373657227,0.00309908390045166,0.003667593002319336
2023-05-23,0.003462553024291992,0.0050868988037109375,-0.0026047229766845703,-0.004271328449249268,-0.011591076850891113,-0.002622246742248535,0.00010120868682861328,-0.0036323070526123047,-0.005980074405670166,0.013795971870422363,-0.005409121513366699,0.007002055644989014,0.0036996006965637207,-0.017238974571228027,0.0007888674736022949,0.00496220588684082,-0.0018221139907836914,0.008420288562774658,-0.005368709564208984,0.015238761901855469
2023-05-24,0.009070277214050293,-0.00500863790512085,0.00031578540802001953,-0.007892906665802002,0.001302957534790039,-0.09489500522613525,0.006272673606872559,0.008755326271057129,-0.00037604570388793945,-0.08223831653594971,-0.03314781188964844,-0.009244680404663086,-0.0,-0.012917637825012207,0.0026053190231323242,-0.008458852767944336,0.006791293621063232,0.016476571559906006,0.005295753479003906,0.0023740530014038086
2023-05-25,-0.01104050874710083,0.003113985061645508,0.0003886222839355469,-0.014181971549987793,0.005801677703857422,0.026298582553863525,-0.0030162930488586426,-0.001681685447692871,0.012883186340332031,-0.013317704200744629,0.0027008056640625,-0.00028252601623535156,-0.0029706954956054688,0.001711130142211914,0.0013457536697387695,0.009653568267822266,0.002608656883239746,-0.013015389442443848,-0.030797243118286133,-0.009473621845245361
2023-05-26,0.010077118873596191,0.023636579513549805,0.0013959407806396484,0.005614042282104492,0.010727763175964355,0.002116382122039795,-0.0057482123374938965,0.0008318424224853516,-0.01801133155822754,0.016235053539276123,-0.0008399486541748047,-0.003921627998352051,0.004442870616912842,-0.01920604705810547,-0.024968266487121582,0.01691889762878418,-0.003526926040649414,-0.013484358787536621,0.01416325569152832,0.018202781677246094
2023-05-29,0.0066509246826171875,0.010614275932312012,-0.0015394091606140137,-0.0027914047241210938,0.012480735778808594,-0.003832101821899414,0.004665732383728027,-0.012927412986755371,0.007941842079162598,0.02161097526550293,0.0035826563835144043,-0.004317283630371094,0.0007436871528625488,-0.006223797798156738,0.001237332820892334,0.007533669471740723,0.0003159046173095703,-0.007405519485473633,0.001649022102355957,0.0028028488159179688
2023-05-30,-0.0034978389739990234,-0.00023311376571655273,0.009335637092590332,-0.02011895179748535,0.010219573974609375,0.0045618414878845215,-0.018980324268341064,-0.0006276369094848633,-0.004596233367919922,-0.011646509170532227,-0.002501845359802246,-0.006884574890136719,0.002232968807220459,0.008070945739746094,-0.004335999488830566,-0.002071559429168701,0.0020014047622680664,0.014328420162200928,-0.0028296709060668945,-0.0014352798461914062
2023-05-31,-0.0009750127792358398,-0.018846750259399414,-0.017211437225341797,0.0005357265472412109,0.0010429620742797852,-0.0003858804702758789,-0.030050456523895264,-0.01802647113800049,-0.012815654277801514,-0.015085339546203613,0.007737576961517334,0.001637101173400879,-0.018276691436767578,-0.04172015190124512,-0.005242466926574707,-0.0036969780921936035,0.009855568408966064,-0.007078766822814941,0.0015478134155273438,-0.005673646926879883
2023-06-01,0.004489541053771973,0.0012177228927612305,-0.015442371368408203,0.0,-0.013752102851867676,-0.0009644031524658203,-0.032679080963134766,0.016783058643341064,-0.009831905364990234,0.019163072109222412,-0.009630441665649414,0.015615999698638916,-0.009523868560791016,0.02688843011856079,-0.016795754432678223,-0.01635080575942993,-0.003597736358642578,-0.004142045974731445,-0.0016999244689941406,-0.010499119758605957
2023-06-02,-0.001846015453338623,0.00243985652923584,-0.00022113323211669922,0.0019627809524536133,0.006760597229003906,-0.005226850509643555,0.0007191896438598633,0.014861226081848145,0.004145264625549316,-0.011961698532104492,-0.0031920671463012695,-0.005073666572570801,-0.0032656192779541016,0.010754227638244629,0.007241010665893555,0.013737916946411133,-0.0046204328536987305,-0.005749940872192383,0.0008772611618041992,0.007996320724487305
2023-06-05,0.005743145942687988,0.00287783145904541,-0.02733469009399414,0.0028494596481323242,0.007607102394104004,-0.012028932571411133,0.021900057792663574,-0.033018290996551514,-0.004416286945343018,-0.03782498836517334,0.004167616367340088,-0.0065538883209228516,0.007594943046569824,-0.01525115966796875,-0.002355337142944336,0.007800579071044922,-0.012726902961730957,-0.03293561935424805,-0.02655184268951416,0.009763598442077637
2023-06-06,-0.009194672107696533,-0.0034966468811035156,0.0009291172027587891,-0.008879423141479492,-0.004842221736907959,-0.008807897567749023,0.010196566581726074,-0.015428245067596436,0.0030857324600219727,0.0030371546745300293,0.002117633819580078,0.003960549831390381,-0.01311957836151123,-0.01476740837097168,0.005533277988433838,0.0003554821014404297,-0.004058480262756348,0.0033690333366394043,0.0018080472946166992,0.005741000175476074
2023-06-07,0.018950819969177246,-0.026138901710510254,0.004072010517120361,0.0066297054290771484,0.010568737983703613,0.001854240894317627,-0.00955820083618164,0.013045072555541992,0.002115011215209961,-0.0026656389236450195,0.0038549304008483887,-0.016942501068115234,-0.0169064998626709,-0.02575969696044922,-0.011737823486328125,0.013520956039428711,-0.010371685028076172,-0.003139019012451172,-0.0010062456130981445,-7.510185241699219e-05
2023-06-08,-0.016297578811645508,0.018042564392089844,0.010568857192993164,-0.0069419145584106445,-0.006627023220062256,0.018952131271362305,0.007048130035400391,0.008574247360229492,-0.014965415000915527,-0.00037980079650878906,0.002407670021057129,-0.026467323303222656,0.001768648624420166,0.013032019138336182,0.007684230804443359,-0.020799696445465088,-0.0004373788833618164,0.010831654071807861,-0.00854480266571045,-0.005558490753173828
2023-06-09,-0.012766778469085693,0.010806918144226074,-0.019867241382598877,-0.016131937503814697,-0.02876943349838257,0.03173387050628662,-0.018116354942321777,-0.019789814949035645,-0.022789299488067627,0.018982529640197754,-0.008023738861083984,-0.026728570461273193,0.006378531455993652,0.003180563449859619,0.007364094257354736,-0.033513009548187256,0.0011829733848571777,0.013018608093261719,0.017243921756744385,-0.01420050859451294
2023-06-12,-0.0030602216720581055,0.007902264595031738,-0.003981113433837891,0.014574646949768066,0.0022001266479492188,-0.003985285758972168,0.016649305820465088,-0.0023508667945861816,0.025812268257141113,-0.0007740259170532227,-0.05202126502990723,-0.011135280132293701,-0.02853071689605713,-0.03229379653930664,-0.009866118431091309,-0.037802934646606445,0.0005792975425720215,0.010724842548370361,-0.0018256902694702148,-0.001915574073791504
2023-06-13,0.015149950981140137,-0.03522956371307373,-0.0009315013885498047,0.005386948585510254,0.0026772022247314453,-0.020365476608276367,0.006243407726287842,0.0008597373962402344,0.0014573335647583008,-0.0015467405319213867,-0.048162102699279785,-0.03656041622161865,-0.013176202774047852,-0.006596565246582031,-0.01734328269958496,0.0029941797256469727,0.0025890469551086426,-0.024423599243164062,-0.012452483177185059,0.004836559295654297
2023-06-14,0.011119842529296875,-0.013009190559387207,-0.0047206878662109375,-0.003750741481781006,0.010626912117004395,-0.02191615104675293,0.0006389021873474121,0.005058884620666504,0.026775240898132324,0.0038610100746154785,-0.043482184410095215,-0.012591958045959473,-0.08521556854248047,-0.015871524810791016,-0.0024565458297729492,0.00249481201171875,0.0007619261741638184,-0.005108833312988281,0.022098898887634277,0.0006875991821289062
2023-06-15,0.004051804542541504,0.0010707974433898926,-0.013695716857910156,-0.0066332221031188965,-0.0069748759269714355,-0.010380148887634277,0.015556693077087402,0.006410479545593262,-0.014833807945251465,-0.036821722984313965,0.028738856315612793,-0.0009183883666992188,0.010406851768493652,-0.008780121803283691,0.004604160785675049,0.006955385208129883,0.006022632122039795,-0.001452326774597168,0.019888579845428467,-0.0028249025344848633
2023-06-16,-0.002113819122314453,-0.009497284889221191,0.02185666561126709,0.004511833190917969,-0.003299117088317871,-0.012426614761352539,-0.008767127990722656,-0.002233266830444336,0.007001161575317383,0.00822436809539795,-0.005653023719787598,-0.00466310977935791,-0.021669864654541016,-0.012906312942504883,-0.00626683235168457,0.012842893600463867,0.012040197849273682,-0.004954695701599121,-0.012989044189453125,0.014776825904846191
2023-06-19,0.0016368627548217773,0.006172835826873779,0.002611875534057617,0.00017976760864257812,0.004004001617431641,-0.005246996879577637,-0.007832646369934082,-0.002332925796508789,-0.0022857189178466797,0.00753861665725708,0.026723742485046387,0.002567887306213379,0.015595734119415283,0.012921154499053955,0.009045124053955078,0.0030241012573242188,-0.009120464324951172,-0.030423283576965332,-0.007724404335021973,-0.007620334625244141
2023-06-20,-0.0034606456756591797,-0.013027787208557129,0.009962677955627441,0.002335190773010254,0.004466652870178223,-0.031939148902893066,-0.011710882186889648,-0.004976868629455566,0.0,-0.026205897331237793,0.0029337406158447266,0.005278110504150391,-0.002217888832092285,-0.006733298301696777,-0.0019452571868896484,0.000519871711730957,0.0058557987213134766,-0.01458752155303955,-0.005161166191101074,-0.0031172633171081543
2023-06-21,-0.026623010635375977,0.007200062274932861,0.004461526870727539,0.00017917156219482422,-0.002382218837738037,-0.007286429405212402,-0.004209160804748535,-0.008034467697143555,0.021286845207214355,-0.0014803409576416016,-0.053398728370666504,-0.011283636093139648,-0.006323099136352539,-0.02384054660797119,0.002688169479370117,-0.006712496280670166,-0.009891510009765625,-0.0014952421188354492,-0.01392984390258789,0.0038896799087524414
2023-06-22,0.014751553535461426,-0.0021246671676635742,-0.00351637601852417,-0.020067989826202393,0.008596420288085938,-0.003428816795349121,-0.011107683181762695,-0.011765241622924805,-0.02224510908126831,0.010347425937652588,0.010605335235595703,0.024724721908569336,0.012880861759185791,0.026734113693237305,0.013027846813201904,-0.009707927703857422,0.004273772239685059,0.02032846212387085,-0.007370591163635254,-0.017093360424041748
2023-06-23,-0.041007041931152344,0.015562057495117188,-0.004039585590362549,-0.02029627561569214,-0.023254573345184326,0.024823665618896484,-0.000621795654296875,-0.00898975133895874,-0.023898303508758545,0.02128446102142334,0.036435842514038086,0.020959854125976562,0.021642327308654785,0.015221476554870605,-0.008344769477844238,-0.01909923553466797,-0.022582590579986572,0.007151186466217041,0.024389028549194336,-0.011207282543182373
2023-06-26,0.010540962219238281,-0.009504914283752441,0.005151510238647461,0.017543911933898926,0.00878000259399414,-0.009472370147705078,0.019264578819274902,-0.015445709228515625,0.007344961166381836,-0.008393645286560059,-0.0036395788192749023,0.00026917457580566406,-0.03155505657196045,-0.011398911476135254,0.010382115840911865,0.007409453392028809,0.0019086599349975586,-0.025504708290100098,-0.0141829252243042,-0.01852571964263916
2023-06-27,-0.0012792348861694336,0.005255341529846191,0.003177165985107422,0.0020176172256469727,0.003203749656677246,0.014914929866790771,0.007603764533996582,-0.0009296536445617676,0.012152433395385742,-0.003783583641052246,0.003911435604095459,0.0077176690101623535,0.003784358501434326,0.003310978412628174,0.003573119640350342,-0.012935101985931396,-0.002131521701812744,-0.008980989456176758,-0.0123748779296875,0.007137417793273926
2023-06-28,-0.00335007905960083,0.006777167320251465,0.005698442459106445,-0.004576265811920166,0.0025016069412231445,0.010071218013763428,0.01298290491104126,-0.017962515354156494,0.00374603271484375,-0.011684894561767578,0.008093714714050293,-0.014425039291381836,-0.014245033264160156,-0.010174393653869629,0.008697569370269775,-0.00010830163955688477,-0.026113390922546387,-0.004336357116699219,0.009937882423400879,-0.008889198303222656
2023-06-30,-0.00425112247467041,-0.00699615478515625,0.007022380828857422,0.0027583837509155273,0.007061362266540527,0.0015845894813537598,0.002911090850830078,-0.007664918899536133,0.022296667098999023,0.011177361011505127,0.0036125779151916504,-0.0034099817276000977,-0.015917658805847168,-0.011516332626342773,0.0005388259887695312,-0.00808030366897583,-0.026723921298980713,0.008521735668182373,-0.005169391632080078,-0.010649681091308594
2023-07-03,0.0012906789779663086,0.011364877223968506,0.0098494291305542,0.005318164825439453,0.016606926918029785,0.004002273082733154,0.005406558513641357,-0.020836472511291504,0.0038378238677978516,0.012434005737304688,-0.005108356475830078,0.00661921501159668,-0.01536095142364502,0.015299320220947266,0.009933769702911377,-0.006595432758331299,-0.004197537899017334,0.0003437995910644531,-0.00664067268371582,0.010613322257995605
2023-07-04,-0.026871562004089355,-0.0013446807861328125,-0.033023715019226074,-0.006931781768798828,-0.0075196027755737305,-0.002817392349243164,-0.008371353149414062,-0.002004384994506836,-0.013521075248718262,0.020221352577209473,-0.008827686309814453,-0.018000125885009766,0.016338884830474854,0.004712879657745361,0.00038892030715942383,2.193450927734375e-05,0.0006712675094604492,-0.021437644958496094,0.0011904239654541016,0.004903852939605713
2023-07-05,-0.008864879608154297,0.012165963649749756,-0.0025380849838256836,0.0036737918853759766,0.004336833953857422,0.018469393253326416,-0.007654905319213867,0.013302385807037354,0.013989925384521484,-0.007398843765258789,-0.0035299062728881836,-0.01368415355682373,-0.008305072784423828,-0.0035123825073242188,-0.014939308166503906,-0.021873891353607178,-0.00512462854385376,-0.007070660591125488,-0.0004966259002685547,0.010548949241638184
2023-07-06,-0.0007196664810180664,-0.002602100372314453,-0.01516866683959961,0.01848459243774414,0.01513969898223877,-0.002088189125061035,0.0035309195518493652,0.006555080413818359,0.012864828109741211,-0.0,0.0045874714851379395,-0.000270843505859375,0.01250755786895752,0.0007907748222351074,-0.015409350395202637,0.02285754680633545,-0.0014562606811523438,0.01682823896408081,-0.005410194396972656,-0.00443577766418457
2023-07-07,-0.02860081195831299,0.011780858039855957,0.00214993953704834,-0.014195919036865234,-0.014298856258392334,0.034254252910614014,-0.002469658851623535,0.022719860076904297,-0.01895993947982788,0.003092467784881592,0.005340576171875,0.018196582794189453,0.01204824447631836,0.022911250591278076,0.013590037822723389,-0.022983968257904053,-0.009560883045196533,0.018476545810699463,0.010466039180755615,0.01448822021484375
2023-07-10,-0.03812754154205322,0.011699914932250977,-0.0,-0.0016404986381530762,-0.0009878873825073242,0.036608755588531494,-0.001713871955871582,-0.0299302339553833,-0.004690885543823242,0.012020111083984375,0.00971519947052002,0.015334546566009521,-0.019699811935424805,0.02294391393661499,0.006582438945770264,-0.015922963619232178,-0.03184992074966431,0.006467282772064209,0.005887091159820557,0.004402518272399902
2023-07-11,-0.010790586471557617,0.026894092559814453,-0.006603837013244629,-0.005294919013977051,0.0037993192672729492,0.027354836463928223,-0.0007485151290893555,-0.00893324613571167,0.006692409515380859,-0.03021979331970215,-0.0288393497467041,-0.043403804302215576,-0.03189206123352051,0.006047368049621582,-0.01656520366668701,-0.005690634250640869,-0.0018448233604431152,-0.030919432640075684,0.004065036773681641,0.02400505542755127
2023-07-12,0.014024853706359863,-0.007862448692321777,-0.0005564689636230469,-0.00532299280166626,-0.005236685276031494,-0.0018887519836425781,0.018484950065612793,-0.024217605590820312,0.009363293647766113,-0.015238046646118164,-0.0037126541137695312,0.005621910095214844,0.030312061309814453,-0.0006562471389770508,0.0062149763107299805,0.01602029800415039,0.016690850257873535,-0.00335848331451416,0.008868694305419922,0.0006473064422607422
2023-07-13,-0.015806853771209717,0.0032269954681396484,0.008877873420715332,-0.021221637725830078,-0.02517455816268921,0.005500614643096924,0.009797513484954834,0.012316584587097168,-0.03191095590591431,-0.012007594108581543,0.014739394187927246,0.009224176406860352,-0.05301862955093384,0.013348937034606934,0.001601576805114746,-0.01662743091583252,0.01731884479522705,0.005175113677978516,0.006558537483215332,0.019915759563446045
2023-07-14,0.011153221130371094,-0.002031087875366211,0.008525729179382324,0.004147768020629883,0.009570598602294922,-0.009504079818725586,0.0019788742065429688,0.01293635368347168,0.013702630996704102,-0.058583617210388184,0.009631037712097168,0.016248703002929688,0.02168285846710205,-0.005746960639953613,-0.002062559127807617,0.006464362144470215,0.005142688751220703,-0.0027537941932678223,-0.0066530704498291016,-0.013547062873840332
2023-07-17,0.023935556411743164,-0.00611114501953125,-0.020811796188354492,0.0046939849853515625,0.017318129539489746,-0.022687554359436035,-0.022251605987548828,-0.0025325417518615723,0.017487525939941406,0.006304681301116943,-0.018389225006103516,0.0073244571685791016,-0.0015837550163269043,-0.015242218971252441,-0.006098508834838867,0.02361142635345459,-0.0007736086845397949,0.01788926124572754,-0.010320305824279785,-0.006601452827453613
2023-07-18,0.0018312931060791016,-0.0010981559753417969,0.0005011558532714844,-0.008409619331359863,-0.0022385716438293457,0.005860447883605957,0.01293104887008667,-0.03204512596130371,-0.009383082389831543,-0.018681645393371582,0.0025908350944519043,-0.011521100997924805,-0.011104047298431396,0.012260258197784424,-0.006970763206481934,-0.0058727264404296875,0.0012631416320800781,-0.04423213005065918,-0.004226803779602051,0.005991458892822266
2023-07-19,0.003763437271118164,4.5359134674072266e-05,0.00189894437789917,0.0020731687545776367,-0.007617652416229248,-0.00814676284790039,0.008842766284942627,0.010385096073150635,-0.002063274383544922,0.02110731601715088,0.008768439292907715,0.007686614990234375,0.01796591281890869,-0.0012220144271850586,-0.010534286499023438,0.006850838661193848,0.0036624670028686523,0.014068841934204102,0.00010019540786743164,0.001221776008605957
2023-07-20,-0.0012854933738708496,0.00399470329284668,-0.0006841421127319336,0.014857888221740723,0.014353394508361816,0.0006273984909057617,-0.0191650390625,0.012003481388092041,0.004135012626647949,0.009897470474243164,-0.051439642906188965,0.01291346549987793,0.012291312217712402,0.00027430057525634766,0.0034995675086975098,0.0006023645401000977,0.012663722038269043,-0.004137814044952393,0.0033074021339416504,-0.00040781497955322266
2023-07-21,0.0091172456741333,-0.06559967994689941,0.014911115169525146,-0.004633069038391113,0.0163271427154541,0.005926311016082764,-0.015454411506652832,0.0012221932411193848,-0.01160508394241333,-0.0071402788162231445,0.003907382488250732,-0.019732117652893066,-0.02117067575454712,-0.00824427604675293,0.005155801773071289,-0.013310492038726807,0.007887601852416992,0.012098312377929688,0.006837964057922363,0.007499754428863525
2023-07-24,-0.011904776096343994,-0.044196367263793945,0.001474618911743164,0.004468441009521484,-0.010454893112182617,-0.005254387855529785,-0.023201465606689453,0.02119731903076172,-0.00435560941696167,0.013470470905303955,-0.003922700881958008,0.00817251205444336,-0.01622140407562256,0.011918365955352783,0.004206061363220215,-0.030911743640899658,-0.003072023391723633,-0.007123887538909912,-0.002885580062866211,0.0038603544235229492
2023-07-25,-0.007960379123687744,-0.020882606506347656,-0.025019049644470215,0.0005559921264648438,-0.0029377341270446777,-0.009122014045715332,-0.012377738952636719,-0.007500648498535156,-0.004374682903289795,0.0032339096069335938,-0.011591315269470215,-0.025799930095672607,0.01972198486328125,0.015931308269500732,0.016669273376464844,0.00921022891998291,0.004064440727233887,-0.0037698745727539062,0.013528525829315186,0.009729564189910889
2023-07-26,0.00672304630279541,-0.001317739486694336,-0.020147860050201416,-0.021489500999450684,0.026362061500549316,0.0009961128234863281,-0.02219259738922119,-0.006715059280395508,0.019772648811340332,0.002523362636566162,-0.016558289527893066,-0.0002321004867553711,-0.0028535127639770508,-0.00542902946472168,-0.004065394401550293,-0.009149312973022461,0.013705015182495117,-0.0003662109375,-0.021594524383544922,-0.009408831596374512
2023-07-27,-0.008509278297424316,-0.006887316703796387,0.0005342960357666016,0.00997459888458252,0.011835217475891113,0.014083802700042725,-0.001809239387512207,0.021605610847473145,-0.025758683681488037,0.005782485008239746,0.002952873706817627,-0.009715855121612549,0.0044515132904052734,0.0098114013671875,0.00580596923828125,0.008324384689331055,0.0023751258850097656,-0.00207597017288208,0.004558205604553223,0.008166313171386719
2023-07-28,0.0008690357208251953,0.017241835594177246,-0.0016927719116210938,-0.0069609880447387695,-0.0249364972114563,-0.01797640323638916,0.017758607864379883,-0.0015932321548461914,0.0032689571380615234,0.008724093437194824,-0.0036197900772094727,0.0013480186462402344,-0.0199429988861084,-0.008278250694274902,-0.004994630813598633,0.0036770105361938477,-0.00666576623916626,-0.0034263134002685547,-0.05776679515838623,0.002578139305114746
2023-07-31,0.014870285987854004,0.026281237602233887,0.012517809867858887,-0.00818634033203125,-0.0509953498840332,0.0012170076370239258,-0.012461662292480469,-0.007324576377868652,0.012170553207397461,-0.02713596820831299,-0.05501079559326172,-0.0015334486961364746,0.019702911376953125,-0.008015155792236328,0.0003058314323425293,0.0002073049545288086,-0.003774583339691162,0.013752341270446777,-0.007896780967712402,0.0006670951843261719
2023-08-01,0.020213961601257324,-0.06086087226867676,0.013104796409606934,-0.009563326835632324,-0.013550996780395508,-0.017406821250915527,0.006053268909454346,-0.022309541702270508,0.028025031089782715,0.004641294479370117,-0.0010126829147338867,-0.06790554523468018,0.012670278549194336,-0.012279868125915527,-0.007571697235107422,-0.03711044788360596,0.01262974739074707,-0.01065891981124878,-0.012790918350219727,-0.0015853643417358398
2023-08-02,-0.011426806449890137,0.016157448291778564,0.017128705978393555,0.020911574363708496,0.01571786403656006,0.015886962413787842,0.009744226932525635,0.0008262395858764648,-0.03923380374908447,0.020803391933441162,0.012108564376831055,-0.007465362548828125,-0.022208333015441895,-0.006721138954162598,0.0030362606048583984,-0.0063523054122924805,0.007912039756774902,-0.00391775369644165,0.02935969829559326,0.01049649715423584
2023-08-03,0.004665970802307129,0.011157631874084473,-0.007056772708892822,0.019715189933776855,-0.006864666938781738,-0.0063332319259643555,-0.02050018310546875,-0.002534627914428711,-0.0058473944664001465,-0.022344350814819336,-0.016879916191101074,0.018459856510162354,-0.005118370056152344,0.0005292296409606934,0.01614135503768921,0.001898050308227539,-0.02089458703994751,0.011676549911499023,0.001824498176574707,-0.030139803886413574
2023-08-04,-0.0021110177040100098,-0.009038209915161133,0.0040313005447387695,-0.011173129081726074,-0.008365035057067871,-0.007601380348205566,-0.0011049509048461914,-0.0061501264572143555,0.005110502243041992,-0.016123294830322266,-0.01940131187438965,-0.0004885196685791016,-0.006109297275543213,-0.005159139633178711,-0.00982820987701416,-0.002520918846130371,0.014191865921020508,0.018466830253601074,-0.007647871971130371,0.004774332046508789
2023-08-07,0.004548311233520508,0.00449979305267334,0.004901289939880371,-0.008287310600280762,-0.0037883520126342773,-0.0026453733444213867,0.02187216281890869,0.006023406982421875,-0.048349976539611816,-0.07863187789916992,-0.006699323654174805,0.022448599338531494,0.001941084861755371,-0.020692944526672363,-0.0003066062927246094,-0.007653951644897461,0.007334113121032715,-0.009662389755249023,0.007876276969909668,0.005701899528503418
2023-08-08,-0.0024217963218688965,0.01179361343383789,-0.05109250545501709,-0.004748821258544922,-0.009410977363586426,-0.022083759307861328,0.01538616418838501,0.018359124660491943,-0.023084700107574463,0.0029421448707580566,0.021421492099761963,-0.016493678092956543,-0.014530181884765625,-0.01916182041168213,-0.005056262016296387,0.0027143359184265137,0.0029380321502685547,-0.007227182388305664,0.02776169776916504,-0.004037439823150635
2023-08-09,-0.0010555386543273926,0.009227216243743896,0.001978278160095215,0.006362497806549072,-0.00596308708190918,0.012667596340179443,0.01927286386489868,-0.010611414909362793,0.013104915618896484,-0.006557345390319824,0.01783996820449829,0.0035176873207092285,0.007536053657531738,-0.00818026065826416,0.007698714733123779,-0.009548068046569824,0.016484618186950684,0.00825035572052002,0.00014841556549072266,0.01802659034729004
2023-08-10,-0.025464951992034912,0.00805211067199707,0.00760728120803833,0.01591646671295166,-0.011384963989257812,-0.0002905130386352539,0.025069057941436768,0.010445833206176758,-0.012120544910430908,-0.046579718589782715,-0.0024056434631347656,0.01159900426864624,0.0022764205932617188,0.0012364387512207031,-0.03210943937301636,0.0023698806762695312,-0.0383756160736084,-0.0006017088890075684,0.002128303050994873,-0.009065568447113037
2023-08-11,-0.009758234024047852,0.006407678127288818,0.005866885185241699,0.012084007263183594,0.009117186069488525,-0.008518576622009277,-0.008825540542602539,-0.06514477729797363,-0.007835924625396729,-0.029567360877990723,-0.00032269954681396484,-0.013832688331604004,0.024010419845581055,0.00682145357131958,0.009761929512023926,-0.0006320476531982422,0.00822901725769043,-0.0003612041473388672,0.0023311972618103027,-0.016330361366271973
2023-08-14,0.01587653160095215,0.003625333309173584,0.007784485816955566,-0.04158830642700195,0.001643061637878418,0.014229774475097656,0.008208274841308594,0.018003523349761963,-0.018289506435394287,-0.014812707901000977,0.014757812023162842,-0.002594590187072754,-0.025348544120788574,-0.025395989418029785,-0.002829611301422119,0.0015680789947509766,-0.02174961566925049,-0.007468104362487793,0.004027009010314941,-0.015645384788513184
2023-08-16,-0.005820155143737793,-0.00818479061126709,-0.013210296630859375,0.003926992416381836,-0.006441831588745117,0.005355417728424072,-0.012849807739257812,0.01318269968032837,0.012384891510009766,0.005361974239349365,-0.014119386672973633,-0.002030014991760254,-0.0013003945350646973,0.01805126667022705,0.0008671283721923828,-0.004166364669799805,-0.024577975273132324,0.0029126405715942383,0.010931968688964844,-0.0008829832077026367
2023-08-17,-0.006613194942474365,0.009384751319885254,-0.008371114730834961,0.03148841857910156,0.0002802610397338867,0.021414577960968018,0.006235897541046143,-0.014084219932556152,0.00219571590423584,-0.015573620796203613,-0.009090185165405273,0.010297119617462158,0.012044191360473633,0.0026825666427612305,-0.014333009719848633,0.002606809139251709,-0.01873600482940674,-0.0060503482818603516,-0.0007065534591674805,-0.008219242095947266
2023-08-18,-0.019098520278930664,0.00030297040939331055,0.01752680540084839,-0.013272643089294434,-4.661083221435547e-05,0.0021508336067199707,0.013199210166931152,-0.002041459083557129,-0.001982271671295166,0.015039801597595215,-8.988380432128906e-05,0.00686115026473999,-0.009971082210540771,-0.01853203773498535,-0.010226845741271973,0.007775485515594482,-0.0009666681289672852,-0.002434849739074707,-0.007161617279052734,-0.011138856410980225
2023-08-21,0.011682271957397461,-0.0016556978225708008,-0.010044574737548828,0.003266572952270508,-0.0012151002883911133,-0.005639195442199707,-0.009757757186889648,0.014905095100402832,0.005226850509643555,-0.09401190280914307,-0.04937624931335449,-0.010838508605957031,0.0,-0.007685720920562744,0.003713250160217285,-0.010382771492004395,-0.0035529136657714844,-0.011105716228485107,-0.0025538206100463867,0.01261603832244873
2023-08-22,-0.005718708038330078,-0.006604909896850586,0.008564412593841553,0.011492013931274414,0.002567112445831299,0.00904691219329834,0.0027144551277160645,-0.011507034301757812,0.012583255767822266,0.002189338207244873,-0.09858334064483643,-0.006061434745788574,0.0012996196746826172,-0.014311432838439941,0.003056049346923828,0.00030416250228881836,0.0010769963264465332,-0.001110672950744629,-0.0029469728469848633,-0.0032036900520324707
2023-08-23,0.020351767539978027,0.0031304359436035156,0.011043131351470947,0.022154927253723145,0.0008890628814697266,-0.00281679630279541,-0.011213898658752441,0.004281342029571533,0.014480829238891602,-0.030170083045959473,-0.03180849552154541,-0.0053566694259643555,0.028552889823913574,0.0034258365631103516,0.005051374435424805,-0.004368185997009277,-0.0026036500930786133,0.0037064552307128906,-0.000647425651550293,0.0033032894134521484
2023-08-24,-0.004769682884216309,-0.013752579689025879,-0.002783656120300293,0.008892178535461426,-0.02608776092529297,-0.017179489135742188,-0.030469417572021484,-0.020428180694580078,0.01467907428741455,-0.014643192291259766,0.02657526731491089,-0.006823539733886719,-0.003154575824737549,-0.002249002456665039,0.005823731422424316,0.00032454729080200195,-0.030841350555419922,-0.0008616447448730469,-0.010949134826660156,0.0010677576065063477
2023-08-25,-0.0014159679412841797,-0.005411863327026367,-0.003169417381286621,-0.009181022644042969,0.027889370918273926,0.004635334014892578,0.00773167610168457,-0.005933523178100586,0.006185770034790039,-0.0018367767333984375,-0.021524667739868164,0.008163511753082275,-0.0063291192054748535,-0.01184070110321045,0.0025380849838256836,-8.654594421386719e-05,-0.0203859806060791,-0.0012319684028625488,0.004332244396209717,-0.00542217493057251
2023-08-28,0.0017452239990234375,0.0008513927459716797,0.0018129944801330566,0.01834702491760254,-0.023806095123291016,-0.009933114051818848,-0.0016846656799316406,0.007026970386505127,0.04164600372314453,-0.0484546422958374,-0.011942744255065918,-0.0004436969757080078,-0.0009554028511047363,-0.0017589330673217773,-0.005537986755371094,-0.0006926059722900391,-0.06362295150756836,0.0048105716705322266,-0.024227499961853027,0.003306746482849121
2023-08-29,-0.048127174377441406,-0.03975534439086914,-0.007891654968261719,0.015286684036254883,0.005962193012237549,-0.06458020210266113,0.00388944149017334,-0.040514588356018066,0.024274110794067383,-0.12740445137023926,-0.008059978485107422,-0.025601744651794434,-0.0851130485534668,0.019519925117492676,-0.027048587799072266,-0.027034640312194824,-0.0008078813552856445,-0.06150257587432861,-0.0300748348236084,0.021289825439453125
2023-08-30,-0.01776444911956787,-0.00870966911315918,-0.0013382434844970703,0.0030471086502075195,-0.011442303657531738,-0.0220717191696167,-0.005698680877685547,-0.005179405212402344,0.0028810501098632812,0.00465315580368042,-0.002510547637939453,-0.00044333934783935547,0.002350151538848877,-0.0004456043243408203,0.002788543701171875,0.0021058320999145508,-0.0013588666915893555,-0.022319912910461426,0.006748616695404053,0.0038378238677978516
2023-08-31,-0.003980755805969238,-0.009991049766540527,-0.01297616958618164,-0.016440212726593018,0.004698514938354492,-0.0008565187454223633,-0.002833127975463867,-0.0030950307846069336,0.008525729179382324,0.000667870044708252,-0.03611719608306885,0.004776358604431152,-0.02679622173309326,-0.019762516021728516,0.023225128650665283,0.005423486232757568,0.012692630290985107,0.0033936500549316406,-0.0016514062881469727,-0.014597296714782715
2023-09-01,0.0015249848365783691,-0.0027611255645751953,0.0046231746673583984,0.013626456260681152,-0.018378496170043945,-0.00272524356842041,0.001569509506225586,-0.008845925331115723,0.024717330932617188,-0.039652466773986816,-0.0448451042175293,0.0012378692626953125,0.016633272171020508,-0.0019843578338623047,0.006679952144622803,-0.011691093444824219,0.017557740211486816,0.00351870059967041,-0.00913846492767334,0.020015954971313477
2023-09-04,-0.01741170883178711,0.006751120090484619,-0.008443832397460938,0.0014339685440063477,-0.004860520362854004,-0.0074121952056884766,-0.007545590400695801,0.0058727264404296875,0.02152085304260254,-0.08399391174316406,-0.009283304214477539,0.00919729471206665,-0.010790348052978516,0.0024025440216064453,0.00936669111251831,-0.01149296760559082,0.013558924198150635,-0.013896703720092773,-0.017364501953125,0.007434248924255371
2023-09-05,-0.014211416244506836,-0.013032674789428711,-0.08478748798370361,0.011097192764282227,-0.015137910842895508,-0.017101049423217773,-0.005928754806518555,0.007216513156890869,0.008778095245361328,-0.10298478603363037,0.0006429553031921387,-0.010643362998962402,0.002885162830352783,-0.005620181560516357,-0.006626725196838379,-0.0033589601516723633,0.004595935344696045,0.005392611026763916,-0.012846946716308594,0.0009438991546630859
2023-09-06,-0.018156766891479492,-0.00861501693725586,-0.0009349584579467773,0.010798335075378418,-0.004455924034118652,-0.004844546318054199,-0.0800330638885498,0.010219395160675049,-0.011312246322631836,0.04050177335739136,0.016893982887268066,-0.01753389835357666,0.018518507480621338,0.0016069412231445312,-0.004495859146118164,-0.014238119125366211,0.015126347541809082,-0.019202589988708496,0.012366950511932373,0.0021431446075439453
2023-09-07,-0.0071718692779541016,-0.0006632804870605469,-0.009513020515441895,0.008056044578552246,-0.0031625032424926758,-0.020811915397644043,0.01139301061630249,-0.004346489906311035,0.023059368133544922,0.0007471442222595215,0.014196991920471191,-5.340576171875e-05,0.0020636916160583496,0.00932168960571289,-0.0019980669021606445,-0.0036878585815429688,0.011877954006195068,0.0026598572731018066,0.003623485565185547,0.004875898361206055
2023-09-08,0.004426479339599609,-0.0070896148681640625,-0.001935720443725586,-0.01511460542678833,0.015543580055236816,0.008719205856323242,-0.006875872611999512,-0.017177939414978027,-0.008000731468200684,-0.028037428855895996,-0.020032525062561035,0.005099892616271973,-0.03397345542907715,0.001808762550354004,0.0009571313858032227,0.009236514568328857,-0.021927952766418457,0.014890551567077637,0.0007825493812561035,-0.009023547172546387
2023-09-11,0.0019330978393554688,-0.005510807037353516,0.010281622409820557,0.002116680145263672,0.0004891753196716309,-0.010154128074645996,-0.025007247924804688,-0.011687755584716797,0.006851077079772949,0.06472724676132202,0.008529424667358398,-0.004847168922424316,0.006857097148895264,0.006072998046875,-0.007505059242248535,0.0014342665672302246,-0.006721615791320801,-0.007219433784484863,-0.0005527734756469727,0.018383264541625977
2023-09-12,-0.034766554832458496,-0.030140161514282227,0.010836005210876465,-0.017954528331756592,-0.001290440559387207,-0.040720582008361816,-0.051796913146972656,-0.031467974185943604,-0.03531438112258911,-0.09778386354446411,-0.06506145000457764,-0.038217246532440186,-0.07249712944030762,-0.019998908042907715,0.014501988887786865,-0.025709986686706543,0.032292306423187256,-0.037406206130981445,-0.036651670932769775,-0.02176302671432495
2023-09-13,-0.05568373203277588,0.007321000099182129,-0.00029838085174560547,0.019716739654541016,0.002044200897216797,0.014327764511108398,0.028203845024108887,0.017817378044128418,-0.047142863273620605,0.0019391775131225586,-0.0007763504981994629,-0.006635546684265137,0.03691065311431885,0.00922548770904541,-0.0005629062652587891,0.009055852890014648,-0.0019239187240600586,-0.009656786918640137,0.006500363349914551,0.006294727325439453
2023-09-14,0.007032811641693115,5.412101745605469e-05,0.004917562007904053,0.0003514289855957031,-0.004453182220458984,-0.005286037921905518,0.048604369163513184,0.019352436065673828,0.002302229404449463,0.04881727695465088,-0.002521216869354248,0.014365196228027344,0.004786133766174316,0.005443453788757324,0.002169966697692871,0.0015653371810913086,-0.01249241828918457,0.008223652839660645,0.020562291145324707,-0.03856039047241211
2023-09-15,0.018951058387756348,-0.008776366710662842,0.0013829469680786133,0.007380127906799316,-0.007891416549682617,-0.011157453060150146,0.032216548919677734,0.0022928714752197266,0.0016238093376159668,-0.008816957473754883,-0.01847207546234131,0.0006937980651855469,-0.002083897590637207,-0.006986260414123535,0.0006442666053771973,-0.01204460859298706,-0.012807011604309082,-0.007224440574645996,-0.0038156509399414062,-0.0046204328536987305
2023-09-18,0.0010731220245361328,-0.011734843254089355,-0.011078834533691406,-0.01639622449874878,0.02414882183074951,0.002742767333984375,-0.011292874813079834,-0.016653835773468018,0.004793703556060791,-0.007447242736816406,0.010570764541625977,-0.011973023414611816,-0.011038243770599365,-0.011372208595275879,-0.010718822479248047,-0.0007593631744384766,0.007048904895782471,-0.004694819450378418,-0.011723995208740234,0.007227301597595215
2023-09-20,0.00839930772781372,-0.012350857257843018,-0.007662653923034668,0.0010639429092407227,0.016362428665161133,-0.015433192253112793,-0.028239965438842773,-0.014918625354766846,0.017804861068725586,-0.011879920959472656,-0.00949937105178833,0.005836367607116699,-0.00935143232345581,-0.02474689483642578,0.003588259220123291,-0.020623087882995605,0.0033707022666931152,0.009905695915222168,-0.009547173976898193,0.011995375156402588
2023-09-21,0.008962869644165039,-0.007350742816925049,-9.5367431640625e-06,-0.009211719036102295,0.0038492679595947266,-0.014974892139434814,-0.01925039291381836,0.0026093721389770508,0.009633064270019531,0.0025310516357421875,0.005845427513122559,-0.004772663116455078,0.007612705230712891,-0.015893161296844482,-0.005441784858703613,-0.0018105506896972656,0.0012722611427307129,-0.012377440929412842,-0.01240694522857666,-0.0041027069091796875
2023-09-22,0.007652580738067627,-0.005460500717163086,-0.025455236434936523,-0.0005363821983337402,-0.013846635818481445,-0.02396184206008911,0.008870482444763184,-0.012848377227783203,0.008488774299621582,-0.01683145761489868,-0.005366981029510498,-0.005440771579742432,-0.016016900539398193,-0.008778691291809082,-0.0019102096557617188,-0.02206718921661377,-0.006260991096496582,-0.014187753200531006,0.0009664297103881836,0.016427576541900635
2023-09-25,0.006109118461608887,-0.004130244255065918,0.0037077665328979492,0.005545616149902344,-0.011615872383117676,0.0046045780181884766,-0.0015900731086730957,0.003687739372253418,-0.011504411697387695,0.05777871608734131,-0.009796977043151855,-0.004094600677490234,-0.011670827865600586,-0.00655817985534668,0.009215176105499268,-0.011547625064849854,0.0017638802528381348,0.020508527755737305,0.009171605110168457,-0.0034760236740112305
2023-09-26,0.004635274410247803,-0.007120966911315918,0.021082639694213867,-0.004981279373168945,0.005472064018249512,-0.014054536819458008,-0.008525371551513672,0.008977651596069336,-0.002997756004333496,0.0006070137023925781,0.014168262481689453,-0.0022690296173095703,0.03853332996368408,0.0038754940032958984,-0.002966761589050293,0.0006924867630004883,0.0024390220642089844,-0.004230856895446777,-0.007988214492797852,-0.0010138750076293945
2023-09-27,-0.006074070930480957,0.00586092472076416,-0.003174424171447754,0.0008939504623413086,-0.01637125015258789,0.015986323356628418,-0.01266181468963623,0.0018620491027832031,-0.0040435791015625,0.011322259902954102,0.009688496589660645,0.0008782148361206055,0.006582856178283691,0.014032602310180664,0.0008793473243713379,0.009710073471069336,-0.025438547134399414,0.0037766695022583008,0.006316661834716797,0.003966987133026123
2023-09-28,0.022640347480773926,-0.0005058050155639648,-0.0019327402114868164,-0.025187551975250244,0.0027068257331848145,-0.019283294677734375,0.003636598587036133,0.0017926692962646484,0.014008045196533203,-0.005797743797302246,-0.007732987403869629,-0.01961827278137207,0.0011889934539794922,-0.01708090305328369,-0.031285107135772705,-0.01299905776977539,0.006177961826324463,-0.017636656761169434,-0.02620983123779297,0.016439318656921387
2023-09-29,-0.011839747428894043,0.004247546195983887,-0.009957075119018555,0.014660120010375977,-0.02006673812866211,0.009521722793579102,-0.004577040672302246,0.001444697380065918,-0.022287368774414062,-0.021113991737365723,-0.002162039279937744,-0.13561207056045532,0.002078413963317871,0.017039060592651367,0.007516384124755859,0.0076601505279541016,-0.027893781661987305,0.011131048202514648,0.014810681343078613,-0.01860952377319336
2023-10-03,0.0013227462768554688,-0.009048223495483398,-0.015176892280578613,-0.00451505184173584,-8.726119995117188e-05,-0.00044798851013183594,-0.004310786724090576,-0.036279261112213135,0.0009555220603942871,0.04272806644439697,0.005080819129943848,0.014243245124816895,-0.06696295738220215,-0.011106312274932861,-0.0058206915855407715,0.0027118921279907227,-0.0318983793258667,-0.005681812763214111,-0.005915403366088867,0.015055418014526367
2023-10-04,0.009271502494812012,-0.0042539238929748535,0.007645547389984131,-0.014695286750793457,0.0019626617431640625,-0.013824045658111572,-0.014046549797058105,-0.03208249807357788,-0.008694171905517578,-0.02423173189163208,-0.0021473169326782227,0.0012563467025756836,0.015551269054412842,-0.00600355863571167,-0.007833778858184814,-0.0037241578102111816,0.013782322406768799,-0.004523813724517822,-0.01351088285446167,0.0065264105796813965
2023-10-05,-0.002159595489501953,0.012039422988891602,0.01677525043487549,0.004971504211425781,-0.019184470176696777,0.006506562232971191,0.011416792869567871,0.016555428504943848,0.006809115409851074,0.000807642936706543,-0.0004857182502746582,-0.03386789560317993,-0.03497886657714844,-0.002415895462036133,0.009474754333496094,0.006319284439086914,-0.014708876609802246,-0.054293155670166016,-0.0019283294677734375,-0.0020744800567626953
2023-10-06,-0.002770662307739258,-0.0015350580215454102,0.0010114312171936035,0.0056798458099365234,-0.004587888717651367,0.0022339820861816406,0.011866927146911621,-0.016112864017486572,-0.00685572624206543,-0.0024208426475524902,0.005043387413024902,0.006237149238586426,-0.07549738883972168,0.01026296615600586,0.010373711585998535,-0.006965041160583496,-0.03427529335021973,0.005331158638000488,0.0034182071685791016,-0.013025045394897461
2023-10-09,0.03356528282165527,-0.020028293132781982,-0.020172834396362305,-0.005647718906402588,0.008066892623901367,-0.01875746250152588,-0.008009195327758789,-0.005833804607391357,0.00922250747680664,-0.04570275545120239,-0.007743656635284424,0.0003361701965332031,-0.009629964828491211,0.0006285905838012695,-0.011978447437286377,-0.017434537410736084,-0.0030205249786376953,0.029763996601104736,-0.008294284343719482,0.003576338291168213
2023-10-10,-0.009212136268615723,-0.0004648566246032715,0.011306047439575195,-0.041407227516174316,-0.008433818817138672,-0.0016674995422363281,-0.0006728768348693848,-0.010816872119903564,-0.018877744674682617,0.03602457046508789,-0.01321423053741455,-0.0044893622398376465,-0.003263115882873535,0.011101841926574707,0.010309219360351562,0.010854840278625488,-0.009247660636901855,0.0071697235107421875,0.012396097183227539,-0.01939845085144043
2023-10-11,-0.015633225440979004,0.002550482749938965,0.0063977837562561035,-0.001055598258972168,0.01971334218978882,0.013652801513671875,-0.0031739473342895508,0.02908909320831299,-0.003415346145629883,0.0069544315338134766,-0.004426836967468262,-0.00024300813674926758,0.015761852264404297,0.00793159008026123,0.015347003936767578,0.008810281753540039,-0.021712660789489746,-0.001065373420715332,0.018981099128723145,-0.00955653190612793
2023-10-12,-0.006508231163024902,0.006711363792419434,0.0036348700523376465,-0.023022770881652832,-0.0016106367111206055,-0.002865731716156006,-0.016499459743499756,-0.020470857620239258,-0.00799870491027832,0.03839123249053955,-0.13797831535339355,0.004537701606750488,-0.03787493705749512,-0.0006737112998962402,-0.0022512078285217285,0.006488919258117676,0.0027421116828918457,-0.014545917510986328,0.0026541948318481445,0.011375963687896729
2023-10-13,0.0022580623626708984,-0.0008495450019836426,0.0030985474586486816,-0.0005154609680175781,0.00043457746505737305,-0.0020835399627685547,0.0006867647171020508,0.014322400093078613,-0.0091170072555542,0.00782477855682373,0.03122889995574951,-0.007407724857330322,0.007592380046844482,-0.0013769865036010742,-0.00886380672454834,-0.004040539264678955,-0.007269620895385742,0.002331256866455078,-0.003609776496887207,-0.003947615623474121
2023-10-16,-0.00936126708984375,-0.008855640888214111,-0.003136754035949707,-0.014251351356506348,-0.003956317901611328,0.013319849967956543,0.006372570991516113,-0.031036376953125,-0.05512797832489014,-0.006793498992919922,0.00391697883605957,0.0009751319885253906,-0.0064165592193603516,0.005429267883300781,-0.010325133800506592,-0.0009089112281799316,0.01834195852279663,0.018810629844665527,0.0055550336837768555,-0.012716412544250488
2023-10-17,0.0036690235137939453,0.0008723735809326172,0.005713701248168945,0.0005078315734863281,-0.0061492919921875,0.006773591041564941,-0.0032147765159606934,0.012029409408569336,0.025132834911346436,0.004885673522949219,0.002888917922973633,0.00044655799865722656,0.028200089931488037,0.010171294212341309,-0.002957463264465332,0.010273456573486328,0.0121992826461792,-0.0022624731063842773,0.0042754411697387695,0.009582817554473877
2023-10-18,0.0066489577293396,-0.006399214267730713,0.008291006088256836,0.004742622375488281,0.0013772845268249512,-0.009315788745880127,-0.02668100595474243,-0.006807506084442139,-0.02447950839996338,-0.008362531661987305,0.004716932773590088,-0.0057888031005859375,-0.0239717960357666,-0.007721304893493652,-0.008321642875671387,-0.013287663459777832,0.0023620128631591797,0.0023761391639709473,-0.0010045170783996582,0.007006466388702393
2023-10-19,0.01070946455001831,-0.009876370429992676,0.0061501264572143555,-0.0061266422271728516,4.303455352783203e-05,-0.006150364875793457,-0.0027111172676086426,-0.011645078659057617,0.004524827003479004,0.02863311767578125,-0.021773934364318848,-0.007373332977294922,-0.029571175575256348,-0.0022518038749694824,-0.013459563255310059,0.0036281347274780273,-0.006039857864379883,0.006311774253845215,-0.012449145317077637,0.011255800724029541
2023-10-20,0.01623821258544922,-0.014079868793487549,0.01602160930633545,0.021989166736602783,0.019223332405090332,-0.0038467049598693848,-0.005537629127502441,0.002251267433166504,0.012519896030426025,-0.00762629508972168,0.014306426048278809,-0.011484861373901367,0.029439866542816162,-0.009498775005340576,-0.0006737709045410156,-0.009070932865142822,-0.012295246124267578,0.006232023239135742,-0.018957555294036865,0.016481220722198486
2023-10-23,-0.03449368476867676,-0.04274570941925049,0.01447439193725586,-0.04081636667251587,-0.023994743824005127,-0.03139692544937134,-0.0542675256729126,-0.025377213954925537,0.006702780723571777,-0.05052828788757324,0.045700252056121826,-0.02111518383026123,-0.07891494035720825,-0.017651140689849854,-0.00935441255569458,-0.027462005615234375,0.018475115299224854,0.0312349796295166,-0.03281605243682861,0.027727365493774414
2023-10-25,-0.009534239768981934,-0.007870018482208252,0.014637112617492676,-0.005589544773101807,0.006934165954589844,-0.01985985040664673,0.0034257173538208008,0.004813551902770996,0.006829261779785156,-0.03460139036178589,0.007886290550231934,-0.015282213687896729,0.013654589653015137,-0.02099233865737915,-0.0104636549949646,-0.013301670551300049,0.01433706283569336,0.04195195436477661,-0.015227437019348145,0.011193990707397461
2023-10-26,-0.020690441131591797,-0.015935957431793213,0.017475366592407227,-0.020852208137512207,-0.04002147912979126,-0.014678776264190674,-0.005441129207611084,0.02312028408050537,0.0027832388877868652,-0.018444836139678955,0.01955956220626831,-0.013376295566558838,-0.0007924437522888184,-0.01325535774230957,-0.013325333595275879,-0.017446041107177734,-0.03523123264312744,0.013253569602966309,-0.02376502752304077,0.032884061336517334
2023-10-27,0.024291038513183594,0.0014663934707641602,-0.0004532337188720703,0.03574073314666748,0.001164555549621582,0.01948714256286621,0.020810961723327637,0.01234745979309082,-0.02955174446105957,0.0196455717086792,-0.00092315673828125,0.0006268024444580078,0.018239498138427734,0.0075980424880981445,0.00932300090789795,-0.032639384269714355,0.007513225078582764,-0.009744524955749512,0.0159987211227417,0.004273474216461182
2023-10-30,0.00882422924041748,-0.0012161731719970703,-0.005970597267150879,0.007330656051635742,-0.031498610973358154,0.001483917236328125,-0.0220680832862854,-0.021607935428619385,-0.029182076454162598,0.013193726539611816,-0.007219552993774414,-0.00227278470993042,0.009086132049560547,0.010949254035949707,-0.0019855499267578125,-0.0028963088989257812,-0.0136033296585083,0.005086004734039307,-0.005493044853210449,0.035827577114105225
2023-10-31,-0.006232202053070068,3.2067298889160156e-05,-0.007091522216796875,0.02431654930114746,0.0021136999130249023,-0.002109527587890625,-0.008059322834014893,0.012484550476074219,-0.010768413543701172,-0.013021886348724365,0.0018648505210876465,0.004117846488952637,0.02649855613708496,0.014813780784606934,-0.0630568265914917,-0.00637209415435791,-0.03608059883117676,0.021496951580047607,0.009153127670288086,-0.003386855125427246
2023-11-01,-0.014633119106292725,-0.01686239242553711,0.0008738040924072266,-0.011089861392974854,0.005704641342163086,-0.013438999652862549,0.0009750127792358398,-0.01586383581161499,-0.001073002815246582,0.018219947814941406,0.006447255611419678,0.012070059776306152,-0.00150376558303833,-0.006085991859436035,0.020992696285247803,0.0054207444190979,-0.003790616989135742,-0.001473546028137207,-0.009226500988006592,0.015623509883880615
2023-11-02,0.019539952278137207,0.00791168212890625,0.002288222312927246,0.002277851104736328,0.00857996940612793,0.02053523063659668,0.016558408737182617,-0.003571927547454834,-0.008268952369689941,-0.004319250583648682,-0.034988999366760254,-0.0007759332656860352,-0.0030120015144348145,0.008933424949645996,-0.009142279624938965,-0.025213003158569336,-0.036739230155944824,0.0016050934791564941,0.009154558181762695,-0.016361355781555176
2023-11-03,0.008761405944824219,-0.042853593826293945,-0.0586315393447876,0.0031468868255615234,0.013233184814453125,0.010698318481445312,0.018950223922729492,0.01652657985687256,0.00470811128616333,0.007023334503173828,0.009416699409484863,-0.017773747444152832,-0.014350473880767822,0.02300083637237549,-0.011200904846191406,-0.0066564083099365234,0.04869794845581055,0.0026795268058776855,-0.000469207763671875,-0.017640233039855957
2023-11-06,-0.10737168788909912,-0.0401005744934082,-0.009647965431213379,0.012025117874145508,0.025327682495117188,-0.05769908428192139,0.0013582706451416016,-0.017198383808135986,-0.010910272598266602,0.019281983375549316,-0.005649685859680176,-0.027466535568237305,0.04674327373504639,-0.0022211670875549316,0.00895911455154419,-0.03721117973327637,0.0014791488647460938,-0.011418581008911133,0.01538705825805664,-0.008051514625549316
2023-11-07,0.0020588040351867676,0.027822136878967285,-0.021085739135742188,-0.000861048698425293,0.00827944278717041,0.018098175525665283,-0.0027129054069519043,-0.00914531946182251,0.027094364166259766,0.024149775505065918,-0.008158326148986816,0.008635759353637695,-0.008784711360931396,0.009493231773376465,-0.0019723176956176758,-0.0017114877700805664,-0.06367993354797363,-0.016602516174316406,-0.009914159774780273,0.004886269569396973
2023-11-08,-0.011887192726135254,-0.011775493621826172,-0.01034843921661377,0.03481554985046387,0.0009926557540893555,-0.0198366641998291,0.030550360679626465,0.01992654800415039,-0.01349782943725586,-0.007074117660522461,0.0006784200668334961,0.00041610002517700195,0.005908370018005371,0.01838099956512451,-0.01427161693572998,-0.004869341850280762,-0.008802533149719238,-0.004964709281921387,-0.005447745323181152,-0.006704449653625488
2023-11-09,0.013009727001190186,-0.006478428840637207,0.004733026027679443,0.023484349250793457,-0.00018036365509033203,0.030308783054351807,-0.001522839069366455,0.0015294551849365234,0.02426326274871826,-0.004749655723571777,0.01432865858078003,0.0016374588012695312,0.048458099365234375,0.019208788871765137,0.006307542324066162,0.006482183933258057,-0.029288768768310547,0.0002600550651550293,0.0006781816482543945,0.009567558765411377
2023-11-10,-0.005606889724731445,-0.001460433006286621,-0.009371757507324219,0.0017900466918945312,-0.010458886623382568,-0.017145156860351562,0.023589253425598145,0.009017348289489746,0.0006275773048400879,-0.010538876056671143,0.00903540849685669,-0.0033915042877197266,-0.01774042844772339,0.010828256607055664,0.010253965854644775,-0.005925416946411133,0.010495543479919434,0.005721747875213623,0.005056858062744141,0.005871832370758057
2023-11-12,-0.014574885368347168,-0.0007892847061157227,-0.005649924278259277,0.0066602230072021484,0.01690208911895752,-0.0019176006317138672,0.017681479454040527,0.010107994079589844,0.0015698671340942383,0.00683283805847168,-0.01112830638885498,-0.004169583320617676,0.02019965648651123,0.00801384449005127,-0.003453493118286133,0.0013396739959716797,-0.01846170425415039,-0.009809017181396484,0.0010892152786254883,-0.015718817710876465
2023-11-13,0.0013496875762939453,-0.0026290416717529297,-0.0045201778411865234,-0.029046297073364258,-0.00403207540512085,0.0012759566307067871,-0.01747196912765503,0.003942012786865234,-0.008097529411315918,0.034131646156311035,0.010441184043884277,-0.0037522315979003906,-0.00442582368850708,-0.01242971420288086,0.004998326301574707,0.004727363586425781,0.0028871893882751465,0.008289039134979248,-0.019015491008758545,0.005533576011657715
2023-11-15,-0.009171605110168457,-0.0005993843078613281,-0.01290738582611084,0.012963294982910156,0.003328680992126465,-0.0029573440551757812,-0.011523902416229248,-0.0018832683563232422,-0.04109799861907959,-0.0030881762504577637,0.013801157474517822,-0.00206148624420166,0.000701904296875,0.012558937072753906,-0.013093829154968262,-0.010205626487731934,-0.05806303024291992,-0.01018679141998291,0.0030634403228759766,-0.016504764556884766
2023-11-16,-0.0049746036529541016,-0.004679560661315918,0.016969621181488037,0.01410984992980957,0.0038107633590698242,-0.014035701751708984,-0.0039196014404296875,-0.01018214225769043,-0.0013483762741088867,-0.010648608207702637,-0.013382196426391602,-0.0011383295059204102,0.039279818534851074,-0.009416699409484863,0.0004876852035522461,0.002859175205230713,-0.04386937618255615,-0.012928247451782227,0.004897117614746094,0.0016701221466064453
2023-11-17,-0.0028557777404785156,0.002980947494506836,0.017308294773101807,-0.006956756114959717,0.0001785755157470703,0.0006747245788574219,-0.0032286643981933594,0.01320028305053711,0.00149613618850708,-0.012328743934631348,-0.0073473453521728516,0.008137524127960205,-0.07604050636291504,0.012140750885009766,-0.020819783210754395,-0.0031011104583740234,-0.07937777042388916,0.006509244441986084,0.009641647338867188,-0.001579880714416504
2023-11-20,0.018319904804229736,0.020502865314483643,0.003304779529571533,-0.007331371307373047,-0.006340980529785156,0.013943850994110107,0.0012146234512329102,-0.010010838508605957,-0.0011237859725952148,0.01585102081298828,0.008065938949584961,0.003660142421722412,0.028015851974487305,-0.009969115257263184,0.010675489902496338,0.013593971729278564,-0.058724045753479004,0.009763658046722412,-0.007992565631866455,0.009000599384307861
2023-11-21,-0.007735490798950195,-0.0012362003326416016,0.014122307300567627,0.019530653953552246,0.006246685981750488,-0.003376007080078125,-0.0046506524085998535,-0.00240248441696167,0.0005238652229309082,0.035108208656311035,0.0062021613121032715,-0.005531191825866699,-0.050978779792785645,-0.002534329891204834,-0.004831671714782715,-0.010432600975036621,-0.0017824769020080566,0.0025947093963623047,0.005859494209289551,-0.011423230171203613
2023-11-22,-0.0,0.007728397846221924,-0.0062149763107299805,0.005312323570251465,0.003617405891418457,-0.003905653953552246,-0.002539336681365967,0.0012041330337524414,0.023135662078857422,-0.003014981746673584,0.008298873901367188,0.004494369029998779,0.005730688571929932,-0.008464634418487549,0.002885162830352783,0.00868898630142212,-0.042460501194000244,-0.0002601146697998047,-0.0008841753005981445,-0.005091667175292969
2023-11-23,-0.016599535942077637,-0.015784502029418945,0.007184028625488281,-0.004163265228271484,0.005562424659729004,-0.034124016761779785,-0.08370661735534668,-0.0014360547065734863,-0.0216141939163208,-0.015875935554504395,0.0027558207511901855,-0.027046561241149902,-0.07904493808746338,0.02996826171875,-0.00835883617401123,-0.011358261108398438,0.014603137969970703,-0.010012984275817871,0.005414128303527832,-0.0
2023-11-24,-0.0032091140747070312,0.010828256607055664,0.0018113255500793457,-0.00739675760269165,0.0046024322509765625,0.004985928535461426,-0.00949084758758545,-0.030937671661376953,0.018681108951568604,0.015555977821350098,0.00045496225357055664,-0.006647586822509766,0.0015261173248291016,0.0019423961639404297,0.0020723342895507812,8.481740951538086e-05,0.0059365034103393555,-0.003991246223449707,-0.0052297115325927734,0.01234215497970581
2023-11-28,0.0026343464851379395,0.002316296100616455,0.006023526191711426,0.018953561782836914,-0.009515047073364258,0.007903516292572021,0.003909587860107422,-0.008456945419311523,0.010321080684661865,-0.003592967987060547,0.011682569980621338,0.010729372501373291,0.028467774391174316,-0.006679058074951172,0.006389796733856201,0.0033058524131774902,-0.017601311206817627,0.01513206958770752,0.008276104927062988,-0.008299827575683594
2023-11-29,-0.05508911609649658,-0.017040729522705078,-0.0008029937744140625,0.014467358589172363,0.014498591423034668,-0.012122035026550293,0.010746657848358154,-0.0063457489013671875,-0.0026265382766723633,-0.0017081499099731445,0.027095496654510498,-0.002992391586303711,-0.04798436164855957,0.011175394058227539,-0.006270170211791992,-4.2438507080078125e-05,-0.01958918571472168,-0.00859367847442627,0.004129886627197266,-0.011468768119812012
2023-11-30,0.008761763572692871,0.005710601806640625,-0.02642667293548584,-0.0025073885917663574,0.01981496810913086,0.003697335720062256,-0.010957837104797363,0.02024024724960327,0.0016179680824279785,-0.04068446159362793,-0.006802558898925781,0.0007154941558837891,-0.020266413688659668,-0.0029745101928710938,-0.019491910934448242,-0.0066759586334228516,-0.0378575325012207,-0.0507359504699707,-0.0021592378616333008,-0.0010973215103149414
2023-12-01,0.0018941164016723633,-0.008001327514648438,-6.520748138427734e-05,0.0061272382736206055,0.005545258522033691,-0.008241772651672363,-0.0004671812057495117,0.000491023063659668,-0.024077773094177246,0.022835195064544678,-0.03605544567108154,-0.007781386375427246,0.02078348398208618,0.012185454368591309,-0.0038394927978515625,-0.0190504789352417,-0.01592487096786499,-0.007863283157348633,-0.0005152225494384766,-0.00785529613494873
2023-12-04,-0.016356348991394043,-0.014342308044433594,0.010913848876953125,0.01483452320098877,0.007267475128173828,0.00173872709274292,-0.017558693885803223,-0.007737517356872559,-0.012434005737304688,-0.015890836715698242,-0.009689688682556152,-0.002734661102294922,-0.030803799629211426,0.012562751770019531,0.0034345388412475586,-0.006196856498718262,-0.02515047788619995,0.0035352706909179688,0.0031960010528564453,-0.006525278091430664
2023-12-05,-0.008980274200439453,-0.005083799362182617,-0.01791059970855713,0.010463118553161621,-0.02330029010772705,-0.011378288269042969,-0.006516695022583008,-0.0056411027908325195,-0.0014886856079101562,-0.07029807567596436,0.018203020095825195,-0.016937971115112305,0.0005466341972351074,-0.012484490871429443,-0.006892800331115723,-0.011534690856933594,-0.015821099281311035,-0.004404187202453613,0.010431170463562012,-0.004322052001953125
2023-12-06,-0.014628052711486816,-0.007277369499206543,0.0019314885139465332,-0.07156991958618164,-0.02247929573059082,-0.007895231246948242,-0.030640125274658203,0.017988204956054688,-0.03574872016906738,-0.03473174571990967,0.0027382373809814453,0.0023662447929382324,0.02151322364807129,0.011934876441955566,-0.0020225048065185547,0.0013642311096191406,0.05663013458251953,-0.005237460136413574,-0.029190421104431152,-0.012282490730285645
2023-12-07,0.0006080269813537598,-0.006617188453674316,-0.014120221138000488,0.006536900997161865,-0.0064089298248291016,-0.0029736757278442383,-0.059989333152770996,-0.009414434432983398,0.005022943019866943,-0.01645064353942871,-0.0005695819854736328,-0.0003820657730102539,0.017514467239379883,-0.004686594009399414,-0.004890918731689453,0.004037439823150635,0.0032356977462768555,-0.005694866180419922,-0.006275296211242676,0.003365457057952881
2023-12-08,0.010428428649902344,0.018499374389648438,0.009367585182189941,0.021885275840759277,0.012736320495605469,0.019735872745513916,0.002353191375732422,0.006811618804931641,0.021275043487548828,0.02860879898071289,0.0043329596519470215,-0.0018440485000610352,0.017826616764068604,-0.00013005733489990234,0.010506808757781982,0.00782078504562378,0.0006910562515258789,-0.005542159080505371,-0.021016478538513184,0.0023105740547180176
2023-12-11,-0.006235241889953613,-0.006956815719604492,-0.00893092155456543,-0.01828014850616455,-0.015921592712402344,-0.003566145896911621,0.012677192687988281,-0.04763913154602051,-0.007958173751831055,0.0037024617195129395,0.010009169578552246,0.0004996061325073242,0.00463414192199707,0.006751656532287598,0.006246089935302734,-0.0035697221755981445,0.04868590831756592,0.014857351779937744,0.021267056465148926,-0.029393434524536133
2023-12-12,0.009251236915588379,-0.001699686050415039,0.010066807270050049,-0.013930797576904297,0.0016475915908813477,-0.0017992258071899414,-0.009087562561035156,-0.04065537452697754,0.001462101936340332,0.007770240306854248,0.013670206069946289,0.008313655853271484,0.017846763134002686,-0.09961360692977905,-0.024355769157409668,-0.02189779281616211,-0.011521220207214355,0.023960113525390625,-0.012081921100616455,0.007787466049194336
2023-12-13,-0.005461692810058594,-0.0054132938385009766,0.004798531532287598,-0.01898014545440674,-0.009016275405883789,-0.008329033851623535,-0.002339482307434082,-0.005484223365783691,-0.009956836700439453,0.00868237018585205,0.009359180927276611,-0.0054253339767456055,-0.006517887115478516,-0.016403555870056152,-0.005982398986816406,0.013895273208618164,-0.005881369113922119,-0.016573190689086914,0.0009943246841430664,-0.002703547477722168
2023-12-14,-0.005694746971130371,-0.017263174057006836,0.0014743208885192871,0.02126777172088623,0.009254813194274902,-0.010709404945373535,0.016790151596069336,-0.02484917640686035,-0.0015223026275634766,-0.004293322563171387,0.011220693588256836,-0.01920914649963379,-0.03689169883728027,-0.01819455623626709,-0.004269599914550781,0.004084467887878418,0.047159671783447266,0.010664403438568115,0.0016390085220336914,0.00026094913482666016
2023-12-15,-0.030054926872253418,-0.0035979747772216797,-0.002943754196166992,0.005681037902832031,-0.0012481212615966797,-0.016125202178955078,0.017619848251342773,-0.018157601356506348,-0.022582530975341797,0.00649791955947876,-0.025104880332946777,-0.002097010612487793,-0.004920482635498047,0.010759353637695312,-0.006301283836364746,0.007578253746032715,0.012961983680725098,-0.010283827781677246,0.021420001983642578,-0.01948678493499756
2023-12-18,-0.01902914047241211,-0.006125450134277344,-0.006777524948120117,-0.010141491889953613,0.0032975077629089355,-0.0024063587188720703,0.009428024291992188,-0.03182411193847656,0.008847653865814209,-0.009638547897338867,0.012697577476501465,-0.0028547048568725586,0.023163795471191406,0.004146218299865723,0.00128251314163208,-0.0007377862930297852,-0.0033552050590515137,-0.012631773948669434,0.0040776729583740234,0.006997227668762207
2023-12-19,-0.010706305503845215,-0.009587526321411133,-0.0019680261611938477,0.013857424259185791,0.0029453635215759277,0.01027292013168335,0.010148167610168457,-8.940696716308594e-05,0.003070831298828125,-0.004602789878845215,0.005200743675231934,0.0037096738815307617,0.014844834804534912,-0.006105780601501465,-0.0004532337188720703,-0.003199458122253418,-0.014558851718902588,-0.006539821624755859,-0.0009185075759887695,0.01288992166519165
2023-12-20,-0.05797344446182251,-0.039471983909606934,7.343292236328125e-05,-0.0557786226272583,-0.038726091384887695,-0.030876457691192627,-0.03902918100357056,-0.009356260299682617,-0.04025787115097046,-0.06736809015274048,0.021018147468566895,-0.03777730464935303,0.037181973457336426,-0.006894588470458984,-0.024388432502746582,-0.02429884672164917,-0.03690528869628906,-0.03284800052642822,-0.04321318864822388,-0.04439800977706909
2023-12-21,0.03417026996612549,0.006622910499572754,-0.00943613052368164,0.0476841926574707,0.012797236442565918,0.030304431915283203,0.029697418212890625,-0.0003542900085449219,0.026720404624938965,0.018377065658569336,-0.034702181816101074,0.006073117256164551,-0.0038617849349975586,0.016139745712280273,0.012305617332458496,0.010501384735107422,0.007201671600341797,0.011943340301513672,0.021292805671691895,0.009109973907470703
2023-12-22,0.009018898010253906,0.018316984176635742,-0.018468618392944336,0.04304969310760498,0.023359298706054688,-0.04147148132324219,0.011680126190185547,-0.05323660373687744,0.004289031028747559,0.0239412784576416,-0.0007959604263305664,0.005235195159912109,-0.011540770530700684,0.0008759498596191406,0.010473966598510742,0.024311304092407227,0.0054351091384887695,-0.000983595848083496,0.012281417846679688,0.007402777671813965
2023-12-26,0.05772280693054199,0.006210446357727051,-0.009410500526428223,0.031545281410217285,0.026115894317626953,-0.03906357288360596,0.0034636259078979492,-0.010114669799804688,0.027289152145385742,-0.07258772850036621,0.005515336990356445,0.009127140045166016,-0.02381908893585205,0.006972193717956543,0.009306192398071289,0.014994382858276367,0.03006112575531006,-0.008860409259796143,-0.07064235210418701,0.0076171159744262695
2023-12-27,0.019981026649475098,-0.0007892847061157227,-0.010393023490905762,-0.012663304805755615,-0.016268134117126465,0.003053605556488037,0.0005309581756591797,0.004008114337921143,-0.011696696281433105,-0.0019521713256835938,0.020206212997436523,0.013994693756103516,0.006060600280761719,0.003172159194946289,0.011694192886352539,-0.008028745651245117,-0.005586445331573486,0.010181188583374023,0.004021048545837402,-0.004891514778137207
2023-12-28,-0.009446322917938232,0.006120085716247559,-0.026997864246368408,0.04093325138092041,-0.0023337602615356445,0.012942016124725342,0.008668780326843262,0.001183629035949707,0.009197235107421875,-0.0063321590423583984,-0.023654937744140625,-0.0027135610580444336,0.0049173831939697266,0.006353259086608887,0.0034084320068359375,-0.0017198920249938965,0.006320953369140625,-0.0047934651374816895,0.0029820799827575684,0.010724782943725586
2023-12-29,0.015555262565612793,0.012158751487731934,-0.000989675521850586,-0.021103739738464355,0.009598731994628906,-0.01983189582824707,-0.023239493370056152,-0.03145170211791992,0.00543975830078125,0.001290738582611084,0.011488378047943115,0.003293752670288086,0.005534648895263672,0.008924484252929688,0.002510666847229004,0.005046963691711426,-0.010356128215789795,-0.0019760727882385254,-0.016105294227600098,-0.0038022994995117188
2024-01-01,0.0033097267150878906,0.001977682113647461,-0.009258151054382324,0.01807713508605957,-0.0031957626342773438,0.0029421448707580566,0.006554126739501953,-0.030681848526000977,-0.055930376052856445,-0.07075929641723633,-0.004724979400634766,0.0011289119720458984,-0.016100168228149414,-0.010594725608825684,-0.006481945514678955,-0.004658699035644531,0.007513880729675293,0.01509714126586914,-0.012453556060791016,0.00932002067565918
2024-01-02,0.005983948707580566,-0.00020229816436767578,-0.003063380718231201,-0.00013148784637451172,-0.013465344905853271,-0.0021424293518066406,-0.0011594891548156738,-0.015408873558044434,0.001264333724975586,-0.010259509086608887,0.01226431131362915,-0.00018143653869628906,-0.004694819450378418,0.0021272897720336914,0.014827966690063477,0.008347868919372559,-0.014635443687438965,0.01024019718170166,-0.004025578498840332,0.0029021501541137695
2024-01-03,-0.004880666732788086,-0.0008789300918579102,0.005507230758666992,0.017363905906677246,0.014542818069458008,-0.0003428459167480469,0.01821744441986084,-0.005320906639099121,-0.0033979415893554688,0.007317721843719482,0.013345658779144287,0.0028520822525024414,0.00856691598892212,-0.00636821985244751,0.01263880729675293,0.00725400447845459,0.004334568977355957,-0.020876049995422363,0.00864255428314209,-0.012714862823486328
2024-01-04,-0.012338101863861084,-0.012253284454345703,-0.0041803717613220215,-0.00012934207916259766,0.004884839057922363,-0.0028023719787597656,0.00991058349609375,0.017368555068969727,-0.0071713924407958984,-0.09989464282989502,-0.016550064086914062,-0.018524527549743652,-0.0023566484451293945,-0.007448375225067139,-0.0011543035507202148,-0.00011968612670898438,0.0038611888885498047,0.00024640560150146484,-0.016986489295959473,0.0013322830200195312
2024-01-05,-0.02343273162841797,-0.006340503692626953,0.018485665321350098,-0.03582054376602173,-0.006733834743499756,0.015701651573181152,-0.0022578835487365723,-0.05200678110122681,-0.049116551876068115,-0.058405160903930664,0.005530714988708496,0.006967425346374512,-0.029388785362243652,0.006529808044433594,-0.016756892204284668,-0.01015537977218628,-0.004484951496124268,0.02858555316925049,0.023728609085083008,-0.010910093784332275
2024-01-08,-0.0485459566116333,-0.025665998458862305,0.0037730932235717773,0.015155673027038574,-0.036906301975250244,0.006903707981109619,-0.0061798095703125,-0.03014671802520752,-0.02891218662261963,-0.002455472946166992,6.270408630371094e-05,-0.05570739507675171,0.010277926921844482,-0.01598036289215088,-0.002938389778137207,-0.034225642681121826,-0.01214289665222168,0.0061092376708984375,0.005114436149597168,-0.03497445583343506
2024-01-09,0.007515668869018555,-0.006461381912231445,-0.039931535720825195,0.002378106117248535,-0.024825096130371094,-0.0034552812576293945,0.013049483299255371,-0.02516847848892212,0.032057762145996094,0.0027073025703430176,0.0026420950889587402,-0.030154824256896973,-0.02442312240600586,0.010498642921447754,0.003462672233581543,-0.03520888090133667,0.03005087375640869,-0.005953073501586914,-0.004640340805053711,-0.004925131797790527
2024-01-10,0.0005801916122436523,-0.0006908178329467773,-0.01974308490753174,-0.012916803359985352,-0.0033742785453796387,0.0040787458419799805,0.004149794578552246,-0.01629328727722168,0.01065373420715332,0.016546010971069336,0.002918541431427002,-0.0027993321418762207,0.0035668015480041504,0.00536191463470459,-0.005433201789855957,-0.007117152214050293,0.008011937141418457,-0.022158324718475342,0.006158649921417236,0.0008404254913330078
2024-01-11,0.027170300483703613,0.009250760078430176,0.01712656021118164,0.015355825424194336,0.01825737953186035,-0.016917109489440918,0.006629347801208496,0.046427130699157715,0.006434440612792969,0.01169818639755249,0.0025487542152404785,0.011558055877685547,0.0009419918060302734,0.00755918025970459,0.011590242385864258,0.013225078582763672,-0.06854522228240967,-0.0014699101448059082,-0.006834626197814941,0.006531715393066406
2024-01-12,-0.005564510822296143,0.00026237964630126953,0.009135425090789795,0.009337186813354492,-0.005892515182495117,0.015016615390777588,0.0021382570266723633,-0.012101471424102783,-0.018023550510406494,0.01409769058227539,-0.000794529914855957,0.0009770393371582031,-0.004148602485656738,-0.009826302528381348,-0.0019704103469848633,0.008042097091674805,0.0051108598709106445,0.0015946626663208008,-0.006652474403381348,0.005006074905395508
2024-01-15,-0.007136404514312744,0.0007939338684082031,0.002423584461212158,0.004951119422912598,0.02078843116760254,0.002218961715698242,-0.010668277740478516,-0.019421637058258057,-0.009558141231536865,-0.011196494102478027,0.0006947517395019531,0.00038182735443115234,-0.03549301624298096,0.0030133724212646484,0.006946444511413574,0.0013865232467651367,0.02188253402709961,-0.011757493019104004,-0.0,0.0047043561935424805
2024-01-16,-0.019439697265625,-0.014804422855377197,-0.032083868980407715,0.002982020378112793,-0.014765679836273193,0.010254979133605957,0.0016391277313232422,-0.0019162893295288086,-0.00776219367980957,-0.04509079456329346,-0.0026633739471435547,-0.013135552406311035,-0.021400094032287598,0.005618572235107422,0.015031695365905762,0.0046651363372802734,0.02604353427886963,0.0006196498870849609,0.008766412734985352,-0.005692183971405029
2024-01-17,-0.028654754161834717,-0.02054572105407715,-0.0019266605377197266,-0.0047827959060668945,-0.021554231643676758,0.032394230365753174,-0.006717681884765625,-0.001949310302734375,-0.018535494804382324,0.03765636682510376,0.019548654556274414,-0.012551069259643555,0.009943246841430664,-0.017307519912719727,-0.013521254062652588,-0.02058809995651245,0.026754379272460938,-0.009413003921508789,0.017052888870239258,-0.02391505241394043
2024-01-18,0.04896664619445801,-0.003975033760070801,0.03214693069458008,-0.006104707717895508,-0.008088827133178711,0.013890385627746582,-0.02037632465362549,0.03248262405395508,-0.012422740459442139,0.002520263195037842,0.006208360195159912,-0.012609004974365234,-0.11549508571624756,-0.018883883953094482,-0.021538972854614258,-0.006732761859893799,-0.02017843723297119,0.00025010108947753906,0.01605689525604248,-0.01239234209060669
2024-01-19,-0.1100393533706665,-3.0338764190673828e-05,0.0058740973472595215,-0.024307429790496826,0.026025891304016113,-0.027757763862609863,0.0052220821380615234,0.06000566482543945,0.02443099021911621,0.005186200141906738,-0.07611191272735596,0.002498149871826172,0.002572298049926758,0.014629125595092773,-0.004002273082733154,0.006516814231872559,-0.003500223159790039,0.006999969482421875,-0.008440852165222168,0.01695394515991211
2024-01-20,0.012888491153717041,-0.01728200912475586,-0.003918886184692383,-0.0005357265472412109,-0.004523515701293945,0.01629394292831421,-0.010478019714355469,0.0008453130722045898,-0.003193974494934082,0.0026734471321105957,0.005822479724884033,0.009205460548400879,-0.048355937004089355,-0.006753981113433838,-0.0037208199501037598,-0.008423566818237305,0.0010377764701843262,0.0013655424118041992,0.021669447422027588,-0.0016953349113464355
2024-01-23,0.041408658027648926,-0.04839593172073364,-0.005790591239929199,-0.05655324459075928,-0.04204356670379639,0.030949413776397705,-0.031945109367370605,-0.02423858642578125,-0.047992050647735596,0.02238297462463379,0.025793254375457764,-0.023254096508026123,-0.06349945068359375,-0.030599594116210938,-0.05788767337799072,-0.01550525426864624,0.012588739395141602,-0.017602622509002686,-0.04562950134277344,-0.0314180850982666
2024-01-24,-0.005603909492492676,-0.040572404861450195,-0.029087305068969727,-0.049289822578430176,0.01977217197418213,-0.016736745834350586,-0.020436406135559082,-0.006059050559997559,0.025205612182617188,-0.0006854534149169922,-0.01584494113922119,0.0172349214553833,0.05483508110046387,0.0011589527130126953,0.027511239051818848,0.01370859146118164,0.0320812463760376,0.004794955253601074,0.013845324516296387,0.01987147331237793
2024-01-25,0.01842111349105835,0.015245914459228516,0.02023714780807495,0.002030611038208008,-0.01838892698287964,0.020904958248138428,-0.042420148849487305,-0.01321476697921753,0.009775996208190918,-0.019591689109802246,0.002400338649749756,-0.022147178649902344,0.0032684803009033203,-0.012413561344146729,-0.0006944537162780762,-0.007024228572845459,0.01748943328857422,-0.009920835494995117,-0.011986017227172852,-0.015472710132598877
2024-01-29,-0.013010621070861816,0.0074841976165771484,-0.0016814470291137695,-0.0058329105377197266,0.007573127746582031,-0.001654505729675293,-0.017185568809509277,0.0383683443069458,0.026948928833007812,0.004971802234649658,-0.0005600452423095703,-0.0061144232749938965,0.0035681724548339844,0.01579296588897705,-0.008107483386993408,-0.009828448295593262,0.01013338565826416,0.0060882568359375,0.007457852363586426,0.00436556339263916
2024-01-30,0.013699650764465332,0.01563858985900879,0.01946169137954712,0.03546863794326782,-0.07674390077590942,0.009642481803894043,0.006933450698852539,-0.024202048778533936,-0.018432557582855225,0.012694180011749268,0.01668459177017212,-0.004828393459320068,-0.010666310787200928,-0.008305072784423828,-0.0006226897239685059,-0.010794103145599365,0.013458192348480225,-0.004412531852722168,-0.007303953170776367,-0.008113622665405273
2024-01-31,-0.040328264236450195,-0.04046177864074707,-0.04315447807312012,-0.02586686611175537,-0.000333249568939209,-0.039395928382873535,-0.002728581428527832,0.018677711486816406,0.017775297164916992,-0.024073362350463867,0.005362510681152344,-0.03308594226837158,-0.004218757152557373,-0.03271782398223877,-0.013475656509399414,-0.046234846115112305,-0.016025543212890625,-0.05255162715911865,0.02217257022857666,0.0045768022537231445
2024-02-01,0.02382028102874756,0.020991265773773193,-0.010887980461120605,0.01076740026473999,0.019620895385742188,0.024025261402130127,-0.052741169929504395,-0.009065866470336914,-0.023309826850891113,0.010017335414886475,0.014743447303771973,0.02776879072189331,-0.002981245517730713,-0.011415362358093262,-0.008922278881072998,0.0071610212326049805,0.01787889003753662,0.030919194221496582,-0.012791216373443604,-0.014249682426452637
2024-02-02,-0.0020204782485961914,-0.012912392616271973,-0.04594224691390991,0.009368956089019775,0.005558133125305176,0.00015556812286376953,0.024479329586029053,-0.026898562908172607,-0.0018025636672973633,0.0009444355964660645,-0.007368683815002441,-0.0007824897766113281,0.0072394609451293945,0.0102311372756958,0.001991748809814453,-0.004418492317199707,-0.017132043838500977,0.00670391321182251,-0.017341673374176025,0.006785273551940918
2024-02-05,0.0013960599899291992,0.013970792293548584,-0.01219630241394043,0.03337967395782471,0.01337730884552002,0.016932129859924316,-0.007948994636535645,0.015960335731506348,-0.029037892818450928,0.007157325744628906,-0.004450082778930664,0.027081072330474854,0.004843711853027344,0.02793043851852417,0.015424966812133789,0.029133260250091553,-0.02803635597229004,0.008498907089233398,-0.018098831176757812,-0.11174052953720093
2024-02-06,-0.025240778923034668,-0.012729644775390625,0.0015565156936645508,-0.03064751625061035,0.01650094985961914,-0.016432642936706543,0.017705261707305908,0.010653138160705566,0.005802750587463379,-0.017002224922180176,-0.02344334125518799,-0.008144974708557129,0.007930397987365723,-0.009902596473693848,0.02356898784637451,-0.014503955841064453,-0.015057206153869629,0.0005041956901550293,0.012969136238098145,0.016494393348693848
2024-02-07,-0.009847760200500488,0.004702866077423096,0.011864900588989258,-0.05444645881652832,-0.022861480712890625,0.008094608783721924,-0.05407315492630005,-0.008731484413146973,-0.0210798978805542,-0.014176726341247559,0.0026026368141174316,-0.051602065563201904,0.0023140907287597656,-0.004585981369018555,0.03113532066345215,-0.004948019981384277,-0.026324987411499023,0.015386581420898438,-0.0049397945404052734,-0.00832974910736084
2024-02-08,0.04958367347717285,0.016383826732635498,-0.005349516868591309,0.03998410701751709,-0.00789111852645874,0.012129008769989014,-0.00024968385696411133,-0.029923856258392334,-0.02357381582260132,0.0199129581451416,0.017018139362335205,-0.006401181221008301,0.028936386108398438,-0.0378718376159668,-0.027227580547332764,-0.00037026405334472656,-0.0003038644790649414,0.0005124211311340332,-0.016209900379180908,-0.027162671089172363
2024-02-09,-0.047119140625,-0.0224229097366333,0.011667490005493164,0.0015169978141784668,0.011675000190734863,-0.005446791648864746,-0.031627118587493896,0.0036492347717285156,-0.01996445655822754,0.006593167781829834,-0.00251162052154541,-0.014641761779785156,-0.043679893016815186,-0.008276104927062988,0.013575434684753418,-0.0011543035507202148,0.0028723478317260742,0.018454372882843018,-0.014417409896850586,-0.014801561832427979
2024-02-12,-0.016205668449401855,0.0025806427001953125,0.02181386947631836,0.019475102424621582,-0.006988465785980225,0.00778728723526001,0.0031800270080566406,-0.027056217193603516,-0.0416107177734375,-0.04415547847747803,0.0071413516998291016,0.015040993690490723,-0.07508212327957153,0.023218154907226562,0.0046651363372802734,0.005242466926574707,0.01345294713973999,0.009661853313446045,-0.01149362325668335,0.000910639762878418
2024-02-13,0.016688942909240723,-0.005717158317565918,0.011026501655578613,-0.009578824043273926,0.019214749336242676,-0.0149461030960083,-0.0062541961669921875,0.043720126152038574,-0.006178915500640869,-0.004392862319946289,0.01587599515914917,0.009613037109375,0.007441282272338867,-0.0058470964431762695,0.0002995729446411133,-0.01611638069152832,-0.0188291072845459,-0.0011866092681884766,0.01294863224029541,0.04514431953430176
2024-02-14,-0.007467746734619141,0.0004769563674926758,-0.01151210069656372,0.007674038410186768,-0.007041275501251221,-0.011655330657958984,0.016898036003112793,-0.030531883239746094,0.007295012474060059,0.010390043258666992,-0.011843562126159668,-0.00020939111709594727,0.013597369194030762,0.00151902437210083,-0.0029948949813842773,-0.014978289604187012,-0.01358652114868164,0.010929763317108154,0.008243799209594727,0.004896044731140137
2024-02-15,-0.021188974380493164,0.004858195781707764,-0.013661503791809082,-0.021091103553771973,0.01075124740600586,-0.011498808860778809,-0.004239082336425781,0.014917135238647461,0.01267385482788086,0.012818694114685059,-0.010965585708618164,0.007493138313293457,0.015568137168884277,-0.04372251033782959,-0.0036046504974365234,0.003222823143005371,0.0362246036529541,-0.005991220474243164,-0.000724494457244873,0.012343049049377441
2024-02-16,-0.019502878189086914,-0.0017766952514648438,-0.003626585006713867,-0.015285015106201172,-0.01353377103805542,-0.012923240661621094,0.01694345474243164,-0.017484009265899658,0.009833335876464844,0.012795567512512207,-0.03245055675506592,0.015402555465698242,0.06490540504455566,-0.021779298782348633,0.021706342697143555,-0.012571573257446289,0.011114656925201416,-0.0009263753890991211,0.006887674331665039,0.0072727203369140625
2024-02-19,0.008917689323425293,0.009283363819122314,0.04514658451080322,0.008137822151184082,0.012159347534179688,0.013234078884124756,0.003934979438781738,0.008318901062011719,0.023257732391357422,-0.0037077665328979492,0.0014601349830627441,-0.0005985498428344727,-0.02557426691055298,-0.00621342658996582,0.0,0.013885974884033203,0.009625434875488281,0.0002644658088684082,0.005451798439025879,0.013484835624694824
2024-02-20,-0.02155148983001709,-0.004126787185668945,-0.000743865966796875,-0.00888824462890625,-0.006845235824584961,-0.03287172317504883,-0.06404805183410645,0.012942075729370117,-0.00039321184158325195,0.004410743713378906,0.017312943935394287,0.0098191499710083,-0.015715837478637695,-0.004212141036987305,0.012688159942626953,-0.01540231704711914,0.0048972368240356445,0.000661313533782959,0.006036043167114258,0.0010476112365722656
2024-02-21,0.023440837860107422,0.004385888576507568,-0.006561219692230225,0.007861196994781494,-0.00908350944519043,0.012666583061218262,-0.0028998851776123047,0.002011418342590332,-0.009047985076904297,-0.00521475076675415,0.008549332618713379,-0.012033700942993164,-0.033530235290527344,0.00010854005813598633,-0.005973219871520996,-0.006608724594116211,-0.014278650283813477,0.006881892681121826,-0.0059490203857421875,-0.011826276779174805
2024-02-22,0.006037294864654541,-0.002368927001953125,-0.007815122604370117,-0.013797760009765625,0.011838555335998535,-0.006382346153259277,0.01844322681427002,-0.006601691246032715,0.001826167106628418,-0.0006897449493408203,0.010638833045959473,0.009273529052734375,0.010903716087341309,0.0005837082862854004,-0.003957211971282959,-0.0041893720626831055,-0.02137446403503418,-0.0021321773529052734,0.0031201839447021484,0.00031769275665283203
2024-02-23,0.013099193572998047,0.005311727523803711,-0.016076982021331787,0.00929790735244751,-0.015524029731750488,0.01539546251296997,-0.01703822612762451,0.02221357822418213,0.008876204490661621,0.010215282440185547,0.003644227981567383,-0.013649344444274902,-0.016342520713806152,0.00167083740234375,0.008019447326660156,0.009630560874938965,-0.006090044975280762,-0.02313828468322754,-0.004130303859710693,-0.007305502891540527
2024-02-26,0.0028918981552124023,0.0007151961326599121,-0.0009531974792480469,0.02842766046524048,-0.017294764518737793,0.009498894214630127,0.013073503971099854,0.02968001365661621,0.005420327186584473,0.0008199214935302734,0.0036215782165527344,-0.013266921043395996,0.012128233909606934,-0.005496978759765625,-0.00832056999206543,-0.006182432174682617,0.008897900581359863,0.00012999773025512695,-0.00901174545288086,0.0008533000946044922
2024-02-27,0.0037926435470581055,0.01086270809173584,-0.017993271350860596,0.006859838962554932,-0.021693170070648193,0.008998692035675049,-0.0016658306121826172,-0.003893733024597168,-0.018673360347747803,-0.0005461573600769043,0.008327245712280273,0.0037473440170288086,-0.006730198860168457,0.006130039691925049,0.005372762680053711,0.0032492876052856445,-0.0057184696197509766,0.004419565200805664,-0.006096959114074707,-0.009271085262298584
2024-02-28,0.03180050849914551,0.022116780281066895,-0.015029847621917725,0.02776998281478882,0.00846564769744873,0.03205782175064087,0.01425403356552124,0.0074242353439331055,-0.028662443161010742,-0.016393423080444336,-0.009646296501159668,-0.032958984375,-0.05304902791976929,0.010375142097473145,-0.011054158210754395,0.009089946746826172,0.011225879192352295,0.02232670783996582,-0.01840299367904663,-0.01796281337738037
2024-02-29,-0.011488080024719238,-0.022370338439941406,-0.010187327861785889,-0.017978787422180176,0.026662111282348633,-0.010180115699768066,-0.01140737533569336,-0.0025463104248046875,-0.011229455471038818,0.023055553436279297,0.027669191360473633,0.0011267662048339844,-0.0015707015991210938,-0.010607719421386719,0.012658238410949707,-0.0078657865524292,0.006363213062286377,0.0006677508354187012,-0.005190074443817139,-0.01303398609161377
2024-03-01,-0.026373982429504395,0.011941611766815186,-0.004330337047576904,-0.00911557674407959,0.010406494140625,-0.0037959814071655273,0.009690165519714355,-0.008495986461639404,-0.013926923274993896,-0.012489736080169678,-0.028930187225341797,0.01077413558959961,0.03093862533569336,-0.0015655755996704102,0.007894754409790039,-0.003222346305847168,-0.02190113067626953,-0.001202702522277832,-0.03066432476043701,0.010320782661437988
2024-03-02,-0.0030449628829956055,-0.004411220550537109,0.007103919982910156,0.00197601318359375,-0.0057013630867004395,0.0013055205345153809,-0.001764535903930664,0.0007901191711425781,0.012189984321594238,-0.00714874267578125,0.0024912357330322266,0.005026817321777344,0.012546658515930176,-0.002596259117126465,-0.005584597587585449,0.0011054277420043945,0.004405558109283447,-0.004805088043212891,-0.00521695613861084,0.0031853914260864258
2024-03-04,0.019546866416931152,0.014642000198364258,-0.02305227518081665,-0.002969980239868164,0.010173439979553223,0.013906776905059814,0.011769354343414307,-0.04958885908126831,-0.008720934391021729,-0.01467740535736084,0.01557302474975586,-0.006125807762145996,-0.029973268508911133,0.019183814525604248,-0.014659762382507324,0.007808864116668701,-0.06441175937652588,0.013416528701782227,-0.030779480934143066,-0.0038322806358337402
2024-03-05,7.551908493041992e-05,0.002064049243927002,-0.005734801292419434,-0.007896184921264648,-0.0010529160499572754,-0.006354212760925293,-0.0021064281463623047,0.03136587142944336,-0.004273116588592529,-0.006745338439941406,-0.002711653709411621,-0.0022129416465759277,-0.02382183074951172,-0.004160642623901367,-0.0008881688117980957,-0.0064394474029541016,-0.06472611427307129,0.001615762710571289,-0.05812561511993408,0.0
2024-03-06,0.012838900089263916,0.006320357322692871,-0.009561717510223389,-0.0023783445358276367,0.0069653987884521484,0.005382895469665527,0.026032865047454834,-0.0023746490478515625,-0.01783919334411621,-0.032258033752441406,-0.028060436248779297,-0.0058814287185668945,-0.025464236736297607,-0.005698800086975098,-0.048896074295043945,-0.008530855178833008,-0.0698246955871582,0.02467966079711914,-0.11038339138031006,-0.0021982789039611816
2024-03-07,-0.01813185214996338,-0.012629866600036621,0.0012066364288330078,-0.040474534034729004,0.014426231384277344,-0.007535815238952637,-0.009629011154174805,-0.015311777591705322,0.016535282135009766,-0.023684203624725342,0.005082607269287109,0.011320233345031738,-0.02522224187850952,0.007391214370727539,-0.012077927589416504,-0.015901684761047363,0.04084062576293945,0.004148244857788086,-0.11608469486236572,0.019277334213256836
2024-03-11,0.01585519313812256,0.015011012554168701,-0.023603856563568115,0.0001341104507446289,0.004216909408569336,0.018404006958007812,0.009865999221801758,-0.028597652912139893,-0.02081751823425293,-0.0500149130821228,-0.05878448486328125,-0.0032518506050109863,-0.0683172345161438,-0.0071980953216552734,-0.014167070388793945,-0.002224445343017578,0.02905583381652832,0.018883705139160156,-0.10632956027984619,-0.01188802719116211
2024-03-12,0.012216567993164062,-0.007283210754394531,-0.011306285858154297,-0.037161290645599365,-0.0012508630752563477,0.016670823097229004,0.04243135452270508,-0.020388007164001465,0.004389762878417969,-0.04996848106384277,-0.06999564170837402,-0.01013171672821045,-0.021178841590881348,0.003326892852783203,0.017341017723083496,0.01317453384399414,-0.008678913116455078,0.015142858028411865,-0.027012109756469727,-0.005249917507171631
2024-03-13,-0.04166334867477417,0.010325729846954346,-0.04841947555541992,-0.05879896879196167,-0.036767005920410156,0.030126631259918213,0.039021849632263184,-0.041104674339294434,-0.036678433418273926,-0.0499420166015625,0.04150146245956421,-0.03136849403381348,-0.056950390338897705,0.016250193119049072,0.011484622955322266,0.015331268310546875,-0.04149758815765381,0.024716198444366455,-0.040397047996520996,-0.04672896862030029
2024-03-14,-0.04194223880767822,0.0052626729011535645,0.010079264640808105,0.027387142181396484,0.008497834205627441,-0.016656994819641113,-0.0130842924118042,0.019628524780273438,0.02873408794403076,-0.04994761943817139,-0.05905461311340332,0.025237202644348145,-0.10000002384185791,-0.019436955451965332,-0.013389110565185547,-0.01854562759399414,-0.10870850086212158,-0.01606011390686035,0.03444349765777588,0.02249133586883545
2024-03-15,0.01703047752380371,-0.005089282989501953,-0.019081473350524902,-0.00014406442642211914,-0.010175943374633789,0.000452578067779541,-0.007303833961486816,-0.026589274406433105,0.019629836082458496,-0.048735857009887695,-0.003959059715270996,0.0010339021682739258,0.03581267595291138,0.00034242868423461914,-0.0024466514587402344,0.0006995201110839844,-0.08725142478942871,0.0023201704025268555,-0.0057256221771240234,0.028313517570495605
2024-03-18,-0.016459226608276367,-0.002902984619140625,0.01894092559814453,-0.008646786212921143,-0.005675196647644043,-0.0050508975982666016,0.001149594783782959,0.01999497413635254,-0.009413957595825195,-0.014908790588378906,-0.05233573913574219,0.003432035446166992,-0.011020421981811523,-0.022320270538330078,-0.019944190979003906,-0.017067790031433105,0.03515887260437012,0.0017442107200622559,0.0069103240966796875,-0.01919698715209961
2024-03-19,0.014875590801239014,0.015346109867095947,-0.015024662017822266,-0.008867621421813965,-0.013052582740783691,-0.0030579566955566406,0.013898670673370361,-0.037645161151885986,-0.013869822025299072,0.00046890974044799805,0.010939538478851318,-0.004648923873901367,0.0032297372817993164,0.007532298564910889,0.0115547776222229,0.015040457248687744,-0.007367491722106934,-0.0026208162307739258,-0.013769745826721191,-0.010737001895904541
2024-03-20,0.0010224580764770508,0.006850719451904297,0.004658102989196777,-0.009533584117889404,-0.0006162524223327637,0.007397055625915527,0.0265733003616333,-0.03180307149887085,-0.007813870906829834,0.0026578307151794434,0.034300148487091064,-0.01030874252319336,0.006682872772216797,0.018149912357330322,0.00677865743637085,-0.011283040046691895,0.01193779706954956,-0.007987260818481445,-0.07993572950363159,-0.01209723949432373
2024-03-21,-0.021099090576171875,-0.003750920295715332,0.007959723472595215,0.01836228370666504,0.011241316795349121,-0.02371370792388916,-0.024993062019348145,0.018214106559753418,0.023626208305358887,0.011443853378295898,-0.006719112396240234,-0.040282487869262695,-0.019164085388183594,-0.03185427188873291,-0.010307073593139648,-0.031723737716674805,-0.04637634754180908,0.0024491548538208008,0.0034906864166259766,0.0002288818359375
2024-03-22,-0.01048576831817627,0.004499554634094238,0.0027047395706176758,0.0,-0.0005159974098205566,-0.005256056785583496,-0.01601576805114746,0.0073392391204833984,0.004530668258666992,0.0033301115036010742,-0.0014575719833374023,-0.002235889434814453,-0.05041003227233887,-0.010676860809326172,-0.020197153091430664,-0.0049637556076049805,-0.04756283760070801,-0.057625651359558105,0.011112213134765625,0.031693339347839355
2024-03-26,-0.0018312931060791016,0.01252979040145874,0.004449725151062012,-0.001308739185333252,-0.0025810599327087402,0.010225951671600342,0.024353504180908203,0.0015372037887573242,0.0046803951263427734,0.0163881778717041,0.02089744806289673,-0.011316061019897461,0.003618299961090088,-0.0012001991271972656,-0.014054059982299805,-0.011387944221496582,0.0022580623626708984,-0.04629242420196533,0.03884744644165039,-0.009759306907653809
2024-03-27,-0.0026656389236450195,0.002767026424407959,-0.03683161735534668,0.0017472505569458008,0.009457111358642578,-0.008181214332580566,0.00971221923828125,-0.007274508476257324,0.004404544830322266,0.002749919891357422,0.002190709114074707,-0.002589583396911621,-0.012423515319824219,-0.010327458381652832,0.0030651092529296875,0.0221899151802063,0.044103026390075684,-0.010022938251495361,0.02138817310333252,-0.021278977394104004
2024-03-28,-0.01109004020690918,0.007580816745758057,0.00664520263671875,-0.005813956260681152,0.0021440982818603516,0.014398038387298584,-0.0003666877746582031,-0.0023352503776550293,-0.007927179336547852,0.019302546977996826,-0.005041718482971191,0.006935477256774902,-0.010760784149169922,-0.008513927459716797,-0.007485628128051758,-0.014864683151245117,0.012259960174560547,0.0059299468994140625,-0.026479363441467285,0.0010298490524291992
2024-04-01,-0.031177163124084473,-0.009877204895019531,-0.054935455322265625,0.04517543315887451,-0.036649346351623535,-0.007904052734375,-0.052959442138671875,0.0341259241104126,0.0323868989944458,-0.04432690143585205,-0.004025697708129883,-0.005265951156616211,-0.028389930725097656,-0.005326390266418457,-0.012206435203552246,-0.022009611129760742,0.006342709064483643,0.04083395004272461,0.005828380584716797,0.022405147552490234
2024-04-02,0.0031327009201049805,-0.01761186122894287,0.0009020566940307617,0.012868881225585938,-0.0169142484664917,-0.028310656547546387,-0.013661742210388184,-0.0018731951713562012,0.022643089294433594,-0.02248966693878174,-0.0719153881072998,-0.006452202796936035,-0.010534048080444336,0.008152961730957031,0.016974687576293945,-0.0019873380661010742,-0.010566115379333496,-0.001105189323425293,0.006116628646850586,0.019454360008239746
2024-04-03,-0.014324307441711426,-0.013611793518066406,0.014364361763000488,0.03328275680541992,-0.010147333145141602,0.00878363847732544,-0.0025752782821655273,-0.0066155195236206055,-0.05112719535827637,-0.04383528232574463,-0.04752516746520996,0.0016978979110717773,-0.014018654823303223,-0.01041114330291748,-0.001000046730041504,-0.0004576444625854492,0.004847884178161621,0.02738213539123535,-0.0018740296363830566,0.0029611587524414062
2024-04-04,0.0030261874198913574,-0.0028345584869384766,0.004992246627807617,-0.012830853462219238,-0.00021839141845703125,-0.014127969741821289,-0.008048653602600098,0.012830972671508789,-0.0025278329849243164,0.00741952657699585,0.02599930763244629,0.0040056705474853516,0.010102808475494385,0.020928502082824707,0.0016651153564453125,0.012009143829345703,0.01259756088256836,-0.016018331050872803,0.0016944408416748047,0.03411698341369629
2024-04-05,-0.006648898124694824,0.004235744476318359,0.00150984525680542,0.031004667282104492,-0.014278888702392578,-0.002461075782775879,-0.006285429000854492,-0.009652853012084961,-0.02078235149383545,-0.002690911293029785,0.03619265556335449,-0.004676103591918945,-0.010384917259216309,-0.0143510103225708,-0.0010007619857788086,0.001794278621673584,0.0007559061050415039,0.04008209705352783,0.035568952560424805,0.002855062484741211
2024-04-08,-0.011989355087280273,0.007762312889099121,0.005172371864318848,-0.009061098098754883,0.0058980584144592285,0.0059010982513427734,0.00810331106185913,0.025207161903381348,0.007185637950897217,0.021171927452087402,-0.022321701049804688,0.01626640558242798,0.02640432119369507,-0.023231148719787598,-0.014462828636169434,-0.007866621017456055,-0.007691860198974609,0.027620673179626465,0.004414796829223633,-0.010754942893981934
2024-04-09,0.007236063480377197,0.0076711177825927734,0.014902889728546143,-0.00795125961303711,0.005759835243225098,0.006706535816192627,-0.036167144775390625,-0.004577577114105225,0.012967467308044434,-0.014165997505187988,0.01156604290008545,0.012530624866485596,-0.018565654754638672,0.013624727725982666,0.009723365306854248,0.0054656267166137695,0.0018051862716674805,-0.01331108808517456,0.0003515481948852539,0.0017054080963134766
2024-04-10,-0.05223667621612549,-0.05390894412994385,-0.01555168628692627,0.01790010929107666,-0.013764142990112305,-0.04794716835021973,-0.031044721603393555,-0.06944119930267334,-0.021692633628845215,0.02958846092224121,-0.016027450561523438,-0.06151878833770752,0.003216564655303955,0.011572659015655518,0.00484311580657959,-0.020285844802856445,0.008617281913757324,0.049033522605895996,0.02689051628112793,0.029474377632141113
2024-04-12,-0.0199660062789917,0.0067217350006103516,-0.014581561088562012,-0.020078718662261963,0.0073043107986450195,-0.008532404899597168,0.0121077299118042,-0.030560612678527832,0.013681173324584961,0.01748955249786377,0.02422565221786499,-0.015697717666625977,0.01936173439025879,7.772445678710938e-05,0.00473332405090332,0.005008399486541748,0.012276768684387207,-0.0029677748680114746,-0.017200887203216553,-0.004444420337677002
2024-04-15,0.020773708820343018,-0.04058718681335449,-0.0036797523498535156,-0.01995450258255005,0.018438279628753662,0.0076833367347717285,0.02080303430557251,0.0008791089057922363,0.02273935079574585,0.02441716194152832,-0.0008314847946166992,0.0157431960105896,0.029067695140838623,0.01638495922088623,-0.03436267375946045,-0.028473198413848877,-0.008723974227905273,-0.029393553733825684,-0.04031515121459961,-0.024086415767669678
2024-04-16,-0.018358588218688965,0.012980818748474121,0.02372610569000244,0.020770668983459473,-0.0027780532836914062,-0.010004758834838867,-0.003952503204345703,0.015433847904205322,-0.0006979703903198242,0.0024220943450927734,-0.01708662509918213,0.004699885845184326,-0.0,0.014419257640838623,-0.0013873577117919922,-0.015289306640625,0.016262471675872803,-0.005366683006286621,0.003674626350402832,-0.010851085186004639
2024-04-18,-0.03151494264602661,-0.01654273271560669,-0.0347675085067749,-0.021552860736846924,0.015082895755767822,0.0071707963943481445,0.006151556968688965,-0.02100980281829834,0.017361581325531006,-0.04192304611206055,-0.04094350337982178,0.00020122528076171875,0.020335137844085693,0.006867527961730957,-0.0025701522827148438,0.0046460628509521484,-0.00549471378326416,0.02736377716064453,-0.0010395050048828125,-0.012906014919281006
2024-04-19,-0.002688765525817871,0.003085494041442871,-0.029663920402526855,0.011082172393798828,-0.0013840198516845703,0.014488637447357178,0.0025583505630493164,0.00012511014938354492,-0.015223145484924316,-0.03635227680206299,-0.023985981941223145,0.0019202232360839844,0.009994268417358398,0.0019642114639282227,-0.014276742935180664,-0.00035572052001953125,-0.002080082893371582,0.003751397132873535,-0.0011764764785766602,0.019176363945007324
2024-04-22,-0.004285871982574463,-0.0015168190002441406,0.012463033199310303,0.007713198661804199,0.024655520915985107,-0.01320505142211914,-0.022670865058898926,-0.031141042709350586,-0.001087784767150879,-0.04991757869720459,0.012430906295776367,-0.01736152172088623,-0.024267077445983887,-0.0016446113586425781,0.023738861083984375,0.014254331588745117,0.001102447509765625,0.017067432403564453,0.010554909706115723,0.011973381042480469
2024-04-23,0.02881145477294922,0.0026732683181762695,0.015640318393707275,0.021619439125061035,-0.005714058876037598,-0.030127882957458496,0.00040453672409057617,-0.0026683807373046875,-0.0157548189163208,-0.04997146129608154,-0.04798722267150879,-0.029143452644348145,-0.011182785034179688,0.006419360637664795,0.005658984184265137,0.02038896083831787,-0.01466977596282959,-0.014453768730163574,-0.0004482865333557129,0.004225611686706543
2024-04-24,0.009379863739013672,-0.000854790210723877,0.004345595836639404,-0.057308197021484375,0.011181354522705078,-0.011850595474243164,-0.012545585632324219,0.013265788555145264,-0.025748729705810547,0.019037246704101562,-0.08055174350738525,0.026866018772125244,0.0061855316162109375,-0.017161130905151367,0.012352466583251953,0.000687718391418457,-0.017575979232788086,-0.006462752819061279,0.010718464851379395,0.005996227264404297
2024-04-25,0.007688164710998535,-0.004684567451477051,-0.007192850112915039,-0.016534090042114258,-0.022247672080993652,-0.009794473648071289,-0.00039970874786376953,0.0036232471466064453,0.002681553363800049,-0.019129395484924316,-0.017567873001098633,-0.007111310958862305,-0.005469560623168945,-0.00031960010528564453,-0.010507047176361084,0.007521390914916992,-0.0008244514465332031,0.018388748168945312,-0.012468338012695312,0.01495349407196045
2024-04-26,-0.007563233375549316,0.009293913841247559,0.008550107479095459,-0.03424239158630371,-0.06524574756622314,-0.022391438484191895,-0.0027167797088623047,-0.0031305551528930664,-0.014863014221191406,-0.009929299354553223,0.005202651023864746,-0.0008769035339355469,-0.007878422737121582,-0.004046797752380371,0.021579742431640625,0.0007200241088867188,0.0019200444221496582,-0.0068787336349487305,0.008267402648925781,0.005048394203186035
2024-04-29,0.009960532188415527,0.005219817161560059,0.00904017686843872,-0.00910484790802002,-0.016420364379882812,0.013402998447418213,0.008845329284667969,0.0032570958137512207,-0.0019134283065795898,-0.018047213554382324,0.008255064487457275,-0.03477609157562256,-0.031081318855285645,0.007053375244140625,0.01300966739654541,-0.0017229914665222168,-0.006568312644958496,-0.007297515869140625,-0.020053446292877197,-0.002767801284790039
2024-04-30,-0.018069922924041748,0.004261493682861328,-0.005707383155822754,0.0053902268409729,-0.0032393932342529297,0.005442261695861816,0.00546717643737793,0.009078562259674072,0.011532306671142578,0.007805287837982178,0.0026155710220336914,0.001635134220123291,0.022924184799194336,0.024181127548217773,0.009201645851135254,-0.005765736103057861,-0.01422131061553955,-0.000498354434967041,-0.02487492561340332,0.00020563602447509766
2024-05-02,0.0013481378555297852,0.002213597297668457,0.01148611307144165,0.021206438541412354,-0.0007865428924560547,-0.02024233341217041,-0.007518172264099121,-0.004732608795166016,0.020732641220092773,0.00279998779296875,-0.02412855625152588,-0.002661466598510742,0.00535738468170166,0.0036124587059020996,-0.020006537437438965,0.018313288688659668,0.010074615478515625,0.0009971857070922852,0.02658212184906006,-0.01767730712890625
2024-05-03,-0.004375636577606201,0.02385401725769043,-0.003490447998046875,0.023350954055786133,0.0005791187286376953,0.012541651725769043,0.015084683895111084,0.016548097133636475,0.0197298526763916,-0.00427854061126709,0.020579516887664795,-0.002129197120666504,0.01838785409927368,0.01281273365020752,-0.01178044080734253,-0.037991106510162354,-0.013753414154052734,0.004109621047973633,-0.008949220180511475,-0.009206950664520264
2024-05-06,0.01392829418182373,0.0038830041885375977,0.005455434322357178,0.0112152099609375,-0.011836767196655273,-0.04712808132171631,0.00016289949417114258,-0.01604461669921875,0.009211957454681396,0.04912787675857544,-0.01348268985748291,-0.0015281438827514648,0.0037842988967895508,0.0003756284713745117,0.0001354217529296875,0.00776982307434082,-0.002944469451904297,-0.011410176753997803,-0.007655024528503418,-0.020696938037872314
2024-05-07,-0.04434514045715332,-0.0073468685150146484,0.0074089765548706055,0.030163288116455078,0.017506539821624756,0.019714951515197754,0.006681382656097412,0.03560924530029297,-0.0421907901763916,-0.026743173599243164,0.04879868030548096,0.01854163408279419,0.033428311347961426,0.023769080638885498,-0.0010158419609069824,-0.06598776578903198,-0.041616857051849365,0.0025091171264648438,-0.017460286617279053,-0.01919347047805786
2024-05-08,-0.014513969421386719,-0.001690983772277832,-0.0021048784255981445,-0.04022622108459473,-0.009034156799316406,0.003779590129852295,-0.014600992202758789,-0.05753093957901001,0.013377904891967773,0.02604663372039795,0.038825809955596924,-0.010156631469726562,-0.03026127815246582,-0.0034924745559692383,-0.045827388763427734,-0.032169997692108154,0.003832101821899414,-0.013640284538269043,0.015467047691345215,0.0078057050704956055
2024-05-09,-0.058061301708221436,-0.04476046562194824,0.0260469913482666,0.04373610019683838,0.02335268259048462,0.02723640203475952,0.0129355788230896,-0.033099472522735596,-0.03445225954055786,0.02254277467727661,0.012680530548095703,-0.055461108684539795,0.040434837341308594,0.0007387399673461914,0.0079573392868042,-0.02041381597518921,0.0033336877822875977,-0.01991879940032959,-0.03305548429489136,-0.0237809419631958
2024-05-10,0.011275649070739746,0.023831605911254883,0.004446268081665039,-0.016408324241638184,0.002112269401550293,-0.02411937713623047,0.004504859447479248,0.02702319622039795,0.014089226722717285,0.008308231830596924,-0.03096020221710205,0.00786733627319336,-0.0035778284072875977,-0.012922406196594238,0.029111146926879883,-0.005804479122161865,0.01716434955596924,-0.0044013261795043945,0.013741254806518555,-0.07598614692687988
2024-05-13,-0.005500674247741699,-0.007078409194946289,0.004112899303436279,0.0026694536209106445,-0.019347190856933594,0.004750370979309082,-0.005101203918457031,-0.018744349479675293,0.004521489143371582,0.01906687021255493,-0.015146493911743164,-0.0033563971519470215,0.01485443115234375,-0.026988744735717773,0.015684962272644043,-0.0226290225982666,-0.021083533763885498,0.0065010786056518555,0.004109025001525879,-0.06418108940124512
2024-05-14,-0.023843348026275635,0.0007920265197753906,-0.015983104705810547,-0.01644158363342285,-0.02342379093170166,0.005457758903503418,-0.009250164031982422,0.00996243953704834,0.013339877128601074,-0.0332794189453125,-0.044547080993652344,0.03077256679534912,-0.02895057201385498,-0.0024188756942749023,0.006069183349609375,0.027060389518737793,-0.008973479270935059,-0.032166361808776855,0.002586960792541504,0.0450863242149353
2024-05-15,-0.0476263165473938,-0.010390102863311768,-0.019249677658081055,-0.0036363601684570312,-0.0027189254760742188,0.018184363842010498,-0.007218718528747559,-0.012921750545501709,0.005491852760314941,-0.01296842098236084,-0.059575676918029785,-0.0036118626594543457,-0.001758575439453125,0.0008725523948669434,0.001206517219543457,0.0006340742111206055,-0.028181910514831543,0.014893651008605957,0.00628662109375,-0.009299874305725098
2024-05-16,0.01037132740020752,0.006730079650878906,0.005496501922607422,-0.009120464324951172,-0.010724782943725586,-0.009982466697692871,-0.016749858856201172,0.0017589330673217773,0.005863547325134277,0.01941472291946411,-0.02425563335418701,-0.0014740228652954102,-0.022625327110290527,0.015309453010559082,0.010243058204650879,-0.007626056671142578,-0.006660401821136475,0.0006352663040161133,0.00983738899230957,0.00931549072265625
2024-05-17,-7.957220077514648e-05,0.015440821647644043,-0.028201818466186523,-0.0027238130569458008,-0.009209632873535156,-0.010700583457946777,-0.008078575134277344,0.006666064262390137,0.009742021560668945,-0.0014346837997436523,-0.04331254959106445,0.032883405685424805,-0.021934032440185547,0.008729875087738037,-0.010271728038787842,0.004227757453918457,-0.08237600326538086,-0.041317105293273926,0.0013388395309448242,-0.0024529695510864258
2024-05-18,0.005968451499938965,-0.005526483058929443,-0.010750651359558105,0.010371685028076172,0.007776498794555664,-0.021215081214904785,0.0007071495056152344,-4.6253204345703125e-05,-0.0037168264389038086,-0.013610363006591797,-0.011090397834777832,0.0004667043685913086,-0.004852652549743652,-0.0008246898651123047,0.009173035621643066,-0.002324223518371582,0.0007402896881103516,0.009278476238250732,-0.004518330097198486,-0.0003058910369873047
2024-05-21,-0.009967565536499023,0.002084016799926758,-0.023806095123291016,-0.004491567611694336,0.007717549800872803,0.004135072231292725,-0.0035380125045776367,-0.01710355281829834,0.0078582763671875,-0.028833985328674316,-0.022127389907836914,-0.013629555702209473,0.019502222537994385,-0.0014525651931762695,0.00026535987854003906,0.004549264907836914,-0.05241286754608154,-0.01688230037689209,0.007317781448364258,-0.0014269351959228516
2024-05-22,0.0071114301681518555,-0.004626929759979248,0.016247928142547607,0.012420833110809326,0.0008463263511657715,0.021138787269592285,-0.014885663986206055,-0.007789671421051025,-0.015042901039123535,0.004670977592468262,0.04206889867782593,-0.00988680124282837,-0.0030307769775390625,-0.032022833824157715,-0.0013929009437561035,0.003741145133972168,-0.05277705192565918,-0.01708674430847168,-0.0009195804595947266,-0.006717562675476074
2024-05-23,-0.005157113075256348,-0.0025339126586914062,0.005982458591461182,0.006036937236785889,0.006130516529083252,-0.05220216512680054,0.0013895630836486816,-0.0009813308715820312,0.0016791820526123047,0.01890963315963745,0.013475418090820312,-0.0057465434074401855,0.020207762718200684,0.010879099369049072,-0.007240116596221924,0.005013227462768555,-0.01694667339324951,-0.040152549743652344,0.0022090673446655273,0.009099185466766357
2024-05-24,-0.009410679340362549,-0.010725200176239014,-0.05546313524246216,-0.02733147144317627,-0.01724696159362793,0.012977004051208496,-0.03192633390426636,0.02317953109741211,-0.012612700462341309,0.013787269592285156,0.00514829158782959,0.007491111755371094,0.02968388795852661,0.007815301418304443,-0.005754053592681885,-0.007091820240020752,0.010593771934509277,-0.008705615997314453,-0.004224598407745361,-0.009692907333374023
2024-05-27,-0.007245779037475586,0.0010797977447509766,-0.01630377769470215,-0.00788271427154541,0.005505263805389404,-0.008709549903869629,0.007905364036560059,-0.0070920586585998535,0.014067411422729492,0.012268126010894775,0.04467529058456421,0.0033675432205200195,0.01966625452041626,0.0042688846588134766,0.016150712966918945,0.0090864896774292,0.03202164173126221,-0.0015898942947387695,0.019276022911071777,-0.017683863639831543
2024-05-28,0.02084183692932129,-0.005546510219573975,0.006150245666503906,0.008554339408874512,-0.03582179546356201,-0.019257068634033203,0.0050705671310424805,-0.025888562202453613,0.008131980895996094,0.01863086223602295,0.037636756896972656,-0.008910417556762695,-0.01296854019165039,-0.0006500482559204102,0.009205341339111328,-0.012944221496582031,0.030257463455200195,-0.018140554428100586,-0.007917463779449463,0.01419919729232788
2024-05-29,-0.0022243857383728027,0.0021097660064697266,-0.044137537479400635,0.004314064979553223,0.002517223358154297,-0.013829410076141357,-0.0828472375869751,-0.01360851526260376,-0.0026097893714904785,-0.0035320520401000977,-0.0046318769454956055,-0.006787896156311035,0.028005599975585938,0.010835468769073486,-0.003543555736541748,-0.01798248291015625,0.01638329029083252,-0.09031176567077637,-0.021981000900268555,0.0005035996437072754
2024-05-30,-0.02699047327041626,-0.031723856925964355,0.008326411247253418,0.01299828290939331,-0.009589552879333496,-0.036689937114715576,0.014704763889312744,-0.010436475276947021,-0.04360926151275635,0.03050309419631958,-0.08667385578155518,-0.025043725967407227,0.019551336765289307,0.005952119827270508,-0.012578189373016357,-0.0071013569831848145,0.007153749465942383,0.026248574256896973,-0.026811540126800537,0.021566033363342285
2024-05-31,0.0009819269180297852,-0.010395824909210205,-0.0018063783645629883,0.023830413818359375,-0.0054607391357421875,0.0031358003616333008,0.012855589389801025,-0.003411591053009033,-0.010943412780761719,-0.007109403610229492,0.04760056734085083,-0.013555347919464111,0.014483630657196045,0.004933595657348633,-0.009737193584442139,-0.005285382270812988,-0.021447062492370605,0.027375757694244385,-0.012840807437896729,-0.0053558349609375
2024-06-03,0.02223491668701172,0.02289581298828125,0.027184247970581055,-0.04612624645233154,-0.025969505310058594,0.024346232414245605,-0.018187284469604492,0.013742566108703613,-0.047359585762023926,-0.024181485176086426,-0.02381300926208496,0.03639328479766846,0.0021299123764038086,-0.029960155487060547,0.005051136016845703,0.024509906768798828,-0.05227041244506836,-0.0011862516403198242,0.029801487922668457,-0.03800845146179199
2024-06-04,-0.04262298345565796,-0.04769730567932129,-0.01285487413406372,-0.13547039031982422,0.027027010917663574,-0.045441389083862305,-0.047339022159576416,-0.09655004739761353,-0.07306927442550659,-0.050007402896881104,0.07049500942230225,-0.07717806100845337,-0.07833516597747803,0.014126062393188477,0.026000142097473145,-0.031780362129211426,-0.11710602045059204,0.017341673374176025,-0.060234665870666504,-0.06089615821838379
2024-06-05,-0.05070173740386963,-0.06250512599945068,0.037262558937072754,-0.10981667041778564,-0.04965519905090332,0.039903879165649414,-0.06952154636383057,-0.05306577682495117,0.014073610305786133,0.0006175041198730469,0.02116215229034424,-0.08271420001983643,0.03612780570983887,-0.01999032497406006,-0.03396248817443848,-0.04627203941345215,0.02954423427581787,-0.07223498821258545,-0.04629111289978027,0.06547558307647705
2024-06-06,-0.014627575874328613,0.0004468560218811035,0.04497098922729492,-0.030081868171691895,-0.012848615646362305,0.022574782371520996,-0.021715641021728516,0.00790095329284668,0.022137045860290527,0.04134523868560791,-0.07057845592498779,-0.005620121955871582,0.03352701663970947,0.003955185413360596,0.024319350719451904,-0.0006536245346069336,0.0188446044921875,0.01942342519760132,-0.019413232803344727,0.016965866088867188
2024-06-07,0.005641341209411621,-0.005674839019775391,0.03116631507873535,-0.0137939453125,-0.0033875703811645508,0.0015801191329956055,0.003883659839630127,-0.022584199905395508,0.014160752296447754,0.014074087142944336,0.019872069358825684,-0.003042936325073242,0.019679903984069824,0.0024646520614624023,-0.011135578155517578,-0.006858110427856445,0.017882704734802246,-0.0066721439361572266,0.0067710280418396,0.004364728927612305
2024-06-10,-0.046489596366882324,-0.02153646945953369,0.037348389625549316,-0.04327034950256348,-0.034049272537231445,0.00891733169555664,-0.01382291316986084,-0.03629875183105469,0.03285419940948486,0.04952526092529297,0.008510589599609375,-0.031974196434020996,0.036182403564453125,0.0005765557289123535,-0.016135215759277344,-0.01831507682800293,0.0039052963256835938,-0.025994181632995605,-0.028262972831726074,0.02172863483428955
2024-06-11,0.008960187435150146,-0.018856167793273926,0.025973081588745117,0.005404770374298096,-0.01865231990814209,0.005906939506530762,0.008600115776062012,-0.03488123416900635,0.02385687828063965,-0.015033483505249023,-0.06594991683959961,-0.014363884925842285,0.009210705757141113,0.009174525737762451,-0.0004410743713378906,0.011445403099060059,0.021299242973327637,0.015140831470489502,-0.02338862419128418,0.005103945732116699
2024-06-12,-0.011472463607788086,-0.0173490047454834,0.002481222152709961,-0.010041356086730957,-0.005864858627319336,0.015457749366760254,0.0043021440505981445,-0.01096343994140625,0.00473785400390625,0.023883581161499023,-0.02254045009613037,-0.008321285247802734,-0.010221898555755615,-0.007748603820800781,-0.03054732084274292,-0.01641106605529785,-0.013677775859832764,-0.0005124807357788086,-0.01097714900970459,-0.007617056369781494
2024-06-13,-0.014421939849853516,-0.002737283706665039,0.00881505012512207,-0.017192959785461426,-0.015864968299865723,0.025193452835083008,-0.02054119110107422,-0.021068334579467773,0.005643248558044434,-0.0038647055625915527,-0.00849449634552002,-0.013659477233886719,0.018278002738952637,-0.0008665323257446289,6.508827209472656e-05,-0.01437079906463623,0.03613412380218506,-0.0016390085220336914,0.006496906280517578,0.013834953308105469
2024-06-14,-0.0007404088973999023,-0.00842273235321045,-0.0043038129806518555,0.018742084503173828,-0.006974339485168457,0.0010991096496582031,-0.010549664497375488,0.007262766361236572,-0.00845569372177124,0.0029097795486450195,0.001692056655883789,0.004716396331787109,0.006358981132507324,-0.0002199411392211914,0.010134458541870117,-0.0008751153945922852,0.016305088996887207,-0.01769280433654785,0.009361326694488525,-0.010748684406280518
2024-06-18,-0.021753668785095215,-0.002507328987121582,0.003929495811462402,-0.02730250358581543,-0.014150261878967285,0.0035837888717651367,-0.007348895072937012,0.02164173126220703,0.029072046279907227,0.0053882598876953125,-0.0005668401718139648,-0.015358567237854004,0.009878039360046387,-0.006018161773681641,0.004116058349609375,-0.008409619331359863,0.015644311904907227,0.03798609972000122,-0.013790249824523926,0.0081254243850708
2024-06-19,0.007458925247192383,0.006826162338256836,0.0056754350662231445,-0.0668414831161499,-0.028069138526916504,0.026234745979309082,-0.11106562614440918,-0.019914627075195312,-0.009115517139434814,0.049883127212524414,0.03551608324050903,-0.010598182678222656,0.004791617393493652,0.0028134584426879883,-0.0017293691635131836,0.0022500157356262207,-0.01840740442276001,0.01023709774017334,0.012710750102996826,0.0020618438720703125
2024-06-20,-0.039690613746643066,-0.0437244176864624,0.0071839094161987305,-0.19287919998168945,-0.04494309425354004,0.048010826110839844,0.014973044395446777,-0.04144418239593506,-0.10081350803375244,0.05000007152557373,0.02549082040786743,-0.03639507293701172,0.025499582290649414,-0.034062862396240234,0.004876136779785156,-0.03417813777923584,-0.007321655750274658,-0.047704458236694336,-0.04259836673736572,0.0209503173828125
2024-06-21,0.005894780158996582,0.0031043291091918945,0.048697471618652344,0.07304829359054565,-0.057123780250549316,-0.022761762142181396,0.023548424243927002,0.005095839500427246,0.06630289554595947,-0.016454756259918213,0.04000276327133179,0.02105957269668579,0.02305912971496582,0.005629241466522217,0.0038309097290039062,0.015724122524261475,0.024628162384033203,0.007756650447845459,0.024003446102142334,-0.005313217639923096
2024-06-24,0.0033177733421325684,0.0038153529167175293,0.01265108585357666,-0.009089231491088867,-0.011645972728729248,-0.014513254165649414,0.01390838623046875,0.02143537998199463,0.012722909450531006,-0.0060836076736450195,0.006929993629455566,0.008968174457550049,0.03027796745300293,-0.013160347938537598,-0.011830568313598633,0.016178548336029053,-0.003561854362487793,0.008121848106384277,0.020287752151489258,0.010867476463317871
2024-06-25,0.015227735042572021,0.014523029327392578,-0.03476530313491821,0.028938233852386475,-0.004243254661560059,-0.019629359245300293,0.006858170032501221,-0.008184075355529785,0.01783168315887451,0.02167809009552002,0.004431426525115967,0.03305310010910034,-0.013490915298461914,0.00491708517074585,0.010105609893798828,0.010907948017120361,-0.0007949471473693848,0.015864908695220947,0.00579988956451416,-0.0018221735954284668
2024-06-26,0.0009350180625915527,-0.004993557929992676,0.02766895294189453,-0.027333736419677734,0.022683262825012207,0.018497824668884277,0.007817566394805908,0.0036461353302001953,0.0004577040672302246,-0.01797306537628174,0.01117640733718872,-0.01569187641143799,-0.02287846803665161,0.002232849597930908,0.011278867721557617,-0.0020678043365478516,-0.008450746536254883,-0.004680156707763672,0.004193127155303955,-0.0012778639793395996
2024-06-27,0.010582327842712402,0.00986701250076294,0.01702713966369629,0.04187875986099243,0.0011539459228515625,0.003233194351196289,0.010636866092681885,0.02909553050994873,0.03251171112060547,-0.009659349918365479,0.0004220008850097656,-0.005887508392333984,-0.041532695293426514,-0.011546730995178223,-0.009451806545257568,-0.02503335475921631,-0.0076850056648254395,0.010351955890655518,0.0007322430610656738,-0.004386723041534424
2024-06-28,0.0013824105262756348,-0.022495031356811523,0.008791804313659668,-0.016140341758728027,0.025035977363586426,-0.004535853862762451,-0.013737678527832031,0.009663403034210205,-0.05821573734283447,0.011806964874267578,-0.015615105628967285,0.01086205244064331,0.011129021644592285,0.005445659160614014,0.004770994186401367,0.009272634983062744,0.019135117530822754,-0.004184126853942871,-0.010488629341125488,0.005324006080627441
2024-07-01,-0.027103781700134277,-0.016907095909118652,-0.0027858614921569824,-0.03226137161254883,-0.0022800564765930176,0.04558444023132324,-0.006546616554260254,-0.02848994731903076,-0.01967942714691162,0.006722450256347656,-0.017628192901611328,-0.013079643249511719,0.004644632339477539,-0.0044487714767456055,-0.01190251111984253,-0.010816574096679688,0.007763862609863281,0.002604186534881592,-0.0038527250289916992,0.0045653581619262695
2024-07-02,-0.008725285530090332,0.003482997417449951,-0.023238301277160645,0.028768062591552734,-0.016779303550720215,0.027025938034057617,0.008260130882263184,0.01583772897720337,0.012793362140655518,0.010961294174194336,-0.005056023597717285,0.004529118537902832,-0.0075757503509521484,0.015462636947631836,-0.01159733533859253,0.027899563312530518,-0.09115123748779297,-0.07070493698120117,0.010881781578063965,-0.011906921863555908
2024-07-03,-0.00478208065032959,-0.004827737808227539,-0.012931764125823975,-0.014268755912780762,0.008405447006225586,-0.009844779968261719,0.012067198753356934,0.0015318989753723145,-0.01199638843536377,0.01034390926361084,-0.01211094856262207,-0.005465269088745117,0.007633566856384277,-0.010834217071533203,0.008686661720275879,0.0050966739654541016,-0.041473388671875,0.03716343641281128,-0.007440805435180664,0.009750723838806152
2024-07-04,-0.005669116973876953,-0.022257447242736816,0.01789700984954834,-0.005336165428161621,-0.00255739688873291,0.006334066390991211,-0.010422110557556152,-0.005671977996826172,-0.006292939186096191,-0.006660938262939453,-0.05552327632904053,-0.009615659713745117,0.008741259574890137,0.0017248988151550293,-0.0046915411949157715,-0.003674149513244629,-0.060486555099487305,0.0012156367301940918,-0.00018131732940673828,-0.0030062198638916016
2024-07-05,-0.00480198860168457,-0.001682877540588379,-0.0002816319465637207,0.0008684396743774414,0.008356809616088867,0.003996849060058594,0.0026279687881469727,-0.006379842758178711,0.019415318965911865,0.0016143321990966797,0.006263792514801025,-0.0017627477645874023,0.008280396461486816,0.0006067156791687012,0.0007748603820800781,-0.004392862319946289,0.0007887482643127441,0.006897330284118652,0.0017215609550476074,0.003929018974304199
2024-07-08,0.01870065927505493,-0.010139107704162598,0.012067437171936035,-0.032164573669433594,0.014440417289733887,0.002362489700317383,-0.02634871006011963,0.011208653450012207,0.0002225041389465332,0.005207061767578125,-0.024097681045532227,0.0005592703819274902,0.03265857696533203,0.008380651473999023,-0.009936153888702393,0.013516604900360107,-0.004687190055847168,-0.019711971282958984,0.0197867751121521,-0.009283661842346191
2024-07-09,0.004376113414764404,0.004967391490936279,-0.003806471824645996,0.040426671504974365,-0.003156423568725586,0.0025054216384887695,0.007059872150421143,-0.0051877498626708984,0.013647735118865967,0.04995071887969971,0.019391238689422607,-0.007724761962890625,-0.007767736911773682,-0.02833569049835205,0.014662742614746094,-0.010007143020629883,0.013247251510620117,0.014322936534881592,-0.002592802047729492,-0.006063342094421387
2024-07-10,0.006663858890533447,-0.002805352210998535,-0.004810333251953125,0.02360057830810547,0.0007450580596923828,0.008885979652404785,0.0069161057472229,0.007780015468597412,0.025041401386260986,0.016915321350097656,0.04075968265533447,0.00468599796295166,-0.02124887704849243,0.0045299530029296875,0.015285849571228027,-0.0033235549926757812,-0.025411009788513184,-0.010568022727966309,0.017640233039855957,-0.007301986217498779
2024-07-11,-0.001784205436706543,-0.0033849477767944336,-9.107589721679688e-05,0.008389949798583984,-0.005397498607635498,0.013817071914672852,-0.0177687406539917,-0.007375240325927734,0.0017740726470947266,-0.010280728340148926,-0.010834574699401855,0.007783293724060059,0.042848944664001465,-0.004277467727661133,-6.330013275146484e-05,0.003312528133392334,0.008881986141204834,0.0035193562507629395,0.004371762275695801,-0.0038174986839294434
2024-07-12,-0.006055474281311035,-0.01797962188720703,-0.004439413547515869,-0.01722407341003418,-0.0007173418998718262,0.004361987113952637,-0.019569039344787598,-0.003313779830932617,7.724761962890625e-05,-0.018207252025604248,0.01677560806274414,-0.003085613250732422,0.0027391910552978516,-0.010136842727661133,-0.004365086555480957,0.0007315874099731445,0.020873546600341797,-0.014328956604003906,-0.0063266754150390625,0.010748624801635742
2024-07-15,-0.004815220832824707,-0.013543128967285156,0.003567337989807129,-0.005446076393127441,-0.00274658203125,0.00967705249786377,0.005394279956817627,-0.010400176048278809,0.007727384567260742,-0.005943894386291504,-0.009093046188354492,-0.0007929801940917969,0.030413389205932617,0.008830368518829346,0.007434248924255371,-0.002280116081237793,-0.001375436782836914,0.0001989603042602539,-0.0007038116455078125,0.0024042129516601562
2024-07-16,0.007399559020996094,0.0048441290855407715,0.0022786855697631836,0.0045302510261535645,-0.008512735366821289,-0.0008388161659240723,-0.0011352300643920898,-0.013394713401794434,-0.00841057300567627,0.034441471099853516,0.010148286819458008,-0.0014344453811645508,0.0319901704788208,-0.003555893898010254,0.0013245344161987305,0.0004590749740600586,0.019324660301208496,0.008159220218658447,0.0005156397819519043,-0.013653159141540527
2024-07-18,0.00014197826385498047,-0.015437006950378418,0.006835579872131348,-0.012366414070129395,0.005839705467224121,0.0111464262008667,-0.003212571144104004,0.021019279956817627,0.0101165771484375,-0.0419653058052063,0.024450242519378662,0.0011867880821228027,-0.019352734088897705,-0.006287693977355957,0.005731940269470215,-0.0041342973709106445,0.04033631086349487,-0.013643741607666016,0.005019187927246094,0.0024318695068359375
2024-07-19,-0.04658102989196777,-0.02466338872909546,-0.017078161239624023,0.04094594717025757,0.0013494491577148438,-0.013267159461975098,0.02103477716445923,0.002421438694000244,0.023326575756072998,-0.032822489738464355,0.031212806701660156,-0.03165799379348755,-0.03492838144302368,0.0178489089012146,-0.018350303173065186,0.02574336528778076,0.038608670234680176,0.012074410915374756,0.015416622161865234,-0.028736770153045654
2024-07-22,-0.03917491436004639,-0.04673874378204346,0.02700042724609375,-0.03892397880554199,0.010530233383178711,0.02092921733856201,-0.010839581489562988,0.0017359256744384766,-0.030753254890441895,0.009482145309448242,0.004960477352142334,0.012862801551818848,0.020810723304748535,-0.04505515098571777,0.004976391792297363,-0.01065051555633545,-0.003877997398376465,-0.03706669807434082,-0.021930694580078125,0.005187392234802246
2024-07-23,0.015408873558044434,-0.0010037422180175781,-0.0020728111267089844,0.04639071226119995,-0.01727449893951416,-0.006751537322998047,-0.039022862911224365,0.014727413654327393,0.03270310163497925,0.0105055570602417,0.018564939498901367,-0.009385347366333008,-0.02109551429748535,-0.0043038129806518555,0.008252978324890137,0.0027454495429992676,0.017362594604492188,-0.0001932382583618164,0.02085089683532715,-0.00917428731918335
2024-07-24,-0.006332755088806152,-0.004168868064880371,-0.00965338945388794,-0.016250133514404297,-0.029381155967712402,0.023888230323791504,0.03314626216888428,0.008606135845184326,-0.010254859924316406,0.0004892349243164062,0.008744478225708008,-0.007154881954193115,0.05704450607299805,0.0042729973793029785,-0.021281898021697998,-0.0027953386306762695,0.014745533466339111,0.03438287973403931,-0.006364583969116211,-0.006269276142120361
2024-07-25,0.000506281852722168,0.0014499425888061523,-0.0002716183662414551,0.013257741928100586,0.002605915069580078,0.018468022346496582,-0.02019554376602173,0.0049784183502197266,-0.0012688636779785156,-0.015892446041107178,-0.021194815635681152,-0.004898726940155029,-0.012849092483520508,1.239776611328125e-05,0.0002573728561401367,-0.01357889175415039,0.034949302673339844,0.003900766372680664,0.0036139488220214844,-0.014170646667480469
2024-07-26,-0.023954272270202637,-0.034356117248535156,-0.0004603266716003418,-0.016307711601257324,0.0011988282203674316,-0.011259138584136963,0.01780712604522705,-0.030590415000915527,-0.020434021949768066,0.04993784427642822,0.013780772686004639,0.004638314247131348,0.009892463684082031,-0.04962444305419922,0.008296847343444824,-0.023481011390686035,-0.07574069499969482,-0.013053536415100098,-0.02195286750793457,-0.027764081954956055
2024-07-29,-0.011802911758422852,-0.04210817813873291,-0.04877316951751709,-0.017963409423828125,-0.03406786918640137,0.026541948318481445,-0.08062028884887695,-0.009448647499084473,-0.012418508529663086,-0.011476576328277588,0.004237949848175049,0.011400461196899414,0.030073881149291992,-0.045127153396606445,0.00523066520690918,-0.02153778076171875,0.007454335689544678,-0.05808305740356445,-0.026057720184326172,-0.01657235622406006
2024-07-30,-0.03772008419036865,0.009633004665374756,-0.00025916099548339844,-0.024487018585205078,0.011755585670471191,0.02677321434020996,0.023069560527801514,0.003439664840698242,-0.03219866752624512,0.03076004981994629,-0.010617852210998535,-0.05610787868499756,-0.10760760307312012,0.0027292370796203613,0.0013325214385986328,-0.01725757122039795,0.0017684698104858398,0.02913343906402588,-0.011742234230041504,-0.02129673957824707
2024-07-31,-0.008144855499267578,-0.022475481033325195,-0.001324295997619629,-0.0025159120559692383,-0.0010238885879516602,0.004760146141052246,0.0033388137817382812,-0.03404200077056885,-7.426738739013672e-05,-0.0032512545585632324,-0.021475553512573242,-0.007902145385742188,0.020183801651000977,-0.010467886924743652,0.009632468223571777,-0.03626060485839844,0.0075833797454833984,-0.0010613203048706055,-0.007332444190979004,-0.012640714645385742
2024-08-01,0.009815037250518799,0.015499293804168701,0.010019421577453613,-0.0073359012603759766,0.017027735710144043,-0.0010995268821716309,0.029723525047302246,-0.0027028322219848633,0.013813555240631104,0.043219923973083496,-0.001825571060180664,0.030189812183380127,-0.06641042232513428,0.004085123538970947,-0.020461976528167725,0.007561743259429932,0.005884051322937012,0.009831249713897705,0.014200866222381592,0.020318925380706787
2024-08-02,0.0041806697845458984,0.006839096546173096,0.0017787814140319824,-0.006995081901550293,-0.00321352481842041,0.002282381057739258,0.03666043281555176,0.020282864570617676,0.0349423885345459,0.043551087379455566,0.013556420803070068,0.021702587604522705,-0.08663678169250488,0.03031057119369507,0.0041010379791259766,-0.03889667987823486,0.007798612117767334,0.005840599536895752,0.01517552137374878,-0.04073655605316162
2024-08-05,0.04306614398956299,0.010961472988128662,-0.034489452838897705,0.05243128538131714,0.015467226505279541,-0.04602789878845215,0.020070314407348633,-0.03536146879196167,0.045727670192718506,-0.031246662139892578,0.03300851583480835,0.04166436195373535,-0.019766569137573242,0.01596200466156006,-0.019463956356048584,-0.019739985466003418,0.02928638458251953,0.03368252515792847,0.03104877471923828,-0.01735508441925049
2024-08-06,-0.01719510555267334,-0.007274031639099121,0.020339131355285645,0.011849761009216309,0.0033774971961975098,0.023464083671569824,0.001329958438873291,0.02100956439971924,0.010794103145599365,0.04992818832397461,0.0005834102630615234,-0.002907991409301758,-0.0026017427444458008,-0.012860417366027832,-0.005792379379272461,0.006449580192565918,0.013544976711273193,0.0013173222541809082,0.019368648529052734,0.00996541976928711
2024-08-07,-0.04925215244293213,-0.03539860248565674,0.025389552116394043,-0.05121958255767822,-0.011006355285644531,0.026416420936584473,-0.010387539863586426,0.01120460033416748,-0.03860461711883545,0.004523873329162598,-0.00214231014251709,-0.03919506072998047,-0.0002595186233520508,-0.0369189977645874,-0.03194558620452881,0.040639638900756836,-0.0033136606216430664,-0.024756550788879395,-0.019557595252990723,0.024619102478027344
2024-08-08,0.0085526704788208,0.004013001918792725,-0.002858459949493408,0.007830619812011719,-0.009195208549499512,-0.015245318412780762,-0.006062984466552734,0.023836493492126465,0.005491912364959717,-0.020737290382385254,0.019297242164611816,0.014548122882843018,-0.04293680191040039,-0.007925868034362793,-0.0049479007720947266,-0.020462512969970703,-0.005891203880310059,-0.009801983833312988,0.021983802318572998,0.002002239227294922
2024-08-09,-0.0009362697601318359,0.002073943614959717,-0.047071635723114014,-0.01822078227996826,-0.03224027156829834,0.006889700889587402,-0.019716978073120117,0.00787353515625,-0.006482601165771484,0.01850271224975586,-0.0044640302658081055,-0.00021135807037353516,0.015174150466918945,-0.006831645965576172,0.011109709739685059,0.00652313232421875,-0.005316615104675293,-0.012648344039916992,-0.011457324028015137,0.012465476989746094
2024-08-12,0.018372535705566406,0.01583099365234375,-0.034696757793426514,-0.009090900421142578,-0.02382361888885498,-0.019731223583221436,-0.026016592979431152,-0.007139146327972412,-0.003975868225097656,-0.008820712566375732,0.00838160514831543,0.02346348762512207,0.022985637187957764,0.010406255722045898,0.025979816913604736,0.005815267562866211,0.014380216598510742,-0.04018199443817139,-0.006383776664733887,0.018890976905822754
2024-08-13,-0.15449535846710205,0.028755664825439453,-0.024428367614746094,-0.0708392858505249,0.009890139102935791,-0.055659592151641846,0.028049051761627197,-0.018565475940704346,0.01774120330810547,-0.03824561834335327,0.025278687477111816,0.05476069450378418,0.030635952949523926,0.015255570411682129,0.0015073418617248535,-0.018473803997039795,0.011889994144439697,0.019640803337097168,0.019649922847747803,-0.023060619831085205
2024-08-14,-0.035659730434417725,-0.010314345359802246,0.0013840198516845703,-0.007858753204345703,0.017123878002166748,-0.0004038810729980469,0.03362542390823364,0.004564046859741211,0.013062357902526855,0.025005578994750977,0.036891400814056396,0.012038230895996094,-0.03160417079925537,0.00890648365020752,0.005381941795349121,-0.011622190475463867,-0.00980234146118164,-0.018610000610351562,0.007784008979797363,-0.01661783456802368
2024-08-16,0.007095217704772949,-0.02407395839691162,-0.0102769136428833,0.010287046432495117,-0.04281485080718994,0.019022464752197266,-0.01479804515838623,0.02433037757873535,-0.0013889074325561523,-0.0007522702217102051,-0.006093263626098633,-0.026964306831359863,-0.04601871967315674,-0.02357935905456543,-0.008776545524597168,-0.004234015941619873,-0.03295433521270752,-0.0036352872848510742,-0.022162318229675293,0.019299030303955078
2024-08-19,0.02362203598022461,0.009298145771026611,0.004960417747497559,0.012015104293823242,0.010740160942077637,-0.009152650833129883,-0.01635575294494629,-0.014444112777709961,0.000652611255645752,0.05022585391998291,-0.03180801868438721,0.013128161430358887,-0.03015315532684326,0.025447964668273926,0.00026160478591918945,-0.0020353198051452637,0.010497808456420898,0.015324592590332031,-0.010169267654418945,0.01309347152709961
2024-08-20,0.006315827369689941,-0.005980014801025391,0.00579226016998291,0.016903042793273926,-0.004968881607055664,0.005323171615600586,-0.03819549083709717,-0.02787560224533081,-0.013388872146606445,-0.00901174545288086,0.0018153786659240723,-0.002438068389892578,-0.015594959259033203,-0.0008442401885986328,-0.0032061338424682617,-0.0010701417922973633,-0.007494688034057617,-0.012544870376586914,-0.0063631534576416016,0.00994884967803955
2024-08-21,0.0007240772247314453,-0.013984918594360352,0.0223691463470459,0.03641045093536377,-0.0071163177490234375,0.022269845008850098,-0.01593625545501709,-0.02629941701889038,-0.014823079109191895,-0.0006200671195983887,0.011976182460784912,-0.0040738582611083984,-0.052445054054260254,-0.009555697441101074,0.0028045177459716797,0.0026884078979492188,0.02011924982070923,-0.013041496276855469,-0.00250089168548584,0.0037747621536254883
2024-08-22,0.0053871870040893555,0.008793771266937256,-0.01022106409072876,-0.0031504034996032715,-0.011124134063720703,-0.0009478330612182617,0.00998777151107788,-0.0013137459754943848,-0.0016671419143676758,0.00020682811737060547,0.0048062801361083984,-0.009674072265625,-0.012121200561523438,-0.013608455657958984,-0.02269601821899414,0.021349549293518066,-0.01374518871307373,0.002758622169494629,-0.021792292594909668,0.019077301025390625
2024-08-23,-0.007037758827209473,0.01566469669342041,-0.0051354169845581055,-0.025186657905578613,0.018551290035247803,-0.044068336486816406,-0.008850693702697754,0.003257274627685547,0.0037248730659484863,-0.08994114398956299,-0.0012331008911132812,0.01271522045135498,-0.10966956615447998,0.0017049908638000488,0.01362234354019165,-0.016758203506469727,-0.021865248680114746,0.018072843551635742,0.01211470365524292,-0.009450078010559082
2024-08-26,0.009745478630065918,-0.018430352210998535,0.0021860599517822266,-0.009136497974395752,-0.00297391414642334,-0.0006912350654602051,0.003558337688446045,0.010988950729370117,-0.013443708419799805,0.00018978118896484375,0.0019704699516296387,-0.004024624824523926,0.03317677974700928,0.0034725069999694824,-0.007780551910400391,0.01923203468322754,0.009441912174224854,0.01587003469467163,-0.0007926225662231445,0.0065419673919677734
2024-08-27,0.021296977996826172,0.002029597759246826,0.0159299373626709,0.022704720497131348,0.006329476833343506,0.017931222915649414,-0.008681297302246094,0.009711623191833496,-0.007613778114318848,-0.006830573081970215,0.001035153865814209,0.00453794002532959,0.009198963642120361,-0.012122154235839844,0.0030239224433898926,0.006716489791870117,0.006457626819610596,-0.010305404663085938,-0.01271963119506836,0.009568452835083008
2024-08-28,0.0008591413497924805,0.002147495746612549,-0.0027661919593811035,-0.0011633038520812988,0.0038161277770996094,0.005889296531677246,0.008789598941802979,0.0016820430755615234,0.0074005126953125,-0.0032035112380981445,0.001997053623199463,1.519918441772461e-05,-0.0204465389251709,-0.011337876319885254,0.005162596702575684,-0.006475985050201416,0.005404353141784668,-0.0010389089584350586,0.010259509086608887,-0.008404910564422607
2024-08-29,-0.018806040287017822,0.007399499416351318,-0.007299900054931641,-0.012132465839385986,0.00639420747756958,-0.001420438289642334,-0.004002690315246582,-0.02088332176208496,-0.0003924369812011719,0.01418238878250122,0.010197460651397705,0.0032518506050109863,0.015640974044799805,0.010123968124389648,0.0007783770561218262,0.0005120038986206055,-0.0009232759475708008,0.009717941284179688,0.0021846890449523926,-0.0004508495330810547
2024-08-30,-0.00262451171875,-0.01615917682647705,-0.004361569881439209,0.02220475673675537,-0.019363999366760254,0.009922146797180176,-0.017419099807739258,-0.009853541851043701,-0.011453747749328613,0.002953469753265381,-0.0038973093032836914,-0.005701780319213867,-0.015474081039428711,-0.007169365882873535,-0.013762593269348145,0.00954592227935791,-0.0308762788772583,0.02562880516052246,-0.008711457252502441,0.03554356098175049
2024-09-02,-0.0002391338348388672,0.011578381061553955,0.0039751529693603516,0.016628146171569824,0.008474349975585938,0.00024044513702392578,0.00012063980102539062,0.0010391473770141602,-0.01597762107849121,0.002197861671447754,0.004062056541442871,0.0007275938987731934,0.0020453929901123047,-0.018329620361328125,-0.012487173080444336,0.010021090507507324,-0.0316011905670166,-0.0021511316299438477,-0.0013854503631591797,0.0019165277481079102
2024-09-03,-0.006061673164367676,-0.00659024715423584,0.008584022521972656,-0.0007562637329101562,0.00639575719833374,0.007624268531799316,0.010852515697479248,-0.0041054487228393555,0.01114588975906372,-0.017142295837402344,-0.0041828155517578125,-0.009754180908203125,-0.03258860111236572,0.008311808109283447,-0.0036051273345947266,-0.0016600489616394043,0.017274975776672363,0.009952187538146973,-0.022275567054748535,0.004521369934082031
2024-09-04,-0.021665871143341064,0.0012867450714111328,0.020476579666137695,0.005298495292663574,0.004964768886566162,0.018660902976989746,-0.015482187271118164,0.0007739067077636719,-0.013896346092224121,-0.001694798469543457,0.0033074617385864258,-0.0025539398193359375,-0.012703537940979004,0.008370399475097656,-0.013045072555541992,0.006303191184997559,-0.015041232109069824,-0.023652195930480957,0.02427142858505249,0.009434700012207031
2024-09-05,0.012221097946166992,-0.009290337562561035,-0.008293986320495605,-0.0330352783203125,0.002030611038208008,0.003329157829284668,-0.005942344665527344,-0.11245083808898926,-0.013705968856811523,-0.011185288429260254,-0.03294849395751953,-0.0035065412521362305,0.03724032640457153,-0.0018104314804077148,0.001804053783416748,0.006225228309631348,0.01450127363204956,0.00462108850479126,0.00013875961303710938,0.01783573627471924
2024-09-06,-0.02017664909362793,0.013003051280975342,-0.017021656036376953,-0.02413862943649292,0.016830384731292725,-0.023193717002868652,-0.008353710174560547,-0.08075356483459473,0.011868119239807129,0.015058636665344238,0.007218301296234131,0.014932751655578613,0.02880704402923584,-0.02290487289428711,-0.007603168487548828,-0.04179871082305908,-0.014016151428222656,-0.04120314121246338,0.022751450538635254,-0.014406025409698486
2024-09-09,-0.022411465644836426,-0.008197546005249023,-0.009542107582092285,0.0052863359451293945,-0.009342670440673828,0.004608869552612305,0.0008876323699951172,-0.04400217533111572,0.011858582496643066,-0.0008493661880493164,0.0013403892517089844,-0.016098856925964355,0.0016769766807556152,-0.000867009162902832,-0.012493729591369629,0.00801098346710205,0.013718068599700928,0.011983275413513184,0.004353344440460205,-0.00888967514038086
2024-09-10,0.008036494255065918,-0.006049394607543945,-0.03444039821624756,0.015477657318115234,0.0003514885902404785,0.009039521217346191,0.00272446870803833,0.012008070945739746,-0.010385394096374512,-0.06148040294647217,-0.05614268779754639,-0.0041027069091796875,-0.02404201030731201,-0.015896916389465332,0.013011634349822998,0.0027676820755004883,0.0060929059982299805,-0.14488530158996582,-0.010265588760375977,0.02449333667755127
2024-09-11,-0.042212069034576416,0.01719522476196289,-0.00021564960479736328,-0.018466055393218994,0.005157172679901123,-0.016805827617645264,0.030110478401184082,-0.026700615882873535,-0.03548043966293335,0.004619300365447998,0.013485372066497803,0.018721044063568115,0.007381618022918701,0.014326333999633789,-0.007117629051208496,-0.02119356393814087,-0.017581701278686523,0.045741915702819824,-0.030719339847564697,-0.013216674327850342
2024-09-12,-0.00455629825592041,-0.016821980476379395,-0.005807042121887207,0.010750651359558105,0.0030632615089416504,0.0012845993041992188,0.009552359580993652,-0.06515192985534668,0.005762457847595215,-0.005890250205993652,0.01280432939529419,0.007161855697631836,-0.0015492439270019531,-0.004358172416687012,-0.004670619964599609,0.0023365020751953125,-0.00989067554473877,-0.018244385719299316,0.013055801391601562,0.006312966346740723
2024-09-13,0.0016723871231079102,0.004046797752380371,0.0051915645599365234,-9.85264778137207e-05,-0.001211404800415039,0.002685546875,-0.0021638870239257812,-0.021680712699890137,0.0014913082122802734,-0.0181882381439209,-0.08473598957061768,0.0027909278869628906,0.005568742752075195,-0.0035855770111083984,-0.012356162071228027,-0.008761346340179443,0.0007288455963134766,-0.0003380775451660156,0.009629607200622559,-0.005595088005065918
2024-09-16,0.005272388458251953,0.007831275463104248,-0.0005080699920654297,0.013592004776000977,-0.006314873695373535,-0.0023712515830993652,-0.03177046775817871,-0.021744489669799805,-0.008385539054870605,-0.03398394584655762,-0.010839223861694336,-0.0012999773025512695,-0.04770302772521973,0.0008046627044677734,0.0015709996223449707,-0.011960744857788086,0.030505716800689697,-0.0009293556213378906,-0.011340916156768799,0.0039215087890625
2024-09-17,-0.014685332775115967,0.00726008415222168,-0.0023849010467529297,0.009231328964233398,-0.005894064903259277,-0.007096588611602783,0.016083717346191406,0.0179595947265625,-0.0030032992362976074,-0.07980787754058838,0.0284845232963562,0.004276573657989502,0.00900721549987793,-0.007795453071594238,0.010772228240966797,-0.0023595690727233887,-0.002326488494873047,-0.0357053279876709,-0.010463178157806396,-0.005180001258850098
2024-09-18,-0.004169583320617676,0.020179927349090576,0.01245647668838501,0.0037550926208496094,-0.008658170700073242,-0.00585561990737915,0.012761294841766357,0.016982614994049072,0.0034879446029663086,-0.03277921676635742,-0.02287912368774414,0.014219284057617188,-0.06342387199401855,0.008076190948486328,-0.023491978645324707,-0.0176047682762146,0.004734814167022705,0.02029341459274292,-0.012853443622589111,-0.009048223495483398
2024-09-19,0.008908629417419434,0.0004425644874572754,0.005315840244293213,-0.08134293556213379,-0.032138705253601074,-0.021412253379821777,0.0015388131141662598,0.037312090396881104,-0.013192236423492432,0.0025693774223327637,0.02063751220703125,-0.009943008422851562,0.035972535610198975,-0.002932429313659668,0.01616346836090088,0.0057152509689331055,-0.01156759262084961,0.024207592010498047,0.004815220832824707,-0.017055749893188477
2024-09-20,0.013333320617675781,0.0013085007667541504,0.023947715759277344,0.004489898681640625,-0.009107768535614014,0.006975054740905762,-0.028111696243286133,-0.017345905303955078,-0.002561628818511963,0.028714299201965332,-0.0091094970703125,-0.018319010734558105,-0.009840250015258789,-0.01016378402709961,0.013316869735717773,0.007368803024291992,-0.02073538303375244,0.04705876111984253,0.0031294822692871094,-0.01296985149383545
2024-09-23,0.002004265785217285,0.004230678081512451,0.0012727975845336914,0.022245407104492188,0.008016109466552734,0.008491277694702148,0.0068356990814208984,-0.03676497936248779,0.02512037754058838,-0.009204387664794922,-0.049426913261413574,-0.01882171630859375,-0.007911205291748047,0.005587399005889893,0.0024944543838500977,0.008368849754333496,0.006158232688903809,-0.013955950736999512,0.008189558982849121,0.009766459465026855
2024-09-24,0.02374112606048584,0.010074853897094727,0.005169808864593506,0.01962578296661377,-0.005710124969482422,-0.002231299877166748,0.0040451884269714355,0.020335018634796143,0.005871772766113281,0.00301438570022583,0.0044381022453308105,-0.004796743392944336,-0.01541125774383545,0.015438258647918701,-0.009224951267242432,-0.00305330753326416,-0.0349421501159668,0.005470335483551025,0.0153273344039917,0.01846480369567871
2024-09-25,-0.002803206443786621,0.006811380386352539,-0.007170557975769043,0.028522968292236328,-0.011245429515838623,-0.01135629415512085,-0.011033058166503906,0.012352168560028076,0.0010117292404174805,-0.023490190505981445,-0.017204761505126953,0.001034557819366455,-0.0023567676544189453,-0.0007039308547973633,-0.002511441707611084,0.007913708686828613,-0.020534515380859375,0.015613913536071777,0.007714748382568359,-0.006993114948272705
2024-09-26,-0.00766676664352417,-0.007184386253356934,-0.0019358396530151367,-0.014641761779785156,-0.006112337112426758,-0.0034990906715393066,0.0067154765129089355,-0.001857161521911621,0.0040433406829833984,0.004847705364227295,0.011500418186187744,-0.0011096000671386719,-0.01984381675720215,-0.0007683038711547852,0.010071277618408203,0.002651214599609375,-0.010372042655944824,0.011085033416748047,-0.0034025907516479492,0.0026082992553710938
2024-09-27,0.001631021499633789,-0.01353907585144043,-0.006259560585021973,0.033753156661987305,0.013982772827148438,-0.027328014373779297,-0.018592357635498047,-0.00890505313873291,0.010841846466064453,-7.605552673339844e-05,0.018543779850006104,-0.013581395149230957,-0.0550534725189209,-0.00625002384185791,0.022434234619140625,0.0013424158096313477,0.002278447151184082,-0.02086937427520752,0.012091636657714844,0.0158689022064209
2024-09-30,-0.0007713437080383301,-0.00318300724029541,-0.01747143268585205,0.007996201515197754,0.010651826858520508,-0.0036596059799194336,-0.016652822494506836,0.006175041198730469,0.0006128549575805664,-0.007154345512390137,-0.007342696189880371,-0.0035284757614135742,-0.009701967239379883,-0.0006017684936523438,-0.0011892914772033691,0.014746785163879395,0.01755303144454956,0.0058917999267578125,0.02239513397216797,0.004097342491149902
2024-10-01,0.0069473981857299805,-0.04061722755432129,-0.029352188110351562,0.034091949462890625,-0.03185737133026123,-0.017130374908447266,-0.013290643692016602,-0.010917305946350098,-0.03514277935028076,-0.008992552757263184,0.009304463863372803,-0.0467984676361084,0.011080265045166016,-0.016237974166870117,-0.005715310573577881,-0.006605684757232666,-0.0006852149963378906,-0.015984296798706055,-0.038035035133361816,0.013176918029785156
2024-10-03,-0.04148209095001221,0.02318042516708374,0.015598535537719727,-0.029862940311431885,-0.033969879150390625,0.02303081750869751,0.023241102695465088,0.01088041067123413,0.03143489360809326,0.03482621908187866,0.02059805393218994,-0.03945976495742798,0.028098702430725098,0.014985144138336182,-0.012095034122467041,-0.02432149648666382,0.013442814350128174,0.03040480613708496,-0.0003973245620727539,-0.025423765182495117
2024-10-04,-0.020438969135284424,0.01616358757019043,-0.022163867950439453,-0.06194108724594116,-0.029593229293823242,0.020873725414276123,0.0021792054176330566,0.04854077100753784,-0.046811819076538086,0.015053868293762207,0.028750181198120117,-0.011819899082183838,0.024227678775787354,0.015706658363342285,-0.02757740020751953,-0.029182136058807373,-0.03801840543746948,-0.0037374496459960938,0.00388336181640625,-0.010159313678741455
2024-10-07,-0.036650657653808594,0.023041129112243652,0.008070945739746094,-0.037531375885009766,-0.0331193208694458,0.02328091859817505,-0.05377167463302612,0.017009854316711426,-0.021711230278015137,-0.05577880144119263,0.005871415138244629,-0.028733551502227783,-0.0729185938835144,0.019565105438232422,-0.01732736825942993,-0.018103718757629395,-0.016835808753967285,0.05249291658401489,-0.04518669843673706,-0.031660377979278564
2024-10-08,0.012995481491088867,-0.04116654396057129,-0.007499098777770996,0.03367745876312256,0.0050438642501831055,-0.010135173797607422,0.026386380195617676,-0.032643914222717285,0.012857317924499512,0.013934016227722168,-0.02518439292907715,0.006865143775939941,-0.004878580570220947,-0.016275763511657715,0.010148406028747559,0.008926153182983398,-0.04717361927032471,-0.05060851573944092,0.007469892501831055,-0.006018221378326416
2024-10-09,-0.014409244060516357,-0.011025547981262207,-0.015142679214477539,-0.0006052255630493164,0.023123621940612793,0.002992093563079834,0.0004254579544067383,-0.057710886001586914,0.011885523796081543,0.03522062301635742,-0.008264303207397461,0.006205320358276367,0.014907479286193848,-0.007558941841125488,-0.003390669822692871,0.0026628971099853516,0.003153502941131592,0.015600740909576416,0.018098950386047363,0.0013555288314819336
2024-10-10,-0.005942225456237793,-0.007877111434936523,0.0007569789886474609,0.004743695259094238,0.01086580753326416,0.0042231082916259766,-0.015308856964111328,-0.06758689880371094,0.0016779899597167969,0.0010334253311157227,-0.01300358772277832,0.007697701454162598,0.024152159690856934,0.009424030780792236,-0.011592686176300049,0.003298163414001465,-0.005285739898681641,-0.008526325225830078,0.041480064392089844,0.011821985244750977
2024-10-11,0.004269838333129883,0.010343432426452637,0.0027331113815307617,-0.0005022883415222168,0.0066950321197509766,-0.02131342887878418,0.0030230283737182617,-0.007318019866943359,-0.0012763142585754395,0.013817071914672852,0.021144330501556396,-0.0014304518699645996,-0.02088749408721924,0.008384764194488525,-0.008732855319976807,0.002753734588623047,-0.0018765926361083984,-0.0018378496170043945,0.0277101993560791,-0.0023189187049865723
2024-10-14,0.007747530937194824,-0.005279660224914551,0.013844549655914307,0.008743762969970703,-0.007840394973754883,-0.0065909624099731445,-0.0007381439208984375,0.020505547523498535,0.0,-0.004072964191436768,0.002853572368621826,-0.00977635383605957,-0.021529734134674072,-0.009096741676330566,0.006816267967224121,-0.002511918544769287,0.0017979741096496582,0.010273277759552002,-0.06643563508987427,-0.007598757743835449
2024-10-15,0.010688185691833496,0.011846780776977539,0.006441712379455566,0.004483461380004883,0.003259420394897461,-0.029614686965942383,0.024005889892578125,-0.005176544189453125,-0.003115057945251465,0.0211561918258667,-0.029478788375854492,0.001998424530029297,0.009544849395751953,0.0015006661415100098,0.01034688949584961,0.0036493539810180664,-0.0078200101852417,-0.025208473205566406,-0.004979610443115234,-0.007837116718292236
2024-10-16,-0.008998095989227295,-0.006871700286865234,-0.031011343002319336,-0.0049593448638916016,-0.0020228028297424316,-0.022812485694885254,-0.025186359882354736,-0.011630654335021973,-0.002804279327392578,0.016789793968200684,-0.010491371154785156,0.030348539352416992,-0.0036823153495788574,-0.0066149234771728516,0.005120396614074707,-0.019265055656433105,-0.011939644813537598,-0.03299582004547119,0.00122833251953125,-0.009170114994049072
2024-10-17,-0.02489948272705078,0.016627907752990723,0.013822853565216064,-0.002591729164123535,-0.022295892238616943,-0.04359060525894165,-0.00524139404296875,-0.0011550188064575195,-0.007231235504150391,-0.05574911832809448,0.006407022476196289,-0.037919819355010986,-0.03945660591125488,-0.027255535125732422,-0.008050322532653809,-0.018711328506469727,0.03024113178253174,0.009101152420043945,-0.024083256721496582,-0.02657383680343628
2024-10-18,0.0065277814865112305,-0.001978278160095215,0.016812443733215332,-0.01449131965637207,0.01840674877166748,-0.010230958461761475,-0.005392968654632568,-0.003226161003112793,0.0037229061126708984,-0.005374550819396973,0.001827836036682129,0.013708710670471191,0.003743767738342285,0.021891117095947266,0.009383797645568848,-0.027729272842407227,-0.022181034088134766,0.032058656215667725,0.013270020484924316,0.0027298927307128906
2024-10-21,-0.026704788208007812,0.022175073623657227,-0.012978911399841309,-0.011763513088226318,-0.009777307510375977,-0.022170186042785645,-0.014085352420806885,-0.024916648864746094,-0.00282210111618042,-0.01338815689086914,0.025035083293914795,-0.0192110538482666,-0.036261916160583496,-0.0352138876914978,-0.009547710418701172,0.02053147554397583,0.013736844062805176,0.037682533264160156,-0.09273052215576172,-0.017649173736572266
2024-10-22,-0.0427241325378418,0.02304631471633911,-0.03957873582839966,-0.012211441993713379,-0.02413952350616455,-0.04525560140609741,-0.03457874059677124,0.02117335796356201,-0.007519960403442383,-0.060165226459503174,0.029862701892852783,-0.02712339162826538,-0.05934208631515503,-0.018431425094604492,-0.008308053016662598,-0.04383319616317749,0.04093247652053833,0.04759645462036133,0.03843563795089722,-0.02761852741241455
2024-10-23,0.009212851524353027,-0.02228391170501709,-0.007940232753753662,-0.023789703845977783,0.023076891899108887,0.03183937072753906,0.00897073745727539,-0.06859838962554932,-0.004562497138977051,-0.005392670631408691,-0.005839824676513672,0.026839494705200195,0.046514272689819336,0.0076754093170166016,-0.011702954769134521,0.03218388557434082,-0.005613803863525391,-0.030662059783935547,0.016137540340423584,0.0026535987854003906
2024-10-24,0.024140357971191406,-0.006934523582458496,0.001244664192199707,0.0040438175201416016,0.023180365562438965,-0.006617367267608643,0.003115057945251465,-0.02568608522415161,0.000491023063659668,0.011805891990661621,0.002658367156982422,0.03145933151245117,-0.03691166639328003,-0.007180333137512207,0.009965062141418457,0.004047751426696777,0.04040241241455078,0.0032840967178344727,0.015646517276763916,0.006077289581298828
2024-10-25,-0.03218775987625122,0.031458258628845215,-0.00500410795211792,-0.027662932872772217,-0.025582432746887207,-0.016819477081298828,-0.014685869216918945,-0.029486000537872314,-0.055628299713134766,-0.04433882236480713,0.03920942544937134,-0.03217059373855591,-0.02710062265396118,0.0015621185302734375,0.018388032913208008,-0.02232760190963745,-0.003774404525756836,0.04157382249832153,0.0383833646774292,-0.024356961250305176
2024-10-28,-0.04502665996551514,-0.03181159496307373,0.021453261375427246,-0.03030306100845337,0.002221822738647461,0.007786154747009277,0.00032830238342285156,-0.018017053604125977,0.012907147407531738,0.033915162086486816,0.016357839107513428,0.02444159984588623,0.04417252540588379,0.007417440414428711,-0.00547337532043457,0.02281486988067627,0.016287803649902344,-0.040242671966552734,-0.02526414394378662,0.01887357234954834
2024-10-29,-0.008323431015014648,0.009495973587036133,0.0020902156829833984,0.03540921211242676,0.004152655601501465,0.005515933036804199,0.008664250373840332,0.017488479614257812,0.019498825073242188,-0.005948126316070557,-0.002095341682434082,-0.01379173994064331,-0.01473379135131836,0.011743783950805664,-0.016637146472930908,0.0014176368713378906,-0.004220724105834961,-0.07523322105407715,-0.004167914390563965,0.005292534828186035
2024-10-30,0.004467308521270752,-0.018922924995422363,-0.01590651273727417,0.028552889823913574,0.023599982261657715,0.001883864402770996,0.03780829906463623,0.025293469429016113,0.012834548950195312,-0.0013199448585510254,-0.01758408546447754,-0.0003597140312194824,-0.017673075199127197,0.019179463386535645,0.014345526695251465,0.0006636381149291992,-0.02009129524230957,-0.022509455680847168,-0.032430291175842285,0.021741271018981934
2024-10-31,0.0032191872596740723,-0.017008662223815918,-0.04028737545013428,0.020899295806884766,0.013760685920715332,-0.027966678142547607,0.01147472858428955,0.013622879981994629,0.0008282661437988281,0.009868621826171875,0.0013242363929748535,-0.0014244318008422852,-0.052127718925476074,-0.0015681982040405273,-0.0024733543395996094,-0.008311450481414795,0.029922544956207275,-0.013703465461730957,-0.01515352725982666,0.013549566268920898
2024-11-01,-0.02906632423400879,-0.0012816190719604492,-0.004316449165344238,0.0012407302856445312,0.013873457908630371,0.0037741661071777344,0.007501125335693359,-0.002123892307281494,0.0024826526641845703,0.005671381950378418,-0.02407693862915039,0.008799195289611816,0.05450785160064697,0.0033975839614868164,0.004132509231567383,0.004079103469848633,-0.016495585441589355,0.004709601402282715,-0.0050917863845825195,0.008567214012145996
2024-11-04,0.03937232494354248,0.008723974227905273,-0.010083436965942383,-0.014663398265838623,-0.03383970260620117,0.0005290508270263672,-0.0369185209274292,-0.008618474006652832,-0.030378103256225586,-0.02863091230392456,0.01597154140472412,-0.01244354248046875,-0.0356525182723999,-0.008903741836547852,-0.012093186378479004,-0.00248640775680542,0.04915010929107666,0.01743769645690918,0.02511364221572876,-0.010267913341522217
2024-11-05,-0.011384963989257812,-0.00978994369506836,-0.006397366523742676,0.014671921730041504,0.021167874336242676,0.01792168617248535,0.03609764575958252,-0.00037544965744018555,0.010556817054748535,0.047963619232177734,-0.012166619300842285,0.017559170722961426,0.01340031623840332,0.016634345054626465,-0.0051271915435791016,0.023345351219177246,-0.013132452964782715,-0.011058449745178223,-0.0035976171493530273,0.011506080627441406
2024-11-06,-0.02084970474243164,-0.016120314598083496,0.0084114670753479,0.03986775875091553,0.0341191291809082,-0.05602765083312988,0.026268839836120605,0.01483464241027832,0.02156698703765869,0.001960277557373047,-0.0171051025390625,0.03560841083526611,0.04616284370422363,0.016813993453979492,-0.024544239044189453,0.019094109535217285,-0.019301176071166992,0.0046749114990234375,-0.018366098403930664,0.014732003211975098
2024-11-07,0.01227349042892456,-0.006060361862182617,0.009504079818725586,0.02433454990386963,0.030038833618164062,0.01057589054107666,0.021931171417236328,-0.004741549491882324,0.01608109474182129,-0.01896899938583374,0.018895208835601807,0.012886881828308105,-0.026520729064941406,0.0174027681350708,0.007042288780212402,0.015108466148376465,-0.0006170272827148438,-0.0002658367156982422,0.026335299015045166,-0.0001838207244873047
2024-11-08,-0.07892435789108276,0.018575549125671387,0.007149398326873779,-0.06399697065353394,-0.014595448970794678,0.04891687631607056,-0.01705080270767212,-0.03190791606903076,-0.0293806791305542,-0.039105236530303955,0.03242802619934082,0.0007060766220092773,-0.028170645236968994,-0.028128623962402344,0.010384917259216309,-0.030482053756713867,0.006611526012420654,0.029148519039154053,0.01673734188079834,-0.016910254955291748
2024-11-11,-0.07303959131240845,-0.04954028129577637,0.031683921813964844,-0.0059049129486083984,-0.0084189772605896,0.021002531051635742,-0.0263788104057312,0.015639662742614746,-0.019566893577575684,-0.01831793785095215,0.029449045658111572,-0.02312791347503662,-0.0140761137008667,0.008164525032043457,0.008318424224853516,-0.005095541477203369,-0.005295753479003906,0.02308821678161621,0.004493832588195801,-0.0760960578918457
2024-11-12,0.012507081031799316,-0.009553253650665283,0.01128000020980835,0.008649468421936035,-0.0038854479789733887,0.018726229667663574,0.0036247968673706055,-0.01875513792037964,-0.028656721115112305,-0.021141648292541504,0.04489201307296753,-0.04025822877883911,-0.021294593811035156,-0.01104426383972168,0.019099295139312744,-0.01793646812438965,0.017998933792114258,0.01251751184463501,0.022069275379180908,0.024486541748046875
2024-11-13,-0.037282466888427734,-0.026639282703399658,0.037456393241882324,-0.045459210872650146,-0.026321887969970703,0.03082120418548584,-0.05399113893508911,-0.02826690673828125,-0.07498466968536377,-0.0541834831237793,0.04295217990875244,-0.016330301761627197,-0.04771918058395386,-0.022587895393371582,0.017037153244018555,-0.024478018283843994,0.033069908618927,0.03367704153060913,0.029094934463500977,-0.023407399654388428
2024-11-14,0.022395849227905273,0.010753631591796875,0.03058987855911255,0.017101407051086426,0.018398165702819824,-0.05810868740081787,0.011388659477233887,0.01728987693786621,0.01689612865447998,-0.011616349220275879,-0.01930367946624756,0.012883186340332031,0.020251870155334473,-0.040686845779418945,-0.011041998863220215,0.01697075366973877,-0.0330500602722168,-0.01987278461456299,-0.016712307929992676,0.020125389099121094
2024-11-18,-0.015972614288330078,-0.017540276050567627,0.034983038902282715,-0.011812329292297363,0.0030012130737304688,0.02622699737548828,-0.01893794536590576,-0.025914311408996582,0.007747530937194824,0.0012054443359375,0.04061204195022583,-0.015151500701904297,-0.017050564289093018,-0.017185330390930176,0.0007943511009216309,-0.02498650550842285,0.02819085121154785,0.0088309645652771,-0.0003777742385864258,0.021116256713867188
2024-11-19,0.008463740348815918,0.01515662670135498,0.003657698631286621,-0.0017229914665222168,0.02527451515197754,-0.039699554443359375,-0.07245337963104248,-0.029880762100219727,0.004538774490356445,-0.009832441806793213,-0.014946222305297852,0.02402031421661377,0.009708762168884277,-0.01029360294342041,0.00569683313369751,0.009245872497558594,-0.026433229446411133,-0.0038737058639526367,-0.008782386779785156,0.01844656467437744
2024-11-21,-0.02138417959213257,-0.005752444267272949,-0.021488189697265625,-0.01747572422027588,0.0019267797470092773,0.019503653049468994,-0.004135012626647949,-0.012222528457641602,-0.009774088859558105,-0.024926602840423584,0.04044985771179199,-0.022647976875305176,-0.013974368572235107,-0.002434372901916504,0.021319091320037842,-0.02539217472076416,0.0010016560554504395,0.016785621643066406,0.021670997142791748,0.016396522521972656
2024-11-22,0.012335538864135742,0.002713322639465332,0.008742749691009521,0.01888453960418701,0.021747708320617676,-0.019719839096069336,-0.006843090057373047,-0.005390644073486328,0.015550732612609863,0.015172004699707031,-0.021289467811584473,0.019755125045776367,0.023013949394226074,-0.005327820777893066,-0.00633084774017334,0.009143352508544922,-0.006361842155456543,-0.010204076766967773,-0.023729801177978516,0.019133448600769043
2024-11-25,0.016363024711608887,0.0290982723236084,-0.00858449935913086,0.03275859355926514,-0.006089270114898682,-0.009584903717041016,-0.04041862487792969,0.01733577251434326,0.03585183620452881,0.003275632858276367,-0.01172947883605957,0.031275391578674316,0.0025418996810913086,0.0020526647567749023,-0.010011434555053711,0.02787470817565918,0.007472395896911621,-0.0817793607711792,-0.011262655258178711,0.003865361213684082
2024-11-26,0.030714750289916992,-0.011454761028289795,-0.0031800270080566406,0.0012520551681518555,-0.015511393547058105,-0.006842255592346191,0.007341921329498291,-0.004682600498199463,0.01478278636932373,0.01775336265563965,-0.03156697750091553,0.006106138229370117,0.0429767370223999,-0.005163609981536865,-0.008639812469482422,0.004992008209228516,-0.02723860740661621,0.024510741233825684,-0.012338876724243164,0.011642813682556152
2024-11-27,0.003101825714111328,-0.0035195350646972656,0.0013092756271362305,0.01948726177215576,-0.004978477954864502,-0.0022100210189819336,0.007279694080352783,0.007905721664428711,0.010903716087341309,-0.06616544723510742,-0.03771543502807617,0.013499855995178223,0.04716181755065918,-0.0009989738464355469,-0.011221766471862793,0.027722597122192383,-0.005706906318664551,0.0031293630599975586,-0.010818958282470703,-0.006434023380279541
2024-11-28,-0.009718358516693115,-0.01859039068222046,0.025228142738342285,0.018092632293701172,-0.0017341375350952148,0.005476117134094238,-0.016895532608032227,0.01611185073852539,0.024592280387878418,0.014480531215667725,0.013222038745880127,-0.008560776710510254,0.001392960548400879,-0.013940095901489258,0.000590980052947998,-0.01489168405532837,-0.05845963954925537,0.012741148471832275,0.002980649471282959,-0.002371370792388916
2024-11-29,-0.00011157989501953125,0.009876132011413574,-0.007335186004638672,0.034738898277282715,0.01893782615661621,-0.007852911949157715,0.010441899299621582,0.001543879508972168,0.039919137954711914,-0.005820035934448242,0.00448077917098999,0.0113447904586792,0.005795717239379883,0.0056771039962768555,-0.007292985916137695,0.001149296760559082,0.019475102424621582,-0.03179645538330078,-0.007156848907470703,-0.0034741759300231934
2024-12-02,-0.009703278541564941,0.00792241096496582,-0.034327149391174316,0.01843583583831787,-0.007350504398345947,-0.011660099029541016,-0.0230863094329834,0.024562835693359375,0.021056056022644043,-0.01365971565246582,-0.007246255874633789,0.021408796310424805,0.005301356315612793,0.0073053836822509766,-0.021590232849121094,0.014105916023254395,0.013158619403839111,0.015770912170410156,-0.016235709190368652,0.0184403657913208
2024-12-03,0.0025904178619384766,0.005827069282531738,-0.04538273811340332,0.0005716085433959961,0.0009291172027587891,0.047860682010650635,-0.021938562393188477,-7.396936416625977e-05,-0.02315998077392578,-0.010855317115783691,0.0003371238708496094,0.0010745525360107422,0.010432243347167969,0.010475754737854004,-0.0052994489669799805,0.006225705146789551,0.005796670913696289,-0.0016574859619140625,-0.005841732025146484,0.014503121376037598
2024-12-04,0.004493355751037598,-0.0014399290084838867,0.009561479091644287,0.017615675926208496,-0.01099860668182373,-0.025580525398254395,-0.01611471176147461,0.002146005630493164,-0.0030041933059692383,-0.025365710258483887,0.010848701000213623,0.0016169548034667969,0.011912822723388672,0.00950920581817627,-0.01771998405456543,0.009713292121887207,-0.018493175506591797,-0.00036776065826416016,0.00919574499130249,0.008613109588623047
2024-12-05,0.00424957275390625,-0.0008665323257446289,-0.0004839897155761719,0.01993083953857422,0.0062857866287231445,-0.0056046247482299805,0.016188323497772217,-0.048845648765563965,-0.00032579898834228516,-0.03096795082092285,0.009429931640625,0.0011968612670898438,0.05034196376800537,-0.009946346282958984,0.00399404764175415,-0.005977630615234375,-0.014348864555358887,-0.02435433864593506,-0.00954747200012207,-0.01716703176498413
2024-12-06,0.00579071044921875,-0.002601802349090576,0.010009825229644775,-0.004311859607696533,-0.0037308931350708008,0.002768218517303467,-0.012606024742126465,-0.024605512619018555,0.0026884078979492188,-0.0003503561019897461,0.000695645809173584,-0.0114402174949646,0.0028821229934692383,0.0008100271224975586,0.009335875511169434,-0.01079857349395752,0.0016810894012451172,0.01462399959564209,0.015131473541259766,0.007972121238708496
2024-12-09,-0.007085919380187988,-0.010203540325164795,-0.004115581512451172,-0.026720702648162842,0.004198789596557617,0.01017838716506958,0.012834668159484863,-0.007420778274536133,-0.022505760192871094,0.010242581367492676,0.0019785165786743164,-0.0063838958740234375,0.0196913480758667,-0.019001007080078125,0.00044268369674682617,0.0033338069915771484,-0.014303922653198242,0.007466137409210205,0.012014269828796387,-0.012885451316833496
2024-12-10,-0.0017840862274169922,0.029210329055786133,-0.024229764938354492,0.016377806663513184,0.005961060523986816,-0.020528674125671387,-0.023157238960266113,-0.012708902359008789,0.009891152381896973,-0.00017690658569335938,0.010932981967926025,0.03237950801849365,0.009394526481628418,0.013224601745605469,-0.016578078269958496,0.017916440963745117,0.01550227403640747,-0.0011925697326660156,-0.015776872634887695,-0.009812772274017334
2024-12-11,-0.002234160900115967,-0.0015537738800048828,-0.015572309494018555,-0.005216062068939209,-0.006459414958953857,-0.00278472900390625,0.006980776786804199,-0.006734967231750488,-0.00609058141708374,-0.0062787532806396484,-0.008084416389465332,-0.014914274215698242,0.008686661720275879,-0.0029166340827941895,0.006846785545349121,-0.0030509233474731445,-0.006578326225280762,0.02098226547241211,-0.0019136667251586914,0.003727555274963379
2024-12-12,-0.019928336143493652,-0.030075132846832275,0.007777810096740723,-0.007584273815155029,0.0055119991302490234,0.020900309085845947,-0.034435391426086426,0.023893892765045166,-0.009854257106781006,0.00606381893157959,0.012511610984802246,-0.005274057388305664,-0.03690791130065918,-0.01233452558517456,0.00037604570388793945,-0.01611417531967163,0.017967700958251953,0.009826838970184326,0.02252030372619629,-0.00824272632598877
2024-12-13,-0.0011423230171203613,-0.006858527660369873,0.0022933483123779297,-0.003962695598602295,-0.0005341172218322754,-9.334087371826172e-05,-5.3048133850097656e-05,0.010006248950958252,0.001254439353942871,0.006189227104187012,-0.004653453826904297,-0.004630446434020996,0.002129077911376953,-0.013500511646270752,0.0015047192573547363,-0.0009135603904724121,0.025499701499938965,0.006143689155578613,0.006134688854217529,0.005114555358886719
2024-12-16,0.0027446746826171875,0.017569661140441895,0.004477024078369141,0.007767438888549805,0.023401618003845215,-0.004627108573913574,0.02245694398880005,-0.010661125183105469,0.00033414363861083984,0.009697556495666504,0.004461169242858887,-0.012930035591125488,0.03728485107421875,-0.010270237922668457,-0.0026999711990356445,0.004245162010192871,-0.012989640235900879,-0.01255345344543457,0.008047223091125488,-0.004179894924163818
2024-12-17,-0.021099448204040527,-0.0006473064422607422,0.030860543251037598,-0.004417777061462402,-0.0011543035507202148,0.010994553565979004,-0.006571412086486816,0.0007991790771484375,-0.010855019092559814,0.008894085884094238,0.010923206806182861,-0.012843191623687744,0.002457737922668457,-0.016241371631622314,-0.03519320487976074,-0.011467814445495605,-0.0024640560150146484,-0.003756880760192871,0.011154592037200928,-0.017428576946258545
2024-12-18,-0.01735985279083252,0.009095549583435059,-0.05081140995025635,-0.010290682315826416,0.007539272308349609,0.010985314846038818,-0.04920685291290283,0.011985361576080322,-0.012662529945373535,0.011058688163757324,0.010041236877441406,0.0003750324249267578,-0.011645734310150146,-0.0019014477729797363,-0.007723689079284668,-0.003486812114715576,0.02226334810256958,0.0030878186225891113,0.01445019245147705,-0.01142275333404541
2024-12-19,-0.014702439308166504,0.0007499456405639648,0.014648795127868652,0.00610506534576416,0.00800180435180664,-0.00201261043548584,-0.009719252586364746,-0.0003584623336791992,-0.008378863334655762,0.007607758045196533,0.014734864234924316,-0.022795438766479492,-0.011369526386260986,-0.002754688262939453,-0.022435903549194336,0.005237460136413574,0.008462011814117432,0.02825230360031128,-0.002270221710205078,-0.026115596294403076
2024-12-20,-0.028038501739501953,-0.05163055658340454,0.010472416877746582,-0.03451216220855713,-0.003359496593475342,0.015860021114349365,0.02302008867263794,-0.0008785724639892578,-0.026987433433532715,-0.010159730911254883,0.016926109790802002,-0.024463295936584473,-0.028437018394470215,-0.015450775623321533,-0.004081606864929199,-0.0027801990509033203,0.043740808963775635,-0.015550971031188965,-0.02897465229034424,-0.026719331741333008
2024-12-23,0.013990283012390137,0.0013669729232788086,-0.016078948974609375,-0.0027496814727783203,0.012722134590148926,0.0007894635200500488,-0.04274618625640869,-0.0066411495208740234,-0.006114304065704346,-0.005486011505126953,0.02353060245513916,0.002949357032775879,-0.011729240417480469,-0.003500521183013916,-0.008398294448852539,0.003929495811462402,0.010405957698822021,0.02653604745864868,0.005248546600341797,0.006342887878417969
2024-12-24,0.014407753944396973,0.008126258850097656,-0.011495590209960938,-0.00945347547531128,-0.003945887088775635,-0.002736210823059082,-0.014703452587127686,0.0012047290802001953,0.003922939300537109,-0.003455519676208496,-0.005893588066101074,0.018518447875976562,-0.0038110017776489258,-0.002960205078125,0.006165742874145508,-0.0038048624992370605,-0.05092012882232666,-0.030092835426330566,-0.032245516777038574,-0.006302952766418457
2024-12-26,-0.0051757097244262695,0.0010508298873901367,0.017207026481628418,-0.005070149898529053,-0.005551457405090332,0.011779844760894775,-0.012933194637298584,-0.001573801040649414,-0.011989355087280273,-0.025464415550231934,0.009709060192108154,-0.015013337135314941,0.002295255661010742,-0.011387765407562256,-0.012659966945648193,-0.006892561912536621,-0.003556370735168457,0.0010434389114379883,0.009319901466369629,-0.009613513946533203
2024-12-27,-0.004839658737182617,-0.004543960094451904,0.0001207590103149414,-0.0015987157821655273,0.000596165657043457,-0.003305792808532715,0.0076711177825927734,-0.009106755256652832,-0.006921291351318359,-0.012637019157409668,0.005948841571807861,-0.004103720188140869,0.009051203727722168,-0.0004671812057495117,-0.006138324737548828,0.0010167360305786133,0.003122866153717041,0.014811992645263672,0.01068413257598877,0.004803299903869629
2024-12-30,-0.002796351909637451,-0.030155301094055176,-0.055595338344573975,-0.018514811992645264,0.012349963188171387,0.025641977787017822,-0.025672316551208496,-0.060830652713775635,-0.031408488750457764,-0.02687835693359375,-0.05339628458023071,-0.028723180294036865,-0.05630606412887573,-0.0021633505821228027,-0.0013037919998168945,-0.004106998443603516,-0.06440973281860352,-0.032671570777893066,0.01390540599822998,-0.0025893449783325195
2024-12-31,-0.00012195110321044922,0.01574718952178955,0.01340949535369873,0.007341742515563965,0.005885601043701172,0.00767827033996582,0.019333839416503906,0.008253693580627441,0.009812116622924805,0.006203711032867432,-0.03008091449737549,0.008795619010925293,0.03069174289703369,-0.013516604900360107,-0.002198934555053711,-0.007626950740814209,0.02686476707458496,0.005692958831787109,-0.019771218299865723,0.0004992485046386719
2025-01-01,0.014754295349121094,-0.007219851016998291,-0.004134476184844971,0.019637584686279297,-0.02595818042755127,-0.0015034675598144531,0.02881443500518799,0.013239383697509766,0.012400507926940918,0.0059005022048950195,-0.01391756534576416,0.010613679885864258,0.018999934196472168,0.0015194416046142578,-0.013979732990264893,-0.011908173561096191,0.008274316787719727,0.005443990230560303,0.013115286827087402,-0.0009980201721191406
2025-01-02,-0.0020427703857421875,0.01064443588256836,0.01873183250427246,0.005261540412902832,-0.014154314994812012,-0.006865262985229492,-0.0010876655578613281,0.0028905868530273438,0.014808058738708496,-0.010752677917480469,-0.022411346435546875,0.006539106369018555,0.022353053092956543,0.00761258602142334,-0.02200031280517578,0.006082415580749512,-0.016757488250732422,-0.021140098571777344,0.006693065166473389,-0.017882108688354492
2025-01-03,0.011679768562316895,-0.015043139457702637,-0.0007546544075012207,-0.01185065507888794,-0.0011502504348754883,0.02484893798828125,-0.011705160140991211,-0.02419126033782959,-0.012790441513061523,-0.006978631019592285,-0.018252015113830566,0.017551541328430176,-0.0130118727684021,-0.013698697090148926,-0.0019817352294921875,-0.027036666870117188,0.004665493965148926,0.007486104965209961,0.0034416913986206055,-0.03945422172546387
2025-01-06,-0.0386812686920166,-0.010627806186676025,-0.02176886796951294,-0.041375160217285156,0.010238468647003174,0.012924492359161377,-0.030683696269989014,-0.061601877212524414,-0.05218970775604248,-0.04048335552215576,-0.04653036594390869,-0.003795027732849121,-0.06505298614501953,-0.018591225147247314,0.012822210788726807,0.003260493278503418,-0.027170002460479736,-0.04087907075881958,0.03565526008605957,0.015579283237457275
2025-01-07,0.0037142038345336914,0.01693582534790039,0.010618090629577637,-0.04701828956604004,-0.005262494087219238,-0.016005754470825195,0.008695244789123535,0.01287376880645752,-0.03176736831665039,0.003787517547607422,0.018682897090911865,-0.039260268211364746,0.012135863304138184,-0.0020415186882019043,-0.011330723762512207,-0.013611674308776855,0.022221684455871582,0.017572760581970215,-0.02113497257232666,-0.044408202171325684
2025-01-08,-0.018502533435821533,-0.010346293449401855,-0.016267478466033936,0.0032858848571777344,0.0055428147315979,0.009391248226165771,-0.024170398712158203,-0.006062150001525879,-0.0051316022872924805,0.004563093185424805,-0.0014922618865966797,-0.004269242286682129,-0.04476422071456909,-0.010465145111083984,0.006694912910461426,-0.018410563468933105,-0.007125794887542725,-0.0255700945854187,0.008397579193115234,0.008999943733215332
2025-01-09,-0.0390850305557251,0.010052919387817383,0.01967012882232666,0.0169830322265625,-0.007380008697509766,-0.008967280387878418,-0.023325622081756592,0.011595964431762695,-0.022649168968200684,0.011617660522460938,0.008218586444854736,-0.0948714017868042,-0.049611449241638184,-0.008098244667053223,-0.017262697219848633,-0.13736999034881592,0.001512289047241211,-0.024282753467559814,-0.011108875274658203,-0.010935068130493164
2025-01-10,-0.020198345184326172,-0.017600059509277344,-0.04664534330368042,0.02154475450515747,0.015113115310668945,0.016168415546417236,-0.03215891122817993,-0.03840452432632446,0.04129981994628906,-0.0068215131759643555,0.002997159957885742,0.05062037706375122,-0.016100585460662842,0.012391269207000732,0.01920086145401001,0.02722609043121338,-0.010964512825012207,-0.04455596208572388,0.03655707836151123,-0.006233334541320801
2025-01-13,0.02916419506072998,-0.026663362979888916,-0.03491473197937012,-0.05608642101287842,-0.05953335762023926,-0.03758138418197632,-0.03414362668991089,-0.01734793186187744,0.04601401090621948,-0.049556612968444824,-0.06444966793060303,0.003607809543609619,-0.10035794973373413,-0.059261322021484375,0.03605151176452637,0.032716989517211914,-0.06375163793563843,-0.02447223663330078,0.028790593147277832,0.02769416570663452
2025-01-14,0.0002442598342895508,0.018481731414794922,0.008355498313903809,-0.045444488525390625,0.015099525451660156,0.005584597587585449,0.00967550277709961,-0.017520129680633545,-0.026697158813476562,-0.0010061860084533691,0.01403200626373291,-0.00386965274810791,0.032258033752441406,0.01849830150604248,-0.0043621063232421875,0.0024840831756591797,0.03148245811462402,0.020671844482421875,-0.016743898391723633,-0.015365839004516602
2025-01-15,-0.04983508586883545,0.0027608871459960938,-0.006316125392913818,-0.021576642990112305,-0.005530416965484619,0.008650660514831543,0.028184890747070312,0.021898388862609863,0.003479897975921631,-0.010987997055053711,-0.019176483154296875,-0.02272939682006836,-0.005919694900512695,-0.0011116266250610352,0.002207159996032715,0.007191956043243408,0.035851240158081055,0.0062236785888671875,0.0036768317222595215,-0.00932002067565918
2025-01-16,-0.02094244956970215,-0.0004367232322692871,-0.0013120770454406738,-0.023284554481506348,0.027531981468200684,0.0020328760147094727,0.04124033451080322,0.023378491401672363,-0.03346586227416992,0.006017923355102539,-0.01689666509628296,-0.014322638511657715,0.014817953109741211,0.006099343299865723,0.006350815296173096,-0.03696274757385254,0.0106889009475708,0.013628244400024414,-0.010915279388427734,0.0010971426963806152
2025-01-17,-0.009002923965454102,-0.008937299251556396,-0.0061310529708862305,-0.008558154106140137,-0.00029331445693969727,-0.0030220746994018555,-0.00772249698638916,-0.0157470703125,-0.02177584171295166,-0.013160228729248047,-0.013195931911468506,0.0033177733421325684,-0.021970510482788086,0.020241618156433105,-0.01019740104675293,-0.00876617431640625,0.008121252059936523,0.02389073371887207,-0.0029821395874023438,-0.00988471508026123
2025-01-20,-0.014569640159606934,0.005640864372253418,-0.015216469764709473,0.005890011787414551,-0.009093999862670898,0.0005298852920532227,0.004598855972290039,-0.003592193126678467,0.003490626811981201,0.007460594177246094,0.02097940444946289,-0.005872011184692383,0.021347880363464355,0.013109326362609863,0.009099245071411133,-0.0021677017211914062,0.0036134719848632812,0.002626180648803711,0.004049777984619141,-0.00208437442779541
2025-01-21,-0.008683085441589355,-0.0005275607109069824,-0.003142058849334717,0.009941697120666504,-0.007293581962585449,-0.004576265811920166,-0.029227077960968018,0.017293930053710938,0.00903397798538208,-0.02027219533920288,-0.01263415813446045,-0.005255341529846191,0.007513642311096191,-0.021570801734924316,0.013702571392059326,0.01414579153060913,-0.017094969749450684,-0.01027601957321167,0.011684179306030273,0.015555739402770996
2025-01-22,0.02692854404449463,0.007961153984069824,-0.013994157314300537,-0.009331583976745605,-0.036627352237701416,-0.014345288276672363,-0.00906836986541748,-0.037595927715301514,0.012372136116027832,0.003779292106628418,-0.021255135536193848,0.02887803316116333,-0.016949176788330078,-0.005454838275909424,-0.0018911361694335938,0.020192980766296387,-0.029357552528381348,-0.026364028453826904,0.006249666213989258,0.002847909927368164
2025-01-23,-0.01723945140838623,-0.0045945048332214355,0.03529489040374756,-0.023615717887878418,0.04052460193634033,0.02323472499847412,0.027515053749084473,0.01127779483795166,-0.021192431449890137,0.0022590160369873047,0.020635366439819336,-0.02307891845703125,0.03710353374481201,0.007427215576171875,-0.056192874908447266,-0.029169917106628418,0.027778029441833496,0.007736563682556152,-0.0224306583404541,-0.02791595458984375
2025-01-24,0.02096116542816162,-0.029886722564697266,-0.03066188097000122,0.02601611614227295,-0.01820194721221924,-0.03239351511001587,-0.026006340980529785,-0.03383231163024902,0.007932066917419434,-0.03446662425994873,-0.0011878013610839844,0.016700029373168945,-0.024870336055755615,-0.007103025913238525,0.018902957439422607,0.004929244518280029,-0.008442401885986328,0.0057059526443481445,0.01901686191558838,0.0104866623878479
2025-01-27,0.046008408069610596,-0.03242659568786621,-0.01357811689376831,0.03517788648605347,-0.046913325786590576,-0.03336894512176514,-0.04614734649658203,-0.015617132186889648,0.0377463698387146,-0.06215345859527588,-0.02804464101791382,0.02837347984313965,-0.03777962923049927,-0.03664040565490723,-0.004343867301940918,0.005243957042694092,-0.017840981483459473,0.04363524913787842,0.013533294200897217,0.01748192310333252
2025-01-28,0.02017432451248169,-0.016219913959503174,-0.018986880779266357,0.023192644119262695,-0.009509265422821045,-0.010017812252044678,0.011503815650939941,-0.05342942476272583,0.020869553089141846,-0.042418599128723145,-0.006064772605895996,0.011611402034759521,-0.0031183958053588867,-0.007529735565185547,0.0010464191436767578,-0.01159358024597168,-0.006139099597930908,-0.016704559326171875,0.002277672290802002,0.006822049617767334
2025-01-29,-0.042641282081604004,0.004998445510864258,-0.04340660572052002,-0.04994654655456543,0.0463101863861084,-0.03783297538757324,0.036203980445861816,-0.05574381351470947,-0.046378493309020996,-0.045813918113708496,-0.11337435245513916,-0.04992485046386719,0.033698320388793945,0.023089170455932617,-0.009427428245544434,-0.024863481521606445,0.03421974182128906,0.010856389999389648,-0.02229773998260498,-0.02682626247406006
2025-01-30,-0.02360367774963379,0.010729312896728516,-0.01875889301300049,-0.006417393684387207,0.01709616184234619,0.0017567873001098633,-0.00024390220642089844,-0.01564931869506836,0.005375385284423828,-0.004867434501647949,0.013967514038085938,-0.04493081569671631,0.0004125833511352539,0.00916743278503418,0.0015219449996948242,-0.06240499019622803,0.051747679710388184,0.03301513195037842,-0.0053490400314331055,-0.025040745735168457
2025-01-31,-0.0152968168258667,-0.007061123847961426,-0.002675294876098633,-0.02044534683227539,-0.007622838020324707,-0.02320873737335205,0.0001220703125,0.004092156887054443,-0.016213178634643555,-0.017623424530029297,-0.011237144470214844,-0.06152379512786865,0.044823408126831055,0.007854461669921875,0.0051964521408081055,0.00752335786819458,0.013012170791625977,-0.01482480764389038,-0.018750905990600586,-0.06490874290466309
2025-02-01,-0.03361809253692627,-0.011168241500854492,-0.004632711410522461,0.025490999221801758,-0.011080145835876465,-0.00017189979553222656,-0.009635329246520996,0.002208232879638672,0.0013062357902526855,-0.003848433494567871,0.0015555620193481445,0.0038687586784362793,0.024608492851257324,-0.0005884766578674316,-0.026326775550842285,-0.005765438079833984,-0.011560022830963135,-0.002736032009124756,0.022107303142547607,-0.00041413307189941406
2025-02-03,0.015337705612182617,-0.005936741828918457,0.007773041725158691,-0.007124662399291992,0.012405633926391602,-0.0018271207809448242,0.025061488151550293,-0.00888049602508545,-0.005044817924499512,0.02683621644973755,0.012296080589294434,-0.009763717651367188,0.036347389221191406,0.03956401348114014,-0.004614591598510742,-0.04127669334411621,-0.05621826648712158,0.014109373092651367,0.018407106399536133,-0.04346024990081787
2025-02-04,-0.007512092590332031,0.011588454246520996,-0.002382516860961914,-0.03638195991516113,0.036678314208984375,-0.005063891410827637,0.013576030731201172,-0.03330695629119873,-0.03680980205535889,-0.014824867248535156,-0.010103344917297363,-0.007919907569885254,0.010782003402709961,-0.01243281364440918,0.011415839195251465,-0.009362220764160156,0.025177955627441406,0.012753605842590332,0.029633939266204834,-0.01055145263671875
2025-02-05,-0.021381616592407227,-0.007703840732574463,0.014867544174194336,-0.009848833084106445,0.0031679868698120117,-0.004056334495544434,-0.0032596588134765625,0.01125955581665039,-0.004393100738525391,-0.04760444164276123,-0.01348578929901123,-0.011031866073608398,0.018146157264709473,0.006252765655517578,0.01291424036026001,0.003871738910675049,-0.009846389293670654,-0.0003815293312072754,-0.01660311222076416,-0.013424396514892578
2025-02-06,-0.009017705917358398,-0.0032650232315063477,-0.0015091896057128906,-0.003959059715270996,-0.010084390640258789,-0.01205587387084961,0.025329947471618652,-0.007256627082824707,0.006962478160858154,0.021745502948760986,0.006471395492553711,0.0011876225471496582,-0.0021677017211914062,0.012413740158081055,-0.0035996437072753906,0.02178281545639038,-0.05580735206604004,0.022046208381652832,-0.0025702714920043945,0.0010845065116882324
2025-02-07,0.009681940078735352,-0.01294928789138794,0.018281280994415283,-0.06905841827392578,-0.0036995410919189453,0.01216435432434082,-0.009858489036560059,0.0012412071228027344,-0.0019774436950683594,0.016547083854675293,0.01469731330871582,0.0061095356941223145,-0.008327245712280273,-0.026802480220794678,0.01000136137008667,0.004958033561706543,-0.0032035112380981445,-0.004388928413391113,0.005073964595794678,0.005273401737213135
2025-02-10,0.02116459608078003,-0.013274908065795898,0.018086612224578857,0.01520472764968872,-0.0034441351890563965,0.02662748098373413,-0.03982663154602051,-0.009266495704650879,0.004575192928314209,0.03638756275177002,0.02885645627975464,0.0030084848403930664,-0.03894364833831787,-0.005544841289520264,0.0009057521820068359,0.008298695087432861,0.009812116622924805,-0.05655592679977417,0.0236203670501709,0.009978890419006348
2025-02-11,0.03446382284164429,-0.03327661752700806,0.015190362930297852,0.038096070289611816,-0.017388522624969482,0.03362691402435303,-0.03952670097351074,-0.006812453269958496,0.021719515323638916,0.053855061531066895,0.01075524091720581,0.03427386283874512,-0.056223928928375244,-0.02968043088912964,0.0059275031089782715,0.01537090539932251,-0.03909558057785034,-0.021075665950775146,0.028975188732147217,0.03819197416305542
2025-02-12,-0.005456447601318359,-0.025960445404052734,-0.08319056034088135,-0.005413532257080078,0.011678338050842285,0.0037758350372314453,0.009843826293945312,-0.021242856979370117,0.003777027130126953,0.03468596935272217,0.02286165952682495,-0.008992433547973633,0.012478232383728027,-0.018408656120300293,0.0079270601272583,-0.005760788917541504,0.015942096710205078,-0.019295215606689453,0.005039393901824951,-0.016047120094299316
2025-02-13,0.0221593976020813,-0.013864099979400635,-0.004658877849578857,-0.011241316795349121,0.005649566650390625,-0.015977859497070312,-0.018992483615875244,0.017911255359649658,-0.02191603183746338,-0.011516809463500977,0.020946085453033447,-0.0018044710159301758,0.02107083797454834,-0.038729071617126465,0.0036769509315490723,-0.004631638526916504,-0.016702353954315186,0.0017603635787963867,0.011780083179473877,-0.014907360076904297
2025-02-14,0.04046708345413208,-0.03254514932632446,0.0278092622756958,0.013264775276184082,-0.05350440740585327,-0.15089911222457886,-0.03859227895736694,0.023977160453796387,0.03483849763870239,0.057952821254730225,0.021148204803466797,0.022478103637695312,-0.049578189849853516,-0.019788265228271484,0.004187405109405518,0.03139239549636841,0.006267666816711426,-0.02635931968688965,0.02505040168762207,0.01810246706008911
2025-02-17,-0.008073210716247559,-0.0010908246040344238,0.021612167358398438,-0.027738213539123535,-0.025482177734375,-0.0010523796081542969,-0.04087477922439575,-0.009573817253112793,-0.009656906127929688,-0.008943676948547363,-0.005428194999694824,-0.02290785312652588,0.01106107234954834,-0.013974964618682861,0.008766233921051025,0.001616835594177246,-0.027424931526184082,0.005733013153076172,-0.009450674057006836,-0.02239835262298584
2025-02-18,0.020081281661987305,-0.0014714598655700684,0.02452266216278076,0.010685324668884277,0.0014641284942626953,0.00039505958557128906,-0.0003476142883300781,0.013087987899780273,0.02126479148864746,0.006588399410247803,0.01068180799484253,0.0056108832359313965,0.00526738166809082,0.015070915222167969,0.005392551422119141,0.0024383068084716797,-0.0011774897575378418,0.005700469017028809,-0.0024574995040893555,0.0022145509719848633
2025-02-19,-0.01646745204925537,-0.03139996528625488,0.007574319839477539,0.000372469425201416,0.0026607513427734375,0.007160663604736328,-0.02420198917388916,0.0022625327110290527,-0.0,-0.06415045261383057,-0.05714261531829834,0.010036587715148926,0.03735053539276123,0.011972427368164062,-0.0007951259613037109,0.004779160022735596,0.020269036293029785,0.017739057540893555,0.0032103657722473145,-0.030516862869262695
2025-02-20,-0.015120625495910645,-9.059906005859375e-06,0.0028612613677978516,-0.04573392868041992,0.015397191047668457,0.027576684951782227,0.0027083158493041992,-0.010190725326538086,-0.010815978050231934,-0.016203999519348145,-0.05348217487335205,-0.00037086009979248047,0.010490894317626953,-0.004510700702667236,-0.019069671630859375,-0.02488994598388672,0.01729905605316162,0.02196788787841797,-0.0009955167770385742,0.0043073296546936035
2025-02-21,0.0243527889251709,0.01249021291732788,0.016076207160949707,0.020219087600708008,-0.01866745948791504,-0.016712427139282227,-0.010093152523040771,-0.0018390417098999023,0.013609886169433594,-0.019067883491516113,0.0013769268989562988,0.0028797388076782227,0.0160214900970459,-0.013687491416931152,0.009214639663696289,0.006080329418182373,-0.009529292583465576,0.00010085105895996094,0.010120511054992676,0.0013905167579650879
2025-02-24,0.015509486198425293,0.0069792866706848145,-0.02124089002609253,0.02209097146987915,-0.02235877513885498,0.008123159408569336,-0.0022258758544921875,-0.013511300086975098,-0.00019025802612304688,0.02243131399154663,-0.029019713401794434,0.03044193983078003,-0.031537771224975586,-0.017469942569732666,0.012090444564819336,0.00703507661819458,0.0017457008361816406,-0.02411705255508423,0.011465072631835938,0.0017791390419006348
2025-02-25,0.009969174861907959,0.03337305784225464,0.0008574724197387695,-0.04899144172668457,0.011554718017578125,-0.012881994247436523,-0.015903830528259277,0.015502095222473145,-0.0002855062484741211,0.028094947338104248,0.0029636025428771973,0.025951802730560303,0.0071642398834228516,-0.0018281936645507812,0.023680269718170166,-0.0031528472900390625,0.0004680156707763672,-0.018715739250183105,0.010342538356781006,-0.0035647153854370117
2025-02-27,0.01578819751739502,-0.014115333557128906,0.04206550121307373,-0.018699049949645996,-0.011896312236785889,-0.020225167274475098,-0.0008043646812438965,-0.0026514530181884766,-0.100247323513031,0.02844637632369995,0.04058557748794556,0.009423613548278809,-0.032203853130340576,-0.023453712463378906,0.007120609283447266,-0.031050682067871094,-0.016527414321899414,0.00021076202392578125,0.031231164932250977,0.005945920944213867
2025-02-28,0.05014526844024658,0.007384777069091797,-0.03997153043746948,-0.07142233848571777,-0.0015274286270141602,-0.01759129762649536,-0.027956724166870117,-0.03267711400985718,-0.04196619987487793,0.032124221324920654,0.023260653018951416,0.0030341148376464844,-0.04316449165344238,0.0004979372024536133,0.007171630859375,0.020532608032226562,-0.0014787912368774414,-0.029498517513275146,0.030554354190826416,0.016623973846435547
2025-03-03,-0.014627695083618164,-0.03891253471374512,-0.005307555198669434,0.021828651428222656,-0.0008098483085632324,5.4001808166503906e-05,-0.0062490105628967285,-0.039569318294525146,0.0036411285400390625,0.023637473583221436,0.01609569787979126,-0.01717054843902588,-0.001536250114440918,-0.008908510208129883,-0.008728384971618652,-0.01119697093963623,0.030675292015075684,0.00455927848815918,-0.013121485710144043,0.02567344903945923
2025-03-04,-0.0011795759201049805,-0.0013687610626220703,0.03029334545135498,-0.016778171062469482,-0.032360732555389404,0.0034568309783935547,0.0011364221572875977,0.02765023708343506,0.032212018966674805,-0.029854416847229004,-0.019659996032714844,-0.01920640468597412,0.019862890243530273,0.017943739891052246,-0.0064896345138549805,-0.009410262107849121,0.0067501068115234375,0.020099401473999023,0.005777418613433838,0.005351066589355469
2025-03-05,-0.052362918853759766,-0.02695751190185547,-0.0033013224601745605,0.06508755683898926,-0.05671036243438721,0.04281938076019287,-0.03201138973236084,-0.04748177528381348,0.01917135715484619,-0.05834352970123291,-0.03360915184020996,-0.03984260559082031,0.04443836212158203,-0.03441643714904785,0.0020751953125,0.002961456775665283,0.02212214469909668,0.0174788236618042,-0.025159716606140137,-0.023557186126708984
2025-03-06,-0.022266387939453125,0.006540477275848389,0.009719491004943848,0.010155916213989258,-0.0173799991607666,0.010349154472351074,-0.02918529510498047,-0.009672999382019043,0.010659337043762207,-0.004488348960876465,0.010388612747192383,-0.015964984893798828,0.013131976127624512,-0.035051703453063965,-0.01671004295349121,-0.00237274169921875,0.016074299812316895,0.04143679141998291,-0.014949560165405273,0.00501704216003418
2025-03-07,0.011194944381713867,-0.010957717895507812,0.0,-0.009880423545837402,-0.013620376586914062,0.016143798828125,0.005700051784515381,0.0030598044395446777,0.004239559173583984,0.003666400909423828,-0.022984743118286133,0.010411322116851807,0.013869047164916992,0.01121145486831665,-0.004821062088012695,-0.029369473457336426,0.010615944862365723,-0.016495048999786377,-0.0007364749908447266,-0.008243918418884277
2025-03-10,0.03765690326690674,0.0016586780548095703,0.006468534469604492,0.004989504814147949,0.004127979278564453,-0.022523880004882812,0.019491195678710938,-0.02328038215637207,-0.001132667064666748,0.054277777671813965,0.023528993129730225,-0.0007112026214599609,-0.018409669399261475,-0.010732769966125488,0.006833374500274658,-0.0009537935256958008,0.036957740783691406,-0.00020331144332885742,0.0014104843139648438,0.022862553596496582
2025-03-11,-0.0042198896408081055,0.0181007981300354,-0.01363825798034668,-0.018204033374786377,0.012892723083496094,0.008178234100341797,0.00738149881362915,-0.003798365592956543,-0.016080796718597412,0.012037992477416992,0.02174234390258789,-0.010280609130859375,-0.010549604892730713,-0.030811548233032227,0.0036597847938537598,0.005751907825469971,-0.007298886775970459,0.0033550262451171875,-0.0021494626998901367,0.0006499886512756348
2025-03-12,0.0022920966148376465,0.012006103992462158,-0.022944748401641846,0.0031050443649291992,-0.020416975021362305,-0.0014284849166870117,-0.029082655906677246,-0.002335667610168457,-0.005447864532470703,0.003938496112823486,-0.028189897537231445,0.0035295486450195312,0.0042122602462768555,0.006037771701812744,-0.009844303131103516,-0.012785673141479492,0.0016179084777832031,-0.0003040432929992676,0.012133896350860596,0.011381208896636963
2025-03-13,0.022973835468292236,-0.004268169403076172,0.0014796257019042969,-0.015565574169158936,-0.02040576934814453,-0.0044449567794799805,0.006653726100921631,0.00022125244140625,-0.01769721508026123,0.007537364959716797,0.014751732349395752,-0.004625201225280762,-0.022938787937164307,0.010903894901275635,0.006983816623687744,0.002298414707183838,0.03231239318847656,-0.014088749885559082,0.012282907962799072,0.01085430383682251
2025-03-17,-0.005094766616821289,-0.049240708351135254,0.01759195327758789,0.04015815258026123,-0.05070364475250244,0.014497637748718262,-0.03802931308746338,-0.0022394657135009766,-0.018337786197662354,-0.0009959936141967773,-0.015653491020202637,-0.002810835838317871,0.004427194595336914,-0.023033976554870605,-0.006886482238769531,-0.020157217979431152,-0.0008417963981628418,0.004729032516479492,-0.009044051170349121,-0.04106748104095459
2025-03-18,-0.010397672653198242,0.02232539653778076,0.007985353469848633,-0.017792463302612305,-0.03909790515899658,0.008093714714050293,-0.02886486053466797,0.0037025809288024902,0.016276955604553223,-0.04689061641693115,5.7220458984375e-05,-0.005823373794555664,0.021236777305603027,-0.013340234756469727,0.007130444049835205,0.007106602191925049,-0.00029736757278442383,0.0006139278411865234,-0.017801523208618164,-0.014453411102294922
2025-03-19,-0.027399063110351562,0.0019000768661499023,0.015422463417053223,0.0322723388671875,-0.008101105690002441,0.016333460807800293,-0.026031851768493652,-0.000912785530090332,0.009244322776794434,-0.024474263191223145,-0.04336130619049072,0.021669209003448486,0.020664453506469727,0.0038908720016479492,-0.0009527206420898438,-0.005167484283447266,0.02232372760772705,-0.04346048831939697,-0.018957972526550293,-0.017474770545959473
2025-03-20,0.000250399112701416,-0.0005640983581542969,0.007305264472961426,-0.012607574462890625,-0.002324819564819336,0.0029129981994628906,0.01202845573425293,-0.043331027030944824,0.021194934844970703,0.010901033878326416,0.007452905178070068,-0.02358567714691162,0.010123014450073242,-0.005168914794921875,-0.010030031204223633,0.004076063632965088,0.011022448539733887,-0.0278322696685791,-0.0052214860916137695,-0.0008510351181030273
2025-03-21,-0.020037531852722168,-0.017254948616027832,-0.019423365592956543,0.03019583225250244,0.0031262636184692383,0.013045787811279297,-0.035060882568359375,0.01642024517059326,-0.010116815567016602,-0.03540849685668945,-0.021966099739074707,-0.018772006034851074,-0.07332229614257812,-0.009977936744689941,-0.024065017700195312,-0.010440707206726074,0.021698951721191406,-0.020308852195739746,-0.011702179908752441,-0.01855146884918213
2025-03-24,-0.0028238296508789062,-0.03724110126495361,0.01276099681854248,0.037601590156555176,-0.004552364349365234,0.016085028648376465,-0.008162975311279297,-0.011362314224243164,0.015277624130249023,-0.03736841678619385,0.003036320209503174,0.011726796627044678,-0.018319368362426758,-0.010356664657592773,0.00127410888671875,0.01091146469116211,0.020623087882995605,-0.0004673004150390625,-0.00637364387512207,0.0006070733070373535
2025-03-25,0.025710105895996094,0.030077099800109863,-0.013430774211883545,-0.008313179016113281,0.003726065158843994,-0.02553921937942505,0.00012749433517456055,-0.0005021095275878906,-0.013075947761535645,0.05501580238342285,0.019885480403900146,-0.0022755861282348633,0.02773904800415039,0.014574050903320312,-0.00035440921783447266,0.015277445316314697,-0.008978545665740967,0.016159117221832275,-0.003870248794555664,0.008277058601379395
2025-03-26,0.021236419677734375,0.006300091743469238,-0.0030388832092285156,0.00602269172668457,-0.0004801750183105469,-0.010208606719970703,0.0033794641494750977,0.002132892608642578,0.008307099342346191,0.021485567092895508,0.028432905673980713,0.0024367570877075195,-0.0014325380325317383,0.003937125205993652,-0.007934808731079102,0.01756829023361206,0.019373059272766113,-0.014145970344543457,0.00589984655380249,0.0009188055992126465
2025-03-27,-0.015534639358520508,-0.0043392181396484375,-0.03028625249862671,0.0021033287048339844,0.004597067832946777,-0.012669205665588379,-0.009852886199951172,-0.007305026054382324,0.017728686332702637,-0.014402151107788086,-0.0047283172607421875,-0.004527926445007324,-0.005006551742553711,-0.015927433967590332,-0.007380366325378418,-0.018158912658691406,-0.004216313362121582,0.007021129131317139,0.003643214702606201,-0.006131172180175781
2025-03-28,0.01201009750366211,-0.05841779708862305,-0.042754292488098145,0.009929776191711426,-0.005912423133850098,-0.00379180908203125,0.00456160306930542,-0.0042688846588134766,-0.016702592372894287,0.012335598468780518,-0.013688921928405762,0.0010319948196411133,-0.004269957542419434,0.015634655952453613,0.006000518798828125,0.002477586269378662,0.02824854850769043,-0.054680824279785156,-0.020169854164123535,0.030697762966156006
2025-04-01,-0.0010236501693725586,-0.053262412548065186,0.019797980785369873,-0.006554722785949707,-0.03377735614776611,-0.0006553530693054199,-0.005537271499633789,0.000708460807800293,-0.004376769065856934,-0.027100324630737305,0.007910609245300293,0.00299227237701416,-0.001299142837524414,-0.006475687026977539,0.007932007312774658,0.02029496431350708,-0.009996473789215088,0.011799395084381104,-0.029078543186187744,0.0023575425148010254
2025-04-02,-0.024670839309692383,0.0029948949813842773,-0.0011428594589233398,0.020598649978637695,-0.0003904104232788086,0.02555108070373535,0.010443687438964844,0.016082048416137695,0.012455463409423828,-0.04370772838592529,-0.0021343231201171875,-0.01155245304107666,-0.027129054069519043,-0.014838933944702148,-0.008632302284240723,-0.035457611083984375,0.005691051483154297,-0.03310716152191162,0.0139923095703125,-0.031035900115966797
2025-04-03,0.005863189697265625,-0.03584939241409302,-0.02376556396484375,-0.007726311683654785,-0.005195498466491699,-0.013945221900939941,-0.019124984741210938,0.020428061485290527,0.007753491401672363,-0.0030776262283325195,0.008623778820037842,0.012562572956085205,0.012402355670928955,0.013779401779174805,-0.0037180185317993164,0.026965439319610596,0.00881195068359375,-0.003239750862121582,-0.0018790364265441895,0.0048896074295043945
2025-04-04,-0.061237335205078125,-0.045031845569610596,0.023619353771209717,-0.0074686408042907715,0.02191215753555298,-0.03773820400238037,0.03332710266113281,0.00783318281173706,-0.025441110134124756,0.04887133836746216,-0.06050264835357666,-0.02915292978286743,0.013488352298736572,-0.039932310581207275,-0.010623335838317871,0.01597607135772705,-0.027139246463775635,0.02225518226623535,-0.04412281513214111,0.02080613374710083
2025-04-07,-0.05066162347793579,-0.03698807954788208,0.023993372917175293,-0.01889204978942871,0.0231473445892334,-0.05456334352493286,-0.04168283939361572,-0.04504185914993286,-0.04452627897262573,0.049654364585876465,0.0246964693069458,-0.04698914289474487,-0.07390385866165161,-0.022138774394989014,0.014937758445739746,-0.04891681671142578,-0.031113743782043457,0.039185941219329834,-0.014647960662841797,0.036459147930145264
2025-04-08,0.025063395500183105,0.0031838417053222656,-0.025423645973205566,0.030760526657104492,-0.04812824726104736,0.002467513084411621,0.03163957595825195,0.01031041145324707,0.022804856300354004,-0.0012122392654418945,-0.0024674534797668457,-0.00805443525314331,0.02074587345123291,0.010811090469360352,-0.02885425090789795,0.016554951667785645,0.026819467544555664,-0.04004085063934326,0.010930657386779785,-8.130073547363281e-05
2025-04-09,-0.017170310020446777,0.0025756359100341797,0.020529747009277344,0.010132193565368652,0.028471708297729492,-0.011404633522033691,-0.010901689529418945,-0.006403505802154541,-0.008509278297424316,0.010412931442260742,-0.004828751087188721,0.03398633003234863,-0.007107257843017578,0.005401134490966797,-0.0030024051666259766,-0.005706191062927246,-0.00523298978805542,0.0020545125007629395,0.002780318260192871,0.0004068613052368164
2025-04-11,-0.07044029235839844,-0.102134108543396,-0.02245330810546875,0.011284351348876953,-0.027585148811340332,-0.06943869590759277,0.036916494369506836,-0.048885464668273926,0.009668707847595215,-0.06888532638549805,0.00021207332611083984,0.030155301094055176,0.04131615161895752,-0.09489190578460693,-0.004354000091552734,-0.07395064830780029,0.04078710079193115,-0.01190483570098877,0.025569915771484375,-0.040048837661743164
2025-04-15,-0.04021406173706055,0.017521202564239502,0.005904436111450195,0.029058456420898438,-0.06509709358215332,-0.0005432367324829102,-0.07882440090179443,-0.012987375259399414,0.02173435688018799,-0.029075145721435547,0.036307573318481445,0.018905162811279297,0.032199740409851074,0.005003571510314941,-0.013208746910095215,-0.02030634880065918,-0.05548703670501709,0.017691314220428467,0.017602920532226562,-0.0299757719039917
2025-04-16,-0.014685630798339844,-0.015727758407592773,-0.012837648391723633,-0.013930737972259521,0.02757394313812256,-0.01892542839050293,0.002433598041534424,-0.0038309097290039062,0.008845806121826172,0.01256948709487915,0.020705461502075195,0.022504687309265137,0.01168358325958252,-0.014542818069458008,-0.011632561683654785,0.005187511444091797,-0.015320181846618652,-0.0027915239334106445,0.000708460807800293,-0.0025076866149902344
2025-04-17,0.011009454727172852,0.006036221981048584,-0.028292179107666016,0.028789520263671875,0.007170975208282471,0.005430042743682861,0.009460270404815674,-0.009540796279907227,0.02317333221435547,-0.043257832527160645,0.001202702522277832,-0.005970656871795654,0.002887129783630371,-0.0010160207748413086,-0.0026433467864990234,0.0004011988639831543,-0.008657693862915039,0.007094144821166992,0.0014749765396118164,0.005230069160461426
2025-04-21,-0.054784178733825684,-0.051575422286987305,0.020070016384124756,0.024495244026184082,-0.037577271461486816,-0.030564308166503906,-0.02120375633239746,-0.0016633272171020508,0.0011222362518310547,-0.03455352783203125,0.04108273983001709,-0.0074198246002197266,-0.017158031463623047,-0.010588884353637695,0.0050092339515686035,-0.013008356094360352,-0.019782543182373047,-0.00018095970153808594,0.005773186683654785,-0.02278268337249756
2025-04-22,-0.029645442962646484,-0.009457707405090332,0.0006943345069885254,-0.007824897766113281,0.011692941188812256,-0.004802703857421875,-0.0014116764068603516,0.002314746379852295,0.013145804405212402,-0.004070639610290527,0.0023076534271240234,0.014499664306640625,-0.011833608150482178,-0.004234671592712402,-0.0031796693801879883,0.004720568656921387,-0.028777599334716797,-0.002712726593017578,-0.002108633518218994,-0.002309441566467285
2025-04-23,0.0029942989349365234,-0.03026282787322998,-0.01162707805633545,0.005695819854736328,-0.01537621021270752,0.007736325263977051,0.006461083889007568,-0.0014122724533081055,-0.016998589038848877,0.029002130031585693,0.006446719169616699,0.008421063423156738,-0.027863383293151855,0.01156914234161377,-0.012546181678771973,0.004776060581207275,-0.01947951316833496,0.005951821804046631,0.006749987602233887,-0.010703206062316895
2025-04-24,-0.021947503089904785,-0.0031385421752929688,-0.006160736083984375,-0.0005082488059997559,-0.012241601943969727,0.005313575267791748,-0.01661241054534912,0.0010073184967041016,0.00890207290649414,0.002141118049621582,-0.007701694965362549,0.006750226020812988,-0.01878279447555542,-0.0004649162292480469,-0.003130197525024414,-0.012630820274353027,-0.012457966804504395,0.032296180725097656,0.007579326629638672,-0.006324410438537598
2025-04-25,0.030292749404907227,-0.029201745986938477,0.016823291778564453,-0.016563773155212402,0.013929963111877441,0.020818769931793213,0.017213284969329834,-0.002747654914855957,-0.044117629528045654,0.02220785617828369,-0.01583033800125122,0.025022506713867188,-0.03791177272796631,0.020364105701446533,-0.02119356393814087,0.023169279098510742,0.03698951005935669,0.038530051708221436,-0.043571293354034424,0.03266596794128418
2025-04-28,-0.010957002639770508,-0.013329148292541504,0.02115410566329956,0.020831823348999023,-0.016352534294128418,-0.008514761924743652,-0.0016568899154663086,0.015209019184112549,0.015596866607666016,0.007790267467498779,0.006480813026428223,-2.2470951080322266e-05,-0.009948313236236572,-0.01822042465209961,0.010494232177734375,-0.024325251579284668,-0.028690099716186523,0.00536268949508667,0.014761924743652344,-0.024854540824890137
2025-04-29,0.006572127342224121,-0.04007697105407715,0.0055487751960754395,0.0009406805038452148,-0.006435751914978027,-0.0047522783279418945,0.007266104221343994,-0.0032930374145507812,0.005328059196472168,-0.020789504051208496,0.005042672157287598,0.014476418495178223,-0.03666967153549194,0.00041103363037109375,-0.012422800064086914,0.0065125226974487305,-0.0250704288482666,0.010293126106262207,0.022118806838989258,0.012826204299926758
2025-04-30,0.02216804027557373,0.0021448135375976562,0.016110122203826904,0.00151824951171875,0.016741394996643066,0.02606421709060669,0.027253806591033936,0.009566724300384521,-0.02306973934173584,0.05167365074157715,-0.021844863891601562,0.001905679702758789,-0.025602877140045166,0.0020560622215270996,0.009650588035583496,0.0038404464721679688,0.02081477642059326,-0.007527828216552734,-0.023215174674987793,-0.0004481077194213867
2025-05-02,-0.01281893253326416,-0.04380369186401367,0.0026863813400268555,0.0035370588302612305,-0.016032934188842773,-0.027898311614990234,-0.014926314353942871,0.005035042762756348,0.0004254579544067383,0.01553577184677124,-0.0071811676025390625,0.00375974178314209,0.003336668014526367,-0.019147276878356934,-0.008305847644805908,0.012861847877502441,0.009337961673736572,-0.031164050102233887,-0.0026274919509887695,-0.016270995140075684
2025-05-05,-0.055666208267211914,0.019172072410583496,0.004852652549743652,-0.00611424446105957,0.009556829929351807,-0.015229225158691406,0.00060272216796875,-0.0005164146423339844,0.00010633468627929688,-0.02320718765258789,0.010571479797363281,0.024544954299926758,0.02383267879486084,0.008059501647949219,0.00850832462310791,-0.0035015344619750977,-0.010882019996643066,0.01954430341720581,0.012393712997436523,-0.00837254524230957
2025-05-06,0.03352576494216919,0.006877601146697998,-0.006938576698303223,-0.05182027816772461,-0.025087594985961914,0.03208082914352417,-0.01700747013092041,-0.000954747200012207,0.0077610015869140625,0.024495303630828857,-0.026034295558929443,-0.005634427070617676,-0.019623756408691406,0.013505399227142334,-0.009820640087127686,0.017613887786865234,0.00022745132446289062,0.0247957706451416,-0.034123897552490234,0.010852158069610596
2025-05-07,-0.05318176746368408,-0.0004373788833618164,0.0021759867668151855,0.023326218128204346,-0.01309049129486084,-0.01600944995880127,-0.00432896614074707,-0.007708549499511719,0.004852771759033203,0.010927736759185791,-0.0004845261573791504,0.009451150894165039,0.006902217864990234,-0.007657766342163086,-0.009785056114196777,-0.04357767105102539,-0.008113384246826172,-0.032106876373291016,0.011756062507629395,-0.013180255889892578
2025-05-08,0.021594583988189697,0.0043718814849853516,0.013384103775024414,0.02627873420715332,0.015298128128051758,0.04138141870498657,0.012517690658569336,-0.006370425224304199,-0.02572178840637207,-0.012106180191040039,-0.0260159969329834,-0.025559663772583008,-0.017137348651885986,0.012766242027282715,-0.005915522575378418,0.03367471694946289,0.01331329345703125,0.019321799278259277,-0.02118128538131714,-0.04578489065170288
2025-05-09,-0.0067996978759765625,0.00885540246963501,-0.0007151365280151367,-0.004124164581298828,-0.028262972831726074,-0.0020481348037719727,-0.002152562141418457,-0.03721785545349121,-0.02855604887008667,0.03762626647949219,0.009290695190429688,0.010311722755432129,0.021341919898986816,-0.007836341857910156,0.007573723793029785,-0.0174410343170166,-0.02812933921813965,0.012511014938354492,0.010634303092956543,0.027798891067504883
2025-05-12,-0.0376439094543457,-0.004577994346618652,-0.033824920654296875,0.0065572261810302734,-0.03478443622589111,-0.03825795650482178,-0.04415273666381836,0.01674067974090576,-0.04381585121154785,-0.06347286701202393,0.03936874866485596,-0.03525495529174805,0.015023231506347656,-0.0188751220703125,-0.03234899044036865,-0.00339508056640625,0.014680802822113037,-0.035913825035095215,0.038480401039123535,0.003112196922302246
2025-05-13,0.004054605960845947,-0.009775876998901367,0.0016338825225830078,-0.04613041877746582,-0.0036296844482421875,0.016606926918029785,-0.02457141876220703,-0.001662135124206543,0.0027629733085632324,-0.010552525520324707,0.021192431449890137,-0.02327948808670044,0.006054878234863281,0.018822073936462402,-0.007866382598876953,0.028628289699554443,-0.022800803184509277,-0.007896661758422852,-0.014079570770263672,-0.05023270845413208
2025-05-14,0.005785346031188965,0.010409057140350342,-0.02484118938446045,-0.014599621295928955,0.012328922748565674,-0.01637411117553711,-0.028611302375793457,0.00541079044342041,-0.025895118713378906,-0.002807140350341797,-0.05838620662689209,-0.012055635452270508,0.02180016040802002,-0.0034078359603881836,-0.0025801658630371094,0.015572667121887207,-0.009711623191833496,-0.00525510311126709,0.002151012420654297,-0.009255588054656982
2025-05-15,-0.0,-0.0044869184494018555,-0.016500473022460938,-0.018288493156433105,-0.027753472328186035,-0.034998178482055664,-0.027273178100585938,-0.0023545026779174805,-0.014438509941101074,-0.013212442398071289,-0.04682469367980957,0.0032494068145751953,0.024607300758361816,-0.011038064956665039,-0.000965118408203125,0.002081453800201416,-0.011366963386535645,0.00883936882019043,0.016456007957458496,0.012168288230895996
2025-05-16,-0.022952556610107422,0.006004691123962402,-0.01518547534942627,-0.006288290023803711,0.007732808589935303,-0.030008792877197266,-0.014250993728637695,0.014730691909790039,-0.010342001914978027,-0.02088630199432373,-0.003354787826538086,-0.011534154415130615,0.009197711944580078,-0.021239161491394043,0.006556153297424316,-0.013314247131347656,-0.010446667671203613,-0.032700419425964355,0.008329391479492188,-0.000698089599609375
2025-05-19,-0.025492429733276367,-0.007956385612487793,-0.007756829261779785,-0.016373932361602783,-0.016810178756713867,-0.0036003589630126953,-0.02274155616760254,0.018324971199035645,-0.00942540168762207,-0.0028145313262939453,-0.018389582633972168,0.015794038772583008,0.0010126829147338867,0.002838432788848877,0.007505178451538086,-0.02130436897277832,0.022887706756591797,0.011700212955474854,0.010064005851745605,0.002017974853515625
2025-05-20,0.02989208698272705,-0.007601261138916016,-0.005433320999145508,-0.029513418674468994,-0.03868228197097778,0.01925891637802124,0.0016791820526123047,-0.0015309453010559082,0.01867467164993286,0.00032389163970947266,0.03666210174560547,0.001624464988708496,-0.0025290846824645996,0.007661640644073486,0.0212516188621521,0.008968770503997803,0.015688836574554443,-0.013154149055480957,-0.005816996097564697,-0.02602630853652954
2025-05-21,0.007200419902801514,-0.006818532943725586,-0.008008003234863281,0.0007456541061401367,0.007638692855834961,-0.006016254425048828,-0.00010192394256591797,0.004951834678649902,0.013402938842773438,-0.004427194595336914,-0.014839529991149902,-0.01114434003829956,-0.0035496950149536133,0.00544208288192749,0.00552821159362793,-0.0003389120101928711,-0.0521165132522583,0.008253753185272217,-0.004634439945220947,0.015428662300109863
2025-05-22,-0.00010669231414794922,-0.03710377216339111,0.017753422260284424,-0.0211145281791687,8.285045623779297e-05,0.009281337261199951,-0.0004076957702636719,0.008729338645935059,-0.020740389823913574,-0.02064073085784912,0.023018240928649902,0.01246488094329834,0.005852341651916504,0.017655491828918457,-0.002745985984802246,0.015620291233062744,-0.05749714374542236,0.005891203880310059,0.00023281574249267578,-0.010103404521942139
2025-05-23,-0.0009597539901733398,-0.0007641315460205078,0.013387620449066162,0.005413651466369629,-0.0102311372756958,0.0007727146148681641,-0.01808452606201172,-0.0017604827880859375,-0.008229255676269531,0.0010532736778259277,-0.010312199592590332,-0.007752478122711182,-0.006577193737030029,-0.009987950325012207,-0.012423276901245117,0.001721024513244629,-0.021721720695495605,0.00028210878372192383,0.01704883575439453,-0.002294480800628662
2025-05-26,0.0025569796562194824,0.010551154613494873,-0.02838122844696045,-0.01261991262435913,0.004268646240234375,0.011598706245422363,0.012159168720245361,-0.00303041934967041,-0.06428849697113037,-0.0064318180084228516,-0.07180321216583252,-0.003101944923400879,0.027374625205993652,-0.0007606744766235352,-0.004486083984375,0.0030342936515808105,-0.03593325614929199,-0.004986763000488281,0.00903940200805664,0.002458333969116211
2025-05-27,-0.022110700607299805,0.013329565525054932,-0.10587048530578613,0.012440323829650879,0.0065424442291259766,0.003618180751800537,0.0020261406898498535,-0.006303608417510986,-0.0026510953903198242,-0.003876328468322754,0.00542294979095459,-0.005731821060180664,0.0096665620803833,-0.018568754196166992,0.005779564380645752,0.0038388967514038086,-0.0003147125244140625,-0.057766079902648926,0.021035432815551758,-0.002689659595489502
2025-05-28,-0.0010449886322021484,-0.013865232467651367,-0.007314085960388184,-0.02003026008605957,-0.0026496052742004395,0.01850038766860962,-0.0006598234176635742,-0.039866626262664795,0.0012276172637939453,0.006157398223876953,-0.009176135063171387,0.01040029525756836,-0.0056462883949279785,-0.027585268020629883,0.008785843849182129,-0.005936861038208008,-0.014034032821655273,0.013513445854187012,-0.005164384841918945,0.0006345510482788086
2025-05-29,-0.002192258834838867,0.0065923333168029785,0.003936648368835449,0.0064411163330078125,-0.04155254364013672,-0.050147414207458496,0.02150648832321167,-0.020708739757537842,0.005105316638946533,0.00010496377944946289,0.005798220634460449,0.004168510437011719,0.00037038326263427734,-0.005187392234802246,-0.009530186653137207,0.0017601251602172852,-0.008440375328063965,-0.014019608497619629,-0.005079507827758789,0.00039637088775634766
2025-05-30,0.022395849227905273,-0.007624387741088867,0.0025821328163146973,-0.05964672565460205,-0.008445560932159424,0.03480285406112671,0.01492917537689209,-0.05245333909988403,0.016440212726593018,0.007771492004394531,0.005169332027435303,-0.011781036853790283,-0.016288280487060547,0.01336604356765747,-0.025613903999328613,0.010821878910064697,0.008923649787902832,0.007755756378173828,-0.004544436931610107,-0.0049127936363220215
2025-06-02,-0.0029834508895874023,0.008897900581359863,0.0107954740524292,0.008076190948486328,-0.0026207566261291504,0.01608055830001831,-0.0018417835235595703,0.004305839538574219,9.66191291809082e-05,0.017146527767181396,-0.001931905746459961,-0.031493425369262695,-0.0037631988525390625,-0.0010983943939208984,0.008689522743225098,-0.013247132301330566,-0.011798262596130371,-0.0030586719512939453,0.01065206527709961,0.013457536697387695
2025-06-03,0.0001062154769897461,-0.00452423095703125,-0.0019583702087402344,0.011612176895141602,0.013795256614685059,-0.012382864952087402,-0.03319668769836426,0.014431476593017578,-0.029857993125915527,-0.018414855003356934,0.006515979766845703,-0.003617405891418457,-0.041929006576538086,0.004127562046051025,-0.005129575729370117,-0.019110798835754395,-0.019945979118347168,-0.004354715347290039,0.009814858436584473,-0.0015714764595031738
2025-06-04,-0.0229494571685791,-0.008937358856201172,0.005063951015472412,-0.004627227783203125,0.006566286087036133,0.015499651432037354,0.003914594650268555,0.0141984224319458,0.00497281551361084,-0.020090937614440918,-0.007763385772705078,-0.003989815711975098,-0.011480331420898438,-0.04149937629699707,0.00025838613510131836,-0.031344056129455566,-0.011432647705078125,-0.003578484058380127,0.010768771171569824,0.011332392692565918
2025-06-05,-0.0005192756652832031,-0.01304316520690918,0.0043753981590271,-0.011979281902313232,-0.006094217300415039,0.003772437572479248,0.005359053611755371,-0.0020972490310668945,0.004526197910308838,-0.030994057655334473,0.003586113452911377,-0.011289477348327637,-0.021266460418701172,0.016598284244537354,0.013569414615631104,-0.019626498222351074,-0.012731313705444336,0.03232240676879883,0.01666390895843506,0.006770014762878418
2025-06-06,0.009965717792510986,-0.015973567962646484,0.013811647891998291,-0.022710800170898438,-0.007599592208862305,0.02019590139389038,0.005080044269561768,-0.0031388401985168457,-0.001610398292541504,0.0018097758293151855,0.007131457328796387,0.010114073753356934,-0.02737480401992798,0.0016648173332214355,0.0011135339736938477,-0.00540769100189209,0.029372036457061768,0.0028023719787597656,0.003976702690124512,-0.006260693073272705
2025-06-09,-0.014260172843933105,-0.011520743370056152,0.0009094476699829102,0.02203500270843506,-0.049123167991638184,-0.005874514579772949,-0.0003609657287597656,-0.0033951401710510254,-0.012199759483337402,-0.001813054084777832,-0.004094839096069336,0.005345582962036133,-0.008539855480194092,-0.009723186492919922,-0.001967310905456543,-0.000896453857421875,-0.018398642539978027,-0.0009636878967285156,-0.02820897102355957,-0.00583338737487793
2025-06-10,0.003618299961090088,0.01768726110458374,0.011651217937469482,0.0236433744430542,0.033468782901763916,-0.0018442869186401367,-0.0024747848510742188,0.012005925178527832,0.0028964877128601074,0.013975441455841064,0.02440166473388672,0.007392466068267822,-0.010190427303314209,0.002921879291534424,-0.007657527923583984,0.011035382747650146,-0.004754304885864258,-0.014083147048950195,-0.0020302534103393555,0.0007823705673217773
2025-06-11,0.007677912712097168,-0.02762240171432495,-0.00386810302734375,-0.0004425048828125,-0.021754980087280273,-0.003323793411254883,-0.040166616439819336,0.018704533576965332,-0.0007497072219848633,0.0064239501953125,-0.008565783500671387,-0.006762146949768066,0.006741046905517578,-0.01291954517364502,0.006170451641082764,0.00213468074798584,0.01892709732055664,-0.011936187744140625,0.00213015079498291,-0.005863010883331299
2025-06-12,0.017461299896240234,-0.007645368576049805,0.011559605598449707,-0.035856544971466064,0.031118690967559814,0.016207098960876465,0.023881375789642334,-0.019000649452209473,0.020037472248077393,0.021757006645202637,0.022761225700378418,-0.028137683868408203,-0.02240079641342163,0.00671696662902832,0.004378795623779297,-0.006644606590270996,-0.003918766975402832,-0.01594221591949463,-0.028739511966705322,-0.005425751209259033
2025-06-13,0.01649463176727295,-0.009966075420379639,-0.01188039779663086,0.009090900421142578,0.0068051815032958984,0.010568320751190186,0.002481997013092041,0.012495875358581543,0.010032474994659424,0.015002071857452393,0.007786989212036133,-0.002869129180908203,0.006351113319396973,-0.006154537200927734,0.01129060983657837,0.001964092254638672,-0.011890411376953125,-0.004427433013916016,-0.00782632827758789,0.00015807151794433594
2025-06-16,-0.0020557641983032227,0.03569638729095459,-0.009264349937438965,0.016016006469726562,0.011172175407409668,0.0007854104042053223,0.01838219165802002,-0.025783419609069824,-0.006080508232116699,0.0006390810012817383,-0.0002802610397338867,0.00671231746673584,-0.0049498677253723145,-0.04377484321594238,0.004514634609222412,0.00045174360275268555,-0.009436249732971191,0.0004042387008666992,0.011777997016906738,0.017786502838134766
2025-06-17,0.01608896255493164,-0.009443700313568115,-0.02781057357788086,-0.005015671253204346,-0.01849234104156494,0.00230562686920166,0.016243338584899902,-0.030954837799072266,-0.0008634328842163086,0.023979544639587402,0.004833638668060303,-0.042096853256225586,-0.024872541427612305,-0.0062220096588134766,-0.006535887718200684,0.0005810260772705078,-0.008583664894104004,0.0050514936447143555,-0.0012281537055969238,0.0036504268646240234
2025-06-18,0.011962294578552246,-0.019137084484100342,-0.0008842945098876953,-0.00801151990890503,0.007063329219818115,-0.0038340091705322266,-0.011305689811706543,0.00431978702545166,0.015527725219726562,0.01626986265182495,0.012248337268829346,-0.007781624794006348,-0.009565114974975586,0.008053004741668701,0.01663130521774292,0.007105052471160889,0.0033226609230041504,0.004221916198730469,-0.0074315667152404785,-0.012149810791015625
2025-06-19,0.028323888778686523,-0.005675792694091797,0.011485099792480469,-0.013157904148101807,-0.0054988861083984375,0.016690194606781006,0.005511641502380371,-0.024703502655029297,0.022587835788726807,0.027861058712005615,0.040407657623291016,0.021455764770507812,-0.0007725954055786133,0.0073212385177612305,0.0003368854522705078,0.019906282424926758,0.012633085250854492,0.005505561828613281,-0.020684123039245605,-0.011437475681304932
2025-06-20,-0.008916258811950684,-0.01912236213684082,0.007864892482757568,0.013057470321655273,-0.0051648616790771484,-0.008087635040283203,0.0012025237083435059,-0.018336951732635498,-0.006773591041564941,-0.0036537647247314453,0.031192004680633545,-0.010068416595458984,0.007603168487548828,-0.003188610076904297,0.003774583339691162,-0.005608677864074707,-0.006752729415893555,-0.02050769329071045,0.005280256271362305,0.004041552543640137
2025-06-23,-0.008724212646484375,0.00756525993347168,0.007116496562957764,0.02260148525238037,-0.001813650131225586,0.00844508409500122,-0.018688082695007324,-0.002955615520477295,-0.010883569717407227,-0.002844095230102539,-0.05281722545623779,0.009583771228790283,-0.006138980388641357,-0.007448792457580566,0.0014884471893310547,-0.0007920265197753906,-0.003530263900756836,-0.04238235950469971,-0.009137153625488281,0.008445143699645996
2025-06-24,-0.020330309867858887,0.006569981575012207,-0.02603888511657715,-0.0009763836860656738,-0.029740095138549805,-0.010486602783203125,0.0022096633911132812,0.023685336112976074,-0.01820504665374756,0.0015882253646850586,0.0443425178527832,0.005840420722961426,0.010680794715881348,-0.0055391788482666016,-0.017210960388183594,-0.006990909576416016,-0.002403855323791504,-0.016088128089904785,0.007840991020202637,0.008765816688537598
2025-06-25,-0.036107420921325684,-0.05537223815917969,-0.016889214515686035,-0.004353642463684082,0.014356911182403564,-0.02444291114807129,-0.08667659759521484,0.004662156105041504,-0.02874159812927246,-0.02863311767578125,-0.006399989128112793,-0.019748568534851074,-0.05373048782348633,0.001724541187286377,-0.0011991262435913086,-0.008776307106018066,0.005673527717590332,0.018232405185699463,0.029969334602355957,0.009698152542114258
2025-06-26,-0.011262178421020508,0.0043495893478393555,-0.02799999713897705,-0.0042833685874938965,0.032147109508514404,-0.012701272964477539,0.033838868141174316,0.02066648006439209,0.006447315216064453,0.00817406177520752,0.001514136791229248,0.004166603088378906,-0.013049840927124023,0.007101774215698242,-0.004657387733459473,-0.017529606819152832,-0.015647053718566895,-0.007623910903930664,-0.005000293254852295,-0.021822690963745117
2025-06-27,-0.0068291425704956055,-0.012286663055419922,-0.03434276580810547,0.004212141036987305,-0.06717562675476074,-0.007718086242675781,-0.03649568557739258,0.003445267677307129,0.007053494453430176,-0.12518095970153809,-0.006748080253601074,-0.030376791954040527,0.005248129367828369,-0.00456690788269043,-0.010463595390319824,-0.01285696029663086,-0.012625932693481445,-0.014065384864807129,-0.0016573071479797363,0.013197183609008789
2025-06-30,-0.0006262063980102539,-0.008024215698242188,-0.029522418975830078,0.008924603462219238,-0.0300140380859375,-0.0012596845626831055,-0.05063891410827637,0.02181077003479004,-0.012502312660217285,-0.025042057037353516,-0.0024852752685546875,0.0013880133628845215,-0.00455629825592041,0.012652337551116943,-0.0009174346923828125,-0.021198153495788574,-0.006520271301269531,-0.013200640678405762,0.0031595230102539062,-0.02535271644592285
2025-07-01,-0.010428667068481445,0.008896887302398682,-0.010564804077148438,-0.011410892009735107,-0.07169079780578613,0.014040589332580566,0.0009009242057800293,-0.018783748149871826,-0.02871835231781006,0.028775572776794434,0.012020111083984375,-0.014024615287780762,0.010145604610443115,-0.012083649635314941,0.002815544605255127,0.012985467910766602,0.022843480110168457,0.021997690200805664,-0.006512582302093506,-0.014820456504821777
2025-07-02,0.00020641088485717773,-0.007626891136169434,-0.004008769989013672,-0.015926897525787354,-0.022617876529693604,-0.018221735954284668,0.006852984428405762,-0.00617527961730957,0.013731002807617188,0.017796754837036133,-0.01414346694946289,0.0022710561752319336,0.001808762550354004,-0.003249645233154297,-0.010112285614013672,-0.01737499237060547,0.01494532823562622,-0.014673233032226562,0.003868699073791504,-0.0023844242095947266
2025-07-03,0.010116636753082275,-0.012191057205200195,-0.002974987030029297,0.027732372283935547,-0.01733386516571045,0.011930465698242188,-0.012075424194335938,-0.005592286586761475,0.004056811332702637,-0.01973879337310791,0.011096954345703125,0.00022560358047485352,0.006402492523193359,-0.01698744297027588,-0.012286186218261719,0.007249057292938232,0.006907165050506592,-0.0043762922286987305,0.011614799499511719,-0.017096519470214844
2025-07-04,0.006048619747161865,-0.010654449462890625,-0.004683494567871094,-0.0032735466957092285,4.470348358154297e-05,0.004007935523986816,0.01713460683822632,0.000255584716796875,0.0008330941200256348,0.008636116981506348,-0.0037910938262939453,-0.01183474063873291,0.004741668701171875,0.004388272762298584,0.010981261730194092,0.0004640817642211914,-0.002021193504333496,-0.015534758567810059,-0.00634920597076416,0.004165828227996826
2025-07-07,0.02056443691253662,-0.007857561111450195,-0.0003885030746459961,-0.009941399097442627,0.015131831169128418,-0.008557438850402832,0.0025556087493896484,-0.0027258992195129395,0.011118292808532715,0.016621649265289307,-0.009064078330993652,0.009527266025543213,0.017102360725402832,0.013720333576202393,0.0025323033332824707,-0.0027549266815185547,0.008246302604675293,-0.03320586681365967,-0.010436594486236572,0.0015411376953125
2025-07-08,0.011997878551483154,0.009030640125274658,-0.006912112236022949,-0.006544768810272217,-0.02641671895980835,0.0005050301551818848,0.011530101299285889,-0.019219279289245605,-0.005621671676635742,-0.003971099853515625,-0.032038331031799316,-0.03149688243865967,-0.005095720291137695,0.0032675862312316895,0.0015622377395629883,-0.014539718627929688,0.012322783470153809,0.0033401846885681152,-0.0036053061485290527,0.010216832160949707
2025-07-09,0.007372856140136719,0.007342815399169922,0.006093323230743408,0.0014438629150390625,0.04294252395629883,-0.0008590221405029297,-0.00703585147857666,-0.0045288801193237305,0.009130775928497314,-0.03438138961791992,0.014651477336883545,-0.01386880874633789,-0.04785454273223877,-0.004796862602233887,0.006259024143218994,0.0018256306648254395,0.0005450844764709473,0.01286226511001587,-0.0037803053855895996,0.012698650360107422
2025-07-10,0.02129983901977539,0.008652031421661377,-0.02498835325241089,-0.007569551467895508,-0.002258479595184326,-0.001565098762512207,-0.020224332809448242,-0.0041994452476501465,0.007898449897766113,-0.00019609928131103516,0.003238856792449951,0.02068495750427246,-0.025253653526306152,-0.030347347259521484,-0.005511045455932617,0.006370961666107178,-0.036238014698028564,0.009267866611480713,0.0031441450119018555,0.004663348197937012
2025-07-11,0.015625,0.015989363193511963,-0.013689935207366943,-0.028057754039764404,0.012014627456665039,-0.0021674633026123047,-0.03838527202606201,-0.009137272834777832,0.012321114540100098,0.021272361278533936,-0.0035448074340820312,-0.013768196105957031,0.02670353651046753,0.0007175207138061523,-0.02101004123687744,-0.02365320920944214,-0.030432581901550293,-0.005094051361083984,-0.020480990409851074,0.013375699520111084
2025-07-14,-0.00521540641784668,-0.022884249687194824,0.0045996904373168945,0.01784372329711914,0.025980710983276367,0.011820316314697266,-0.004165172576904297,0.008512139320373535,0.006525218486785889,-0.03495597839355469,-0.006770133972167969,0.018568217754364014,0.01998579502105713,0.0013103485107421875,-0.012130141258239746,-0.0041162967681884766,-0.013424098491668701,0.00027638673782348633,0.01947486400604248,-0.010263442993164062
2025-07-15,-0.01917433738708496,0.012509942054748535,0.02160811424255371,0.015878915786743164,-0.01647663116455078,-0.0055991411209106445,-0.003024578094482422,0.012162208557128906,-0.028977155685424805,0.006871283054351807,-0.0001461505889892578,-0.02040576934814453,-0.015325188636779785,-0.03009796142578125,0.011402010917663574,0.017101049423217773,0.010057210922241211,-0.043137550354003906,0.008063197135925293,-0.021683096885681152
2025-07-16,-0.008964180946350098,0.009451031684875488,-0.0029878616333007812,-0.0023491978645324707,0.013896584510803223,0.008199989795684814,0.003187716007232666,-0.008773207664489746,0.0044119954109191895,-0.0020464658737182617,0.013301193714141846,0.023205876350402832,-0.014499545097351074,0.01620328426361084,-0.0034020543098449707,-0.0069487690925598145,-0.011453866958618164,-0.034726619720458984,0.00944817066192627,0.0034876465797424316
2025-07-17,-0.0009871721267700195,0.015022337436676025,0.0022870302200317383,0.0050716400146484375,-0.01336979866027832,-0.0004082918167114258,0.005185842514038086,0.005959033966064453,0.0020742416381835938,-0.00690460205078125,0.004073798656463623,-0.0011484622955322266,0.01042640209197998,-0.007650256156921387,0.00147247314453125,0.0004061460494995117,-0.002830803394317627,-0.016652464866638184,-0.0018613338470458984,-0.03157353401184082
2025-07-18,0.021148383617401123,-0.04623520374298096,-0.0011015534400939941,-0.01126331090927124,-0.015212833881378174,0.005764663219451904,-0.001042485237121582,0.016115903854370117,0.003117978572845459,0.0072435736656188965,0.0029004812240600586,0.01994609832763672,0.004498600959777832,0.0036026835441589355,-0.011495769023895264,-0.0048087239265441895,-0.015910744667053223,-0.018311619758605957,-0.006926298141479492,0.008373737335205078
2025-07-21,0.01063472032546997,-0.015702664852142334,-0.009373784065246582,0.005559086799621582,0.012245774269104004,0.006311297416687012,-0.00859224796295166,0.021118521690368652,-0.001326918601989746,0.007296442985534668,0.0021630525588989258,-0.02057790756225586,-0.003210783004760742,-0.012667179107666016,0.0024340152740478516,-0.017790555953979492,0.001341700553894043,-0.035469770431518555,0.009067058563232422,-0.03916430473327637
2025-07-22,-0.04288297891616821,-0.009074270725250244,-0.0011927485466003418,-0.0027188658714294434,0.0063266754150390625,0.00454401969909668,-0.004732847213745117,-0.004953503608703613,0.0018930435180664062,-0.005782127380371094,0.012109458446502686,-0.004809260368347168,0.015054464340209961,0.022309601306915283,-0.010387182235717773,0.001948714256286621,0.0008039474487304688,0.015222668647766113,0.02366018295288086,-0.012749552726745605
2025-07-23,0.009575605392456055,-0.011077463626861572,0.011623263359069824,0.015812397003173828,-0.009727776050567627,0.0004150271415710449,-0.013788938522338867,0.00956261157989502,-0.013561010360717773,-0.003312826156616211,0.003934621810913086,-0.011995792388916016,0.021663248538970947,0.0013725757598876953,-0.005316197872161865,0.018013715744018555,-0.007497668266296387,-0.008845090866088867,0.009816646575927734,-0.0062253475189208984
2025-07-24,0.015690922737121582,-0.014338016510009766,0.0016525983810424805,-0.00796210765838623,0.04156661033630371,0.0021795034408569336,-0.0022810697555541992,-0.0036773681640625,0.002713322639465332,0.0035932064056396484,-0.0035703182220458984,-0.004808783531188965,0.02054375410079956,-0.009694695472717285,-0.0037001967430114746,-0.013341724872589111,-0.0049912333488464355,0.004504561424255371,-0.026437580585479736,0.0010998845100402832
2025-07-25,-0.007954835891723633,0.01022803783416748,-0.004399776458740234,-0.02966904640197754,0.006054043769836426,0.0105055570602417,0.010198891162872314,-0.018846333026885986,0.02364206314086914,0.02855747938156128,0.02142155170440674,0.01461327075958252,0.02499377727508545,0.005299031734466553,-0.006327331066131592,-0.034789204597473145,-0.016743481159210205,-0.01023775339126587,-0.005283176898956299,0.0059871673583984375
2025-07-28,-0.004067420959472656,0.005849719047546387,-0.0013415217399597168,-0.015055716037750244,-0.012240111827850342,-0.023862123489379883,-0.004853963851928711,-0.008150637149810791,0.013068079948425293,0.0346142053604126,-0.0057239532470703125,-0.019806504249572754,0.009274780750274658,-0.005107402801513672,-0.0037375688552856445,0.005195975303649902,-0.002619802951812744,-0.007864654064178467,-0.007488906383514404,-0.01059257984161377
2025-07-29,-0.03173863887786865,0.0019385814666748047,0.0038720369338989258,0.005283951759338379,0.034191250801086426,0.004361510276794434,-0.024406790733337402,0.0160905122756958,-0.016259431838989258,-0.01122426986694336,-0.009844660758972168,-0.009073972702026367,-0.01664292812347412,-0.03318750858306885,0.004863142967224121,0.017470359802246094,0.0002764463424682617,0.04204726219177246,-0.07026278972625732,0.0052065253257751465
2025-07-30,-0.007690548896789551,0.0023069381713867188,-0.0026763081550598145,0.010324716567993164,-0.06303596496582031,0.012491226196289062,-0.0226670503616333,0.016599297523498535,-0.011496424674987793,0.015621781349182129,-0.007996916770935059,-0.007924199104309082,-0.018672466278076172,-0.017578601837158203,-0.006498932838439941,-0.007556259632110596,-0.00013822317123413086,-0.07863402366638184,-0.0013499259948730469,0.005715787410736084
2025-07-31,-0.05712687969207764,-0.01566559076309204,-0.0019731521606445312,-0.04329240322113037,-0.01458883285522461,-0.025521516799926758,0.0021840929985046387,-0.00027817487716674805,0.009850382804870605,0.012215495109558105,0.006649017333984375,0.02732396125793457,0.010671675205230713,0.01695120334625244,-0.0014613866806030273,-0.014806389808654785,-0.017209231853485107,0.005442678928375244,0.01877462863922119,0.025072753429412842
2025-08-01,-0.03261512517929077,-0.020742177963256836,-0.01075524091720581,0.006603121757507324,0.03752696514129639,-0.01119321584701538,-0.023429274559020996,-0.027406811714172363,0.01061791181564331,0.021773576736450195,-0.0002281665802001953,0.0071912407875061035,-0.016497492790222168,0.01427924633026123,-0.003832995891571045,-0.01828467845916748,-0.029043614864349365,0.027824878692626953,0.026512622833251953,-0.0549161434173584
2025-08-04,-0.027685463428497314,0.013556241989135742,-0.0005595684051513672,0.026722073554992676,0.018607139587402344,-0.0012639164924621582,-0.011207044124603271,0.00477755069732666,-0.008701562881469727,-0.026148080825805664,-0.0034220218658447266,-0.017759203910827637,-0.001123666763305664,0.012457668781280518,-0.032531142234802246,0.021841049194335938,-0.040486693382263184,-0.01133739948272705,-0.017668604850769043,-0.06998419761657715
2025-08-05,-0.029106557369232178,0.015122771263122559,0.004799246788024902,-0.066428542137146,-0.030210018157958984,0.004126548767089844,0.0036940574645996094,-0.0046125054359436035,-0.011118531227111816,0.00737076997756958,0.008866965770721436,-0.014900445938110352,0.007357537746429443,0.006935775279998779,-0.015515923500061035,-0.0024914145469665527,-0.03856325149536133,0.008231401443481445,0.00940006971359253,-0.012294530868530273
2025-08-06,0.006517171859741211,-0.0029944777488708496,-0.04171311855316162,-0.003524184226989746,0.04375720024108887,-0.0068492889404296875,0.0009200572967529297,-0.039588093757629395,0.0014219284057617188,0.03076273202896118,0.011469662189483643,0.023374855518341064,0.033919572830200195,0.005937755107879639,-0.014745116233825684,-0.024286866188049316,-0.006300210952758789,0.04394906759262085,0.015245020389556885,0.021028578281402588
2025-08-07,-0.019813477993011475,-0.004279911518096924,-0.05673700571060181,0.01378399133682251,0.023079276084899902,0.006399989128112793,-0.044626474380493164,0.011666297912597656,-0.07651418447494507,0.01280510425567627,-0.010674476623535156,0.020571649074554443,0.0002601146697998047,0.0149574875831604,-0.0029587745666503906,-0.021826207637786865,0.007859349250793457,0.025878489017486572,-0.009952068328857422,-0.00021266937255859375
2025-08-08,-0.008851885795593262,-0.00030165910720825195,-0.018494069576263428,-0.055372655391693115,0.010831356048583984,-0.010032296180725098,-0.02239328622817993,0.029398679733276367,-0.009971201419830322,0.0036585330963134766,-0.02410835027694702,0.027870357036590576,0.021982252597808838,0.026020169258117676,-0.009964585304260254,-0.014772295951843262,0.02913534641265869,0.020370066165924072,0.013242959976196289,0.023672878742218018
2025-08-11,-0.0005332231521606445,-0.002338409423828125,0.01049792766571045,-0.0156441330909729,-0.008883953094482422,-0.02204000949859619,0.02755904197692871,0.017496585845947266,0.0005191564559936523,0.006453752517700195,-0.024468660354614258,-0.0022852420806884766,0.01875251531600952,0.016687512397766113,-0.0050629377365112305,0.006570696830749512,-0.029663920402526855,-0.010916709899902344,-0.006446242332458496,-0.007187008857727051
2025-08-12,-0.007602035999298096,-0.024648427963256836,0.0019534826278686523,0.027572989463806152,0.0181848406791687,-0.010023832321166992,0.017415523529052734,-0.0031529664993286133,0.00923621654510498,-0.05118143558502197,-0.0008842945098876953,-0.014716506004333496,-0.0449986457824707,0.0040999650955200195,-0.0015499591827392578,-0.011736154556274414,0.02007925510406494,-0.01902639865875244,0.007559835910797119,0.007279813289642334
2025-08-13,0.02875959873199463,-0.0006201267242431641,0.0018610954284667969,-0.017422974109649658,0.0581929087638855,-0.0049353837966918945,-0.025590598583221436,0.011786282062530518,0.006992220878601074,-0.009375691413879395,0.0019310712814331055,-0.00469815731048584,0.014526605606079102,0.01698845624923706,0.012767612934112549,0.0031621456146240234,-0.030633211135864258,-0.00428926944732666,0.004020273685455322,0.0036302804946899414
2025-08-14,-0.017374277114868164,-0.015048086643218994,-0.0005307197570800781,0.002465367317199707,-0.042299628257751465,0.008914768695831299,0.021168231964111328,0.001855313777923584,-0.009905040264129639,0.014882862567901611,-0.00216829776763916,-0.01616346836090088,0.0042116641998291016,0.02186763286590576,-0.007642030715942383,-0.004658162593841553,-0.004056096076965332,0.017753899097442627,0.008391797542572021,0.0034978389739990234
2025-08-18,0.020340323448181152,0.003228902816772461,-0.02265685796737671,0.011634588241577148,-0.023669838905334473,0.024830341339111328,0.012386083602905273,-0.001475214958190918,0.013201355934143066,-0.009428858757019043,-0.028973817825317383,-0.00890350341796875,-0.038725972175598145,-0.01631343364715576,0.002787292003631592,-0.030894875526428223,0.009470224380493164,0.015431821346282959,-0.013229727745056152,-0.010530233383178711
2025-08-19,0.014853477478027344,0.00792837142944336,0.0076972246170043945,0.028237462043762207,0.011000871658325195,-0.001712203025817871,-0.026508033275604248,-0.005980491638183594,0.020969033241271973,-0.01921248435974121,-0.00391077995300293,0.002379775047302246,-0.0006362199783325195,-0.0038928985595703125,-0.005980253219604492,3.409385681152344e-05,0.017249464988708496,-0.013682007789611816,-0.001850128173828125,-0.023663043975830078
2025-08-20,0.011426329612731934,-0.002725839614868164,0.0033249855041503906,0.023824691772460938,-0.015446662902832031,-0.000606536865234375,0.008640170097351074,-0.000790715217590332,0.018943190574645996,0.005207240581512451,0.008024930953979492,0.0039757490158081055,0.00902855396270752,-0.008446216583251953,0.0034245848655700684,0.0018433332443237305,0.016055524349212646,-0.008286356925964355,0.003113090991973877,-0.008695125579833984
2025-08-21,-0.030464589595794678,-0.008980870246887207,0.0021495819091796875,-0.0005328655242919922,-0.004009604454040527,0.002149045467376709,0.01271963119506836,0.00833970308303833,0.007240772247314453,-0.0014656782150268555,0.0027489662170410156,0.004091382026672363,0.015013515949249268,-0.019226670265197754,0.001815497875213623,0.003898441791534424,-0.00815880298614502,-0.005507111549377441,0.004710733890533447,0.001401662826538086
2025-08-22,0.001047372817993164,-0.024034619331359863,-0.013495385646820068,-0.001955091953277588,0.002470254898071289,0.0030925869941711426,0.0064934492111206055,-0.010416388511657715,-0.0018457770347595215,0.018503010272979736,0.005828142166137695,-0.00811624526977539,0.009379804134368896,0.0012145042419433594,-0.002663135528564453,-0.0016134977340698242,-0.018105745315551758,-0.007836103439331055,0.0022867918014526367,-0.0056143999099731445
2025-08-25,0.01634836196899414,-0.0013850927352905273,-0.0032614469528198242,-0.010417580604553223,0.01362001895904541,-0.01384890079498291,-0.0022071003913879395,-0.0065125226974487305,-0.0024330615997314453,0.007029533386230469,0.002614259719848633,0.0062618255615234375,-0.001972675323486328,-0.008046269416809082,-0.006413578987121582,0.0019879937171936035,0.01286625862121582,0.01822584867477417,-0.013005733489990234,-0.008863091468811035
2025-08-26,-0.00656282901763916,-0.03773152828216553,-0.03090345859527588,-0.005398571491241455,0.007489800453186035,-0.007321596145629883,-0.03760427236557007,0.019149839878082275,-0.007414638996124268,0.022632181644439697,-0.019539356231689453,-0.040608108043670654,0.014306366443634033,0.02797597646713257,0.0021242499351501465,0.02146512269973755,0.028729379177093506,0.0292089581489563,0.01573270559310913,-0.0004150867462158203
2025-08-28,-0.023445546627044678,0.00806581974029541,-0.011630117893218994,-0.01981186866760254,0.0450252890586853,0.018387973308563232,-0.0024752020835876465,-0.011891722679138184,-0.010320425033569336,0.010755062103271484,0.00685572624206543,-0.01855713129043579,0.00652468204498291,0.020701289176940918,0.012127399444580078,-0.0005615949630737305,0.029508888721466064,0.005614042282104492,0.018710553646087646,0.00885075330734253
2025-08-29,-0.002254962921142578,-0.005228579044342041,-0.007117092609405518,-0.0030457377433776855,-0.01938021183013916,0.01204615831375122,-0.0023041367530822754,0.0019294023513793945,0.0035753250122070312,0.010650157928466797,-0.0007059574127197266,-0.00414276123046875,0.0040209293365478516,0.0037748217582702637,0.004048645496368408,0.005051255226135254,0.0013031363487243652,0.0011467337608337402,-0.003159761428833008,0.0013255476951599121
2025-09-01,0.0039882659912109375,0.006928443908691406,-0.0033451318740844727,0.008794665336608887,-0.013121962547302246,-0.0005593299865722656,0.003641843795776367,0.005360126495361328,0.02810490131378174,-0.015137910842895508,0.0015677809715270996,-0.0028373003005981445,-0.008881807327270508,-0.019730448722839355,-0.024586915969848633,-0.021647214889526367,-0.018195033073425293,-0.0053871870040893555,-0.02079939842224121,-0.017045021057128906
2025-09-02,0.01443326473236084,0.007908940315246582,-0.0022056102752685547,0.0260622501373291,0.014448046684265137,0.016825973987579346,-0.022922396659851074,-0.0042994022369384766,0.0008662939071655273,-0.020103812217712402,-0.0018057823181152344,0.017350435256958008,-0.01120448112487793,0.0038484930992126465,-0.0005120038986206055,-0.0017944574356079102,0.0019934773445129395,-0.0030745267868041992,0.008937537670135498,0.02376532554626465
2025-09-03,0.006265521049499512,0.005178928375244141,-0.005093693733215332,0.019139647483825684,-0.021295905113220215,-0.0019899606704711914,0.01775360107421875,0.0071839094161987305,-0.0017311573028564453,-0.00606381893157959,-0.009169220924377441,0.018421530723571777,-0.013190865516662598,-0.0011990070343017578,0.004796922206878662,-0.015845656394958496,-0.019617676734924316,-0.03432869911193848,-0.008320331573486328,-0.0069653987884521484
2025-09-04,-0.012063860893249512,-0.0010929107666015625,-0.012364745140075684,-0.021237313747406006,0.02492886781692505,0.007319986820220947,0.001958012580871582,-0.00035440921783447266,-0.008092522621154785,0.01582169532775879,-0.002795696258544922,-0.015465915203094482,0.019268333911895752,0.0043909549713134766,-0.0023136138916015625,0.02004075050354004,0.01637166738510132,0.010244667530059814,0.00047916173934936523,0.02822798490524292
2025-09-05,-0.011160731315612793,-0.015473604202270508,-0.005770742893218994,-0.007621288299560547,0.016594111919403076,-5.710124969482422e-05,-0.011547327041625977,0.009860992431640625,-0.020104825496673584,0.005249381065368652,0.004801392555236816,-0.021937966346740723,0.0075667500495910645,0.02063506841659546,0.0076943039894104,0.013183772563934326,0.0102425217628479,0.02566295862197876,0.005645811557769775,0.009419083595275879
2025-09-08,0.034258484840393066,0.004842042922973633,-0.005017220973968506,-0.006957054138183594,0.03219801187515259,0.002400636672973633,-0.04088783264160156,-0.004413008689880371,0.00019824504852294922,0.005386948585510254,-0.010660648345947266,0.0024874210357666016,-0.03009629249572754,-0.009197592735290527,-0.0027785301208496094,-0.0124131441116333,-0.0014373064041137695,0.0065847039222717285,-0.010552167892456055,-0.02460622787475586
2025-09-09,-0.0037232041358947754,0.0032387971878051758,0.009096264839172363,-0.02119910717010498,-0.014277815818786621,0.0035524368286132812,0.002904534339904785,-0.08009505271911621,0.0017838478088378906,0.004089772701263428,0.004773616790771484,0.020470619201660156,0.0005193948745727539,0.0005949735641479492,0.0012243390083312988,-0.01620948314666748,0.0038033723831176758,-0.0007070302963256836,-0.002385258674621582,0.0025503039360046387
2025-09-10,0.0023195743560791016,0.010866165161132812,0.0012737512588500977,0.013385295867919922,-0.0010377168655395508,0.0007474422454833984,0.014573931694030762,-0.029546737670898438,0.0032644271850585938,-0.0397336483001709,-0.0003094673156738281,0.0014673471450805664,-0.00987398624420166,-0.0031659603118896484,0.009483814239501953,-0.015064716339111328,-0.009724855422973633,-0.012540817260742188,0.0005816817283630371,0.010014176368713379
2025-09-11,0.007328391075134277,0.0009347200393676758,0.0009785890579223633,-0.003393828868865967,-0.006580471992492676,-0.006675124168395996,-0.001749575138092041,0.031101524829864502,-0.0006902217864990234,-0.013983845710754395,0.0034029483795166016,-0.003118753433227539,-0.008619546890258789,-0.009144425392150879,-0.002996087074279785,-0.002451181411743164,0.0022829174995422363,0.00593113899230957,-0.02460312843322754,-0.006743669509887695
2025-09-12,-0.005998730659484863,-0.0051361918449401855,-0.002444028854370117,-0.007363080978393555,0.00201493501663208,-0.00011432170867919922,-0.010607898235321045,-0.023806214332580566,-0.002565324306488037,0.011053800582885742,0.0006208419799804688,0.005920886993408203,0.019005119800567627,0.010718822479248047,0.0003247261047363281,0.004622340202331543,-0.029889225959777832,0.026585876941680908,0.00722956657409668,0.012185633182525635
2025-09-15,-0.0012840032577514648,0.008369803428649902,0.0010780096054077148,-0.0006489753723144531,0.006191670894622803,0.0017147064208984375,0.0025173425674438477,0.0019107460975646973,0.0010881423950195312,0.0078774094581604,-0.014055013656616211,-0.001878499984741211,-0.018073081970214844,-0.005971431732177734,0.0015590786933898926,0.007739663124084473,-0.005623817443847656,0.003966152667999268,-0.014720439910888672,-0.0007214546203613281
2025-09-16,0.004371285438537598,0.003335714340209961,-0.022026419639587402,0.012154340744018555,-0.022844314575195312,-0.023302435874938965,0.011903643608093262,0.0034784674644470215,0.0037549734115600586,0.004828333854675293,0.0029098987579345703,0.017314910888671875,0.002426624298095703,0.003035128116607666,-0.0,-0.0010513067245483398,-0.008630156517028809,-0.0,-0.00733029842376709,-0.013120055198669434
2025-09-17,-0.0010240674018859863,0.011752009391784668,0.004789292812347412,0.01604175567626953,-0.027277469635009766,-0.032227396965026855,0.007076621055603027,0.0013799667358398438,-0.00029534101486206055,-0.008948802947998047,0.010367870330810547,0.021419167518615723,-0.004736900329589844,-0.011099696159362793,0.003903687000274658,0.0012873411178588867,-0.014443159103393555,-0.02995467185974121,-0.023001432418823242,-0.0027750730514526367
2025-09-18,0.0017938613891601562,0.0003056526184082031,-0.0004812479019165039,-0.011909127235412598,0.00975334644317627,0.016261041164398193,-0.0015514492988586426,-0.006232023239135742,0.016642093658447266,-0.0041675567626953125,-0.00046563148498535156,-0.015033245086669922,0.010958194732666016,0.012603282928466797,0.0025473833084106445,0.003561735153198242,0.013697683811187744,0.0079079270362854,0.015818536281585693,0.008089125156402588
2025-09-19,0.005883932113647461,-0.031168818473815918,-0.028763771057128906,-0.008035004138946533,0.018744289875030518,0.0050691962242126465,-0.025408923625946045,-0.02361583709716797,-0.006199181079864502,0.0059593915939331055,-0.02040022611618042,-0.020534098148345947,-0.06557583808898926,-0.006881237030029297,0.0018990635871887207,0.00010216236114501953,-0.0037627220153808594,-0.06598174571990967,-0.004397273063659668,0.011231184005737305
2025-09-22,-0.009155690670013428,-0.013247132301330566,0.019076108932495117,-0.006351292133331299,-0.005085110664367676,-0.003101348876953125,0.007690072059631348,-0.02299213409423828,-0.012280702590942383,0.025371968746185303,0.010214567184448242,-0.01679253578186035,0.025027155876159668,0.016697049140930176,0.003411591053009033,0.007898688316345215,0.014176666736602783,0.032568931579589844,0.019776523113250732,0.012009799480438232
2025-09-23,-0.007828593254089355,0.00031960010528564453,-0.03298377990722656,-0.0049097537994384766,0.007611095905303955,-0.005410432815551758,-0.006886959075927734,0.006223142147064209,-0.0060193538665771484,0.00779879093170166,0.015833258628845215,-0.004582703113555908,0.026289701461791992,0.011747360229492188,-0.019552290439605713,0.0037062764167785645,0.01721513271331787,0.0257643461227417,0.01442575454711914,0.0082014799118042
2025-09-24,-0.008278310298919678,0.0007988214492797852,-0.0075907111167907715,-0.008005917072296143,0.011038661003112793,-0.026522517204284668,0.005810260772705078,0.018398284912109375,-0.004765212535858154,-0.03586852550506592,-0.016743838787078857,-0.013193607330322266,0.007386624813079834,-0.0008825063705444336,-0.020277976989746094,-0.001343369483947754,0.01357722282409668,0.007052183151245117,-0.004427552223205566,0.0015504956245422363
2025-09-25,-0.007695376873016357,-0.006305873394012451,-0.009635448455810547,-0.009196639060974121,-0.003496527671813965,0.004011988639831543,-0.01080787181854248,0.002873361110687256,0.0019949674606323242,0.01186281442642212,0.001020193099975586,0.025767922401428223,0.016936123371124268,0.015376150608062744,0.015663087368011475,0.009631574153900146,-0.00898587703704834,0.01313924789428711,0.012342512607574463,0.010426759719848633
2025-09-26,-0.015247046947479248,-0.030926167964935303,0.012838482856750488,-0.015533268451690674,0.02318418025970459,0.007250666618347168,-0.02835071086883545,0.0273628830909729,-0.009855687618255615,0.0211983323097229,-0.009564101696014404,-0.037038564682006836,0.021012842655181885,0.0239560604095459,0.013973355293273926,-0.025077342987060547,0.0270003080368042,0.0366138219833374,0.0225256085395813,0.03153485059738159
2025-09-29,-0.004671633243560791,-0.0005802512168884277,-0.02475738525390625,-0.021743357181549072,-0.023688673973083496,0.008006930351257324,-0.018224120140075684,0.0008426308631896973,-0.005630373954772949,0.010828733444213867,-0.018363118171691895,-0.004591941833496094,0.0014664530754089355,-0.001347661018371582,0.005424439907073975,-0.0031707286834716797,0.01605403423309326,0.0075637102127075195,0.00580143928527832,-0.009567975997924805
2025-09-30,0.005498170852661133,0.005059242248535156,-0.023050367832183838,0.004622340202331543,-0.004422545433044434,-0.0008180141448974609,0.012539505958557129,-0.008678197860717773,-0.0070778727531433105,0.0157507061958313,0.0071762800216674805,0.015223383903503418,0.0024031996726989746,-0.006070494651794434,-0.0008181333541870117,0.009149432182312012,0.01616835594177246,-0.003481268882751465,0.00599747896194458,-0.002445697784423828
2025-10-01,0.012536764144897461,0.021043062210083008,0.021286725997924805,-0.0002936720848083496,-0.001156449317932129,-0.0034875869750976562,0.009263753890991211,-0.0016721487045288086,0.010590672492980957,-0.017478227615356445,0.003362417221069336,0.0018608570098876953,-0.02489292621612549,-0.020093917846679688,-0.005040884017944336,-0.029572129249572754,-0.0036020278930664062,-0.02025318145751953,0.0025004148483276367,-0.008615493774414062
2025-10-03,0.002634406089782715,-0.00848621129989624,0.028903484344482422,0.01782214641571045,-0.022434473037719727,-0.005593299865722656,0.006666660308837891,0.003365635871887207,0.012293338775634766,-0.007250428199768066,-0.0064629316329956055,-0.0065225958824157715,-0.003134012222290039,-0.009179353713989258,-0.009624481201171875,-0.004230976104736328,-0.03581571578979492,0.010568857192993164,-0.008664369583129883,-0.018973469734191895
2025-10-06,-0.008276402950286865,-0.01271599531173706,-0.011394917964935303,-0.0052915215492248535,-0.02129042148590088,0.0043201446533203125,0.0037431716918945312,0.015723347663879395,-0.011646389961242676,-0.01173865795135498,-0.012929677963256836,-0.00558704137802124,0.01679253578186035,-0.003704667091369629,0.00040274858474731445,-0.007124781608581543,-0.020717501640319824,-0.006130337715148926,-0.0013506412506103516,-0.010905027389526367
2025-10-07,-0.00026494264602661133,0.007100343704223633,-0.0011605620384216309,-0.012186884880065918,0.02641993761062622,0.022670626640319824,-0.0007650256156921387,-0.014355182647705078,0.0007050037384033203,-0.01072680950164795,-0.0001627206802368164,-0.000459134578704834,-0.002515554428100586,0.013111472129821777,0.012155771255493164,-0.008366823196411133,-0.00021219253540039062,0.013386249542236328,0.005125463008880615,0.0022014975547790527
2025-10-08,-0.005565166473388672,-0.014182627201080322,0.0007612705230712891,-0.00058746337890625,0.02010136842727661,0.003718078136444092,0.011004805564880371,-0.007495403289794922,-0.0044283270835876465,-0.00021648406982421875,-0.004638314247131348,0.018831610679626465,-0.02522444725036621,0.02378028631210327,-0.015500664710998535,-0.0026645660400390625,0.009616076946258545,0.008515000343322754,0.015292823314666748,0.007428109645843506
2025-10-09,0.013990640640258789,-0.003991663455963135,0.012471795082092285,-0.006466209888458252,-0.0006244182586669922,0.008076667785644531,-0.018173158168792725,-0.01794111728668213,0.004650235176086426,0.019597172737121582,0.010546088218688965,-0.015370786190032959,0.00012880563735961914,-0.009749531745910645,-0.011180281639099121,-0.0081406831741333,-0.01656317710876465,0.009720563888549805,0.0020377039909362793,-0.0003705024719238281
2025-10-10,-0.006570279598236084,0.007263898849487305,-0.009984970092773438,-0.017158031463623047,0.010384202003479004,-0.004773139953613281,-0.010411679744720459,0.01638484001159668,0.002213716506958008,-0.006073951721191406,0.0029124021530151367,0.03368508815765381,0.0014172196388244629,-0.0093156099319458,-0.00013244152069091797,-0.009209513664245605,0.009059607982635498,-0.005908608436584473,0.0033110976219177246,-0.009258627891540527
2025-10-13,0.010052919387817383,-0.006216824054718018,-0.00025969743728637695,0.0015050172805786133,0.0005854964256286621,0.00944507122039795,0.009254693984985352,0.012124478816986084,0.0005019903182983398,-0.027332663536071777,-0.003387928009033203,0.014469265937805176,0.01238548755645752,0.005582690238952637,-0.0019197463989257812,-0.00757145881652832,0.007795870304107666,0.006631910800933838,-0.008305191993713379,0.011008381843566895
2025-10-14,-0.017810344696044922,-0.029860734939575195,-0.006452500820159912,-0.031857311725616455,0.018970727920532227,0.0071089863777160645,0.0027992725372314453,0.012056112289428711,-0.015554428100585938,0.004060328006744385,0.0005666017532348633,0.017922043800354004,0.010058820247650146,-0.002905726432800293,0.014734089374542236,0.0011156797409057617,0.0017142891883850098,0.007343769073486328,-0.003514409065246582,0.005713820457458496
2025-10-15,-0.008533358573913574,-0.008425772190093994,0.018658876419067383,0.0038286447525024414,-0.009691715240478516,-0.004943728446960449,-0.004331529140472412,0.006211459636688232,-0.02313971519470215,-0.012552261352539062,-0.0005662441253662109,-0.002389669418334961,0.01055687665939331,-8.440017700195312e-05,-0.006437778472900391,-0.014651775360107422,-0.0054378509521484375,0.0042275190353393555,0.011162817478179932,-0.011493444442749023
2025-10-16,0.012775659561157227,0.010665059089660645,0.009257316589355469,0.010720610618591309,0.016377031803131104,-0.0039016008377075195,-0.0027069449424743652,-0.03559374809265137,0.0009962916374206543,0.0084763765335083,0.002185344696044922,0.0355226993560791,-0.01053619384765625,0.0014063715934753418,-0.014792084693908691,-0.03283035755157471,0.0012097954750061035,0.0009648799896240234,-0.019257426261901855,-0.004058122634887695
2025-10-17,-0.004647433757781982,0.02127659320831299,-0.017562448978424072,-0.01244264841079712,0.007214784622192383,0.0029289722442626953,-0.009112000465393066,0.006970226764678955,0.009274959564208984,0.0247916579246521,-0.0060572028160095215,0.010103344917297363,0.04447674751281738,-0.0064220428466796875,-0.01293492317199707,0.006457686424255371,-0.0016387701034545898,-0.016805171966552734,0.01981651782989502,0.009185791015625
2025-10-20,-0.005736351013183594,-0.005040347576141357,-0.005354940891265869,-0.00227200984954834,-0.013230204582214355,0.006496429443359375,0.006260991096496582,-0.006293058395385742,-0.0019125938415527344,-0.008108735084533691,-0.009750545024871826,0.008827924728393555,0.001933753490447998,0.010914862155914307,0.010630667209625244,-0.0033129453659057617,-0.001849532127380371,0.005034267902374268,-0.0004985332489013672,-0.009864211082458496
2025-10-21,0.006574511528015137,0.01266467571258545,0.0025818347930908203,0.011592984199523926,-0.0018390417098999023,-0.006766319274902344,0.010305285453796387,-0.0035544633865356445,-0.002712726593017578,-0.01706528663635254,0.00730288028717041,0.006325364112854004,-0.019374489784240723,0.001980721950531006,-0.0037344694137573242,0.01003175973892212,-0.0016330480575561523,-0.011551260948181152,-0.01079559326171875,-0.00022041797637939453
2025-10-23,0.01119697093963623,-0.01008838415145874,-0.0019562840461730957,0.01227867603302002,0.0068839192390441895,0.002710878849029541,0.0038491487503051758,0.006338059902191162,-0.004709482192993164,-0.006091713905334473,-0.00496906042098999,-0.02604842185974121,-0.0029866695404052734,-0.0039975643157958984,0.009725868701934814,0.022426962852478027,0.006025373935699463,0.020856916904449463,0.008982360363006592,0.007783234119415283
2025-10-24,0.006327509880065918,-0.00640106201171875,0.004020333290100098,-0.013443827629089355,0.0004158616065979004,0.0049269795417785645,-0.004217684268951416,0.0067269206047058105,0.007878780364990234,-0.002549409866333008,8.189678192138672e-05,0.0010095834732055664,0.004602015018463135,-0.011860370635986328,0.006591498851776123,-0.001494765281677246,0.0003565549850463867,0.0016385316848754883,0.005360960960388184,0.005328238010406494
2025-10-27,-0.0032747983932495117,-0.00322115421295166,0.002908468246459961,-0.0023565292358398438,-0.03776979446411133,0.005292773246765137,-0.02628028392791748,0.026253342628479004,-0.00412142276763916,-0.004662036895751953,-0.003765583038330078,-0.0019380450248718262,0.00815880298614502,-0.007479310035705566,0.0017914772033691406,0.02031153440475464,-0.00014269351959228516,-0.00019299983978271484,0.007001161575317383,-0.011606216430664062
2025-10-28,-0.0067026615142822266,0.0058678388595581055,-0.016884148120880127,0.0011296272277832031,0.0016928315162658691,-0.0021741390228271484,-0.004033446311950684,0.004239439964294434,-0.019721627235412598,-0.00042176246643066406,-0.0032867789268493652,-0.009649932384490967,-0.001233816146850586,0.006315827369689941,0.008242487907409668,-0.0027489662170410156,0.011841058731079102,0.01139003038406372,-0.011527061462402344,-0.033463239669799805
2025-10-29,0.02103734016418457,-0.0038890838623046875,-0.01915419101715088,0.016413569450378418,-0.006068706512451172,0.0021694302558898926,-0.018124103546142578,-0.010713458061218262,0.0010799169540405273,-0.02414083480834961,0.00016486644744873047,-0.004001617431640625,-0.01834869384765625,-0.004934191703796387,-0.010254740715026855,-3.3020973205566406e-05,-0.0077239274978637695,0.010837674140930176,-0.00957024097442627,-0.024836301803588867
2025-10-30,-0.007904648780822754,-0.012901008129119873,0.01466679573059082,-0.021800518035888672,0.035660505294799805,0.004462778568267822,0.011561870574951172,-0.004350066184997559,0.000982820987701416,-0.0005146265029907227,-0.0010715723037719727,-0.00024110078811645508,0.006185352802276611,0.0025243163108825684,0.013865888118743896,0.015423715114593506,0.004226386547088623,-0.004343152046203613,0.012876689434051514,-0.001805424690246582
2025-10-31,-0.007445096969604492,-0.009028375148773193,-0.008343994617462158,-0.007738351821899414,0.02281290292739868,0.006666660308837891,0.004455924034118652,-0.02623426914215088,0.010427892208099365,0.007716059684753418,-0.007591366767883301,-0.1427825689315796,0.020159602165222168,0.0051171183586120605,-0.028121650218963623,0.01697361469268799,0.0016545653343200684,0.01287466287612915,0.011212825775146484,0.0017328858375549316
2025-11-03,0.022897720336914062,-0.02498912811279297,-0.002640962600708008,0.015493392944335938,-0.009225249290466309,-0.004628539085388184,0.01128309965133667,0.004086971282958984,-0.006760120391845703,0.013685882091522217,0.0015797615051269531,-0.03834795951843262,0.0118752121925354,-0.030161619186401367,0.011006474494934082,-0.012830615043640137,-0.02039194107055664,-0.011250495910644531,0.01717853546142578,-0.01458132266998291
2025-11-04,-0.009134173393249512,0.00186234712600708,-0.007410168647766113,-0.01392585039138794,-0.011472821235656738,-0.00892651081085205,0.012166380882263184,0.013008594512939453,0.019847989082336426,0.027541279792785645,-0.006060123443603516,-0.025315403938293457,0.005869150161743164,0.0005427002906799316,-0.0036289095878601074,0.008894622325897217,-0.03792107105255127,0.0165402889251709,-0.019420862197875977,-0.0010265111923217773
2025-11-06,0.014022350311279297,0.02289879322052002,-0.01879805326461792,0.006645917892456055,0.008622229099273682,0.011073708534240723,0.006396889686584473,0.009049415588378906,0.01208949089050293,0.013512074947357178,-0.023970603942871094,-0.004293918609619141,0.0014056563377380371,-0.018135905265808105,-0.008521080017089844,0.014413416385650635,-0.01820319890975952,-0.03884279727935791,0.021852433681488037,-0.002734661102294922
2025-11-07,0.003329038619995117,0.012064933776855469,-0.032204389572143555,-0.010006189346313477,0.0017209649085998535,0.006868720054626465,0.015470325946807861,0.00891268253326416,-0.0007138252258300781,0.007889509201049805,0.006075620651245117,0.01841801404953003,0.020974159240722656,-0.0021865367889404297,0.008317112922668457,0.0008623003959655762,0.01472783088684082,-0.01020723581314087,0.016898691654205322,-0.019908666610717773
2025-11-10,0.002169489860534668,-0.0042171478271484375,0.011062979698181152,-0.022923827171325684,-0.0091782808303833,-0.00034868717193603516,-0.0005855560302734375,0.012340903282165527,-0.003362894058227539,0.002871692180633545,-0.006719410419464111,-0.004104495048522949,-0.0033069849014282227,-0.016550064086914062,0.0012372732162475586,-0.0024509429931640625,-0.012230157852172852,-0.005156219005584717,0.020568668842315674,-0.003609895706176758
2025-11-11,-0.015535473823547363,-0.007349133491516113,-0.030779600143432617,-0.010344445705413818,-0.005447506904602051,-0.0023239850997924805,0.007998406887054443,0.022748887538909912,-0.002132892608642578,-0.017279624938964844,-0.010190129280090332,-0.00508880615234375,0.0007165670394897461,0.008820831775665283,0.011190533638000488,-0.008953452110290527,-0.02841794490814209,0.00232696533203125,-0.0022011995315551758,-0.0022646188735961914
2025-11-12,0.027292728424072266,-0.01823866367340088,0.0013779401779174805,0.005603432655334473,-0.0031682252883911133,-0.00046372413635253906,-0.02989184856414795,-0.06057572364807129,-0.05290365219116211,-0.0013065338134765625,0.0037200450897216797,0.00024902820587158203,0.00043022632598876953,-0.052260518074035645,0.00617825984954834,-0.0039250850677490234,-0.021467924118041992,0.003904581069946289,-0.011931657791137695,-0.010965585708618164
2025-11-13,-0.009569406509399414,-0.004094123840332031,0.003528594970703125,-0.0010715723037719727,-0.01162576675415039,0.002259552478790283,0.0023868680000305176,0.02254354953765869,0.005967915058135986,0.006959497928619385,-0.0074124932289123535,-0.002573728561401367,0.007890939712524414,-0.004569590091705322,-0.0004048347473144531,0.009995222091674805,0.02307581901550293,-0.016083240509033203,0.012729465961456299,0.0032210946083068848
2025-11-14,-0.0007627606391906738,-0.005181789398193359,-0.010106325149536133,-0.005470991134643555,0.0033933520317077637,-0.010975003242492676,0.018662095069885254,0.016481876373291016,0.022949516773223877,0.004380226135253906,-0.0026050806045532227,0.002732694149017334,0.018365859985351562,-0.0033590197563171387,-0.014580786228179932,0.025034308433532715,-0.008794188499450684,-0.006837606430053711,0.01039808988571167,-0.0005935430526733398
2025-11-17,0.005852341651916504,-0.016901850700378418,0.01836371421813965,0.012404322624206543,-0.00440371036529541,0.006145894527435303,-0.025063395500183105,-0.010319113731384277,0.00703662633895874,-0.0036295652389526367,-0.0003482699394226074,0.0030723214149475098,-0.02607548236846924,-0.005027353763580322,0.010754823684692383,0.00211334228515625,-0.002161383628845215,-0.0031195878982543945,-0.002041459083557129,-0.01924598217010498
2025-11-18,-0.013913512229919434,-0.02152419090270996,-0.0010749101638793945,-0.011293411254882812,-0.009130477905273438,0.013754844665527344,0.022167205810546875,0.007152378559112549,0.006487667560577393,0.01249319314956665,-0.007925450801849365,-0.0039147138595581055,0.018090426921844482,-0.02379608154296875,0.010504961013793945,0.005824029445648193,0.01006472110748291,-0.015539050102233887,0.009287536144256592,0.017524540424346924
2025-11-19,0.0010262727737426758,0.0010576248168945312,0.0009663105010986328,-0.014547407627105713,-0.0036280155181884766,-0.002871394157409668,-0.002529621124267578,0.015388906002044678,0.007735610008239746,-0.002219557762145996,-0.06689488887786865,0.0005807876586914062,0.020324647426605225,-0.005320549011230469,-0.00959092378616333,0.010722219944000244,-0.0028322935104370117,0.004274964332580566,0.008830249309539795,0.00921475887298584
2025-11-20,-0.008585333824157715,0.012948930263519287,0.004015088081359863,0.0005466938018798828,-0.010577082633972168,0.004148662090301514,0.0013587474822998047,0.007629692554473877,0.004252314567565918,0.011737346649169922,-0.008063793182373047,0.007305324077606201,0.00641787052154541,0.0003489255905151367,0.008329391479492188,-0.0233994722366333,-0.010283112525939941,-0.006003081798553467,0.0006102323532104492,-0.0011292695999145508
2025-11-21,-0.005428493022918701,0.0146864652633667,-0.006905317306518555,0.003606557846069336,0.0007065534591674805,0.007334411144256592,0.01030123233795166,0.0013483166694641113,-0.0011184215545654297,0.01277315616607666,0.025957047939300537,0.0010035037994384766,0.002403557300567627,-0.003981351852416992,-0.011349916458129883,0.004629075527191162,0.013834118843078613,-0.008015811443328857,0.010868251323699951,0.003516972064971924
2025-11-24,-0.010266423225402832,0.008457541465759277,-0.00206834077835083,-0.04072737693786621,-0.016881704330444336,-0.039307236671447754,0.0013747215270996094,0.024589955806732178,0.008937656879425049,-0.042106449604034424,0.01206737756729126,0.020760059356689453,0.020328283309936523,-0.0006710290908813477,-0.006181657314300537,0.01088637113571167,0.028419852256774902,-0.015054285526275635,0.007283985614776611,0.01085430383682251
2025-11-25,-0.0027573108673095703,-0.008614182472229004,0.015941977500915527,0.014190077781677246,-0.0013473033905029297,-0.027564167976379395,-0.008652925491333008,-0.0004417896270751953,0.005636394023895264,-0.04419434070587158,0.0007634162902832031,0.011369466781616211,-0.002766728401184082,0.0068318843841552734,0.0024607181549072266,0.004879772663116455,0.007481098175048828,0.013935685157775879,0.0002486705780029297,-0.009425044059753418
2025-11-26,-0.004739940166473389,0.005442500114440918,-0.004340767860412598,-0.010185837745666504,0.0026475191116333008,-0.006959795951843262,-0.006628870964050293,-0.014218449592590332,-0.007935643196105957,-0.013162374496459961,-0.003056049346923828,-0.006830930709838867,-0.009350061416625977,-0.003015756607055664,0.01213693618774414,-0.005726933479309082,-0.014547348022460938,0.01141655445098877,-0.01380765438079834,-0.014539122581481934
2025-11-27,0.007540583610534668,0.0024414658546447754,-0.0032915472984313965,0.0010178089141845703,-0.029895544052124023,-0.006307780742645264,0.002614736557006836,-0.00931704044342041,-0.015439629554748535,0.0029119253158569336,-0.01938045024871826,0.014943301677703857,0.0059226155281066895,-0.0017160773277282715,-0.008151412010192871,-0.010748028755187988,0.007949471473693848,0.005589008331298828,0.008282184600830078,0.0025637149810791016
2025-11-28,0.003939032554626465,0.008523941040039062,0.018808484077453613,-0.005535483360290527,-0.0065070390701293945,-0.000641167163848877,-0.0009709596633911133,0.015500068664550781,-0.002819538116455078,0.016960561275482178,0.009381473064422607,-8.71419906616211e-05,0.006568849086761475,-0.01066368818283081,-0.0016980171203613281,-0.030739426612854004,0.006066024303436279,0.015693187713623047,0.0097123384475708,-0.0
2025-12-01,-0.004839062690734863,0.013534247875213623,-0.010862112045288086,0.003521561622619629,-0.004281878471374512,-0.008212447166442871,0.012998402118682861,0.007974326610565186,-0.00883626937866211,0.000685572624206543,0.013660728931427002,-0.002528071403503418,0.0032292604446411133,-0.0019732117652893066,-0.0008164644241333008,0.001468956470489502,0.0018083453178405762,0.015128731727600098,0.0062468647956848145,0.010281503200531006
2025-12-02,-0.008805394172668457,0.001898348331451416,-0.000347137451171875,-0.006225943565368652,-0.020524203777313232,-0.013714611530303955,-0.02427518367767334,-0.007773399353027344,0.0014929771423339844,0.00834667682647705,0.015549302101135254,-0.006347775459289551,0.022215425968170166,-0.004396677017211914,0.00020432472229003906,0.021724283695220947,-0.004453539848327637,-0.027164101600646973,0.007040500640869141,0.0054604411125183105
2025-12-03,-0.018695354461669922,0.0017290711402893066,-0.021471142768859863,-0.010479569435119629,-0.01071178913116455,-0.0012462735176086426,0.006332755088806152,0.017179906368255615,-0.004784703254699707,-0.03666555881500244,0.0037977099418640137,-0.007258296012878418,-0.011991262435913086,0.00017786026000976562,0.006603598594665527,0.01031649112701416,0.03547006845474243,0.0042372941970825195,0.008483171463012695,0.0050217509269714355
2025-12-04,-0.001080930233001709,0.0030310750007629395,-0.00028836727142333984,-0.002187192440032959,-0.0062983036041259766,0.007289767265319824,0.0011587142944335938,0.004548430442810059,0.0010912418365478516,-0.028472900390625,-0.005025148391723633,0.010894715785980225,0.0157468318939209,0.010401129722595215,0.004125475883483887,-0.003568887710571289,-0.008258700370788574,0.006924152374267578,0.0012769699096679688,-0.018102288246154785
2025-12-05,-0.017854750156402588,-0.019023656845092773,-0.002418994903564453,-0.003576338291168213,-0.001389145851135254,-0.0229494571685791,0.0015467405319213867,-0.01081085205078125,0.0014896988868713379,-0.031145215034484863,-0.018965482711791992,-0.0012142658233642578,0.005544126033782959,-0.0039885640144348145,-0.006465911865234375,-0.01595008373260498,0.009427428245544434,-0.0002149343490600586,0.010292768478393555,-0.0035032033920288086
2025-12-08,-0.03277784585952759,0.022930681705474854,-0.013236641883850098,-0.025356054306030273,0.006260037422180176,0.015551328659057617,0.023044168949127197,0.019735872745513916,0.008454322814941406,0.030414283275604248,0.009475469589233398,-0.036209285259246826,0.012424290180206299,-0.019551873207092285,-0.012880504131317139,0.01854163408279419,0.029877543449401855,-0.02772700786590576,0.014340102672576904,-0.025358974933624268
2025-12-09,-0.004129230976104736,-0.022945404052734375,-0.010348081588745117,-0.002494633197784424,0.02306997776031494,0.01184767484664917,-0.0004955530166625977,-0.05048370361328125,-0.005617380142211914,0.01114112138748169,-0.011786818504333496,-0.025885343551635742,-0.006935477256774902,0.003994345664978027,0.002541065216064453,-0.022211313247680664,-0.012222528457641602,0.004752993583679199,0.017759978771209717,-0.00020271539688110352
2025-12-10,0.011724233627319336,-0.002046942710876465,0.0027108192443847656,0.016672611236572266,-0.03572487831115723,-0.001441359519958496,-0.032590389251708984,-0.014833331108093262,0.013665854930877686,-0.014001250267028809,0.009792327880859375,-0.0425792932510376,0.008169114589691162,0.0013161897659301758,-0.002808690071105957,-0.012746930122375488,0.010486185550689697,0.003300309181213379,-0.004270076751708984,-0.0037853121757507324
2025-12-11,0.009044647216796875,0.006723999977111816,-0.0017039179801940918,0.0031627416610717773,-0.015152215957641602,-0.002747774124145508,0.012279391288757324,0.016454219818115234,0.009203076362609863,0.009169340133666992,-0.018158555030822754,-0.015630245208740234,-0.007428884506225586,0.008543968200683594,0.008037447929382324,-0.004093170166015625,-0.00016057491302490234,-0.0026316046714782715,-0.00159454345703125,0.012145400047302246
2025-12-12,-0.00014001131057739258,-0.015938282012939453,0.0033453702926635742,0.012377381324768066,0.03455030918121338,0.002674996852874756,-0.005633354187011719,0.003708064556121826,-0.002041459083557129,-0.013718008995056152,-0.006196141242980957,-0.013155698776245117,-0.004809260368347168,-0.019223928451538086,0.006405949592590332,-0.027142763137817383,0.012361526489257812,0.004727363586425781,-0.006699323654174805,0.003351926803588867
2025-12-15,-0.054209232330322266,0.013157904148101807,-0.004558980464935303,0.007497072219848633,-0.001676321029663086,-0.03048539161682129,-0.0023180246353149414,-0.01762843132019043,-0.007436037063598633,-0.024272441864013672,-0.021469593048095703,-0.003511667251586914,-0.009891510009765625,-0.01984238624572754,0.0017606019973754883,0.007474541664123535,0.008777618408203125,-0.003282606601715088,-0.009290456771850586,0.023117542266845703
2025-12-16,0.010098278522491455,0.01547008752822876,-0.003144502639770508,0.0207211971282959,-0.0036164522171020508,-0.012823820114135742,0.009635746479034424,0.0012475252151489258,0.00515669584274292,0.014155387878417969,0.015234231948852539,0.0185546875,0.017693519592285156,0.0042830705642700195,-0.004258513450622559,-0.0048983097076416016,0.022794365882873535,0.0008782148361206055,0.013056516647338867,-0.020570755004882812
2025-12-17,0.013288617134094238,-0.020227432250976562,-0.005851566791534424,-0.008748292922973633,-0.02290111780166626,-0.003071308135986328,0.014107882976531982,-0.004144549369812012,0.0038622021675109863,0.010529696941375732,0.006700873374938965,0.019485890865325928,0.004663825035095215,-0.01629185676574707,-0.01520603895187378,-0.005836129188537598,0.008642375469207764,-0.015684962272644043,0.005622446537017822,-0.004800677299499512
2025-12-18,0.009114325046539307,0.013019084930419922,-0.01370328664779663,-0.0038470029830932617,-0.0059258341789245605,0.011122941970825195,-0.013322830200195312,-0.0005371570587158203,0.004387319087982178,0.0042997002601623535,0.010493874549865723,0.017758965492248535,-0.0008078813552856445,0.002370476722717285,0.0006203651428222656,-0.005736351013183594,0.0036394596099853516,-0.003454446792602539,0.003658592700958252,-0.0025458335876464844
2025-12-19,-0.015376091003417969,-0.03577899932861328,0.0027273893356323242,0.011699199676513672,-0.04920148849487305,-0.05339658260345459,0.0259057879447937,-0.02054131031036377,0.004201650619506836,-0.03281879425048828,0.007490932941436768,-0.006457209587097168,0.008395254611968994,0.011139512062072754,0.004615664482116699,-0.01298069953918457,-0.011807680130004883,-0.010175526142120361,-0.01655757427215576,0.009605050086975098
2025-12-22,-0.013926506042480469,0.002663552761077881,0.014553427696228027,-0.04625570774078369,-0.015772700309753418,-0.007918357849121094,-0.03839230537414551,0.004540503025054932,-0.005454301834106445,-0.010138988494873047,-0.003052949905395508,-0.006586790084838867,-0.0019538402557373047,0.005323648452758789,0.0006171464920043945,-0.00042068958282470703,-0.0595247745513916,0.028016209602355957,-0.00945746898651123,-0.0332646369934082
2025-12-23,-0.022536277770996094,-0.016608238220214844,-0.02121913433074951,-0.006331086158752441,-0.0052176713943481445,-0.008570432662963867,-0.024648547172546387,-0.009317159652709961,-0.0018423795700073242,0.0030008554458618164,0.005241811275482178,-0.03059399127960205,-0.0022748708724975586,-0.008723855018615723,0.001987457275390625,-0.006501436233520508,0.005942940711975098,0.011208772659301758,-0.010605096817016602,-0.0057305097579956055
2025-12-24,0.009650468826293945,0.005828738212585449,-0.01577436923980713,-0.009810209274291992,0.0034050345420837402,-0.02708601951599121,0.0024431347846984863,-0.0017635822296142578,0.0008172988891601562,-0.0023871660232543945,0.008499085903167725,0.03125256299972534,0.00875478982925415,-0.006237626075744629,-0.010601162910461426,0.004338443279266357,0.0047827959060668945,-0.002064824104309082,0.014420926570892334,0.010627388954162598
2025-12-26,0.008691132068634033,0.0010734796524047852,-0.0052574872970581055,-0.0,0.01883333921432495,-0.014191269874572754,-0.0066879987716674805,0.002118051052093506,0.002351701259613037,0.00072479248046875,-0.021086931228637695,0.01693904399871826,0.0047432780265808105,0.005251407623291016,0.008295297622680664,-0.0010974407196044922,0.003844618797302246,0.006315946578979492,0.0032007694244384766,-0.00174713134765625
2025-12-29,-0.0005314350128173828,-0.017194390296936035,0.003010571002960205,-0.0034847259521484375,-0.0038219690322875977,0.007477879524230957,0.009450733661651611,-0.007332444190979004,-0.012708783149719238,0.0006216764450073242,0.0012592077255249023,-0.01844310760498047,-0.028594970703125,0.0017309188842773438,-0.003976345062255859,0.008286118507385254,0.00852292776107788,0.005627155303955078,0.002490222454071045,0.0040048956871032715
2025-12-30,0.022570371627807617,0.018366515636444092,0.0050473809242248535,0.006313800811767578,-0.05385398864746094,0.010102689266204834,0.02626103162765503,-0.006512880325317383,-0.017811954021453857,-0.014515280723571777,0.007312774658203125,-0.04344499111175537,-0.03434270620346069,-0.017527103424072266,-0.001307845115661621,0.012224018573760986,0.02457219362258911,-0.002582550048828125,0.016686320304870605,-0.02127242088317871
2025-12-31,-0.015756607055664062,-0.01680600643157959,-0.009725093841552734,-0.02107381820678711,0.013369083404541016,0.0014992356300354004,-0.0037833452224731445,0.0032082200050354004,-0.017516732215881348,0.002861499786376953,-0.008552074432373047,0.035280704498291016,-0.05641210079193115,0.01705455780029297,-0.021710634231567383,-0.012079119682312012,-0.0186232328414917,0.016290783882141113,-0.02291548252105713,-0.009906768798828125
2026-01-01,-0.00481414794921875,-0.004559516906738281,0.0032470226287841797,0.003837406635284424,-0.0015001296997070312,0.017554938793182373,0.0161399245262146,-0.0023456811904907227,0.0065822601318359375,0.0050220489501953125,0.00797581672668457,-0.0021114349365234375,0.017412960529327393,-0.00589829683303833,0.008836984634399414,0.005756080150604248,0.0070192813873291016,-0.0031847357749938965,0.018809974193572998,-0.012827754020690918
2026-01-02,-0.0033271312713623047,0.00964498519897461,-0.0007703304290771484,0.0007287859916687012,0.007556438446044922,-0.005760312080383301,0.0066797733306884766,0.007319927215576172,-0.006218075752258301,-0.017717361450195312,-0.00803995132446289,0.004972636699676514,-0.0138397216796875,0.011649250984191895,-0.006057262420654297,-0.0007195472717285156,-0.013973355293273926,-0.0017039179801940918,-0.005458235740661621,0.0008691549301147461
2026-01-05,0.01127469539642334,-0.011130213737487793,-0.0035190582275390625,-0.007605791091918945,0.008376717567443848,0.024019598960876465,0.0034612417221069336,0.017434239387512207,0.004356205463409424,0.008704423904418945,0.004701554775238037,-0.005844473838806152,0.007824242115020752,0.0021494626998901367,-0.018130183219909668,-0.009740114212036133,-0.03202009201049805,0.022829055786132812,0.011651754379272461,-0.0005592107772827148
2026-01-06,-0.006305217742919922,-0.0008094310760498047,0.01196664571762085,0.01943957805633545,0.00595855712890625,0.026646733283996582,0.009427428245544434,0.025666773319244385,0.008953988552093506,0.019910156726837158,-0.003964543342590332,0.03141051530838013,0.019798636436462402,0.003646254539489746,-0.0,0.01226818561553955,-0.009818553924560547,-0.01261991262435913,-0.011320233345031738,0.0072040557861328125
2026-01-07,-0.002266407012939453,0.010675311088562012,-0.006166577339172363,0.012548744678497314,0.0019888877868652344,-0.008797287940979004,0.0034061670303344727,-0.0046100616455078125,-0.0004106760025024414,-0.003125309944152832,-0.002856612205505371,-0.014953970909118652,-0.006333470344543457,0.002534031867980957,-0.006511688232421875,-0.015140652656555176,-0.03671431541442871,-0.028942644596099854,-0.038481950759887695,-0.004566550254821777
2026-01-08,0.019287049770355225,-0.00956428050994873,0.008862555027008057,-0.03032892942428589,-0.019978463649749756,0.01445305347442627,0.035987138748168945,0.005130410194396973,0.007799685001373291,0.009762227535247803,0.015080451965332031,0.011050224304199219,0.028916478157043457,-0.011663317680358887,0.009242117404937744,0.0178525447845459,-0.009303689002990723,-0.030893027782440186,0.02551180124282837,0.010523736476898193
2026-01-09,0.018988192081451416,0.01627528667449951,0.005939066410064697,-0.007599174976348877,0.01637899875640869,0.012808561325073242,0.020125091075897217,0.013293206691741943,0.00941246747970581,0.012270569801330566,-0.005018711090087891,0.012819409370422363,0.001401364803314209,-0.0135880708694458,0.010994136333465576,0.0062781572341918945,0.01940232515335083,-0.010214447975158691,0.02225273847579956,-0.02869725227355957
2026-01-12,0.010230839252471924,-0.01917850971221924,0.009733736515045166,-0.031073153018951416,-0.008317410945892334,0.0132254958152771,-0.00010633468627929688,-0.004239082336425781,0.011172592639923096,-0.0002124309539794922,-0.03343212604522705,-0.01570594310760498,0.02139967679977417,0.01717996597290039,-0.011116385459899902,-0.007541656494140625,0.011295557022094727,-0.006464064121246338,-0.004752635955810547,0.0027860403060913086
2026-01-13,-0.014108061790466309,0.008641600608825684,-0.0005196332931518555,0.01488947868347168,0.027171015739440918,0.0019692182540893555,-0.002872943878173828,0.0012143254280090332,-0.0019006729125976562,-0.006263256072998047,0.0036035776138305664,-0.034554243087768555,-0.006811261177062988,0.003255128860473633,0.0012660026550292969,0.0021010637283325195,0.026529669761657715,0.00878894329071045,-0.016389012336730957,-0.0005168318748474121
2026-01-14,0.002754807472229004,0.01914459466934204,0.0035005807876586914,0.006884098052978516,-0.013141095638275146,0.004582464694976807,-0.0005304813385009766,0.016413331031799316,-0.016968846321105957,0.00759577751159668,0.000493168830871582,-0.007348060607910156,0.001424252986907959,0.0063054561614990234,0.0024017691612243652,0.0025003552436828613,-0.014098882675170898,-0.026476562023162842,-0.009897708892822266,0.008985757827758789
2026-01-16,0.020441949367523193,0.002823948860168457,0.0030822157859802246,-0.013337850570678711,0.00047409534454345703,0.011253178119659424,0.012725353240966797,-0.004944443702697754,0.010467469692230225,-0.004996299743652344,-0.003453969955444336,-0.020639896392822266,0.020859360694885254,-0.005992293357849121,0.012505888938903809,0.001517176628112793,0.0031067728996276855,0.0010459423065185547,0.01986110210418701,0.012493610382080078
2026-01-19,0.003243088722229004,0.012743651866912842,0.0028191208839416504,-0.0031807422637939453,-0.021709203720092773,0.00698399543762207,0.0013963580131530762,0.019153118133544922,0.0188521146774292,0.022635936737060547,-0.002950310707092285,0.007146894931793213,0.008193731307983398,-0.01435166597366333,0.0012189745903015137,0.021437525749206543,-0.007012128829956055,-0.011029839515686035,0.01172107458114624,-0.0037967562675476074
2026-01-20,0.021785318851470947,-0.04420822858810425,0.0002963542938232422,-0.01572650671005249,-0.00013208389282226562,-0.044152140617370605,0.02108210325241089,0.02669292688369751,0.021242499351501465,-0.028246700763702393,-0.026229798793792725,0.02846628427505493,0.028088808059692383,-0.0210493803024292,-0.026851177215576172,-0.026767969131469727,0.02545452117919922,-0.007748246192932129,0.020436882972717285,-0.0809248685836792
2026-01-21,0.01663053035736084,0.025686264038085938,-0.0033750534057617188,-0.026166558265686035,-0.004139304161071777,0.0078582763671875,0.0020876526832580566,0.00558316707611084,-0.030319631099700928,0.005457162857055664,-0.010069668292999268,0.023069798946380615,-0.0051000118255615234,-0.012844085693359375,-0.009336590766906738,-0.07155245542526245,0.004525244235992432,-0.014789402484893799,-0.05082428455352783,-0.04388695955276489
2026-01-22,-0.018970608711242676,-0.006454408168792725,0.007750272750854492,0.014504790306091309,0.00826883316040039,-0.005908966064453125,-0.006386280059814453,-0.0026221275329589844,0.015858769416809082,0.01628267765045166,0.014071345329284668,-0.01999485492706299,-0.04472851753234863,0.018536925315856934,0.02180337905883789,0.022040367126464844,-0.0288698673248291,-0.05548214912414551,-0.05167198181152344,0.012722253799438477
2026-01-23,-0.01832866668701172,0.009354710578918457,-0.004466652870178223,0.02086019515991211,-0.01416546106338501,0.02287214994430542,-0.03763681650161743,-0.03781425952911377,-0.0279008150100708,-0.02604907751083374,-0.019727468490600586,-0.00025343894958496094,0.04785037040710449,0.001577138900756836,-0.003372788429260254,-0.008114337921142578,0.018835723400115967,0.04687678813934326,0.022133946418762207,0.002926468849182129
2026-01-27,0.007511317729949951,0.0022312402725219727,0.0068184733390808105,0.00929868221282959,0.004359602928161621,0.005244255065917969,0.005570769309997559,-0.03677409887313843,0.018741965293884277,0.0032453536987304688,-0.003410935401916504,0.0081939697265625,0.019270777702331543,-0.005731523036956787,-0.00048351287841796875,-0.011607766151428223,-0.008532166481018066,0.034021735191345215,0.003994345664978027,0.019927382469177246
2026-01-28,-0.015564799308776855,-0.05300116539001465,-0.004454374313354492,0.003980875015258789,-0.00044292211532592773,-0.009643793106079102,0.01808929443359375,0.0009959936141967773,-0.03413832187652588,0.0008924007415771484,0.0147172212600708,-0.016949176788330078,-0.04006946086883545,0.02014446258544922,0.009328365325927734,-0.050257325172424316,-0.09008300304412842,0.007414758205413818,-0.023429155349731445,-0.0020235776901245117
2026-01-29,0.0018278956413269043,-0.006261229515075684,0.0028345584869384766,-0.013821244239807129,-0.003190457820892334,-0.007323026657104492,0.0022209882736206055,-0.011541545391082764,0.005413413047790527,-0.02708125114440918,-0.013997793197631836,-0.016582965850830078,0.016669750213623047,-0.0191878080368042,-0.021291136741638184,-0.001029372215270996,0.042325377464294434,-0.013695240020751953,0.006187260150909424,0.0011887550354003906
2026-01-30,-0.04789412021636963,-0.004040360450744629,-0.023817777633666992,0.013900041580200195,0.014714479446411133,-0.03830838203430176,0.02282547950744629,-0.02452695369720459,0.0036286115646362305,0.00010848045349121094,0.02745234966278076,-0.004943132400512695,-0.002071857452392578,0.011522650718688965,0.0010492801666259766,0.0012766122817993164,-0.011480450630187988,-0.00626373291015625,-0.03161323070526123,-0.016760945320129395
2026-02-01,0.0033606886863708496,0.03484910726547241,0.015359818935394287,-0.022433698177337646,-0.028301119804382324,0.03190261125564575,-0.049073755741119385,0.027345657348632812,0.015102803707122803,0.0329897403717041,-0.01348423957824707,0.02443021535873413,0.01710522174835205,-0.030481278896331787,-0.005100905895233154,0.03188580274581909,0.020919859409332275,-0.018552422523498535,0.003688037395477295,-0.05540168285369873
2026-02-02,-0.006204485893249512,0.005503654479980469,-0.006162524223327637,-0.0020862221717834473,-0.001082003116607666,-0.018552303314208984,0.015265464782714844,-0.022255897521972656,-0.01946711540222168,-0.033441901206970215,0.0007593631744384766,0.008235275745391846,-0.023331284523010254,-0.002130448818206787,-0.00828772783279419,-0.027544498443603516,-7.581710815429688e-05,0.008747756481170654,0.02194112539291382,-0.050530076026916504
2026-02-03,-0.15201079845428467,-0.051735758781433105,-0.0007457733154296875,0.00046455860137939453,-0.03457295894622803,-0.023215651512145996,0.013913750648498535,-0.07450342178344727,0.0007467865943908691,-0.002497553825378418,0.01230919361114502,-0.06431114673614502,-0.12035143375396729,0.024616718292236328,0.011189818382263184,-0.03947734832763672,-0.045003414154052734,-0.02127659320831299,0.001651465892791748,-0.059050917625427246
2026-02-04,-0.03071904182434082,-0.007334709167480469,-0.013843655586242676,0.016949176788330078,0.007852733135223389,0.018766582012176514,0.009185552597045898,-0.028415560722351074,-0.0013878345489501953,0.0057408809661865234,-0.005163669586181641,-0.008598089218139648,0.05688071250915527,-0.0035990476608276367,0.022762298583984375,-0.002884507179260254,0.01602262258529663,-0.015151500701904297,0.010959506034851074,-0.025547504425048828
2026-02-05,-0.024158954620361328,0.010130584239959717,0.006949782371520996,-0.024086713790893555,0.01094883680343628,0.011868834495544434,-0.02280956506729126,-0.009299516677856445,0.006823062896728516,0.007952988147735596,-0.0006697177886962891,0.009708762168884277,0.003537297248840332,-0.004530906677246094,0.006368517875671387,0.004896283149719238,0.013852059841156006,0.020522356033325195,0.010732471942901611,0.0145643949508667
2026-02-06,0.027888000011444092,-0.03286159038543701,-0.007133007049560547,0.0014035701751708984,-0.009336233139038086,-0.006534695625305176,-0.011165916919708252,-0.01234424114227295,0.003649592399597168,0.00021958351135253906,0.015833139419555664,-0.023035287857055664,0.036563754081726074,-0.003978610038757324,0.01326894760131836,0.001617133617401123,0.02876567840576172,0.022976160049438477,0.008242309093475342,0.008493304252624512
2026-02-09,-0.06678760051727295,-0.011147260665893555,-0.03276240825653076,-0.03913092613220215,-0.004889130592346191,-0.03753161430358887,-0.054814696311950684,-0.024854183197021484,-0.035337209701538086,-0.002196788787841797,-0.03785252571105957,-0.028126239776611328,-0.10851144790649414,0.027705907821655273,-0.0006043910980224609,-0.029328584671020508,-0.030002355575561523,-0.02826857566833496,-0.007884621620178223,-0.0037096738815307617
2026-02-10,0.005527198314666748,-0.01730215549468994,-0.012809991836547852,-0.020121455192565918,0.005566716194152832,-0.018891453742980957,-0.003012537956237793,0.012581110000610352,-0.01810622215270996,-0.009864091873168945,-0.03822004795074463,0.039405882358551025,0.023267388343811035,-0.00789797306060791,-0.006249129772186279,0.008303523063659668,-0.002539396286010742,-0.0015404224395751953,-0.008950591087341309,-0.0026208162307739258
2026-02-11,0.0013894438743591309,-0.003010272979736328,-0.0140533447265625,-0.025785207748413086,-0.0040111541748046875,0.02158266305923462,0.00895678997039795,-0.006284236907958984,0.023507773876190186,0.011721372604370117,0.006964623928070068,-0.014831185340881348,-0.08575797080993652,0.02836453914642334,0.0008113384246826172,0.004321455955505371,-0.0016390085220336914,-0.007453799247741699,0.008661627769470215,-0.004021406173706055
2026-02-12,0.0033179521560668945,0.005327105522155762,-0.014803409576416016,0.011709153652191162,0.003336608409881592,0.009265899658203125,0.0156402587890625,0.02996450662612915,0.016328275203704834,0.0066988468170166016,0.007244706153869629,-0.02409827709197998,0.013164043426513672,-0.017920851707458496,0.011688470840454102,0.03648573160171509,0.0040163397789001465,0.028068125247955322,0.015360713005065918,0.005473911762237549
2026-02-13,0.04123711585998535,-0.000905156135559082,0.008628308773040771,0.013804376125335693,-0.004096627235412598,0.009352564811706543,0.002528965473175049,-0.0034847259521484375,0.006277918815612793,0.004201173782348633,-0.07134544849395752,0.042963385581970215,0.04335397481918335,-0.0222511887550354,-0.012087583541870117,0.002850651741027832,0.025987625122070312,0.016312241554260254,0.00493776798248291,0.02765476703643799
2026-02-16,-0.019825339317321777,0.013113260269165039,0.02316749095916748,0.014438390731811523,-0.0034656524658203125,0.011572659015655518,0.008157432079315186,0.024073004722595215,0.014776766300201416,-0.04563117027282715,0.019130408763885498,0.008803963661193848,0.0014940500259399414,-0.030502140522003174,0.005407929420471191,-0.005082249641418457,-0.005213499069213867,-0.0031937360763549805,0.004890382289886475,-0.013116121292114258
2026-02-17,0.0006589293479919434,-0.016036629676818848,-0.01583254337310791,-0.014873623847961426,-0.03606712818145752,-0.01743900775909424,-0.01856076717376709,-0.021289467811584473,-0.01760685443878174,0.00934380292892456,-0.0074615478515625,0.0011202692985534668,-0.055860280990600586,0.0033392906188964844,0.005513310432434082,0.03683549165725708,-0.011822104454040527,-0.006367087364196777,-0.0040471553802490234,-0.010016441345214844
2026-02-18,-0.011429786682128906,0.001728653907775879,-0.015985488891601562,-0.012892603874206543,0.004768073558807373,0.003876209259033203,0.007474541664123535,-0.0021554231643676758,0.0007476210594177246,-0.00975346565246582,0.0027865171432495117,-0.0232316255569458,0.01086437702178955,-0.011746644973754883,-0.004012048244476318,0.004557192325592041,-0.008593440055847168,-0.0071784257888793945,0.00669407844543457,-0.008770108222961426
2026-02-19,0.012387216091156006,0.0061737895011901855,0.011469244956970215,0.001958191394805908,0.020139038562774658,0.0029792189598083496,0.015446364879608154,-0.005097031593322754,0.014108538627624512,-0.0045642852783203125,0.0014706850051879883,-0.00023484230041503906,0.023718595504760742,-0.00406116247177124,-0.016515612602233887,0.018934965133666992,0.000747382640838623,0.008697748184204102,-0.02188396453857422,-0.02327287197113037
2026-02-20,0.00836181640625,0.0028787851333618164,-0.00525665283203125,0.009374380111694336,0.01570683717727661,0.021831989288330078,0.0096588134765625,-0.004191875457763672,-0.00650477409362793,-0.03486895561218262,-0.0006628036499023438,-0.021602988243103027,0.00342404842376709,0.010476112365722656,0.0,-0.0038825273513793945,0.005534768104553223,0.008408427238464355,-0.01560068130493164,0.01660025119781494
2026-02-23,0.008765101432800293,0.008205413818359375,0.0022916793823242188,-0.0007702112197875977,-0.007561087608337402,-0.00785529613494873,0.0019168257713317871,-0.021046876907348633,0.0035545825958251953,-0.0013272762298583984,0.008021771907806396,-0.018924355506896973,0.004744827747344971,0.023458003997802734,0.010990500450134277,0.015990495681762695,-0.005565524101257324,-0.013641357421875,0.0023040771484375,-0.1429520845413208
2026-02-24,-0.0069397687911987305,0.00903940200805664,0.01622474193572998,-0.0071468353271484375,0.005104660987854004,0.01744401454925537,0.02056032419204712,-0.011664509773254395,0.010809659957885742,0.004384636878967285,0.015283048152923584,0.04834949970245361,-0.020877838134765625,-0.003942966461181641,-0.0003376007080078125,0.023619651794433594,0.0068062543869018555,0.01830744743347168,0.0062285661697387695,-0.022099852561950684
2026-02-25,-0.014562010765075684,-0.011131763458251953,-0.0035234689712524414,-0.0020742416381835938,-0.013463139533996582,0.004218101501464844,0.0004036426544189453,0.0124625563621521,-0.0001093149185180664,0.010549008846282959,-0.011150479316711426,-0.016197800636291504,0.012882471084594727,-0.004409074783325195,0.011550188064575195,-0.012114763259887695,-0.013555288314819336,0.010744750499725342,-0.013168931007385254,-0.006898701190948486
2026-02-26,0.0014243125915527344,0.0017583966255187988,0.01275402307510376,0.0003268718719482422,-0.008481264114379883,-0.007776498794555664,-0.011711716651916504,0.013134896755218506,0.0007648468017578125,-0.0001035928726196289,-0.027568697929382324,-0.008397459983825684,0.019575834274291992,0.013156652450561523,0.012887358665466309,-0.0008796453475952148,-0.02199268341064453,-0.010362029075622559,0.0045874714851379395,0.022756338119506836
2026-02-27,0.018762409687042236,-0.02228689193725586,-0.001028299331665039,-0.005340099334716797,-0.04745560884475708,0.008343815803527832,0.013229906558990479,-0.010062098503112793,0.005139410495758057,-0.00362241268157959,0.02400118112564087,0.03516077995300293,-0.0296173095703125,-0.0053920745849609375,-0.016415059566497803,0.021014809608459473,0.018247902393341064,0.008649468421936035,-0.0018854141235351562,-0.004762232303619385
2026-03-02,0.03175663948059082,0.02142643928527832,0.02531886100769043,0.028401076793670654,-0.018108069896697998,0.022015511989593506,-0.006125688552856445,-0.047799527645111084,0.030336320400238037,-0.056512296199798584,0.009732544422149658,-0.0019979476928710938,0.04638010263442993,-0.005742192268371582,-0.017761409282684326,0.009835302829742432,-0.035915255546569824,0.008351027965545654,0.00968778133392334,-0.022827208042144775
2026-03-04,0.04723411798477173,0.0035216808319091797,0.00030738115310668945,-0.03771054744720459,-0.03266352415084839,0.036936402320861816,0.01906949281692505,0.0066329240798950195,0.027544736862182617,-0.03311842679977417,0.00045013427734375,0.03078639507293701,0.030672729015350342,-0.01158285140991211,-0.018014371395111084,0.0001576542854309082,-0.03817284107208252,0.0061588287353515625,0.0038707852363586426,-0.014048337936401367
2026-03-05,-0.02266669273376465,-0.008143782615661621,0.008522450923919678,0.004753589630126953,-0.021388649940490723,-0.03163623809814453,0.023304879665374756,-0.019587934017181396,-0.009674787521362305,0.03425288200378418,-0.01583731174468994,-0.07052338123321533,0.007167816162109375,0.0083237886428833,0.004725217819213867,-0.010447025299072266,-0.010190725326538086,-0.004932284355163574,-0.006429314613342285,0.025240182876586914
2026-03-06,0.005926251411437988,0.022252678871154785,-0.019318103790283203,-0.013039469718933105,-0.019966065883636475,0.007943272590637207,0.01199042797088623,-0.008248329162597656,0.0041561126708984375,-0.013444125652313232,-0.0025861263275146484,-0.01037740707397461,0.011445701122283936,-0.0030429959297180176,-0.008368492126464844,-0.02325308322906494,-0.032785773277282715,0.00515979528427124,0.007230639457702637,-0.0019853711128234863
2026-03-09,0.024084925651550293,-0.04341387748718262,0.029819011688232422,-0.0360107421875,-0.011323750019073486,0.029992759227752686,0.035012125968933105,0.013337850570678711,-0.05089259147644043,-0.024706363677978516,0.03132140636444092,0.028073668479919434,0.04185962677001953,-0.015066921710968018,-0.033059000968933105,0.026804447174072266,0.011549651622772217,0.0313725471496582,0.01294010877609253,-0.00533139705657959
2026-03-10,-0.04434943199157715,-0.012710809707641602,-0.031452298164367676,-0.046816229820251465,-0.03686106204986572,-0.008186697959899902,-0.03961515426635742,0.0017327070236206055,-0.05985093116760254,0.025559425354003906,-0.0108795166015625,-0.023874759674072266,-0.024168014526367188,0.016616106033325195,-0.029789328575134277,-0.01731705665588379,0.017159640789031982,-0.028209447860717773,0.008453369140625,0.008479952812194824
2026-03-11,-0.006434202194213867,0.02385079860687256,0.018178582191467285,-0.0004634857177734375,0.025276243686676025,0.0003355741500854492,0.020020604133605957,-0.015111923217773438,0.02005302906036377,-0.009747445583343506,-0.019944310188293457,0.03440368175506592,0.008350014686584473,-0.023122310638427734,0.017020344734191895,0.041554391384124756,0.01392662525177002,-0.0,0.004696190357208252,-0.0070601701736450195
2026-03-12,-0.03731262683868408,0.016040682792663574,0.004003942012786865,-0.005442976951599121,0.006037473678588867,0.006108999252319336,-0.00030863285064697266,-0.01857900619506836,-0.018464088439941406,0.01353466510772705,-0.06102418899536133,0.015043556690216064,0.004210114479064941,-0.01988518238067627,0.011400878429412842,-0.05528998374938965,-0.0006889104843139648,0.012955665588378906,0.008202612400054932,0.005113124847412109
2026-03-13,0.05703723430633545,0.025624752044677734,-0.0007995367050170898,0.0427321195602417,0.003037095069885254,0.02168184518814087,0.025667905807495117,-0.036009132862091064,0.015819847583770752,-0.03134310245513916,0.034077465534210205,0.007717013359069824,-0.06911766529083252,-0.019001424312591553,0.0341646671295166,0.04820472002029419,0.018864035606384277,0.018787741661071777,0.018078088760375977,-0.031237542629241943
2026-03-16,-0.010457515716552734,-0.03217822313308716,-0.0023523569107055664,0.006016135215759277,0.021773874759674072,0.03914672136306763,0.004306197166442871,0.0026378631591796875,0.0198286771774292,0.004557371139526367,-0.032831788063049316,8.100271224975586e-05,-0.009873628616333008,-0.002140641212463379,-0.010149240493774414,0.020282387733459473,0.011858820915222168,-0.011409878730773926,0.02079606056213379,-0.0009846091270446777
2026-03-17,0.0004703998565673828,-0.009191155433654785,0.0064427852630615234,-0.037767887115478516,-0.04038190841674805,-0.0019401311874389648,-0.02995610237121582,-0.028323650360107422,0.01268857717514038,0.013836860656738281,-0.02154064178466797,-0.01790487766265869,-0.010769844055175781,0.0010033845901489258,-0.0025118589401245117,-0.020008206367492676,0.0034086108207702637,0.0007780790328979492,0.0011417865753173828,0.011580109596252441
2026-03-18,-0.018707990646362305,0.024602770805358887,0.0004011988639831543,-0.02391231060028076,0.006428182125091553,-0.013554215431213379,-0.013832330703735352,-0.05057668685913086,-0.01988363265991211,0.014766693115234375,0.014398813247680664,-0.00883471965789795,0.033467650413513184,0.01195991039276123,-0.020191669464111328,-0.02858281135559082,0.02387058734893799,-0.010381579399108887,0.008611440658569336,0.02541208267211914
2026-03-19,0.04862552881240845,-0.02039051055908203,0.00396806001663208,0.02745497226715088,0.025237083435058594,0.0211561918258667,0.03051537275314331,-0.005440950393676758,0.02520209550857544,-0.0022048354148864746,0.029079854488372803,0.011834323406219482,-0.041747868061065674,-0.012535929679870605,-0.054536283016204834,0.03526109457015991,0.039418935775756836,0.017980992794036865,0.020908653736114502,-0.03119558095932007
2026-03-20,-0.037635087966918945,0.0037772655487060547,-0.05584156513214111,-0.003982663154602051,0.03176772594451904,-0.0049877166748046875,0.008544325828552246,-0.007595181465148926,0.007195174694061279,-0.0025411248207092285,-0.0004278421401977539,0.022115767002105713,0.009975552558898926,0.006433963775634766,0.024753570556640625,0.009803175926208496,0.017098546028137207,-0.01229405403137207,0.005574285984039307,0.02247464656829834
2026-03-23,0.05194807052612305,-0.022818267345428467,-0.04847908020019531,0.03395169973373413,0.0337519645690918,-0.05236285924911499,0.029402434825897217,-0.020195364952087402,0.05797809362411499,-0.02935314178466797,0.035569190979003906,0.038781821727752686,-0.06410002708435059,-0.050489723682403564,-0.01968240737915039,0.025667130947113037,0.0389670729637146,0.03074932098388672,-0.03860729932785034,-0.03700739145278931
2026-03-24,-0.03344440460205078,0.002539992332458496,0.018445968627929688,-0.015096664428710938,-0.050690531730651855,0.003036022186279297,-0.031664133071899414,0.01511603593826294,-0.019950389862060547,0.01711738109588623,-0.09290468692779541,-0.05062425136566162,0.00430750846862793,-0.0013031363487243652,0.013156890869140625,-0.033493638038635254,-0.009975910186767578,-0.01079714298248291,-0.001231849193572998,0.02996349334716797
2026-03-25,-0.029973745346069336,0.01691734790802002,-0.015355706214904785,-0.028792381286621094,-0.03881239891052246,0.03632235527038574,-0.023035049438476562,-0.017973780632019043,-0.019432425498962402,0.03455626964569092,0.005004405975341797,-0.0053359270095825195,-0.1569805145263672,-0.05306267738342285,0.022969603538513184,-0.039043545722961426,-0.026764392852783203,-0.02083611488342285,-0.02812039852142334,0.007736325263977051
2026-03-27,0.032115936279296875,0.0029735565185546875,0.0010885000228881836,0.02868044376373291,0.04192715883255005,-0.01730555295944214,0.015897512435913086,-0.05794394016265869,0.033107638359069824,-0.037306129932403564,0.032420337200164795,0.026135921478271484,0.052641332149505615,0.032559990882873535,-0.0351482629776001,0.0285036563873291,0.03661751747131348,0.032037198543548584,0.0317499041557312,-0.04702121019363403
2026-03-30,0.04396265745162964,0.020592927932739258,0.030912399291992188,-0.01607334613800049,0.010927557945251465,-0.043840110301971436,0.02508014440536499,-0.012907803058624268,0.049416303634643555,-0.005069255828857422,0.03849393129348755,-0.017753958702087402,0.0532185435295105,0.03273087739944458,-0.022739410400390625,0.02280646562576294,0.02754068374633789,0.027225375175476074,0.03650778532028198,-0.04682379961013794
2026-04-01,-0.030948519706726074,0.010677576065063477,0.02107369899749756,-0.0456995964050293,-0.004660129547119141,-0.05082368850708008,-0.04977428913116455,-0.06819009780883789,-0.06767630577087402,0.011888623237609863,-0.023085951805114746,0.02085191011428833,-0.06476545333862305,-0.04638075828552246,0.0171205997467041,-0.048072218894958496,-0.06053328514099121,-0.04321575164794922,-0.040291428565979004,0.04674708843231201
2026-04-02,0.0065628886222839355,-0.021828651428222656,0.003457307815551758,-0.013895034790039062,0.021055877208709717,-0.01885819435119629,0.008291363716125488,0.009676039218902588,-0.01904153823852539,0.0029091835021972656,-0.04205942153930664,0.023699045181274414,-0.005084991455078125,0.016766846179962158,-0.02555471658706665,0.05443793535232544,-0.02358090877532959,-0.008153557777404785,-0.07441294193267822,-0.0025231242179870605
2026-04-06,0.011010527610778809,-0.02334815263748169,-0.018109560012817383,0.012267887592315674,-0.0074002742767333984,-0.007476210594177246,-0.009475469589233398,0.002934277057647705,-0.015926718711853027,0.007475137710571289,0.022408008575439453,0.008148014545440674,-0.003205537796020508,-0.014478802680969238,0.013819098472595215,-0.007325887680053711,-0.014798998832702637,-0.029741764068603516,0.027074754238128662,0.02487349510192871
2026-04-07,0.004329562187194824,0.010164260864257812,-0.00481414794921875,-0.004475831985473633,-0.06273126602172852,-0.001080632209777832,-0.0076073408126831055,-0.013149261474609375,-0.003086090087890625,0.01018822193145752,0.0051871538162231445,0.003679633140563965,-0.000962376594543457,0.004475414752960205,0.0030204057693481445,0.015531301498413086,-0.007742643356323242,0.003673732280731201,0.016949176788330078,-0.00032907724380493164
2026-04-08,-0.04783201217651367,0.02841508388519287,0.03437817096710205,-0.035869479179382324,-0.052265167236328125,-0.02389347553253174,-0.024050116539001465,-0.025586247444152832,-0.03199601173400879,0.028392910957336426,-0.010992050170898438,-0.04122650623321533,-0.0374985933303833,-0.018407106399536133,0.04625129699707031,-0.016318917274475098,-0.019095897674560547,-0.04361093044281006,-0.039214134216308594,0.05382275581359863
2026-04-09,0.00035578012466430664,0.010723233222961426,-0.0004572868347167969,0.02107757329940796,-0.014319539070129395,-0.00021088123321533203,0.012188613414764404,0.0028020739555358887,-0.021941304206848145,-0.009060859680175781,-0.0013241767883300781,-0.012125730514526367,-0.004930257797241211,-0.0012860298156738281,-0.005608856678009033,0.014496326446533203,-0.01947009563446045,-0.011574029922485352,-0.002469301223754883,0.0027333498001098633
2026-04-10,-0.005218863487243652,-0.0010067224502563477,-0.0007486343383789062,-0.003405451774597168,-0.003960251808166504,-0.027196049690246582,-0.028650522232055664,-0.011179566383361816,-0.009334921836853027,0.01312398910522461,-0.0009047985076904297,-0.007497906684875488,-0.007672786712646484,-0.024785637855529785,0.00719904899597168,-0.030669212341308594,-0.010410666465759277,-0.008310317993164062,-0.06211996078491211,0.004439234733581543
2026-04-13,-0.0012979507446289062,-0.021937966346740723,0.018250703811645508,-0.0012042522430419922,0.028401672840118408,-0.008004426956176758,-0.0022820234298706055,0.001105666160583496,-0.01664745807647705,-0.0007432699203491211,-0.006954073905944824,-0.009221792221069336,0.015741169452667236,0.014464318752288818,-0.02254807949066162,0.012209892272949219,-0.03211820125579834,-0.008600115776062012,-0.04015064239501953,-0.001705765724182129
2026-04-15,-0.0174405574798584,0.03820240497589111,0.0197221040725708,0.0031711459159851074,0.001910567283630371,-0.03339207172393799,-0.01144254207611084,-0.010828971862792969,-0.024221062660217285,0.04229104518890381,-0.00849449634552002,0.0024847984313964844,-0.042027831077575684,-0.045610904693603516,0.002261638641357422,-0.02345287799835205,-0.02485370635986328,-0.016106128692626953,-0.0023690462112426758,0.024932026863098145
2026-04-16,-0.014361739158630371,0.0074814558029174805,-0.011704564094543457,0.0055945515632629395,0.005647063255310059,-0.0072901248931884766,0.0158730149269104,0.0007103085517883301,-0.028200268745422363,-0.003262341022491455,0.010956645011901855,-0.005383729934692383,-0.014098525047302246,-0.023043274879455566,0.0011281967163085938,-0.0013997554779052734,-0.006986379623413086,0.013053655624389648,0.017586469650268555,0.00022733211517333984
2026-04-17,-0.00673675537109375,0.00022733211517333984,-0.006671905517578125,-0.0026475191116333008,0.013283312320709229,-0.0028688907623291016,-0.014838695526123047,0.006485581398010254,-0.05755329132080078,0.009614348411560059,-0.002492547035217285,-0.004475712776184082,-0.0045403242111206055,-0.008836150169372559,0.046882033348083496,0.003793954849243164,-0.006604433059692383,-0.04487478733062744,-0.003396272659301758,0.0071974992752075195
2026-04-20,-0.010887980461120605,-0.00969696044921875,-0.009166717529296875,0.008141756057739258,-0.012047529220581055,0.001755356788635254,0.016586780548095703,0.02474069595336914,0.01725548505783081,-0.009218871593475342,0.024103879928588867,-0.029837727546691895,0.007147669792175293,0.032710134983062744,-0.00208127498626709,0.01178586483001709,0.012061774730682373,-0.008702516555786133,0.007051706314086914,-0.012110710144042969
2026-04-21,-0.012453794479370117,0.0032129287719726562,-0.006304919719696045,-0.0014420747756958008,0.009301543235778809,-0.0712517499923706,-0.0004113912582397461,0.0013448596000671387,-0.004259705543518066,0.035889506340026855,-0.0005661249160766602,0.015143334865570068,-0.007975459098815918,0.005169570446014404,0.012441635131835938,-0.002393364906311035,-0.002817511558532715,0.014117598533630371,-0.005184292793273926,-0.0035788416862487793
2026-04-22,-0.04255318641662598,0.016699671745300293,-0.007215917110443115,-0.0019937753677368164,0.010264694690704346,-0.06122326850891113,-0.02508366107940674,-0.0018362998962402344,-0.010759353637695312,0.03267192840576172,-0.02871692180633545,0.01670980453491211,-0.01571965217590332,-0.011915445327758789,0.007955670356750488,-0.008822321891784668,-0.021606802940368652,-0.009773850440979004,-0.0030379295349121094,-0.0006877779960632324
2026-04-23,0.009566307067871094,0.009075284004211426,-0.01017141342163086,0.011828362941741943,-0.0026050806045532227,0.007791459560394287,0.0010315179824829102,-0.012189149856567383,0.013408362865447998,0.025043129920959473,0.005431771278381348,-0.002154111862182617,-0.0018957853317260742,-0.004023194313049316,-0.011909842491149902,-0.0198972225189209,-0.031102657318115234,-0.0075408220291137695,0.0030287504196166992,-0.018046915531158447
2026-04-24,-0.014702796936035156,-0.0069124698638916016,-0.014496147632598877,0.013759970664978027,0.021815836429595947,0.024019837379455566,0.030403852462768555,-0.021126985549926758,0.028011202812194824,0.05585598945617676,0.002212226390838623,-0.027306795120239258,0.02955251932144165,-0.0037789344787597656,-0.005563020706176758,0.019194364547729492,-0.043881356716156006,0.028820335865020752,0.020418286323547363,-0.016587436199188232
2026-04-27,-0.0338444709777832,0.0029189586639404297,0.0012418031692504883,-0.011683344841003418,-0.017942070960998535,0.0031946897506713867,-0.01076805591583252,-0.006827592849731445,-0.013662099838256836,0.00794839859008789,-0.003533601760864258,-0.019606351852416992,-0.033075809478759766,-0.0007789134979248047,0.0035860538482666016,-0.005854964256286621,0.013483047485351562,-0.02323436737060547,-0.04190409183502197,0.012828588485717773
2026-04-28,-0.026496171951293945,0.023134350776672363,-0.016230762004852295,-0.005718111991882324,0.010043859481811523,0.001365065574645996,0.01036059856414795,0.004931807518005371,-0.0008423328399658203,0.0013142824172973633,0.0018641352653503418,-0.007372498512268066,-0.01712357997894287,-0.004540205001831055,-0.00478816032409668,-0.009807825088500977,0.0029491186141967773,0.02900177240371704,-0.1105496883392334,0.009382367134094238
2026-04-29,-0.0012955665588378906,-0.006272792816162109,0.01815056800842285,-0.004570722579956055,0.0013924837112426758,-0.02466416358947754,0.009640932083129883,0.008319616317749023,0.0007364749908447266,0.052852511405944824,-0.010928988456726074,-0.019843101501464844,-0.007861018180847168,0.002098381519317627,-0.0025850534439086914,-0.004264116287231445,0.004770040512084961,-0.010419130325317383,0.002991974353790283,-0.002168893814086914
2026-04-30,-0.010251760482788086,0.0008074045181274414,0.017122507095336914,0.027743875980377197,0.01304847002029419,-0.0074242353439331055,-0.00812232494354248,-0.07157731056213379,0.01179194450378418,0.010222792625427246,-0.0017105340957641602,-0.009247660636901855,0.027282238006591797,0.011743426322937012,-0.009575247764587402,0.009828567504882812,0.004032015800476074,0.039527952671051025,-0.011566162109375,-0.0034932494163513184
2026-05-04,-0.011034488677978516,0.01936197280883789,-0.013034999370574951,-0.007990002632141113,-0.009486794471740723,-0.008866429328918457,-0.011255979537963867,-0.04131042957305908,-0.014702796936035156,0.0035376548767089844,-0.016803264617919922,0.0035918354988098145,-0.06511116027832031,0.002389669418334961,-0.008068621158599854,-0.013023018836975098,0.0012954473495483398,-0.07121562957763672,0.004017293453216553,0.0023369789123535156
2026-05-05,-0.048918306827545166,-0.005539953708648682,-0.012632906436920166,-0.002264738082885742,-0.005448698997497559,-0.01084291934967041,0.00544816255569458,0.0014930367469787598,-0.014699697494506836,0.007870078086853027,-0.006919264793395996,-0.03067755699157715,0.01647818088531494,0.010894179344177246,-0.0002931356430053711,0.011209487915039062,0.02496922016143799,-0.06224942207336426,0.005336642265319824,-0.0020206570625305176
2026-05-06,0.02018439769744873,0.028505325317382812,0.0017877817153930664,-0.022822260856628418,-0.0033309459686279297,-0.028397202491760254,-0.009424567222595215,-0.017489075660705566,-0.03135347366333008,0.03326833248138428,-0.010674476623535156,-0.0054247379302978516,-0.004763484001159668,-0.018810272216796875,0.04200267791748047,-0.07800853252410889,-0.006626725196838379,-0.03857851028442383,-0.01809215545654297,0.02795732021331787
2026-05-07,-0.01948380470275879,-0.010481119155883789,-0.0030101537704467773,-0.002871990203857422,0.026311874389648438,-0.018006205558776855,0.011087119579315186,0.0032277703285217285,-0.005618572235107422,-0.03188222646713257,-0.036041975021362305,-0.005963325500488281,0.0045773983001708984,-0.009931564331054688,0.02033066749572754,-0.019010186195373535,0.009339213371276855,-0.007166624069213867,0.012991011142730713,-0.014469683170318604
2026-05-08,-0.0055310726165771484,0.007819771766662598,-0.005801260471343994,-0.004075288772583008,0.019033074378967285,-0.011594057083129883,0.015400946140289307,0.007713735103607178,0.00997704267501831,0.03699791431427002,0.0049697160720825195,0.0061397552490234375,-0.005583763122558594,-0.0029985904693603516,0.017650246620178223,-0.0034279823303222656,0.013721942901611328,0.026758909225463867,0.029552340507507324,-0.006841421127319336
2026-05-11,0.004119873046875,-0.027720928192138672,-0.026225566864013672,0.007678806781768799,0.0318530797958374,0.006556868553161621,0.017259955406188965,0.008437037467956543,0.022473037242889404,-0.0340312123298645,0.008644402027130127,-0.004260420799255371,0.03919649124145508,0.006429195404052734,-0.026287317276000977,-0.006365060806274414,0.009810566902160645,0.03933680057525635,0.02584606409072876,-0.03560376167297363
2026-05-12,-0.03887581825256348,-0.005876362323760986,-0.008554041385650635,-0.04068094491958618,-0.0034830570220947266,0.00820988416671753,0.019209682941436768,0.02472376823425293,0.03061854839324951,-0.013393938541412354,-0.036946117877960205,0.01711094379425049,-0.05507385730743408,0.030153989791870117,0.010993599891662598,0.027621984481811523,-0.04168975353240967,0.04630720615386963,-0.01168978214263916,-0.06405079364776611
2026-05-13,0.00010669231414794922,0.019922614097595215,-0.007369697093963623,-0.0122147798538208,0.006514608860015869,-0.00438237190246582,-0.001492142677307129,-0.010699868202209473,-0.0421142578125,0.018100976943969727,-0.010798096656799316,0.005755007266998291,0.017089366912841797,-0.017814159393310547,-0.005092918872833252,0.009554624557495117,0.012961149215698242,-0.024052977561950684,0.0027913451194763184,0.006308317184448242
2026-05-14,-0.0011737942695617676,-0.002575814723968506,-0.012404024600982666,-0.009332716464996338,0.0001074671745300293,0.00872659683227539,0.011361479759216309,-0.0020630359649658203,-0.06123077869415283,-0.002666950225830078,0.005288481712341309,0.0026047229766845703,0.004244685173034668,-0.017240285873413086,0.02642512321472168,-0.01268923282623291,-0.05561542510986328,0.00395125150680542,0.01432102918624878,0.013172626495361328
2026-05-15,-0.003739297389984131,0.018651366233825684,-0.0030483603477478027,-0.05958545207977295,-0.0029565095901489258,0.0074991583824157715,0.008477747440338135,-0.005959630012512207,0.010770320892333984,-0.03411388397216797,-0.008295655250549316,-0.015741705894470215,-0.03381472826004028,-0.003640890121459961,-0.010850608348846436,0.01461857557296753,-0.03894388675689697,-0.011019229888916016,0.01083076000213623,-0.009633481502532959
2026-05-18,-0.010831058025360107,-0.03063380718231201,-0.01144874095916748,-0.016448140144348145,0.015328586101531982,0.042652249336242676,0.010577023029327393,0.005116462707519531,-0.009234905242919922,-0.0746644139289856,-0.01781827211380005,0.013783752918243408,-0.02479034662246704,0.005971252918243408,-0.011923432350158691,0.018442153930664062,-0.0407184362411499,0.01983654499053955,0.024769723415374756,0.008857250213623047
2026-05-19,0.01745438575744629,0.024337053298950195,0.012604713439941406,0.00885629653930664,-0.02171778678894043,-0.03277099132537842,-0.012098312377929688,-0.01450812816619873,-0.05172419548034668,0.02221214771270752,0.021672844886779785,-0.02476644515991211,0.02261674404144287,-0.0091400146484375,0.003861546516418457,0.0010227560997009277,-0.00538325309753418,-0.042811036109924316,-0.008009910583496094,-0.007133305072784424
2026-05-20,-0.0125732421875,-0.008226931095123291,-0.008888006210327148,0.01996690034866333,0.0029300451278686523,-0.0100785493850708,-0.009487032890319824,-0.0007203817367553711,0.04670757055282593,0.03130829334259033,-0.016401231288909912,0.004098653793334961,-0.06982266902923584,-0.07149720191955566,-0.00013744831085205078,0.009062588214874268,-0.0051888227462768555,0.01738107204437256,0.008489549160003662,0.0016579627990722656
2026-05-21,0.04186892509460449,0.009296298027038574,0.0018305778503417969,-0.005065321922302246,-0.005930781364440918,0.02121710777282715,0.010713577270507812,-0.02042222023010254,-0.003362417221069336,0.01573777198791504,0.0027561187744140625,-0.010217785835266113,0.008542656898498535,-0.05539083480834961,0.01181650161743164,-0.0027167797088623047,-0.0099945068359375,-0.027563810348510742,-0.034454345703125,-0.008433818817138672
2026-05-22,-0.013568103313446045,-0.00318831205368042,0.013669848442077637,-0.018479108810424805,0.033621907234191895,0.02548593282699585,0.013362884521484375,-0.0017244815826416016,0.02987360954284668,-0.005757272243499756,-0.0074898600578308105,-0.0009131431579589844,-0.01051187515258789,0.014778375625610352,0.0038022994995117188,-0.007250785827636719,0.014136552810668945,0.008976638317108154,0.006489157676696777,0.004769444465637207
2026-05-25,0.013439774513244629,0.0007107257843017578,-0.003126084804534912,-0.019243478775024414,-0.012146830558776855,-0.003506183624267578,-0.013993144035339355,0.00041735172271728516,-0.016679763793945312,0.010389089584350586,0.004569411277770996,-0.0449824333190918,-0.0035811662673950195,0.024451613426208496,-0.0008117556571960449,-0.027127385139465332,-0.013512015342712402,-0.020140647888183594,-0.02099442481994629,0.0321202278137207
2026-05-26,0.01740574836730957,-0.003054201602935791,-0.03021419048309326,-0.03128707408905029,-0.0028780698776245117,0.010768115520477295,-0.032031357288360596,0.012576937675476074,-0.004271507263183594,0.022166132926940918,-0.0008959174156188965,0.00664830207824707,0.015802860260009766,-0.0038961172103881836,0.000880122184753418,-0.014275193214416504,-0.005550384521484375,-0.021727800369262695,-0.023434996604919434,0.0041391849517822266
2026-05-27,0.019857406616210938,-0.0022085905075073242,-0.0255509614944458,-0.0004184246063232422,0.00817638635635376,0.007121741771697998,-0.02766329050064087,0.026980578899383545,0.0021265745162963867,0.001319289207458496,0.0014486312866210938,0.02048403024673462,0.007251381874084473,0.003312349319458008,0.0014879703521728516,0.004691362380981445,-0.00941610336303711,-0.013188838958740234,0.011927604675292969,0.0017557144165039062
2026-05-29,-0.05142289400100708,-0.020992517471313477,0.023029565811157227,0.024573862552642822,-0.04263800382614136,0.019127607345581055,0.01614201068878174,0.014421164989471436,0.02295851707458496,-0.00123518705368042,-0.007507920265197754,0.01594310998916626,-0.008173942565917969,-0.025392472743988037,0.0014183521270751953,0.007673203945159912,0.021765947341918945,-0.012209892272949219,0.021367251873016357,-0.01729792356491089
