date,APLAPOLLO,ADANIENT,HINDALCO,HINDCOPPER,HINDZINC,JSWSTEEL,JSL,JINDALSTEL,LLOYDSME,NMDC,NATIONALUM,SAIL,TATASTEEL,VEDL,WELCORP
2023-07-17,0.03270614147186279,-0.013674259185791016,0.0003355741500854492,-0.02081596851348877,-0.01400083303451538,0.00832444429397583,0.013850867748260498,0.005766749382019043,0.0,-0.0030442476272583008,-0.04369211196899414,-0.0038355588912963867,-0.005317211151123047,0.00354611873626709,-0.023774027824401855
2023-07-18,-0.020580291748046875,-0.0034259557723999023,-0.005815267562866211,0.021615028381347656,-0.011267244815826416,0.00908350944519043,0.026004672050476074,0.005957126617431641,-0.0,0.018209457397460938,0.0026301145553588867,0.01419210433959961,0.010130047798156738,0.009094476699829102,0.01435244083404541
2023-07-19,0.03731071949005127,-0.00285947322845459,-0.011923491954803467,0.00125044584274292,0.00921010971069336,-0.001264333724975586,-0.04882919788360596,-0.009383440017700195,0.0,-0.0030912160873413086,0.009669303894042969,-0.005537152290344238,-0.0009056329727172852,-0.008379817008972168,-0.04646587371826172
2023-07-20,0.008625268936157227,0.0016597509384155273,0.005350589752197266,0.0008347630500793457,-0.00030934810638427734,-0.009028911590576172,-0.0006806850433349609,0.004218459129333496,-0.0,0.00770413875579834,-0.0021080970764160156,0.009911894798278809,-0.0022619962692260742,0.005540132522583008,-0.0056285858154296875
2023-07-21,0.01114189624786377,0.0014066100120544434,-0.015966475009918213,-0.0020885467529296875,-0.015472710132598877,0.015768706798553467,-0.011155009269714355,0.014513194561004639,-0.0,-0.0,0.0021036863327026367,-0.002780914306640625,0.0031597018241882324,0.015121400356292725,0.005130589008331299
2023-07-24,0.007018566131591797,-0.0007683038711547852,-0.0035672783851623535,0.01500624418258667,-0.005029082298278809,0.013732552528381348,0.030943095684051514,-0.001990079879760742,0.0,-0.0,-0.0009986162185668945,0.0027731657028198242,0.009690284729003906,-0.027070701122283936,0.001719057559967041
2023-07-25,0.03080570697784424,-0.020047783851623535,-0.03822612762451172,-0.0541684627532959,0.004738569259643555,-0.032102108001708984,-0.03331947326660156,-0.05616915225982666,-0.0,-0.012422323226928711,-0.029372692108154297,-0.02614009380340576,-0.0334705114364624,0.022425174713134766,0.015028119087219238
2023-07-26,0.010378599166870117,-0.0016726255416870117,0.0011123418807983398,-0.012846231460571289,0.005659580230712891,-0.006120800971984863,-0.011151432991027832,0.010681569576263428,-0.0,-0.0015338659286499023,-0.0005383491516113281,0.0005420446395874023,-0.006105661392211914,0.0077173709869384766,0.010966360569000244
2023-07-27,0.007494926452636719,0.01715785264968872,-0.0053452253341674805,-0.012683272361755371,0.0017194747924804688,0.014526069164276123,-0.012755870819091797,-0.003345489501953125,0.0,0.0015314817428588867,0.0016143321990966797,-0.0032538175582885742,0.0013192296028137207,-0.006852149963378906,-0.025871872901916504
2023-07-28,0.021985292434692383,-0.01431417465209961,-0.00022149085998535156,-0.0007827281951904297,-0.0007802844047546387,-0.013102412223815918,-0.033324480056762695,-0.00833582878112793,0.0,-0.003067612648010254,-0.00635981559753418,-0.0021620988845825195,-0.006869196891784668,0.006493568420410156,0.00939851999282837
2023-07-31,0.03594052791595459,-0.011808991432189941,-0.02458477020263672,-0.10363709926605225,0.005622386932373047,-0.015668630599975586,-0.01815652847290039,-0.005185604095458984,0.0,-0.04281342029571533,0.0010710954666137695,-0.020496249198913574,-0.021866559982299805,-0.010887086391448975,-0.018500924110412598
2023-08-01,-0.004266083240509033,0.004469871520996094,-0.00324249267578125,-0.06591057777404785,0.0009317398071289062,-0.0050811767578125,-0.0012470483779907227,-0.004037380218505859,0.0,0.004398763179779053,-0.003645658493041992,-0.010570883750915527,-0.00034236907958984375,0.0036689043045043945,-0.012265205383300781
2023-08-02,0.0028352737426757812,0.0030347704887390137,0.020685195922851562,0.023603618144989014,-0.003878951072692871,0.020282626152038574,0.017063140869140625,-0.0408816933631897,-0.0,0.026509642601013184,-0.03557693958282471,-0.02771967649459839,-0.03550952672958374,-0.018683969974517822,0.0021472573280334473
2023-08-03,-0.04705810546875,-0.023852229118347168,0.0026403069496154785,-0.02928149700164795,-0.009034276008605957,-0.0002486705780029297,-0.004434823989868164,0.004037261009216309,0.0,0.004538536071777344,0.022266507148742676,-0.000537872314453125,-0.006476283073425293,-0.07243376970291138,-0.015831589698791504
2023-08-04,0.007450222969055176,-0.0036247968673706055,-0.008162379264831543,-0.01885545253753662,0.00031435489654541016,-0.0018646717071533203,0.008073687553405762,0.009433984756469727,0.0,-0.0,0.008452534675598145,0.01184070110321045,0.006964921951293945,-0.030343592166900635,0.0279921293258667
2023-08-07,-0.033212244510650635,-0.0034494400024414062,-0.017177224159240723,0.034415602684020996,-0.004556894302368164,-0.008809447288513184,0.003306567668914795,0.007277488708496094,0.0,0.00607907772064209,-0.0015044212341308594,0.0005319118499755859,-0.0013300776481628418,-0.040497004985809326,-0.00933992862701416
2023-08-08,-0.0021999478340148926,-0.029805481433868408,0.021727442741394043,0.013113617897033691,0.008524060249328613,0.014451742172241211,-0.004083156585693359,0.000836491584777832,0.0,0.012232482433319092,-0.0010761618614196777,-0.015417397022247314,-0.006038010120391846,0.010071992874145508,-0.030536651611328125
2023-08-09,0.03626060485839844,0.013172149658203125,-0.031116008758544922,-0.03509366512298584,0.003599882125854492,-0.02764260768890381,0.0052103400230407715,0.03183889389038086,-0.0,-0.013931870460510254,0.021654844284057617,0.0037796497344970703,0.01786673069000244,0.0180436372756958,0.0007482767105102539
2023-08-10,0.024648189544677734,0.018061399459838867,-0.0,0.0240289568901062,-0.005614519119262695,-0.009775876998901367,-0.058124661445617676,-0.003829479217529297,-0.0,-0.007633566856384277,-0.019086837768554688,-0.000537872314453125,-0.0016675591468811035,-0.0009328126907348633,-0.005391597747802734
2023-08-11,-0.00849759578704834,-0.005051553249359131,0.013755559921264648,-0.07217538356781006,-0.0070577263832092285,0.013048648834228516,0.006519317626953125,0.03230583667755127,0.0,-0.0015151500701904297,-0.0074176788330078125,-0.01937568187713623,0.002549409866333008,-0.025210082530975342,0.02130192518234253
2023-08-14,0.015175461769104004,-0.0328594446182251,0.025191962718963623,0.041207969188690186,0.0,0.025833189487457275,0.018106698989868164,-0.05148953199386597,-0.0,-0.043872952461242676,-0.03866565227508545,-0.04390782117843628,-0.018414556980133057,-0.019157111644744873,0.0007610321044921875
2023-08-16,0.00015866756439208984,-0.004451751708984375,0.012422323226928711,0.062335968017578125,-0.007423698902130127,0.00519108772277832,-0.02747523784637451,-0.021593034267425537,-0.0,0.011594235897064209,-0.016561508178710938,-0.025258302688598633,-0.019206702709197998,0.01171875,0.027418136596679688
2023-08-17,-0.010503649711608887,0.014132022857666016,-0.005390763282775879,0.002449214458465576,-0.0006365776062011719,0.006978511810302734,0.016502082347869873,-0.0042441487312316895,-0.0,0.005865037441253662,-0.015121996402740479,0.0,0.0009107589721679688,-0.01158297061920166,0.009397029876708984
2023-08-18,-0.005997061729431152,-0.03943431377410889,0.018096506595611572,0.012627184391021729,0.001751542091369629,0.0033555030822753906,-0.025352120399475098,-0.006432175636291504,0.0,0.011799454689025879,-0.011399388313293457,-0.006478250026702881,-0.0022749900817871094,-0.00341796875,0.013596773147583008
2023-08-21,-0.00961446762084961,-0.02417159080505371,-0.022525548934936523,0.0287744402885437,0.0017485618591308594,-0.009719252586364746,-0.006927847862243652,0.0195772647857666,-0.0701262354850769,-0.02835822105407715,0.013178110122680664,0.020154118537902832,0.009850382804870605,0.004899501800537109,-0.0192338228225708
2023-08-22,0.01798224449157715,-0.022077202796936035,-0.002113938331604004,-0.05961966514587402,0.003808259963989258,-0.0005662441253662109,-0.007591962814331055,0.003442525863647461,0.013763189315795898,-0.021770715713500977,0.00963890552520752,-0.004067480564117432,0.00568997859954834,0.002925395965576172,-0.016983747482299805
2023-08-23,0.017536520957946777,-0.06216305494308472,-0.02420341968536377,-0.023817777633666992,-0.006955385208129883,-0.0033954381942749023,-0.015540361404418945,0.007471203804016113,0.045006513595581055,-0.011363625526428223,0.0135725736618042,0.004084110260009766,0.012303590774536133,0.014098286628723145,0.012834370136260986
2023-08-24,0.04135608673095703,0.0036687850952148438,0.010298073291778564,0.014160513877868652,0.00636744499206543,0.01253288984298706,0.010433554649353027,-0.01763153076171875,-0.017796754837036133,0.009831428527832031,-0.002837061882019043,0.0058106184005737305,-0.0060326457023620605,-0.0019176006317138672,-0.017857074737548828
2023-08-25,0.023616790771484375,-0.01726168394088745,0.01423877477645874,0.00923389196395874,-0.005219876766204834,0.018720626831054688,0.01042640209197998,-0.022646665573120117,-0.0031708478927612305,0.014184415340423584,-0.016615450382232666,-0.010398626327514648,-0.011781513690948486,-0.02017289400100708,0.02185291051864624
2023-08-28,-0.015282869338989258,-0.009340405464172363,0.008222222328186035,-0.021056175231933594,0.005565285682678223,0.00019407272338867188,0.01183849573135376,0.03381145000457764,-0.015177726745605469,-0.024460434913635254,0.024881362915039062,0.01517796516418457,0.00614166259765625,0.023529410362243652,-0.005034685134887695
2023-08-29,-0.02618652582168579,0.013767242431640625,-0.021846294403076172,-0.026031136512756348,-0.0025300979614257812,-0.012483835220336914,-0.03677964210510254,0.031180977821350098,0.0,-0.004213571548461914,0.025406479835510254,0.017251253128051758,0.017145395278930664,-0.0057471394538879395,0.003756999969482422
2023-08-30,0.0074149370193481445,0.00263369083404541,-0.0015349388122558594,-0.01911032199859619,-0.014426231384277344,-0.005749702453613281,-0.02137744426727295,-0.003992319107055664,-0.003229975700378418,-0.005594372749328613,0.01563715934753418,0.03335225582122803,0.021975159645080566,-0.0019268393516540527,-0.055468201637268066
2023-08-31,0.023546934127807617,-0.03735017776489258,-0.00678706169128418,-0.024571657180786133,0.00562596321105957,0.009528040885925293,-0.028623104095458984,0.01618170738220215,-0.0058327317237854,-0.04311537742614746,-0.0005421638488769531,-0.007658720016479492,0.006735682487487793,-0.019787609577178955,0.02530890703201294
2023-09-01,0.03210604190826416,0.012748479843139648,-0.02913987636566162,-0.05459141731262207,-0.004871964454650879,-0.034310221672058105,-0.019907593727111816,0.024251222610473633,0.021326065063476562,-0.06266665458679199,-0.044695138931274414,-0.0689084529876709,-0.034825801849365234,0.01821756362915039,-0.03436684608459473
2023-09-04,0.008904337882995605,0.008377790451049805,-0.028314828872680664,-0.026630759239196777,-0.011886119842529297,-0.004216194152832031,-0.026852130889892578,0.00870060920715332,0.02334284782409668,-0.055207014083862305,-0.06095528602600098,-0.05982470512390137,-0.038047075271606445,0.02611219882965088,0.008859992027282715
2023-09-05,0.028884172439575195,0.00947725772857666,0.0011301636695861816,0.01748758554458618,-0.001545548439025879,-0.007594466209411621,0.002835571765899658,0.007565021514892578,0.005524277687072754,-0.03923904895782471,0.018204987049102783,0.009732365608215332,0.0003992915153503418,-0.0014137625694274902,0.007747352123260498
2023-09-06,-0.002757251262664795,0.0009926557540893555,0.016354680061340332,0.02847820520401001,0.007870316505432129,0.0012868046760559082,-0.004212737083435059,-0.014174401760101318,0.0027469396591186523,0.008009195327758789,0.013159215450286865,0.0240786075592041,0.01637643575668335,-0.0004718899726867676,-0.03213214874267578
2023-09-07,-0.035272419452667236,0.005205869674682617,0.0063787102699279785,0.006412208080291748,0.0017110705375671387,-0.005399346351623535,-0.008809685707092285,0.001494765281677246,-0.010869503021240234,-0.0057669878005981445,0.00989997386932373,-0.0025175809860229492,-0.004385590553283691,-0.010387122631072998,-0.02662205696105957
2023-09-08,-0.006223917007446289,0.0039048194885253906,-0.0022100210189819336,-0.02612173557281494,0.0021812915802001953,0.0043329596519470215,-0.02276742458343506,-0.007391631603240967,-0.007862091064453125,0.0034403204917907715,-0.003979206085205078,0.006529390811920166,0.00517505407333374,-0.006202280521392822,-0.07963728904724121
2023-09-11,0.008185505867004395,0.03799545764923096,-0.018271565437316895,0.0026953816413879395,0.0007807612419128418,-0.010419845581054688,-0.06159794330596924,0.021838784217834473,0.052228689193725586,-0.01495969295501709,-0.01097559928894043,-0.010616779327392578,-0.013086199760437012,0.0028804540634155273,-0.01653754711151123
2023-09-12,-0.06154292821884155,-0.030332863330841064,0.014643728733062744,-0.07057058811187744,-0.014846086502075195,0.009766459465026855,0.026809632778167725,-0.03882002830505371,-0.02918267250061035,-0.05555546283721924,-0.06101727485656738,-0.06203097105026245,0.016848504543304443,-0.030157923698425293,-0.07630723714828491
2023-09-13,0.005141615867614746,-0.006630599498748779,-0.011407613754272461,0.02423262596130371,-0.0011104345321655273,0.006738543510437012,-0.010527253150939941,0.008675336837768555,0.015074014663696289,0.04201686382293701,0.01884162425994873,0.024000048637390137,-0.00440669059753418,0.006910085678100586,0.011182546615600586
2023-09-14,0.002817988395690918,0.00036847591400146484,-0.029283881187438965,0.0217665433883667,-0.020168304443359375,0.0004317760467529297,-0.010709762573242188,0.02782595157623291,-0.0006078481674194336,0.05529952049255371,0.021645545959472656,0.027604222297668457,-0.017062067985534668,0.013725519180297852,0.06110024452209473
2023-09-15,-0.01023244857788086,0.008023262023925781,0.0016085505485534668,-0.004013538360595703,-0.0009340047836303711,-0.0030851364135742188,-0.05365568399429321,0.0005625486373901367,-0.004257917404174805,-0.002183377742767334,-0.019644200801849365,-0.02331477403640747,-0.0019172430038452148,0.0009671449661254883,0.03543508052825928
2023-09-18,-0.005585670471191406,-0.014781713485717773,0.02426743507385254,-0.024488508701324463,0.010419905185699463,0.004982471466064453,-0.007125377655029297,-0.013142228126525879,-0.01963520050048828,-0.0065645575523376465,-0.014372646808624268,0.00570833683013916,0.01164090633392334,0.000966191291809082,-0.004655301570892334
2023-09-20,-0.007168829441070557,-0.012860238552093506,0.01279670000076294,0.011121749877929688,0.008015036582946777,-0.027262568473815918,-0.03998357057571411,-0.018729448318481445,-0.015221655368804932,-0.004405319690704346,-0.009473145008087158,-0.015995919704437256,0.016940951347351074,-0.022200703620910645,0.006320357322692871
2023-09-21,0.0005626678466796875,0.003632783889770508,-0.0026134252548217773,-0.030484020709991455,0.006970882415771484,-0.010676860809326172,-0.010892808437347412,0.00014507770538330078,-0.008948743343353271,-0.02876102924346924,-0.010423421859741211,-0.010487675666809082,0.004020988941192627,-0.025172770023345947,-0.009672105312347412
2023-09-22,-0.013901889324188232,-0.0057830810546875,0.001459658145904541,-0.007131338119506836,-0.001276254653930664,-0.0055245161056518555,-0.01338803768157959,-0.008489906787872314,-0.02179861068725586,-0.005694746971130371,-0.005863785743713379,-0.01218867301940918,0.008486509323120117,-0.007088601589202881,-0.013191282749176025
2023-09-25,-0.02252495288848877,0.0069882869720458984,0.019839227199554443,0.027750611305236816,0.0015933513641357422,0.0075577497482299805,-0.030203521251678467,0.01756441593170166,-0.010815799236297607,0.0,-0.002730727195739746,-0.0010729432106018066,-0.005318284034729004,-0.0025497078895568848,0.0006426572799682617
2023-09-26,0.0012316703796386719,-0.009765625,-0.00458073616027832,-0.007623851299285889,0.005904793739318848,-0.0003205537796020508,0.04389524459838867,-0.0021576285362243652,0.007823467254638672,-0.0011455416679382324,-0.0010953545570373535,0.004296422004699707,-0.01206815242767334,-0.0025562644004821777,0.025818824768066406
2023-09-27,-0.054998159408569336,0.010323643684387207,-0.007317066192626953,0.019846439361572266,0.0014448761940002441,-6.41942024230957e-05,-0.0030266642570495605,-0.001369476318359375,0.0021511316299438477,-0.0034403204917907715,-0.0015350580215454102,-0.00641709566116333,0.0059621334075927734,-0.07432085275650024,-0.002379119396209717
2023-09-28,0.0060446858406066895,-0.003239870071411133,0.017054438591003418,-0.018832385540008545,-0.04196137189865112,-0.014751136302947998,0.02493762969970703,-0.015734434127807617,0.0004665851593017578,-0.003452301025390625,0.0015374422073364258,-0.01184070110321045,0.010845422744750977,-0.003876030445098877,-0.017698049545288086
2023-09-29,-0.0032722949981689453,-0.02479475736618042,-0.05526399612426758,0.03902745246887207,-0.03591203689575195,0.01497197151184082,0.00677037239074707,0.028598666191101074,0.00018656253814697266,0.042725205421447754,0.04353070259094238,0.0223311185836792,-0.017027974128723145,-0.07670927047729492,0.005750060081481934
2023-10-03,-0.009446144104003906,-0.011024713516235352,0.025778889656066895,-0.009236454963684082,0.005345821380615234,-0.01199328899383545,0.041399598121643066,-0.0025664567947387695,0.0257415771484375,0.0011074542999267578,-0.0067247748374938965,-0.022908926010131836,0.007187247276306152,-0.04078471660614014,-0.013213038444519043
2023-10-04,0.02292191982269287,0.032535433769226074,0.013647317886352539,-0.03138589859008789,-0.0037459135055541992,-0.01772153377532959,0.001917123794555664,-0.029661953449249268,0.0010911226272583008,-0.01659291982650757,-0.02115732431411743,-0.026717543601989746,0.02163541316986084,0.03521829843521118,-0.01944124698638916
2023-10-05,-0.008797407150268555,0.0005859136581420898,0.006020307540893555,-0.013153672218322754,0.011844873428344727,-0.0014538168907165527,-0.03373616933822632,-0.0013995170593261719,-0.00045412778854370117,0.0033745765686035156,-0.0010806918144226074,-0.006722688674926758,0.00042045116424560547,0.007197916507720947,0.01851367950439453
2023-10-06,-0.0015153884887695312,0.004767656326293945,-0.0043566226959228516,0.006827116012573242,-0.0034482479095458984,0.012839198112487793,-0.006878554821014404,0.008261442184448242,0.025442957878112793,-0.003363192081451416,0.005842328071594238,0.002256035804748535,-0.0052994489669799805,-0.004142880439758301,0.008250594139099121
2023-10-09,0.02775895595550537,-0.014318406581878662,0.005924701690673828,-0.038747191429138184,-0.020454883575439453,-0.009997427463531494,-0.034106433391571045,-0.01009589433670044,-0.024545788764953613,-0.01799774169921875,-0.014305710792541504,-0.02813732624053955,0.0167350172996521,0.01908200979232788,-0.024421393871307373
2023-10-10,-0.02575671672821045,0.022803068161010742,-0.023094892501831055,0.03997313976287842,-0.016837716102600098,0.018942713737487793,0.008257269859313965,0.024610161781311035,-0.05296146869659424,0.04925537109375,0.036337852478027344,0.028373003005981445,-0.012084007263183594,-0.016298651695251465,0.023853182792663574
2023-10-11,-0.03371727466583252,-0.0038809776306152344,-0.006761670112609863,-0.006136953830718994,-0.000788569450378418,0.006930947303771973,0.0022629499435424805,-0.0009377002716064453,-0.0251920223236084,0.0,-0.012319684028625488,-0.0022522807121276855,0.0029429197311401367,-0.02741849422454834,0.05043518543243408
2023-10-12,-0.004013538360595703,0.00712895393371582,-0.0010333061218261719,0.02307438850402832,-0.0012607574462890625,0.007976889610290527,0.000752568244934082,-0.0012273192405700684,-0.014558553695678711,0.0589519739151001,0.04125797748565674,0.008465051651000977,-0.007842779159545898,0.007049381732940674,0.02400684356689453
2023-10-13,-0.021538734436035156,-0.020659267902374268,0.007844746112823486,-0.0022235512733459473,-0.0028328895568847656,-0.007913708686828613,-0.0017189383506774902,-0.014746308326721191,0.01592564582824707,0.005154609680175781,-0.0075765252113342285,-0.005036354064941406,0.006945013999938965,-0.0,0.048673152923583984
2023-10-16,-0.004351258277893066,-0.010295391082763672,-0.005825996398925781,0.01973891258239746,-0.01035773754119873,0.017304658889770508,0.0061342716217041016,0.01518702507019043,0.02714097499847412,0.033846139907836914,0.014133930206298828,0.0033745765686035156,-0.01609361171722412,-0.017748475074768066,0.011802077293395996
2023-10-17,-0.032187700271606445,-0.0003820657730102539,-0.0019652843475341797,-0.010615050792694092,0.002174556255340576,-0.0006955862045288086,0.001176595687866211,0.0014454126358032227,0.009876906871795654,-0.000992119312286377,-0.007934987545013428,0.0033632516860961914,-0.0032341480255126953,-0.0004982948303222656,0.019964218139648438
2023-10-18,0.005267739295959473,-0.009089827537536621,-0.001445174217224121,-0.023351192474365234,0.024750947952270508,-0.007277071475982666,-0.010042786598205566,-0.013567090034484863,0.010413050651550293,-0.02085399627685547,-0.011074602603912354,-0.019553065299987793,0.0023971199989318848,-0.002987980842590332,-0.007917344570159912
2023-10-19,0.03774923086166382,-0.0017145872116088867,0.010514318943023682,0.015185832977294922,-0.0036711692810058594,-0.005035698413848877,-0.02870708703994751,-0.012363731861114502,-0.0011494159698486328,0.011156201362609863,-0.005599319934844971,0.008547067642211914,0.008948564529418945,0.015888750553131104,-0.025382399559020996
2023-10-20,-0.00594484806060791,-0.003520965576171875,0.017085134983062744,-0.01973271369934082,0.018447816371917725,-0.014158487319946289,0.04222226142883301,-0.018666625022888184,0.018724560737609863,-0.032096266746520996,-0.03368097543716431,-0.018079102039337158,0.023660242557525635,0.021695256233215332,-0.00045484304428100586
2023-10-23,0.04072445631027222,-0.03554964065551758,0.0319024920463562,-0.07727271318435669,0.016688227653503418,-0.02657914161682129,-0.03422170877456665,-0.033589959144592285,-0.06687670946121216,-0.044559597969055176,-0.05222827196121216,-0.040851593017578125,0.025946199893951416,0.03867971897125244,-0.06269204616546631
2023-10-25,0.009088337421417236,-0.02238398790359497,-0.009853243827819824,-0.006685495376586914,0.012357890605926514,-0.0008679032325744629,0.004194736480712891,0.017652034759521484,-0.0036653876304626465,0.013015270233154297,0.021746516227722168,0.009598135948181152,-0.0116044282913208,-0.009656667709350586,-0.020029127597808838
2023-10-26,0.01698935031890869,-0.02381068468093872,0.00986558198928833,-0.0017711520195007324,0.016683340072631836,-0.026192665100097656,-0.020666122436523438,-0.009824275970458984,-0.0019363164901733398,-0.0064239501953125,-0.01693779230117798,-0.010695219039916992,0.012340307235717773,0.02337932586669922,-0.009166300296783447
2023-10-27,-0.0168759822845459,0.026544928550720215,0.0010949373245239258,-0.0017743110656738281,-0.0037325620651245117,0.004528641700744629,0.00998985767364502,-0.0017827749252319336,0.023959636688232422,0.014008522033691406,0.012128710746765137,0.008408427238464355,-0.0,-0.01849830150604248,0.02112758159637451
2023-10-30,0.012408435344696045,0.016509294509887695,-0.0010961294174194336,0.020263075828552246,0.009972870349884033,0.003415346145629883,-0.00533449649810791,-0.00038826465606689453,-0.017241358757019043,0.010627031326293945,0.009407520294189453,-0.0011911392211914062,0.006423234939575195,-0.0032051801681518555,0.015426039695739746
2023-10-31,0.023975014686584473,-0.0019291043281555176,-0.0062410831451416016,-0.002090632915496826,-0.009219646453857422,0.0025186538696289062,-0.011061489582061768,-0.015303432941436768,-0.0062656402587890625,-0.011566758155822754,0.0021080970764160156,0.0,0.0034537911415100098,-0.001064896583557129,0.025319457054138184
2023-11-01,0.02472376823425293,-0.0337139368057251,-0.00696408748626709,-0.016759753227233887,0.010319709777832031,-0.01616072654724121,0.011750102043151855,-0.07691699266433716,0.012998342514038086,-0.0021276473999023438,-0.005425155162811279,-0.011329710483551025,0.018750548362731934,-0.03670203685760498,0.022107243537902832
2023-11-02,-0.021813154220581055,-0.000883936882019043,-0.024854063987731934,0.03480112552642822,-0.00615382194519043,0.012285113334655762,-0.0118369460105896,0.0076062679290771484,0.0027768611907958984,0.03944563865661621,0.018033981323242188,0.025934934616088867,-0.013312816619873047,-0.02616727352142334,0.0018407106399536133
2023-11-03,0.010641694068908691,0.006565213203430176,-0.0021088123321533203,-0.003088533878326416,-0.01630997657775879,0.017317771911621094,0.002486109733581543,0.012553095817565918,0.011936545372009277,-0.0030769705772399902,-0.0037178397178649902,-0.0017637014389038086,0.006971120834350586,-0.018000006675720215,0.037436842918395996
2023-11-06,-0.03265726566314697,0.007262468338012695,-0.01420450210571289,0.01790022850036621,0.010197341442108154,0.010656118392944336,0.007890939712524414,0.04238557815551758,0.018307089805603027,0.006172895431518555,0.02041494846343994,0.022968173027038574,-0.018450260162353516,-0.0014734268188476562,-0.0048705339431762695
2023-11-07,0.01778876781463623,-0.005648672580718994,-0.005394697189331055,-0.012850940227508545,0.011146724224090576,-0.007161855697631836,0.012079238891601562,0.013098597526550293,-0.010934948921203613,0.017382383346557617,-0.013230085372924805,-0.01784682273864746,-0.002209305763244629,-0.021579265594482422,0.0062291622161865234
2023-11-08,-0.027533769607543945,0.011915802955627441,-0.007223248481750488,0.0023981332778930664,-0.014517545700073242,0.010820269584655762,0.03436839580535889,-0.002458930015563965,-0.005621671676635742,-0.004020094871520996,0.0032701492309570312,0.007620096206665039,0.0052024126052856445,0.0024003982543945312,0.010280847549438477
2023-11-09,-0.023563027381896973,-0.02003645896911621,0.007376253604888916,-0.014012336730957031,0.0013467669486999512,-0.007730960845947266,-0.016666650772094727,-0.006520330905914307,0.0042400360107421875,0.004036307334899902,-0.0383528470993042,0.01396167278289795,-0.005229592323303223,0.009143471717834473,0.050005435943603516
2023-11-10,-0.004980802536010742,-0.004331469535827637,0.006502270698547363,0.005545973777770996,-0.017531991004943848,0.005194187164306641,0.03129076957702637,0.019529342651367188,-0.020829498767852783,0.03417086601257324,0.009942293167114258,0.010900735855102539,-0.0034388303756713867,-0.04711031913757324,0.016777873039245605
2023-11-12,-0.006436705589294434,0.0028532743453979492,-0.0023894309997558594,0.03378140926361084,-0.0071239471435546875,0.0023849010467529297,0.018015146255493164,-0.0014916062355041504,0.027692675590515137,0.022351741790771484,0.014766693115234375,0.015891075134277344,-0.0068541765213012695,0.0009276866912841797,-0.08475971221923828
2023-11-13,-0.006785988807678223,0.0010262727737426758,-0.01046741008758545,-0.08069360256195068,0.008883059024810791,0.006014108657836914,0.005277872085571289,0.001179337501525879,-0.0227506160736084,0.016159772872924805,-0.005842804908752441,-0.014525175094604492,-0.0012218952178955078,0.013927578926086426,0.010204136371612549
2023-11-15,0.008469998836517334,0.0053119659423828125,-0.036717891693115234,0.011107683181762695,-0.010124444961547852,0.015438199043273926,-0.02985382080078125,0.01821887493133545,0.03778266906738281,-0.030870020389556885,0.01896202564239502,0.002267599105834961,-0.02606344223022461,0.008474528789520264,0.0046773552894592285
2023-11-16,-0.013926386833190918,-0.00876009464263916,0.002176523208618164,0.00780034065246582,0.0024646520614624023,-0.0047873854637146,0.012839555740356445,-0.0016967058181762695,0.024363279342651367,-0.00579148530960083,-0.003155946731567383,-0.004524886608123779,-0.005352139472961426,0.005698084831237793,-0.05111730098724365
2023-11-17,0.0013942718505859375,0.0013091564178466797,0.012988269329071045,0.0069182515144348145,-0.013342142105102539,-0.0004550814628601074,-0.06202197074890137,-0.0001545548439025879,0.01839888095855713,0.0,-0.008624494075775146,0.014772772789001465,-0.004140615463256836,-0.002865314483642578,0.002646028995513916
2023-11-20,-0.00038623809814453125,-0.026711463928222656,0.000904083251953125,0.006016433238983154,0.008127450942993164,-0.00904005765914917,-0.04488503932952881,0.0041724443435668945,-0.006874024868011475,0.01067960262298584,-0.0015416741371154785,0.011758089065551758,0.00698477029800415,-0.0004762411117553711,0.02067512273788452
2023-11-21,0.020371198654174805,0.021782994270324707,-0.019203782081604004,-0.010512948036193848,0.004097044467926025,0.01831066608428955,-0.0059479475021362305,0.007463932037353516,0.015174388885498047,-0.004803061485290527,0.011801004409790039,0.003320455551147461,-0.015677928924560547,-0.003331780433654785,-0.02727687358856201
2023-11-22,-0.006396055221557617,-0.010894179344177246,0.013021588325500488,0.003152608871459961,0.01415175199508667,-0.009474039077758789,-0.053308308124542236,-0.004659056663513184,-0.006031513214111328,0.009652495384216309,-0.024525821208953857,-0.015444040298461914,0.0011681318283081055,0.01802659034729004,0.021733105182647705
2023-11-23,-0.014367461204528809,0.0011868476867675781,-0.003398299217224121,-0.02561664581298828,-0.006009101867675781,0.0092393159866333,0.03836619853973389,0.00015354156494140625,-0.03368210792541504,0.005736112594604492,-0.004916667938232422,0.006722688674926758,-0.004845023155212402,0.010144948959350586,0.021472454071044922
2023-11-24,-0.007364034652709961,0.02304518222808838,-0.011654496192932129,-0.0111008882522583,0.0011614561080932617,0.008381128311157227,0.03599381446838379,0.013196229934692383,-0.018838822841644287,0.0038022994995117188,0.0011229515075683594,-0.0072342753410339355,0.006068706512451172,0.00927281379699707,0.017383813858032227
2023-11-28,0.020339012145996094,-0.08899188041687012,-0.015360355377197266,-0.028972268104553223,0.0006644725799560547,0.00038361549377441406,-0.0365864634513855,0.012267231941223145,-0.02847599983215332,-0.049242496490478516,0.010431885719299316,0.019618868827819824,-0.007360339164733887,-0.010344862937927246,-0.004156947135925293
2023-11-29,0.0064089298248291016,0.011066198348999023,-0.003588080406188965,-0.02726733684539795,0.003490626811981201,0.013932466506958008,-0.017792224884033203,0.0002243518829345703,0.004200935363769531,0.005415201187133789,0.0005550384521484375,0.002748727798461914,-0.007306575775146484,0.004388153553009033,-0.020698904991149902
2023-11-30,-0.022136807441711426,0.01588118076324463,0.0034785866737365723,0.0014426112174987793,0.0016680359840393066,0.009895920753479004,-0.023568451404571533,0.0033655166625976562,-0.0019015073776245117,-0.004537224769592285,-0.0005546808242797852,0.012061476707458496,-0.0012364387512207031,0.000489652156829834,-0.0004715919494628906
2023-12-01,0.02530151605606079,-0.001749277114868164,-0.0030058622360229492,-0.014446735382080078,-0.00300753116607666,0.012108325958251953,0.031517982482910156,0.031902194023132324,-0.0035245418548583984,-0.002710103988647461,0.018983125686645508,0.009209036827087402,-0.016876578330993652,-0.028417348861694336,-0.003299713134765625
2023-12-04,0.015957951545715332,-0.07133495807647705,-0.003963589668273926,-0.014525771141052246,-0.05913710594177246,0.010853409767150879,0.011989951133728027,-0.015457987785339355,-0.0826880931854248,-0.011711716651916504,0.034099578857421875,0.009124994277954102,-0.007933974266052246,-0.011910438537597656,-0.0012216567993164062
2023-12-05,0.014795780181884766,-0.16911160945892334,-0.0026962757110595703,0.0019652247428894043,-0.02233409881591797,0.002562284469604492,0.03497040271759033,-0.005282402038574219,-0.06374716758728027,0.006233334541320801,-0.007163941860198975,0.01861703395843506,-0.004658699035644531,-0.0018832683563232422,-0.05340218544006348
2023-12-06,-0.0011600255966186523,0.02547931671142578,-0.00451350212097168,-0.014346003532409668,-0.001999974250793457,0.0036510229110717773,-0.009416520595550537,0.013202428817749023,0.021165311336517334,-0.008064508438110352,0.031196951866149902,-0.0375978946685791,-0.0019986629486083984,-0.03195488452911377,0.01122593879699707
2023-12-07,0.004227757453918457,-0.0011087656021118164,0.013288736343383789,-0.01497507095336914,0.004606187343597412,-0.006729722023010254,-0.010065257549285889,-0.004149317741394043,-0.023318886756896973,0.0017777681350708008,-0.0020580291748046875,0.004026174545288086,-0.014441907405853271,0.0022768378257751465,0.03928643465042114
2023-12-08,-0.00735926628112793,0.02250802516937256,-0.008332490921020508,-0.0174863338470459,0.0046274662017822266,-0.02465963363647461,0.01713430881500244,0.003289461135864258,-0.014998316764831543,0.0026714205741882324,-0.01618891954421997,0.008590161800384521,-0.006314754486083984,0.01780015230178833,-0.010973572731018066
2023-12-11,-0.023914337158203125,-0.011951684951782227,-0.0039397478103637695,0.017991364002227783,-0.008368253707885742,-0.006850481033325195,0.007404685020446777,-0.048087477684020996,-0.020328164100646973,-0.007142901420593262,0.005659699440002441,-0.027523040771484375,0.006762266159057617,-0.016728639602661133,0.01066887378692627
2023-12-12,0.005488336086273193,-0.0006501674652099609,-0.009666919708251953,0.016406893730163574,0.0013831853866577148,-0.010353803634643555,-0.0023888349533081055,-0.039763569831848145,0.024163901805877686,0.01063835620880127,-0.010734736919403076,0.007936537265777588,0.00040459632873535156,0.00868380069732666,-0.024568557739257812
2023-12-13,0.012631416320800781,-0.006063938140869141,-0.010237812995910645,-0.013344407081604004,-0.0018467903137207031,0.0028693079948425293,0.030208110809326172,0.0017383098602294922,-0.006231546401977539,-0.046594977378845215,0.020648956298828125,-0.03250002861022949,0.010273337364196777,-0.029967784881591797,0.01922023296356201
2023-12-14,-0.013662457466125488,-0.0066013336181640625,-0.019236207008361816,-0.011522650718688965,0.019662022590637207,0.00469815731048584,-0.020203828811645508,0.01500236988067627,0.007904112339019775,-0.0017123222351074219,-0.053571462631225586,-0.07457625865936279,0.004644155502319336,-0.005819201469421387,0.004572629928588867
2023-12-15,0.010047495365142822,-0.033788323402404785,-0.02605414390563965,-0.016544580459594727,0.008617997169494629,-0.02336561679840088,-0.007481694221496582,0.014890789985656738,-0.001478433609008789,-0.017094016075134277,-0.06191825866699219,-0.004506587982177734,-0.03466963768005371,-0.011125922203063965,0.0015936493873596191
2023-12-18,0.005198538303375244,0.003757953643798828,-0.01642000675201416,-0.05149412155151367,0.0033191442489624023,0.014183580875396729,0.030060648918151855,-0.01442563533782959,-0.022717952728271484,-0.002521038055419922,-0.04336190223693848,-0.03589057922363281,-0.0011553764343261719,-0.014964818954467773,-9.381771087646484e-05
2023-12-19,0.005163431167602539,0.013185262680053711,0.002736687660217285,-0.054300904273986816,0.010624706745147705,-0.0044449567794799805,-0.028826475143432617,0.007416427135467529,-0.006335258483886719,0.010058701038360596,0.024670541286468506,-0.03811168670654297,0.009002089500427246,-0.005637407302856445,-0.01079714298248291
2023-12-20,0.011537432670593262,0.053515732288360596,-0.02947676181793213,-0.05367022752761841,0.01618856191635132,-0.01915687322616577,-0.04162830114364624,-0.043666064739227295,0.0541079044342041,-0.05249786376953125,-0.0741613507270813,-0.06618642807006836,-0.04285717010498047,-0.04441565275192261,0.04319155216217041
2023-12-21,-0.0031630992889404297,-0.005706071853637695,0.014684438705444336,-0.10834169387817383,0.0013033151626586914,-0.00041550397872924805,0.03365612030029297,0.012185454368591309,-0.02266216278076172,-0.05540657043457031,0.05846059322357178,0.0511089563369751,0.009896159172058105,0.019855618476867676,-0.0002912282943725586
2023-12-22,-0.0015450716018676758,-0.0030946731567382812,0.02552807331085205,-0.03992664813995361,-0.01109302043914795,0.01591634750366211,0.018738389015197754,0.02882242202758789,-0.015322446823120117,-0.01016092300415039,0.04264962673187256,0.03440368175506592,0.019999980926513672,0.015929222106933594,-0.02979421615600586
2023-12-26,6.29425048828125e-05,-0.02031075954437256,0.01647818088531494,-0.029346823692321777,-0.005808353424072266,-0.003507554531097412,0.014660477638244629,0.004542946815490723,-0.015253543853759766,-0.03269064426422119,0.0021295547485351562,0.0070953369140625,0.012678265571594238,0.008275270462036133,-0.027424335479736328
2023-12-27,0.0034003853797912598,0.00770336389541626,-0.04440808296203613,-0.008574485778808594,-0.0008020401000976562,0.027689814567565918,0.003858804702758789,0.005481719970703125,0.01566380262374878,0.002435028553009033,0.021692872047424316,0.01673269271850586,0.015241026878356934,0.006911516189575195,-0.012658238410949707
2023-12-28,0.024515867233276367,0.011753678321838379,-0.014365911483764648,-0.14877784252166748,-0.0020836591720581055,0.0055942535400390625,0.02145540714263916,0.0036118030548095703,0.02289515733718872,-0.028478384017944336,0.09116911888122559,0.06409704685211182,0.0070465803146362305,0.021450042724609375,0.01186591386795044
2023-12-29,0.0045664310455322266,-0.013875603675842285,-0.0008952617645263672,-0.01258087158203125,-0.017434358596801758,-0.0006244182586669922,0.0014003515243530273,0.015957117080688477,0.0032405853271484375,-0.011075973510742188,0.026050329208374023,0.006512045860290527,0.01080012321472168,0.004199862480163574,-0.004950046539306641
2024-01-01,0.005270779132843018,-0.023968100547790527,0.007237434387207031,0.00785672664642334,-0.000943303108215332,-0.0030105113983154297,0.0024471282958984375,-0.005480527877807617,-0.0066689252853393555,-0.009389638900756836,0.03189098834991455,0.0084916353225708,0.0018059015274047852,-0.0058553218841552734,-0.04132068157196045
2024-01-02,0.015928566455841064,-0.005197644233703613,-0.010812520980834961,0.006629765033721924,0.003298342227935791,-0.00843203067779541,0.039755821228027344,-0.0010752677917480469,0.001656174659729004,-0.030232548713684082,0.021228671073913574,-0.013632714748382568,-0.001802682876586914,0.004207015037536621,-0.004467368125915527
2024-01-03,0.02273404598236084,-0.02409505844116211,-0.038816869258880615,0.015387535095214844,-0.004727363586425781,-0.037405192852020264,0.001257777214050293,-0.015069961547851562,0.0033178329467773438,0.0015048384666442871,-0.06610840559005737,-0.03170734643936157,-0.03122645616531372,0.02262258529663086,0.024417877197265625
2024-01-04,0.013127923011779785,0.0015799403190612793,-0.004299759864807129,-0.04707217216491699,0.0017251968383789062,-0.0006566643714904785,0.0072858333587646484,0.01769125461578369,0.020722389221191406,-0.02788245677947998,0.004955172538757324,-0.0037783384323120117,-0.008388340473175049,0.00942230224609375,0.0023241043090820312
2024-01-05,-0.050246477127075195,-0.0027865171432495117,-0.0059272050857543945,-0.01888144016265869,-0.0007855892181396484,-0.009198367595672607,0.007981300354003906,-0.012349843978881836,-0.0026345252990722656,0.0036656856536865234,-0.01839238405227661,-0.01432788372039795,-0.004543006420135498,-0.0008116960525512695,0.0006271600723266602
2024-01-08,0.0062674880027771,0.014340043067932129,-0.01592838764190674,0.054535746574401855,0.009576082229614258,-0.008982419967651367,0.001896977424621582,-0.025280296802520752,0.020766258239746094,0.033848345279693604,-0.0339658260345459,-0.02265918254852295,-0.012746810913085938,-0.02924448251724243,-0.003137946128845215
2024-01-09,-0.017137765884399414,-0.01722872257232666,-0.002942979335784912,-0.009520173072814941,0.005230724811553955,-0.0006691217422485352,0.016464948654174805,0.015268683433532715,-0.004241228103637695,-0.01142418384552002,0.038048744201660156,-0.000874936580657959,0.012911438941955566,0.007531404495239258,0.03950315713882446
2024-01-10,-0.016751527786254883,-0.027749180793762207,0.007118582725524902,0.0035132169723510742,-0.010994315147399902,0.01022636890411377,-0.0025107264518737793,0.003983020782470703,0.0032752156257629395,0.03162646293640137,0.017492294311523438,0.00744318962097168,0.003462076187133789,0.026993393898010254,-0.026705145835876465
2024-01-11,-0.002650141716003418,0.00559312105178833,-0.00534433126449585,0.012989401817321777,-0.0001575946807861328,-0.009339570999145508,-0.0030853748321533203,0.001983642578125,-0.007869243621826172,0.006220877170562744,-0.0022661685943603516,-0.013472437858581543,0.006116151809692383,0.029518842697143555,0.0209352970123291
2024-01-12,0.010986566543579102,-0.007532835006713867,0.00883948802947998,0.012972414493560791,0.0028364062309265137,0.004561781883239746,-0.00496828556060791,0.004710197448730469,0.0031745433807373047,-0.009389638900756836,0.007988691329956055,0.012334823608398438,0.0030394792556762695,-0.007855474948883057,0.018143177032470703
2024-01-15,-0.001127004623413086,0.0047185420989990234,-0.012713611125946045,0.02114284038543701,-0.016909003257751465,-0.0007870793342590332,-0.03388714790344238,-0.001155078411102295,0.009209930896759033,0.01007753610610962,0.029292941093444824,-0.0021758079528808594,-0.0030303001403808594,0.0015834569931030273,-0.00659942626953125
2024-01-16,0.0005467534065246582,0.010683774948120117,0.008526921272277832,-0.03891801834106445,0.003574192523956299,0.008665084838867188,0.024485230445861816,0.019998669624328613,-0.02588832378387451,-0.017227888107299805,0.026647567749023438,0.04273879528045654,0.017847418785095215,0.0007904767990112305,-0.013299703598022461
2024-01-17,0.027900218963623047,0.027942776679992676,-0.03330165147781372,0.02903163433074951,0.014660060405731201,-0.0236092209815979,-0.034237444400787354,-0.036879003047943115,0.022355854511260986,0.030792832374572754,-0.0381617546081543,-0.05395233631134033,-0.04188370704650879,-0.03199046850204468,-0.05434870719909668
2024-01-18,0.002681434154510498,0.017566978931427002,-0.009549260139465332,0.020254671573638916,0.012187421321868896,-0.01107490062713623,-0.02842956781387329,-0.0033236145973205566,-0.0035512447357177734,0.013502836227416992,-0.01758277416229248,-0.0004420280456542969,-0.005034744739532471,0.011015892028808594,-0.05102133750915527
2024-01-19,-0.027948379516601562,0.0010955333709716797,0.003964543342590332,-0.04292190074920654,-0.009934306144714355,0.016176223754882812,0.027058005332946777,0.013269424438476562,-0.0016399621963500977,-0.03542685508728027,0.018286585807800293,0.009287834167480469,0.025461792945861816,-0.004439115524291992,-0.0006672143936157227
2024-01-20,0.005457043647766113,-0.024763822555541992,0.007090330123901367,-0.02038884162902832,-0.0,-0.010347187519073486,-0.01287221908569336,0.0006856918334960938,-0.020766854286193848,-0.0101088285446167,0.012685298919677734,0.00701141357421875,-0.0022714734077453613,-0.006485581398010254,0.0206717848777771
2024-01-23,0.025357186794281006,0.030552029609680176,-0.03502357006072998,0.042738139629364014,0.014120221138000488,-0.022024214267730713,-0.07858818769454956,-0.048098623752593994,0.005065023899078369,-0.04926860332489014,-0.06353759765625,-0.05308961868286133,-0.029517948627471924,-0.049775660037994385,-0.0025534629821777344
2024-01-24,-0.0006996393203735352,-0.002385854721069336,-0.04386770725250244,-0.057788848876953125,-0.0017701387405395508,-0.027580976486206055,0.03500330448150635,0.01677095890045166,-0.0011879205703735352,0.04615378379821777,0.06986308097839355,0.05744481086730957,-0.03988027572631836,0.04293692111968994,-0.0003396272659301758
2024-01-25,0.008089244365692139,0.0034103989601135254,-0.003627300262451172,-0.030330777168273926,-0.006265044212341309,-0.004309296607971191,-0.0185050368309021,0.014158248901367188,-0.010254263877868652,0.02554178237915039,0.04052114486694336,0.0352020263671875,0.01065737009048462,0.0041168928146362305,0.017567753791809082
2024-01-29,-0.02795588970184326,-0.059102416038513184,-0.0012341737747192383,-0.00567471981048584,-0.00255429744720459,0.0049037933349609375,0.027212858200073242,0.020173072814941406,-0.03288310766220093,0.01735854148864746,0.030112266540527344,0.011335015296936035,-0.009671330451965332,0.016810178756713867,-0.0013821125030517578
2024-01-30,0.021090447902679443,-0.008649945259094238,-0.002377152442932129,-0.007229804992675781,-0.012898087501525879,-0.0003695487976074219,0.03408670425415039,0.02114272117614746,-0.018041491508483887,-0.005934715270996094,0.0017567873001098633,0.006226658821105957,0.002336263656616211,-0.006048381328582764,-0.0026743412017822266
2024-01-31,-0.0027681589126586914,-0.016450881958007812,-0.017742633819580078,-0.012079715728759766,0.0025153160095214844,-0.008189678192138672,0.008656144142150879,0.01467442512512207,0.000971674919128418,0.0007463693618774414,0.022306442260742188,0.010726094245910645,-0.00952303409576416,0.029614567756652832,-0.010754585266113281
2024-02-01,0.00735020637512207,-0.003676772117614746,0.013981163501739502,-0.011416792869567871,-0.0,0.020704805850982666,-0.021151185035705566,-0.019414901733398438,-0.014383971691131592,0.02535414695739746,-0.012076377868652344,-0.026122450828552246,0.008659958839416504,-0.020094573497772217,-0.0023833513259887695
2024-02-02,0.00914698839187622,-0.001242995262145996,-0.021444201469421387,-0.02992987632751465,-0.002994537353515625,-0.027254581451416016,0.05658876895904541,0.045188188552856445,-0.027218222618103027,0.04509091377258301,0.04042232036590576,-0.07544004917144775,-0.029716849327087402,0.01568162441253662,-0.003396749496459961
2024-02-05,0.02911442518234253,-0.005063533782958984,0.006169617176055908,0.02557295560836792,0.008485257625579834,0.010806798934936523,0.016846895217895508,-0.016623735427856445,0.01389777660369873,0.025052189826965332,0.018023967742919922,-0.05455958843231201,-0.021133065223693848,0.0039588212966918945,-0.008293867111206055
2024-02-06,0.02281278371810913,-0.009555935859680176,-0.008622169494628906,-0.015848636627197266,-0.0012677907943725586,-0.005032777786254883,0.015661120414733887,0.023719072341918945,-0.0357661247253418,0.008825540542602539,0.044918060302734375,-0.07538795471191406,-0.02247607707977295,0.035883307456970215,-0.00067138671875
2024-02-07,0.014221012592315674,-0.008145570755004883,-0.012566208839416504,0.007045745849609375,-0.0,-0.021801471710205078,0.02085709571838379,-0.0007040500640869141,-0.0013146400451660156,-0.0006729960441589355,-0.009852588176727295,0.014089345932006836,0.0018137097358703613,-0.0026646852493286133,0.015265882015228271
2024-02-08,-0.003651738166809082,0.01896977424621582,-0.015280723571777344,0.0216253399848938,0.004906594753265381,0.017332077026367188,-0.0020669102668762207,-0.004739642143249512,0.003676116466522217,0.00404047966003418,-0.0015211105346679688,0.030672669410705566,0.005305588245391846,-0.013740479946136475,0.016098856925964355
2024-02-09,0.03267407417297363,-0.01471412181854248,0.01663064956665039,-0.06700050830841064,0.005567014217376709,0.012589693069458008,-0.03234297037124634,-0.019949793815612793,0.018009305000305176,-0.012072443962097168,-0.02113741636276245,0.038834989070892334,0.016805529594421387,-0.01586681604385376,0.03384983539581299
2024-02-12,-0.006293773651123047,0.014147818088531494,0.014966964721679688,-0.10808807611465454,0.0137556791305542,0.00030797719955444336,-0.028155088424682617,-0.023573458194732666,0.021202445030212402,-0.04752206802368164,-0.09078526496887207,0.08155626058578491,0.02831447124481201,-0.02320098876953125,0.02858424186706543
2024-02-13,0.01291590929031372,-0.0027660131454467773,-0.12421667575836182,0.04087984561920166,-0.0003243684768676758,-0.0014171600341796875,-0.0254976749420166,-0.009347677230834961,0.027602553367614746,-0.013542473316192627,-0.008772611618041992,0.03991854190826416,-0.0033652782440185547,0.00483095645904541,-0.011161327362060547
2024-02-14,-0.04120433330535889,-0.009021639823913574,-0.00450897216796875,0.03448963165283203,-0.005998730659484863,-0.0007382631301879883,-0.011474311351776123,0.02932596206665039,-0.0005639791488647461,0.03829479217529297,-0.09828758239746094,-0.04327535629272461,-0.024925708770751953,0.03926277160644531,-0.02289736270904541
2024-02-15,-0.021641254425048828,0.004181027412414551,0.010634183883666992,-0.011755704879760742,-0.014987945556640625,0.0011066794395446777,0.05390441417694092,0.009298920631408691,-0.048473477363586426,0.04801678657531738,-0.008647799491882324,-0.02277350425720215,-0.0,-0.04356199502944946,-0.0057076215744018555
2024-02-16,-0.010256648063659668,-0.00933372974395752,0.004871368408203125,0.007410287857055664,0.00555729866027832,-0.009355664253234863,0.05340003967285156,0.005619406700134277,-0.0035839080810546875,-0.009960174560546875,-0.035009145736694336,-0.013518810272216797,-0.008032083511352539,-0.004433691501617432,0.03414028882980347
2024-02-19,0.0011513233184814453,-0.010943293571472168,-0.006593048572540283,-0.012582182884216309,0.006546318531036377,-0.00030493736267089844,0.0072078704833984375,-0.0136452317237854,-0.028122544288635254,0.007377505302429199,0.013241291046142578,-0.006669282913208008,0.0025084614753723145,0.013360381126403809,-0.008538365364074707
2024-02-20,-0.005623459815979004,0.009273827075958252,-0.0013663768768310547,-0.019407927989959717,-0.0,-0.0012192726135253906,0.011088371276855469,0.0013175010681152344,0.001042008399963379,-0.0213049054145813,0.0021623969078063965,-0.015978217124938965,0.006508827209472656,0.0,0.012835681438446045
2024-02-21,0.0038901567459106445,0.0016932487487792969,0.0003908872604370117,-0.01639348268508911,0.006428778171539307,-0.008584976196289062,-0.007700026035308838,0.015131592750549316,0.0026077628135681152,-0.034693896770477295,0.018419384956359863,0.0011508464813232422,-0.02069687843322754,-0.0007990002632141113,0.023515284061431885
2024-02-22,0.008159220218658447,-0.012384772300720215,0.018268942832946777,0.0695122480392456,-0.003720402717590332,-0.00048291683197021484,0.006975889205932617,0.015813350677490234,0.00522923469543457,0.02748417854309082,-0.02733588218688965,0.006912410259246826,-0.01429605484008789,0.005997657775878906,-0.026442527770996094
2024-02-23,-0.018983960151672363,-0.0031293630599975586,-0.005372822284698486,-0.0001901388168334961,-0.0012892484664916992,0.009231925010681152,0.0007005929946899414,0.003636598587036133,-0.03688454627990723,-0.002743542194366455,0.01605367660522461,0.010054171085357666,0.0031641125679016113,-0.012321174144744873,-0.04121804237365723
2024-02-26,-0.0037605762481689453,-0.01663827896118164,-0.02565830945968628,-0.0022808313369750977,0.0012875795364379883,0.014920830726623535,0.03025829792022705,-0.01938849687576294,-0.007097601890563965,-0.014442861080169678,0.013232231140136719,0.02968752384185791,0.01976621150970459,-0.012072443962097168,-0.0020323991775512695
2024-02-27,-0.013439178466796875,0.0076560378074646,0.00910806655883789,-0.036006927490234375,0.0019339323043823242,-0.012612104415893555,0.0014345645904541016,0.006223201751708984,0.021310508251190186,-0.017864584922790527,0.009569048881530762,-0.009259223937988281,-0.01118624210357666,-0.0052953362464904785,0.015608429908752441
2024-02-28,0.007766604423522949,-0.025206923484802246,-0.010301172733306885,0.0037549734115600586,0.0020990967750549316,0.02484893798828125,-0.004674375057220459,-0.026865065097808838,0.033004701137542725,-0.008952736854553223,0.02024310827255249,0.028719544410705566,0.02459961175918579,-0.003685474395751953,-0.053121984004974365
2024-02-29,-0.057936787605285645,0.020603656768798828,-0.001090407371520996,0.062413811683654785,0.008252382278442383,-0.0018782615661621094,-0.029616713523864746,0.027805328369140625,-0.05620574951171875,0.012761712074279785,-0.024283885955810547,0.004517495632171631,-0.0007461309432983398,0.020139694213867188,-0.03453171253204346
2024-03-01,-0.0016154050827026367,0.010172367095947266,0.030266880989074707,0.008524894714355469,-0.007505297660827637,-0.045119404792785645,0.015299320220947266,-0.06003212928771973,0.014604687690734863,0.02279484272003174,-0.031108736991882324,-0.09735977649688721,-0.0662839412689209,0.014907360076904297,0.04615378379821777
2024-03-02,0.011741578578948975,0.004351258277893066,0.007224082946777344,0.03491365909576416,-0.012469649314880371,-0.010463953018188477,0.019297361373901367,-0.019019246101379395,-0.003066420555114746,0.01578068733215332,-0.031122922897338867,-0.03496241569519043,-0.03622126579284668,0.00476384162902832,0.012738823890686035
2024-03-04,-0.006299614906311035,-0.0048274993896484375,0.004016518592834473,0.008522748947143555,0.001279592514038086,0.024439334869384766,0.02866196632385254,-0.001132965087890625,-0.03158974647521973,0.02289450168609619,-0.005728721618652344,-0.029059171676635742,0.014171063899993896,0.012643098831176758,0.009064078330993652
2024-03-05,-0.006292581558227539,-0.0020833611488342285,-0.0054291486740112305,0.004401445388793945,0.012972533702850342,0.006065726280212402,0.00410616397857666,0.01786881685256958,0.0037866830825805664,0.010791420936584473,0.003613710403442383,0.009883463382720947,0.008351027965545654,0.03511512279510498,0.007607698440551758
2024-03-06,-0.002610921859741211,-0.023027539253234863,0.00928950309753418,-0.015074431896209717,0.0019471049308776855,0.007811486721038818,0.02103102207183838,-0.006913661956787109,0.03660547733306885,-0.006985723972320557,0.01899433135986328,0.008556127548217773,0.0016565918922424316,-0.012061774730682373,-0.021286308765411377
2024-03-07,-0.01761770248413086,-0.0022963881492614746,0.01850271224975586,-0.0033814311027526855,-0.011055231094360352,-0.02103579044342041,-0.010513484477996826,-0.010660648345947266,-0.017239928245544434,-0.008893013000488281,-0.0012532472610473633,0.0007191896438598633,-0.03816628456115723,0.0015261173248291016,0.018403172492980957
2024-03-11,-0.010393977165222168,-0.005946159362792969,-0.005589723587036133,-0.0389285683631897,0.00820070505142212,0.0002409815788269043,-0.004987359046936035,0.013408839702606201,0.034485697746276855,-0.041783809661865234,0.029726505279541016,0.03346520662307739,0.024775207042694092,-0.02742856740951538,-0.00921785831451416
2024-03-12,0.004064798355102539,-0.02646726369857788,-0.008900105953216553,-0.04830920696258545,-0.00016224384307861328,0.014461338520050049,-0.04365825653076172,0.024886727333068848,0.02078413963317871,-0.023200631141662598,0.042311668395996094,0.03387939929962158,0.00628286600112915,-0.01919311285018921,-0.03297710418701172
2024-03-13,-0.0628846287727356,-0.06927192211151123,-0.04149734973907471,-0.08219444751739502,-0.021559476852416992,0.030386388301849365,-0.060007572174072266,-0.05321192741394043,0.03620803356170654,-0.08084136247634888,-0.10216861963272095,-0.08516377210617065,-0.05944603681564331,-0.07068687677383423,-0.05734431743621826
2024-03-14,0.002110600471496582,-0.062360286712646484,0.035996079444885254,-0.11763453483581543,0.007952332496643066,0.009458363056182861,-0.06327271461486816,0.022768855094909668,-0.04006671905517578,-0.016967594623565674,0.0388568639755249,0.023588895797729492,-0.008548855781555176,0.03394937515258789,0.031123757362365723
2024-03-15,-0.013974368572235107,-0.014499545097351074,0.013898134231567383,-0.03216588497161865,-0.04865223169326782,0.00611114501953125,-0.010107874870300293,-0.017720043659210205,-0.0032917261123657227,-0.01789391040802002,-0.035670459270477295,0.0016460418701171875,-0.005453646183013916,0.019950032234191895,0.002841949462890625
2024-03-18,0.04926431179046631,0.006520450115203857,-0.002628803253173828,0.007007181644439697,0.020905375480651855,-0.030423402786254883,-0.010759234428405762,0.05242586135864258,-0.04265332221984863,0.02192842960357666,0.0197678804397583,0.034921884536743164,0.057947397232055664,0.023227453231811523,0.00889277458190918
2024-03-19,-0.000387728214263916,0.018993675708770752,0.004706740379333496,0.03231203556060791,-0.006938636302947998,0.004164636135101318,0.006401658058166504,-0.01701730489730835,0.015478909015655518,-0.011675655841827393,-0.014318227767944336,-0.026994764804840088,-0.006514012813568115,-0.016726434230804443,-0.02973651885986328
2024-03-20,-0.028867006301879883,0.00040543079376220703,-0.010868608951568604,0.01784682273864746,-0.005794048309326172,0.007989466190338135,0.0056188106536865234,-0.01498270034790039,0.003023505210876465,0.027298808097839355,0.005065441131591797,0.008975863456726074,-0.0213620662689209,0.004050254821777344,0.01058197021484375
2024-03-21,0.016743183135986328,-0.004935264587402344,0.022449612617492676,-0.06838607788085938,0.0075418949127197266,-0.022273898124694824,-0.02569127082824707,0.05010545253753662,-0.020795464515686035,0.009634852409362793,0.057663798332214355,0.043267250061035156,0.031337857246398926,0.02218639850616455,0.03556263446807861
2024-03-22,-0.005500078201293945,-0.013454914093017578,0.014915704727172852,0.016642212867736816,0.007145285606384277,-0.01532590389251709,-0.018143057823181152,0.01381540298461914,0.01680666208267212,-0.01970142126083374,0.020602703094482422,0.007751941680908203,0.011595487594604492,-0.008681893348693848,0.02251267433166504
2024-03-26,-0.018961668014526367,-0.0007302761077880859,0.019899606704711914,-0.050957679748535156,-0.0037162303924560547,0.003515958786010742,-0.024024248123168945,0.005162715911865234,0.02270573377609253,-0.0010990500450134277,0.021216630935668945,0.004615426063537598,0.004073977470397949,-0.009952247142791748,-0.032652318477630615
2024-03-27,-0.010066747665405273,-0.0038805007934570312,-0.0017900466918945312,-0.008671045303344727,-0.004069089889526367,0.004684329032897949,0.009652018547058105,-0.00489729642868042,-0.07738518714904785,-0.02200561761856079,-0.002017080783843994,0.0233536958694458,0.0019943714141845703,0.012062668800354004,-0.008872687816619873
2024-03-28,0.014168977737426758,-0.02401876449584961,0.0046623945236206055,0.02438598871231079,-0.004766881465911865,-0.014852404594421387,0.011951267719268799,0.019265413284301758,0.012791037559509277,0.013821959495544434,0.0062656402587890625,0.004489421844482422,0.02113938331604004,0.0,0.0030165910720825195
2024-04-01,0.004913330078125,-0.01722860336303711,0.014904022216796875,-0.11436796188354492,-0.04738283157348633,-0.050289034843444824,-0.03614366054534912,0.022610783576965332,0.0019933581352233887,0.05389988422393799,0.05871725082397461,0.048417091369628906,0.04792308807373047,-0.06078660488128662,-0.07052767276763916
2024-04-02,0.047495484352111816,-0.005106449127197266,0.004572749137878418,0.0027433037757873535,-0.03103053569793701,-0.008372068405151367,0.005211591720581055,0.03287851810455322,-0.01755988597869873,0.014590740203857422,0.029089927673339844,0.05044412612915039,0.00942850112915039,-0.05018723011016846,-0.015314936637878418
2024-04-03,0.016352295875549316,0.010792016983032227,0.009453773498535156,-0.007928848266601562,-0.04023444652557373,0.011657655239105225,0.0034227371215820312,0.006132245063781738,0.0038439035415649414,0.00919198989868164,0.051434993743896484,0.002367258071899414,-0.006227016448974609,0.008915841579437256,-0.002320528030395508
2024-04-04,-0.032115936279296875,0.007017970085144043,0.001994490623474121,-0.008026957511901855,-0.028932571411132812,0.007479846477508545,0.008551180362701416,0.0010527372360229492,-0.03300487995147705,-0.004113376140594482,0.0034482479095458984,-0.015182197093963623,-0.0015344619750976562,-0.03886294364929199,-0.039447903633117676
2024-04-05,0.0011619329452514648,-0.004369020462036133,-0.013327598571777344,-0.02691507339477539,-0.006215810775756836,0.006260871887207031,0.006291985511779785,0.01372671127319336,-0.022174596786499023,0.0050154924392700195,0.01223134994506836,0.0017129182815551758,-0.00032019615173339844,-0.030135035514831543,0.006082475185394287
2024-04-08,0.024148106575012207,6.395578384399414e-05,0.011841058731079102,-0.027760624885559082,-0.013090133666992188,-0.022576212882995605,-0.0005692243576049805,-0.004586398601531982,-0.01663947105407715,0.028475046157836914,0.002819538116455078,0.0006840229034423828,0.011594414710998535,-0.014122486114501953,-0.008791685104370117
2024-04-09,0.008562564849853516,0.008092880249023438,0.02045762538909912,-0.08148479461669922,-0.15679442882537842,0.0021108388900756836,0.006043791770935059,-0.009873270988464355,-0.004665374755859375,0.017411231994628906,0.030640363693237305,0.03451812267303467,0.0049391984939575195,-0.04708218574523926,0.028280913829803467
2024-04-10,-0.02085024118423462,-0.013609051704406738,0.02454984188079834,0.0013952851295471191,-0.007279157638549805,-0.010690689086914062,0.000786900520324707,-0.0053182244300842285,-0.05747568607330322,0.05751156806945801,-0.004119753837585449,0.011232256889343262,-0.005860090255737305,-0.0728309154510498,0.006154954433441162
2024-04-12,-0.013643622398376465,0.009894728660583496,-0.007296204566955566,-0.012714743614196777,-0.07637679576873779,0.01979750394821167,0.022193610668182373,-0.00022280216217041016,-0.0031675100326538086,-0.009152412414550781,-0.024597525596618652,0.015027761459350586,-0.009570956230163574,-0.03158211708068848,-0.006723880767822266
2024-04-15,0.0004525184631347656,0.019473016262054443,0.02346944808959961,0.0238686203956604,0.05718255043029785,0.006924808025360107,-0.015961289405822754,-0.004233717918395996,0.002798736095428467,0.008433818817138672,0.01931464672088623,-0.027679443359375,-0.0165749192237854,0.006294727325439453,0.018279314041137695
2024-04-16,-0.0011306405067443848,0.013043105602264404,-0.006283700466156006,-0.010459423065185547,0.011049747467041016,0.017665207386016846,0.029331207275390625,0.009006977081298828,-0.0034542083740234375,-0.00199127197265625,0.007197022438049316,-0.011585593223571777,-0.005140841007232666,-0.021019339561462402,0.018798649311065674
2024-04-18,-0.00931406021118164,0.028025031089782715,0.006487607955932617,0.005455315113067627,-0.005462527275085449,0.0005323886871337891,-0.002153158187866211,0.004490971565246582,-0.03169822692871094,-0.021814286708831787,-0.00876462459564209,-0.03014063835144043,0.0,-0.02791881561279297,0.01696920394897461
2024-04-19,0.01566934585571289,-0.002528071403503418,0.0031821727752685547,-0.02419126033782959,0.015434026718139648,-0.02367424964904785,-0.026226043701171875,0.023624300956726074,-0.004518270492553711,0.0019037723541259766,0.019035816192626953,0.008632540702819824,0.013147473335266113,0.006584346294403076,0.018654286861419678
2024-04-22,-0.004210472106933594,-0.012028813362121582,0.00618135929107666,-0.04106009006500244,-0.02758967876434326,0.011563360691070557,-0.02894890308380127,-0.010353147983551025,-0.012179017066955566,0.009229063987731934,0.0035370588302612305,0.0160902738571167,-0.0016140341758728027,0.013256072998046875,-0.04104411602020264
2024-04-23,0.012523412704467773,-0.0005724430084228516,-0.010912597179412842,0.018467247486114502,0.012692272663116455,0.004036068916320801,-0.017119169235229492,-0.00850003957748413,0.017433524131774902,-0.013313591480255127,-0.011344850063323975,0.025943398475646973,-0.004397273063659668,0.010635316371917725,-0.01971292495727539
2024-04-24,0.008830070495605469,0.007033288478851318,-0.0397188663482666,-0.020427346229553223,-0.012608170509338379,-0.03682386875152588,-0.017796874046325684,0.02929055690765381,-0.017464637756347656,0.057244062423706055,0.025345325469970703,-0.08144497871398926,0.027929306030273438,-0.017538905143737793,-0.023964405059814453
2024-04-25,-0.020507454872131348,-0.02355372905731201,-0.01682126522064209,-0.0030291080474853516,-0.004638671875,-0.026169657707214355,0.010911524295806885,0.006139874458312988,0.0008890628814697266,0.016759037971496582,0.0013581514358520508,-0.0018221139907836914,0.013269305229187012,0.006672322750091553,-0.003915071487426758
2024-04-26,0.002935647964477539,0.011191308498382568,-0.0038652420043945312,-0.026785731315612793,-0.024544358253479004,0.020479142665863037,0.03912562131881714,-0.01103740930557251,0.004449009895324707,0.022695541381835938,0.00341796875,-0.02182483673095703,-0.01159888505935669,-0.04198157787322998,0.009619534015655518
2024-04-29,0.0010936260223388672,-0.00026786327362060547,-0.0011551380157470703,0.0053708553314208984,-0.006285548210144043,-0.009580135345458984,0.0018541812896728516,0.010999679565429688,0.012581706047058105,-0.011777877807617188,-0.0021086931228637695,0.022248566150665283,0.009905457496643066,-0.02524852752685547,0.0018376708030700684
2024-04-30,0.0007069110870361328,0.008603334426879883,0.008691608905792236,0.0074568986892700195,-0.006364226341247559,0.015127003192901611,-0.010145068168640137,-0.013215124607086182,-0.033560872077941895,-0.002132713794708252,-0.01723015308380127,0.0036408305168151855,-0.014681100845336914,0.021220862865447998,0.010519862174987793
2024-05-02,0.021159052848815918,0.004963696002960205,0.004577934741973877,-0.014119148254394531,-0.012062311172485352,-0.009238243103027344,-0.038545846939086914,0.013123154640197754,0.00404202938079834,0.01621830463409424,0.007553219795227051,-0.007612705230712891,0.01458287239074707,-0.03345823287963867,-0.07238423824310303
2024-05-03,-0.0018236041069030762,0.015236914157867432,-0.008808135986328125,0.009835243225097656,-0.08794260025024414,0.018138885498046875,0.0018388032913208008,-0.010989010334014893,-0.03693181276321411,0.040331482887268066,-0.008317410945892334,-0.015110254287719727,-0.005186855792999268,-0.012172937393188477,0.00743556022644043
2024-05-06,-0.018333077430725098,-0.039629220962524414,0.01282644271850586,0.02554178237915039,0.01244419813156128,-0.007378220558166504,0.014668762683868408,0.00483095645904541,-0.02528446912765503,0.0017838478088378906,-0.011035680770874023,0.030068516731262207,0.00672149658203125,0.012794256210327148,0.029632091522216797
2024-05-07,-0.00815039873123169,-0.013455808162689209,-0.029117047786712646,0.02991795539855957,0.03974151611328125,0.026457786560058594,0.029428064823150635,-0.012767136096954346,-0.018662631511688232,-0.032051265239715576,-0.03526192903518677,0.04143649339675903,-0.020404279232025146,0.03628826141357422,0.0024018287658691406
2024-05-08,0.011226177215576172,0.00869286060333252,0.02144467830657959,-0.009688973426818848,-0.058434367179870605,-0.008514642715454102,0.01034456491470337,0.021156907081604004,-0.004846155643463135,0.02305614948272705,0.01474761962890625,-0.026897311210632324,0.011210918426513672,-0.02313077449798584,-0.015391230583190918
2024-05-09,-0.009309887886047363,-0.032849013805389404,-0.02225726842880249,0.03351813554763794,0.03327333927154541,0.03481179475784302,0.02032870054244995,-0.02363288402557373,-0.020512104034423828,-0.051666259765625,-0.047190308570861816,0.045525431632995605,-0.025574803352355957,0.026025235652923584,0.028029441833496094
2024-05-10,-0.008299469947814941,0.011072993278503418,0.01000964641571045,-0.04307091236114502,-0.15203332901000977,-0.022826671600341797,-0.011994123458862305,0.01004016399383545,0.027947306632995605,0.009353995323181152,0.01878225803375244,-0.025155067443847656,0.002197861671447754,-0.04183530807495117,0.032671213150024414
2024-05-13,0.019245147705078125,-0.029425859451293945,0.012627959251403809,0.01649022102355957,-0.10199809074401855,-0.008200526237487793,0.01097947359085083,0.00956428050994873,0.026747822761535645,0.0015028715133666992,0.01720285415649414,-0.0009560585021972656,0.010127067565917969,-0.008549213409423828,-0.051337480545043945
2024-05-14,0.009680509567260742,-0.05487692356109619,0.020757675170898438,-0.033942222595214844,0.03315478563308716,-0.024285435676574707,-0.04631674289703369,-0.041513681411743164,-0.003354489803314209,0.03638863563537598,-0.07290041446685791,-0.04839217662811279,0.006832599639892578,-0.04572319984436035,-0.01670527458190918
2024-05-15,3.159046173095703e-05,-0.00400698184967041,0.0109022855758667,-0.01147007942199707,-0.0016965866088867188,0.01196819543838501,0.04040193557739258,-0.015432596206665039,-0.008307039737701416,0.008445978164672852,0.0018292069435119629,-0.010628581047058105,0.0040590763092041016,-0.011545062065124512,-0.009352803230285645
2024-05-16,-0.031546711921691895,0.00267183780670166,-0.0005354881286621094,0.015119969844818115,-0.04002857208251953,-0.017739295959472656,-0.0013180971145629883,-0.011775970458984375,-0.013576030731201172,-0.008614540100097656,-0.0023714303970336914,0.016826868057250977,0.0018318891525268555,0.01019906997680664,-0.005008816719055176
2024-05-17,-0.04217660427093506,-0.006205916404724121,0.003214240074157715,-0.016278505325317383,-0.011829257011413574,-0.023747682571411133,-0.034149885177612305,-0.010196447372436523,0.0414348840713501,0.04405021667480469,-0.025809288024902344,-0.020171046257019043,0.008953332901000977,-0.02281641960144043,-0.013040900230407715
2024-05-18,0.018042147159576416,0.00023597478866577148,0.007475733757019043,-0.011199355125427246,-0.04998302459716797,0.01834815740585327,0.004171907901763916,-0.0011324882507324219,-0.008646070957183838,0.012599706649780273,-0.025893688201904297,-0.01348114013671875,0.0033745765686035156,-0.036939263343811035,-0.031485795974731445
2024-05-21,-0.029853343963623047,-0.01887810230255127,-0.05035209655761719,-0.02807462215423584,-0.19622397422790527,-0.036652445793151855,0.003692448139190674,-0.05144333839416504,0.014323115348815918,0.0073059797286987305,0.004240751266479492,-0.03074204921722412,-0.03923773765563965,-0.07379138469696045,0.02965027093887329
2024-05-22,0.00806194543838501,-0.007510662078857422,0.013047873973846436,0.040460944175720215,-0.04181838035583496,0.008284151554107666,-0.007768511772155762,-0.008185625076293945,-0.013282060623168945,-0.031844913959503174,0.007799267768859863,0.030398666858673096,0.006172835826873779,0.009909510612487793,0.014663636684417725
2024-05-23,0.00410771369934082,-0.07842099666595459,0.011321306228637695,0.022976458072662354,0.04065769910812378,-0.0013103485107421875,-0.009335160255432129,0.0033867359161376953,-0.000708460807800293,-0.02633732557296753,0.03211456537246704,-0.0014789104461669922,-0.012965083122253418,0.02980858087539673,-0.0027434825897216797
2024-05-24,0.0016793012619018555,0.0006698966026306152,0.00524526834487915,0.0069481730461120605,-0.0023620128631591797,0.00910574197769165,0.011631131172180176,0.004515707492828369,-0.0038284659385681152,0.006972908973693848,-0.010418891906738281,-0.0011813640594482422,0.0037503838539123535,0.0020183920860290527,-0.0030678510665893555
2024-05-27,0.017647922039031982,0.028338968753814697,-0.006832480430603027,0.008611440658569336,0.048138439655303955,0.0073735713958740234,-0.024245023727416992,0.009259164333343506,-0.009750187397003174,-0.019818544387817383,-0.006239771842956543,0.01681417226791382,-0.003764510154724121,0.002471923828125,-0.004546165466308594
2024-05-28,0.02823925018310547,0.013673245906829834,-0.0050896406173706055,-0.014793753623962402,-0.013297438621520996,-0.005986928939819336,0.011489570140838623,0.0063250064849853516,-0.006899535655975342,-0.014129042625427246,0.015187323093414307,0.025502562522888184,0.003452777862548828,0.010137438774108887,0.011519789695739746
2024-05-29,0.01180940866470337,-0.004546642303466797,-0.03522682189941406,-0.008559584617614746,0.0062822699546813965,0.006006419658660889,0.0035709142684936523,0.013347804546356201,0.0009407997131347656,-0.0027180910110473633,-0.017502665519714355,-0.0,0.0038231611251831055,0.0015930533409118652,0.0012486577033996582
2024-05-30,0.04066950082778931,0.019813835620880127,0.014391005039215088,-0.060071587562561035,0.06364142894744873,0.0201796293258667,0.005480945110321045,0.007077276706695557,-0.009109973907470703,-0.033696770668029785,0.026956140995025635,0.028632938861846924,-0.05918681621551514,0.029632985591888428,-0.002750396728515625
2024-05-31,0.018490135669708252,-0.06797337532043457,0.00834357738494873,0.004232525825500488,-0.031132817268371582,0.003564596176147461,-0.12131702899932861,0.002957642078399658,-0.007223665714263916,0.04294872283935547,-0.011372208595275879,-0.004754304885864258,0.01899421215057373,-0.020906686782836914,-0.08744072914123535
2024-06-03,-0.0344541072845459,-0.06854534149169922,-0.009574294090270996,0.04102277755737305,-0.013314008712768555,-0.03946399688720703,-0.012413382530212402,-0.028497695922851562,0.017786383628845215,0.02962517738342285,-0.023714423179626465,-0.04952681064605713,0.043097496032714844,-0.017487406730651855,0.0021860599517822266
2024-06-04,-0.0785290002822876,-0.1931239366531372,-0.06738990545272827,-0.19406205415725708,0.08192139863967896,-0.0802469253540039,0.05564194917678833,-0.09201371669769287,-0.08961588144302368,-0.11413568258285522,-0.19187921285629272,-0.20018035173416138,-0.08964979648590088,-0.08751696348190308,-0.1434154510498047
2024-06-05,0.02655971050262451,0.05919694900512695,-0.07118093967437744,0.07484936714172363,-0.05865335464477539,0.043416380882263184,-0.023133158683776855,0.04801332950592041,0.02942812442779541,0.03153645992279053,0.11098945140838623,0.09394967555999756,0.06600356101989746,0.054770827293395996,0.04530501365661621
2024-06-06,-0.06756758689880371,0.022547364234924316,0.02553039789199829,0.050942420959472656,-0.016177892684936523,0.01104271411895752,-0.02351200580596924,0.0231553316116333,-0.079673171043396,0.030310988426208496,0.025279760360717773,0.009275078773498535,0.01717853546142578,0.020911693572998047,0.03380024433135986
2024-06-07,-0.03368115425109863,0.010652780532836914,-0.004206657409667969,0.008894205093383789,-0.0005089044570922852,0.027080297470092773,-0.0005664825439453125,-0.0025254487991333008,-0.008278727531433105,0.024981021881103516,0.026013612747192383,0.039823055267333984,0.04064154624938965,0.023935556411743164,0.05085921287536621
2024-06-10,-0.0029230117797851562,0.00016021728515625,0.005805790424346924,-0.010725796222686768,0.02688366174697876,0.004111170768737793,-0.023902416229248047,-0.014411509037017822,-0.0173414945602417,-0.014722287654876709,-0.0101967453956604,-0.014075219631195068,0.007939338684082031,-0.03596311807632446,-0.012613296508789062
2024-06-11,-0.0018099546432495117,0.00038433074951171875,0.005100548267364502,-0.020347535610198975,-0.04017019271850586,-0.0063326358795166016,0.020457088947296143,-0.0032109618186950684,-0.0073053836822509766,0.002134561538696289,-0.0013364553451538086,0.0027223825454711914,0.005907535552978516,-0.0009326338768005371,-0.008516252040863037
2024-06-12,0.03178685903549194,-0.0007044076919555664,-0.0014116764068603516,0.01698005199432373,0.011915862560272217,0.007471799850463867,-0.033113837242126465,0.01863408088684082,-0.000828862190246582,0.030823230743408203,0.010092496871948242,0.0,0.005066871643066406,0.0011668205261230469,0.029776573181152344
2024-06-13,0.026251673698425293,0.0017943382263183594,-0.010090470314025879,0.0014907121658325195,0.0230293869972229,-0.001254260540008545,0.009045124053955078,0.013184785842895508,0.0053830742835998535,0.008508682250976562,0.008335709571838379,-0.009138405323028564,0.001833200454711914,-0.010023295879364014,0.005931496620178223
2024-06-14,-0.012635231018066406,0.011450886726379395,-0.00426030158996582,0.002977132797241211,0.015615701675415039,0.005896806716918945,0.004655718803405762,0.010756254196166992,-0.0038857460021972656,0.007713675498962402,0.028687119483947754,0.026732563972473145,0.003316521644592285,0.017894983291625977,-0.008476197719573975
2024-06-18,-0.012926578521728516,0.014515280723571777,0.007094740867614746,-0.011724472045898438,0.024399518966674805,0.004559516906738281,0.003815889358520508,-0.017292916774749756,-0.033591389656066895,-0.005382120609283447,-0.019691288471221924,-0.0014320015907287598,-0.011341631412506104,0.01040947437286377,0.004367232322692871
2024-06-19,0.0049399733543396,-0.014245271682739258,0.024088382720947266,-0.01847130060195923,0.01904761791229248,-0.011238932609558105,0.019152343273162842,0.012279391288757324,0.041126132011413574,-0.014430046081542969,-0.017263829708099365,-0.022553980350494385,-0.006168246269226074,-0.008470654487609863,-0.021648645401000977
2024-06-20,-0.005441784858703613,-0.0007588863372802734,-0.0212862491607666,0.02157282829284668,-0.022258996963500977,0.016066431999206543,-0.0187075138092041,0.009026288986206055,-0.025454998016357422,0.042337775230407715,0.0346369743347168,0.027209043502807617,0.012819051742553711,0.04802584648132324,-0.003782510757446289
2024-06-21,-0.042349815368652344,-0.021519005298614502,-0.0118255615234375,-0.008237242698669434,-0.02625274658203125,0.007798671722412109,0.021702885627746582,0.019736766815185547,0.0007480978965759277,-0.012876033782958984,0.014095783233642578,0.009154081344604492,0.007044196128845215,0.0004405975341796875,-0.020408153533935547
2024-06-24,0.016883254051208496,0.0016494989395141602,-0.0010956525802612305,0.002718210220336914,0.0075991153717041016,-0.0016544461250305176,-0.012387871742248535,-0.005894601345062256,0.008235275745391846,-0.02110755443572998,-0.02063918113708496,-0.03596240282058716,-0.01103276014328003,-0.014534235000610352,-0.007073700428009033
2024-06-25,-0.0037990808486938477,-0.007361769676208496,-0.0003647804260253906,-0.0073795318603515625,-0.006671786308288574,-0.0058266520500183105,-0.01379692554473877,-0.006396472454071045,0.0033625364303588867,-0.02253180742263794,-0.00795656442642212,-0.018952369689941406,-0.012765944004058838,-0.02011173963546753,0.05738270282745361
2024-06-26,0.018646657466888428,-0.00016266107559204102,0.015754878520965576,-0.020330727100372314,0.020936906337738037,-0.011506617069244385,-0.001539468765258789,-0.015929758548736572,-0.00275421142578125,-0.03420501947402954,-0.008291304111480713,-0.020678818225860596,-0.017765522003173828,-0.026453852653503418,0.04448544979095459
2024-06-27,0.03483527898788452,0.0014640092849731445,-0.015636563301086426,-0.009911775588989258,-0.03576922416687012,0.026055335998535156,0.012174129486083984,0.00023877620697021484,-0.000274658203125,-0.015013456344604492,-0.009672164916992188,-0.007570981979370117,0.009250998497009277,0.002810955047607422,-0.022620797157287598
2024-06-28,-0.010525703430175781,0.0006171464920043945,-0.01211237907409668,-0.002971947193145752,0.005347132682800293,-0.012352228164672852,-0.02390146255493164,-0.0028165578842163086,-0.005285978317260742,0.002344965934753418,0.010870218276977539,0.04038345813751221,-0.0008814334869384766,0.024059772491455078,-0.007232606410980225
2024-07-01,-0.037741899490356445,0.002077817916870117,0.005334913730621338,0.010982155799865723,0.019263803958892822,0.01331186294555664,0.01361703872680664,0.014458060264587402,-0.0008876323699951172,0.02261495590209961,0.022489190101623535,0.0027581453323364258,0.0003529787063598633,0.024406909942626953,0.01739370822906494
2024-07-02,0.012577474117279053,-0.009589850902557373,-0.007103085517883301,-0.014432132244110107,0.00647127628326416,-0.005985856056213379,-0.004560589790344238,-0.013591349124908447,0.003820657730102539,-0.028850972652435303,0.0073670148849487305,-0.01596677303314209,0.0027042627334594727,-0.01536405086517334,0.01978170871734619
2024-07-03,-0.0012863874435424805,0.011972546577453613,0.004462003707885742,0.024405598640441895,-0.031647562980651855,0.012949705123901367,-0.01190185546875,0.004975676536560059,-0.011711478233337402,0.028006792068481445,0.005246400833129883,0.03367877006530762,0.01049494743347168,0.013116240501403809,0.039848923683166504
2024-07-04,0.009399950504302979,-0.01464313268661499,-0.00028908252716064453,0.0036889314651489258,-0.01916360855102539,-0.006365776062011719,-0.010852456092834473,0.004903316497802734,-0.049417853355407715,0.001654982566833496,0.00432276725769043,-0.003759324550628662,-0.0004642009735107422,0.011160731315612793,0.030556321144104004
2024-07-05,0.007021963596343994,0.001148223876953125,-0.01055145263671875,0.013170003890991211,-0.010349154472351074,0.010271668434143066,0.007017374038696289,-0.0046898722648620605,0.015159308910369873,0.0025418996810913086,0.02283346652984619,0.030188679695129395,-0.008939504623413086,0.010154485702514648,0.009746909141540527
2024-07-08,0.012391328811645508,-0.010878801345825195,0.002789139747619629,-0.03461313247680664,0.010098814964294434,-0.015565216541290283,0.009180903434753418,-0.02336984872817993,0.011986613273620605,-0.008493900299072266,0.036641716957092285,0.005590915679931641,-0.013940095901489258,-0.017263948917388916,-0.00705718994140625
2024-07-09,-0.002612590789794922,-0.0009276270866394043,-0.014056205749511719,-0.015631914138793945,0.018946290016174316,-0.004152476787567139,0.01188737154006958,-0.00399625301361084,-0.006629586219787598,0.004730939865112305,-0.011534690856933594,-0.0031313300132751465,-0.0027918219566345215,0.0,0.05146634578704834
2024-07-10,-0.007270455360412598,-0.00474172830581665,0.01937764883041382,-0.03926926851272583,0.020723462104797363,-0.010584771633148193,0.020112276077270508,-0.013700664043426514,0.006256580352783203,-0.02545177936553955,-0.021886110305786133,-0.03282266855239868,-0.022218286991119385,-0.019123852252960205,0.009556412696838379
2024-07-11,0.008431613445281982,-0.005697190761566162,-0.004327178001403809,-0.00044924020767211914,-0.018810629844665527,-0.0004322528839111328,0.008184850215911865,0.006647825241088867,0.012194335460662842,0.005223274230957031,-0.002867400646209717,0.00649571418762207,0.005604743957519531,-0.019723474979400635,0.029398202896118164
2024-07-12,0.007182657718658447,-0.004188418388366699,0.006103694438934326,-0.010635077953338623,0.010348320007324219,0.01016223430633545,0.005522787570953369,-0.0006406307220458984,-0.002884984016418457,0.0003896951675415039,-0.006726980209350586,-0.009417235851287842,-0.0013327598571777344,0.004394054412841797,-0.015475451946258545
2024-07-15,-0.005872130393981934,0.008142948150634766,-0.011632084846496582,0.00408780574798584,0.007447540760040283,-0.002889573574066162,-0.007851481437683105,-0.005325973033905029,0.010235488414764404,0.0033761262893676758,0.0056351423263549805,0.010703325271606445,-0.011464953422546387,0.021644115447998047,-0.030905961990356445
2024-07-16,-0.001741647720336914,0.006107926368713379,0.013283789157867432,-0.007690072059631348,-0.0036379098892211914,0.00284421443939209,-0.010893583297729492,0.0015369653701782227,0.007840454578399658,-0.0016824007034301758,0.005860567092895508,-0.006840705871582031,0.001840829849243164,-0.008564412593841553,0.012145400047302246
2024-07-18,0.01745063066482544,-0.00550687313079834,0.0012304186820983887,-0.026895523071289062,0.021446824073791504,-0.0031037330627441406,0.0036965012550354004,-0.019899964332580566,-0.007153034210205078,-0.01957482099533081,-0.03797405958175659,-0.020531177520751953,-0.004226326942443848,-0.009092986583709717,0.010141730308532715
2024-07-19,0.02385556697845459,-0.0279538631439209,-0.03906083106994629,-0.038725852966308594,0.009492218494415283,-0.04509097337722778,-0.06263363361358643,-0.04404264688491821,-0.04017859697341919,-0.05421125888824463,-0.030760228633880615,-0.04104393720626831,-0.051670074462890625,-0.025693953037261963,-0.030042946338653564
2024-07-22,0.002685546875,-0.0016129016876220703,0.014027118682861328,-0.047271013259887695,0.015192806720733643,-0.0010119080543518066,0.004427671432495117,0.006604313850402832,-0.019732177257537842,0.022368192672729492,0.023679018020629883,0.010294675827026367,0.016215920448303223,0.0204850435256958,0.034687161445617676
2024-07-23,-0.008145689964294434,-0.0018561482429504395,-0.027963697910308838,0.029781341552734375,0.01511073112487793,0.006077289581298828,-0.019569814205169678,0.00020992755889892578,0.023005008697509766,0.0032819509506225586,-0.029235363006591797,-0.013190925121307373,-0.0019148588180541992,-0.03091830015182495,-0.015043854713439941
2024-07-24,0.006644248962402344,-0.008195817470550537,-0.0029074549674987793,0.006075143814086914,-0.01911795139312744,-0.014094769954681396,0.025274157524108887,0.020623445510864258,-0.001616358757019043,-0.00804150104522705,0.007556557655334473,0.03960680961608887,0.0018546581268310547,-0.004999995231628418,0.03721511363983154
2024-07-25,0.018183588981628418,0.0009374618530273438,-0.007750153541564941,0.006273150444030762,0.036099910736083984,-0.0077721476554870605,-0.004850506782531738,-0.035631656646728516,0.02020132541656494,-0.012366056442260742,-0.013138413429260254,-0.029934048652648926,-0.01825612783432007,-0.004067897796630859,-0.046718478202819824
2024-07-26,-0.016295194625854492,-0.035971999168395996,-0.03255736827850342,-0.021042466163635254,0.01300191879272461,-0.029788494110107422,0.02089869976043701,-0.036841511726379395,0.03346216678619385,0.03770172595977783,0.029233813285827637,0.03366291522979736,-0.03283488750457764,0.031475186347961426,0.010272026062011719
2024-07-29,-0.012598156929016113,-0.002879619598388672,0.0011234283447265625,-0.0012682676315307617,-0.05004143714904785,0.0022208690643310547,-0.032766520977020264,0.005604922771453857,-0.018626093864440918,0.023729801177978516,0.011533856391906738,0.0023746490478515625,-0.001951456069946289,0.010016322135925293,0.0006985664367675781
2024-07-30,0.02059149742126465,-0.012754201889038086,0.009522318840026855,-0.007916450500488281,-0.012308597564697266,-0.003950834274291992,0.006964564323425293,-0.009928584098815918,0.006394624710083008,-0.0048454999923706055,-0.0014919042587280273,0.0024367570877075195,-0.007351040840148926,-0.0039206743240356445,-0.0012410879135131836
2024-07-31,-0.009102702140808105,-0.012989163398742676,-0.013777375221252441,-0.010367631912231445,-0.008339762687683105,-0.028988003730773926,-0.005506277084350586,-0.012032747268676758,-0.011153161525726318,-0.0057901740074157715,0.014727950096130371,0.033355712890625,-0.0076715946197509766,0.007872223854064941,-0.004892408847808838
2024-08-01,0.006361484527587891,-0.015100717544555664,-0.005824446678161621,0.006529867649078369,-0.0011594295501708984,-0.006786942481994629,-0.0056043267250061035,0.005008876323699951,-0.06357240676879883,0.004500269889831543,-0.007467389106750488,-0.01966804265975952,0.013741016387939453,-0.005972862243652344,0.01412510871887207
2024-08-02,0.0023373961448669434,0.017537176609039307,0.037787675857543945,0.029264509677886963,-0.006485462188720703,0.037451207637786865,-0.00896310806274414,0.027000904083251953,-0.0046274662017822266,-0.0279352068901062,-0.039207398891448975,-0.02532827854156494,0.029684901237487793,-0.03096836805343628,0.0042324066162109375
2024-08-05,-0.03812986612319946,-0.03880035877227783,-0.05207931995391846,-0.06706428527832031,-0.05316042900085449,0.039742112159729004,-0.07207942008972168,0.040658533573150635,-0.0709487795829773,-0.049342572689056396,-0.06622916460037231,-0.06571841239929199,-0.053036630153656006,-0.04817551374435425,-0.03448277711868286
2024-08-06,-0.0014472007751464844,0.011339306831359863,-0.0065114498138427734,-0.019699394702911377,-0.013691961765289307,-0.023385047912597656,-0.025548338890075684,-0.008171319961547852,-0.013565599918365479,-0.00684434175491333,-0.0018898248672485352,-0.00849062204360962,0.003278493881225586,0.0015033483505249023,0.004523754119873047
2024-08-07,-0.0004949569702148438,0.03685927391052246,0.021956443786621094,0.04424476623535156,-0.02193206548690796,-0.025395989418029785,0.02788519859313965,-0.022748231887817383,0.03239095211029053,0.02613067626953125,0.03893256187438965,0.045548439025878906,0.02355504035949707,-0.044533371925354004,0.02962791919708252
2024-08-08,0.015385150909423828,-0.005762934684753418,-0.015472233295440674,-0.002532064914703369,0.007726550102233887,0.02085059881210327,-0.021452248096466064,0.0287933349609375,-0.0014199614524841309,-0.026584625244140625,-0.03718888759613037,-0.02951359748840332,-0.023212552070617676,0.023233532905578613,-0.006599128246307373
2024-08-09,-0.007210254669189453,0.0063173770904541016,0.014412522315979004,0.02606189250946045,-0.009917497634887695,-0.019773483276367188,0.001582026481628418,0.0032094717025756836,0.03182554244995117,-0.004455924034118652,0.026558637619018555,-0.05893045663833618,0.010145783424377441,-0.015448808670043945,0.016221284866333008
2024-08-12,0.00547337532043457,-0.011228680610656738,0.010354757308959961,-0.0013194680213928223,0.034006714820861816,-0.01353442668914795,0.02489650249481201,-0.0020737648010253906,-0.0032156705856323242,0.03667342662811279,-0.017170846462249756,0.018167734146118164,0.0016177892684936523,-0.007727503776550293,-0.05928850173950195
2024-08-13,-0.015109241008758545,-0.01891613006591797,-0.012632012367248535,0.0336911678314209,-0.05568218231201172,0.010355889797210693,0.01900780200958252,0.00996619462966919,-0.016656816005706787,-0.022423386573791504,-0.02485787868499756,-0.027031123638153076,-0.020862698554992676,0.02252572774887085,0.03494542837142944
2024-08-14,0.00921165943145752,-0.016845703125,8.046627044677734e-05,-0.04569423198699951,-0.014224112033843994,0.019331395626068115,0.0023766756057739258,-0.02288353443145752,-0.016938865184783936,-0.06026506423950195,-0.028196990489959717,-0.02270948886871338,-0.01821434497833252,0.005148351192474365,0.01717597246170044
2024-08-16,-0.011725425720214844,0.02259695529937744,0.02043604850769043,0.051230549812316895,-0.09068644046783447,-0.020386457443237305,0.007831573486328125,-0.005108952522277832,0.007968306541442871,0.030776262283325195,0.0002474784851074219,0.024355173110961914,0.02289283275604248,-0.020946264266967773,-0.06929945945739746
2024-08-19,-0.03591352701187134,-0.001990795135498047,0.03894972801208496,0.030896544456481934,-0.04654741287231445,-0.01023721694946289,0.031082987785339355,-0.02059924602508545,0.014999985694885254,0.011178135871887207,0.037790656089782715,0.02369821071624756,0.029703617095947266,-0.032102346420288086,-0.01577746868133545
2024-08-20,-0.007406055927276611,-0.01027292013168335,0.021325111389160156,-0.015448808670043945,0.03409314155578613,0.0006537437438964844,0.023923039436340332,0.004298806190490723,-0.004659831523895264,0.02152729034423828,0.00405275821685791,0.013935327529907227,-0.00019937753677368164,-0.008652925491333008,0.009681642055511475
2024-08-21,0.00872337818145752,0.014645695686340332,0.01887345314025879,-0.005178093910217285,-0.0034139156341552734,-0.00943136215209961,0.004591703414916992,-0.008371472358703613,0.010433435440063477,-0.008685767650604248,-0.007479071617126465,0.014194488525390625,-0.01303011178970337,-0.01947605609893799,-0.012167572975158691
2024-08-22,-0.04301917552947998,-0.005330085754394531,-7.289648056030273e-05,0.0048896074295043945,0.015268683433532715,-0.008047103881835938,-0.01895540952682495,-0.008510828018188477,0.02799832820892334,0.016661763191223145,0.0033490657806396484,-0.008589982986450195,0.014616727828979492,-0.009324431419372559,-0.0014592409133911133
2024-08-23,-0.003845691680908203,-0.007322371006011963,-0.000656425952911377,-0.00706326961517334,-0.009351253509521484,-0.008357882499694824,0.0014388561248779297,0.0061092376708984375,-0.01049506664276123,-0.020344793796539307,0.010550141334533691,-0.015611052513122559,0.00039827823638916016,0.022081971168518066,-0.00763249397277832
2024-08-26,-0.003831028938293457,-0.0023806095123291016,0.03904545307159424,0.042206764221191406,0.0278317928314209,-0.023856401443481445,0.01648879051208496,-0.026827096939086914,0.013339400291442871,0.03374683856964111,0.05096137523651123,0.04522347450256348,0.009688735008239746,-0.030414819717407227,-0.004338264465332031
2024-08-27,-0.00969851016998291,-0.0006385445594787598,-0.011729955673217773,0.0003033876419067383,0.008047699928283691,0.02023869752883911,-0.008413553237915039,0.017045438289642334,-0.002375960350036621,0.0018135309219360352,0.01947474479675293,-0.013430178165435791,-0.006440997123718262,-0.0017888545989990234,0.016318142414093018
2024-08-28,-0.02337193489074707,-0.012745916843414307,0.002203226089477539,-0.003335893154144287,-0.039635539054870605,-0.005561470985412598,-0.010113954544067383,-0.00010323524475097656,0.0048274993896484375,-0.014900445938110352,-0.005229830741882324,-0.013686537742614746,-0.006416618824005127,-0.00468754768371582,0.007179141044616699
2024-08-29,-0.018738150596618652,-0.002588927745819092,-0.006453454494476318,-0.00015211105346679688,-0.028850853443145752,0.010060548782348633,0.009600162506103516,0.008669674396514893,-0.014476954936981201,-0.010319411754608154,-0.009905874729156494,0.001566767692565918,-0.004793643951416016,0.005776524543762207,0.006037592887878418
2024-08-30,0.0273740291595459,-0.0002732276916503906,0.0012134313583374023,0.012020587921142578,0.008559942245483398,-0.0014897584915161133,-0.07776951789855957,-0.0103071928024292,0.0067598819732666016,-0.005570650100708008,-0.0006707906723022461,-0.004171311855316162,-0.0013379454612731934,-0.01094973087310791,-0.0007063150405883789
2024-09-02,0.018090367317199707,0.007549881935119629,-0.024880528450012207,-0.03578406572341919,-0.01377934217453003,0.0006906390190124512,-0.06812459230422974,0.0052040815353393555,-0.010459065437316895,-0.028009235858917236,-0.021925151348114014,-0.003889620304107666,0.000803828239440918,0.011273205280303955,0.014398634433746338
2024-09-03,0.004562437534332275,-0.0019665956497192383,-0.007310986518859863,-0.006705105304718018,-0.002632439136505127,0.010101556777954102,-0.017650604248046875,0.01771378517150879,0.007633686065673828,-0.0066498517990112305,0.00040030479431152344,-0.01043778657913208,-0.004819273948669434,-0.002906322479248047,0.0010741949081420898
2024-09-04,-0.018368244171142578,-0.007847845554351807,-0.017822980880737305,-0.01805335283279419,-0.013501167297363281,-0.002255678176879883,0.0011703968048095703,0.002794623374938965,0.009259223937988281,-0.018149375915527344,-0.022121846675872803,-0.01001662015914917,-0.0063895583152771,0.01114577054977417,0.0012187957763671875
2024-09-05,0.010375499725341797,0.0009930133819580078,0.00472414493560791,0.008792996406555176,0.020168781280517578,0.008145332336425781,-0.010314226150512695,-0.00518190860748291,-0.00012826919555664062,0.007727265357971191,0.009002089500427246,0.005825519561767578,0.0035876035690307617,-0.016005396842956543,-0.002584099769592285
2024-09-06,0.025794148445129395,-0.01320427656173706,-0.00425410270690918,-0.011568903923034668,-0.01785355806350708,-0.0079420804977417,0.008893132209777832,-0.0036296844482421875,-0.012127041816711426,-0.00811910629272461,-0.013035178184509277,-0.014022231101989746,-0.0033049583435058594,0.01486581563949585,0.025916457176208496
2024-09-09,0.0032784342765808105,-0.0038132071495056152,-0.012816667556762695,-0.00929933786392212,-0.013864636421203613,-0.0015544891357421875,-0.007368624210357666,0.008543431758880615,-0.012925446033477783,-0.015613138675689697,-0.016377031803131104,-0.011361896991729736,-0.011572062969207764,-0.0011261701583862305,-0.0007349252700805664
2024-09-10,-0.01136934757232666,0.00751650333404541,0.001442551612854004,0.013432621955871582,0.014163732528686523,-0.004816651344299316,0.03017902374267578,-0.017128348350524902,-0.011976003646850586,0.015706777572631836,0.02607858180999756,0.00961613655090332,-0.00034236907958984375,0.000674903392791748,-0.014394760131835938
2024-09-11,-0.010534524917602539,-0.016267776489257812,-0.017892301082611084,-0.01948261260986328,-0.02125692367553711,0.011717736721038818,-0.011785328388214111,-0.005093574523925781,-0.014319002628326416,-0.019708871841430664,-0.02372920513153076,-0.016803443431854248,-0.00835561752319336,-0.032192766666412354,0.011222124099731445
2024-09-12,0.004827558994293213,0.01808154582977295,0.04400181770324707,0.023778438568115234,0.027804017066955566,-0.02915656566619873,0.022420644760131836,-0.03904235363006592,0.019324302673339844,-0.042066097259521484,0.04658639430999756,0.02929830551147461,0.024103879928588867,0.03721797466278076,-0.00578463077545166
2024-09-13,-0.025766372680664062,-0.007552444934844971,-0.004362642765045166,0.001909017562866211,0.013883233070373535,0.000261843204498291,0.017063260078430176,-0.02632749080657959,0.02624952793121338,-0.024042725563049316,0.01627957820892334,0.01155400276184082,0.011532306671142578,0.028033137321472168,-0.003057718276977539
2024-09-16,0.004180848598480225,0.005559802055358887,0.01767551898956299,0.025563716888427734,-0.0003020167350769043,-0.01723325252532959,-0.0045874714851379395,-0.011638045310974121,0.02053999900817871,0.00710141658782959,0.03853476047515869,0.006353974342346191,0.004733562469482422,-0.017015695571899414,0.013064324855804443
2024-09-17,0.002443253993988037,-0.0032483935356140137,-0.0031380057334899902,-0.014088928699493408,-0.01117938756942749,0.006951570510864258,-0.0040160417556762695,-0.009251236915588379,-0.03905057907104492,0.02028900384902954,-0.013752579689025879,-0.008343338966369629,-0.009024560451507568,0.007767438888549805,-0.0079423189163208
2024-09-18,0.008279263973236084,-0.0063443779945373535,0.00329434871673584,0.005810379981994629,-0.012018740177154541,0.007829904556274414,-0.008593320846557617,0.026502013206481934,0.005421161651611328,0.01176995038986206,-0.008640050888061523,-0.01728188991546631,-0.014530599117279053,-0.003303229808807373,0.00532609224319458
2024-09-19,0.008661508560180664,-0.004465997219085693,-0.0015322566032409668,0.012021899223327637,0.009175300598144531,0.008675634860992432,-0.020669400691986084,0.021515309810638428,0.016474783420562744,-0.0010553598403930664,-0.015996456146240234,-0.02398759126663208,-0.007066607475280762,0.003093242645263672,-0.0266265869140625
2024-09-20,-0.010316252708435059,-0.02221989631652832,0.01490795612335205,0.01758706569671631,0.022984981536865234,-0.03495359420776367,0.057597994804382324,-0.006581664085388184,-0.04994082450866699,-0.0009036064147949219,0.010090231895446777,-0.0020546913146972656,0.01662898063659668,0.0006607770919799805,-0.008666157722473145
2024-09-23,0.009585678577423096,-0.011794209480285645,-0.005544424057006836,0.002729058265686035,0.006391048431396484,-0.0005602836608886719,-0.005536198616027832,-0.011838674545288086,-0.03339064121246338,-0.013391494750976562,-0.0206449031829834,-0.0269242525100708,0.01292407512664795,0.0070438385009765625,-0.0503230094909668
2024-09-24,-0.034681081771850586,-0.016400575637817383,-0.03953373432159424,0.03371632099151611,0.007342696189880371,-0.007738590240478516,0.017024755477905273,-0.019777774810791016,-0.006944417953491211,-0.039495229721069336,-0.06239020824432373,-0.032387495040893555,-0.04246413707733154,0.03759562969207764,-0.041687846183776855
2024-09-25,-0.02599465847015381,-0.003600597381591797,-0.0008358955383300781,-0.004680454730987549,0.00709223747253418,0.007123351097106934,0.005792140960693359,0.019922316074371338,0.004103720188140869,-0.008427262306213379,-0.01941537857055664,-0.002614259719848633,-0.007075905799865723,0.020644545555114746,0.0014591217041015625
2024-09-26,-0.0020149946212768555,-0.005680441856384277,-0.022548556327819824,0.010286569595336914,0.011345863342285156,-0.023304343223571777,-0.010504961013793945,-0.00729823112487793,-0.052194833755493164,-0.03767704963684082,-0.040079593658447266,-0.037026047706604004,-0.024433493614196777,0.045407652854919434,-0.009532451629638672
2024-09-27,-0.010351419448852539,-0.0024443864822387695,-0.01701486110687256,0.0021817684173583984,0.01170206069946289,0.0039778947830200195,-0.0030058622360229492,0.00019443035125732422,-0.0256730318069458,-0.003685474395751953,-0.01977062225341797,-0.009626388549804688,-0.00562286376953125,0.022507429122924805,-0.02074575424194336
2024-09-30,-0.03377056121826172,-0.001779317855834961,-0.012112736701965332,-0.001741647720336914,-0.001051485538482666,-0.02845597267150879,0.014176607131958008,-0.011283516883850098,-0.00583338737487793,-0.04147970676422119,-0.015736699104309082,-0.005834698677062988,-0.012042999267578125,-0.0005793571472167969,-0.034841299057006836
2024-10-01,-0.02364039421081543,-0.01601862907409668,-0.007074832916259766,0.015120744705200195,-0.004976034164428711,0.0026697516441345215,-0.029221951961517334,0.004136025905609131,-0.0341646671295166,0.0015670061111450195,-0.06629431247711182,0.0023344755172729492,0.00904625654220581,0.006762027740478516,0.03503847122192383
2024-10-03,0.00894176959991455,-0.022014319896697998,0.018974483013153076,-0.03251218795776367,0.005770325660705566,-0.011486291885375977,0.005407810211181641,-0.015164017677307129,-0.004945158958435059,0.021056771278381348,0.007515430450439453,0.028362751007080078,0.0003063678741455078,-0.00863558053970337,0.0059503912925720215
2024-10-04,-0.0013689994812011719,-0.0017213225364685059,-0.001070857048034668,-0.021909654140472412,-0.010805189609527588,0.005148649215698242,0.009007811546325684,0.028495371341705322,0.013139128684997559,0.011890411376953125,0.009866893291473389,-0.014449357986450195,0.0013483166694641113,-0.005807220935821533,0.020134687423706055
2024-10-07,-0.028801381587982178,-0.02977752685546875,0.022195518016815186,-0.056757986545562744,-0.04224264621734619,0.014510273933410645,-0.025690436363220215,0.020076394081115723,-0.0659024715423584,0.03285562992095947,0.024797260761260986,-0.04906117916107178,0.014360189437866211,-0.016549766063690186,0.04692810773849487
2024-10-08,-0.01161259412765503,-0.0473017692565918,0.012990593910217285,0.008664846420288086,0.031085968017578125,0.020171761512756348,-0.008899152278900146,0.01768934726715088,0.02173793315887451,0.04263937473297119,0.00979083776473999,-0.0062032341957092285,0.029450178146362305,-0.005741417407989502,-0.013038158416748047
2024-10-09,-0.005696535110473633,0.0022191405296325684,-0.007966160774230957,-0.002545297145843506,-0.01047372817993164,0.003706693649291992,-0.010907888412475586,-0.016888737678527832,0.05924808979034424,-0.023656487464904785,-0.0070078372955322266,-0.007916510105133057,0.002822697162628174,-0.0023894906044006348,-0.0161057710647583
2024-10-10,0.024576783180236816,-0.006475925445556641,-0.0035736560821533203,-0.0043062567710876465,0.006627678871154785,-0.01297140121459961,0.016811251640319824,0.008754372596740723,0.011085152626037598,-0.009700417518615723,0.007245004177093506,-0.0027621984481811523,-0.004117369651794434,-0.007584810256958008,0.012029409408569336
2024-10-11,-0.0013026595115661621,0.011633574962615967,-0.02355670928955078,0.011853337287902832,-0.00913912057876587,-0.00461578369140625,-0.0021162033081054688,-0.015240907669067383,-0.010712146759033203,-0.032353758811950684,-0.047916293144226074,0.03123795986175537,-0.00589442253112793,0.010257363319396973,-0.0022203922271728516
2024-10-14,-0.006394326686859131,0.01150745153427124,0.005820512771606445,0.02976095676422119,0.03183579444885254,-0.00044465065002441406,-0.003181159496307373,0.012626111507415771,0.016013383865356445,-0.01450657844543457,-0.016356706619262695,0.0022382736206054688,0.01458597183227539,0.0031853914260864258,-0.017580151557922363
2024-10-15,-0.005763113498687744,-0.0011641979217529297,0.021601617336273193,-0.01337432861328125,-0.01114952564239502,0.011506199836730957,0.006714940071105957,0.02461862564086914,-0.0018512606620788574,0.021179020404815674,0.0333138108253479,-0.02523636817932129,0.01699960231781006,-0.01845604181289673,-0.004986286163330078
2024-10-16,0.017615079879760742,0.006079733371734619,-0.008459925651550293,0.0031162500381469727,-0.007776081562042236,0.011490225791931152,0.008783578872680664,0.008723020553588867,0.008621931076049805,0.002894163131713867,0.0077877044677734375,-0.0077898502349853516,0.0024987459182739258,-0.006469905376434326,-0.008595466613769531
2024-10-17,-0.017563283443450928,0.023364603519439697,-0.0023189783096313477,-0.014600753784179688,-0.004310309886932373,0.009956002235412598,-0.0042552947998046875,0.03150218725204468,-0.004671752452850342,0.03192812204360962,-0.03618931770324707,-0.016086816787719727,0.018259763717651367,-0.029914498329162598,-0.011778593063354492
2024-10-18,0.015332579612731934,0.0039017796516418457,-0.025449156761169434,0.018284916877746582,-0.003345191478729248,-0.013374090194702148,-0.023076891899108887,-0.03709673881530762,-0.0036450624465942383,-0.03326678276062012,-0.030843257904052734,0.009387493133544922,-0.019606590270996094,0.01846027374267578,0.020954668521881104
2024-10-21,-0.02347642183303833,0.021440327167510986,0.018447279930114746,-0.0195046067237854,-0.00937807559967041,0.011233091354370117,-0.05935800075531006,0.01612234115600586,0.0031572580337524414,0.025148510932922363,0.009152114391326904,-0.019917845726013184,0.002304971218109131,-0.012358367443084717,0.00216829776763916
2024-10-22,-0.005717873573303223,0.038763999938964844,0.02616274356842041,-0.06836128234863281,0.023617267608642578,0.018136441707611084,-0.06489229202270508,0.04078191518783569,-0.023280203342437744,0.04535794258117676,0.04143166542053223,-0.03684955835342407,0.02996695041656494,-0.029822707176208496,0.045212388038635254
2024-10-23,-0.02832871675491333,-0.004164218902587891,0.004373490810394287,-0.009150922298431396,0.019665122032165527,0.009547054767608643,0.008339762687683105,-0.005712747573852539,-0.002762019634246826,-0.0135115385055542,-0.0160752534866333,-0.030131399631500244,0.010683238506317139,0.004729151725769043,-0.04617869853973389
2024-10-24,0.003329038619995117,0.0018915534019470215,0.03681492805480957,-0.005472898483276367,0.030169963836669922,-0.0038241147994995117,0.0062978267669677734,-0.009667396545410156,0.02282404899597168,0.011280477046966553,-0.010440826416015625,-0.008465230464935303,-0.0013068914413452148,0.013264894485473633,-0.009333372116088867
2024-10-25,-0.012166142463684082,0.0482906699180603,0.017301321029663086,-0.06534820795059204,-0.054587602615356445,0.014873206615447998,0.0012818574905395508,0.027317941188812256,-0.034148991107940674,-0.009186625480651855,0.03302949666976929,-0.048236966133117676,0.020882070064544678,-0.029138565063476562,0.02989637851715088
2024-10-28,-0.016726553440093994,-0.03906095027923584,-0.020847201347351074,-0.06697332859039307,0.03254592418670654,-0.024792075157165527,0.008359074592590332,-0.022190093994140625,-0.025076568126678467,-0.04654228687286377,-0.022445201873779297,0.02861499786376953,-0.02413356304168701,-0.03023064136505127,-0.03031599521636963
2024-10-29,-0.042338013648986816,-0.017838001251220703,-0.0010101795196533203,-0.001551985740661621,0.04462170600891113,0.008736133575439453,0.020911097526550293,0.004298150539398193,0.012727618217468262,0.007996618747711182,-0.019944310188293457,0.009069561958312988,-0.0045212507247924805,-0.006544232368469238,-0.012520909309387207
2024-10-30,0.012546420097351074,-0.042365193367004395,0.007497072219848633,-0.004476666450500488,0.018631339073181152,0.0015644431114196777,-0.006510615348815918,-0.00431668758392334,0.005153298377990723,0.008343875408172607,0.004966914653778076,0.0027655363082885742,0.007228553295135498,0.007969796657562256,0.011885106563568115
2024-10-31,-0.01944410800933838,0.007433891296386719,0.0034137368202209473,-0.008570432662963867,-0.012847959995269775,-0.006633281707763672,-0.005522429943084717,-0.0016322135925292969,0.017891645431518555,0.010553419589996338,-0.0008994340896606445,-0.002413153648376465,0.002816319465637207,0.0095137357711792,-0.012097597122192383
2024-11-01,-0.013614416122436523,-0.0007699728012084961,-0.0070694684982299805,-0.0005098581314086914,0.009128689765930176,-0.0048253536224365234,0.010291695594787598,-0.009777307510375977,0.005396485328674316,-0.004324078559875488,-0.008042335510253906,0.017278671264648438,-0.008059501647949219,-0.007043719291687012,-0.007625222206115723
2024-11-04,0.01745450496673584,0.017660439014434814,0.024026691913604736,0.010022103786468506,-0.025884509086608887,0.013838648796081543,0.00256502628326416,0.021839678287506104,-0.008127927780151367,-0.01650404930114746,-0.007309675216674805,-0.03269636631011963,0.01872342824935913,0.018227994441986084,0.002317965030670166
2024-11-05,-0.0014858245849609375,-0.0062656402587890625,-0.03448021411895752,-0.024536728858947754,0.029146790504455566,-0.046706438064575195,0.00862574577331543,-0.029531478881835938,0.005514621734619141,-0.036142826080322266,-0.018230080604553223,0.0406496524810791,-0.03635096549987793,-0.02396368980407715,-0.019475221633911133
2024-11-06,-0.01655125617980957,-0.04482412338256836,-0.015267729759216309,0.0005024075508117676,-0.08317708969116211,-0.009154558181762695,0.03862869739532471,-0.01687943935394287,-0.04156839847564697,-0.02697920799255371,-0.042325735092163086,0.04522061347961426,-0.008735299110412598,-0.008855223655700684,-0.03606140613555908
2024-11-07,0.011157214641571045,0.024989008903503418,-0.08486306667327881,0.024128615856170654,-0.010719120502471924,0.0186883807182312,0.0090712308883667,0.004464983940124512,0.01997929811477661,0.008756875991821289,0.02593177556991577,-0.004278004169464111,0.01738607883453369,0.03385579586029053,-0.03338301181793213
2024-11-08,0.002427220344543457,0.013821840286254883,0.0036259889602661133,0.03519916534423828,-0.0026595592498779297,-0.0066680908203125,-0.01763361692428589,0.020631074905395508,-0.01034390926361084,0.012314260005950928,-0.001112818717956543,-0.04174774885177612,0.022371292114257812,-0.0,0.02973771095275879
2024-11-11,-0.0026303529739379883,0.008698105812072754,0.0075331926345825195,0.02687317132949829,-0.0002962946891784668,0.01746290922164917,-0.007391214370727539,0.022843599319458008,0.013965487480163574,0.013009905815124512,0.026036739349365234,-0.019626080989837646,0.017335832118988037,0.0036772489547729492,0.012453258037567139
2024-11-12,-0.0006558895111083984,0.011580824851989746,-0.005645751953125,0.014447629451751709,-0.010669827461242676,0.0222165584564209,-0.009857475757598877,0.021888911724090576,-0.0003527402877807617,0.03501307964324951,0.029059290885925293,-0.014841675758361816,0.00585705041885376,0.025184571743011475,0.04057496786117554
2024-11-13,0.017958879470825195,0.018581092357635498,-0.03844094276428223,0.02876228094100952,-0.029958069324493408,0.022251248359680176,-0.008594751358032227,0.03196161985397339,-0.05068773031234741,0.006972074508666992,0.027532875537872314,-0.021721959114074707,0.03463941812515259,0.02249443531036377,0.06006544828414917
2024-11-14,0.018554389476776123,-0.0035887956619262695,0.0011969804763793945,-0.003821134567260742,0.01986825466156006,-0.0033121109008789062,0.0035399198532104492,-0.02183663845062256,-0.018894970417022705,0.019773542881011963,-0.0008367300033569336,0.0013428926467895508,0.008529424667358398,0.0029619336128234863,0.017098963260650635
2024-11-18,-0.00037407875061035156,0.002846240997314453,0.03777801990509033,-0.006471157073974609,0.0020188093185424805,-0.011500954627990723,-0.00806272029876709,-0.010656476020812988,-5.40614128112793e-05,-0.017979741096496582,-0.09123003482818604,0.008315443992614746,-0.02336108684539795,-0.03244972229003906,0.003538191318511963
2024-11-19,0.002889096736907959,-0.000988006591796875,-0.01697254180908203,0.004538536071777344,-0.00846177339553833,0.0026845932006835938,-0.004281878471374512,0.024076640605926514,0.026509404182434082,0.0067490339279174805,-0.0015749931335449219,-0.011705219745635986,0.012392222881317139,0.008853495121002197,-0.016274571418762207
2024-11-21,0.017930209636688232,-0.22607296705245972,0.012578129768371582,0.00645899772644043,-0.010362684726715088,0.003325223922729492,-0.044679343700408936,-0.006702065467834473,-0.03557497262954712,0.016336500644683838,-0.032853126525878906,-0.007716476917266846,-0.005429983139038086,0.0017864704132080078,-0.0066967010498046875
2024-11-22,0.015446007251739502,0.020311713218688965,0.006249547004699707,-0.007265806198120117,0.004516959190368652,-0.03516387939453125,0.024719595909118652,-0.00889575481414795,-0.0019126534461975098,-0.014550209045410156,-0.03481185436248779,0.020255088806152344,-0.01831841468811035,-0.006040334701538086,-0.013159751892089844
2024-11-25,-0.027534008026123047,0.013240814208984375,0.011884689331054688,-0.058466196060180664,0.018906474113464355,0.024607360363006592,0.001191258430480957,0.0019341111183166504,-0.05727112293243408,-0.027234554290771484,0.021313846111297607,0.011167168617248535,-0.006235241889953613,0.003557920455932617,-0.0663003921508789
2024-11-26,-0.016949176788330078,-0.04738199710845947,0.009471893310546875,-0.002152085304260254,-0.008124351501464844,-0.010804533958435059,0.02431774139404297,-0.017725825309753418,0.00761258602142334,0.00028210878372192383,0.0056476593017578125,0.01525115966796875,-0.005555510520935059,-0.010265588760375977,-0.01124429702758789
2024-11-27,-0.0006747245788574219,0.11496961116790771,-0.007506370544433594,0.007337093353271484,0.011123418807983398,-0.005448341369628906,-0.0037025809288024902,0.0036402344703674316,-0.003235340118408203,-0.004513978958129883,0.014669239521026611,0.003712296485900879,-0.00042510032653808594,0.0057433247566223145,-0.004897713661193848
2024-11-28,0.010114610195159912,0.016389846801757812,-0.016412019729614258,0.009013891220092773,-0.01180124282836914,0.015172600746154785,0.01435542106628418,-0.008375048637390137,-0.007750391960144043,-0.0,-0.011113882064819336,0.00017201900482177734,0.007929861545562744,-0.013552546501159668,-0.014226436614990234
2024-11-29,-0.03297007083892822,0.010708093643188477,0.009150385856628418,-0.004184126853942871,0.021354198455810547,-0.012419462203979492,-0.018390774726867676,-0.010535120964050293,-0.07308757305145264,-0.010251402854919434,0.02764338254928589,0.00713801383972168,-0.008064508438110352,-0.003726363182067871,-0.0061691999435424805
2024-12-02,0.0062978267669677734,-0.002470672130584717,0.009753108024597168,-0.0027173757553100586,-0.0034680962562561035,-0.024637699127197266,0.012514591217041016,-0.013348698616027832,-0.010341525077819824,-0.007367253303527832,-0.004808545112609863,0.016821861267089844,-0.012884974479675293,-0.015505552291870117,-0.015231728553771973
2024-12-03,-0.03314864635467529,0.023256778717041016,0.007470607757568359,-0.02872633934020996,0.008551239967346191,-0.00909268856048584,0.035128235816955566,-0.007892847061157227,-0.006712675094604492,-0.016834616661071777,-0.014650344848632812,0.03115546703338623,-0.0009086132049560547,-0.01677417755126953,0.0021615028381347656
2024-12-04,-0.01525568962097168,-0.00775378942489624,-0.006741046905517578,0.004390597343444824,-0.0003943443298339844,0.003954768180847168,0.025068044662475586,-0.010477423667907715,-0.01139688491821289,0.006785154342651367,0.00690913200378418,-0.005049288272857666,0.004678785800933838,-0.00021147727966308594,-0.011850118637084961
2024-12-05,0.007718861103057861,0.011163473129272461,0.011763811111450195,-0.0047626495361328125,-0.01252591609954834,-0.004372596740722656,-0.007016360759735107,0.0011223554611206055,0.008556604385375977,-0.004645347595214844,-0.014789223670959473,0.002455592155456543,-0.008349180221557617,-0.00866997241973877,0.012844681739807129
2024-12-06,-0.004814028739929199,-0.006419777870178223,-0.0010433793067932129,-0.010533690452575684,0.01877748966217041,-0.00460362434387207,0.017493367195129395,-0.015677690505981445,0.00886613130569458,-0.01482391357421875,0.00213468074798584,0.011594653129577637,-0.008280038833618164,-0.061215996742248535,-0.007398843765258789
2024-12-09,-0.025826454162597656,-0.004197657108306885,0.0011191368103027344,-0.016330838203430176,-0.006862759590148926,-0.008069396018981934,0.0073490142822265625,-0.019070744514465332,-0.044918060302734375,-0.012060999870300293,-0.009297728538513184,0.018080592155456543,-0.01069629192352295,0.008692264556884766,-0.019627690315246582
2024-12-10,-0.004206418991088867,-0.011489033699035645,-0.0029810667037963867,0.0022221803665161133,-0.01589334011077881,-0.00103759765625,-0.0005353689193725586,-0.03634202480316162,-0.024863481521606445,-0.010063529014587402,0.00142669677734375,0.005391240119934082,-0.0029358863830566406,-0.006576418876647949,0.010556399822235107
2024-12-11,0.015461385250091553,-0.004013478755950928,0.0023919343948364258,0.006167590618133545,0.021466493606567383,0.012587010860443115,0.0006026029586791992,0.007681906223297119,0.00670933723449707,0.01153641939163208,0.002694070339202881,0.0011039972305297852,-0.0019061565399169922,-0.028113245964050293,-0.007844805717468262
2024-12-12,-0.0052242279052734375,0.019057154655456543,-0.0026845335960388184,-0.0037925243377685547,-0.01492685079574585,-0.005598902702331543,0.007428765296936035,-0.005630135536193848,0.01749056577682495,0.001458883285522461,-0.07514733076095581,0.01819610595703125,-0.0011551380157470703,-0.014827728271484375,0.0069119930267333984
2024-12-13,0.006068527698516846,0.009350419044494629,-0.009869933128356934,-0.002747774124145508,-0.0023925304412841797,0.005915701389312744,0.010164022445678711,0.0014996528625488281,-0.015889763832092285,-0.029220402240753174,-0.018720149993896484,-0.034813523292541504,0.012080907821655273,0.004743814468383789,0.011035919189453125
2024-12-16,-0.00247347354888916,-0.00599902868270874,-0.012988924980163574,0.004452884197235107,-0.004197061061859131,0.009501397609710693,-0.01328420639038086,-0.022678375244140625,-0.029668807983398438,-0.0046517252922058105,-0.028908967971801758,-0.00921773910522461,0.007831811904907227,0.011630058288574219,-0.017372608184814453
2024-12-17,0.005372107028961182,-0.00985342264175415,-0.021499574184417725,0.021159470081329346,-0.015253424644470215,0.02372896671295166,-0.008930981159210205,-0.02520233392715454,-0.004352569580078125,-0.022130608558654785,0.030559062957763672,-0.020224928855895996,0.014263927936553955,0.020061790943145752,0.012962698936462402
2024-12-18,0.008792579174041748,-0.012149155139923096,-0.01008683443069458,0.012477993965148926,-0.010801970958709717,0.02068573236465454,-0.00605243444442749,-0.021071970462799072,-0.021321773529052734,-0.06100642681121826,0.0010815858840942383,-0.010734081268310547,0.008359134197235107,0.01279526948928833,0.005051136016845703
2024-12-19,-0.003104686737060547,-0.01548856496810913,-0.0057662129402160645,0.004627227783203125,-0.012362241744995117,0.02207314968109131,0.00027060508728027344,-0.009716033935546875,0.03135734796524048,0.002095818519592285,-0.026469826698303223,-0.00751185417175293,0.00828784704208374,0.00897306203842163,0.012945830821990967
2024-12-20,0.015254437923431396,-0.030739784240722656,-0.010645806789398193,0.029143571853637695,-0.02200901508331299,0.009287774562835693,-0.026244640350341797,-0.015557289123535156,0.005607187747955322,-0.004481673240661621,-0.024969935417175293,-0.02363133430480957,0.018071413040161133,0.030583500862121582,0.0017359256744384766
2024-12-23,0.01128929853439331,-0.002551138401031494,0.01846945285797119,0.0016574859619140625,-0.010452210903167725,-0.02147495746612549,0.01139211654663086,0.036066293716430664,-0.024405241012573242,0.0043517351150512695,0.009911775588989258,-0.04384160041809082,-0.007346987724304199,0.00830221176147461,0.009660601615905762
2024-12-24,0.016316354274749756,0.014332294464111328,-0.010565340518951416,-0.035417795181274414,-0.0010778307914733887,0.01622110605239868,0.0028159618377685547,0.002019524574279785,-0.022748827934265137,-0.007619917392730713,-0.01892465353012085,0.017575740814208984,0.009387671947479248,0.02344071865081787,-0.030370116233825684
2024-12-26,0.012563943862915039,0.011695146560668945,0.002071857452392578,-0.06217700242996216,-0.02190333604812622,0.008027315139770508,0.0052051544189453125,-0.0014321208000183105,0.01837444305419922,0.009485125541687012,0.017279386520385742,0.012346744537353516,0.00014573335647583008,0.0036433935165405273,-0.007700085639953613
2024-12-27,-0.011855483055114746,0.0040395259857177734,-0.018051624298095703,-0.025455951690673828,0.0031991004943847656,0.0012575984001159668,0.0029298067092895508,-0.018908977508544922,-0.012421846389770508,-0.030276000499725342,-0.015997707843780518,0.017518460750579834,0.010352849960327148,0.02043449878692627,-0.014906764030456543
2024-12-30,-0.004554629325866699,-0.07567203044891357,-0.026401102542877197,-0.036452293395996094,-0.049043357372283936,0.015712201595306396,-0.0667119026184082,-0.005684614181518555,-0.02821969985961914,-0.03521990776062012,-0.0184096097946167,0.03289186954498291,0.014586806297302246,0.02525252103805542,0.006479859352111816
2024-12-31,-0.030489206314086914,0.02455037832260132,0.0022459030151367188,0.0032368898391723633,0.026826977729797363,-0.00283658504486084,0.017906546592712402,0.013503193855285645,-0.013743162155151367,-0.014187753200531006,0.00974273681640625,-0.012530207633972168,-0.008522748947143555,-0.010813236236572266,-0.010994434356689453
2025-01-01,-0.010967612266540527,-0.010360956192016602,-0.01576894521713257,-0.0022585391998291016,0.0001125335693359375,-0.004381656646728516,-0.003361046314239502,0.007951021194458008,-0.025287151336669922,0.0008084774017333984,0.0114821195602417,0.001767873764038086,0.009488523006439209,-0.0,0.0013516545295715332
2025-01-02,-0.0011037588119506836,-0.016754865646362305,0.010203242301940918,0.009499192237854004,0.01902937889099121,-0.007786154747009277,-0.017866015434265137,0.00383758544921875,-0.06155979633331299,0.026013851165771484,0.011304020881652832,-0.010094761848449707,-0.010552287101745605,-0.01181185245513916,-0.00959765911102295
2025-01-03,-0.018617749214172363,0.012746155261993408,-0.013105154037475586,0.001961946487426758,0.036795616149902344,-0.002794504165649414,-0.00993579626083374,0.017149806022644043,-0.07495808601379395,-0.0004724264144897461,-0.03952270746231079,-0.0008766651153564453,-0.0013331174850463867,-0.018942713737487793,0.007495462894439697
2025-01-06,0.015463113784790039,0.03515267372131348,-0.028842151165008545,-0.058306336402893066,-0.04763936996459961,0.015463590621948242,-0.019849419593811035,-0.019314110279083252,0.039479613304138184,-0.040806710720062256,-0.038055479526519775,0.03284573554992676,-0.04467129707336426,0.03458714485168457,-0.04930305480957031
2025-01-07,-0.0008795261383056641,-0.018633604049682617,0.01811540126800537,0.010566949844360352,0.003916740417480469,-0.012099027633666992,0.007302522659301758,0.0022356510162353516,-0.02640235424041748,0.016425728797912598,0.028943419456481934,-0.00950920581817627,0.009057760238647461,-0.013210892677307129,0.029708027839660645
2025-01-08,-0.03424036502838135,0.002087116241455078,0.003678441047668457,0.006718993186950684,-0.010589659214019775,0.010418951511383057,-0.0352017879486084,0.001168370246887207,-0.004504203796386719,0.00048482418060302734,-0.007243156433105469,0.015340447425842285,-0.005524039268493652,0.0039778947830200195,-0.009282529354095459
2025-01-09,0.007929325103759766,0.014845192432403564,0.0044318437576293945,-0.016476869583129883,-0.013744890689849854,0.012578964233398438,-0.020605742931365967,-0.011670470237731934,-0.005920290946960449,-0.01873689889907837,-0.02498626708984375,0.013666152954101562,-0.02044433355331421,0.016862690448760986,-0.019561946392059326
2025-01-10,-0.0194094181060791,0.0417933464050293,-0.025116682052612305,-0.010475873947143555,-0.009938299655914307,-0.010269880294799805,-0.010440587997436523,-0.014867663383483887,-0.009681344032287598,-0.026666641235351562,0.01496589183807373,0.02059859037399292,-0.01921713352203369,0.0153464674949646,-0.02434295415878296
2025-01-13,-0.06352335214614868,0.06281763315200806,-0.018626511096954346,-0.05983453989028931,-0.03219109773635864,0.018164634704589844,-0.0306130051612854,-0.044676899909973145,-0.053978562355041504,-0.04819893836975098,-0.052668750286102295,-0.056021928787231445,-0.03533285856246948,0.04263114929199219,-0.046988725662231445
2025-01-14,0.030054092407226562,-0.0698094367980957,-0.04815971851348877,0.030681490898132324,0.039699554443359375,-0.02523338794708252,0.03141486644744873,-0.03786933422088623,0.03441739082336426,-0.055970191955566406,0.04125797748565674,-0.05784797668457031,-0.03254806995391846,-0.040699124336242676,0.01548612117767334
2025-01-15,0.03163135051727295,-0.003206491470336914,-0.0010999441146850586,-0.023266077041625977,0.013759851455688477,0.0022073984146118164,-0.01662808656692505,-0.0003846883773803711,0.00997459888458252,0.002187490463256836,-0.02155214548110962,0.006327927112579346,0.0031441450119018555,-0.010812044143676758,0.04000544548034668
2025-01-16,0.02345871925354004,-0.016628503799438477,-0.01867973804473877,0.04745948314666748,0.03020024299621582,-0.003041863441467285,0.016827940940856934,-0.008349299430847168,0.0012214183807373047,-0.03895449638366699,0.017527341842651367,-0.02195608615875244,-0.010109186172485352,-0.03368234634399414,0.008285045623779297
2025-01-17,0.01378488540649414,0.011555790901184082,-0.023896455764770508,-0.07086038589477539,0.003184080123901367,-0.0019849538803100586,0.014310717582702637,-0.007408618927001953,-0.0076332688331604,-0.014445662498474121,0.034810781478881836,-0.012090802192687988,-0.019295454025268555,-0.00924694538116455,0.016890645027160645
2025-01-20,0.01267397403717041,-0.01792311668395996,-0.0018639564514160156,-0.014332413673400879,0.018934011459350586,-0.011666297912597656,-0.010719597339630127,-0.009895563125610352,-0.019282817840576172,-0.007359981536865234,0.024347782135009766,-0.009649038314819336,-0.010604143142700195,-0.015270471572875977,0.02411341667175293
2025-01-21,-0.003679215908050537,0.023983478546142578,0.0051767826080322266,0.029891788959503174,-0.009667038917541504,-0.008322358131408691,0.008764266967773438,0.01595628261566162,0.012928962707519531,0.012229979038238525,-0.021925747394561768,-9.09566879272461e-05,0.014923095703125,0.015470504760742188,-0.007264077663421631
2025-01-22,-0.015559852123260498,0.003244638442993164,0.0024392008781433105,0.006851851940155029,0.018112778663635254,0.008037924766540527,0.0005528926849365234,0.024050533771514893,-0.0252801775932312,0.009165465831756592,-0.012101411819458008,0.025300323963165283,0.0059964656829833984,0.005237936973571777,-0.016274571418762207
2025-01-23,0.014940142631530762,-0.0035589933395385742,0.008476674556732178,-0.016483545303344727,0.010120391845703125,-0.011420488357543945,0.010025262832641602,0.0042372941970825195,0.009286046028137207,-0.03651416301727295,0.011596918106079102,-0.01904761791229248,-0.01127159595489502,0.010969698429107666,0.0296248197555542
2025-01-24,-0.013551473617553711,0.029279470443725586,0.0022194385528564453,0.016256868839263916,-0.015924930572509766,-0.002742171287536621,-0.008831620216369629,0.011422157287597656,-0.011500835418701172,0.019257843494415283,-0.012655079364776611,0.008887708187103271,0.004866600036621094,0.00998222827911377,-0.017188727855682373
2025-01-27,-0.029108524322509766,0.023969709873199463,0.03295433521270752,0.04478412866592407,-0.03365123271942139,0.014049053192138672,-0.01813596487045288,-0.04548025131225586,-0.05864596366882324,0.03512132167816162,-0.028248250484466553,0.04381990432739258,0.025950491428375244,0.0410037636756897,-0.06133955717086792
2025-01-28,-0.017909526824951172,-0.011685848236083984,0.022235572338104248,0.014618754386901855,-0.03914827108383179,0.003480672836303711,-0.012447774410247803,-0.0018395185470581055,-0.048549771308898926,0.0084381103515625,-0.0401386022567749,0.005704402923583984,-0.017815232276916504,-0.0032709836959838867,-0.030986309051513672
2025-01-29,0.022266149520874023,-0.014212846755981445,-0.01786184310913086,-0.002589583396911621,0.011772751808166504,-0.02341318130493164,-0.037163615226745605,0.009392499923706055,0.02131199836730957,-0.02920079231262207,0.022471308708190918,-0.014780282974243164,-0.01694643497467041,-0.01234281063079834,0.03518187999725342
2025-01-30,-0.03025716543197632,0.028427839279174805,-0.006420135498046875,-0.006698131561279297,0.006958723068237305,-0.014131784439086914,-0.017484664916992188,-0.010541856288909912,-0.007432699203491211,0.010700404644012451,-0.0033730268478393555,-0.0104445219039917,-0.0024253129959106445,-0.0043708086013793945,-0.028534889221191406
2025-01-31,0.02279961109161377,-0.01561427116394043,-0.010972261428833008,-0.039269447326660156,0.01993882656097412,0.00615239143371582,-0.006858348846435547,-0.057734668254852295,-0.007608532905578613,-0.016224145889282227,0.04711782932281494,-0.018776655197143555,-0.026691675186157227,-0.020613789558410645,0.028056859970092773
2025-02-01,-0.002219259738922119,0.007799863815307617,0.013208746910095215,-0.005816340446472168,-0.009219110012054443,0.011375665664672852,0.04461956024169922,-0.019202828407287598,-0.008998513221740723,0.026124775409698486,-0.02146357297897339,0.008377552032470703,0.012238681316375732,0.003366231918334961,-0.009231746196746826
2025-02-03,-0.042424559593200684,0.0035897493362426758,0.021144211292266846,0.03274118900299072,-0.030156970024108887,0.0003210902214050293,0.04670357704162598,0.04038131237030029,-0.057290613651275635,0.0324556827545166,-0.04226869344711304,0.03998875617980957,0.008619308471679688,0.041432082653045654,-0.026729285717010498
2025-02-04,-0.0032587051391601562,-0.017557501792907715,-0.017245888710021973,-0.02567744255065918,0.010056614875793457,-0.011028409004211426,-0.04630255699157715,-0.00755232572555542,0.0325242280960083,-0.02738320827484131,0.033518314361572266,-0.04312121868133545,-0.012109875679016113,-0.0380549430847168,0.0067784786224365234
2025-02-05,-0.006538689136505127,-0.010038971900939941,-0.02851259708404541,-0.02583134174346924,-0.06992447376251221,-0.005983591079711914,-0.019516587257385254,0.02151942253112793,-0.008952081203460693,-0.017824411392211914,0.01918768882751465,-0.020247459411621094,-0.007363080978393555,-0.015388131141662598,0.01672804355621338
2025-02-06,-0.005321383476257324,0.005235850811004639,0.008574724197387695,0.01614689826965332,0.052519023418426514,0.0015791058540344238,-0.0023633241653442383,-0.011601626873016357,0.016419649124145508,0.00016361474990844727,-0.013812839984893799,0.007901430130004883,0.013857126235961914,0.0015600919723510742,0.021709442138671875
2025-02-07,0.005103468894958496,-0.011374235153198242,-0.020068883895874023,-0.014375925064086914,0.005757451057434082,-0.034110069274902344,-0.009273767471313477,0.04349172115325928,0.015656113624572754,-0.02357172966003418,0.01831197738647461,-0.02167069911956787,-0.04354536533355713,-0.02723217010498047,-0.07142853736877441
2025-02-10,-0.014882504940032959,0.0205080509185791,0.0187685489654541,0.030146658420562744,0.010673344135284424,0.022023916244506836,0.013782858848571777,-0.0046770572662353516,-0.038966357707977295,0.038061678409576416,-0.047070860862731934,0.04659169912338257,0.030852317810058594,0.04389399290084839,0.030682861804962158
2025-02-11,-0.020403802394866943,-0.013508081436157227,0.0002517104148864746,0.027705013751983643,0.04315388202667236,0.004848062992095947,0.039163053035736084,-0.007256686687469482,-0.031739234924316406,0.04089778661727905,-0.04052174091339111,0.04905879497528076,0.029391586780548096,0.03295457363128662,-0.0016084909439086914
2025-02-12,-0.027541935443878174,-0.013639092445373535,-0.005118846893310547,0.024281084537506104,-0.008396267890930176,-0.0019905567169189453,0.008710622787475586,-0.00617140531539917,0.03792071342468262,-0.02305424213409424,0.03476715087890625,-0.057288527488708496,-0.016753196716308594,-0.0009400844573974609,0.0010920166969299316
2025-02-13,0.025560617446899414,-0.04619568586349487,-0.006011009216308594,-0.00560915470123291,0.020340263843536377,-0.014010787010192871,-0.009284496307373047,0.013444304466247559,0.00944066047668457,-0.00423586368560791,0.00936901569366455,-0.03385341167449951,-0.029937267303466797,-0.006339550018310547,-0.020191669464111328
2025-02-14,-0.05177551507949829,-0.04098886251449585,-0.006141066551208496,0.0504227876663208,-0.011534690856933594,0.00536191463470459,0.039260804653167725,-0.008566319942474365,-0.04672032594680786,0.019908905029296875,-0.031099975109100342,0.03311079740524292,0.012993812561035156,0.026364922523498535,0.07028049230575562
2025-02-17,0.023560047149658203,0.032966017723083496,-0.00767064094543457,-0.0038694143295288086,0.002400696277618408,-0.009278416633605957,-0.009318709373474121,0.005220293998718262,-0.005939304828643799,-0.01032876968383789,-0.004900097846984863,0.003594696521759033,0.0013698339462280273,-0.004313468933105469,0.003728806972503662
2025-02-18,-0.006635427474975586,-0.001530766487121582,-0.0009822845458984375,0.008963048458099365,0.01564192771911621,-0.005392670631408691,0.012790083885192871,0.011102437973022461,0.007302522659301758,-0.008008241653442383,-0.006473362445831299,0.008924365043640137,-0.001828908920288086,-0.007396817207336426,0.03395712375640869
2025-02-19,0.042078614234924316,-0.017746806144714355,-0.024286508560180664,-0.022071242332458496,-0.010756731033325195,0.0014814138412475586,-0.03397679328918457,0.015526294708251953,0.029789090156555176,-0.029918909072875977,0.041822075843811035,-0.0205000638961792,-0.009127497673034668,-0.012790083885192871,-0.024091362953186035
2025-02-20,-0.0694962739944458,-0.0008513927459716797,-0.01995849609375,-0.0291595458984375,-0.02273547649383545,-0.0038881301879882812,-0.026802778244018555,0.022323012351989746,0.018090248107910156,-0.03348100185394287,0.032125234603881836,-0.031071066856384277,-0.016733288764953613,-0.023620247840881348,-0.057985901832580566
2025-02-21,-0.008533120155334473,-0.021065115928649902,-0.023090124130249023,0.008687138557434082,-0.008986592292785645,-0.0007643699645996094,-0.011152386665344238,0.0011941194534301758,0.0003771781921386719,-0.009051918983459473,0.04101717472076416,-0.026584148406982422,-0.019719839096069336,-0.010737895965576172,-0.012157917022705078
2025-02-24,0.011684060096740723,-0.008413851261138916,0.017825663089752197,0.016178369522094727,0.025782287120819092,0.015378355979919434,0.015505015850067139,-0.020559966564178467,-0.039294540882110596,0.024708867073059082,-0.05711156129837036,0.04035121202468872,0.022101104259490967,0.03503614664077759,0.016251325607299805
2025-02-25,0.0048580169677734375,0.0069735050201416016,-0.03497433662414551,0.006577730178833008,0.020209312438964844,0.008326411247253418,0.026790082454681396,-0.0063207149505615234,-0.01979684829711914,0.019041478633880615,-0.04611408710479736,0.01885223388671875,0.004163265228271484,0.03209179639816284,0.004440128803253174
2025-02-27,0.01799064874649048,-0.008910775184631348,0.020179152488708496,0.02211695909500122,-0.011049747467041016,-0.016949176788330078,0.004754841327667236,0.006069064140319824,-0.058676958084106445,-0.005922079086303711,-0.007909715175628662,0.0017895102500915527,-0.011795401573181152,0.01137465238571167,0.006493031978607178
2025-02-28,-0.00045180320739746094,-0.007085263729095459,0.003797769546508789,0.04866689443588257,0.05088043212890625,0.024923086166381836,0.019612789154052734,-0.006786525249481201,-0.034877121448516846,0.04153722524642944,-0.009812653064727783,0.009058356285095215,0.010772466659545898,0.024479806423187256,0.027066290378570557
2025-03-03,0.007574915885925293,0.010088562965393066,0.003468155860900879,-0.005337953567504883,0.008572101593017578,-0.02666449546813965,-0.017098426818847656,-0.002102494239807129,-0.03721475601196289,-0.009213447570800781,0.010078787803649902,-0.012759566307067871,-0.009994745254516602,-0.03663742542266846,0.05285656452178955
2025-03-04,0.001680612564086914,0.01310586929321289,0.008012056350708008,0.0052114129066467285,-0.020647883415222168,0.0019978880882263184,0.0008405447006225586,0.015157699584960938,-0.012714862823486328,0.012510597705841064,-0.001728057861328125,-0.012222647666931152,-0.0055387020111083984,0.0058097243309021,-0.015330672264099121
2025-03-05,-0.03433513641357422,-0.04708099365234375,0.024468064308166504,-0.0744786262512207,-0.039954423904418945,-0.029360532760620117,-0.032135963439941406,0.028075695037841797,-0.05893266201019287,-0.050847530364990234,0.057013630867004395,-0.04523491859436035,-0.04854583740234375,-0.05454099178314209,-0.0694277286529541
2025-03-06,0.007764756679534912,-0.003123164176940918,0.037423014640808105,-0.02782762050628662,-0.03610944747924805,-0.008377313613891602,-0.06267833709716797,0.02573871612548828,-0.07374966144561768,-0.022319912910461426,0.018490195274353027,0.004976451396942139,-0.02969801425933838,-0.03255605697631836,-0.03377985954284668
2025-03-07,0.0033489465713500977,0.0023809075355529785,0.013783931732177734,-0.0017452239990234375,-0.007627367973327637,-4.947185516357422e-05,-0.004141688346862793,-0.006177544593811035,-0.043584585189819336,-0.003665328025817871,0.012345075607299805,0.009466826915740967,-0.0074825286865234375,-0.005590319633483887,-0.015061616897583008
2025-03-10,0.016218066215515137,0.008536338806152344,-0.0031821131706237793,0.028501272201538086,0.006754398345947266,-0.0023241043090820312,0.021387100219726562,-0.004015624523162842,-0.0034297704696655273,0.01794224977493286,-0.03612238168716431,0.03281944990158081,0.0033758878707885742,0.018012046813964844,0.002640664577484131
2025-03-11,-0.010037660598754883,-0.009998559951782227,0.009214162826538086,-0.006575584411621094,-0.0022276639938354492,-0.0050814151763916016,-0.013659119606018066,-0.0004971027374267578,0.01055687665939331,0.011479377746582031,0.008452057838439941,-0.008017182350158691,0.0020323991775512695,-0.00951087474822998,-0.02931344509124756
2025-03-12,0.03178060054779053,0.003895699977874756,-0.008123695850372314,-0.002192854881286621,-0.0005849599838256836,0.008098959922790527,0.01886504888534546,-0.0019892454147338867,0.025536715984344482,0.00605165958404541,0.009646177291870117,0.01359468698501587,0.002986907958984375,-0.007626771926879883,-0.004899501800537109
2025-03-13,0.02149033546447754,0.009248137474060059,-0.018119871616363525,0.01631873846054077,-0.005495190620422363,0.009105324745178223,0.007534146308898926,-0.014783203601837158,-0.006775856018066406,0.015139102935791016,-0.01916050910949707,0.007219254970550537,-0.0038809776306152344,0.004452347755432129,0.01255488395690918
2025-03-17,-0.028117656707763672,-0.014257192611694336,0.005019545555114746,0.0009731650352478027,-0.012441873550415039,-0.0044945478439331055,-0.014708161354064941,0.008486032485961914,-0.0019165277481079102,-0.01737678050994873,-0.01511681079864502,-0.0023609399795532227,-0.006172060966491699,-0.008944511413574219,0.002407073974609375
2025-03-18,-0.015162229537963867,-0.02477109432220459,0.025119304656982422,-0.027737855911254883,-0.0024118423461914062,-0.012279987335205078,-0.00974130630493164,0.029256105422973633,-0.0641932487487793,-0.028740406036376953,0.019024014472961426,-0.026097655296325684,-0.018806815147399902,-0.029255270957946777,-0.0013611316680908203
2025-03-19,-0.04187607765197754,-0.004378676414489746,0.0010031461715698242,-0.005957484245300293,-0.04090285301208496,-0.015028715133666992,-0.01157677173614502,0.0016242265701293945,-0.04460322856903076,-0.03001272678375244,-0.01150888204574585,-0.039665818214416504,-0.02547311782836914,-0.0012919902801513672,-0.0006796121597290039
2025-03-20,-0.011722922325134277,-0.008897185325622559,0.010593414306640625,-0.039929986000061035,-0.004623055458068848,-0.01635456085205078,0.001983642578125,0.0012973546981811523,-0.005962729454040527,-0.00015497207641601562,0.02248096466064453,-0.006446957588195801,-0.002774357795715332,-0.021935462951660156,-0.07693254947662354
2025-03-21,-0.0008276700973510742,-0.010053396224975586,-0.01501530408859253,0.008110761642456055,0.021803438663482666,-0.008045673370361328,0.04334527254104614,-0.012848198413848877,-0.04395735263824463,-0.015341639518737793,-0.026499450206756592,-0.011758565902709961,0.011066794395446777,0.007154941558837891,-0.008370637893676758
2025-03-24,-0.015910744667053223,-0.002488255500793457,0.008844494819641113,-0.03296947479248047,-0.01545703411102295,-0.002503037452697754,-0.05489856004714966,0.009242057800292969,0.00483936071395874,-0.02991461753845215,0.008193135261535645,-0.01682567596435547,-0.007221817970275879,-0.010597705841064453,0.012735962867736816
2025-03-25,0.01728963851928711,0.02042323350906372,-0.01147538423538208,0.036001503467559814,0.019523441791534424,-0.00032973289489746094,-0.005411267280578613,-0.015117883682250977,0.0203707218170166,0.01926499605178833,-0.034110307693481445,0.021664977073669434,0.010658204555511475,0.02223151922225952,0.044920504093170166
2025-03-26,0.0072893500328063965,0.00333404541015625,-0.003100454807281494,0.014982104301452637,0.005062460899353027,0.004944920539855957,0.01190173625946045,-0.009848177433013916,0.010162591934204102,0.006497442722320557,-0.007860064506530762,0.012292921543121338,0.0058762431144714355,-0.0051479339599609375,0.002773761749267578
2025-03-27,-0.022061944007873535,-0.021944642066955566,0.0029654502868652344,0.009134829044342041,-0.012890100479125977,-0.003123760223388672,-0.02217930555343628,0.018002986907958984,-0.01733541488647461,-0.011863112449645996,-0.0023990869522094727,-0.0052078962326049805,0.0024956464767456055,-0.01771235466003418,-0.0544201135635376
2025-03-28,0.00382077693939209,0.02012038230895996,-0.015720725059509277,0.011904239654541016,-0.031257033348083496,-0.003255486488342285,-0.0006014704704284668,-0.004093647003173828,0.0006986856460571289,-0.004960179328918457,-0.01834350824356079,-0.011415600776672363,0.007637619972229004,0.01887190341949463,0.0024085640907287598
2025-04-01,-0.002589702606201172,-0.00841832160949707,-0.027401268482208252,-0.0055255889892578125,0.017644524574279785,0.00653684139251709,-0.00868290662765503,-0.011838197708129883,0.008079230785369873,-0.012713074684143066,-0.001367330551147461,-0.014759421348571777,0.007231950759887695,0.013036966323852539,0.024833261966705322
2025-04-02,-0.021579861640930176,-0.014620184898376465,-0.0038418173789978027,-0.020449519157409668,-0.015537142753601074,0.0003313422203063965,0.0231550931930542,0.00892949104309082,-0.04146933555603027,-0.0063506364822387695,-0.006161153316497803,-0.0155714750289917,-0.010225176811218262,-0.0006496906280517578,-0.0013557672500610352
2025-04-03,-0.0023365020751953125,-0.017456769943237305,-0.012930989265441895,0.007901191711425781,0.0035806894302368164,0.011222600936889648,0.007967352867126465,-0.004782557487487793,0.00703120231628418,-0.0030819177627563477,-0.00889730453491211,0.0013478994369506836,0.00688016414642334,-0.03981822729110718,-0.010890722274780273
2025-04-04,0.029824018478393555,-0.03157627582550049,-0.08074772357940674,-0.09125286340713501,-0.07012957334518433,-0.03668409585952759,-0.07214927673339844,-0.060870587825775146,-0.06107759475708008,-0.07681053876876831,-0.08664429187774658,-0.050109684467315674,-0.0861310362815857,-0.08654499053955078,-0.058467209339141846
2025-04-07,-0.0521014928817749,-0.05222231149673462,-0.06358867883682251,-0.07955938577651978,-0.047312378883361816,-0.07501864433288574,-0.06353086233139038,-0.06946241855621338,-0.0979996919631958,-0.05721074342727661,-0.08249837160110474,-0.07078152894973755,-0.07770246267318726,-0.06834441423416138,-0.019421100616455078
2025-04-08,0.020555496215820312,0.033003926277160645,0.011658906936645508,0.024148941040039062,0.013030052185058594,0.026120543479919434,0.012968063354492188,0.013652682304382324,0.06854140758514404,0.004370450973510742,0.013338804244995117,0.0019115209579467773,0.00616455078125,0.005561470985412598,-0.030213236808776855
2025-04-09,0.0032662153244018555,-0.02138984203338623,-0.007653713226318359,0.01921689510345459,-0.027787864208221436,-0.009480416774749756,-0.02054077386856079,-0.018644332885742188,-0.03631943464279175,-0.004184126853942871,-0.021620512008666992,0.0013355016708374023,-0.023800134658813477,-0.01474851369857788,-0.023024380207061768
2025-04-11,0.02913045883178711,0.03781247138977051,-0.06436169147491455,0.01737666130065918,0.026085853576660156,-0.047274112701416016,-0.05745220184326172,0.023827672004699707,0.0397723913192749,0.026050448417663574,-0.0016033053398132324,0.03210437297821045,0.04908275604248047,0.025928854942321777,0.009919404983520508
2025-04-15,0.03127169609069824,0.04167771339416504,-0.028818845748901367,0.05028808116912842,0.05558931827545166,-0.017924785614013672,-0.029056310653686523,0.049028754234313965,0.034284114837646484,0.035544633865356445,-0.05725455284118652,0.04532027244567871,0.022396087646484375,0.041167378425598145,0.02425849437713623
2025-04-16,0.0021088123321533203,-0.0010663866996765137,0.012467563152313232,0.0,0.009449243545532227,-0.0013889074325561523,-0.0016134977340698242,0.010767340660095215,0.036902427673339844,0.009174227714538574,0.0013208389282226562,0.01810157299041748,0.004126071929931641,0.007257223129272461,0.026129484176635742
2025-04-17,0.01358330249786377,0.0010248422622680664,0.0006558895111083984,0.003433704376220703,0.0038813352584838867,0.0021795034408569336,-0.004922151565551758,0.03213346004486084,0.0016353130340576172,0.002037644386291504,-0.011043548583984375,-0.01162189245223999,0.0011953115463256836,0.0034782886505126953,-0.02264171838760376
2025-04-21,0.006354570388793945,0.010194897651672363,-0.020508646965026855,0.047431230545043945,0.028997063636779785,-0.02660834789276123,-0.014070630073547363,0.028014063835144043,0.002565741539001465,0.029720067977905273,-0.05572640895843506,0.01781320571899414,0.014924287796020508,0.02971029281616211,0.009754180908203125
2025-04-22,0.01381683349609375,0.0011401176452636719,0.003054678440093994,0.01860344409942627,-0.014808297157287598,-0.009864568710327148,-0.02063751220703125,0.009212255477905273,0.023419857025146484,0.0019747018814086914,0.016232013702392578,-8.618831634521484e-05,-0.00735241174697876,0.0026448965072631836,-0.01163017749786377
2025-04-23,0.0013567209243774414,0.003289937973022461,-0.014513731002807617,0.0036972761154174805,0.007403254508972168,0.004788339138031006,0.009808897972106934,0.004700779914855957,-0.001515507698059082,0.00212252140045166,-0.020656347274780273,0.006725311279296875,0.021702170372009277,0.012470006942749023,-0.011188209056854248
2025-04-24,0.0037566423416137695,-0.00449824333190918,0.0011921525001525879,-0.005059540271759033,0.022937297821044922,-0.005100131034851074,0.0059958696365356445,-0.01202327013015747,0.006906032562255859,-0.0013614892959594727,0.00024688243865966797,0.010877013206481934,0.002537250518798828,0.004973888397216797,0.022174477577209473
2025-04-25,-0.007975935935974121,-0.0361064076423645,0.009946703910827637,-0.0477294921875,-0.031239807605743408,0.015414059162139893,0.021942436695098877,-0.0178413987159729,-0.03482067584991455,-0.045144736766815186,0.03412950038909912,-0.027281224727630615,-0.01880103349685669,-0.016497790813446045,-0.03708893060684204
2025-04-28,0.0008039474487304688,0.006571769714355469,-0.010528922080993652,0.02164137363433838,0.016853928565979004,-0.02528202533721924,-0.0005363225936889648,0.017604827880859375,-0.03185999393463135,0.011740446090698242,-0.021533489227294922,0.01707172393798828,0.023141026496887207,0.0067098140716552734,0.02880549430847168
2025-04-29,-0.011123478412628174,-0.016539692878723145,0.009703397750854492,0.0011920928955078125,-0.015580058097839355,0.017830073833465576,-0.012238621711730957,-0.01327824592590332,-0.02952098846435547,-0.00203859806060791,0.01419895887374878,-0.01276010274887085,-0.003961682319641113,0.00047600269317626953,-0.010467469692230225
2025-04-30,0.012248516082763672,-0.012569129467010498,-0.003373265266418457,-0.02326434850692749,-0.014030754566192627,0.005600571632385254,-0.029211878776550293,0.00022339820861816406,0.0,-0.011942148208618164,0.00717008113861084,-0.013619005680084229,-0.010052084922790527,0.006899833679199219,-0.0038289427757263184
2025-05-02,-0.01296454668045044,-0.0030927062034606934,-0.011926651000976562,-0.000656425952911377,-0.023907124996185303,0.054962158203125,-0.008832097053527832,0.0023446083068847656,-0.008061766624450684,0.006997466087341309,-0.021090269088745117,-0.004309177398681641,0.007816553115844727,-0.009688079357147217,-0.004299640655517578
2025-05-05,0.012196660041809082,-0.07031750679016113,-0.002056717872619629,0.019939899444580078,-0.0010496973991394043,0.01818746328353882,0.003824889659881592,0.00679469108581543,0.030330896377563477,0.01073908805847168,-0.00682222843170166,0.013866782188415527,0.006378531455993652,0.010498642921447754,0.003991127014160156
2025-05-06,-0.0026571154594421387,0.04133415222167969,0.005288958549499512,-0.0462762713432312,-0.03455924987792969,-0.012558817863464355,-0.003924846649169922,-0.033578574657440186,-0.016752004623413086,-0.024062514305114746,0.03717517852783203,-0.028051257133483887,0.016637802124023438,-0.02030700445175171,-0.01140439510345459
2025-05-07,0.030359387397766113,0.000394284725189209,-0.009919881820678711,0.022765636444091797,0.022372722625732422,0.0014470815658569336,-0.011983633041381836,0.005838513374328613,0.013150334358215332,0.02145373821258545,-0.021952390670776367,0.01891195774078369,0.010768771171569824,0.012292146682739258,0.0025708675384521484
2025-05-08,0.0001804828643798828,0.028799355030059814,0.025302469730377197,-0.03518038988113403,-0.03158271312713623,0.013352632522583008,0.011925697326660156,-0.031242847442626953,-0.02261221408843994,-0.029623806476593018,0.026282548904418945,-0.039057016372680664,-0.015910863876342773,-0.021428585052490234,-0.015188336372375488
2025-05-09,-0.004569292068481445,0.01502978801727295,-0.01120603084564209,0.0035681724548339844,-0.0024428963661193848,-0.0039865970611572266,0.014704644680023193,0.004934430122375488,-0.018207669258117676,0.007753133773803711,-0.01764857769012451,-0.002105414867401123,-0.006196558475494385,0.0019464492797851562,-0.02924293279647827
2025-05-12,0.034487009048461914,-0.07744121551513672,-0.039543986320495605,-0.09614253044128418,-0.0651402473449707,-0.05036568641662598,-0.05245006084442139,-0.05775415897369385,-0.07443642616271973,-0.058983802795410156,-0.07721245288848877,-0.08467113971710205,-0.06192219257354736,-0.06896555423736572,-0.045804619789123535
2025-05-13,0.0071811676025390625,-0.006549477577209473,0.026382386684417725,0.014440596103668213,0.013909697532653809,0.015220820903778076,-0.024344205856323242,-0.0054711103439331055,-0.0031670331954956055,0.012713730335235596,0.023142993450164795,0.018944501876831055,0.01451033353805542,0.0013630390167236328,-0.008878111839294434
2025-05-14,0.01159358024597168,-0.008492827415466309,-0.02489161491394043,-0.045038580894470215,-0.023432135581970215,0.0006061792373657227,-0.045771002769470215,-0.03682529926300049,-0.05035519599914551,-0.042005181312561035,-0.04920029640197754,-0.0575861930847168,-0.03937816619873047,-0.01660597324371338,-0.008278489112854004
2025-05-15,0.017649412155151367,-0.023588061332702637,-0.0166013240814209,0.017342567443847656,-0.004100680351257324,-0.049530029296875,0.0065804123878479,-0.0266115665435791,0.01239854097366333,-0.0002942085266113281,-0.031185030937194824,-0.00016295909881591797,-0.01311182975769043,-0.0026851892471313477,-0.01700282096862793
2025-05-16,0.005349397659301758,-0.013875722885131836,0.005745828151702881,0.007814526557922363,-0.003516674041748047,0.015891432762145996,-0.021489620208740234,-0.013735413551330566,0.005858659744262695,-0.003088712692260742,0.007672488689422607,0.0017929673194885254,-0.001300811767578125,0.006025493144989014,0.005911827087402344
2025-05-19,0.011482000350952148,0.005611598491668701,-0.0012166500091552734,-0.0028318166732788086,-0.013339400291442871,0.0021530985832214355,0.004147171974182129,0.008710265159606934,-0.018597960472106934,0.00014656782150268555,-0.026750922203063965,0.003020942211151123,-0.00012981891632080078,-0.002020597457885742,-0.008760690689086914
2025-05-20,-0.006312668323516846,0.015346527099609375,-0.006683468818664551,0.0071038007736206055,0.02878183126449585,0.006767332553863525,0.02816683053970337,0.015877902507781982,0.0038319826126098633,0.013931751251220703,0.015720248222351074,-0.0033576488494873047,-0.007078886032104492,0.015012264251708984,0.016862094402313232
2025-05-21,0.011089444160461426,0.0004947781562805176,-0.0003771781921386719,-0.019730687141418457,-0.015506505966186523,0.011651992797851562,-0.00257110595703125,-0.011382699012756348,0.0036205053329467773,-0.012492656707763672,-0.014966130256652832,-0.019262194633483887,-0.018636703491210938,-0.00545954704284668,0.002514660358428955
2025-05-22,0.00832223892211914,0.005115389823913574,0.020286619663238525,0.01311713457107544,-0.0007917881011962891,-0.004695773124694824,0.006139278411865234,0.008828043937683105,-0.0063588619232177734,-0.014835357666015625,-0.017606616020202637,-0.006886601448059082,0.0022158026695251465,0.006108641624450684,0.00872659683227539
2025-05-23,0.00038254261016845703,-0.021064043045043945,-0.0008467435836791992,-0.05153226852416992,-0.010510802268981934,-0.0028839111328125,-0.016263961791992188,0.006823241710662842,-0.007371664047241211,-0.01823711395263672,0.006001651287078857,-0.001431584358215332,-0.010468840599060059,-0.011381745338439941,0.006129801273345947
2025-05-26,0.004425764083862305,-0.00304567813873291,-0.01745891571044922,-0.02402055263519287,-0.008723855018615723,-0.02359950542449951,-0.012310504913330078,-0.0014684200286865234,-0.007317781448364258,-0.010376691818237305,0.0016318559646606445,-0.014850735664367676,0.0028255581855773926,-0.012379050254821777,-0.01889646053314209
2025-05-27,0.0028287172317504883,0.0029149651527404785,0.003023684024810791,-0.005003094673156738,-0.001219630241394043,0.018018066883087158,0.015201032161712646,0.007645547389984131,-0.006300926208496094,0.0068936944007873535,0.008662939071655273,-0.006182074546813965,0.0052263736724853516,-0.005558013916015625,-0.009079813957214355
2025-05-28,-0.004448056221008301,0.009948015213012695,0.014405965805053711,-0.013914346694946289,-0.0024362802505493164,0.01252835988998413,0.0012348294258117676,0.0024802088737487793,0.001031339168548584,0.02578270435333252,-0.007254838943481445,-0.0029554367065429688,0.002595186233520508,0.002653062343597412,-0.03848123550415039
2025-05-29,-0.004522442817687988,-0.010253071784973145,-7.68899917602539e-05,-0.011429548263549805,-0.02684485912322998,-0.0051947832107543945,-0.034232378005981445,-0.02772045135498047,-0.042327284812927246,-0.020212411880493164,-0.0019097328186035156,-0.007754325866699219,-0.011613845825195312,-0.010862350463867188,-0.09998154640197754
2025-05-30,-0.008374392986297607,0.008240997791290283,0.025384604930877686,0.015160024166107178,0.014093577861785889,0.012621760368347168,0.03653615713119507,0.023112118244171143,0.014432251453399658,0.015535950660705566,0.01780843734741211,0.006001949310302734,0.012860655784606934,0.03574556112289429,-0.045307278633117676
2025-06-02,-0.0015454888343811035,0.00045031309127807617,0.0037885308265686035,-0.019878029823303223,0.011021435260772705,0.014796197414398193,0.0026366710662841797,0.005532741546630859,0.02842581272125244,0.005646407604217529,-0.0023287534713745117,-0.011689186096191406,0.012265682220458984,0.007050275802612305,0.0017101764678955078
2025-06-03,0.0037038326263427734,0.019001543521881104,-0.001426100730895996,0.01600438356399536,-0.03442573547363281,0.005108296871185303,-0.03242361545562744,-0.0029141902923583984,-0.06545984745025635,0.001164853572845459,-0.007357478141784668,0.003672778606414795,0.010680735111236572,-0.003664731979370117,0.014294147491455078
2025-06-04,-0.04340159893035889,-0.00747227668762207,-0.006091713905334473,-0.019042611122131348,0.001600027084350586,0.005391240119934082,0.011974692344665527,-0.0056002140045166016,-0.040149807929992676,0.004810512065887451,-0.0034047365188598633,-0.012441396713256836,-0.005333065986633301,-0.006618022918701172,0.009939134120941162
2025-06-05,-0.010821342468261719,-0.006049633026123047,-0.0022017955780029297,-0.0023308992385864258,-0.05042731761932373,-0.00020647048950195312,-0.026755094528198242,0.0019439458847045898,-0.018399953842163086,-0.006445050239562988,0.0017513632774353027,-0.009709477424621582,0.0013585686683654785,-0.005214214324951172,-0.055845022201538086
2025-06-06,-0.0031332969665527344,-0.011902809143066406,-0.020243287086486816,-0.009341239929199219,-0.021663904190063477,-0.037316203117370605,-0.03147733211517334,-0.013581156730651855,0.04497247934341431,-0.023868441581726074,-0.033278584480285645,-0.014499187469482422,-0.020211219787597656,-0.020297646522521973,-0.004104495048522949
2025-06-09,0.019730329513549805,-0.01888561248779297,-0.0009996891021728516,-0.010895013809204102,-0.04529619216918945,-0.003084897994995117,-0.03116452693939209,-0.012256503105163574,-0.022962450981140137,-0.02089548110961914,0.00652623176574707,0.008960247039794922,0.0010794401168823242,-0.021883249282836914,0.011435329914093018
2025-06-10,-0.004832744598388672,-0.01202404499053955,-0.011601090431213379,-0.01842629909515381,-0.01723802089691162,0.004861116409301758,-0.01361072063446045,0.000872194766998291,-0.010385990142822266,-0.00445556640625,-0.023819684982299805,0.006725013256072998,0.01042473316192627,-0.008003473281860352,-0.011148929595947266
2025-06-11,0.002589702606201172,0.012236535549163818,0.004784643650054932,0.015589475631713867,0.02527850866317749,-0.003987669944763184,0.007574737071990967,0.01915377378463745,0.00033158063888549805,0.005128979682922363,0.008815884590148926,-0.001654982566833496,-0.004689216613769531,-0.016738176345825195,0.011491894721984863
2025-06-12,-0.027077138423919678,0.014505982398986816,0.0063340067863464355,0.01841789484024048,0.006339430809020996,0.01136922836303711,-0.0043714046478271484,0.016700685024261475,0.007496356964111328,0.020760715007781982,0.015525460243225098,-0.023882806301116943,-0.022504985332489014,0.018784284591674805,0.0317344069480896
2025-06-13,0.005391836166381836,0.014070868492126465,0.014207839965820312,0.004082381725311279,0.00579988956451416,0.008436739444732666,0.01616579294204712,0.019539952278137207,0.0061492919921875,0.028315305709838867,0.007377326488494873,-0.0047702789306640625,-0.004970848560333252,0.005162358283996582,0.020551621913909912
2025-06-16,0.003737807273864746,-0.014394998550415039,-0.012153267860412598,-0.03567063808441162,0.002527952194213867,-0.016763687133789062,0.014184355735778809,-0.002009153366088867,-0.02118504047393799,-0.002050042152404785,-0.012656211853027344,-0.0033243894577026367,0.01340949535369873,-0.012540459632873535,-0.010215401649475098
2025-06-17,-0.01052403450012207,0.02181309461593628,0.0121612548828125,-0.03824782371520996,-0.051856935024261475,0.004134237766265869,0.021084129810333252,-0.03425097465515137,-0.004083156585693359,0.026596546173095703,0.015210330486297607,-0.015591025352478027,-0.010183513164520264,0.010463356971740723,0.001257181167602539
2025-06-18,-0.01887202262878418,0.011812984943389893,-0.0056879520416259766,0.004827618598937988,-0.06898325681686401,0.013304710388183594,0.023430168628692627,0.0032547712326049805,0.014102041721343994,0.0019516348838806152,-0.0055084228515625,0.0009455680847167969,-0.0032110214233398438,0.005394935607910156,-0.00038313865661621094
2025-06-19,-0.014954447746276855,0.01568734645843506,0.00619816780090332,-0.03508836030960083,-0.03390014171600342,-0.00983428955078125,0.020564794540405273,-0.007215559482574463,0.023617863655090332,0.021359920501708984,0.02287989854812622,-0.014799654483795166,-0.007297337055206299,-0.03731822967529297,0.029651522636413574
2025-06-20,-0.0011851787567138672,-0.011505484580993652,-0.012161970138549805,0.014896750450134277,0.002628803253173828,-0.009537696838378906,-0.019703269004821777,0.013071179389953613,-0.00020444393157958984,-0.013526082038879395,-0.011323094367980957,0.018617630004882812,0.006423830986022949,0.01735401153564453,-0.03185427188873291
2025-06-23,0.012600302696228027,-0.009647488594055176,-0.018870830535888672,0.011420726776123047,0.004445910453796387,0.008502781391143799,-0.02506709098815918,0.012958168983459473,-0.023366689682006836,-0.0007581710815429688,-0.023316502571105957,-0.00690305233001709,0.0030268430709838867,0.0062029361724853516,0.0317997932434082
2025-06-24,0.0006138086318969727,-0.013560891151428223,-0.01209557056427002,0.023259520530700684,0.005334258079528809,-0.010030031204223633,0.013609886169433594,0.0148237943649292,-0.016109704971313477,-0.021669983863830566,-0.007807493209838867,-0.03270149230957031,0.015482544898986816,-0.009026885032653809,-0.030135512351989746
2025-06-25,0.001505732536315918,-0.008645176887512207,-0.004855036735534668,0.007227301597595215,-0.0018062591552734375,-0.017328619956970215,0.005976617336273193,-0.004652678966522217,0.002751648426055908,0.006526172161102295,0.009538829326629639,0.018969058990478516,0.010336637496948242,-0.008664727210998535,-0.02635037899017334
2025-06-26,0.0,-0.023345947265625,-0.026685476303100586,-0.049610257148742676,0.015381097793579102,-0.007906794548034668,-0.030359268188476562,-0.0380476713180542,-0.016949176788330078,-0.022245407104492188,-0.03006279468536377,-0.041790127754211426,-0.026536226272583008,0.03070366382598877,-0.001067519187927246
2025-06-27,-0.022272944450378418,-0.023212194442749023,-0.009774088859558105,-0.014995694160461426,0.0050122737884521484,0.003534972667694092,0.00576329231262207,0.016284465789794922,-0.00025844573974609375,0.009055078029632568,0.014256894588470459,0.014369070529937744,-0.0056684017181396484,0.018047451972961426,-0.0028259754180908203
2025-06-30,-0.009567797183990479,0.010134458541870117,0.006452977657318115,-0.011370182037353516,-0.0006649494171142578,0.00816410779953003,-0.021810054779052734,-0.0025017261505126953,-0.026156067848205566,-0.0011790990829467773,-0.00979924201965332,-0.0022020339965820312,0.01046764850616455,-0.006193995475769043,0.01690775156021118
2025-07-01,0.011730194091796875,-0.0009057521820068359,-0.0020928382873535156,-0.015395641326904297,-0.001109004020690918,-0.00891721248626709,-0.00269472599029541,-0.010141253471374512,0.005349636077880859,0.029147684574127197,0.012610256671905518,-0.01022791862487793,-0.0018777847290039062,0.010960698127746582,0.013899385929107666
2025-07-02,-0.009264051914215088,-0.0031867027282714844,-0.005833148956298828,-0.0005289316177368164,-0.0069945454597473145,-0.029428958892822266,0.004809081554412842,-0.01834428310394287,0.03499114513397217,-0.0009098052978515625,-0.01124715805053711,-0.03104841709136963,-0.0363614559173584,0.007440447807312012,-0.028793931007385254
2025-07-03,-0.008031189441680908,0.007215917110443115,0.007875680923461914,0.010748863220214844,-0.003689706325531006,0.013020157814025879,0.008172273635864258,0.012594223022460938,-0.0039997100830078125,-0.015300631523132324,0.00083160400390625,0.007128298282623291,-0.00018084049224853516,-0.02363365888595581,0.016419708728790283
2025-07-04,-0.006708264350891113,0.004621744155883789,-0.009525895118713379,0.012647032737731934,-0.0010099411010742188,0.004492819309234619,0.02572178840637207,0.003659188747406006,-0.01469433307647705,0.004028618335723877,0.0008322596549987793,0.013040304183959961,0.017479419708251953,0.0017290115356445312,-0.009485125541687012
2025-07-07,0.009606480598449707,0.008849918842315674,0.010508298873901367,0.009381234645843506,-0.0170748233795166,-0.0011522769927978516,0.006545126438140869,-0.0005246400833129883,0.01609063148498535,0.007041215896606445,0.01837676763534546,0.009278476238250732,0.0037420988082885742,-0.010571718215942383,0.009557068347930908
2025-07-08,0.004209756851196289,-0.0058858394622802734,0.009391725063323975,0.002913832664489746,-0.0029714107513427734,-0.002301931381225586,-0.013102293014526367,0.0025170445442199707,0.026427626609802246,-0.0,-0.007159590721130371,-0.01183784008026123,0.0026477575302124023,0.00457918643951416,0.008077144622802734
2025-07-09,-0.01900768280029297,0.0031844377517700195,0.016992390155792236,0.03287672996520996,-0.025676310062408447,0.004401862621307373,0.004530131816864014,0.0066239237785339355,0.005442500114440918,0.005733191967010498,0.01937764883041382,0.008663415908813477,0.018336713314056396,-0.03407859802246094,-0.023226618766784668
2025-07-10,0.006380558013916016,0.000798642635345459,-0.001632094383239746,-0.0009442567825317383,-0.00517648458480835,-0.002787470817565918,-0.0008807182312011719,0.000264585018157959,-0.028577208518981934,-0.01153266429901123,-0.01460564136505127,-0.006722450256347656,-0.010440230369567871,-0.0035955309867858887,0.0024569034576416016
2025-07-11,-0.010120928287506104,0.008632361888885498,0.006073594093322754,0.008867919445037842,0.004966855049133301,0.005846917629241943,-0.003960132598876953,0.00651097297668457,0.02206897735595703,-0.005250453948974609,-0.0029108524322509766,0.003338754177093506,0.005104005336761475,0.00811910629272461,0.024522125720977783
2025-07-14,-0.0054648518562316895,-0.008828520774841309,0.006632387638092041,-0.0032362937927246094,0.026947498321533203,-0.0016391277313232422,-0.00964200496673584,0.005701243877410889,0.007119357585906982,-0.00029838085174560547,0.0001583099365234375,0.001042187213897705,-0.0037537813186645508,0.012304306030273438,-0.011142134666442871
2025-07-15,0.018316149711608887,-0.0065534114837646484,-0.006526589393615723,0.005502879619598389,0.002520918846130371,0.0037540197372436523,0.004413247108459473,-0.011574983596801758,-0.00013530254364013672,0.015813767910003662,-0.005330681800842285,-0.0051419734954833984,0.008975327014923096,0.0039778947830200195,0.016501963138580322
2025-07-16,-0.005047857761383057,-0.003970026969909668,0.006111621856689453,-0.007632136344909668,-0.005143463611602783,0.005024135112762451,0.017658531665802002,0.013137638568878174,-0.006695985794067383,-0.009701371192932129,0.012914717197418213,0.009638190269470215,0.010503113269805908,-0.005723059177398682,-0.002759695053100586
2025-07-17,-0.01166313886642456,-0.0031239986419677734,-0.011698484420776367,-0.0136338472366333,0.004365801811218262,-0.004272580146789551,-0.004364490509033203,-0.020398259162902832,0.010951399803161621,-0.0135115385055542,-0.005850434303283691,-0.00014972686767578125,-0.016335010528564453,-0.006862998008728027,-0.02586960792541504
2025-07-18,-0.01675713062286377,0.00784456729888916,-0.0020014047622680664,-0.00784611701965332,-0.0036605000495910645,-0.00019347667694091797,0.003388047218322754,-0.0070493221282958984,-0.0003396272659301758,-0.026958942413330078,0.005816340446472168,-0.021332263946533203,-0.015447139739990234,0.0033437013626098633,0.009013891220092773
2025-07-21,0.015662431716918945,-0.009019136428833008,-0.010060667991638184,-0.015013813972473145,0.021010279655456543,-0.0003867149353027344,-0.03148329257965088,-0.0030298233032226562,-0.03857123851776123,-0.006634950637817383,-0.037070512771606445,-0.0035910606384277344,-0.004003286361694336,0.01799607276916504,-0.008933424949645996
2025-07-22,-0.01896601915359497,0.012127935886383057,-0.010766029357910156,0.0067566633224487305,-0.003260970115661621,0.003962218761444092,0.01282501220703125,-0.005156040191650391,-0.0009154081344604492,-0.0031523704528808594,-0.008718371391296387,0.0069373250007629395,-0.0001226663589477539,-0.0072021484375,0.017923295497894287
2025-07-23,0.011382818222045898,-0.010323643684387207,-0.007753133773803711,-0.015076160430908203,0.008235573768615723,-0.0030077695846557617,0.019015848636627197,-0.012849807739257812,0.0026130080223083496,-0.01171255111694336,-0.007117748260498047,0.008824288845062256,0.0016559958457946777,0.011211276054382324,-0.003934264183044434
2025-07-24,0.004227995872497559,0.0023276805877685547,-0.0002875328063964844,0.008331775665283203,-0.0016784071922302246,-0.0,0.01716482639312744,-0.023582935333251953,-0.00432276725769043,0.0032472610473632812,-0.004088997840881348,-0.010238170623779297,-0.004361987113952637,-0.009347796440124512,0.023022949695587158
2025-07-25,-0.08497393131256104,-0.02234262228012085,0.003090798854827881,-0.053881287574768066,-0.015467345714569092,0.006674408912658691,0.012270450592041016,0.00029987096786499023,0.01897740364074707,0.015014111995697021,0.02634483575820923,-0.04039067029953003,0.012539803981781006,-0.017336010932922363,0.011810541152954102
2025-07-28,-0.024820148944854736,-0.010921001434326172,0.0059125423431396484,-0.04131275415420532,-0.016279637813568115,-0.0018502473831176758,-0.005639791488647461,-0.022446632385253906,0.022468924522399902,0.00891578197479248,0.030775606632232666,-0.03887659311294556,0.01084059476852417,-0.012505531311035156,0.02694779634475708
2025-07-29,0.006711840629577637,0.010182738304138184,-0.0048596858978271484,-0.04067659378051758,0.012382864952087402,-0.005929231643676758,-0.027434587478637695,0.006801605224609375,-0.009248495101928711,-0.011027336120605469,-0.010548710823059082,0.003344297409057617,-0.012587785720825195,0.0033921003341674805,-0.07132101058959961
2025-07-30,0.03392970561981201,-0.005910396575927734,0.005630195140838623,0.00019347667694091797,-0.011316835880279541,-0.0028988122940063477,-0.004794597625732422,-0.0015238523483276367,-0.02297687530517578,-0.0035878419876098633,0.01344364881515503,-0.014681339263916016,0.0020409822463989258,-0.011043548583984375,-0.018441438674926758
2025-07-31,0.022281765937805176,-0.04035675525665283,0.008347868919372559,-0.05806076526641846,-0.019424259662628174,-0.010020256042480469,-0.019086718559265137,-0.018161416053771973,0.00889211893081665,0.017589092254638672,0.01106184720993042,0.00032210350036621094,0.021194815635681152,-0.020510494709014893,0.011363565921783447
2025-08-01,-0.004434168338775635,-0.03280287981033325,0.015518605709075928,-0.026258468627929688,-0.020398497581481934,-0.01955544948577881,-0.01721656322479248,-0.020207226276397705,0.03927689790725708,0.004657924175262451,0.023559927940368652,-0.03285020589828491,-0.031214416027069092,-0.0030246376991271973,0.03587925434112549
2025-08-04,-0.004830300807952881,0.005396604537963867,-0.022678256034851074,0.02962517738342285,0.014925360679626465,-0.027339935302734375,-0.031159281730651855,-0.03670012950897217,-0.02006089687347412,-0.01930391788482666,-0.035639166831970215,-0.044622063636779785,-0.042807698249816895,0.01656949520111084,0.012423396110534668
2025-08-05,0.010779142379760742,-0.014968395233154297,0.0008725523948669434,0.012951850891113281,-0.0009487271308898926,0.002367675304412842,0.0032964348793029785,-0.019995927810668945,0.015936553478240967,-0.0014348030090332031,-0.0006412267684936523,0.002550184726715088,-0.00037598609924316406,0.016069769859313965,0.011846363544464111
2025-08-06,-0.02145308256149292,-0.012005984783172607,0.0032746195793151855,-0.00934690237045288,-0.0029677152633666992,0.0007594823837280273,-0.011506915092468262,0.013902723789215088,-0.003307819366455078,0.000859677791595459,-0.007316112518310547,0.013662576675415039,0.006014227867126465,0.004970550537109375,0.003368079662322998
2025-08-07,0.01663374900817871,-0.02197211980819702,-0.00284731388092041,-0.014540672302246094,0.011191725730895996,-0.011590361595153809,0.012806594371795654,-0.013794422149658203,0.017308950424194336,0.00501859188079834,-0.005990505218505859,0.0007290244102478027,-0.006365776062011719,-0.006294965744018555,0.00011461973190307617
2025-08-08,-0.007898688316345215,-0.03186464309692383,-0.020457148551940918,-0.010030269622802734,-0.009301722049713135,0.014650702476501465,-0.05685889720916748,0.02541273832321167,0.021248281002044678,0.006052732467651367,0.012383997440338135,0.018563568592071533,0.010772228240966797,-0.014479637145996094,0.0036090612411499023
2025-08-11,0.0033489465713500977,-0.04835188388824463,0.00014865398406982422,-0.00473099946975708,-0.007844090461730957,-0.0033358335494995117,-0.007462739944458008,-0.01734936237335205,0.0074269771575927734,0.005799651145935059,0.0018141865730285645,-0.004955768585205078,-0.0036088228225708008,-0.003213942050933838,0.007186770439147949
2025-08-12,-0.003526628017425537,-0.002123117446899414,-0.008620023727416992,0.0064781904220581055,0.014494538307189941,0.004274725914001465,-0.051378488540649414,-0.0075681209564208984,0.006547212600708008,-0.004083395004272461,0.0029401183128356934,-0.004273891448974609,-0.010345697402954102,0.007369875907897949,-0.015346288681030273
2025-08-13,0.0001895427703857422,0.003561079502105713,-0.05014622211456299,0.01228785514831543,0.015940546989440918,-0.0052471160888671875,-0.01205909252166748,0.0021532773971557617,-0.023102521896362305,-0.023093700408935547,-0.018335819244384766,-0.01522219181060791,-0.00012481212615966797,0.012802958488464355,-0.011064767837524414
2025-08-14,0.016365528106689453,-0.0006785392761230469,0.007494628429412842,-0.008298933506011963,-0.00825202465057373,0.007782042026519775,-0.011291980743408203,0.021026670932769775,0.009910106658935547,-0.04386717081069946,0.012425005435943604,0.029665470123291016,0.030465662479400635,-0.01963883638381958,0.004625678062438965
2025-08-18,-0.0009325742721557617,-0.022784709930419922,-0.027184486389160156,0.004746198654174805,0.0010547637939453125,-0.032807350158691406,-0.023975849151611328,-0.017890095710754395,0.013869941234588623,0.002672553062438965,-0.003998279571533203,-0.017197012901306152,-0.0171281099319458,0.01865077018737793,0.0027769804000854492
2025-08-19,0.012009978294372559,-0.023470640182495117,0.010432004928588867,0.0038535594940185547,0.0036290884017944336,0.005927026271820068,-0.01404869556427002,-0.01248931884765625,-0.0129774808883667,0.01628899574279785,-0.01582324504852295,-0.004410386085510254,-0.00803995132446289,0.027350783348083496,0.000909268856048584
2025-08-20,0.0012297630310058594,0.0005182027816772461,0.008277952671051025,-0.006975948810577393,0.00314939022064209,-0.00857090950012207,-0.009433865547180176,-0.010942578315734863,-0.014171242713928223,0.015590786933898926,-0.0047566890716552734,-0.009025812149047852,-0.016893863677978516,-0.010341048240661621,0.007167220115661621
2025-08-21,0.015291929244995117,0.0041481852531433105,-0.009203076362609863,-0.0031592249870300293,0.0019767284393310547,0.009975910186767578,-0.012090682983398438,0.0060024261474609375,0.017219483852386475,-0.006456196308135986,0.0039017796516418457,0.006769239902496338,0.0025321245193481445,0.0031125545501708984,-0.02572476863861084
2025-08-22,-0.002238035202026367,0.02199852466583252,0.0043828487396240234,-0.007631063461303711,-0.013809919357299805,0.01604783535003662,-0.004197359085083008,0.012770414352416992,0.027933359146118164,-0.01675093173980713,0.013579189777374268,0.010709941387176514,0.018326997756958008,-0.005984067916870117,0.006200134754180908
2025-08-25,-0.0026068687438964844,0.009494185447692871,-0.01654350757598877,-0.0076056718826293945,0.023064255714416504,-0.003034353256225586,-0.02430713176727295,0.0010528564453125,0.009455502033233643,0.007343173027038574,-0.008153796195983887,-0.007463216781616211,-0.006811738014221191,0.013600945472717285,0.001461327075958252
2025-08-26,-0.009907543659210205,0.013392508029937744,0.014178872108459473,-0.021086513996124268,-0.010467052459716797,0.010115385055541992,0.0015066862106323242,0.019122660160064697,0.024162888526916504,-0.011226058006286621,0.02305549383163452,0.023607909679412842,0.028816699981689453,-0.014078319072723389,0.01570415496826172
2025-08-28,-0.017557859420776367,-0.0014073848724365234,0.006093204021453857,-0.0012111067771911621,-0.01964426040649414,0.010791659355163574,-0.014083623886108398,0.012741148471832275,0.0015284419059753418,-0.016514360904693604,0.006612241268157959,0.005752921104431152,0.009030461311340332,-0.008478403091430664,0.00017154216766357422
2025-08-29,0.0027494430541992188,0.01341921091079712,-0.0036355257034301758,-0.004374027252197266,-0.00580984354019165,0.008882105350494385,-0.05394011735916138,0.01959162950515747,0.01354759931564331,0.0010495185852050781,-0.007522106170654297,0.004947543144226074,-0.005532741546630859,-0.009225964546203613,-0.036376118659973145
2025-09-01,0.0218733549118042,-0.01759946346282959,-0.022231698036193848,0.012701272964477539,-0.03971374034881592,-0.008669376373291016,-0.009961366653442383,-0.018027067184448242,-0.030415892601013184,0.011981487274169922,-0.030132174491882324,-0.02047860622406006,-0.010939955711364746,0.02475595474243164,0.007181882858276367
2025-09-02,0.008476614952087402,0.004380226135253906,-0.0018761157989501953,0.02138984203338623,-0.011470556259155273,-0.008208632469177246,0.00781095027923584,-0.01277458667755127,0.007530093193054199,-0.04558241367340088,-0.0455707311630249,-0.016516685485839844,-0.014215230941772461,0.0013297796249389648,-0.02846372127532959
2025-09-03,0.01275932788848877,-0.006395101547241211,-0.030515313148498535,-0.04276704788208008,-0.008391976356506348,-0.027011394500732422,-0.0007881522178649902,-0.054555654525756836,-0.014339923858642578,-0.020523667335510254,-0.03286290168762207,-0.05353808403015137,-0.05972599983215332,0.018149614334106445,-0.03408956527709961
2025-09-04,-0.0011344552040100098,0.0043264031410217285,0.005249381065368652,0.019881486892700195,0.01585698127746582,-0.00018656253814697266,-0.018076658248901367,-0.0034035444259643555,0.02894759178161621,0.011650443077087402,0.0021726489067077637,0.016270756721496582,0.006196081638336182,-0.008478224277496338,0.006335079669952393
2025-09-05,-0.004901707172393799,-0.0011315345764160156,-0.006427168846130371,-0.004896283149719238,-0.005827903747558594,-0.0006526708602905273,0.011782050132751465,-0.002907395362854004,0.0036973953247070312,-0.015015482902526855,-0.026467323303222656,-0.01324760913848877,-0.0052155256271362305,0.02236342430114746,-0.002538442611694336
2025-09-08,0.01597893238067627,-0.012930631637573242,0.006789445877075195,-0.005814194679260254,0.01022493839263916,-0.026372194290161133,-0.009262919425964355,-0.006474494934082031,-0.007344961166381836,0.0002765655517578125,0.0074478983879089355,-0.016942620277404785,-0.006798744201660156,-0.024876654148101807,-0.0114821195602417
2025-09-09,0.0021284818649291992,-0.00031256675720214844,-0.005617618560791016,0.005373477935791016,0.0049356818199157715,-0.0028145313262939453,0.02718043327331543,0.007152855396270752,-0.010131239891052246,-0.0020744800567626953,0.01871204376220703,0.015214920043945312,-0.00195467472076416,-0.003518819808959961,-0.030562400817871094
2025-09-10,0.00047194957733154297,-0.012359976768493652,-0.00033652782440185547,-0.0024966001510620117,0.0013842582702636719,0.002987802028656006,0.012027859687805176,-0.005318641662597656,0.0010637640953063965,-0.008280396461486816,-0.012147903442382812,-0.0020858049392700195,-0.0016553401947021484,0.001986265182495117,0.0020335912704467773
2025-09-11,-0.008256196975708008,-0.02503526210784912,0.0006728172302246094,-0.014860749244689941,-0.030957579612731934,0.0019977688789367676,-0.021970927715301514,-0.0007696151733398438,0.008899331092834473,-0.00780177116394043,-0.025199532508850098,-0.016188740730285645,0.00011795759201049805,0.009251117706298828,0.015056312084197998
2025-09-12,0.012844204902648926,0.0028380155563354492,-0.0207364559173584,-0.12659907341003418,-0.037423014640808105,-0.0,-0.026602745056152344,0.004277288913726807,0.004988491535186768,-0.007877230644226074,-0.018190383911132812,-0.0033377408981323242,-0.0021840333938598633,0.03011786937713623,-0.011148810386657715
2025-09-15,-0.0015851855278015137,0.0035791397094726562,0.005804300308227539,-0.0015711784362792969,0.0060482025146484375,-0.0017288923263549805,0.012483954429626465,-0.009990930557250977,-0.01997685432434082,0.01253199577331543,0.006917119026184082,-0.004007220268249512,0.0032395124435424805,0.007838964462280273,-0.050071001052856445
2025-09-16,-0.001764059066772461,-0.006707906723022461,-0.0030517578125,-0.0319441556930542,-0.004563689231872559,-0.012989282608032227,0.004665374755859375,-0.006737947463989258,0.006578981876373291,0.0009552240371704102,0.001429915428161621,-0.0011296272277832031,-0.016486525535583496,0.015135526657104492,0.019971847534179688
2025-09-17,-0.0049481987953186035,-0.001074671745300293,0.007738649845123291,0.016825079917907715,0.006057322025299072,0.0037661194801330566,0.009154796600341797,0.018702208995819092,-0.0202481746673584,-0.0034148693084716797,0.01487433910369873,0.0014292597770690918,0.00383681058883667,-0.011182427406311035,0.016347229480743408
2025-09-18,0.004558444023132324,-0.0,-6.67572021484375e-05,0.014442265033721924,0.01001197099685669,-0.009090900421142578,0.0021036863327026367,-0.013544201850891113,0.00507354736328125,-0.013749003410339355,-0.0025321245193481445,-0.003239154815673828,-0.003909945487976074,-0.0010471343994140625,-0.005502223968505859
2025-09-19,-0.0034180283546447754,-0.05080091953277588,0.009131550788879395,-0.008521318435668945,0.003957390785217285,-0.0015164613723754883,0.02197587490081787,0.0015749931335449219,0.003749549388885498,0.002685725688934326,0.010289967060089111,-0.02267611026763916,0.0031971335411071777,-0.00020962953567504883,-0.009324908256530762
2025-09-22,-0.006977677345275879,-0.04180634021759033,-0.003228902816772461,-0.04846930503845215,-0.013685107231140137,0.005165696144104004,0.011040449142456055,0.012954175472259521,0.011441409587860107,-0.004308581352233887,0.0031191110610961914,0.005212843418121338,0.0005248188972473145,0.0062906742095947266,0.012668728828430176
2025-09-23,0.002203226089477539,-0.01780879497528076,-0.0002682209014892578,-0.036618590354919434,-0.004899263381958008,-0.019158482551574707,0.017078280448913574,-0.029299259185791016,-0.003578782081604004,-0.016222119331359863,0.00995546579360962,-0.0133589506149292,-0.011085748672485352,-0.0027088522911071777,0.010309815406799316
2025-09-24,-0.004040420055389404,0.021120011806488037,0.006502270698547363,-0.004163503646850586,0.018634915351867676,-0.009399056434631348,-0.0019350647926330566,0.009456992149353027,0.011532604694366455,0.011609554290771484,0.013167977333068848,0.006992042064666748,0.0036354660987854004,-0.019222736358642578,0.0039064884185791016
2025-09-25,0.007218718528747559,0.016575396060943604,-0.006207466125488281,-0.06323087215423584,-0.030580759048461914,0.0005221366882324219,-0.01876288652420044,0.0009025335311889648,0.020110607147216797,0.01054459810256958,0.0023290514945983887,-0.0013202428817749023,0.0016216635704040527,0.029612302780151367,0.007673084735870361
2025-09-26,-0.016703248023986816,0.012691140174865723,0.0024140477180480957,0.04953843355178833,-0.0378146767616272,0.015411376953125,0.005991458892822266,0.021108627319335938,0.02396988868713379,0.0182112455368042,0.024463772773742676,-0.040287137031555176,-0.028889715671539307,-0.029795169830322266,0.01380378007888794
2025-09-29,-0.021625161170959473,0.013462603092193604,-0.013376355171203613,-0.024008631706237793,0.037964820861816406,0.007605314254760742,-0.06519675254821777,-0.013453125953674316,-0.008025646209716797,-0.0005495548248291016,-0.016601920127868652,0.005266427993774414,0.009438514709472656,0.009596943855285645,0.01719135046005249
2025-09-30,0.00583726167678833,0.0014386177062988281,-0.010811924934387207,-0.031240224838256836,0.03496730327606201,-0.01826763153076172,6.771087646484375e-05,-0.01955246925354004,0.024681508541107178,-0.017577528953552246,-0.04884505271911621,0.02103102207183838,-0.0012426972389221191,0.02999579906463623,-0.013296246528625488
2025-10-01,-0.026688814163208008,-0.03465878963470459,-0.005249738693237305,-0.017787694931030273,-0.0022800564765930176,-0.0029754638671875,0.03341245651245117,-0.0011750459671020508,-0.008898019790649414,0.0025640130043029785,-0.0029457807540893555,0.003271937370300293,-0.007465839385986328,-0.0020508766174316406,0.002332746982574463
2025-10-03,-0.004101395606994629,0.0010742545127868652,-0.01880013942718506,-0.009245514869689941,0.021086573600769043,-0.013611316680908203,0.03390610218048096,-0.010798096656799316,-0.061817288398742676,-0.012447595596313477,-0.031049013137817383,0.00029659271240234375,-0.034027934074401855,0.013152480125427246,-0.010288238525390625
2025-10-06,-0.0021861791610717773,0.006332337856292725,0.0046773552894592285,0.0013297200202941895,0.0,0.001549363136291504,-0.034570276737213135,0.01913607120513916,0.0005334615707397461,0.01349729299545288,0.018131732940673828,-0.017338573932647705,0.018186092376708984,-0.000405728816986084,0.013423621654510498
2025-10-07,0.0032720565795898438,0.012184321880340576,0.011458754539489746,0.015682876110076904,-0.0032553672790527344,0.0026726126670837402,-0.0039421916007995605,0.021024763584136963,0.00015246868133544922,-0.0004063844680786133,0.00036835670471191406,0.0019605159759521484,-0.008055925369262695,0.002232193946838379,-0.022462010383605957
2025-10-08,0.006565690040588379,0.007100522518157959,-0.0005209445953369141,-0.028708934783935547,0.0012247562408447266,0.010027766227722168,-0.005804777145385742,0.014027237892150879,0.011819422245025635,-0.0017603635787963867,-0.03017449378967285,-0.008729696273803711,-0.002974987030029297,0.0018222332000732422,0.019330084323883057
2025-10-09,-0.005855441093444824,-0.007233023643493652,-0.007680296897888184,-0.06414377689361572,0.0443425178527832,-0.02619624137878418,0.021961331367492676,-0.020702600479125977,-0.04182422161102295,-0.033792972564697266,-0.02651822566986084,-0.035985469818115234,-0.026055574417114258,0.024454355239868164,0.003392338752746582
2025-10-10,-0.0020749568939208984,-0.0033674240112304688,0.00019371509552001953,0.053824007511138916,-0.027232825756072998,0.006296694278717041,0.0033110380172729492,0.024127662181854248,0.00437009334564209,0.021312832832336426,0.02287083864212036,0.03143787384033203,0.014510810375213623,-0.004142820835113525,0.004342973232269287
2025-10-13,-0.0020706653594970703,0.009219229221343994,0.004845261573791504,0.010883748531341553,0.014549493789672852,0.005480408668518066,0.0016824007034301758,0.007486224174499512,0.020011842250823975,-0.00026726722717285156,-0.0048149824142456055,-0.0025724172592163086,0.004773974418640137,-0.006141006946563721,0.0038314461708068848
2025-10-14,0.00987255573272705,0.004121959209442139,0.01311349868774414,0.03125,0.0001977682113647461,0.011709988117218018,0.0020025968551635742,0.011512458324432373,-0.004630684852600098,0.013222992420196533,0.0065222978591918945,0.02822422981262207,0.014563977718353271,0.00159454345703125,0.023609459400177002
2025-10-15,-0.005275368690490723,-0.006270051002502441,-0.005459785461425781,-0.03558993339538574,0.014931321144104004,-0.011325955390930176,0.010702013969421387,-0.005421757698059082,-0.01450800895690918,-0.0077152252197265625,-0.01179039478302002,-0.011803865432739258,-0.01601088047027588,0.006368160247802734,-6.0558319091796875e-05
2025-10-16,0.0035176873207092285,-0.009814739227294922,-0.020739197731018066,-0.0008774995803833008,-0.012665629386901855,-0.009734630584716797,0.03195774555206299,-0.0213700532913208,0.0148964524269104,0.010879755020141602,-0.001280069351196289,-0.008365988731384277,-0.00438690185546875,-0.008305370807647705,-0.013453006744384766
2025-10-17,-0.015104174613952637,0.003226339817047119,0.009357750415802002,0.0007305741310119629,-0.012729465961456299,0.007507801055908203,-0.021387100219726562,0.01486116647720337,-0.0006048679351806641,0.012764811515808105,0.006568491458892822,0.02055114507675171,0.010229885578155518,-0.01056826114654541,0.008191883563995361
2025-10-20,0.002850472927093506,0.0005260109901428223,-0.01753365993499756,-0.009943008422851562,-0.02768617868423462,0.015559256076812744,-0.008527040481567383,0.001984894275665283,0.002040266990661621,-0.004401683807373047,-0.0030175447463989258,-0.009014606475830078,0.0015677809715270996,-0.0002015233039855957,-0.004220128059387207
2025-10-21,-0.0017151832580566406,-0.0007287263870239258,0.0017803311347961426,-0.0027507543563842773,-0.005242586135864258,-0.006374478340148926,0.01611781120300293,-0.004176616668701172,-0.02263951301574707,-0.00493013858795166,-0.005839943885803223,-0.0008472204208374023,-0.004827022552490234,0.003628253936767578,-0.020832180976867676
2025-10-23,-0.0008561611175537109,0.001618027687072754,-0.00949108600616455,0.04519200325012207,-0.003513514995574951,0.012407839298248291,0.0035109519958496094,0.000693202018737793,0.019546866416931152,0.018806159496307373,-0.004090547561645508,0.004694104194641113,-0.007987022399902344,0.0160675048828125,0.006821930408477783
2025-10-24,-0.00045621395111083984,0.016328394412994385,-0.04044675827026367,-0.03765308856964111,0.009436964988708496,-0.0028115510940551758,0.0021866559982299805,0.0008918642997741699,-0.009137630462646484,-0.0,-0.0342562198638916,-0.0009279251098632812,-0.001607656478881836,0.02549910545349121,0.012316465377807617
2025-10-27,-0.007181882858276367,0.004572093486785889,-0.019891977310180664,-0.015155911445617676,-0.009040534496307373,-0.008060216903686523,0.011532902717590332,-0.025887727737426758,0.006435751914978027,-0.0025000572204589844,-0.007496833801269531,-0.0033986568450927734,-0.012726426124572754,0.019468069076538086,-0.046822547912597656
2025-10-28,-0.005659341812133789,-0.0006620883941650391,-0.009633183479309082,0.01722651720046997,-0.02301466464996338,-0.02920210361480713,-0.009367644786834717,-0.03789997100830078,0.006552636623382568,-0.0034635066986083984,0.004666388034820557,-0.01739811897277832,-0.0291520357131958,-0.005483150482177734,-0.015291213989257812
2025-10-29,-0.015644431114196777,-0.017243504524230957,-0.008598804473876953,-0.02687704563140869,0.026315808296203613,-0.02001357078552246,0.0,0.0027014613151550293,0.005003750324249268,-0.02775096893310547,-0.005659818649291992,-0.0634835958480835,-0.018590807914733887,0.027376413345336914,-0.023183703422546387
2025-10-30,0.0111924409866333,0.0041463375091552734,-0.005956172943115234,0.009103894233703613,-0.01240694522857666,-0.0017385482788085938,-0.02612912654876709,0.00037366151809692383,-0.005714774131774902,0.0106126070022583,8.404254913330078e-05,0.024902164936065674,0.004535853862762451,-0.017949700355529785,-0.02116990089416504
2025-10-31,-0.003866434097290039,0.018164753913879395,0.01567310094833374,0.023112237453460693,-0.002303183078765869,0.003305792808532715,-0.037051260471343994,0.003176867961883545,0.0114402174949646,0.001357734203338623,0.01654905080795288,0.0014593005180358887,0.00819098949432373,-0.02656877040863037,-0.042757630348205566
2025-11-03,-0.002623438835144043,0.0056542158126831055,0.0007665753364562988,-0.004408478736877441,0.008709311485290527,0.009121060371398926,-0.004378378391265869,-0.009561300277709961,-0.012262463569641113,-0.0017675161361694336,-0.019304752349853516,-0.008184075355529785,0.0009297728538513184,-0.039489030838012695,0.01335752010345459
2025-11-04,0.009464442729949951,0.019107699394226074,0.018649637699127197,0.027359187602996826,-0.015187740325927734,0.01138073205947876,-0.0159914493560791,-0.003435373306274414,0.0021199584007263184,0.021715521812438965,0.02258443832397461,-0.001522064208984375,0.01850336790084839,0.00949716567993164,0.029385507106781006
2025-11-06,-0.003653287887573242,-0.04360616207122803,-0.05171996355056763,0.030385076999664307,-0.012992501258850098,0.010665297508239746,-0.011646866798400879,0.03257143497467041,0.0026555657386779785,0.015538334846496582,0.011488854885101318,0.00195389986038208,0.011266589164733887,0.00620424747467041,0.03287017345428467
2025-11-07,-0.008288145065307617,0.023800015449523926,0.002536773681640625,-0.032578349113464355,0.015625,-0.00248110294342041,0.002671957015991211,-0.0233381986618042,-0.0008368492126464844,-0.015360832214355469,-0.017953991889953613,-0.02240586280822754,-0.023128509521484375,-0.02005302906036377,-0.013583779335021973
2025-11-10,0.0007776021957397461,0.0005658864974975586,-0.006578981876373291,-0.015474796295166016,0.021285533905029297,-0.006486415863037109,-0.012299299240112305,-0.0014020204544067383,-0.0030404329299926758,-0.011242151260375977,-0.09640860557556152,-0.02368795871734619,-0.000606536865234375,-0.008716583251953125,-0.006562948226928711
2025-11-11,0.004502236843109131,-0.0016532540321350098,0.010888934135437012,-0.06435859203338623,0.005984306335449219,-0.010345101356506348,0.02518165111541748,-0.008213520050048828,7.575750350952148e-05,-0.009470224380493164,-0.03225064277648926,-0.0004156827926635742,0.0024245381355285645,-0.008273601531982422,-0.008821368217468262
2025-11-12,-0.0030150413513183594,-0.04972541332244873,0.0008189678192138672,0.05560189485549927,-0.011487185955047607,0.008140981197357178,-0.01714015007019043,0.00027763843536376953,0.0019704103469848633,-0.01835489273071289,-0.0048558712005615234,0.0063018798828125,0.01342242956161499,0.006199896335601807,0.007386445999145508
2025-11-13,-0.017256736755371094,-0.0014946460723876953,0.022092103958129883,0.007801055908203125,0.027599096298217773,-0.0017769336700439453,0.01462411880493164,-0.007315516471862793,-0.034626781940460205,-0.0028036832809448242,-0.006443142890930176,-0.008571982383728027,0.010973691940307617,-0.017247796058654785,-0.015703678131103516
2025-11-14,-0.0011895298957824707,-0.011482834815979004,-0.010222315788269043,0.005340397357940674,-0.01645803451538086,0.013599097728729248,-0.0011504292488098145,0.010663807392120361,0.01258552074432373,0.010917305946350098,0.022704482078552246,0.018863976001739502,0.013529598712921143,0.00811690092086792,0.010397076606750488
2025-11-17,0.00816643238067627,-0.00901639461517334,0.004355072975158691,-0.00984334945678711,-0.0064675211906433105,-0.006593585014343262,0.015107393264770508,-0.0035309791564941406,-0.02182871103286743,0.00013464689254760742,0.0068933963775634766,0.004648268222808838,0.006254971027374268,0.008547008037567139,0.012792587280273438
2025-11-18,-0.007819056510925293,0.01023554801940918,-0.01238924264907837,0.023630201816558838,-0.01642894744873047,0.010633766651153564,0.0024025440216064453,0.012685120105743408,-0.007623851299285889,0.010635435581207275,0.013269007205963135,0.017193853855133057,0.0041577816009521484,0.019442498683929443,0.003915071487426758
2025-11-19,-0.024322509765625,0.0015183687210083008,-0.007777750492095947,0.008470714092254639,0.0012606382369995117,-0.001633763313293457,0.027030587196350098,-0.004407763481140137,0.012163996696472168,0.006123244762420654,0.002720475196838379,-0.007847428321838379,-0.004407167434692383,-0.002244710922241211,0.007141292095184326
2025-11-20,0.0001742839813232422,-0.005342960357666016,0.011189103126525879,0.0018306970596313477,-0.00923299789428711,-0.004378080368041992,-0.0038247108459472656,0.0014939308166503906,-0.0007116198539733887,0.010679066181182861,-0.003975033760070801,0.012858092784881592,0.004329979419708252,0.004106044769287109,0.015165865421295166
2025-11-21,0.0038346052169799805,0.00972980260848999,-0.02763187885284424,0.03973710536956787,-0.029333889484405518,-0.02538454532623291,-0.02062857151031494,0.028801262378692627,-0.032360196113586426,0.01273190975189209,0.026938915252685547,0.029741644859313965,0.025861084461212158,0.026236891746520996,0.01726776361465454
2025-11-24,-0.006713807582855225,0.009536445140838623,-0.003921806812286377,0.0027057528495788574,-0.009382486343383789,-0.03007984161376953,0.002657771110534668,0.01665705442428589,-0.0255928635597229,0.013176262378692627,-0.0015158653259277344,0.014916479587554932,0.015714287757873535,0.0025019049644470215,0.02189195156097412
2025-11-25,-0.010371685028076172,0.02763420343399048,0.018976211547851562,-0.022023677825927734,0.018942713737487793,0.005424976348876953,-0.010536789894104004,-0.0012729167938232422,-0.0024334192276000977,-0.0022727251052856445,-0.011590838432312012,-0.0012871026992797852,-0.005866050720214844,-0.019293904304504395,-0.01961362361907959
2025-11-26,-0.02025437355041504,0.007672786712646484,0.014505624771118164,-0.027795076370239258,0.016536951065063477,-0.038129568099975586,0.023575186729431152,-0.019362449645996094,-0.04390978813171387,-0.021825432777404785,-0.016576766967773438,-0.03531193733215332,-0.02008056640625,-0.023092985153198242,-0.006412148475646973
2025-11-27,-0.0012118816375732422,0.02591794729232788,0.00842905044555664,0.010027408599853516,0.009144067764282227,-0.005370736122131348,0.010861754417419434,0.0012471675872802734,0.009750187397003174,0.0011096000671386719,-0.012200713157653809,0.005185425281524658,0.009076416492462158,-0.005365490913391113,0.0019515156745910645
2025-11-28,0.009222447872161865,-0.011175155639648438,0.0010526180267333984,-0.003683328628540039,0.022442340850830078,0.00025844573974609375,-0.0018124580383300781,-0.0031697750091552734,0.00691676139831543,0.003887772560119629,0.005165815353393555,0.009544134140014648,0.0010111331939697266,-0.013249874114990234,0.01495283842086792
2025-12-01,-0.008959174156188965,0.007981717586517334,0.0029687881469726562,-0.03761458396911621,0.030193686485290527,-0.00698089599609375,-0.020815730094909668,-0.00344693660736084,0.0005736351013183594,-0.019933104515075684,-0.014693379402160645,-0.0010377168655395508,-0.003988981246948242,-0.0139847993850708,-0.006538987159729004
2025-12-02,-0.0001729726791381836,0.009902715682983398,-0.004871726036071777,0.0020630359649658203,-0.008402526378631592,0.005477607250213623,0.007615923881530762,0.018320560455322266,0.00729680061340332,-0.009293437004089355,-0.005117535591125488,0.019178032875061035,0.005040645599365234,-0.009493112564086914,0.01908355951309204
2025-12-03,-0.010088801383972168,0.022236108779907227,0.011712193489074707,-0.0017720460891723633,0.017653584480285645,0.015834808349609375,-0.01623392105102539,0.01059490442276001,0.005451023578643799,0.0005416274070739746,-0.005091428756713867,0.004076778888702393,0.005125761032104492,0.010468363761901855,0.014664947986602783
2025-12-04,-0.01187145709991455,-0.012832164764404297,-0.006737709045410156,-0.07827234268188477,-0.015166521072387695,-0.006121039390563965,-0.0007349848747253418,0.01188725233078003,0.006975531578063965,0.0010837912559509277,-0.010318994522094727,-0.0016677379608154297,0.0008985996246337891,0.0059171319007873535,0.00672149658203125
2025-12-05,0.0010716915130615234,-0.021416664123535156,0.015355229377746582,-0.0166780948638916,0.002717733383178711,-0.010081648826599121,0.010095715522766113,-0.0009942054748535156,-0.020488381385803223,-0.006374478340148926,-0.014484643936157227,-0.0030270814895629883,-0.002038717269897461,0.009740293025970459,0.0011479854583740234
2025-12-08,0.019706368446350098,0.02171802520751953,-0.004615843296051025,0.022455334663391113,-0.015358328819274902,-0.03708481788635254,0.015157461166381836,0.009237170219421387,0.0006555914878845215,0.023450136184692383,0.01757270097732544,0.021050214767456055,0.0217820405960083,0.025136590003967285,-0.03484147787094116
2025-12-09,-0.002707242965698242,-0.013085484504699707,-0.007993161678314209,0.0017881393432617188,0.0020389556884765625,-0.010097324848175049,0.009258747100830078,-0.005313277244567871,-0.016810178756713867,-0.002208113670349121,0.010061502456665039,0.004624307155609131,0.01712852716445923,-0.00952911376953125,0.011594414710998535
2025-12-10,0.0027573704719543457,0.014965176582336426,0.010886907577514648,0.009508073329925537,-0.04313766956329346,-0.0099295973777771,0.014019012451171875,-0.006083011627197266,-0.03387093544006348,0.005645871162414551,0.00997549295425415,0.004877984523773193,-0.009709358215332031,-0.015546917915344238,-0.008549630641937256
2025-12-11,0.0074884891510009766,-0.029887795448303223,0.003163933753967285,0.006538689136505127,-0.019506454467773438,0.007840991020202637,-0.008664608001708984,-0.003964662551879883,0.001404106616973877,-0.012186646461486816,-0.004942893981933594,-0.007936477661132812,-0.025581002235412598,-0.009294629096984863,-0.0053740739822387695
2025-12-12,-0.008647680282592773,-0.0020635128021240234,-0.03366291522979736,-0.07071840763092041,-0.07461977005004883,0.018183469772338867,0.009832978248596191,-0.016388535499572754,-0.006327271461486816,-0.034888505935668945,-0.052402615547180176,-0.018218278884887695,-0.033116936683654785,-0.027446746826171875,-0.0032041072845458984
2025-12-15,-0.000690460205078125,0.0015334486961364746,0.004987657070159912,0.00614696741104126,-0.011394977569580078,-0.009506821632385254,0.014510273933410645,-0.004371047019958496,0.00023287534713745117,-0.007800102233886719,-0.0019774436950683594,-0.003108501434326172,-0.005701303482055664,-0.010720491409301758,0.0032775402069091797
2025-12-16,0.0035650134086608887,0.013603031635284424,0.012620091438293457,0.027766883373260498,0.0006160736083984375,-0.028884172439575195,0.003826618194580078,0.02205026149749756,-0.016692519187927246,0.01784074306488037,0.006637990474700928,0.019877612590789795,0.017585456371307373,-0.03668928146362305,0.010428428649902344
2025-12-17,-0.018235325813293457,0.006850779056549072,-0.013916254043579102,0.003248453140258789,-0.018671751022338867,-0.003048121929168701,-0.013373255729675293,0.009592592716217041,0.003130972385406494,-0.001736283302307129,-0.009391427040100098,-0.00400996208190918,-0.0030030012130737305,-0.0005031824111938477,-0.01834118366241455
2025-12-18,-0.01768207550048828,0.0014333724975585938,-0.009307265281677246,-0.05228137969970703,-0.023949623107910156,0.0026868581771850586,0.011021018028259277,0.015476763248443604,-0.0034471750259399414,0.009999990463256836,0.0007157325744628906,0.02250385284423828,0.013032793998718262,-0.01642918586730957,-0.007030189037322998
2025-12-19,-0.0135880708694458,-0.004351139068603516,0.005486190319061279,-0.0002580881118774414,0.00574183464050293,-0.00240248441696167,0.005137205123901367,-0.006693720817565918,0.006870746612548828,0.0026935338973999023,0.0026857852935791016,0.010685861110687256,-0.0033904314041137695,-0.004123330116271973,-0.00816434621810913
2025-12-22,-0.02373504638671875,-0.010942339897155762,-0.014729976654052734,-0.04089796543121338,-0.030148625373840332,0.014171957969665527,-0.011967122554779053,-0.009570837020874023,-0.0396648645401001,-0.02903437614440918,-0.042369842529296875,-0.03296005725860596,-0.0031418800354003906,-0.007063031196594238,-0.0326688289642334
2025-12-23,-0.002468705177307129,0.006494343280792236,0.0008096694946289062,-0.010907292366027832,-0.005441069602966309,0.0017353296279907227,0.005992889404296875,-0.010478019714355469,-0.02713489532470703,-0.038320302963256836,0.0005167126655578613,-0.02037525177001953,-0.009927868843078613,-0.0011417865753173828,-0.012641668319702148
2025-12-24,0.00497889518737793,0.011606216430664062,-0.0006946325302124023,-0.07050025463104248,-0.024680256843566895,-0.005014598369598389,-0.0033861398696899414,0.013430774211883545,0.010077714920043945,0.00113755464553833,-0.017749428749084473,0.006480276584625244,0.004856586456298828,-0.020039081573486328,0.002705872058868408
2025-12-26,-0.014796137809753418,-0.003239274024963379,-0.009775042533874512,-0.08945143222808838,-0.01920461654663086,0.0028406381607055664,-0.003271937370300293,0.012512505054473877,0.003926634788513184,-0.014424920082092285,-0.03911280632019043,-0.0035647153854370117,0.005586028099060059,-0.004791617393493652,0.004871368408203125
2025-12-29,-0.0013254880905151367,0.01197361946105957,0.009050309658050537,-0.02491593360900879,0.02873516082763672,-0.0016447901725769043,0.003850698471069336,-0.0040547847747802734,-0.012848615646362305,0.021329641342163086,0.019390642642974854,-0.013376593589782715,-0.01880323886871338,0.013034403324127197,-0.02478623390197754
2025-12-30,0.0028592944145202637,-0.005219697952270508,-0.02213871479034424,-0.09416341781616211,-0.010912656784057617,0.017389655113220215,-0.05144011974334717,-0.031095385551452637,-0.06710392236709595,-0.031735897064208984,-0.052176833152770996,-0.0516817569732666,-0.020313382148742676,-0.020937323570251465,-0.04456406831741333
2025-12-31,-0.016355156898498535,-0.011288166046142578,-0.0028841495513916016,0.028217852115631104,0.020550072193145752,-0.04785895347595215,-0.0038875341415405273,-0.03182220458984375,0.020860671997070312,0.0028412342071533203,0.00726473331451416,-0.04233443737030029,-0.024345874786376953,0.0018930435180664062,0.030820846557617188
2026-01-01,-0.029258131980895996,-0.009063720703125,-0.009304165840148926,-0.008392930030822754,0.0008164048194885254,-0.005751967430114746,-0.01727735996246338,-0.013854622840881348,0.023537397384643555,-0.005822658538818359,-0.0009545087814331055,-0.009932637214660645,-0.010051131248474121,0.0028449296951293945,-0.01847994327545166
2026-01-02,0.019340097904205322,-0.008761048316955566,-0.03435945510864258,-0.03683149814605713,-0.027534842491149902,-0.007853150367736816,-0.0019326210021972656,-0.011138200759887695,-0.0026619434356689453,-0.010469198226928711,-0.049904584884643555,0.006601512432098389,-0.00544285774230957,-0.023617029190063477,0.00875711441040039
2026-01-05,-0.017754554748535156,0.0001316070556640625,-0.006481528282165527,-0.019745230674743652,0.00031810998916625977,-0.004404187202453613,-0.01198267936706543,-0.001203298568725586,-0.009341716766357422,0.0074353814125061035,-0.0015137195587158203,-0.022919893264770508,-0.015529274940490723,0.002012968063354492,-0.004526495933532715
2026-01-06,0.009307265281677246,0.00894927978515625,-0.011323332786560059,-0.022891879081726074,-0.023067116737365723,0.008095085620880127,0.005487203598022461,0.0016641616821289062,-0.013246476650238037,0.00036841630935668945,-0.0480654239654541,0.029234349727630615,-0.0025844573974609375,-0.009775042533874512,-0.01787722110748291
2026-01-07,-0.0009753704071044922,-0.006639838218688965,0.004032909870147705,0.024767816066741943,0.020370066165924072,-0.011476635932922363,0.006853342056274414,0.004723191261291504,0.014486193656921387,-0.027272701263427734,-0.017017602920532227,-0.026836872100830078,0.012889325618743896,-0.0007683038711547852,0.0029175281524658203
2026-01-08,0.01841217279434204,-0.02642810344696045,-0.036762773990631104,0.05532878637313843,-0.062301576137542725,0.028492212295532227,-0.05754387378692627,-0.05685305595397949,-0.037978410720825195,-0.05309736728668213,-0.05416905879974365,0.026002466678619385,0.020021796226501465,-0.030093610286712646,-0.03136664628982544
2026-01-09,0.012435376644134521,-0.027235805988311768,-0.00331878662109375,-9.59634780883789e-05,0.02657639980316162,-0.002508878707885742,-0.0417596697807312,-0.0032557249069213867,-0.016785919666290283,-0.013513505458831787,0.04362809658050537,0.005394041538238525,0.009549200534820557,0.01060628890991211,-0.015864670276641846
2026-01-12,-0.00777745246887207,0.00831139087677002,0.021310806274414062,-0.047811150550842285,0.03594684600830078,-0.020624756813049316,0.0002589225769042969,0.012966513633728027,-0.010354101657867432,0.01587498188018799,0.005746245384216309,-0.024370193481445312,-0.027130126953125,0.02866542339324951,-0.01638585329055786
2026-01-13,-0.00020992755889892578,-0.006032466888427734,0.017551422119140625,0.01145315170288086,0.00254666805267334,0.0038893818855285645,0.015601754188537598,-0.012311935424804688,-0.013098001480102539,0.004410862922668457,0.020997047424316406,0.009784281253814697,0.0036563873291015625,0.01568448543548584,-0.0008767247200012207
2026-01-14,-0.015483975410461426,-0.002409040927886963,0.02034604549407959,-0.06182217597961426,0.03866004943847656,-0.003140687942504883,0.012366056442260742,0.02958047389984131,0.002427816390991211,0.021079063415527344,0.04518747329711914,-0.03167307376861572,-0.03658866882324219,-0.06056976318359375,-0.002767622470855713
2026-01-16,-0.0031012296676635742,0.0018576383590698242,-0.021667420864105225,0.019814908504486084,-0.025145232677459717,-0.0046539306640625,0.024178385734558105,0.0021140575408935547,-0.00783073902130127,-0.013270974159240723,-0.03199028968811035,0.020139098167419434,0.0054953694343566895,-0.01031947135925293,-0.0024369359016418457
2026-01-19,0.010820865631103516,-0.01052236557006836,0.0056705474853515625,0.024312078952789307,0.035515546798706055,0.0026952624320983887,-0.011127471923828125,0.012177586555480957,-0.01879572868347168,-0.016313910484313965,0.019496679306030273,-0.002209305763244629,-0.00031876564025878906,0.011613249778747559,-0.06907784938812256
2026-01-20,0.007136523723602295,-0.03724348545074463,-0.012607097625732422,0.02893388271331787,0.030814647674560547,0.02035301923751831,-0.055641889572143555,-0.014967739582061768,-0.03242391347885132,-0.031396329402923584,-0.026312172412872314,0.02872413396835327,0.02501732110977173,0.004530012607574463,0.037004172801971436
2026-01-21,0.014375686645507812,-0.011143088340759277,0.01195991039276123,-0.04765486717224121,0.024678587913513184,-0.012586236000061035,-0.01257401704788208,0.0015387535095214844,-0.021083414554595947,-0.002483367919921875,0.007104039192199707,-0.0072214603424072266,-0.004630684852600098,-0.0072525739669799805,0.010875284671783447
2026-01-22,-0.051847100257873535,-0.02667057514190674,0.005589842796325684,0.04530775547027588,-0.042004168033599854,-0.008343338966369629,0.009333968162536621,0.03322446346282959,0.008667469024658203,-0.005241096019744873,0.008575439453125,-0.0355069637298584,-0.025432467460632324,-0.0029648542404174805,-0.011661171913146973
2026-01-23,-0.01219630241394043,-0.10649919509887695,0.006194114685058594,-0.0072362422943115234,0.04556679725646973,0.012158095836639404,-0.014532029628753662,-0.011524200439453125,-0.031768083572387695,-0.02384084463119507,0.016593456268310547,0.0172765851020813,0.007879436016082764,-0.008164405822753906,0.03754448890686035
2026-01-27,-0.030248522758483887,0.05112111568450928,0.012154102325439453,-0.048982977867126465,0.04079008102416992,-0.04444444179534912,-0.0859307050704956,0.016077399253845215,-0.0132676362991333,0.032384276390075684,0.037636637687683105,-0.04381668567657471,-0.024892091751098633,-0.031136512756347656,0.011976480484008789
2026-01-28,-0.014752984046936035,0.017963767051696777,0.03779184818267822,-0.1267455816268921,-0.026127636432647705,0.002700507640838623,0.00129622220993042,0.035810232162475586,0.0375216007232666,0.03398251533508301,0.05603218078613281,-0.0011571645736694336,-0.008165240287780762,-0.044820547103881836,-0.03636491298675537
2026-01-29,0.017981886863708496,0.012282490730285645,0.025896668434143066,-0.1999526023864746,0.009884238243103027,-0.015426278114318848,-0.001359701156616211,0.03591203689575195,-0.007530629634857178,0.037795424461364746,0.055890679359436035,-0.009246110916137695,-0.04369354248046875,-0.03965795040130615,0.006616711616516113
2026-01-30,0.003749847412109375,0.0005943775177001953,-0.060006916522979736,0.09755933284759521,-0.12122482061386108,0.018666625022888184,-0.015368461608886719,-0.02380126714706421,-0.02611607313156128,-0.04007309675216675,-0.1012008786201477,0.03849083185195923,-0.04542309045791626,-0.11069554090499878,0.01870417594909668
2026-02-01,-0.0015642642974853516,-0.03840821981430054,-0.05651354789733887,0.12633037567138672,-0.09291970729827881,0.018857061862945557,0.042125046253204346,-0.026501774787902832,-0.027360081672668457,-0.010150909423828125,-0.081074059009552,0.01654207706451416,-0.04012840986251831,-0.03868800401687622,-0.010078787803649902
2026-02-02,-0.014837265014648438,0.027074337005615234,0.024554014205932617,-0.01885688304901123,0.07016313076019287,-0.006462454795837402,-0.02113211154937744,0.020961880683898926,0.022913575172424316,0.01320338249206543,0.04376053810119629,-0.0002690553665161133,0.016884207725524902,0.008457303047180176,-0.024979710578918457
2026-02-03,-0.027990221977233887,-0.10383892059326172,0.02665233612060547,-0.006879091262817383,0.029749274253845215,-0.025183558464050293,-0.005966067314147949,0.021864652633666992,-0.06419599056243896,0.002530336380004883,0.003110647201538086,-0.038272738456726074,0.023447036743164062,0.022701025009155273,-0.0718543529510498
2026-02-04,-0.017169594764709473,-0.01162254810333252,0.010101556777954102,0.0017893314361572266,0.017508983612060547,0.0009761452674865723,0.03366899490356445,0.015308380126953125,-0.09994018077850342,0.05186772346496582,0.010920882225036621,-0.018981575965881348,0.012802600860595703,0.017955660820007324,-0.007970333099365234
2026-02-05,-0.0036336183547973633,-0.0037698745727539062,-0.03057152032852173,0.010347962379455566,-0.044505298137664795,-0.009444832801818848,0.005881547927856445,0.009166359901428223,0.015091419219970703,-0.014997005462646484,-0.029474496841430664,-0.007692813873291016,0.012077808380126953,-0.04736107587814331,-0.028135299682617188
2026-02-06,-0.007286548614501953,0.004560589790344238,0.007589936256408691,0.04520010948181152,-0.0030287504196166992,0.002903759479522705,-0.009517669677734375,0.010101914405822754,0.0037910938262939453,-0.006090104579925537,-0.025285184383392334,-0.012744545936584473,-0.0035396218299865723,0.02420175075531006,0.01645505428314209
2026-02-09,-0.016651511192321777,-0.010645031929016113,0.02302265167236328,-0.031301259994506836,0.033089637756347656,-0.007118582725524902,-0.00681614875793457,0.0010083913803100586,0.002457857131958008,0.0046569108963012695,0.029747724533081055,0.01333165168762207,0.02506852149963379,0.012953758239746094,-0.008122682571411133
2026-02-10,-0.0018347501754760742,0.009644091129302979,0.004822373390197754,0.0007525086402893066,-0.018121063709259033,0.0007228851318359375,0.003353416919708252,0.0002518892288208008,0.006755709648132324,0.007074832916259766,0.009446859359741211,-0.01647937297821045,0.029752492904663086,0.015177130699157715,-0.0031267404556274414
2026-02-11,-0.018805623054504395,-0.0026924610137939453,-0.003044724464416504,-0.01029205322265625,0.017565131187438965,-0.004099369049072266,-0.015553593635559082,-0.0007554292678833008,0.02168518304824829,0.004602789878845215,-0.0025769472122192383,-0.00701904296875,-0.0020191073417663574,0.016057610511779785,-0.005634427070617676
2026-02-12,0.0034637451171875,0.010114490985870361,-0.001604616641998291,-0.03478550910949707,-0.007716119289398193,0.0010405778884887695,0.00031256675720214844,0.010835766792297363,-0.0024538040161132812,-0.008439898490905762,0.005439162254333496,0.0109177827835083,0.0025049448013305664,0.002179861068725586,0.009179174900054932
2026-02-13,0.0118790864944458,0.03399944305419922,-0.05744504928588867,0.052905380725860596,-0.04946291446685791,0.012741446495056152,0.04427206516265869,-0.015539348125457764,0.028720557689666748,-0.034168243408203125,-0.05517995357513428,0.006672918796539307,-0.023689448833465576,-0.04132676124572754,0.03428983688354492
2026-02-16,0.012689769268035889,-0.02246558666229248,-0.001705169677734375,0.029155731201171875,0.002108454704284668,-0.013149261474609375,0.010403037071228027,0.022115349769592285,0.002016127109527588,0.012967348098754883,-0.002576589584350586,-0.0018835067749023438,0.012944221496582031,0.009075403213500977,-0.011212825775146484
2026-02-17,-0.0032019615173339844,-0.026686668395996094,-0.019119560718536377,0.043436646461486816,-0.021881818771362305,0.0028841495513916016,0.021157026290893555,8.26120376586914e-05,0.010353565216064453,-0.017772793769836426,-0.02167046070098877,0.014475464820861816,-0.013264656066894531,-0.017003893852233887,0.005236268043518066
2026-02-18,-0.008720993995666504,0.014133453369140625,0.01027977466583252,-0.036309003829956055,0.007141709327697754,-0.005302906036376953,-0.02438366413116455,0.008918285369873047,-0.030364990234375,0.01341259479522705,0.009388208389282227,-0.012335538864135742,0.029298782348632812,0.014581918716430664,0.002848684787750244
2026-02-19,0.01822715997695923,0.024647235870361328,0.007117033004760742,0.01009833812713623,-0.0019649863243103027,0.018222451210021973,0.016286373138427734,-0.00875765085220337,0.06934124231338501,-0.01086270809173584,-0.01148080825805664,0.021418273448944092,-0.01731806993484497,-0.0026772022247314453,0.026394248008728027
2026-02-20,0.00703585147857666,-0.0019011497497558594,0.0331805944442749,-0.009580373764038086,0.008988142013549805,-0.00602412223815918,-0.02057778835296631,0.004954218864440918,-0.013837099075317383,0.011487007141113281,0.003234386444091797,-0.01893448829650879,0.01436150074005127,0.00932466983795166,0.00044649839401245117
2026-02-23,-0.0018285512924194336,-0.013976335525512695,-0.020839989185333252,0.01001673936843872,0.0025451183319091797,-0.0038031339645385742,-0.044529080390930176,-0.0004107952117919922,0.0034995675086975098,-0.01522517204284668,-0.006594359874725342,0.01303941011428833,-0.001055896282196045,-0.0018197894096374512,0.00044667720794677734
2026-02-24,-0.001870870590209961,0.0036513209342956543,0.007258176803588867,-0.00017762184143066406,0.011001110076904297,-0.011285781860351562,0.0019491910934448242,0.01372683048248291,-0.02203691005706787,0.023951292037963867,0.011948585510253906,-0.022338509559631348,0.004756450653076172,0.02033376693725586,0.00861901044845581
2026-02-25,-0.01594102382659912,-0.022308707237243652,0.015766382217407227,-0.03993260860443115,0.03632712364196777,-0.016341209411621094,-0.012284994125366211,0.02691960334777832,-0.07533729076385498,0.013118743896484375,0.04897952079772949,-0.02965414524078369,0.02634727954864502,0.047141313552856445,-0.026854634284973145
2026-02-26,0.0018829703330993652,0.006855785846710205,0.004160404205322266,0.0037546157836914062,-0.0149422287940979,-0.004392147064208984,-0.007157087326049805,-0.00434267520904541,-0.010065436363220215,0.00855112075805664,0.004168987274169922,-0.003516674041748047,0.0040999650955200195,0.013256311416625977,-0.03468179702758789
2026-02-27,-0.0036832094192504883,0.024634480476379395,-0.01763516664505005,0.02989298105239868,-0.009839296340942383,0.012416064739227295,0.04053640365600586,-0.013322770595550537,0.02483391761779785,-0.009932160377502441,-0.01854407787322998,-0.0012084245681762695,-0.014801442623138428,-0.025906741619110107,-0.00042426586151123047
2026-03-02,0.0055043697357177734,0.017207860946655273,0.016545891761779785,-0.017128705978393555,0.022938132286071777,-0.0020558834075927734,-0.00901651382446289,-0.00514376163482666,0.01824820041656494,-0.005872249603271484,0.023265600204467773,0.0007241964340209961,-0.006216764450073242,0.006914854049682617,0.009209275245666504
2026-03-04,-0.04616844654083252,0.022639572620391846,-0.01936173439025879,0.05069446563720703,-0.04274266958236694,-0.04284703731536865,0.03625452518463135,-0.05606722831726074,0.036926865577697754,-0.05599313974380493,0.029350996017456055,-0.06020897626876831,-0.06767451763153076,-0.030903339385986328,0.027212142944335938
2026-03-05,0.019625425338745117,-0.006116032600402832,0.03596222400665283,-0.020482778549194336,0.007441878318786621,0.02893650531768799,-0.018544316291809082,0.01335155963897705,-0.03413963317871094,0.022552490234375,-0.06010711193084717,0.0034056901931762695,0.01951920986175537,0.014581680297851562,-0.03344225883483887
2026-03-06,-0.003932833671569824,0.023597538471221924,0.004136323928833008,-0.0010752677917480469,-0.014773845672607422,-0.011537551879882812,0.021717965602874756,-0.003040492534637451,0.017916381359100342,0.01721060276031494,-0.0005050897598266602,-0.007748901844024658,-0.01052004098892212,0.013700485229492188,0.015754282474517822
2026-03-09,-0.025501728057861328,0.019951999187469482,-0.014130830764770508,0.03231292963027954,-0.020192503929138184,-0.033314406871795654,-0.057494163513183594,-0.03075230121612549,0.018327653408050537,-0.008271753787994385,0.020320534706115723,-0.03498125076293945,-0.037539124488830566,-0.016032934188842773,0.03596806526184082
2026-03-10,0.0012871026992797852,0.0013505220413208008,0.01190030574798584,-0.015539765357971191,0.026000022888183594,0.018195629119873047,0.017630457878112793,0.037671566009521484,-0.007313132286071777,0.0068242549896240234,-0.0016747713088989258,0.0021401643753051758,0.0208890438079834,0.017775416374206543,-0.04019486904144287
2026-03-11,-0.04013139009475708,0.010919153690338135,0.0026134252548217773,0.011021018028259277,-0.003983438014984131,-0.02923494577407837,0.020859360694885254,-0.0001684427261352539,-0.012640833854675293,0.0007531642913818359,-0.023151159286499023,0.02696216106414795,-0.0013332962989807129,-0.0006615519523620605,-0.02613091468811035
2026-03-12,-0.0035213232040405273,-0.013824939727783203,0.011104226112365723,0.02864253520965576,-0.00782841444015503,-0.0052596330642700195,0.013712644577026367,0.032013535499572754,-0.016363024711608887,0.014298200607299805,-0.028661251068115234,-0.001494765281677246,-0.0065215229988098145,-0.0026479363441467285,-0.014114141464233398
2026-03-13,-0.03782600164413452,0.020429611206054688,-0.061562299728393555,0.05887925624847412,-0.05325895547866821,-0.04545450210571289,-0.05250120162963867,-0.06669384241104126,0.05327796936035156,-0.02819347381591797,0.053281188011169434,-0.024471163749694824,-0.051480889320373535,-0.041815996170043945,0.052176475524902344
2026-03-16,-0.020432472229003906,-0.008617639541625977,0.012197136878967285,0.03777956962585449,-0.032792866230010986,0.02349674701690674,0.003463149070739746,-0.009009063243865967,-0.005609989166259766,-0.013105988502502441,0.03898286819458008,-0.03469210863113403,0.018691182136535645,-0.005680203437805176,0.005498647689819336
2026-03-17,-0.03796803951263428,0.0013144612312316895,0.016826748847961426,-0.032666802406311035,0.02341485023498535,0.018854737281799316,0.029511094093322754,0.02144753932952881,-0.0776674747467041,0.021402835845947266,-0.06151783466339111,-0.06109607219696045,0.045415639877319336,0.02006399631500244,-0.023372769355773926
2026-03-18,-0.024318337440490723,-0.0160980224609375,-0.003843545913696289,0.008111119270324707,-0.016015350818634033,0.011223554611206055,0.005336284637451172,0.018923282623291016,-0.00865483283996582,0.003408193588256836,0.01898014545440674,-0.005796909332275391,-0.00010228157043457031,-0.029094398021697998,-0.008779406547546387
2026-03-19,0.04152178764343262,0.035073697566986084,-0.03858315944671631,0.038127362728118896,-0.058500707149505615,-0.04185378551483154,-0.03667914867401123,-0.034854114055633545,0.04939854145050049,-0.019499242305755615,0.02747321128845215,0.012109816074371338,-0.025075554847717285,-0.02011817693710327,0.03231692314147949
2026-03-20,-0.022437572479248047,0.005008280277252197,-0.02541661262512207,-0.040276288986206055,0.016991019248962402,0.03422045707702637,0.019991517066955566,0.042527079582214355,-0.05095326900482178,0.023607850074768066,0.02254641056060791,-0.019469022750854492,0.032859206199645996,0.010337471961975098,-0.011132001876831055
2026-03-23,0.040139853954315186,-0.048829853534698486,-0.03889048099517822,-0.0823373794555664,-0.0526469349861145,-0.0512995719909668,-0.03635984659194946,-0.06767809391021729,0.029057681560516357,-0.05878669023513794,0.05088198184967041,-0.08024698495864868,-0.04878795146942139,-0.03936338424682617,0.040928006172180176
2026-03-24,-0.04250490665435791,-0.008237838745117188,0.017137765884399414,0.03206050395965576,0.019276142120361328,0.02171957492828369,0.03126347064971924,0.013017535209655762,-0.040674686431884766,0.022373199462890625,-0.014009952545166016,0.018805980682373047,0.0193406343460083,0.009023666381835938,-0.040534377098083496
2026-03-25,-0.012256860733032227,-0.037790775299072266,0.016381025314331055,0.036673545837402344,0.04154515266418457,0.01967012882232666,0.009408354759216309,0.019989371299743652,-0.038846492767333984,0.014068007469177246,-0.03566896915435791,0.041034817695617676,0.03071439266204834,0.02770853042602539,-0.041573166847229004
2026-03-27,0.006204366683959961,0.03371143341064453,-0.002244889736175537,0.026844263076782227,-0.015452980995178223,-0.0222318172454834,-0.01774376630783081,-0.010148704051971436,0.02248215675354004,-0.008349418640136719,-0.010073542594909668,-0.034539639949798584,-0.01744210720062256,-0.030242502689361572,0.021782100200653076
2026-03-30,0.024770915508270264,0.03521662950515747,0.020480036735534668,-0.08096063137054443,-0.014812648296356201,-0.0069008469581604,-0.0005622506141662598,-0.016174674034118652,0.0051631927490234375,-0.012046635150909424,-0.04070079326629639,0.03379523754119873,-0.007038593292236328,0.008237719535827637,0.005689084529876709
2026-04-01,0.0011357665061950684,-0.04758918285369873,0.022782444953918457,-0.09371554851531982,0.04440903663635254,0.015946626663208008,-0.008580148220062256,0.02183091640472412,-0.059683918952941895,0.02491152286529541,-0.03457653522491455,0.029058337211608887,0.014281272888183594,0.0342864990234375,-0.018579959869384766
2026-04-02,0.01839989423751831,0.004504799842834473,0.012878656387329102,0.0017136931419372559,-0.016588807106018066,0.0007891654968261719,0.018372774124145508,0.00043964385986328125,-0.03020191192626953,-0.00115126371383667,-0.005882978439331055,-0.004235684871673584,-0.002363860607147217,0.015375852584838867,-0.023012757301330566
2026-04-06,-0.008319258689880371,-0.037073373794555664,0.01222372055053711,-0.016560673713684082,0.01997089385986328,-0.006746768951416016,0.010030627250671387,-0.0034273862838745117,-0.03486275672912598,0.04252052307128906,-0.01505732536315918,0.034029364585876465,0.010095834732055664,0.0034731626510620117,-0.018598318099975586
2026-04-07,0.012741506099700928,0.01056671142578125,0.029165983200073242,-0.002086043357849121,0.02414226531982422,0.016143321990966797,-0.006206870079040527,0.030158638954162598,-0.0036194324493408203,0.0041768550872802734,-0.009562373161315918,0.0011218786239624023,0.010351896286010742,0.03364253044128418,-0.01918625831604004
2026-04-08,-0.08309531211853027,-0.0859147310256958,-0.0028287172317504883,-0.043318748474121094,0.03823661804199219,0.03680872917175293,0.045662760734558105,0.03843522071838379,-0.028712153434753418,0.014313697814941406,0.028172433376312256,0.02359616756439209,0.030535459518432617,0.01151895523071289,-0.06585907936096191
2026-04-09,0.003613770008087158,0.001614689826965332,0.03556418418884277,0.007505953311920166,-0.0015195608139038086,0.012894511222839355,0.004910945892333984,-0.011128485202789307,-0.0024944543838500977,0.01845371723175049,-0.03048861026763916,-0.006447255611419678,0.004995584487915039,0.0215836763381958,-0.013446450233459473
2026-04-10,-0.011910080909729004,-0.022690534591674805,0.006543874740600586,-0.014838218688964844,0.010922074317932129,0.00421595573425293,0.031369686126708984,0.016338706016540527,-0.01291191577911377,0.007460832595825195,-0.011276841163635254,0.01634526252746582,0.006871342658996582,0.011017441749572754,-0.012794137001037598
2026-04-13,0.041073381900787354,-0.02022230625152588,-0.01396024227142334,0.005659818649291992,-0.0036308765411376953,-0.00872582197189331,-0.020042240619659424,-0.0005741119384765625,0.002190887928009033,0.008698701858520508,-0.0025179386138916016,0.011203527450561523,-0.0010648369789123535,0.009999990463256836,-0.04543566703796387
2026-04-15,-0.03116476535797119,-0.007233381271362305,0.03393816947937012,-0.0406033992767334,0.031908273696899414,0.011958122253417969,0.02143228054046631,0.00229799747467041,-0.0058553218841552734,0.015848994255065918,-0.013993501663208008,-0.00553971529006958,0.011289358139038086,0.017897963523864746,-0.04689216613769531
2026-04-16,-0.0018614530563354492,-0.02765345573425293,0.02812790870666504,-0.027896761894226074,0.020671844482421875,-0.0030362606048583984,0.010043501853942871,0.0057315826416015625,-0.029767870903015137,-0.00011467933654785156,-0.0207597017288208,0.026175618171691895,0.009438514709472656,0.021947860717773438,-0.02322709560394287
2026-04-17,-0.029531121253967285,-0.0066252946853637695,-0.0008655190467834473,-0.010376930236816406,-0.0003376007080078125,0.020907044410705566,-0.001583397388458252,0.03394937515258789,-0.04278290271759033,0.0300595760345459,-0.013981938362121582,0.011732339859008789,0.0067871809005737305,0.005979299545288086,-4.649162292480469e-05
2026-04-20,-0.01814126968383789,-0.005094051361083984,-0.022858500480651855,0.022823035717010498,-0.0033766627311706543,0.02757394313812256,0.002156853675842285,0.013936996459960938,-0.0035729408264160156,-0.009801685810089111,0.027578353881835938,-0.003576934337615967,-0.0018857121467590332,-0.020985007286071777,0.0004642009735107422
2026-04-21,0.01739811897277832,0.001614689826965332,0.006303906440734863,0.008533954620361328,-0.0030492544174194336,0.004001498222351074,-0.0006330013275146484,0.0008542537689208984,-0.012767791748046875,-0.004836916923522949,0.008672177791595459,0.013606548309326172,0.0013697147369384766,-0.005451560020446777,-0.022244930267333984
2026-04-22,-0.007262825965881348,-0.015633463859558105,0.01786327362060547,-0.009241700172424316,0.02761256694793701,-0.01266014575958252,-0.006207287311553955,-0.007914423942565918,-0.017940521240234375,0.001356363296508789,-0.030736446380615234,0.006683468818664551,0.0048111677169799805,-0.012831687927246094,-0.035071730613708496
2026-04-23,0.046656250953674316,-0.017338991165161133,0.0013942718505859375,0.013466179370880127,-0.020917773246765137,-0.005065739154815674,-0.011089861392974854,-0.018848717212677002,-0.010896086692810059,-0.014448583126068115,-0.007569670677185059,0.0012483596801757812,-0.009951651096343994,-0.02826857566833496,-0.05696988105773926
2026-04-24,0.009095847606658936,0.005391240119934082,0.006722092628479004,0.014469027519226074,-0.006080031394958496,-0.0010342597961425781,-0.012245416641235352,0.001195669174194336,0.0012958645820617676,0.022677898406982422,0.005008578300476074,0.011391401290893555,-0.003982722759246826,-0.019870102405548096,-0.002782106399536133
2026-04-27,0.008381187915802002,-0.014950156211853027,0.012829780578613281,-0.03296399116516113,-0.06711983680725098,0.021501898765563965,0.005350470542907715,0.017675161361694336,-0.020523786544799805,0.012655377388000488,-0.00903785228729248,0.03216397762298584,0.015233039855957031,0.029813170433044434,-0.004140973091125488
2026-04-28,0.005886197090148926,-0.03902137279510498,0.011772513389587402,0.005273878574371338,0.01894909143447876,-0.0008575320243835449,0.004478096961975098,-0.00993579626083374,-0.012424826622009277,0.005308628082275391,-0.0011337995529174805,0.007763385772705078,0.008346199989318848,-0.0042459964752197266,-0.011505722999572754
2026-04-29,0.004757106304168701,-0.005596041679382324,-0.006609022617340088,0.0020669102668762207,0.004950463771820068,-0.001482546329498291,0.011048674583435059,-0.029553532600402832,-0.011587381362915039,0.00913095474243164,0.01857304573059082,0.0028551816940307617,0.0038595199584960938,0.04638838768005371,-0.03334963321685791
2026-04-30,0.03132307529449463,0.0072138309478759766,-0.027361273765563965,0.036740243434906006,0.0278933048248291,-0.011877775192260742,-0.01917177438735962,-0.004071354866027832,0.004401266574859619,-0.01482611894607544,-0.07846754789352417,-0.008272528648376465,-0.020937561988830566,-0.3293405771255493,0.00043404102325439453
2026-05-04,0.016797900199890137,-0.032096028327941895,0.004527926445007324,-0.004767775535583496,-0.01610875129699707,0.0016607046127319336,0.01433408260345459,0.03131389617919922,-0.018759846687316895,-0.014164090156555176,0.021287202835083008,0.008287310600280762,0.004163503646850586,0.0850672721862793,0.021985352039337158
2026-05-05,0.0012813806533813477,0.00953453779220581,0.011508584022521973,0.009955406188964844,-0.009413003921508789,-0.011211097240447998,0.0012847185134887695,-0.00015860795974731445,0.007621645927429199,-0.0029183626174926758,0.01422274112701416,0.006231546401977539,-0.004334688186645508,0.03139317035675049,-0.012188196182250977
2026-05-06,-0.023575305938720703,-0.03180348873138428,-0.008438348770141602,-0.03467726707458496,-0.03820037841796875,0.016687989234924316,-0.016807854175567627,0.0024580955505371094,0.0108756422996521,0.003940105438232422,-0.01704549789428711,-0.00678020715713501,0.019638419151306152,0.04113197326660156,-0.024481654167175293
2026-05-07,-0.030814170837402344,0.010471224784851074,0.009466290473937988,-0.03287911415100098,-0.0030728578567504883,0.007932066917419434,0.0003914833068847656,-0.00482487678527832,-0.02136707305908203,0.010764718055725098,-0.007502138614654541,0.006665229797363281,0.007518410682678223,-0.03476613759994507,-0.011286735534667969
2026-05-08,0.012717247009277344,0.003103017807006836,-0.010703742504119873,-0.0010552406311035156,0.0022779107093811035,-0.004363417625427246,-0.015392601490020752,-0.00778883695602417,0.005559802055358887,-0.014865696430206299,-0.0038413405418395996,-0.012814998626708984,-0.011976540088653564,-0.029305756092071533,0.0056188106536865234
2026-05-11,-0.0006158351898193359,0.002274632453918457,-0.020011484622955322,-0.006500363349914551,0.009447336196899414,-0.011895477771759033,-0.01788550615310669,-0.013136863708496094,0.0042618513107299805,-0.022635161876678467,-0.022142112255096436,-0.022501111030578613,-0.011235952377319336,0.006577730178833008,-0.028949618339538574
2026-05-12,0.0351831316947937,-0.03799694776535034,0.017489075660705566,0.015185892581939697,-0.020346641540527344,-0.008157730102539062,-0.012410640716552734,-0.014366865158081055,-0.02288234233856201,-0.0019587278366088867,0.0025441646575927734,-0.0256197452545166,-0.00037723779678344727,0.02228546142578125,0.007447540760040283
2026-05-13,-0.005262613296508789,0.03858304023742676,0.03043973445892334,-0.0551222562789917,-0.039258360862731934,0.01804673671722412,-0.00935661792755127,0.023552656173706055,0.026998519897460938,-0.05183553695678711,0.036036014556884766,-0.14322221279144287,-0.03594338893890381,0.0599902868270874,-0.0253145694732666
2026-05-14,0.0005288124084472656,-0.0860288143157959,0.028142809867858887,-0.0187300443649292,-0.003222942352294922,0.01725625991821289,-0.03233373165130615,0.00796520709991455,0.005257725715637207,-0.023048996925354004,0.020085811614990234,0.011077404022216797,-0.006875514984130859,0.048090219497680664,-0.010866284370422363
2026-05-15,-5.2928924560546875e-05,-0.001142740249633789,-0.0324481725692749,-0.059691667556762695,0.04699289798736572,-0.01395636796951294,-0.0010684728622436523,-0.01660287380218506,-0.014212608337402344,0.019311189651489258,-0.030856072902679443,0.03355437517166138,0.019400417804718018,-0.023163199424743652,-0.04277878999710083
2026-05-18,0.007512390613555908,0.00964653491973877,-0.013489484786987305,0.01911449432373047,0.002038240432739258,0.010947704315185547,0.001134037971496582,-0.00016230344772338867,-0.021280288696289062,0.013893485069274902,-0.007804751396179199,-0.0017151832580566406,-0.032881319522857666,-0.01223379373550415,-0.008479714393615723
2026-05-19,0.006130039691925049,-0.013086438179016113,-0.004557907581329346,-0.020046472549438477,0.006127297878265381,-0.005878806114196777,0.012622714042663574,-0.004464983940124512,-0.019209206104278564,0.012425124645233154,-0.0037457942962646484,-0.032791972160339355,-0.0020028352737426758,0.03256881237030029,-0.01325225830078125
2026-05-20,0.0039688944816589355,0.007412850856781006,0.03548598289489746,-0.026163339614868164,0.003398597240447998,-0.0015561580657958984,0.003043830394744873,-0.002609550952911377,-0.005767464637756348,0.006065964698791504,0.008647680282592773,5.030632019042969e-05,-0.010893940925598145,-0.011550426483154297,0.02810966968536377
2026-05-21,-0.0018846988677978516,0.0026619434356689453,0.012713074684143066,-0.004417538642883301,0.0038068294525146484,-0.0014805793762207031,0.0002713799476623535,-0.021502673625946045,-0.03577256202697754,0.003616631031036377,0.009940385818481445,0.01261049509048462,0.007584214210510254,-0.01198500394821167,0.010252952575683594
2026-05-22,-0.010695457458496094,-0.007302761077880859,0.00900566577911377,-0.011591076850891113,-0.0066874027252197266,0.003277897834777832,0.00013571977615356445,0.010945796966552734,-0.013534784317016602,0.00351637601852417,0.007012844085693359,-0.023813247680664062,0.0029245615005493164,0.000606536865234375,-0.039618074893951416
2026-05-25,-0.009625077247619629,-0.04872477054595947,-0.008654892444610596,-0.00036650896072387695,-0.0035587549209594727,0.003033876419067383,0.006448090076446533,0.001983642578125,-0.036896347999572754,-0.026636362075805664,-0.01527184247970581,0.014363110065460205,0.004923701286315918,0.007728457450866699,0.015733838081359863
2026-05-26,0.012904226779937744,-0.0419694185256958,0.003819584846496582,0.019155025482177734,-0.02033102512359619,0.003257274627685547,0.00567018985748291,0.008743643760681152,-0.02903294563293457,-0.005322098731994629,0.03275442123413086,-0.02783370018005371,0.0011892318725585938,0.037293195724487305,0.016492009162902832
2026-05-27,0.0034149885177612305,-0.0012798309326171875,0.04158353805541992,-0.0011690855026245117,-0.002239704132080078,0.012136697769165039,0.007626235485076904,-0.0018808245658874512,-0.0027513504028320312,-0.01775670051574707,0.040485262870788574,-0.010890841484069824,0.020097851753234863,0.028414130210876465,0.04086434841156006
2026-05-29,0.01959627866744995,0.012007713317871094,-0.020005226135253906,-0.029981017112731934,0.02450484037399292,-0.023905932903289795,-0.051370859146118164,-0.010978221893310547,0.030503571033477783,-0.046488940715789795,-0.01985907554626465,0.0082014799118042,-0.031113147735595703,-0.005920529365539551,0.0029135942459106445
