date,AUBANK,AXISBANK,BANKBARODA,CANBK,FEDERALBNK,HDFCBANK,ICICIBANK,IDFCFIRSTB,INDUSINDBK,KOTAKBANK,PNB,SBIN,UNIONBANK,YESBANK
2017-07-10,0.0,-0.013514876365661621,-0.03980445861816406,-0.04686236381530762,0.012079417705535889,0.005518317222595215,-0.006040692329406738,-0.007727980613708496,-0.022308826446533203,0.003628849983215332,-0.06271123886108398,0.019457221031188965,-0.039699673652648926,0.0047484636306762695
2017-07-11,0.0,0.006177127361297607,0.024848878383636475,0.016573667526245117,0.0048035383224487305,0.0023860931396484375,0.00617605447769165,0.049079716205596924,-0.0002243518829345703,-0.009297549724578857,0.025082945823669434,-0.0070040225982666016,0.02907639741897583,0.0012558698654174805
2017-07-12,0.0,9.864568710327148e-05,-0.005509614944458008,-0.010867834091186523,-0.01009213924407959,0.00047600269317626953,-0.00932168960571289,-0.0298386812210083,-0.010444045066833496,-0.0026068687438964844,-0.019774675369262695,0.014459609985351562,-0.012437582015991211,0.0004291534423828125
2017-07-13,0.0,-0.010162830352783203,0.0006849765777587891,-0.008725404739379883,-0.0004343986511230469,0.0014275312423706055,-0.018984079360961914,0.01722782850265503,-0.0018389225006103516,0.005750060081481934,0.0006950497627258301,0.0038241147994995117,-0.003980398178100586,-0.0439143180847168
2017-07-14,-0.0,-0.002051234245300293,-0.010280966758728027,-0.015292048454284668,-0.005644798278808594,-0.0021382570266723633,-0.0011749267578125,-0.0,0.00341796875,0.015592575073242188,-0.009180784225463867,0.009870171546936035,-0.001708984375,0.010998666286468506
2017-07-17,-0.0,0.004776298999786377,0.0040705204010009766,-0.0021299123764038086,0.01468050479888916,0.0014286041259765625,-0.01760268211364746,0.017529845237731934,-0.004160046577453613,0.0025588274002075195,0.004893243312835693,0.004801034927368164,-0.0029344558715820312,0.010961353778839111
2017-07-18,-0.0,-0.011851072311401367,0.0034059882164001465,-0.0,0.006134927272796631,0.0007132291793823242,-0.0013179779052734375,-0.005677223205566406,0.006925821304321289,-0.002552330493927002,-0.012812614440917969,-0.006825923919677734,-0.0006804466247558594,-0.006688475608825684
2017-07-19,-0.0,-0.007066130638122559,-0.0037593841552734375,-0.007742404937744141,-0.018518447875976562,0.0052269697189331055,0.005429387092590332,0.0008064508438110352,-0.002834320068359375,0.017400264739990234,-0.022223711013793945,0.007903695106506348,-0.003603696823120117,-0.007927894592285156
2017-07-20,-0.0,-0.038062214851379395,0.016002774238586426,-0.054082512855529785,-0.030303001403808594,-0.010872125625610352,0.005459010601043701,0.009685277938842773,0.00924074649810791,-0.01408451795578003,0.009699702262878418,-0.008012175559997559,0.016734421253204346,-0.0009235143661499023
2017-07-21,0.0,-0.0014814138412475586,0.0010380148887634277,-0.0038222670555114746,0.013445377349853516,0.004442393779754639,-0.004823565483093262,0.016299903392791748,-0.004262804985046387,0.019897937774658203,-0.009456992149353027,-0.0010311603546142578,-0.007717132568359375,-0.003849506378173828
2017-07-24,0.0,0.01109468936920166,-0.01593339443206787,0.0067147016525268555,0.0038331151008605957,-0.01878821849822998,-0.003310680389404297,-0.002485513687133789,0.007755398750305176,-0.006503164768218994,-0.01933884620666504,0.013418197631835938,-0.016478657722473145,-0.009888052940368652
2017-07-25,0.0,-0.01897907257080078,-0.005114197731018066,0.01270449161529541,-0.02052164077758789,-0.002535700798034668,-0.0036298036575317383,-0.0,0.007719516754150391,-0.005035221576690674,-0.010240912437438965,0.0052623748779296875,-0.025696158409118652,-0.015440225601196289
2017-07-26,-0.0,0.029544055461883545,0.01051551103591919,0.0,-0.03644740581512451,-0.004598736763000488,-0.020384669303894043,0.002479374408721924,-0.024440765380859375,-0.00151824951171875,0.024822890758514404,-0.0010132193565368652,0.010755479335784912,-0.05816364288330078
2017-07-27,-0.0,0.007941663265228271,0.015426814556121826,-0.009565651416778564,-0.016521751880645752,-0.024032950401306152,0.010149836540222168,0.019883930683135986,-0.016770005226135254,0.011657357215881348,0.02991938591003418,0.008620738983154297,0.029832959175109863,-0.0431671142578125
2017-07-28,0.0,0.01820272207260132,-0.0038299560546875,0.029448986053466797,0.005747199058532715,0.006258368492126465,-0.035970091819763184,-0.023668646812438965,-0.013474822044372559,0.014528989791870117,-0.030498743057250977,0.002513885498046875,-0.01387178897857666,-0.031357526779174805
2017-07-31,0.0,-0.009124517440795898,-0.02913641929626465,0.011688709259033203,0.013186812400817871,-0.003373861312866211,0.021779537200927734,0.018166780471801758,-0.01068568229675293,0.008888959884643555,-0.021663784980773926,-0.04480099678039551,-0.006874680519104004,0.01756387948989868
2017-08-01,-0.0,0.006252408027648926,0.01584094762802124,-0.015050113201141357,-0.0013015270233154297,-0.00717318058013916,0.0,0.005887329578399658,-0.012122154235839844,-0.005873680114746094,0.029555678367614746,0.011200010776519775,0.024901270866394043,-0.009809374809265137
2017-08-02,-0.0,-0.0006775856018066406,0.0006849765777587891,-0.00709986686706543,-0.0026063919067382812,0.0031159520149230957,-0.0024785399436950684,0.012690365314483643,0.004172384738922119,-0.004431366920471191,-0.009210705757141113,0.0042070746421813965,0.027596652507781982,-0.0009576082229614258
2017-08-03,-0.0,0.021087288856506348,0.0335845947265625,-0.03699672222137451,-0.012195110321044922,0.006474673748016357,-0.0203743577003479,0.0051413774490356445,0.008168816566467285,-0.014342188835144043,-0.06068885326385498,0.023236989974975586,0.044052183628082275,0.02381080389022827
2017-08-04,-0.0,-0.0041501522064208984,-0.005319118499755859,0.011945128440856934,0.007495522499084473,-0.005842685699462891,0.001859903335571289,0.012919902801513672,-0.011852622032165527,-0.0005018115043640137,0.01170206069946289,-0.015637993812561035,-0.010708212852478027,-0.012601852416992188
2017-08-07,-0.0,0.004526674747467041,-0.007054686546325684,0.0030307769775390625,0.0021882057189941406,0.0011170506477355957,0.013164520263671875,-0.004363059997558594,0.008530020713806152,0.00200808048248291,0.006940126419067383,-0.019492268562316895,-0.008841156959533691,0.004480183124542236
2017-08-08,0.0,0.012554347515106201,0.022767066955566406,-0.017175614833831787,-0.019213974475860596,0.005815267562866211,-0.015492260456085205,0.015638530254364014,0.007179617881774902,-0.0105210542678833,-0.021720945835113525,0.024260997772216797,0.02766716480255127,0.02016836404800415
2017-08-09,-0.0,0.02502751350402832,0.009319007396697998,-0.008252382278442383,-0.03561890125274658,0.0076490044593811035,-0.016582071781158447,0.006178319454193115,0.0008543729782104492,0.005063295364379883,-0.003344714641571045,0.004445910453796387,0.005735576152801514,0.01247483491897583
2017-08-10,-0.0,0.002977728843688965,-0.04558610916137695,-0.040463387966156006,-0.03324103355407715,0.0022670626640319824,-0.006366133689880371,-0.039076387882232666,0.004794597625732422,0.004534006118774414,-0.0347018837928772,0.018524587154388428,-0.05184298753738403,0.0065746307373046875
2017-08-11,-0.0,-0.008650898933410645,-0.043972671031951904,-0.01496344804763794,0.009073615074157715,0.006589412689208984,-0.0062337517738342285,-0.015711605548858643,0.00248563289642334,-0.005015015602111816,-0.019528090953826904,-0.05578029155731201,-0.05459856986999512,-0.005375504493713379
2017-08-14,-0.0,-0.004186153411865234,0.0,0.013637185096740723,0.0298154354095459,-0.004803180694580078,0.016901850700378418,0.022535204887390137,0.0003999471664428711,-0.009576559066772461,0.020294189453125,-0.006960511207580566,0.007689118385314941,-0.02247905731201172
2017-08-16,0.0,-0.015760064125061035,0.03608238697052002,0.020606279373168945,0.012408018112182617,-0.01365804672241211,0.010795116424560547,0.023875117301940918,-0.013848662376403809,0.018320679664611816,0.03031635284423828,0.01761317253112793,0.040059685707092285,0.009361863136291504
2017-08-17,-0.0,0.004704713821411133,0.00803673267364502,-0.005506455898284912,-0.0009078383445739746,0.008758127689361572,-0.006102800369262695,0.01165926456451416,0.011352598667144775,-0.011494278907775879,-0.008468449115753174,-0.007947742938995361,0.001196146011352539,0.013480126857757568
2017-08-18,-0.0,0.013577401638031006,-0.007593035697937012,-0.006879210472106934,-0.013630151748657227,0.007702767848968506,0.0,-0.009751856327056885,0.004574716091156006,-0.005561232566833496,-0.02830052375793457,-0.007655322551727295,-0.010434150695800781,0.009982168674468994
2017-08-21,0.0,-0.00897228717803955,-0.0363427996635437,-0.019091010093688965,-0.023491501808166504,0.005022883415222168,0.001194000244140625,-0.02148604393005371,0.003053605556488037,-0.01423490047454834,-0.032029807567596436,-0.01453179121017456,-0.008129358291625977,0.0023536086082458496
2017-08-22,-0.0,-0.008892536163330078,-0.020643115043640137,0.0,-0.006603717803955078,-0.0022946596145629883,0.0015332698822021484,-0.003659665584564209,-0.006311535835266113,0.0015472173690795898,0.00284731388092041,-0.002730727195739746,-0.016148686408996582,0.002213597297668457
2017-08-23,-0.0,-0.006911039352416992,0.012160539627075195,0.03083014488220215,0.01282048225402832,-0.014423131942749023,0.01581895351409912,0.02295684814453125,-0.02127528190612793,0.009268760681152344,0.033686280250549316,0.018620014190673828,0.0419003963470459,-0.006042361259460449
2017-08-24,0.0,-0.00835573673248291,0.014417290687561035,0.015538811683654785,-0.0018753409385681152,0.005642056465148926,-0.0030140280723571777,-0.008976638317108154,-0.004094123840332031,-0.008163273334503174,0.01165461540222168,0.004659414291381836,0.014170408248901367,0.002205073833465576
2017-08-28,0.0,-0.0073986053466796875,0.01026451587677002,-0.006910145282745361,0.03006112575531006,-0.0,0.010748982429504395,0.01449275016784668,0.004287302494049072,0.0041152238845825195,0.003742218017578125,-0.0033891797065734863,0.00452733039855957,-0.019715547561645508
2017-08-29,0.0,0.01370936632156372,-0.030480623245239258,-0.004638791084289551,-0.01732790470123291,0.009305477142333984,-0.004652678966522217,-0.014285683631896973,0.01038813591003418,-0.011782824993133545,-0.026536941528320312,-0.008412420749664307,-0.014297962188720703,0.01813673973083496
2017-08-30,0.0,-0.0005956888198852539,-0.0048367977142333984,0.005326271057128906,0.008816719055175781,-0.012829303741455078,0.0026711225509643555,0.006340503692626953,-0.007606625556945801,0.007257699966430664,0.010663866996765137,-0.0014440417289733887,0.013716936111450195,-0.0177457332611084
2017-08-31,-0.0,0.00704503059387207,-0.01215064525604248,0.0014901161193847656,-0.0032198429107666016,-0.004523873329162598,-0.007492482662200928,-0.012601256370544434,-0.0005737543106079102,0.004631996154785156,0.00906527042388916,0.004157662391662598,-0.0018663406372070312,-0.0005421638488769531
2017-09-01,0.0,-0.014389872550964355,0.003280043601989746,0.0024796724319458008,0.017074227333068848,0.004953861236572266,0.0008387565612792969,-0.04375576972961426,-0.021427512168884277,0.016905784606933594,0.004491925239562988,0.0003600120544433594,0.018854737281799316,-0.013348221778869629
2017-09-04,0.0,0.01142740249633789,-0.011033892631530762,-0.015501320362091064,0.013611674308776855,0.009504377841949463,-0.004022717475891113,0.0017467141151428223,0.013473212718963623,-0.01460951566696167,-0.012462377548217773,-0.000359952449798584,-0.021411657333374023,0.006952047348022461
2017-09-05,0.0,-0.0032885074615478516,0.012396693229675293,0.008542656898498535,0.004028677940368652,-0.0025130510330200195,0.001682877540588379,-0.005249381065368652,-0.009164690971374512,0.01073610782623291,0.00675511360168457,-0.004320502281188965,0.01359701156616211,-0.008020997047424316
2017-09-06,-0.0,0.020957469940185547,-0.000408172607421875,-0.008470296859741211,-0.0062416791915893555,-0.0027347803115844727,-0.0075604915618896484,-0.005221962928771973,-2.968311309814453e-05,0.0075871944427490234,-0.03207486867904663,-0.00831669569015503,-0.02798551321029663,-0.008828997611999512
2017-09-07,-0.0,-0.007608771324157715,0.008983254432678223,-0.0008375048637390137,-0.00044858455657958984,-0.0036363601684570312,-0.009141743183135986,0.008657991886138916,-0.011336684226989746,-0.0025100111961364746,-0.0003809332847595215,-0.00018227100372314453,-0.0023001432418823242,-0.0033724308013916016
2017-09-08,-0.0,0.005235612392425537,-0.020639419555664062,-0.010896921157836914,0.0004488229751586914,-0.012001752853393555,-0.002221047878265381,0.018340587615966797,0.004695117473602295,0.0140916109085083,-0.007925689220428467,-0.008752822875976562,-0.018443405628204346,0.00611114501953125
2017-09-11,0.0,0.00020241737365722656,0.004958629608154297,0.0062711238861083984,0.014804840087890625,-0.019914984703063965,-0.004109621047973633,-0.0008896589279174805,-0.05622386932373047,-0.0009925365447998047,0.002227783203125,-0.0031272172927856445,0.01449739933013916,-0.029653429985046387
2017-09-12,-0.0,-0.0052642822265625,0.03371703624725342,0.015832901000976562,0.012820601463317871,-0.006581783294677734,0.0013755559921264648,-0.020444512367248535,0.027550578117370605,0.015399813652038574,0.02422010898590088,0.009226799011230469,0.010777592658996582,-0.004722952842712402
2017-09-13,0.0,-0.005639433860778809,0.014717578887939453,0.003813624382019043,-0.013094723224639893,-0.0034873485565185547,0.002747178077697754,-0.02613234519958496,-0.0016361474990844727,-0.001956939697265625,0.01055145263671875,-0.00018292665481567383,0.013348102569580078,0.006348788738250732
2017-09-14,-0.0,-0.04095733165740967,0.013720154762268066,0.019326090812683105,0.013268470764160156,0.001303255558013916,0.005821943283081055,-0.032258033752441406,0.009170353412628174,-0.012254893779754639,0.01577317714691162,0.0029262304306030273,0.010210394859313965,-0.006824374198913574
2017-09-15,0.0,0.006926357746124268,-0.0027069449424743652,0.004537343978881836,0.00785672664642334,-0.005219697952270508,-0.007150173187255859,0.005756556987762451,0.017006516456604004,-0.002481400966644287,-0.00408250093460083,-0.009846866130828857,-0.0018517374992370605,0.0035105347633361816
2017-09-18,-0.0,-0.016274213790893555,0.0011633634567260742,-0.0014518499374389648,0.012126445770263672,-0.0062743425369262695,0.004801034927368164,-0.004962801933288574,-0.027216315269470215,0.011940240859985352,0.0006587505340576172,-0.004051566123962402,0.0,-0.007642030715942383
2017-09-19,-0.0,0.007244288921356201,-0.006584107875823975,-0.013570249080657959,0.019255399703979492,0.005805253982543945,0.0056313276290893555,0.013991773128509521,-0.0004869699478149414,0.01720750331878662,-0.0058522820472717285,-0.009615421295166016,-0.0030146241188049316,-0.003953456878662109
2017-09-20,-0.0,0.00249636173248291,0.027680277824401855,0.005404472351074219,0.00965571403503418,0.0004324913024902344,-0.013914823532104492,-0.0016694068908691406,0.011480391025543213,-0.011116445064544678,0.006181120872497559,0.008401751518249512,0.014653444290161133,-0.0072863101959228516
2017-09-21,0.0,0.013283312320709229,-0.019726932048797607,-0.013845860958099365,-0.01538461446762085,0.0051926374435424805,-0.019273698329925537,0.013333320617675781,-0.002172112464904785,0.0058650970458984375,-0.02062314748764038,-0.00573962926864624,-0.022541403770446777,-0.0027391910552978516
2017-09-22,-0.0,0.014144957065582275,-0.02708977460861206,-0.043111979961395264,-0.038429081439971924,0.008264422416687012,-0.02754873037338257,0.027871668338775635,0.013033568859100342,-0.006802737712860107,-0.0289725661277771,-0.02476722002029419,-0.045028090476989746,-0.0434955358505249
2017-09-25,0.0,0.007124423980712891,0.005568861961364746,-0.0008630752563476562,-0.02195870876312256,0.013377189636230469,0.008661150932312012,0.016507387161254883,0.0034551620483398438,-0.022015631198883057,-0.00038439035415649414,-0.011838853359222412,0.0016372203826904297,-0.002911388874053955
2017-09-26,0.0,-0.020430564880371094,0.0003955364227294922,0.006392478942871094,0.008980751037597656,0.004000842571258545,0.011627912521362305,-0.009717345237731934,0.004877448081970215,-0.0055027008056640625,-0.007231354713439941,-0.001932382583618164,0.006292819976806641,0.0031980276107788086
2017-09-27,-0.0,0.011036276817321777,-0.03044682741165161,-0.031244635581970215,-0.016021311283111572,0.008926570415496826,-0.022458016872406006,0.013998329639434814,0.015028953552246094,-0.014587581157684326,-0.02929103374481201,-0.03039693832397461,-0.035003662109375,-0.020928561687469482
2017-09-28,-0.0,-0.010863065719604492,0.0,-0.007442891597747803,0.006784319877624512,-0.010583162307739258,-0.0016279816627502441,-0.0,-0.007674098014831543,0.026033759117126465,-0.01428908109664917,0.008586287498474121,0.015485644340515137,-0.006795108318328857
2017-09-29,0.0,0.005177795886993408,-0.006933093070983887,-0.02588820457458496,0.01212930679321289,-0.005793213844299316,0.0023554563522338867,-0.0008873939514160156,-0.0008627176284790039,-0.0029851198196411133,-0.012957632541656494,0.005147457122802734,-0.013591945171356201,-0.0022804737091064453
2017-10-03,-0.0,-0.000982046127319336,-0.002464115619659424,0.0018328428268432617,-0.0013315677642822266,-0.0017722845077514648,0.006507515907287598,0.0008865594863891602,-0.0063904523849487305,0.004491090774536133,0.0041844844818115234,-0.010045289993286133,0.0004200935363769531,0.003000020980834961
2017-10-04,0.0,0.007259845733642578,0.0020585060119628906,-0.004390835762023926,0.005333304405212402,0.006634235382080078,-0.008261442184448242,0.0062111616134643555,-0.0028057098388671875,0.02285146713256836,0.0026962757110595703,0.007560610771179199,-0.005290985107421875,0.013530850410461426
2017-10-05,-0.03976571559906006,0.009388267993927002,0.015612125396728516,0.009555339813232422,0.009283900260925293,-0.0008904933929443359,-0.015574157238006592,-0.011607170104980469,0.005242347717285156,0.0033997297286987305,0.018497347831726074,-0.006319105625152588,-0.0008443593978881836,0.010258674621582031
2017-10-06,-0.0500255823135376,-0.004289746284484863,0.016585826873779297,0.01783764362335205,0.030661463737487793,-0.0008896589279174805,0.0005519390106201172,-0.013239145278930664,0.003730475902557373,0.0062923431396484375,-0.03552281856536865,0.020468950271606445,0.03270244598388672,0.017665863037109375
2017-10-09,-0.03837394714355469,-0.005165457725524902,-0.0015917420387268066,-0.003397703170776367,-0.005524873733520508,0.002444446086883545,-0.0007354617118835449,-0.03832745552062988,-0.010104060173034668,0.010101079940795898,-0.001777052879333496,0.00038945674896240234,0.013419508934020996,0.01394200325012207
2017-10-10,-0.01792365312576294,-0.016997694969177246,0.0003986358642578125,-0.0008971691131591797,0.008119583129882812,-0.004009842872619629,-0.007175743579864502,0.009228169918060303,-0.015092730522155762,0.005238175392150879,0.0021594762802124023,0.00038933753967285156,-0.0007266402244567871,0.005392313003540039
2017-10-11,0.0013773441314697266,-0.0023322105407714844,-0.022709131240844727,-0.029274463653564453,-0.007206439971923828,0.007100105285644531,-0.008154094219207764,0.018628239631652832,0.004579305648803711,-0.010895311832427979,-0.0387231707572937,-0.020237445831298828,-0.044198453426361084,-0.026548683643341064
2017-10-12,-0.0005158185958862305,-0.01812887191772461,-0.0004076957702636719,-0.00518035888671875,0.008112788200378418,-0.016089439392089844,-0.000186920166015625,-0.024158716201782227,-0.01499485969543457,0.012930989265441895,0.01600062847137451,-0.002184748649597168,0.007354855537414551,0.00661158561706543
2017-10-13,0.007569313049316406,-0.008284211158752441,0.007748842239379883,0.016551971435546875,-0.007200419902801514,-0.017593979835510254,0.014016032218933105,0.0025273561477661133,-0.004216909408569336,0.02364063262939453,0.008942723274230957,0.0035828351974487305,0.0069653987884521484,0.011767983436584473
2017-10-16,0.03670823574066162,0.01718771457672119,-0.01011735200881958,-0.0018294453620910645,-0.06484651565551758,-0.0034579038619995117,0.010873675346374512,0.021114885807037354,0.019624650478363037,0.0,-0.008549690246582031,-0.0001983642578125,-0.002416849136352539,-0.0054097771644592285
2017-10-17,-0.004776060581207275,0.01383674144744873,0.007358908653259277,0.002749204635620117,-0.009214639663696289,0.0032306909561157227,-0.001276254653930664,0.008628129959106445,0.004836857318878174,-0.003695189952850342,0.00419306755065918,-0.003570735454559326,0.0040100812911987305,0.015909671783447266
2017-10-18,-0.020850539207458496,-0.09480661153793335,-0.018668770790100098,-0.0129774808883667,-0.003969788551330566,-0.009291291236877441,-0.03924793004989624,0.02001744508743286,-0.0003514289855957031,0.01622629165649414,-0.026077330112457275,-0.029464423656463623,-0.013729393482208252,-0.029848754405975342
2017-10-23,0.011492252349853516,-0.03132396936416626,0.009098410606384277,0.000925898551940918,-0.008454084396362305,0.00278317928314209,-0.002280116081237793,-0.0017762184143066406,0.00749284029006958,-0.031478047370910645,0.0007280111312866211,0.00902557373046875,0.004133939743041992,-0.023454725742340088
2017-10-24,-0.00852125883102417,0.0044449567794799805,-0.04016399383544922,-0.04051804542541504,0.0047904253005981445,-0.0021468400955200195,0.015235185623168945,-0.011524796485900879,0.018047749996185303,0.003768324851989746,-0.054967284202575684,-0.03455984592437744,0.03856503963470459,-0.01780158281326294
2017-10-25,-0.03909677267074585,0.04657590389251709,-0.33215129375457764,-0.40896153450012207,0.030886471271514893,-0.03856039047241211,-0.14687681198120117,-0.00701141357421875,-0.04354614019393921,-0.05161893367767334,-0.46203362941741943,-0.2768716812133789,-0.3513469696044922,-0.059551239013671875
2017-10-26,0.019466757774353027,0.023890018463134766,0.013309657573699951,0.03785967826843262,0.011175572872161865,0.0,0.02109915018081665,0.005221903324127197,0.01582515239715576,0.008411645889282227,-0.057124972343444824,0.013542592525482178,-0.05848896503448486,0.013153910636901855
2017-10-27,0.018062949180603027,0.003407001495361328,0.0635492205619812,0.04839974641799927,-0.0050231218338012695,-0.0022281408309936523,-0.00634920597076416,0.0034995675086975098,0.0060274600982666016,0.009813547134399414,0.07932180166244507,0.029485225677490234,0.05910295248031616,-0.07291674613952637
2017-10-30,-0.006590008735656738,-0.004012763500213623,-0.0012804269790649414,-0.023845553398132324,-0.01749265193939209,0.013398885726928711,0.0019924044609069824,0.019315242767333984,-0.004055678844451904,0.0,-0.0371546745300293,-0.0030542612075805664,-0.05031251907348633,0.025403141975402832
2017-10-31,-0.01054602861404419,-0.08088850975036621,0.028452694416046143,0.02005922794342041,0.003274679183959961,-0.0037460923194885254,0.0014972090721130371,-0.014324188232421875,0.003948807716369629,-0.0038872957229614258,0.03333157300949097,0.019871830940246582,0.04315227270126343,-0.001905679702758789
2017-11-01,0.013065099716186523,-0.02284228801727295,-0.015794754028320312,-0.017996907234191895,0.009856224060058594,0.007078051567077637,-0.044318556785583496,-0.09973514080047607,0.009464383125305176,-0.00048786401748657227,-0.008861899375915527,-0.045945167541503906,-0.018481969833374023,0.014478921890258789
2017-11-02,0.03546583652496338,0.005512893199920654,0.01749277114868164,0.024561405181884766,0.019908785820007324,0.0004392862319946289,-0.010370135307312012,0.04574638605117798,-0.009162604808807373,-0.004880428314208984,0.007293403148651123,0.017195582389831543,0.04886066913604736,0.0051757097244262695
2017-11-03,0.007702469825744629,-0.014939308166503906,-0.013517975807189941,-0.0031821727752685547,0.019043564796447754,0.004829883575439453,0.0023685693740844727,0.01093357801437378,0.02887868881225586,-0.0039234161376953125,-0.05239450931549072,-0.03387939929962158,-0.0146331787109375,0.017163395881652832
2017-11-06,0.00048792362213134766,0.010368406772613525,-0.005204916000366211,-0.005654335021972656,-0.003451228141784668,-0.0010924339294433594,-0.0006331205368041992,0.026360511779785156,-0.015825629234313965,-0.00541609525680542,0.03174692392349243,-0.01230764389038086,-0.017951607704162598,-0.019328176975250244
2017-11-07,-0.0061768293380737305,0.01375114917755127,0.04433661699295044,0.039632439613342285,0.020636320114135742,-0.0028434395790100098,0.011546969413757324,0.01572054624557495,0.003822803497314453,0.00346529483795166,0.051681458950042725,0.03586620092391968,0.0606766939163208,-0.024870872497558594
2017-11-08,0.0006542205810546875,-0.03357672691345215,0.01896369457244873,0.003998279571533203,0.008779644966125488,0.001316070556640625,0.022243618965148926,0.00443655252456665,0.012150168418884277,-0.0019733309745788574,0.009157061576843262,0.024117350578308105,0.019410669803619385,-0.02534496784210205
2017-11-09,0.019450783729553223,0.008167266845703125,-0.021056175231933594,0.000716865062713623,-0.015057563781738281,0.0010952949523925781,-0.018985271453857422,-0.003565073013305664,-0.004568815231323242,-0.0059317946434021,-0.017139077186584473,-0.013406634330749512,-0.023559212684631348,0.0027979612350463867
2017-11-10,-0.030142664909362793,-0.00814199447631836,-0.027045249938964844,-0.0,0.021378695964813232,-0.0032822489738464355,-0.023128867149353027,0.007104754447937012,-0.003869771957397461,-0.011934399604797363,0.011398732662200928,-0.06327688694000244,-0.004248261451721191,-0.0019695162773132324
2017-11-13,0.016201019287109375,0.013674736022949219,-0.01415407657623291,0.01606881618499756,-0.021845698356628418,-0.0046103596687316895,0.01334381103515625,0.007155656814575195,-0.0006625652313232422,0.001006484031677246,0.01286691427230835,0.007495105266571045,-0.002778172492980957,-0.000986635684967041
2017-11-14,0.014478564262390137,-0.015446305274963379,-0.013631820678710938,0.015018939971923828,0.03010469675064087,-0.006175518035888672,0.0004773139953613281,0.003603637218475342,-0.012958049774169922,0.004524946212768555,0.019185185432434082,0.005890309810638428,0.021345019340515137,-0.003950655460357666
2017-11-15,0.003688335418701172,0.006689310073852539,-0.005123257637023926,0.02072542905807495,0.004948318004608154,-0.0013315677642822266,-0.00445711612701416,0.012658238410949707,-0.02463817596435547,0.012512564659118652,0.01823735237121582,0.012610137462615967,-0.0028308629989624023,-0.005288302898406982
2017-11-16,0.03147459030151367,-0.0011069774627685547,-0.04523742198944092,-0.040967464447021484,-0.014918684959411621,0.00422215461730957,-0.010935068130493164,0.00641024112701416,0.0041005611419677734,0.005931735038757324,-0.04922366142272949,-0.02600395679473877,-0.0542759895324707,0.001162886619567871
2017-11-17,0.03841400146484375,0.00036847591400146484,-0.004266977310180664,-0.011472582817077637,-0.0013363361358642578,0.00995790958404541,-0.019281983375549316,-0.012903213500976562,0.01745748519897461,0.005405426025390625,-0.0063669681549072266,-0.012297511100769043,0.016734600067138672,0.015931010246276855
2017-11-20,-0.01073986291885376,-0.005070090293884277,-0.0051593780517578125,-0.012060284614562988,-0.008896827697753906,0.006792306900024414,0.02014768123626709,0.0009099245071411133,0.010662436485290527,0.01710653305053711,0.01859152317047119,0.013333320617675781,0.0003094673156738281,0.023685097694396973
2017-11-21,-0.017641782760620117,-0.003026604652404785,0.02324885129928589,-0.0,0.013668477535247803,0.0045702457427978516,-0.004238009452819824,0.0009108185768127441,-0.00042444467544555664,-0.010091304779052734,0.005145907402038574,0.007057070732116699,0.014672160148620605,-0.003350973129272461
2017-11-22,0.001841902732849121,0.011521577835083008,-0.0018547773361206055,-0.01532137393951416,-0.010728716850280762,0.004765987396240234,0.0031259655952453613,0.0009115338325500488,-0.012889742851257324,-0.0038834810256958008,-0.015574455261230469,-0.014063239097595215,-0.010304093360900879,-0.008165180683135986
2017-11-23,0.019610881805419922,-0.006753087043762207,0.014810323715209961,0.012435376644134521,-0.0,-0.0066838860511779785,-0.0017247200012207031,0.004562020301818848,0.009831905364990234,-0.00389862060546875,0.014216125011444092,0.0010437965393066406,0.018345773220062256,0.011299490928649902
2017-11-24,-0.0034560561180114746,-0.0024808645248413086,0.007203221321105957,0.00990372896194458,0.008403420448303223,0.004558205604553223,0.007043361663818359,-0.001833200454711914,0.020050525665283203,0.008317112922668457,0.0021575093269348145,0.007613122463226318,-0.0031042098999023438,-0.0006384849548339844
2017-11-27,0.007991552352905273,-0.025481224060058594,0.00851738452911377,0.009431302547454834,-0.0013381242752075195,0.003457188606262207,0.0006305575370788574,-0.008234143257141113,-0.00936591625213623,0.005822420120239258,0.0013086795806884766,-0.009777426719665527,-0.00486302375793457,0.007187366485595703
2017-11-28,0.016604304313659668,-0.005630970001220703,0.01909005641937256,0.00519329309463501,-0.0075724124908447266,0.0040912628173828125,0.01198732852935791,-0.0018149614334106445,0.010628700256347656,-0.0062711238861083984,0.011565625667572021,0.010874390602111816,0.01791214942932129,-0.0009514093399047852
2017-11-29,0.014567375183105469,0.02319788932800293,0.0035678744316101074,0.018416404724121094,0.006189167499542236,0.004289031028747559,-0.005268216133117676,-0.01449275016784668,-0.0036347508430480957,-0.0038834810256958008,0.011470437049865723,0.009337365627288818,0.008383452892303467,-0.006666660308837891
2017-11-30,0.012327790260314941,0.025659620761871338,0.015299499034881592,0.015216410160064697,0.01556938886642456,-0.010463356971740723,0.02318572998046875,0.01964282989501953,-0.006099998950958252,-0.024853765964508057,0.030320703983306885,0.025995731353759766,-0.0018715858459472656,-0.019175469875335693
2017-12-01,0.005873918533325195,0.0028951168060302734,0.009586751461029053,0.028052866458892822,0.01943063735961914,-0.0030211210250854492,0.0074784159660339355,0.0054645538330078125,-0.0005114078521728516,0.0044977664947509766,0.026097416877746582,0.023724079132080078,0.038005709648132324,-0.00016289949417114258
2017-12-04,-0.020652353763580322,-0.002060532569885254,-0.01568746566772461,-0.012964963912963867,0.019354820251464844,-0.0075757503509521484,0.0032759904861450195,0.004578769207000732,-0.006622135639190674,-0.006965160369873047,-0.009878873825073242,-0.0027178525924682617,-0.006830096244812012,-0.011895060539245605
2017-12-05,-0.004363000392913818,0.0033648014068603516,0.000657200813293457,-0.018589019775390625,-0.01550757884979248,-0.007415473461151123,-0.00328671932220459,0.01011955738067627,0.009272217750549316,0.0020040273666381836,-0.01595747470855713,-0.01753830909729004,-0.01350092887878418,0.01813983917236328
2017-12-06,-0.01723635196685791,0.0049704909324646,0.02499181032180786,0.027374744415283203,0.0009255409240722656,-0.009448528289794922,0.018837034702301025,0.011152386665344238,-0.007025361061096191,-0.000500023365020752,0.021965444087982178,0.020996570587158203,0.03812587261199951,-0.007288634777069092
2017-12-07,0.0071343183517456055,-0.0066918134689331055,-0.012816190719604492,-0.007997632026672363,-0.01621115207672119,0.00354921817779541,-0.021035075187683105,-0.006578922271728516,-0.00081634521484375,0.002001047134399414,-0.010460257530212402,-0.012804150581359863,-0.016168594360351562,0.013215780258178711
2017-12-08,0.018004775047302246,-0.015822529792785645,0.002996981143951416,0.001373291015625,0.006381034851074219,-0.017020344734191895,-0.016187071800231934,-0.0,0.011317253112792969,0.007488727569580078,0.006820082664489746,0.010429799556732178,0.012017428874969482,0.007085442543029785
2017-12-11,0.033342957496643066,-0.004792571067810059,-0.0,-0.0013751983642578125,0.006421983242034912,-0.0032601356506347656,-0.0022526979446411133,-0.008403420448303223,-0.0005685687065124512,-0.0004955530166625977,-0.0014101266860961914,-0.016927480697631836,0.007203042507171631,-0.003517746925354004
2017-12-12,0.015993356704711914,0.011924445629119873,0.011690020561218262,-0.0013731718063354492,0.013388752937316895,0.014298081398010254,0.012361526489257812,0.012037038803100586,-0.011885523796081543,-0.007932543754577637,-0.004346966743469238,-0.0001571178436279297,0.02580428123474121,-0.01540440320968628
2017-12-13,-0.03438282012939453,0.005291461944580078,0.011828303337097168,0.03550201654434204,0.01731395721435547,-0.0006593465805053711,0.015116989612579346,0.018744170665740967,-0.001726984977722168,0.01449275016784668,0.03401601314544678,0.016172170639038086,0.02276402711868286,-0.01597130298614502
2017-12-14,-0.033747971057891846,-0.010639309883117676,-0.013679862022399902,-0.00742495059967041,0.011904776096343994,-0.009224772453308105,-0.004621148109436035,0.004775524139404297,0.0017906427383422852,0.009359598159790039,-0.010728240013122559,-0.002234339714050293,0.005895435810089111,0.006624698638916016
2017-12-15,-0.00784367322921753,-0.012004852294921875,0.003711223602294922,0.005174875259399414,-0.03855419158935547,-0.019368886947631836,0.00394284725189209,-0.008637309074401855,0.016178488731384277,0.005368471145629883,-0.011863112449645996,0.005573272705078125,-0.011499166488647461,-0.03948664665222168
2017-12-18,-0.002983272075653076,-0.0012775659561157227,-0.026075243949890137,-0.028688549995422363,-0.003712296485900879,-0.002775430679321289,-0.018967509269714355,0.005708813667297363,0.000924229621887207,-0.006796061992645264,-0.041651248931884766,-0.021296977996826172,-0.044616103172302246,0.015036404132843018
2017-12-19,0.0034409761428833008,-0.009113311767578125,0.006600677967071533,-0.017162084579467773,-0.013407230377197266,-0.0029805898666381836,-0.015539050102233887,-0.02679431438446045,-0.005093514919281006,-0.0014662742614746094,-0.0,-0.0028221607208251953,0.02683103084564209,-0.0035352706909179688
2017-12-20,0.021171927452087402,-0.001535177230834961,0.01029902696609497,0.016119301319122314,0.010948896408081055,0.008703052997589111,-0.006694197654724121,-0.0009319782257080078,-0.005478918552398682,-0.008810579776763916,-0.046146512031555176,0.007191956043243408,0.016950249671936035,0.0017613768577575684
2017-12-21,-0.002190113067626953,0.01000899076461792,-0.007720828056335449,-0.0078089237213134766,0.004151344299316406,-0.00021409988403320312,0.0011082291603088379,-0.02793300151824951,-0.0028298497200012207,-0.0019752979278564453,0.017575502395629883,0.002362191677093506,-0.0,0.004010260105133057
2017-12-22,-0.0052678585052490234,-0.008470654487609863,-0.0006661415100097656,-0.005773305892944336,0.0027790069580078125,-0.004495859146118164,-0.0036455392837524414,0.00362318754196167,-0.002626478672027588,-0.000494837760925293,0.014159202575683594,-0.00978696346282959,-0.0006438493728637695,0.0009663701057434082
2017-12-26,-0.000882565975189209,-0.0025289058685302734,0.009320855140686035,-0.014199376106262207,-0.01764976978302002,0.004475712776184082,-0.004895687103271484,-0.0009090900421142578,0.007476449012756348,0.005940556526184082,-0.009448111057281494,0.008441507816314697,0.0006434917449951172,-0.017249703407287598
2017-12-27,0.0038280487060546875,0.0007207393646240234,0.0033602118492126465,0.01966041326522827,0.0013692378997802734,0.006208479404449463,0.01681596040725708,-0.002724766731262207,-0.007871627807617188,-0.0019685029983520508,-0.0010936260223388672,0.007252037525177002,-0.0013593435287475586,0.0011093616485595703
2017-12-28,-0.006306827068328857,0.013974010944366455,0.0202292799949646,0.021270155906677246,0.003656327724456787,-0.011417508125305176,-0.007992386817932129,0.019927561283111572,-0.0003936886787414551,-0.008875727653503418,-0.01897573471069336,0.020485997200012207,0.01657623052597046,0.005235612392425537
2017-12-29,-0.01579338312149048,-0.03127002716064453,0.013764619827270508,0.0006209611892700195,0.0045871734619140625,0.002981901168823242,0.004123032093048096,-0.002772688865661621,-0.0009390711784362793,0.004975080490112305,0.0034717321395874023,-0.004863858222961426,0.011261284351348877,-0.005263090133666992
2018-01-01,-0.005998790264129639,-0.0027484893798828125,-0.005582690238952637,-0.0006213188171386719,-0.0018433332443237305,0.009613335132598877,0.011783480644226074,-0.011059880256652832,-0.015191972255706787,-0.009900987148284912,-0.009576201438903809,0.009035110473632812,-0.0042618513107299805,0.008091330528259277
2018-01-02,-0.0021122097969055176,0.010610103607177734,0.022900760173797607,0.025302648544311523,0.01011955738067627,-0.009706616401672363,0.0019335150718688965,0.016408324241638184,0.01237797737121582,0.003000020980834961,-0.019774198532104492,0.01253664493560791,0.020853102207183838,0.003039062023162842
2018-01-03,0.012549161911010742,-0.0016980171203613281,0.0007102489471435547,-0.002070307731628418,-0.0009293556213378906,0.010467827320098877,-0.017113327980041504,-0.0037071704864501953,-0.008333563804626465,-0.0029910802841186523,0.0012726783752441406,0.0013190507888793945,-0.008668303489685059,-0.013476729393005371
2018-01-04,0.007913947105407715,0.0009813308715820312,-0.04015648365020752,-0.028925657272338867,-0.008820891380310059,-0.003885984420776367,0.0009523630142211914,-0.00738680362701416,0.010029077529907227,0.0005000829696655273,-0.05904412269592285,-0.018656134605407715,-0.031189799308776855,-0.003957629203796387
2018-01-05,0.03614819049835205,-0.005983114242553711,0.013324320316314697,-0.006641983985900879,-0.0317533016204834,-0.0019354820251464844,0.005719780921936035,-0.06782770156860352,-0.03133726119995117,0.0024987459182739258,0.0025205612182617188,0.0069692134857177734,0.015302836894989014,-0.04966890811920166
2018-01-08,0.018015384674072266,-0.0039058923721313477,0.0010387301445007324,-0.0,-0.030776143074035645,0.0015024542808532715,-0.003994941711425781,-0.08755362033843994,-0.012778282165527344,0.0029909610748291016,0.001684725284576416,0.0017954111099243164,-0.002480626106262207,-0.002253293991088867
2018-01-09,-0.017696619033813477,0.00026530027389526367,-0.018370866775512695,-0.0,0.0034617185592651367,-0.001504659652709961,0.00493389368057251,0.008681893348693848,-0.0029944181442260742,0.003976106643676758,0.006026625633239746,0.0049051642417907715,0.01091700792312622,-0.0232313871383667
2018-01-10,0.00014293193817138672,0.004422426223754883,0.012593567371368408,0.02869415283203125,0.017368674278259277,-0.00021469593048095703,0.001919388771057129,-0.007165670394897461,-0.005246162414550781,-0.007920801639556885,0.02291882038116455,0.010515868663787842,0.01677703857421875,0.004540860652923584
2018-01-11,0.01429593563079834,0.0071961283683776855,-0.005170583724975586,-0.0022116899490356445,-0.007512092590332031,-0.004506468772888184,0.008012831211090088,-0.0837944746017456,0.01949131488800049,-0.015469074249267578,-0.012410759925842285,-0.003653287887573242,0.021329045295715332,-0.00985872745513916
2018-01-12,-0.006060600280761719,0.006532490253448486,0.0020576119422912598,0.004413604736328125,-0.009210586547851562,0.003845393657684326,-0.026494383811950684,0.015317320823669434,-0.002911210060119629,-0.005896806716918945,-0.00833594799041748,-0.00016546249389648438,0.008870542049407959,0.0065569281578063965
2018-01-15,0.003970503807067871,-0.009818077087402344,-0.009278416633605957,-0.0006333589553833008,0.012603282928466797,-0.01737082004547119,-0.03651237487792969,0.048148155212402344,0.013399779796600342,-0.014655590057373047,0.011792540550231934,-0.001157999038696289,-0.014582157135009766,0.014373719692230225
2018-01-16,-0.007485866546630859,-0.004727602005004883,-0.04766768217086792,-0.04351264238357544,-0.07790493965148926,-0.001264810562133789,-0.014576435089111328,0.06536966562271118,0.010580182075500488,0.005296051502227783,0.03832203149795532,0.021315336227416992,0.02357417345046997,0.0034226179122924805
2018-01-17,0.008965373039245605,-0.0390625,-0.05541646480560303,-0.04714632034301758,0.0033413171768188477,0.005052626132965088,-0.027387022972106934,-0.011656999588012695,0.00429534912109375,0.005808413028717041,-0.060445189476013184,-0.036974549293518066,-0.031230568885803223,-0.022547364234924316
2018-01-18,-0.0012694001197814941,0.0006835460662841797,0.018292784690856934,0.016113758087158203,-0.028068482875823975,-0.02327549457550049,-0.008448600769042969,0.0403292179107666,-0.013665556907653809,-0.018987417221069336,0.028771281242370605,0.01253664493560791,0.018956363201141357,0.003504633903503418
2018-01-19,0.01737046241760254,-0.009319424629211426,-0.0196688175201416,-0.04030191898345947,0.009789466857910156,-0.009098410606384277,-0.02152252197265625,-0.006861090660095215,-0.0023213624954223633,-0.013377904891967773,-0.0345919132232666,-0.019785642623901367,-0.025712132453918457,-0.02388632297515869
2018-01-22,-0.005136072635650635,-0.036086440086364746,0.003722548484802246,-0.000771641731262207,-0.015026688575744629,-0.005737662315368652,0.0059389472007751465,-0.01107323169708252,0.00047510862350463867,-0.012729883193969727,0.002281010150909424,0.008892476558685303,0.007280111312866211,-0.017174720764160156
2018-01-23,-0.0058602094650268555,-0.013980865478515625,-0.05298912525177002,-0.03315854072570801,0.01624011993408203,0.006112456321716309,-0.030725479125976562,-0.0025273561477661133,-0.023853421211242676,-0.0013966560363769531,-0.05571258068084717,-0.03784668445587158,-0.03439939022064209,-0.011819243431091309
2018-01-24,-0.01782459020614624,0.019593536853790283,-0.03161287307739258,-0.013285517692565918,0.0,-0.003280043601989746,0.02635931968688965,0.005882322788238525,0.0035105347633361816,-0.004184126853942871,-0.04758656024932861,-0.03709518909454346,-0.027188897132873535,-0.014601588249206543
2018-01-25,-0.02229207754135132,-0.013405680656433105,-0.06566601991653442,0.04964637756347656,-0.02033895254135132,-0.008786320686340332,-0.022820711135864258,0.01606088876724243,-0.007511734962463379,-0.011574029922485352,-0.07061260938644409,-0.05077296495437622,-0.049238622188568115,0.008771896362304688
2018-01-29,0.0062847137451171875,0.017123818397521973,-0.030120491981506348,0.0455743670463562,-0.003954529762268066,-0.012558221817016602,0.008730590343475342,0.004295527935028076,-0.00710904598236084,-0.02059495449066162,-0.03845697641372681,-0.0033529996871948242,-0.029262006282806396,0.009955763816833496
2018-01-30,-0.013362407684326172,0.019486427307128906,-0.013802647590637207,-0.012018918991088867,-0.0009925365447998047,0.0020003914833068848,0.012302517890930176,0.014667868614196777,0.0037015676498413086,-0.024215221405029297,-0.007426798343658447,0.004645943641662598,-0.011949777603149414,0.012988805770874023
2018-01-31,-0.033563971519470215,0.00025266408920288086,-0.02239328622817993,0.024554669857025146,-0.0019870996475219727,-0.005011081695556641,0.0008492469787597656,0.005253911018371582,-0.009821057319641113,0.019301414489746094,-0.007605075836181641,-0.0009567737579345703,0.0010924339294433594,-0.0029715299606323242
2018-02-01,0.009748697280883789,0.001347661018371582,-0.029706478118896484,0.034715354442596436,-0.028870046138763428,0.007179915904998779,0.019124507904052734,0.012323975563049316,-0.024157166481018066,0.010820508003234863,-0.02212470769882202,-0.022984862327575684,-0.03125488758087158,-0.015519142150878906
2018-02-02,-0.03575199842453003,-0.04706472158432007,0.005901932716369629,0.059655725955963135,-0.04356741905212402,-0.021695435047149658,0.032062411308288574,0.06060600280761719,0.019020259380340576,-0.031222105026245117,-0.034001052379608154,-0.028426647186279297,-0.035803377628326416,0.030147254467010498
2018-02-05,-0.03175842761993408,0.0023897886276245117,0.029336214065551758,-0.021932244300842285,0.009646177291870117,-0.017659127712249756,0.01611459255218506,-0.004743814468383789,-0.027422964572906494,-0.022099435329437256,0.011383652687072754,0.0023540258407592773,-0.006842434406280518,0.015613734722137451
2018-02-06,-0.02504444122314453,-0.004503309726715088,-0.020306408405303955,-0.004079461097717285,-0.0111464262008667,-0.00877922773361206,-0.0030330419540405273,0.031161487102508545,-0.017600715160369873,-0.026365280151367188,-0.016171813011169434,-0.021137356758117676,-0.011426568031311035,0.01411527395248413
2018-02-07,0.007623434066772461,-0.007716953754425049,-0.003272712230682373,0.01554495096206665,0.002683877944946289,-0.012652873992919922,-0.005594134330749512,-0.017543911933898926,-0.012538254261016846,0.0024178028106689453,-0.027943968772888184,0.003598928451538086,-0.013088583946228027,0.017269372940063477
2018-02-08,-0.007565736770629883,0.01626896858215332,0.01532280445098877,-0.030324697494506836,0.014453887939453125,0.0042716264724731445,-0.0039092302322387695,-0.020114898681640625,0.005476117134094238,0.014954090118408203,0.01785719394683838,0.02937161922454834,0.012487053871154785,-0.006308197975158691
2018-02-09,-0.0164070725440979,-0.01917499303817749,0.0003592967987060547,0.006617844104766846,0.0010553598403930664,-0.01658874750137329,0.021267056465148926,0.0009389519691467285,-0.012568473815917969,-0.019011378288269043,-0.016015350818634033,-0.016589224338531494,0.009015917778015137,0.02820897102355957
2018-02-12,0.005897164344787598,0.011927247047424316,-0.08333337306976318,-0.021213173866271973,0.0026357173919677734,0.014705896377563477,0.0015302300453186035,-0.008458614349365234,0.023002147674560547,0.010658979415893555,0.030998826026916504,-0.02580970525741577,0.009356856346130371,-0.03025650978088379
2018-02-14,-0.005192577838897705,-0.03598010540008545,0.017572999000549316,0.06077253818511963,0.0005258321762084961,0.0034099817276000977,0.02237546443939209,-0.0027958154678344727,0.003939986228942871,-0.0004794001579284668,-0.09779906272888184,-0.043463170528411865,-0.05002504587173462,-0.044871747493743896
2018-02-15,-0.005556583404541016,-0.00036776065826416016,0.042861878871917725,-0.005117893218994141,-0.005254864692687988,-0.0006371736526489258,-0.03041219711303711,0.010223031044006348,-0.0048983097076416016,-0.00047963857650756836,-0.1205981969833374,0.00905144214630127,-0.00852745771408081,-0.001716911792755127
2018-02-16,-0.012868225574493408,-0.01075965166091919,0.04372352361679077,0.009638190269470215,0.016376018524169922,-0.001912832260131836,0.02312493324279785,0.002816915512084961,-0.016161084175109863,0.007677555084228516,-0.021136105060577393,-0.02529609203338623,-0.015871644020080566,-0.025015652179718018
2018-02-19,-0.014408290386199951,0.005020022392272949,0.05899709463119507,0.011017203330993652,-0.02598750591278076,0.0,0.004049181938171387,0.01600748300552368,-0.01714998483657837,0.005714297294616699,-0.07203102111816406,-0.01159578561782837,-0.07577258348464966,0.0008018016815185547
2018-02-20,0.0022624731063842773,-0.01637214422225952,-0.006661415100097656,-0.0243222713470459,-0.01974385976791382,-0.008092045783996582,0.00781857967376709,0.0009569525718688965,-0.004753291606903076,-0.009469687938690186,0.0004545450210571289,0.0042830705642700195,0.015987515449523926,-0.010735392570495605
2018-02-21,0.0067719221115112305,0.007711052894592285,-0.008174419403076172,-0.0016313791275024414,0.0016331672668457031,-0.0030055642127990723,-0.006146669387817383,-0.002873539924621582,-0.01753246784210205,0.008604168891906738,0.0064504146575927734,0.01353609561920166,-0.017655014991760254,0.011823773384094238
2018-02-22,-0.007071375846862793,-0.010358333587646484,0.01814669370651245,0.00850522518157959,-0.024456501007080078,-0.0023686885833740234,0.0026628971099853516,0.018147051334381104,0.01834714412689209,0.01658773422241211,-0.023108839988708496,-0.002561211585998535,-0.019828081130981445,0.012005805969238281
2018-02-23,0.00017368793487548828,0.01206982135772705,-0.015729427337646484,-0.015331268310546875,-0.0557103157043457,0.01467740535736084,-0.013821244239807129,-0.010700345039367676,0.012319087982177734,0.00792539119720459,-0.009979665279388428,0.012655854225158691,0.012057781219482422,0.023252129554748535
2018-02-26,-0.029003143310546875,0.029162287712097168,0.012775778770446777,0.012403428554534912,-0.016886472702026367,0.01659214496612549,-0.013322949409484863,-0.006737232208251953,0.029084324836730957,0.02220165729522705,-0.012787044048309326,-0.005795955657958984,-0.009550988674163818,0.008347392082214355
2018-02-27,0.007763683795928955,-0.025167405605316162,0.01686275005340576,0.049326539039611816,0.004151523113250732,-0.004812717437744141,0.014982402324676514,0.004780113697052002,-0.003606736660003662,-0.01085972785949707,-0.12186819314956665,-0.024959027767181396,-0.04374188184738159,0.0030660629272460938
2018-02-28,-0.005613207817077637,-0.01792353391647339,-0.0035899877548217773,-0.013210773468017578,0.01771754026412964,-0.009671986103057861,0.027626872062683105,0.010566771030426025,-0.0026406049728393555,-0.00228726863861084,0.031007766723632812,0.001494765281677246,0.02515852451324463,-0.014825046062469482
2018-03-01,-0.011671066284179688,-0.005673766136169434,0.027027010917663574,0.031745970249176025,0.0026525259017944336,-0.005095541477203369,0.02649635076522827,-0.006796121597290039,0.011661410331726074,0.0045850276947021484,-0.0034461617469787598,-0.02182835340499878,-0.019166409969329834,-0.003878355026245117
2018-03-05,0.01906031370162964,-0.0022825002670288086,-0.0036764144897460938,0.03649497032165527,0.012765944004058838,-0.002347409725189209,0.005246758460998535,0.019286394119262695,-0.006557464599609375,0.00410771369934082,-0.009431004524230957,0.005149722099304199,-0.028432607650756836,-0.02522963285446167
2018-03-06,0.00545424222946167,-0.01372605562210083,0.026861965656280518,0.04618185758590698,0.012392282485961914,-0.012620329856872559,0.02736121416091919,0.013765931129455566,0.012491226196289062,-0.01590907573699951,-0.022532522678375244,-0.026375770568847656,-0.041183412075042725,-0.0025563836097717285
2018-03-07,0.018166184425354004,-0.009084641933441162,0.020911753177642822,-0.07347631454467773,0.020185470581054688,-0.0073656439781188965,0.028300225734710693,0.02492523193359375,-0.003537416458129883,0.002309441566467285,-0.023917734622955322,-0.03858894109725952,-0.011320710182189941,-0.0006406307220458984
2018-03-08,-0.02181875705718994,0.015410065650939941,-0.014096498489379883,0.007334351539611816,-0.036191582679748535,0.010912299156188965,-0.03575170040130615,-0.011247396469116211,-0.005926370620727539,-0.0023041367530822754,0.012085556983947754,-0.04115140438079834,0.005949735641479492,-0.010899245738983154
2018-03-09,-0.005295515060424805,-0.029199838638305664,0.02232515811920166,-0.06689423322677612,-0.01020956039428711,-0.0008636116981506348,0.014312148094177246,-0.010111212730407715,0.0020068883895874023,0.0,-0.010955274105072021,0.013823926448822021,-0.030130505561828613,-0.017177104949951172
2018-03-12,0.012064516544342041,0.027406811714172363,-0.004739284515380859,0.01365518569946289,-0.0047872066497802734,0.008643031120300293,-0.0271608829498291,0.004004001617431641,0.02223789691925049,0.016628146171569824,-0.010412096977233887,0.0015794634819030762,-0.025658786296844482,0.026051044464111328
2018-03-13,-0.0032678842544555664,0.023690223693847656,-0.07590055465698242,-0.06086111068725586,-0.020116448402404785,-0.0038560032844543457,-0.012306690216064453,-0.008040189743041992,-0.0033423900604248047,-0.01499319076538086,0.035370588302612305,-0.00731658935546875,-0.07250821590423584,0.005302906036376953
2018-03-14,0.0046288371086120605,0.008748888969421387,-0.03108811378479004,-0.0317460298538208,0.015049278736114502,0.002365589141845703,-0.005585670471191406,-0.0029909610748291016,0.002226114273071289,-0.0018450617790222168,0.013729691505432129,-0.009226560592651367,-0.04800701141357422,0.019341468811035156
2018-03-15,-0.026007652282714844,-0.012123465538024902,0.014302313327789307,-0.020439624786376953,0.013171732425689697,0.008796453475952148,0.015030145645141602,0.0009940266609191895,0.004846096038818359,0.00323486328125,-0.007571697235107422,0.01303243637084961,0.007669687271118164,-0.021953880786895752
2018-03-16,0.024509012699127197,-0.013310790061950684,-0.0003921985626220703,-0.015291810035705566,0.003737330436706543,-0.01488727331161499,0.011112987995147705,0.0009949803352355957,-0.009789049625396729,-0.022570312023162842,0.0032237768173217773,0.005518317222595215,0.014293253421783447,0.0033669471740722656
2018-03-19,0.0005162358283996582,-0.0060274600982666016,-0.07683265209197998,0.016122162342071533,0.027867138385772705,-0.003022491931915283,0.01190882921218872,0.016932308673858643,-0.0034208297729492188,-0.011310040950775146,-0.02335047721862793,0.01724141836166382,0.03587538003921509,-0.025886893272399902
2018-03-20,0.002754807472229004,0.0031763315200805664,0.019957542419433594,0.04031914472579956,-0.006063938140869141,-0.004114329814910889,0.008657217025756836,0.0020263195037841797,-0.0012508630752563477,-0.003336489200592041,0.003070831298828125,-0.004638075828552246,-0.00055694580078125,-0.007874011993408203
2018-03-21,-0.009150505065917969,0.009978890419006348,-0.002081573009490967,-0.014828085899353027,0.0032877326011657715,0.01043713092803955,0.009589016437530518,-0.0010151863098144531,0.008621454238891602,0.005260586738586426,0.007762908935546875,0.004415929317474365,0.006457984447479248,-0.005456328392028809
2018-03-22,0.008725345134735107,-0.015390396118164062,-0.005006253719329834,0.012397527694702148,0.0010994672775268555,0.004734158515930176,0.02057403326034546,0.004056811332702637,0.012503981590270996,0.001902937889099121,-0.010740995407104492,0.02600806951522827,0.0124397873878479,-0.008312523365020752
2018-03-23,0.006731152534484863,-0.03608649969100952,-0.013836503028869629,0.041918814182281494,0.002201378345489502,-0.013921618461608887,0.027184486389160156,-0.02749490737915039,-0.002053499221801758,-0.013295352458953857,-0.035205066204071045,0.027944505214691162,-0.0862460732460022,-0.03889358043670654
2018-03-26,-0.026237964630126953,0.015615582466125488,-0.06632649898529053,-0.1125408411026001,-0.009928345680236816,-0.0282362699508667,-0.02213752269744873,-0.005235612392425537,0.005858778953552246,0.0004811286926269531,0.028418779373168945,-0.04982960224151611,0.05104327201843262,-0.05825924873352051
2018-03-27,-0.0543515682220459,0.009659051895141602,-0.016347646713256836,0.006940007209777832,0.0070999860763549805,0.00042241811752319336,-0.007988691329956055,-0.026315808296203613,0.016167044639587402,0.010101079940795898,0.038134098052978516,-0.031845808029174805,0.03603923320770264,-0.0004944801330566406
2018-03-28,0.00754779577255249,-0.0033190250396728516,0.010200023651123047,0.01863616704940796,0.018701910972595215,0.0035926103591918945,0.019549071788787842,0.028717994689941406,0.004781365394592285,-0.0019047260284423828,-0.04173761606216431,0.01749563217163086,-0.0027372241020202637,-0.0044481754302978516
2018-04-02,-0.03932034969329834,-0.02242898941040039,0.0031708478927612305,-0.000863194465637207,-0.011210799217224121,-0.023966073989868164,-0.059277892112731934,-0.012671589851379395,0.004369020462036133,-0.04627859592437744,0.010555505752563477,0.015006005764007568,0.011550664901733398,-0.004592418670654297
2018-04-03,0.020395398139953613,0.0050095319747924805,-0.025844931602478027,-0.018111228942871094,-0.014966845512390137,0.007870733737945557,0.03131556510925293,-0.01668405532836914,0.013908863067626953,-0.0063838958740234375,-0.008905947208404541,-0.017672181129455566,0.020802736282348633,-0.022367358207702637
2018-04-04,-0.010648488998413086,-0.018542468547821045,0.03953486680984497,0.02456587553024292,0.0016384720802307129,0.01711905002593994,-0.005184173583984375,0.010256409645080566,-0.016587376594543457,0.022655189037322998,-0.010982871055603027,0.012774467468261719,-0.01395505666732788,0.02443307638168335
2018-04-05,-0.02657639980316162,0.022041678428649902,-0.05972564220428467,-0.08293533325195312,-0.022975921630859375,-0.013593912124633789,0.037223100662231445,-0.025906682014465332,0.020896434783935547,-0.03708851337432861,0.02759397029876709,-0.04852402210235596,0.05110645294189453,-0.02488124370574951
2018-04-06,-0.0070465803146362305,-0.0057642459869384766,-0.01827871799468994,-0.01142740249633789,-0.040106892585754395,-0.00754392147064209,0.007177472114562988,-0.007070660591125488,-0.006968021392822266,-0.0004470348358154297,-0.05294179916381836,-0.0015426874160766602,0.0165632963180542,-0.0046318769454956055
2018-04-09,-0.02996647357940674,0.03818464279174805,-0.020568490028381348,0.00099104642868042,-0.012853503227233887,-0.008319497108459473,0.0007126331329345703,-0.010030031204223633,0.019707798957824707,0.0008936524391174316,-0.030478954315185547,-0.0036579370498657227,0.024387717247009277,-0.005564332008361816
2018-04-10,0.008565902709960938,-0.0517042875289917,0.00036644935607910156,-0.005555510520935059,0.017766475677490234,0.009488403797149658,0.02830684185028076,0.014895737171173096,-0.006531894207000732,0.004025101661682129,0.0005030632019042969,-0.01016688346862793,-0.01046687364578247,-0.009486198425292969
2018-04-11,0.008490979671478271,0.011626899242401123,0.018328428268432617,0.024861931800842285,-0.024289369583129883,0.0010412335395812988,-0.014716088771820068,0.0040321946144104,0.0042209625244140625,-0.01122581958770752,0.02858579158782959,0.023737192153930664,-0.02157008647918701,0.02270948886871338
2018-04-12,-0.017728447914123535,-0.01658022403717041,0.012322604656219482,0.00930798053741455,0.004540860652923584,-0.005211591720581055,0.0077315568923950195,0.010121464729309082,0.0011047124862670898,-0.007548809051513672,0.009221851825714111,0.012643396854400635,-0.02511918544769287,0.0008012652397155762
2018-04-13,0.022291183471679688,0.011298418045043945,-0.011342167854309082,-0.02287590503692627,-0.0,0.002073824405670166,0.005231022834777832,-0.0010224580764770508,0.0018839836120605469,-0.014543890953063965,-0.0005228519439697266,0.011229336261749268,-0.00043487548828125,0.0070569515228271484
2018-04-16,0.0007549524307250977,0.00027638673782348633,0.004112184047698975,0.007587909698486328,0.002534210681915283,-0.008935928344726562,-0.002254962921142578,-0.0020428895950317383,0.0017998218536376953,-0.01824498176574707,0.02121877670288086,0.00777047872543335,-0.006852328777313232,-0.0025844573974609375
2018-04-17,0.01903897523880005,0.018436551094055176,0.013888835906982422,0.027163028717041016,-0.009654402732849121,-0.0032955408096313477,0.014429688453674316,-0.0020388364791870117,0.001179814338684082,0.005972683429718018,0.012174248695373535,0.003413677215576172,-0.005913913249969482,0.007894337177276611
2018-04-18,-0.013092994689941406,0.02657783031463623,0.04453754425048828,-0.0095139741897583,0.00150984525680542,0.008006572723388672,-0.0058269500732421875,-0.0061037540435791016,-0.01245415210723877,0.009442031383514404,0.008216261863708496,0.0068506598472595215,-0.011677861213684082,-0.0053588151931762695
2018-04-19,0.010339021682739258,0.010323166847229004,-0.02788841724395752,-0.003892660140991211,0.01008063554763794,-0.0033111572265625,-0.0015513896942138672,0.002022266387939453,-0.005776762962341309,-0.0,0.010791361331939697,0.0012173056602478027,0.003232598304748535,-0.028913021087646484
2018-04-20,-0.0046089887619018555,0.014037847518920898,0.012790679931640625,0.07448983192443848,0.014256536960601807,-0.008663415908813477,-0.025725185871124268,0.014184355735778809,-0.010965943336486816,0.0008665323257446289,0.02600550651550293,0.02010965347290039,-0.05366671085357666,0.031240224838256836
2018-04-23,-0.004434823989868164,-0.0009887218475341797,-0.0039261579513549805,-0.018743157386779785,-0.003615736961364746,0.010429441928863525,-0.00974661111831665,0.0030832886695861816,-0.03395211696624756,-0.013876795768737793,-0.005430459976196289,-0.005182385444641113,0.024891376495361328,-0.01458430290222168
2018-04-24,-0.06303286552429199,0.002666950225830078,0.01681661605834961,0.01839834451675415,-0.0030879974365234375,0.0002066493034362793,0.016821861267089844,0.014433026313781738,-0.001600503921508789,0.0025663375854492188,0.01012718677520752,0.007630407810211182,-0.016611337661743164,-0.034978508949279785
2018-04-25,-0.004583239555358887,0.012776076793670654,0.04097050428390503,0.01852262020111084,0.015392482280731201,0.007441043853759766,-0.01830345392227173,0.008368134498596191,0.015793144702911377,-0.0017153024673461914,0.009094059467315674,0.014131367206573486,-0.017474353313446045,-0.0038579702377319336
2018-04-26,-0.051183342933654785,0.00932985544204712,-0.007880568504333496,0.0020220279693603516,-0.011985421180725098,-0.004997849464416504,-0.0001792311668395996,0.004219412803649902,-0.018481969833374023,-0.014982819557189941,0.014110326766967773,0.01686340570449829,-0.002845585346221924,-0.08347427845001221
2018-04-27,0.00773090124130249,-0.09205067157745361,-0.04485595226287842,-0.0306168794631958,-0.011843442916870117,0.0037298202514648438,0.032454729080200195,-0.015889883041381836,-0.0014878511428833008,-0.0029523372650146484,-0.026413679122924805,-0.04030883312225342,0.04661118984222412,0.00993192195892334
2018-04-30,0.013395309448242188,0.04061579704284668,-0.04253649711608887,-0.020314574241638184,-0.0005089044570922852,-0.011023283004760742,-0.012851595878601074,-0.00834202766418457,-0.007056832313537598,-0.01850295066833496,-0.021312713623046875,-0.015663623809814453,0.008748054504394531,-0.037546634674072266
2018-05-02,0.01801055669784546,-0.012468576431274414,0.032867431640625,0.03896379470825195,-0.007121086120605469,-0.012960314750671387,-0.025686204433441162,0.011375367641448975,0.0156480073928833,-0.03798508644104004,0.027194976806640625,0.021915555000305176,-0.03750425577163696,0.02140885591506958
2018-05-03,0.015519201755523682,-0.0184248685836792,0.008984386920928955,-0.005123615264892578,0.014646410942077637,0.0008123517036437988,0.01805710792541504,0.021966516971588135,-0.0052721500396728516,0.018695294857025146,0.008101284503936768,-0.0037344694137573242,-0.003978431224822998,0.0008468031883239746
2018-05-04,0.027944982051849365,0.024559497833251953,0.023255765438079834,0.008421897888183594,-0.025627851486206055,-0.010365843772888184,0.003370046615600586,0.007486581802368164,-0.006921648979187012,-0.0,0.005406677722930908,-0.0002067089080810547,-0.005169212818145752,0.025003552436828613
2018-05-07,0.009877681732177734,-0.030367016792297363,-0.02744150161743164,-0.030397772789001465,-0.011494159698486328,0.005431532859802246,0.02457129955291748,0.011853516101837158,0.0007138252258300781,-0.0093231201171875,-0.024520039558410645,-0.018805503845214844,0.01830422878265381,-0.008113503456115723
2018-05-08,0.020845770835876465,-0.011471748352050781,-0.014925360679626465,0.0030368566513061523,-0.022233247756958008,0.005258917808532715,-0.06728780269622803,0.0065430402755737305,0.010689020156860352,0.002409636974334717,0.012192368507385254,-0.014401674270629883,0.014032244682312012,0.013222217559814453
2018-05-09,-0.05656933784484863,-0.011526107788085938,0.009287893772125244,0.01610088348388672,0.022232890129089355,-0.0056934356689453125,0.008082747459411621,0.0032930374145507812,-0.005081295967102051,-0.00724637508392334,-0.0037714242935180664,0.008198380470275879,-0.023215889930725098,-0.01325380802154541
2018-05-10,-0.01554405689239502,0.0015496611595153809,0.04140627384185791,0.03936314582824707,-0.11616408824920654,-0.0072786808013916016,-0.00016307830810546875,-0.03744494915008545,-0.0033260583877563477,0.002797722816467285,0.017192304134368896,0.00020164251327514648,-0.04929172992706299,0.009199380874633789
2018-05-11,-0.007794737815856934,-0.010316729545593262,-0.030969858169555664,0.007596611976623535,0.007270693778991699,-0.009433984756469727,-0.013361573219299316,0.004576683044433594,-0.004720568656921387,-0.016032099723815918,0.028498589992523193,-0.009679436683654785,0.0065271854400634766,-0.016248345375061035
2018-05-14,0.020531535148620605,0.002530217170715332,-0.0,-0.01090240478515625,-0.0016657710075378418,-0.004971146583557129,0.002733588218688965,-0.03644651174545288,-0.01095426082611084,-0.003155827522277832,-0.005723834037780762,-0.012981772422790527,-0.0006117820739746094,0.015560328960418701
2018-05-15,0.00043070316314697266,0.003986239433288574,0.022529661655426025,0.03097754716873169,-0.03893214464187622,-0.007914543151855469,0.005965828895568848,-0.03073287010192871,-0.0010182857513427734,-0.009830832481384277,0.03758591413497925,0.022082030773162842,-0.027791321277618408,-0.002755284309387207
2018-05-16,-0.007181882858276367,-0.0005457401275634766,0.05742013454437256,0.004736006259918213,-0.03182870149612427,0.00706714391708374,0.03568530082702637,0.009756088256835938,-0.004512429237365723,0.0019470453262329102,-0.12048786878585815,0.01975804567337036,-0.01523745059967041,-0.011569023132324219
2018-05-17,0.008841991424560547,0.019181787967681885,0.016731083393096924,0.004282653331756592,-0.012552320957183838,-0.0021747350692749023,0.004205226898193359,0.01932370662689209,0.005842328071594238,0.008583605289459229,0.011346101760864258,0.0016454458236694336,0.008695602416992188,0.012723386287689209
2018-05-18,0.006187021732330322,0.012142002582550049,0.02705061435699463,0.018876850605010986,-0.001210629940032959,0.007693827152252197,0.03344595432281494,-0.02843606472015381,-0.008175134658813477,-0.0188901424407959,-0.02229917049407959,0.01586318016052246,-0.023326516151428223,-0.0005792379379272461
2018-05-21,-0.020124435424804688,0.011353075504302979,-0.02735424041748047,-0.045299530029296875,-0.0193939208984375,0.009542703628540039,-0.01118481159210205,-0.018292665481567383,0.002616584300994873,0.013904929161071777,0.04547393321990967,-0.023445606231689453,0.04646933078765869,0.03285098075866699
2018-05-22,0.016037464141845703,0.006738126277923584,-0.024443387985229492,-0.0,0.017305374145507812,0.0014050602912902832,-0.003456592559814453,0.026086926460266113,0.01090937852859497,0.010967493057250977,0.043495893478393555,-0.03865814208984375,0.017365336418151855,-0.0016460418701171875
2018-05-23,-0.02293384075164795,0.005828380584716797,-0.02939927577972412,0.013047456741333008,-0.0006075501441955566,0.011256277561187744,-0.006028294563293457,-0.020581066608428955,-0.026418745517730713,0.005544543266296387,-0.01220625638961792,-0.03662872314453125,-0.01828819513320923,0.0029877424240112305
2018-05-24,0.017484545707702637,-0.027294635772705078,-0.017384052276611328,-0.010151147842407227,0.007902741432189941,-0.009351491928100586,-0.019346117973327637,-0.009888768196105957,0.00919806957244873,-0.0159299373626709,0.019324302673339844,-0.020136713981628418,0.003601551055908203,0.01108783483505249
2018-05-25,0.0012915730476379395,-0.0075778961181640625,-0.018714308738708496,-0.03598976135253906,0.01809406280517578,-0.011480331420898438,0.006886184215545654,0.01997506618499756,-0.02365422248840332,-0.01607215404510498,0.015088915824890137,0.005772769451141357,0.02512061595916748,-0.028484821319580078
2018-05-28,0.014082551002502441,-0.014206171035766602,-0.03075087070465088,-0.04737198352813721,0.027251124382019043,-0.016726374626159668,-0.01217663288116455,0.03059971332550049,0.00026112794876098633,-0.0007715225219726562,0.06415963172912598,-0.019104599952697754,-0.0543215274810791,-0.017089009284973145
2018-05-29,0.004081010818481445,-0.0029295682907104492,0.03642004728317261,0.03101438283920288,0.0011534690856933594,0.004700362682342529,0.03124481439590454,-0.029691219329833984,0.019405007362365723,0.010023176670074463,-0.03426462411880493,0.02848738431930542,0.03824132680892944,0.020712673664093018
2018-05-30,-0.008927345275878906,0.011136412620544434,0.014475226402282715,0.002222776412963867,-0.008064568042755127,-0.007674098014831543,0.017247319221496582,-0.019583821296691895,-0.004021644592285156,-0.014797568321228027,0.005315899848937988,-0.010783195495605469,0.007380962371826172,-0.015086531639099121
2018-05-31,-0.01145923137664795,-0.007846355438232422,0.01223987340927124,-0.004009842872619629,-0.0150986909866333,-0.0443272590637207,-0.0031589269638061523,0.016229748725891113,-0.037456512451171875,-0.024174928665161133,-0.02865225076675415,-0.008983731269836426,-0.010434150695800781,-0.00888824462890625
2018-06-01,-0.00014340877532958984,0.016944468021392822,-0.00041306018829345703,0.005103170871734619,-0.021226465702056885,0.013463020324707031,-0.012246370315551758,0.0012284517288208008,0.0204811692237854,0.01236414909362793,-0.008355438709259033,0.010573089122772217,0.017210662364959717,0.010109782218933105
2018-06-04,-0.002294182777404785,-0.0007452964782714844,0.04170101881027222,0.011373758316040039,-0.021686792373657227,-0.03032594919204712,0.008814334869384766,-0.039263784885406494,0.0068915486335754395,0.010622203350067139,0.0031915903091430664,0.01387333869934082,0.018719851970672607,-0.0007294416427612305
2018-06-05,0.015164494514465332,0.011451363563537598,0.030590295791625977,-0.0011278390884399414,0.012931108474731445,0.008405089378356934,0.009241461753845215,-0.020434319972991943,0.0014719367027282715,-0.0003834962844848633,-0.006744682788848877,-0.0020911693572998047,0.007138490676879883,0.01807844638824463
2018-06-06,-0.014962196350097656,-0.0009417533874511719,-0.020888924598693848,-0.02929246425628662,0.012158036231994629,-0.0031014680862426758,0.0007040500640869141,-0.06910037994384766,-0.010740280151367188,-0.008432388305664062,0.024727702140808105,-0.02504265308380127,-0.04078340530395508,-0.007126927375793457
2018-06-07,-0.008587360382080078,-0.02069997787475586,-0.009577751159667969,-0.04816114902496338,0.03423416614532471,0.0025277137756347656,-0.02465653419494629,-0.025609731674194336,0.01007920503616333,0.003800809383392334,0.016754150390625,0.0018508434295654297,-0.026441216468811035,-0.0011794567108154297
2018-06-08,0.0069533586502075195,0.009218275547027588,-0.006468296051025391,-0.015664100646972656,0.005807161331176758,-0.00640028715133667,0.00910961627960205,0.0035670995712280273,0.006182730197906494,-0.006104588508605957,0.05041813850402832,-0.012423515319824219,-0.029241085052490234,0.0055956244468688965
2018-06-11,0.005858778953552246,-0.004745006561279297,-0.011996626853942871,0.004935264587402344,0.012124776840209961,-0.003318309783935547,0.006418049335479736,-0.005966544151306152,-0.008524417877197266,-0.0037921667098999023,0.01264345645904541,-0.0036630630493164062,0.018601953983306885,0.005775153636932373
2018-06-12,-0.036078691482543945,0.00518566370010376,0.0029636025428771973,-0.017565608024597168,0.009127140045166016,0.0007833242416381836,-0.003491640090942383,-0.018979787826538086,-0.026223182678222656,-0.00453341007232666,0.0017341375350952148,-0.03229928016662598,-0.010568618774414062,0.010425984859466553
2018-06-13,0.007907867431640625,-0.006515860557556152,-0.0271761417388916,-0.0026401281356811523,-0.01921987533569336,-0.006262242794036865,-0.01165628433227539,-0.01862633228302002,0.00475764274597168,0.003008604049682617,-0.004962503910064697,-0.017146944999694824,-0.011026501655578613,-0.003010272979736328
2018-06-14,-0.0076912641525268555,0.015999317169189453,0.012401819229125977,0.010330140590667725,-0.01152735948562622,0.0031508207321166992,0.020636260509490967,-0.009142875671386719,-0.009226679801940918,-0.005280971527099609,0.004407286643981934,0.0177268385887146,0.014729082584381104,-0.012004852294921875
2018-06-15,0.012350797653198242,0.006108999252319336,0.030138134956359863,0.029471993446350098,-0.021574318408966064,-0.0039261579513549805,0.007901668548583984,0.02038508653640747,-0.0020117759704589844,-0.005628466606140137,-0.020207881927490234,0.01822364330291748,0.04188060760498047,0.019424736499786377
2018-06-18,-0.000983595848083496,0.011725783348083496,0.007337033748626709,0.008013427257537842,0.001191854476928711,-0.005124151706695557,-0.037168145179748535,0.019653141498565674,-0.00030493736267089844,0.018283545970916748,-0.014967560768127441,0.0021625757217407227,-0.0016674995422363281,-0.0030243396759033203
2018-06-19,-0.005614876747131348,0.010238230228424072,0.020869553089141846,0.021896302700042725,-0.014285683631896973,0.0021791458129882812,0.0006826519966125488,0.029481112957000732,0.018521785736083984,0.009502112865447998,-0.019143342971801758,0.015351295471191406,0.005112946033477783,0.0022614002227783203
2018-06-20,0.010608673095703125,-0.003673553466796875,0.02264648675918579,0.0030428171157836914,0.008454084396362305,0.01601111888885498,-0.001366257667541504,-0.025516390800476074,-0.01858663558959961,-0.016500353813171387,-0.007074892520904541,-0.002567768096923828,0.012788355350494385,-0.01571476459503174
2018-06-21,0.026100456714630127,0.01165473461151123,0.0263516902923584,0.026378870010375977,-0.014371216297149658,0.0007781982421875,-0.016200542449951172,-0.00710904598236084,0.0035071969032287598,0.007927536964416504,-0.0324324369430542,0.017014265060424805,0.035108983516693115,0.009372174739837646
2018-06-22,0.014486432075500488,-0.0245591402053833,0.004666328430175781,-0.018808722496032715,0.007290363311767578,0.012441635131835938,-0.009061813354492188,0.010588228702545166,0.0036980509757995605,-0.005707740783691406,-0.018029510974884033,-0.016378164291381836,0.0030112862586975098,-0.0064574480056762695
2018-06-25,-0.012641549110412598,0.019880175590515137,0.041256487369537354,0.03912085294723511,-0.0018094182014465332,0.005568385124206543,0.036421000957489014,-0.00475621223449707,-0.008549809455871582,-0.004918694496154785,-0.025601208209991455,0.016846656799316406,0.040775179862976074,0.0028350353240966797
2018-06-26,0.003628969192504883,0.0019409656524658203,-0.011246919631958008,-0.012808680534362793,0.009063482284545898,-0.0005728006362915039,0.005522966384887695,0.013017714023590088,-0.006776928901672363,-0.0015059709548950195,0.0006635189056396484,0.003911435604095459,-0.013251185417175293,-0.005386829376220703
2018-06-27,0.025058269500732422,0.012349307537078857,0.026112258434295654,0.02326101064682007,-0.008982062339782715,0.009170770645141602,0.03141278028488159,0.01798558235168457,0.007084190845489502,0.00451129674911499,-0.038854241371154785,0.0213162899017334,0.026285231113433838,0.0010418295860290527
2018-06-28,0.009264826774597168,0.00639951229095459,0.01986098289489746,-0.005549192428588867,-0.05027192831039429,0.008519530296325684,0.027414441108703613,0.040293097496032715,0.0008379220962524414,-0.011329293251037598,-0.051462531089782715,0.017959535121917725,0.019946813583374023,0.018772423267364502
2018-06-29,0.011010527610778809,-0.012286901473999023,0.0035460591316223145,-0.011726737022399902,-0.041353821754455566,-0.01051253080368042,-0.01473844051361084,0.011450409889221191,0.017991483211517334,-0.002987384796142578,0.04610908031463623,-0.009143948554992676,-0.02822256088256836,-0.03143036365509033
2018-07-02,-0.013725757598876953,-0.002838730812072754,-0.009659409523010254,0.010681867599487305,0.006598174571990967,-0.016695082187652588,-0.007262110710144043,0.006434977054595947,-0.008591294288635254,0.0037230253219604492,0.026140213012695312,0.0019279122352600098,0.009501218795776367,0.007654964923858643
2018-07-03,-0.00887608528137207,0.0013665556907653809,0.006042361259460449,0.018148362636566162,-0.02460026741027832,-0.0013505816459655762,0.016222059726715088,-0.01554405689239502,-0.0011289119720458984,-0.011210799217224121,-0.012737154960632324,0.00521540641784668,0.005861878395080566,0.0004450082778930664
2018-07-04,-0.014315605163574219,-0.006255507469177246,-0.0010132789611816406,-0.0,-0.0024008750915527344,0.01603567600250244,-0.0012825727462768555,-0.005102038383483887,-0.012967705726623535,-0.008869171142578125,-0.013587653636932373,0.00019413232803344727,0.012999236583709717,0.004007160663604736
2018-07-05,0.016171693801879883,0.007285118103027344,-0.0015181303024291992,0.004211544990539551,0.016167640686035156,0.009507536888122559,0.006221473217010498,0.026649832725524902,0.005996108055114746,-0.0,-0.007235348224639893,0.003884255886077881,0.00393754243850708,-0.039040446281433105
2018-07-06,-0.015092611312866211,-0.005283832550048828,-0.021728157997131348,-0.01738715171813965,0.007912397384643555,-0.0039556026458740234,0.005523860454559326,-0.01434171199798584,0.002570629119873047,-0.004395604133605957,0.018500328063964844,-0.0029245615005493164,-0.02440023422241211,-0.011329412460327148
2018-07-09,-0.06138676404953003,-0.0224839448928833,-0.013353109359741211,-0.007621288299560547,-0.04110431671142578,0.0049169063568115234,-0.004258513450622559,-0.0,0.0005613565444946289,-0.010211467742919922,0.011008739471435547,-0.01691281795501709,-0.0,-0.030345916748046875
2018-07-10,0.002352595329284668,-0.013898134231567383,-0.022938132286071777,-0.005271553993225098,0.016499698162078857,0.00978541374206543,-0.008112072944641113,-0.01413881778717041,0.01184701919555664,0.009386301040649414,0.0006804466247558594,-0.008411407470703125,-0.00452423095703125,-0.022295594215393066
2018-07-11,-0.0020340681076049805,-0.007511019706726074,0.029580235481262207,0.02348381280899048,0.017974853515625,0.0007455348968505859,0.01700800657272339,-0.0,0.010490357875823975,-0.01093292236328125,-0.029515743255615234,0.017630279064178467,0.038415729999542236,-0.0005385875701904297
2018-07-12,0.016933202743530273,-0.003354787826538086,-0.029990196228027344,0.014008939266204834,0.025015175342559814,0.008379936218261719,-0.013209223747253418,0.006337106227874756,-0.012194514274597168,-0.002162933349609375,0.007288098335266113,-0.014087200164794922,0.002617359161376953,-0.008611321449279785
2018-07-13,-0.019118070602416992,-0.028513014316558838,0.01861572265625,-0.045465290546417236,0.02503126859664917,0.00683283805847168,0.016709446907043457,0.029336750507354736,0.007429778575897217,-0.010431647300720215,-0.029636919498443604,0.01902949810028076,0.02472376823425293,-0.003201723098754883
2018-07-16,-0.0020433664321899414,-0.0017209053039550781,0.03939694166183472,-0.04415786266326904,0.04813861846923828,-0.005502581596374512,0.0317460298538208,-0.051248371601104736,0.0005198121070861816,-0.002848029136657715,0.0,0.02386033535003662,0.030165672302246094,-0.006648898124694824
2018-07-17,0.0,0.030262470245361328,-0.07341766357421875,-0.06073188781738281,-0.19082939624786377,0.0036886930465698242,-0.02777242660522461,0.03739619255065918,0.0092315673828125,0.0056798458099365234,-0.06567251682281494,-0.029610395431518555,-0.08893096446990967,-0.0060765743255615234
2018-07-18,0.001732468605041504,-0.021100640296936035,0.027830183506011963,0.032052814960479736,0.026613891124725342,-0.0003675222396850586,0.01407390832901001,-0.016021430492401123,0.0065354108810424805,0.001428067684173584,0.0444025993347168,-0.0019301176071166992,0.058334410190582275,-0.007484316825866699
2018-07-19,-0.010220110416412354,0.0004748106002807617,-0.02183401584625244,-0.023508548736572266,0.0011634230613708496,0.004595637321472168,0.005709946155548096,0.002713799476623535,0.0022720694541931152,-0.036467671394348145,-0.0012673139572143555,-0.0025044679641723633,-0.004129886627197266,-0.02254652976989746
2018-07-20,0.003971457481384277,0.013098001480102539,-0.0018993616104125977,-0.018523097038269043,0.0011647939682006836,0.0012809038162231445,-0.017610907554626465,-0.0027064085006713867,-0.007573127746582031,-0.010389566421508789,-0.0033750534057617188,-0.004996061325073242,-0.003403782844543457,0.014784574508666992
2018-07-23,0.01566457748413086,0.012460112571716309,-0.053554534912109375,-0.046556711196899414,-0.024489760398864746,-0.014802694320678711,-0.03668177127838135,0.02306652069091797,-0.01976299285888672,0.0026246309280395508,-0.04498946666717529,-0.01854681968688965,-0.030105948448181152,-0.0002588033676147461
2018-07-24,-0.0015578866004943848,0.010641217231750488,-0.05263161659240723,-0.024791479110717773,0.0017074942588806152,0.0014840364456176758,0.00435483455657959,0.026525139808654785,-0.00373685359954834,-0.018698573112487793,-0.004426002502441406,-0.0018771886825561523,-0.03059828281402588,0.005819976329803467
2018-07-25,-0.00577312707901001,-0.025361597537994385,0.005982875823974609,-0.02645266056060791,0.009121954441070557,0.0050008296966552734,-0.0010935068130493164,-0.007751941680908203,-0.009063363075256348,0.002286553382873535,0.0006676912307739258,-0.018737077713012695,-0.007722020149230957,0.0037726163864135742
2018-07-26,0.004394173622131348,0.017660975456237793,-0.056749820709228516,-0.08237886428833008,-0.015535116195678711,0.010320782661437988,-0.04005098342895508,-0.005208373069763184,0.002391815185546875,-0.0030418038368225098,-0.020176410675048828,-0.05830419063568115,-0.04082441329956055,-0.034343183040618896
2018-07-27,-0.005624949932098389,0.02141594886779785,0.007729887962341309,-0.001017451286315918,-0.028895258903503418,0.004195570945739746,-0.026430964469909668,0.028795719146728516,-0.010814428329467773,0.0,-0.014276385307312012,0.0033020973205566406,-0.0,0.0006761550903320312
2018-07-30,0.005971074104309082,0.02964305877685547,-0.10906112194061279,-0.03801596164703369,0.005506634712219238,-0.014532268047332764,-0.04826056957244873,0.050890564918518066,0.005727887153625488,-0.004576683044433594,-0.04752063751220703,-0.0371403694152832,-0.038080692291259766,-0.0018919110298156738
2018-07-31,0.0057795047760009766,-0.03379267454147339,-0.00924217700958252,0.017430543899536133,0.014396488666534424,0.004423975944519043,0.010086238384246826,-0.03026634454727173,-0.012663722038269043,0.0015325546264648438,0.009368836879730225,0.013113617897033691,0.02005380392074585,-0.0036554932594299316
2018-08-01,0.00031054019927978516,-0.009538531303405762,0.021611690521240234,-0.0017938613891601562,0.01573038101196289,-0.009543061256408691,0.016269564628601074,-0.012484371662139893,-0.0031075477600097656,0.004208087921142578,-0.027127981185913086,-0.0054514408111572266,-0.019216418266296387,-0.0057073235511779785
2018-08-02,0.020649075508117676,0.0038521289825439453,0.020965933799743652,0.019498586654663086,0.003995418548583984,-0.013155519962310791,0.0025058388710021973,0.013906478881835938,-0.010842680931091309,-0.02476191520690918,0.025805652141571045,0.00406646728515625,0.014201819896697998,-0.0110701322555542
2018-08-03,-0.00015217065811157227,-0.05025124549865723,-0.01682603359222412,-0.039772748947143555,-0.0,-0.00413060188293457,-0.021604418754577637,0.026184558868408203,0.0035589933395385742,0.02304685115814209,-0.035318970680236816,-0.0182034969329834,-0.018007993698120117,0.0315091609954834
2018-08-06,0.0009129047393798828,-0.038364529609680176,-0.006769537925720215,-0.01541757583618164,-0.013753533363342285,-0.0033937692642211914,-0.03311479091644287,0.008505463600158691,0.007961869239807129,-0.020236670970916748,-0.021501541137695312,-0.030910611152648926,-0.026595115661621094,0.012593746185302734
2018-08-07,0.0024319887161254883,0.00628352165222168,0.03063136339187622,0.019604086875915527,0.011871039867401123,0.007756352424621582,0.006188571453094482,-0.0012047886848449707,0.0027502775192260742,0.0003896951675415039,-0.07996243238449097,0.014424681663513184,0.047177672386169434,0.009923219680786133
2018-08-08,-0.008794546127319336,-0.005480170249938965,-0.017726421356201172,0.0017643570899963379,-0.009725332260131836,0.0026280879974365234,-0.0177232027053833,-0.009650230407714844,-0.003184080123901367,0.0038956403732299805,-0.02901327610015869,-0.015293598175048828,0.01746070384979248,0.002882242202758789
2018-08-09,-0.014073729515075684,-0.04150593280792236,-0.04354405403137207,-0.0272977352142334,-0.01473093032836914,-0.008425414562225342,-0.04486978054046631,0.042630910873413086,0.0077974796295166016,-0.008925199508666992,0.03672504425048828,-0.028182625770568848,-0.05039346218109131,-0.004441559314727783
2018-08-10,-0.07633829116821289,0.008936464786529541,0.043904244899749756,0.048939049243927,0.003908514976501465,-0.0018882155418395996,0.01321321725845337,0.014018774032592773,0.0027959346771240234,0.006656289100646973,-0.0017775297164916992,-0.04080021381378174,0.04217517375946045,0.004723787307739258
2018-08-13,0.0061986446380615234,0.01722174882888794,0.01897531747817993,0.04623115062713623,0.017376601696014404,-0.010783135890960693,0.011259913444519043,0.027649641036987305,-0.007274627685546875,0.0011668205261230469,-0.03421527147293091,-0.03383153676986694,0.012112021446228027,-0.03173565864562988
2018-08-14,0.010008752346038818,-0.02173912525177002,-0.005028963088989258,-0.003161191940307617,-0.013120412826538086,-0.0011475086212158203,-0.023237943649291992,-0.0011210441589355469,-0.001855611801147461,0.004662036895751953,-0.006189942359924316,0.00254976749420166,-0.009833931922912598,0.03183162212371826
2018-08-16,-0.022271037101745605,-0.00873720645904541,0.026173949241638184,0.01281505823135376,-0.010135054588317871,-0.006509602069854736,-0.005564689636230469,0.017957329750061035,0.006708085536956787,-0.036736249923706055,0.020540714263916016,-0.007460117340087891,0.011635243892669678,-0.010588228702545166
2018-08-17,0.0032965540885925293,-0.00617527961730957,-0.026086926460266113,-0.03873169422149658,-0.038461506366729736,0.0007708072662353516,-0.017050623893737793,0.02756345272064209,-0.003124713897705078,0.014050602912902832,0.02337348461151123,0.03211474418640137,-0.02725529670715332,-0.038974761962890625
2018-08-20,0.010209977626800537,0.004622936248779297,-0.034668684005737305,-0.039336204528808594,-0.05507248640060425,0.009050726890563965,0.0045588016510009766,0.027897119522094727,-0.00027632713317871094,0.009501218795776367,0.009009003639221191,0.0183713436126709,-0.024040818214416504,-0.0020345449447631836
2018-08-21,-0.01627194881439209,-0.018177390098571777,0.0007446408271789551,0.012024462223052979,0.00417172908782959,0.0,-0.0011818408966064453,-0.01670151948928833,0.00753408670425415,-0.009019613265991211,-0.00666499137878418,-0.002112746238708496,0.002919316291809082,0.0067258477210998535
2018-08-23,-0.0027163028717041016,0.006291806697845459,0.00745159387588501,0.011173129081726074,-0.004154384136199951,-0.007633566856384277,0.004869401454925537,0.004246354103088379,0.009489119052886963,-0.01266324520111084,0.010254502296447754,-0.01482081413269043,-0.004757881164550781,0.007026970386505127
2018-08-24,0.00228118896484375,-0.012900710105895996,0.017267286777496338,0.018765151500701904,0.0011042356491088867,-0.004999935626983643,0.02090752124786377,-0.0095137357711792,0.014842569828033447,0.0056111812591552734,0.015288114547729492,-0.006612658500671387,0.024647891521453857,0.0370560884475708
2018-08-27,-0.030294418334960938,-0.01609623432159424,-0.019098520278930664,-0.03249013423919678,-0.02071326971054077,0.0052182674407958984,-0.02953207492828369,0.00747072696685791,-0.012032270431518555,0.016341209411621094,-0.006294667720794678,0.025128960609436035,-0.03796827793121338,-0.02351677417755127
2018-08-28,0.0027739405632019043,-0.015149116516113281,0.04347825050354004,0.038040220737457275,-0.0031288862228393555,0.0069217681884765625,0.002942025661468506,0.005296587944030762,0.009070634841918945,0.00784313678741455,-0.027574241161346436,-0.008603870868682861,0.048812687397003174,0.032375991344451904
2018-08-29,-0.014186382293701172,0.004772305488586426,-0.028213143348693848,-0.02898550033569336,0.014940261840820312,-0.007828950881958008,-0.005163788795471191,0.016859889030456543,0.014532089233398438,0.0027238130569458008,0.015072226524353027,0.014245986938476562,-0.028747916221618652,0.014705896377563477
2018-08-30,-0.010285258293151855,0.010884523391723633,-0.01753056049346924,-0.015895366668701172,0.0,-0.005966067314147949,-0.010861635208129883,0.006217598915100098,0.015691041946411133,-0.008149027824401855,0.011199235916137695,-0.0035518407821655273,-0.030150890350341797,0.009311199188232422
2018-08-31,0.0021718740463256836,0.0007695555686950684,-0.019475698471069336,0.009110748767852783,0.003092527389526367,-0.002323329448699951,0.0050820112228393555,-0.019567489624023438,-0.01650094985961914,0.0070421695709228516,0.03596317768096924,0.0032404661178588867,0.008566319942474365,0.0504491925239563
2018-09-03,0.006801784038543701,0.026877164840698242,0.008449733257293701,-0.003597855567932129,-0.004192829132080078,0.006792187690734863,0.024664342403411865,0.006302595138549805,0.005035102367401123,-0.013985991477966309,-0.020420372486114502,-0.01049739122390747,-0.00576019287109375,0.012954890727996826
2018-09-04,0.01753181219100952,-0.01582777500152588,0.042978882789611816,0.04919332265853882,-0.04643964767456055,-0.011179625988006592,0.01690852642059326,-0.06158667802810669,0.0218239426612854,-0.00906229019165039,-0.03703254461288452,-0.03247922658920288,0.06347692012786865,0.014747083187103271
2018-09-05,0.022166430950164795,0.0064661502838134766,0.0069686174392700195,0.013615429401397705,0.009740233421325684,-0.0031189322471618652,-0.003500699996948242,-0.002224743366241455,0.00040417909622192383,-0.015506923198699951,-0.0006366372108459473,0.0005060434341430664,0.01847362518310547,-0.02918720245361328
2018-09-06,0.030510425567626953,-0.0008624792098999023,-0.011306047439575195,-0.0038224458694458008,-0.005273342132568359,0.003128647804260254,0.0030335187911987305,0.0011148452758789062,-0.013559103012084961,0.018578290939331055,0.0017838478088378906,-0.0003371238708496094,0.0037642717361450195,0.013379812240600586
2018-09-07,-0.021176457405090332,-0.011516690254211426,-0.013878226280212402,-0.0059233903884887695,0.009180307388305664,0.0023392438888549805,-0.01962578296661377,0.018930912017822266,0.002207458019256592,-0.01268833875656128,0.013736844062805176,-0.01619166135787964,-0.007557034492492676,0.04658025503158569
2018-09-10,0.02073734998703003,-0.009604215621948242,0.01026618480682373,0.022502601146697998,-0.03203076124191284,-0.007584631443023682,0.006565213203430176,-0.020765066146850586,0.02489537000656128,-0.0172690749168396,-0.02007526159286499,-0.02331554889678955,0.025604605674743652,-0.0007730722427368164
2018-09-11,-0.012205839157104492,0.0024548768997192383,0.04379558563232422,0.00817561149597168,0.003309011459350586,-0.019988179206848145,0.01907479763031006,-0.02008920907974243,0.0014487504959106445,-0.01389455795288086,-0.012035787105560303,-0.007898867130279541,0.009688079357147217,0.021782755851745605
2018-09-12,-0.008862495422363281,0.022610187530517578,0.05222982168197632,-0.009327530860900879,0.005936622619628906,0.005798816680908203,0.011177420616149902,-0.005694746971130371,-0.0010128021240234375,0.019892215728759766,-0.006868898868560791,0.009554028511047363,-0.005896449089050293,0.00726473331451416
2018-09-14,-0.00014400482177734375,-0.0014950037002563477,-0.00678253173828125,-0.01697826385498047,0.02085244655609131,0.008747458457946777,-0.016878366470336914,0.027491331100463867,-0.024311542510986328,0.007314085960388184,0.02048802375793457,0.018752217292785645,-0.03410613536834717,-0.027998805046081543
2018-09-17,0.01756662130355835,0.016420483589172363,-0.006736874580383301,0.006973743438720703,-0.002440810203552246,-0.018525779247283936,0.008070647716522217,-0.013377904891967773,-0.0022693872451782227,-0.007260918617248535,0.002301812171936035,-0.018407046794891357,0.019324898719787598,0.013927578926086426
2018-09-18,0.010405957698822021,0.027717947959899902,-0.173567533493042,-0.08257079124450684,-0.029748916625976562,-0.0014056563377380371,0.021031618118286133,-0.009039580821990967,0.007938027381896973,-0.012190163135528564,-0.044526636600494385,-0.040308475494384766,-0.09458756446838379,-0.015536665916442871
2018-09-19,-0.0010367631912231445,-0.0003286600112915039,0.030870437622070312,-0.002087712287902832,-0.002521812915802002,-0.014075994491577148,-0.006586194038391113,-0.012542724609375,0.030878305435180664,0.009461045265197754,-0.0006676912307739258,-0.008400261402130127,0.05049335956573486,0.01344454288482666
2018-09-21,-0.045864760875701904,0.015768706798553467,-0.04516446590423584,-0.03045099973678589,-0.02195608615875244,0.004691004753112793,0.011995673179626465,-0.06466513872146606,0.02338409423828125,-0.038304805755615234,-0.08070540428161621,-0.0033149123191833496,-0.06215471029281616,-0.2904135584831238
2018-09-24,-0.04341757297515869,0.0030875205993652344,-0.03598970174789429,-0.028050780296325684,-0.021768689155578613,-0.022736549377441406,0.026332378387451172,-0.041975319385528564,-0.05007237195968628,-0.026694953441619873,-0.05014538764953613,-0.023096799850463867,-0.021354973316192627,-0.00044155120849609375
2018-09-25,0.010860681533813477,-0.02845907211303711,0.017600059509277344,0.0024666786193847656,-0.0008345842361450195,0.013917803764343262,-0.007611393928527832,-0.021907150745391846,0.013469099998474121,0.030474543571472168,-0.03259366750717163,0.024777650833129883,-0.03130161762237549,-0.02959364652633667
2018-09-26,-0.009300827980041504,-0.0050460100173950195,-0.003144681453704834,0.007874011993408203,-0.004732668399810791,0.007990121841430664,-0.006428837776184082,0.007905125617980957,0.0029762983322143555,-0.01182931661605835,0.0015817880630493164,-0.026024341583251953,0.006680130958557129,0.01843428611755371
2018-09-27,-0.021528005599975586,0.028018414974212646,-0.04731863737106323,-0.034179627895355225,-0.01538461446762085,0.004065036773681641,0.020600497722625732,-0.04183000326156616,-0.011634767055511475,-0.0230867862701416,-0.06790900230407715,0.005685091018676758,-0.04475313425064087,-0.09162008762359619
2018-09-28,-0.049958646297454834,-0.0218278169631958,-0.05022072792053223,-0.03311431407928467,0.0042612552642822266,0.015182137489318848,0.003587186336517334,-0.009549856185913086,0.004786014556884766,-0.0008752346038818359,-0.04473060369491577,0.0005652904510498047,-0.02891761064529419,-0.09643298387527466
2018-10-01,-0.02368098497390747,0.032287001609802246,0.05345726013183594,-0.05856215953826904,-0.033239126205444336,0.014556288719177246,-0.02765512466430664,0.028925657272338867,-0.02804654836654663,-0.017082810401916504,-0.05853140354156494,0.03145015239715576,0.0555647611618042,0.09365653991699219
2018-10-03,0.007133960723876953,0.035723328590393066,-0.011583030223846436,0.004445552825927734,0.039014458656311035,-0.0019654035568237305,0.0328025221824646,0.00401616096496582,-0.0024046897888183594,-0.021390318870544434,-0.022955775260925293,-0.007851004600524902,-0.009929120540618896,0.05924820899963379
2018-10-04,-0.0159376859664917,-0.024464845657348633,0.000558018684387207,0.012651979923248291,0.03062671422958374,-0.03623473644256592,-0.04214680194854736,-0.02133333683013916,-0.03002375364303589,-0.021402597427368164,-0.0024570226669311523,-0.0012882351875305176,-0.00764089822769165,0.01057577133178711
2018-10-05,-0.008997678756713867,0.03027719259262085,-0.04406028985977173,0.045979857444763184,-0.0036737918853759766,0.003882288932800293,0.0290679931640625,-0.036784827709198,0.011229872703552246,-0.020939946174621582,0.014705896377563477,-0.04790860414505005,-0.0317612886428833,-0.04186046123504639
2018-10-08,0.024332642555236816,0.021020233631134033,-0.017502903938293457,0.012378215789794922,-0.029282569885253906,-0.010380566120147705,-0.01155233383178711,-0.04526162147521973,-0.004572749137878418,-0.04990494251251221,0.0157545804977417,0.028643250465393066,0.006295561790466309,0.07378637790679932
2018-10-09,0.009750008583068848,0.006648123264312744,-0.04750591516494751,0.0021333694458007812,-0.00640106201171875,-0.0020567774772644043,0.014798164367675781,-0.004444479942321777,0.004937529563903809,-0.0036215782165527344,0.003032863140106201,-0.01053619384765625,-0.0103721022605896,0.015596747398376465
2018-10-10,0.019662976264953613,-0.06575024127960205,0.027431488037109375,-0.08204174041748047,-0.04014134407043457,0.013602614402770996,-0.044408202171325684,-0.06845247745513916,0.01868891716003418,-0.02661263942718506,-0.05813765525817871,-0.059707045555114746,-0.09582436084747314,0.041175127029418945
2018-10-11,-0.001033008098602295,0.014171838760375977,-0.018810689449310303,0.034576475620269775,0.031118273735046387,-0.015046775341033936,0.025480687618255615,0.02089136838912964,-0.027717530727386475,0.0197715163230896,0.030186831951141357,0.05921405553817749,0.046303391456604004,0.02693462371826172
2018-10-12,-0.06480515003204346,-0.006972670555114746,0.02968466281890869,-0.02660524845123291,-0.034361839294433594,0.022708535194396973,-0.024703145027160645,-0.03840672969818115,0.03776955604553223,-0.046167612075805664,-0.03425562381744385,-0.006103396415710449,-0.008436799049377441,0.026019930839538574
2018-10-15,-0.0038847923278808594,0.01427602767944336,0.009609699249267578,0.004983842372894287,-0.027796626091003418,0.013322591781616211,0.01894170045852661,0.010958969593048096,-0.015580594539642334,-0.0029991865158081055,-0.015764355659484863,0.002085268497467041,0.002209961414337158,-0.0018259286880493164
2018-10-16,-0.018219947814941406,-0.021333813667297363,0.032123684883117676,-0.03180563449859619,-0.07717680931091309,-0.007569670677185059,-0.023296594619750977,-0.005540132522583008,-0.00393366813659668,-0.004698753356933594,-0.03558540344238281,-0.026975631713867188,-0.03211510181427002,0.011788606643676758
2018-10-17,0.05621534585952759,0.021737277507781982,-0.006916403770446777,0.0716019868850708,0.038579344749450684,-0.009233236312866211,0.01824420690536499,0.03305786848068237,-0.010274291038513184,-0.0,0.049349069595336914,0.0338512659072876,0.06223171949386597,-0.06830054521560669
2018-10-19,-0.0946308970451355,0.023435473442077637,0.030179858207702637,-0.0013071298599243164,-0.03694272041320801,-0.0034441351890563965,-0.002064824104309082,-0.007122516632080078,-0.01695871353149414,-0.019557833671569824,0.007484018802642822,0.0001913905143737793,0.037267088890075684,-0.06037086248397827
2018-10-22,-0.031690120697021484,0.000888824462890625,0.0022535324096679688,0.047519564628601074,0.019656002521514893,0.01585686206817627,-0.036931395530700684,0.01555866003036499,-0.08070653676986694,0.029191017150878906,0.004492282867431641,0.002872467041015625,0.029541611671447754,-0.029371261596679688
2018-10-23,0.01339709758758545,-0.0012454986572265625,-0.009555935859680176,0.016721487045288086,0.002631664276123047,-0.007004201412200928,0.0129929780960083,0.011494159698486328,0.01635110378265381,-0.009020566940307617,0.01450437307357788,0.01805269718170166,0.0006998181343078613,0.008037805557250977
2018-10-24,-0.00698775053024292,-0.002398848533630371,0.0102156400680542,-0.024811744689941406,-0.02826988697052002,0.0036275386810302734,0.0026327967643737793,-0.024709224700927734,0.03271901607513428,-0.00212860107421875,-0.01618969440460205,-0.00019562244415283203,-0.012605071067810059,-0.04315197467803955
2018-10-25,0.01007986068725586,0.005406796932220459,-0.04438197612762451,0.005168616771697998,0.014540493488311768,-0.011646568775177002,0.006366431713104248,0.0340425968170166,-0.01988363265991211,-0.0076465606689453125,0.0022529959678649902,0.02405160665512085,-0.004149436950683594,-0.027696073055267334
2018-10-26,-0.013745009899139404,0.04161834716796875,0.004703044891357422,-0.003828287124633789,0.014879167079925537,-0.003860294818878174,0.013439655303955078,0.02055799961090088,-0.030380189418792725,0.02318716049194336,-0.0075806379318237305,0.005810439586639404,0.02496558427810669,-0.08898419141769409
2018-10-29,0.009354710578918457,-0.05393338203430176,-0.09069633483886719,-0.1310269832611084,-0.022026419639587402,-0.01774418354034424,-0.10692226886749268,-0.02698659896850586,-0.02282470464706421,0.017695248126983643,-0.07171440124511719,-0.07980644702911377,-0.1289069652557373,0.003320455551147461
2018-10-30,0.032910823822021484,0.007058382034301758,-0.028970003128051758,-0.08116567134857178,-0.024014830589294434,-0.007059812545776367,0.010589540004730225,-0.011678934097290039,-0.034328997135162354,0.012302279472351074,-0.023450374603271484,-0.01959681510925293,-0.09228849411010742,0.004136800765991211
2018-10-31,0.017396092414855957,-0.03500974178314209,-0.006256461143493652,-0.02383601665496826,0.004810631275177002,-0.0006273984909057617,-0.026901960372924805,0.0014430880546569824,0.04456496238708496,0.004448413848876953,-0.015178084373474121,-0.03020322322845459,-0.011886000633239746,0.033232688903808594
2018-11-01,0.014578938484191895,-0.03391134738922119,0.028497397899627686,0.04155784845352173,0.0012084245681762695,0.0002092123031616211,0.003661930561065674,-0.014450907707214355,0.02726125717163086,0.008489787578582764,-0.008769392967224121,-0.0159914493560791,-0.009482026100158691,0.08479535579681396
2018-11-02,-0.007273435592651367,-0.014116048812866211,-0.021866679191589355,0.034960269927978516,0.0030248165130615234,0.019665241241455078,-0.002120494842529297,-0.014245033264160156,0.05317807197570801,-0.02118074893951416,-0.07068544626235962,0.001923680305480957,0.021589815616607666,0.024748802185058594
2018-11-05,-0.008577525615692139,-0.022516965866088867,-0.01252603530883789,-0.010821104049682617,0.026092231273651123,0.003282785415649414,0.01354217529296875,0.009831428527832031,-0.03589963912963867,0.0030891895294189453,0.01962888240814209,-0.03364288806915283,-0.05115342140197754,0.004782438278198242
2018-11-06,-0.01009368896484375,0.027146100997924805,0.007216453552246094,0.01722133159637451,0.001993834972381592,-0.004907965660095215,-0.009867072105407715,0.0028368234634399414,-0.007400155067443848,0.0035413503646850586,0.0027071237564086914,0.02881842851638794,0.006543099880218506,0.02070438861846924
2018-11-09,0.0023670196533203125,-0.009465813636779785,-0.010384202003479004,-0.019891023635864258,-0.006794333457946777,-0.00041103363037109375,-0.01062023639678955,-0.039829254150390625,0.013182520866394043,-0.008884906768798828,0.014849305152893066,0.011171281337738037,-0.038556575775146484,0.06271851062774658
2018-11-12,-0.010717570781707764,0.010844767093658447,0.020041167736053467,0.03714877367019653,0.017300665378570557,-0.012746691703796387,0.012610316276550293,0.010943830013275146,-0.0012710094451904297,-0.015851974487304688,-0.016110002994537354,0.018711328506469727,0.042277753353118896,-0.02128124237060547
2018-11-13,-0.014322400093078613,-0.019371867179870605,0.007341325283050537,-0.02387261390686035,0.014858245849609375,0.0035401582717895508,-0.024265646934509277,0.022130072116851807,-0.004989922046661377,-0.010836601257324219,-0.0069100260734558105,-0.00035965442657470703,-0.018071532249450684,0.010759949684143066
2018-11-14,-0.07432937622070312,0.009057044982910156,-0.04014790058135986,-0.041686296463012695,0.005069732666015625,0.015563368797302246,-0.015793919563293457,-0.009901046752929688,0.018848180770874023,0.030874788761138916,0.010739684104919434,-0.019960522651672363,-0.009891510009765625,-0.013528525829315186
2018-11-15,-0.018033623695373535,-0.02187037467956543,-0.0005079507827758789,-0.012661099433898926,0.002038240432739258,0.008990645408630371,-0.00927436351776123,-0.025210022926330566,-0.0009250044822692871,-0.02831852436065674,0.0056868791580200195,-0.006346940994262695,-0.012209892272949219,-0.07441538572311401
2018-11-16,-0.018054962158203125,0.01006227731704712,-0.0228426456451416,-0.03348958492279053,-0.019913315773010254,0.014783382415771484,0.006621658802032471,0.004098296165466309,-0.007307529449462891,-0.005593776702880859,0.02872025966644287,-0.019271254539489746,-0.012857913970947266,-0.0721399188041687
2018-11-19,0.00853276252746582,0.005647003650665283,-0.001488804817199707,0.011017560958862305,-0.01689612865447998,0.004789471626281738,0.014011681079864502,0.010973989963531494,0.024548649787902832,-0.0055626630783081055,0.0014466047286987305,0.009453415870666504,0.010731697082519531,0.0722513198852539
2018-11-20,0.006581127643585205,0.005922377109527588,0.04806739091873169,0.01725637912750244,0.01538461446762085,-0.0007944107055664062,0.012417197227478027,0.01525658369064331,0.01293933391571045,0.0042552947998046875,-0.027444779872894287,0.01631087064743042,0.02301889657974243,-0.06201171875
2018-11-21,-0.0015287399291992188,-0.0231778621673584,-0.01978135108947754,-0.025783538818359375,-0.036875009536743164,0.003180265426635742,0.003213167190551758,-0.025352120399475098,-0.007157325744628906,-0.005555510520935059,0.019604921340942383,-0.012700557708740234,-0.02884232997894287,0.0314939022064209
2018-11-22,0.0008480548858642578,0.01962190866470337,0.0219498872756958,0.008017420768737793,0.027124762535095215,-0.006538569927215576,0.01317453384399414,-0.07142853736877441,-0.011540710926055908,0.005099833011627197,-0.013692677021026611,0.015154063701629639,0.023558855056762695,-0.013121306896209717
2018-11-26,-0.0013580322265625,-0.026848912239074707,0.009916543960571289,-0.011140227317810059,-0.0043370723724365234,0.021938681602478027,-0.012214183807373047,-0.01794874668121338,0.022173523902893066,-0.0,-0.0063506364822387695,-0.013087987899780273,0.0032349824905395508,-0.039120495319366455
2018-11-27,-0.032378315925598145,0.009191036224365234,-0.0005271434783935547,-0.015122056007385254,-0.002467632293701172,0.007025718688964844,0.004770636558532715,-0.002518892288208008,0.016509413719177246,-0.002562999725341797,0.016944050788879395,-0.010474801063537598,-0.02150106430053711,-0.02794039249420166
2018-11-28,0.038587868213653564,-0.0043182373046875,0.041622817516326904,0.021919608116149902,-0.004923105239868164,0.012209296226501465,-0.012265682220458984,0.025125622749328613,0.015611648559570312,0.011504054069519043,-0.03931593894958496,0.016758859157562256,0.029388427734375,-0.11251020431518555
2018-11-29,0.0006832480430603027,-0.005494117736816406,-0.002748727798461914,0.003916442394256592,-0.0440906286239624,0.0201033353805542,-0.008913636207580566,0.009020566940307617,0.029255986213684082,-0.04568970203399658,0.0007606744766235352,-0.006501555442810059,-0.005182743072509766,-0.010178983211517334
2018-11-30,0.02888387441635132,0.00894838571548462,-0.000548243522644043,0.021625101566314697,-0.0005865097045898438,-0.0013138651847839355,0.019464433193206787,-0.0,-0.01731353998184204,-0.01731240749359131,0.003496527671813965,0.0061103105545043945,0.01641792058944702,0.05827367305755615
2018-12-03,-0.041182637214660645,0.0015181899070739746,-0.019726037979125977,-0.009600400924682617,0.010551035404205322,-0.007141470909118652,-0.0009855031967163086,0.00260084867477417,0.015014052391052246,0.006483018398284912,0.022269368171691895,-0.0075531005859375,-0.029383420944213867,0.04829204082489014
2018-12-04,-0.02890467643737793,0.002480745315551758,-0.008597493171691895,0.017691373825073242,-0.006516575813293457,-0.013060688972473145,-0.006891727447509766,-0.016949176788330078,-0.012407183647155762,0.00040781497955322266,-0.026674628257751465,0.014818668365478516,0.021978020668029785,-0.008426964282989502
2018-12-05,-0.00542140007019043,0.013317286968231201,0.0037293434143066406,0.005402922630310059,0.011183023452758789,0.006520867347717285,0.018298685550689697,0.032051265239715576,-0.01965463161468506,0.011423945426940918,-0.008526146411895752,0.008494079113006592,0.03850376605987549,-0.01756376028060913
2018-12-06,-0.00571894645690918,0.02422964572906494,0.021925151348114014,0.027387917041778564,-0.008333325386047363,-0.0011432170867919922,0.010671615600585938,0.03046363592147827,-0.02129584550857544,0.02600085735321045,-0.0414620041847229,0.016062796115875244,0.03577017784118652,-0.028546690940856934
2018-12-07,0.006823718547821045,-0.006499528884887695,-0.011481761932373047,-0.005352616310119629,0.014167606830596924,0.0051506757736206055,-0.013087987899780273,0.002732217311859131,-0.0016884207725524902,-0.08432197570800781,-0.0014417767524719238,0.0009069442749023438,0.007833361625671387,-0.013357102870941162
2018-12-10,0.036316096782684326,0.02260124683380127,0.00432431697845459,0.027083396911621094,0.01317363977432251,-0.008920133113861084,0.016609907150268555,0.016438305377960205,-0.007882356643676758,-0.06330597400665283,-0.01748758554458618,0.0043572187423706055,0.02100396156311035,-0.003309309482574463
2018-12-11,-0.011033773422241211,-0.023632049560546875,-0.03148758411407471,-0.03235781192779541,-0.015169858932495117,-0.013979315757751465,0.010249793529510498,-0.013927578926086426,-0.0010613799095153809,0.016687512397766113,-0.059438228607177734,-0.0257110595703125,-0.02723681926727295,0.07364928722381592
2018-12-12,-0.032908082008361816,-0.02598261833190918,-0.04315793514251709,-0.04217565059661865,-0.05260014533996582,0.012429475784301758,-0.020857691764831543,-0.0329669713973999,0.018933534622192383,0.01518261432647705,-0.030672073364257812,-0.014222264289855957,-0.05228853225708008,0.04919874668121338
2018-12-13,-0.015767216682434082,0.001371145248413086,0.015136241912841797,-0.00619196891784668,-0.015332221984863281,0.007673144340515137,0.0011430978775024414,-0.04787242412567139,0.017633676528930664,0.022231221199035645,-0.007626652717590332,-0.013146400451660156,-0.0021115541458129883,-0.06377279758453369
2018-12-14,-0.011041760444641113,-0.0018575191497802734,0.004098355770111084,-0.028791189193725586,-0.020693540573120117,-0.002665102481842041,-0.006722927093505859,0.006345152854919434,-0.0038817524909973145,-0.0067220330238342285,-0.018254756927490234,-0.0006921291351318359,-0.008147120475769043,0.03234124183654785
2018-12-17,-0.01171255111694336,0.004997968673706055,-0.0036008358001708984,0.004272580146789551,-0.016986370086669922,0.01660609245300293,-0.018613338470458984,-0.005108475685119629,0.018393278121948242,-0.026671946048736572,-0.0027693510055541992,-0.0010373592376708984,-0.0006966590881347656,0.0036040544509887695
2018-12-18,-0.0018773078918457031,-0.003645777702331543,-0.006663203239440918,-0.01523280143737793,0.006465554237365723,0.0022531747817993164,-0.010601162910461426,-0.04701399803161621,0.0037959814071655273,0.011860966682434082,-0.019186019897460938,-0.011226296424865723,-0.03494846820831299,-0.011049747467041016
2018-12-19,-0.0029668807983398438,-0.03592181205749512,-0.030040740966796875,-0.01965343952178955,-0.028741836547851562,-0.005620062351226807,-0.011732220649719238,-0.03883492946624756,-0.01640695333480835,-0.009296655654907227,-0.03636610507965088,-0.027156352996826172,-0.034575581550598145,0.0030726194381713867
2018-12-20,0.006539046764373779,0.013558804988861084,0.006426095962524414,0.022383451461791992,-0.005798697471618652,0.0067822933197021484,0.011869072914123535,-0.025701045989990234,0.0001239776611328125,0.008975863456726074,0.011008620262145996,0.02211517095565796,0.00819253921508789,0.04010021686553955
2018-12-21,0.0020372867584228516,0.019116878509521484,-0.0014925003051757812,0.011871874332427979,0.030398309230804443,-0.012350380420684814,0.021952152252197266,0.01708430051803589,-0.023064732551574707,-0.0076830387115478516,-0.0032001733779907227,0.007311642169952393,0.0006555318832397461,-0.020348072052001953
2018-12-24,-0.047738611698150635,0.009422540664672852,-0.0029805898666381836,-0.0032181739807128906,-0.014054059982299805,-0.014399349689483643,0.004093766212463379,0.0011588335037231445,-0.008440971374511719,0.009372472763061523,-0.004577040672302246,-0.003939628601074219,-0.008265495300292969,-0.003552854061126709
2018-12-26,-0.023746728897094727,-0.007317066192626953,-0.021297693252563477,-0.019033432006835938,0.014392375946044922,0.01999223232269287,-0.008788108825683594,-0.0,-0.003776371479034424,0.00767064094543457,-0.013668298721313477,-0.003753662109375,-0.0055953264236450195,-0.015633583068847656
2018-12-27,0.005743265151977539,0.003147721290588379,0.011639177799224854,-0.004826903343200684,-0.017847537994384766,-0.008292436599731445,0.0005620718002319336,0.008120596408843994,0.004850864410400391,-0.0064103007316589355,-0.00258791446685791,0.006799280643463135,-0.0050466060638427734,-0.007522940635681152
2018-12-28,-0.022338032722473145,-0.012144804000854492,-0.017664313316345215,-0.02046787738800049,0.009032905101776123,0.008551836013793945,-0.014339923858642578,-0.00467836856842041,0.012308239936828613,0.0012097358703613281,-0.006520748138427734,-0.009070634841918945,-0.025492548942565918,0.01880955696105957
2018-12-31,-0.06871676445007324,0.008239269256591797,-0.004339456558227539,0.009619355201721191,-0.0,-0.0005652904510498047,0.0016632080078125,-0.009313106536865234,0.010137438774108887,0.012082099914550781,0.0044539570808410645,-0.003731369972229004,0.0006277561187744141,0.0019289255142211914
2019-01-01,0.00032138824462890625,-0.011937379837036133,-0.040326476097106934,-0.025005102157592773,0.002680957317352295,0.0124434232711792,-0.009995818138122559,-0.0,-0.002313554286956787,-0.0047751665115356445,-0.02169191837310791,-0.012504220008850098,-0.02914571762084961,0.013476371765136719
2019-01-02,0.002733588218688965,0.011557459831237793,0.034148573875427246,0.022378981113433838,-0.019354820251464844,-0.009124815464019775,-0.002336740493774414,0.014994204044342041,-0.011907756328582764,-0.007996797561645508,0.024416208267211914,0.01902538537979126,0.0010985732078552246,0.0021709203720092773
2019-01-03,-0.0017735958099365234,0.019514501094818115,0.00047779083251953125,-0.002887129783630371,0.029535889625549316,-0.007705271244049072,0.003702700138092041,-0.008196711540222168,-0.010465562343597412,-0.004433691501617432,-0.0,0.009527027606964111,-0.006476879119873047,-0.0029785633087158203
2019-01-04,-0.00402379035949707,-0.019162654876708984,-0.02151048183441162,-0.025704264640808105,-0.030434846878051758,0.0026515722274780273,-0.005368232727050781,-0.04878056049346924,-0.007627725601196289,0.010526299476623535,-0.04434168338775635,-0.02250087261199951,-0.0411607027053833,0.03014659881591797
2019-01-07,0.012023091316223145,-0.028808951377868652,-0.008890986442565918,0.01764237880706787,0.0021097660064697266,0.0015110969543457031,-0.006845593452453613,-0.02214837074279785,0.007072806358337402,-0.001201927661895752,0.009247183799743652,0.004535555839538574,0.018658876419067383,-0.01318216323852539
2019-01-08,-0.010871291160583496,-0.02109968662261963,-0.009740233421325684,-0.03714287281036377,-0.0068711042404174805,-0.008298814296722412,-0.0338590145111084,0.003250300884246826,0.011929512023925781,-0.014039337635040283,-0.014328956604003906,-0.030374646186828613,-0.0453951358795166,0.027785301208496094
2019-01-09,-0.012520074844360352,-0.029497504234313965,0.0078089237213134766,0.027548253536224365,-0.017322897911071777,0.006466388702392578,-0.005524158477783203,-0.005434751510620117,0.01521158218383789,0.007323026657104492,0.012312114238739014,-0.0,0.028077781200408936,-0.030673325061798096
2019-01-10,-0.03313255310058594,0.010222315788269043,-0.004629611968994141,-0.0020235776901245117,0.01289987564086914,-0.003968298435211182,0.007194221019744873,-0.01513516902923584,-0.02238178253173828,-0.014943480491638184,-0.006823301315307617,-0.0008188486099243164,-0.009122848510742188,0.002413511276245117
2019-01-11,-0.0006136894226074219,-0.004900097846984863,0.019815683364868164,0.010500788688659668,0.0026137232780456543,0.0017075538635253906,0.002503335475921631,0.005324840545654297,-0.032409489154815674,0.0028700828552246094,0.007298409938812256,0.009163737297058105,-0.009503960609436035,-0.014178693294525146
2019-01-14,-0.00460052490234375,0.01095271110534668,0.0018805265426635742,0.00081634521484375,-0.050314486026763916,-0.004924178123474121,0.013736605644226074,-0.004282712936401367,-0.020525991916656494,-0.008994340896606445,-0.02284371852874756,0.00776219367980957,-0.006659030914306641,-0.06024432182312012
2019-01-15,-0.00778508186340332,-0.002123713493347168,-0.001413106918334961,0.010620951652526855,0.004415035247802734,0.009706854820251465,0.001607060432434082,-0.00319826602935791,0.007513165473937988,0.001237630844116211,0.006674408912658691,-0.00416111946105957,0.0011404752731323242,-0.03916049003601074
2019-01-16,0.017418980598449707,-0.0051468610763549805,0.0009407997131347656,-0.0,0.002197742462158203,-0.000942528247833252,-0.006841063499450684,-0.027630209922790527,0.021067380905151367,-0.00865262746810913,-0.02816903591156006,-0.004972696304321289,-0.02272200584411621,-0.026354670524597168
2019-01-17,-0.009711742401123047,-0.019051194190979004,0.01600748300552368,-0.0010322332382202148,-0.029605209827423096,0.005849003791809082,0.0018651485443115234,0.02275073528289795,-0.002423524856567383,0.014131307601928711,-0.0035189390182495117,0.018967509269714355,0.0146254301071167,0.03287738561630249
2019-01-18,0.050076305866241455,0.017808377742767334,0.010526299476623535,0.011548817157745361,0.016949176788330078,-0.0009379386901855469,0.006940782070159912,0.0031746625900268555,-0.004005253314971924,0.016393423080444336,0.02016282081604004,0.008238017559051514,0.025719523429870605,0.01439201831817627
2019-01-21,0.02169722318649292,0.006470024585723877,0.014506757259368896,0.017525553703308105,-0.014444470405578613,0.008261442184448242,0.0008063912391662598,0.01486194133758545,-0.00613093376159668,0.022177457809448242,0.03131389617919922,0.008476018905639648,-0.06977558135986328,0.033484458923339844
2019-01-22,0.022014141082763672,-0.0019687414169311523,0.02404320240020752,0.01805049180984497,0.009019255638122559,-0.005586564540863037,0.007129490375518799,-0.01077580451965332,-0.003979861736297607,0.019329309463500977,0.020583152770996094,0.007522702217102051,-0.02837848663330078,-0.001302480697631836
2019-01-23,0.010414958000183105,-0.0,0.023629963397979736,0.012110769748687744,-0.01117318868637085,-0.014232158660888672,0.004470944404602051,-0.008528709411621094,-0.00439530611038208,-0.011996865272521973,0.010912120342254639,0.012403130531311035,-0.01492542028427124,-0.026274681091308594
2019-01-24,0.0016974806785583496,-0.003098607063293457,-0.01647782325744629,-0.007224082946777344,0.004519820213317871,-0.0015198588371276855,0.0070767998695373535,0.004228353500366211,-0.003143787384033203,-0.006658792495727539,-0.004630923271179199,-0.004884004592895508,-0.0032654404640197754,-0.09201514720916748
2019-01-25,-0.0022106170654296875,-0.009191513061523438,0.026848971843719482,0.03260159492492676,-0.026996612548828125,-0.0030440688133239746,0.020833253860473633,0.009554088115692139,-0.0036234259605407715,-0.0015773177146911621,0.019251704216003418,0.009199798107147217,-0.038658082485198975,-0.019498705863952637
2019-01-28,-0.004750609397888184,0.02008211612701416,0.009890735149383545,-0.057515084743499756,-0.02716761827468872,-0.005725204944610596,-0.03821396827697754,0.01929265260696411,-0.02774602174758911,-0.004344344139099121,0.006497025489807129,0.013314604759216309,-0.013767778873443604,0.055100202560424805
2019-01-29,-0.0027017593383789062,-0.006780505180358887,-0.045215606689453125,0.02550649642944336,0.027926325798034668,-0.01266789436340332,0.009605646133422852,-0.009836077690124512,0.012571930885314941,-0.007140040397644043,-0.01572275161743164,0.0035511255264282227,0.02211475372314453,0.02216869592666626
2019-01-30,0.011788487434387207,-0.04570567607879639,0.0005030632019042969,0.01510918140411377,0.0,-0.011080920696258545,-0.05492281913757324,0.03138530254364014,0.009747862815856934,-0.02357172966003418,0.0006849765777587891,-0.024412035942077637,0.01501011848449707,0.01675701141357422
2019-01-31,0.0044307708740234375,-0.045951247215270996,0.011575281620025635,0.002290010452270508,-0.006936371326446533,-0.022213459014892578,0.00396275520324707,-0.010055899620056152,0.019951224327087402,0.027823209762573242,-0.0032900571823120117,-0.021568894386291504,0.019984006881713867,0.02706766128540039
2019-02-01,0.008045196533203125,0.007541179656982422,0.013238251209259033,-0.0525473952293396,0.004074454307556152,-0.004999995231628418,0.0268898606300354,0.008849620819091797,0.006376385688781738,-0.0003980398178100586,-0.046454429626464844,0.03150010108947754,-0.01645761728286743,0.04379183053970337
2019-02-04,0.010008633136749268,-0.004531145095825195,0.00773996114730835,-0.013262689113616943,0.02086961269378662,-0.006888747215270996,0.00028198957443237305,0.033482134342193604,-0.006929993629455566,0.013142108917236328,-0.010173380374908447,0.0015822052955627441,-0.025763630867004395,0.03125
2019-02-05,-0.024054408073425293,-0.012491345405578613,0.022880971431732178,-0.01735091209411621,-0.009085774421691895,-0.004370927810668945,0.005358874797821045,0.008083105087280273,0.02465689182281494,0.005503177642822266,0.0033293962478637695,-0.0024651288986206055,-0.017039239406585693,0.020578384399414062
2019-02-06,-0.024850964546203613,0.005140483379364014,-0.012772798538208008,0.019895553588867188,-0.020057320594787598,-0.003973484039306641,-0.018857240676879883,0.03143197298049927,-0.010183215141296387,0.0003908872604370117,0.02467179298400879,-0.015457510948181152,0.01677989959716797,-0.001987457275390625
2019-02-07,0.0068094730377197266,-0.006062746047973633,0.0031529664993286133,0.006827712059020996,0.00701749324798584,0.0024500489234924316,0.0018090605735778809,-0.06971156597137451,-0.007273733615875244,0.00390779972076416,0.005913853645324707,0.00570833683013916,-0.007910549640655518,-0.0028336048126220703
2019-02-08,0.020066916942596436,0.014723002910614014,0.039536118507385254,-0.03971904516220093,-0.02264803647994995,-0.002456068992614746,0.009898185729980469,0.005617976188659668,-0.010495305061340332,0.011677742004394531,-0.05893057584762573,0.004871249198913574,-0.08386027812957764,0.010454893112182617
2019-02-11,-0.004948854446411133,0.011884987354278564,0.010428071022033691,-0.01538461446762085,-0.008318543434143066,-0.008104085922241211,0.014221370220184326,-0.016949176788330078,0.007971644401550293,0.001538991928100586,-0.004908561706542969,0.019230782985687256,-0.005101978778839111,0.010565400123596191
2019-02-12,0.018848776817321777,0.007385551929473877,0.012756526470184326,-0.021260321140289307,-0.007789015769958496,0.004673779010772705,0.0164262056350708,-0.005555510520935059,-0.00913304090499878,-0.0023049116134643555,0.007174849510192871,0.01818186044692993,-0.025490224361419678,0.003463268280029297
2019-02-13,0.0027690529823303223,0.011479556560516357,0.002808988094329834,-0.002617061138153076,-0.019323766231536865,-0.006386160850524902,0.013215184211730957,0.02430933713912964,0.0008349418640136719,0.0,-0.026714086532592773,0.02614372968673706,-0.015013158321380615,0.018534600734710693
2019-02-14,0.0005206465721130371,0.0035842061042785645,-0.013521075248718262,0.018367886543273926,-0.011083662509918213,0.015304267406463623,-0.012362122535705566,-0.012457489967346191,0.012713193893432617,-0.008856415748596191,-0.04056107997894287,0.004101455211639404,0.02357006072998047,-0.30569493770599365
2019-02-15,0.0015628337860107422,0.01208639144897461,0.02946072816848755,-0.04096883535385132,-0.0012453794479370117,0.004548847675323486,0.005233347415924072,0.006711363792419434,-0.005271852016448975,-0.002719402313232422,0.030480563640594482,0.01553720235824585,-0.034080445766448975,0.010169506072998047
2019-02-18,0.0066086649894714355,-0.009758234024047852,0.01775491237640381,-0.007522881031036377,-0.002493739128112793,0.005140900611877441,0.009937167167663574,0.029279351234436035,0.004968523979187012,-0.00506436824798584,0.014963805675506592,0.011408984661102295,-0.010807335376739502,0.024885833263397217
2019-02-19,0.009103655815124512,0.0003606081008911133,-0.03556859493255615,0.005143523216247559,-0.008749961853027344,0.002870798110961914,-0.013284087181091309,-0.006960630416870117,-0.02406066656112671,0.0027408599853515625,-0.0136566162109375,-0.011348247528076172,0.008515357971191406,0.003277897834777832
2019-02-20,0.0028268098831176758,-0.01053309440612793,-0.005630612373352051,0.018852710723876953,0.004413604736328125,-0.011708259582519531,-0.005681037902832031,-0.031105995178222656,0.00020265579223632812,0.007418990135192871,-0.016500234603881836,-0.018257975578308105,0.017842888832092285,-0.02349066734313965
2019-02-21,-0.02126157283782959,0.004497706890106201,-0.0005598068237304688,0.014803051948547363,-0.0007533431053161621,-0.0036046504974365234,-0.017670869827270508,-0.0055866241455078125,-0.006246626377105713,-0.0007752180099487305,-0.02874159812927246,-0.0011205673217773438,0.028643012046813965,0.01239389181137085
2019-02-22,0.002775907516479492,-0.006956338882446289,0.002238333225250244,0.002604961395263672,-0.0017589926719665527,0.011720240116119385,-0.0021349191665649414,-0.01222217082977295,-0.005946099758148193,-0.03956550359725952,-0.000723719596862793,-0.011007547378540039,-0.005021333694458008,-0.031838297843933105
2019-02-25,0.002087712287902832,-0.002350330352783203,-0.0011216402053833008,0.0036373138427734375,0.016991853713989258,-0.016449928283691406,-0.010083794593811035,-0.007683873176574707,0.019414782524108887,0.0024231672286987305,-0.0040503740310668945,0.0029526352882385254,0.0006117820739746094,-0.03198206424713135
2019-02-26,0.0064504146575927734,-0.00916588306427002,0.014565885066986084,-0.023039042949676514,0.011138558387756348,0.007151007652282715,0.02080988883972168,0.008714616298675537,-0.008784830570220947,-0.004029035568237305,0.0223311185836792,0.014066219329833984,-0.022925257682800293,-0.0017459392547607422
2019-02-27,-0.0,-0.011335611343383789,0.005685031414031982,-0.06544768810272217,-0.003059983253479004,0.008718669414520264,0.007610619068145752,0.012087881565093994,-0.0009471774101257324,-0.016181230545043945,0.004862964153289795,-0.004880785942077637,0.00610041618347168,0.005664527416229248
2019-02-28,-0.017020463943481445,0.012044012546539307,-0.0,-0.0012434720993041992,-0.029465913772583008,0.0068833231925964355,-0.013312101364135742,0.004449427127838135,-0.001929938793182373,-0.0024670958518981934,-0.010958075523376465,-0.00523066520690918,0.023320913314819336,-0.01292729377746582
2019-03-01,0.01725327968597412,0.010076761245727539,-0.07604348659515381,-0.0509190559387207,-0.022063136100769043,-0.002695322036743164,-0.011709332466125488,-0.061452507972717285,-0.027309417724609375,0.010717153549194336,-0.06034862995147705,-0.014495491981506348,-0.0808265209197998,-0.027904033660888672
2019-03-05,-0.020365238189697266,-0.04221236705780029,-0.04410207271575928,-0.04774284362792969,-0.03792297840118408,-0.011520743370056152,-0.02540576457977295,-0.0747368335723877,-0.01816260814666748,0.01182711124420166,-0.07818770408630371,-0.012822866439819336,-0.047652482986450195,0.0006313323974609375
2019-03-06,-0.01359248161315918,0.01564103364944458,0.004071235656738281,0.002255856990814209,0.019111812114715576,0.0015186071395874023,-0.02395045757293701,-0.003917694091796875,0.004378557205200195,0.0008060932159423828,0.0029468536376953125,-0.005968451499938965,0.01824772357940674,0.00905454158782959
2019-03-07,0.014428794384002686,-0.018248677253723145,-0.02963721752166748,-0.018991589546203613,-0.008022904396057129,-0.010646343231201172,0.003091871738433838,0.04487800598144531,0.0023455023765563965,-0.0036246776580810547,-0.0368800163269043,-0.013124704360961914,-0.009293437004089355,0.015299618244171143
2019-03-08,-0.006717205047607422,0.0004769563674926758,0.014888346195220947,0.013534486293792725,0.0045479536056518555,-0.0007524490356445312,0.0005393028259277344,-0.0,0.008653044700622559,0.001616835594177246,0.01920938491821289,0.001952052116394043,0.02423834800720215,-0.002589583396911621
2019-03-11,0.00205308198928833,-0.001499772071838379,-0.023173809051513672,-0.02226722240447998,-0.042261481285095215,-0.00018787384033203125,-0.01416623592376709,-0.023493289947509766,0.002239823341369629,0.008474588394165039,-0.024387121200561523,-0.02187049388885498,-0.06175410747528076,-0.017219066619873047
2019-03-12,-0.007886171340942383,-0.010959863662719727,0.0064008235931396484,0.011221170425415039,0.009863018989562988,-0.020109057426452637,-0.032858848571777344,0.004990041255950928,-0.0359501838684082,0.01120448112487793,0.005180656909942627,0.0015660524368286133,-0.0,0.0019043684005737305
2019-03-13,-0.03180801868438721,0.006127536296844482,-0.00198209285736084,-0.026924848556518555,-0.007747650146484375,-0.025423765182495117,-0.009531140327453613,-0.004012107849121094,-0.04289209842681885,-0.001978635787963867,0.0064476728439331055,-0.021784543991088867,0.0013070106506347656,-0.0358278751373291
2019-03-14,0.025057613849639893,-0.0035229921340942383,-0.00890207290649414,0.004117071628570557,0.011532187461853027,0.0007185935974121094,0.01020669937133789,-0.010988950729370117,-0.028325200080871582,0.006344199180603027,0.004742264747619629,0.00426405668258667,-0.002617359161376953,-0.022717952728271484
2019-03-15,-0.03297257423400879,0.007426440715789795,-0.014705896377563477,-0.01022636890411377,-0.015555620193481445,-0.01258540153503418,-0.019077062606811523,-0.02865612506866455,-0.012212514877319336,-0.044129252433776855,-0.01905953884124756,-0.022267937660217285,-0.0011746883392333984,0.019211530685424805
2019-03-18,0.031756460666656494,-0.0224459171295166,-0.02173912525177002,-0.031229853630065918,0.0021882057189941406,-0.00390625,-0.006956696510314941,-0.003842473030090332,-0.009305715560913086,-0.013962268829345703,-0.006890654563903809,-0.0018432140350341797,-0.010691046714782715,-0.0036727190017700195
2019-03-19,0.020963668823242188,-0.012373685836791992,-0.0340425968170166,-0.015664100646972656,-0.028508782386779785,-0.0026530027389526367,-0.0008792877197265625,-0.005741596221923828,-0.0035483837127685547,-0.0033494234085083008,-0.04436028003692627,-0.01371455192565918,-0.048761725425720215,-0.011587738990783691
2019-03-20,0.015886664390563965,0.006768345832824707,-0.006858706474304199,-0.0,0.015458464622497559,-0.013935327529907227,0.013805210590362549,0.0038059353828430176,0.006839752197265625,-0.0025963783264160156,-0.03381693363189697,-0.0024747848510742188,-0.00947105884552002,-0.013464570045471191
2019-03-22,0.012458384037017822,-0.0017200708389282227,-0.043142616748809814,0.01747894287109375,0.020573914051055908,0.010090470314025879,0.002799689769744873,-0.008596062660217285,0.008637845516204834,0.011468648910522461,0.02139216661453247,-0.018926918506622314,0.018886327743530273,-0.001784682273864746
2019-03-25,0.019900500774383545,0.014992356300354004,-0.01708585023880005,0.00586014986038208,0.018242061138153076,-0.0022846460342407227,0.021184265613555908,0.01893937587738037,0.008860170841217041,0.020583808422088623,0.013647913932800293,-0.013588309288024902,-0.0065822601318359375,0.02117973566055298
2019-03-26,-0.008339405059814453,-0.015287637710571289,0.02366006374359131,-0.04336845874786377,-0.021396279335021973,-0.013150930404663086,-0.027640223503112793,-0.014478802680969238,-0.018472909927368164,-0.026365995407104492,-0.024390220642089844,0.032312870025634766,-0.04959893226623535,-0.026086926460266113
2019-03-27,-0.032901763916015625,-0.0029058456420898438,0.006603717803955078,-0.01795804500579834,-0.012127995491027832,0.005192101001739502,0.0022836923599243164,-0.02188396453857422,-0.05225551128387451,0.007445991039276123,-0.009729862213134766,0.017462849617004395,-0.025508403778076172,-0.05813956260681152
2019-03-28,-0.024020910263061523,-0.028183937072753906,-0.07497656345367432,-0.03885030746459961,-0.02015244960784912,-0.0015658140182495117,-0.018692731857299805,-0.01769089698791504,-0.009339094161987305,-0.006001472473144531,-0.02074599266052246,0.03303110599517822,-0.03496110439300537,-0.028496861457824707
2019-03-29,-0.012408614158630371,0.004419147968292236,0.01176983118057251,0.018698692321777344,-0.029898524284362793,-0.006948113441467285,0.00012481212615966797,-0.015553474426269531,0.02256876230239868,0.004847168922424316,-0.001665949821472168,0.005485892295837402,0.01439809799194336,0.0036218762397766113
2019-04-01,0.010913372039794922,0.01498878002166748,-0.033524513244628906,-0.009138703346252441,-0.017107367515563965,0.0029325485229492188,0.005617976188659668,-0.007207274436950684,0.020758390426635742,-0.0037467479705810547,-0.02084481716156006,0.006235361099243164,-0.008652687072753906,-0.002907991409301758
2019-04-02,-0.03649640083312988,-0.0023511648178100586,-0.0038411617279052734,-0.007321715354919434,0.007135570049285889,0.00743943452835083,0.0027620792388916016,0.0169946551322937,-0.018071770668029785,-0.0,-0.008254647254943848,0.01936483383178711,-0.02584671974182129,-0.015947818756103516
2019-04-03,0.01932525634765625,0.007688343524932861,0.008928537368774414,-0.037681639194488525,0.022587299346923828,0.0008715391159057617,0.012715578079223633,0.007279396057128906,0.0005353689193725586,0.004106044769287109,-0.039103806018829346,-0.025835871696472168,0.042028725147247314,0.02354609966278076
2019-04-04,-0.004008054733276367,-0.0008536577224731445,0.006864011287689209,-0.0131186842918396,0.001050412654876709,0.0038381218910217285,0.008543729782104492,0.010082483291625977,0.021115243434906006,0.00824582576751709,-0.008520126342773438,0.004056096076965332,0.02686774730682373,0.020643115043640137
2019-04-05,0.010811686515808105,-6.556510925292969e-05,0.005183577537536621,-0.006646573543548584,-0.03838062286376953,-0.009457111358642578,-0.0046302080154418945,-0.0037037134170532227,-0.01831638813018799,-0.009826183319091797,-0.005879759788513184,-0.014760732650756836,-0.0073392391204833984,0.004476726055145264
2019-04-08,0.02051454782485962,0.009971201419830322,0.004776418209075928,-0.02351987361907959,0.01620250940322876,0.00693964958190918,0.008833646774291992,-0.0,0.009587347507476807,-0.0052394866943359375,0.0,-0.01340484619140625,0.008326590061187744,0.025482535362243652
2019-04-09,-0.000514984130859375,-0.011661887168884277,-0.017015695571899414,0.05149495601654053,-0.010293364524841309,0.001048266887664795,-0.025962233543395996,-0.008302569389343262,-0.009194731712341309,0.0011169910430908203,0.013421297073364258,0.0062340497970581055,-0.027638554573059082,-0.040569186210632324
2019-04-10,-0.004632830619812012,0.0033403635025024414,0.018876075744628906,-0.020537137985229492,0.003565967082977295,-0.021860778331756592,0.007427871227264404,0.0018298625946044922,0.01111990213394165,-0.006336212158203125,-0.01054990291595459,-0.012231945991516113,0.012142539024353027,0.00868445634841919
2019-04-11,-0.008027315139770508,0.01123744249343872,0.008307814598083496,-0.003629028797149658,0.013803720474243164,0.00911855697631836,0.010527729988098145,0.0027497410774230957,0.0038913488388061523,0.005185186862945557,-0.0070326924324035645,0.012865900993347168,0.0039058327674865723,-0.0029822587966918945
2019-04-12,-0.0030498504638671875,-0.016017556190490723,-0.02028214931488037,0.015985488891601562,-0.0015552043914794922,0.0033663511276245117,-0.0116652250289917,0.003676474094390869,0.0022118091583251953,-0.00037229061126708984,0.007082462310791016,0.0011115074157714844,-0.002767801284790039,0.004274249076843262
2019-04-15,-0.010979771614074707,0.001962423324584961,0.003457188606262207,-0.014738082885742188,-0.008281588554382324,0.010418534278869629,0.0046883225440979,0.003690063953399658,-0.006966829299926758,-0.02270185947418213,0.005331158638000488,0.0011101961135864258,0.008855640888214111,0.008958518505096436
2019-04-16,-0.0100250244140625,-0.010814666748046875,-0.0013009309768676758,-0.0030321478843688965,-0.007700204849243164,0.006990551948547363,-0.03628265857696533,0.006481468677520752,-0.037880897521972656,-0.009097576141357422,-0.011170029640197754,0.00047528743743896484,0.004525423049926758,-0.00357818603515625
2019-04-18,-0.020512819290161133,-0.00012969970703125,0.03508007526397705,-0.010340571403503418,0.011716783046722412,-0.0048593878746032715,0.006388247013092041,0.01211559772491455,0.028014183044433594,0.01226109266281128,-0.029666781425476074,-0.01567697525024414,0.014570474624633789,0.03996998071670532
2019-04-22,0.014264941215515137,0.020357906818389893,0.02333933115005493,-0.03728741407394409,0.018041253089904785,-0.010812699794769287,0.024480700492858887,0.02169811725616455,0.04154622554779053,0.00949251651763916,-0.03774690628051758,-0.002413153648376465,0.047551512718200684,-0.06821733713150024
2019-04-23,-0.0024666786193847656,0.0029781460762023926,0.005974292755126953,0.011917352676391602,0.0020996928215026855,-0.010402023792266846,-0.005069732666015625,0.0038571953773498535,0.023447692394256592,0.0007371306419372559,0.006354570388793945,-0.015481352806091309,-0.015027403831481934,-0.0237046480178833
2019-04-24,-0.0019685029983520508,0.0005310773849487305,-0.017568230628967285,0.011777162551879883,-0.0031561851501464844,0.015321612358093262,-0.011601567268371582,-0.008712410926818848,-0.029006600379943848,-0.00848388671875,0.0131148099899292,0.018018007278442383,-0.01186823844909668,0.027718067169189453
2019-04-25,-0.023411870002746582,0.015872955322265625,0.0263516902923584,-0.0076906681060791016,-0.0010488033294677734,-0.0071942806243896484,0.014210939407348633,-0.012476086616516113,0.009298264980316162,0.004754900932312012,-0.017979145050048828,-0.014641940593719482,0.01692861318588257,-0.008781075477600098
2019-04-26,-0.020476818084716797,-0.025644540786743164,-0.010732650756835938,0.007750272750854492,-0.002619147300720215,0.007776618003845215,-0.02984321117401123,0.015165865421295166,-0.009147882461547852,-0.013597846031188965,0.016111254692077637,0.02057468891143799,-0.004673957824707031,0.0006327629089355469
2019-04-30,-0.010503172874450684,-0.009145855903625488,-0.05724841356277466,-0.05050927400588989,0.030825436115264893,0.01613473892211914,-0.0007367134094238281,-0.03849858045578003,-0.054360270500183105,-0.005438685417175293,-0.0368768572807312,-0.008159935474395752,-0.053868770599365234,-0.291736900806427
2019-05-02,0.004809141159057617,0.01890850067138672,-0.006855964660644531,0.007224082946777344,-0.01617252826690674,0.016568779945373535,0.02932518720626831,0.011011004447937012,-0.02813565731048584,-0.014424800872802734,0.014217972755432129,-0.005807459354400635,0.011904716491699219,0.034226179122924805
2019-05-03,0.015900254249572754,-0.006579399108886719,0.02909266948699951,0.019126296043395996,-0.036074280738830566,0.00509333610534668,-0.015800833702087402,0.0029703378677368164,-0.0030103325843811035,-0.008176445960998535,0.012174129486083984,0.006003618240356445,0.007416844367980957,0.012374043464660645
2019-05-06,0.010613024234771729,0.01300668716430664,-0.02731192111968994,-0.005971372127532959,-0.025089621543884277,-0.016723036766052246,0.0012444257736206055,-0.007897377014160156,-0.018212735652923584,0.005289137363433838,-0.010448336601257324,-0.004032254219055176,-0.014089882373809814,-0.054860711097717285
2019-05-07,-0.02369523048400879,0.007492184638977051,-0.03201967477798462,-0.0319674015045166,0.013986051082611084,-0.002576887607574463,0.03688013553619385,-0.02985072135925293,-0.008146524429321289,0.0017724037170410156,-0.0266420841217041,-0.010688245296478271,-0.028067469596862793,-0.009022533893585205
2019-05-08,-0.0029715299606323242,0.008559644222259521,-0.01475822925567627,-0.002881169319152832,0.0010131597518920898,-0.006544947624206543,0.011125445365905762,0.01230764389038086,-0.01784539222717285,0.004261434078216553,0.0,-0.023571789264678955,0.007020831108093262,-0.024279236793518066
2019-05-09,0.016684889793395996,0.006118297576904297,0.003615736961364746,0.0006667375564575195,0.01369166374206543,-0.007108151912689209,0.002093195915222168,-0.014184355735778809,-0.00819474458694458,0.011768877506256104,0.0036579370498657227,0.003520488739013672,-0.0005260705947875977,0.05940902233123779
2019-05-10,-0.022835493087768555,-0.005540370941162109,0.022130727767944336,0.03531765937805176,0.0025706887245178223,0.0024445056915283203,-0.009701132774353027,0.010277509689331055,-0.02482140064239502,-0.009021997451782227,0.02362692356109619,-0.029234886169433594,0.024085164070129395,-0.03787434101104736
2019-05-13,-0.002170562744140625,0.004013359546661377,-0.07401818037033081,-0.0879639983177185,0.005154609680175781,-0.0040062665939331055,0.022851228713989258,-0.12614446878433228,-0.03236335515975952,0.006080150604248047,-0.07476973533630371,0.0037331581115722656,-0.10191494226455688,-0.05584383010864258
2019-05-14,-0.0044863224029541016,0.0010244250297546387,0.040783047676086426,0.021877169609069824,-0.01761651039123535,0.0003497600555419922,-0.010895609855651855,-0.02793949842453003,0.028278112411499023,0.004677891731262207,0.03941082954406738,-0.025252580642700195,0.04779624938964844,0.007433772087097168
2019-05-15,-0.0021562576293945312,0.012852907180786133,-0.01933121681213379,-0.02140885591506958,0.008146584033966064,-0.0005244612693786621,0.00880652666091919,-0.023952066898345947,-0.03748166561126709,-0.009399890899658203,-0.007787585258483887,0.008104205131530762,-0.1036602258682251,-0.08277195692062378
2019-05-16,0.015368044376373291,-0.013712763786315918,0.019712328910827637,-0.0035285353660583496,-0.003080010414123535,0.010320067405700684,-0.014454364776611328,0.00981593132019043,-0.0150834321975708,-0.012177586555480957,-0.0156974196434021,-0.011694908142089844,-0.019198477268218994,-0.036376357078552246
2019-05-17,-0.030123233795166016,-0.023365497589111328,0.024033427238464355,0.01227569580078125,-0.009211897850036621,0.022333860397338867,-0.01882350444793701,0.014580726623535156,0.011301755905151367,-0.03326249122619629,0.021568655967712402,-0.011084675788879395,0.007456779479980469,-0.026134371757507324
2019-05-20,-0.04712116718292236,-0.04466259479522705,-0.10153055191040039,-0.08815300464630127,-0.05070996284484863,-0.02980518341064453,-0.04618942737579346,0.031137704849243164,-0.08816564083099365,-0.029109597206115723,-0.06756234169006348,-0.07971811294555664,0.04996144771575928,0.07007086277008057
2019-05-21,-0.009405255317687988,0.01207822561264038,-0.02547478675842285,0.022931814193725586,0.022200703620910645,0.011840105056762695,0.018518567085266113,0.008130192756652832,0.03137862682342529,0.009650588035583496,0.02529066801071167,0.02074277400970459,-0.034806787967681885,-0.017763853073120117
2019-05-22,0.014764904975891113,-0.008021235466003418,-0.002710103988647461,0.011406004428863525,-0.0009871721267700195,-0.0008320808410644531,-0.012995123863220215,-0.01728111505508423,-0.04914522171020508,-0.00470423698425293,0.017461836338043213,-0.010517001152038574,-0.005021333694458008,-0.024468064308166504
2019-05-23,-0.013822197914123535,0.003529489040374756,-0.011711716651916504,-0.007321953773498535,-0.00936877727508545,-0.03059530258178711,-0.013568520545959473,-0.014068067073822021,-0.05257093906402588,-0.0033445358276367188,0.010763466358184814,-0.0032248497009277344,-0.021562933921813965,0.01599419116973877
2019-05-24,0.02138340473175049,-0.02163827419281006,-0.08192336559295654,-0.07004404067993164,-0.032730817794799805,0.017667174339294434,-0.05087018013000488,-0.07134366035461426,-0.031368255615234375,-0.007666587829589844,-0.05389678478240967,-0.03842782974243164,0.07939982414245605,0.010375618934631348
2019-05-27,0.0065991878509521484,-0.026096820831298828,-0.027572035789489746,-0.01934945583343506,-0.022232770919799805,0.014832258224487305,-0.008685588836669922,-0.018867969512939453,0.02189338207244873,-0.011908769607543945,-0.011884689331054688,-0.01786971092224121,0.03359401226043701,0.039660096168518066
2019-05-28,-0.02553880214691162,0.006757557392120361,0.008410036563873291,0.0010097026824951172,0.0046274662017822266,0.0031557083129882812,0.002755463123321533,0.0076253414154052734,-0.004247307777404785,0.012095391750335693,0.03428637981414795,0.0045618414878845215,0.02773892879486084,0.04087197780609131
2019-05-29,-0.007197380065917969,0.004576981067657471,0.026252031326293945,0.03113001585006714,-0.0009298324584960938,0.0003311634063720703,0.025328099727630615,-0.006586194038391113,0.006791591644287109,-0.001985311508178711,0.05147421360015869,0.0316622257232666,-0.011177778244018555,-0.007198989391326904
2019-05-30,-0.0007145404815673828,-0.003541707992553711,0.009539604187011719,0.002086341381072998,-0.004180192947387695,0.009433984756469727,-0.0068509578704833984,0.0021809935569763184,0.013520658016204834,-0.014200806617736816,0.0037559866905212402,-0.014054179191589355,-0.0033084750175476074,0.021753430366516113
2019-05-31,0.0058555006980896,-0.0009287595748901367,0.014656603336334229,0.01651686429977417,0.006938040256500244,-0.005902647972106934,0.005865812301635742,0.007650256156921387,-0.011626362800598145,0.008791983127593994,0.0097503662109375,0.0029698610305786133,-0.03416323661804199,-0.046451568603515625
2019-06-03,-0.0002872943878173828,-0.0053817033767700195,0.013599634170532227,-0.01785719394683838,-0.0023288726806640625,0.013194799423217773,0.0018881559371948242,0.0022026896476745605,-0.03569316864013672,-0.005913376808166504,-0.017329692840576172,-0.008368849754333496,0.010453939437866211,0.011163711547851562
2019-06-04,-0.005170226097106934,-0.012489914894104004,-0.008616924285888672,-0.009816169738769531,-0.001858830451965332,-0.0019534826278686523,0.008985519409179688,-0.004415035247802734,0.014825761318206787,-0.00032651424407958984,-0.004258632659912109,0.00858074426651001,0.020549893379211426,0.022415518760681152
2019-06-06,-0.006429433822631836,0.01835191249847412,0.0662110447883606,0.050258517265319824,0.025974035263061523,-0.011906683444976807,0.018014848232269287,0.06813186407089233,0.07042121887207031,0.011426687240600586,0.03456699848175049,0.04398411512374878,-0.0631856918334961,-0.06151837110519409
2019-06-07,-0.001987457275390625,0.0045809149742126465,0.02607506513595581,-0.005008816719055176,-0.008571386337280273,0.01006937026977539,-0.012270689010620117,-0.0035376548767089844,-0.019406914710998535,0.001320958137512207,0.0043923258781433105,-0.015286445617675781,0.00800478458404541,-0.024407267570495605
2019-06-10,-0.0011334419250488281,-0.012624382972717285,0.02912163734436035,0.01928502321243286,0.004721462726593018,-0.0031051039695739746,0.0012001991271972656,0.008225560188293457,0.0003542900085449219,0.0062830448150634766,0.02339571714401245,-0.006577968597412109,-0.017794132232666016,-0.02859187126159668
2019-06-11,-0.00283050537109375,-0.000798344612121582,-0.029995203018188477,-0.04153776168823242,-0.019924044609069824,0.003442525863647461,-0.012617111206054688,-0.008293747901916504,-0.02510225772857666,-0.0033278465270996094,-0.016153335571289062,-0.008132457733154297,0.021709799766540527,0.026858091354370117
2019-06-12,0.00536268949508667,0.001534104347229004,-0.0,-0.0006363391876220703,0.022325575351715088,-0.00865870714187622,0.007950663566589355,-0.0023502111434936523,0.01304537057876587,0.01592034101486206,-0.007678866386413574,0.008931159973144531,0.005715131759643555,-0.03439629077911377
2019-06-13,-0.007519841194152832,-0.008112668991088867,0.0018787980079650879,0.024591922760009766,-0.01522362232208252,0.007251143455505371,-0.003827810287475586,0.014068067073822021,0.05159729719161987,-0.013818621635437012,0.0379679799079895,-0.007267475128173828,-0.02608191967010498,-0.13098329305648804
2019-06-14,0.006055474281311035,0.02310556173324585,0.017411768436431885,-0.004129648208618164,0.0065604448318481445,-0.003926753997802734,0.0044089555740356445,0.005945324897766113,0.04167640209197998,0.019946813583374023,-0.007226347923278809,0.007792234420776367,0.001346588134765625,-0.01750636100769043
2019-06-17,0.028478264808654785,0.0293310284614563,0.02250957489013672,0.019264042377471924,-0.0004717111587524414,-0.005420506000518799,0.008497893810272217,0.009569346904754639,0.01902860403060913,0.009158670902252197,0.010485708713531494,0.017306506633758545,-0.005079984664916992,0.00956106185913086
2019-06-18,0.001166701316833496,0.0025073885917663574,0.0009799599647521973,-0.0061795711517333984,0.010843932628631592,-0.0019818544387817383,-0.019193530082702637,0.01086956262588501,-0.00668025016784668,-0.0010269880294799805,0.006413817405700684,-0.006511688232421875,0.024027705192565918,-0.0589754581451416
2019-06-19,0.002190113067626953,0.006509840488433838,0.006375610828399658,0.010309278964996338,0.008102953433990479,0.004633426666259766,0.005566775798797607,0.010989010334014893,0.019623875617980957,-0.024623870849609375,0.0007017254829406738,0.0035288333892822266,-0.022730648517608643,-0.055809736251831055
2019-06-20,0.01419377326965332,-0.0009082555770874023,-0.025172710418701172,-0.0447695255279541,-0.0,-0.0008236169815063477,-0.03239643573760986,-0.03950607776641846,-0.03927314281463623,-0.013684988021850586,-0.020502686500549316,-0.018592238426208496,0.04141664505004883,-0.10998070240020752
2019-06-21,-0.033991336822509766,0.00045377016067504883,0.004333138465881348,-0.0097581148147583,0.011532962322235107,-0.004945576190948486,0.005999088287353516,-0.007125973701477051,-0.009090304374694824,0.0187685489654541,0.0006879568099975586,-0.012313485145568848,0.005619645118713379,0.04321259260177612
2019-06-24,0.005598545074462891,0.010634839534759521,-0.0019341707229614258,-0.008823513984680176,-0.00048613548278808594,0.0014910697937011719,0.0031336545944213867,-0.0,-0.008904814720153809,0.013087213039398193,0.0005508065223693848,-0.010875821113586426,-0.006304681301116943,-0.02144157886505127
2019-06-25,-0.008661746978759766,-0.02464449405670166,-0.015926599502563477,-0.005830883979797363,-0.010204076766967773,0.004466533660888672,-0.009779930114746094,-0.0011792182922363281,0.008142054080963135,-0.009180545806884766,-0.003168821334838867,-0.009484648704528809,0.0034606456756591797,0.016971826553344727
2019-06-26,0.007299304008483887,-0.00889134407043457,-0.01282656192779541,-0.015320897102355957,-0.004809975624084473,-0.016139626502990723,-0.011530041694641113,-0.009422779083251953,0.010243833065032959,-0.0043801069259643555,-0.023348450660705566,-0.004487514495849609,0.029170989990234375,-0.027260303497314453
2019-06-27,0.0037485361099243164,-0.015026688575744629,0.00046902894973754883,-0.0,-0.03925323486328125,0.0022690892219543457,-0.005243420600891113,-0.0011669397354125977,-0.01073312759399414,0.006038308143615723,0.011407852172851562,-0.011168479919433594,-0.0005584955215454102,0.005749702453613281
2019-06-28,-0.019102811813354492,-0.010119318962097168,-0.0018770694732666016,-0.02304232120513916,0.0013818740844726562,0.007634758949279785,0.008731186389923096,-0.008158445358276367,0.027375519275665283,0.0030374526977539062,-0.019956469535827637,0.0024851560592651367,0.04652142524719238,0.03247332572937012
2019-07-01,0.016188621520996094,-0.0023499727249145508,0.003278672695159912,-0.0027905702590942383,-0.005996346473693848,-0.01718771457672119,-0.0043468475341796875,-0.023121356964111328,-0.01637721061706543,-0.0027081966400146484,-0.01623857021331787,-0.0008304119110107422,0.03163790702819824,-0.0036782026290893555
2019-07-02,-0.007217049598693848,0.009685993194580078,0.006578981876373291,0.007553219795227051,0.0050435662269592285,-0.003862142562866211,0.005125284194946289,-0.0033898353576660156,0.011893093585968018,0.006414651870727539,0.006155848503112793,-0.008159399032592773,-0.011257708072662354,0.07650023698806763
2019-07-03,0.003152787685394287,-0.004485487937927246,-0.04446554183959961,-0.017023801803588867,-0.011981606483459473,0.002244234085083008,0.0018317103385925293,-0.012387394905090332,-0.03815603256225586,-0.0023785829544067383,-0.011201977729797363,-0.004526734352111816,0.014526844024658203,0.010416686534881592
2019-07-04,0.0015813112258911133,-0.0032869577407836914,-0.03306162357330322,0.001969277858734131,0.008652150630950928,0.002249419689178467,-0.0005735158920288086,-0.0011123418807983398,-0.01529991626739502,-0.015593290328979492,-0.009904742240905762,-0.0034139156341552734,0.013802886009216309,0.0350877046585083
2019-07-05,0.01655864715576172,0.0033999085426330566,-0.008768081665039062,-0.014798760414123535,0.013780415058135986,0.004669904708862305,-0.0003439188003540039,-0.03555554151535034,-0.026421546936035156,-0.012683510780334473,0.0030971169471740723,-0.008845925331115723,-0.009288668632507324,0.0841558575630188
2019-07-08,0.004392385482788086,0.028780460357666016,-0.047370731830596924,-0.07738673686981201,0.02095949649810791,-0.02540034055709839,-0.02394866943359375,-0.029953956604003906,0.036573052406311035,0.02735656499862671,-0.11003237962722778,-0.041413724422454834,-0.08759313821792603,-0.05672144889831543
2019-07-09,0.023823559284210205,-0.004215121269226074,0.010948896408081055,0.020864009857177734,-0.015699386596679688,-0.012616276741027832,0.006104707717895508,0.020190119743347168,-0.010565519332885742,0.00847172737121582,0.021381855010986328,0.01182103157043457,0.01506197452545166,0.01932370662689209
2019-07-10,0.01084667444229126,0.021559417247772217,-0.01398921012878418,0.0,0.013583123683929443,0.004034996032714844,0.005600929260253906,-0.006984829902648926,0.003250420093536377,-0.008885860443115234,-0.021646320819854736,-0.014742672443389893,-0.014838457107543945,-0.018062472343444824
2019-07-11,-0.024367928504943848,0.003704845905303955,0.01464533805847168,0.020231246948242188,0.004273533821105957,0.00770258903503418,-0.010095179080963135,0.0023446083068847656,-0.0363086462020874,-0.006097555160522461,0.02474534511566162,0.025409340858459473,0.019144177436828613,0.005914032459259033
2019-07-12,0.008771896362304688,0.013830959796905518,0.0,0.015176057815551758,-0.013352394104003906,-0.005483508110046387,0.001172184944152832,0.008187055587768555,0.02060014009475708,0.0010100603103637695,0.011505603790283203,0.0011012554168701172,0.001242995262145996,-0.018929123878479004
2019-07-15,-0.001949906349182129,0.008004724979400635,-0.033378422260284424,-0.03906714916229248,-0.004235267639160156,0.00033414363861083984,-0.011122822761535645,-0.017401397228240967,0.02278900146484375,-0.016515016555786133,-0.025979459285736084,-0.009763538837432861,-0.051317453384399414,0.010615706443786621
2019-07-16,-0.005389213562011719,-0.015071630477905273,0.019132018089294434,0.010578751564025879,-0.00468599796295166,-0.001503288745880127,0.005446434020996094,-0.00708383321762085,0.0012880563735961914,0.004310429096221924,0.03143024444580078,0.011942863464355469,0.04013383388519287,-0.11427044868469238
2019-07-17,0.0032756924629211426,0.01110309362411499,0.026556849479675293,0.013341546058654785,-0.037779808044433594,0.0026764869689941406,0.00023555755615234375,0.02734839916229248,-0.019040226936340332,-0.021978020668029785,-0.0053116679191589355,0.022094130516052246,-0.0020970702171325684,0.05247950553894043
2019-07-18,0.0001494288444519043,0.01621037721633911,-0.04995536804199219,-0.04456150531768799,-0.038778483867645264,0.006006002426147461,-0.014245390892028809,-0.03240746259689331,0.01985013484954834,-0.0022809505462646484,-0.028527379035949707,-0.023496270179748535,-0.033202528953552246,-0.12804877758026123
2019-07-19,0.014940977096557617,0.015059471130371094,-0.029107987880706787,-0.012719929218292236,-0.003529965877532959,-0.015091180801391602,-0.019945085048675537,-0.03708130121231079,0.03350430727005005,-0.02535766363143921,-0.005496859550476074,-0.02103668451309204,-0.014635562896728516,-0.029720306396484375
2019-07-22,0.004853665828704834,0.002468287944793701,0.002901315689086914,-0.004079878330230713,-0.03238868713378906,-0.033002257347106934,0.002924680709838867,-0.002484440803527832,0.002636849880218506,-0.029686450958251953,-0.004072725772857666,-0.014466285705566406,0.010588288307189941,0.0948948860168457
2019-07-23,-0.0006097555160522461,-0.0007560253143310547,-0.05255544185638428,-0.03212594985961914,-0.01516735553741455,-0.01462644338607788,0.0010936260223388672,-0.027397334575653076,0.0011633038520812988,0.027157068252563477,-0.056667208671569824,-0.024654388427734375,-0.03157740831375122,-0.005485475063323975
2019-07-24,-0.03594815731048584,0.02156597375869751,-0.022391855716705322,-0.034306108951568604,-0.011683464050292969,0.007598519325256348,-0.008374810218811035,-0.0371319055557251,0.03864479064941406,0.00200808048248291,-0.002786695957183838,-0.007597923278808594,-0.02554476261138916,-0.01654714345932007
2019-07-25,0.001895904541015625,-0.015232443809509277,-0.006246805191040039,-0.03783160448074341,-0.006448209285736084,0.0022798776626586914,0.0012240409851074219,0.03590428829193115,-0.02176952362060547,-0.008015990257263184,-0.0315169095993042,0.005005836486816406,-0.011102557182312012,-0.016825556755065918
2019-07-26,-0.03989911079406738,-0.009264945983886719,0.02933478355407715,0.004555344581604004,-0.03082752227783203,-0.0038495659828186035,0.01650369167327881,-0.08729135990142822,-0.017137885093688965,0.018181800842285156,0.02949666976928711,0.0038089752197265625,0.0037424564361572266,0.09583568572998047
2019-07-29,0.003639698028564453,0.013153374195098877,-0.03358781337738037,-0.0023866891860961914,0.01836305856704712,-0.014403700828552246,-0.03271198272705078,0.020070791244506836,-0.011868596076965332,-0.0062830448150634766,0.01915287971496582,0.0035026073455810547,0.0037283897399902344,-0.01353466510772705
2019-07-30,0.0038051605224609375,0.01756340265274048,-0.06266450881958008,-0.03349274396896362,0.031534016132354736,0.003386259078979492,0.00931638479232788,0.04096388816833496,-0.06632685661315918,-0.002662181854248047,-0.03468292951583862,-0.047265827655792236,-0.05092090368270874,-0.09182053804397583
2019-07-31,-0.03636360168457031,-0.04734313488006592,0.04269671440124512,0.019801974296569824,-0.019867539405822754,-0.00017756223678588867,0.0017632246017456055,-0.05402016639709473,0.05649435520172119,0.014014005661010742,0.03434634208679199,0.014196395874023438,0.009458661079406738,0.059848904609680176
2019-08-01,0.03110712766647339,-0.007120609283447266,-0.011853516101837158,-0.02160191535949707,0.03138530254364014,-0.013323843479156494,0.017781496047973633,0.00953519344329834,-0.010050594806671143,-0.01546555757522583,-0.02448350191116333,-0.045304059982299805,-0.031179308891296387,-0.03070169687271118
2019-08-02,-0.017802834510803223,0.006798148155212402,-0.0065430402755737305,0.004465341567993164,0.024580955505371094,-0.0032410025596618652,0.015465736389160156,0.004813492298126221,-0.01126086711883545,0.007687091827392578,0.002039194107055664,-0.027431786060333252,-0.014507293701171875,-0.0011311769485473633
2019-08-05,-0.05127829313278198,-0.016917645931243896,-0.0175631046295166,-0.017041325569152832,-0.001145482063293457,-0.01589590311050415,0.019361913204193115,0.006045937538146973,0.0038324594497680664,-0.03150910139083862,-0.015497863292694092,-0.02658456563949585,0.004060983657836914,-0.08154022693634033
2019-08-06,0.03829193115234375,0.02498304843902588,0.010614514350891113,0.015075445175170898,-0.008581280708312988,0.0045888423919677734,-0.01887500286102295,-0.014598608016967773,0.020818352699279785,0.017465829849243164,0.020352959632873535,0.0038300752639770508,0.009774208068847656,0.05240440368652344
2019-08-07,0.008043646812438965,-0.028055965900421143,-0.0685461163520813,-0.032425761222839355,0.015314757823944092,-0.0023752450942993164,0.004509449005126953,0.008393347263336182,0.006527423858642578,-0.006058633327484131,-0.05734759569168091,-0.03815525770187378,-0.032209575176239014,0.017574667930603027
2019-08-08,0.007226705551147461,0.00022721290588378906,0.02729976177215576,0.012023568153381348,-0.005760312080383301,-0.022527456283569336,-0.014691472053527832,-0.02660226821899414,-0.008623361587524414,0.017947912216186523,0.04050254821777344,0.01535022258758545,0.01327812671661377,0.027058124542236328
2019-08-09,0.03094172477722168,0.00106048583984375,-0.0017331242561340332,0.003538966178894043,-0.006872892379760742,-0.02185201644897461,-0.013875484466552734,-0.04475843906402588,-0.0004596710205078125,0.01929473876953125,-0.001429915428161621,-0.01019197702407837,0.006637215614318848,-0.07903581857681274
2019-08-13,-0.006524562835693359,-0.01717609167098999,-0.01909726858139038,-0.03400510549545288,0.052332162857055664,0.026993930339813232,0.023563027381896973,0.027057409286499023,-0.02826523780822754,-0.013381242752075195,-0.01797926425933838,-0.027458369731903076,-0.02941673994064331,-0.10407793521881104
2019-08-14,0.014448285102844238,0.02117180824279785,0.03303837776184082,0.01929605007171631,-0.01440572738647461,-0.004143476486206055,-0.01718461513519287,-0.02665114402770996,0.019949793815612793,-0.012901067733764648,0.0029164552688598633,0.022586941719055176,0.003309488296508789,0.04008162021636963
2019-08-16,0.003308892250061035,0.018772602081298828,0.01427757740020752,-0.051419734954833984,-0.009467482566833496,0.0008970499038696289,-0.003954052925109863,-0.03273141384124756,0.027304887771606445,0.004691720008850098,0.038933753967285156,0.003968954086303711,0.020138859748840332,0.037883639335632324
2019-08-19,0.003728151321411133,0.013838529586791992,0.0016890764236450195,0.02262777090072632,-0.004689216613769531,0.009337425231933594,-0.010621786117553711,0.006557345390319824,0.0023626089096069336,-0.001667797565460205,-0.011817753314971924,-0.013922274112701416,-0.003233492374420166,-0.03524225950241089
2019-08-20,-0.005857110023498535,-0.018467187881469727,-0.04103422164916992,0.026885688304901123,0.011085152626037598,-0.0063440799713134766,0.01535189151763916,0.012101173400878906,-0.026100516319274902,0.005679965019226074,-0.025177001953125,-0.010981321334838867,-0.03978145122528076,-0.07110249996185303
2019-08-21,-0.0027303099632263184,-0.011377930641174316,-0.042204082012176514,0.026349425315856934,0.03008854389190674,-0.002161383628845215,0.011633515357971191,0.03229397535324097,-0.026800036430358887,0.0006644725799560547,-0.023567378520965576,-0.022206604480743408,-0.025782346725463867,-0.08146059513092041
2019-08-22,-0.032276690006256104,-0.005340754985809326,-0.0483475923538208,0.048870205879211426,0.021897733211517334,0.023184776306152344,0.03142815828323364,0.010356724262237549,-0.023076295852661133,-0.01859229803085327,-0.040667951107025146,-0.03190338611602783,-0.02993243932723999,-0.13914376497268677
2019-08-23,-0.017718851566314697,0.004159450531005859,0.034726619720458984,-0.03591156005859375,-0.003731250762939453,0.0051517486572265625,0.009270906448364258,-0.011627912521362305,-0.018829822540283203,-0.005412757396697998,0.03498196601867676,0.00949549674987793,0.01542806625366211,0.052397847175598145
2019-08-26,0.027133464813232422,0.029823780059814453,0.01802372932434082,-0.03493332862854004,-0.028500676155090332,-0.04309225082397461,-0.04109764099121094,0.004597723484039307,0.028996586799621582,0.029251694679260254,0.03379952907562256,0.033566951751708984,0.03668701648712158,0.061603426933288574
2019-08-27,-0.006050705909729004,-0.001096963882446289,0.02564096450805664,-0.027570247650146484,-0.012650609016418457,-0.0017729997634887695,-0.016883254051208496,0.0011547207832336426,0.027882814407348633,-0.007600843906402588,0.02142047882080078,0.01962888240814209,0.020911455154418945,0.025437235832214355
2019-08-28,-0.006087541580200195,-0.006955146789550781,-0.0315476655960083,0.011534690856933594,0.026293933391571045,0.005486667156219482,0.013497352600097656,0.025433480739593506,-0.014609336853027344,-0.011987924575805664,-0.022390365600585938,-0.0028002262115478516,-0.03991591930389404,-0.07751935720443726
2019-08-29,-0.012100458145141602,-0.025140047073364258,-0.030731379985809326,0.030695080757141113,0.017595231533050537,0.0092543363571167,0.02070474624633789,-0.02016603946685791,-0.011201739311218262,-0.02190762758255005,-0.0091935396194458,-0.03650403022766113,-0.011487960815429688,-0.03529411554336548
2019-08-30,0.018751025199890137,0.004159450531005859,0.009511709213256836,-0.0,-0.03109455108642578,-0.0005388259887695312,-0.01298224925994873,-0.012790679931640625,0.033467769622802734,-0.0134391188621521,-0.0022789835929870605,-0.0023679137229919434,-0.014204025268554688,0.044425129890441895
2019-09-03,-0.010241985321044922,-0.027413785457611084,-0.013819098472595215,-0.11515301465988159,0.01809406280517578,0.007719933986663818,0.04271942377090454,0.012629151344299316,-0.03711271286010742,-0.011875629425048828,-0.08467942476272583,-0.01990145444869995,-0.09505987167358398,-0.02001667022705078
2019-09-04,0.0100480318069458,0.002477884292602539,0.02229297161102295,-0.023365914821624756,-0.0067566633224487305,-0.01664555072784424,-0.01364278793334961,0.006976723670959473,-0.019606351852416992,0.008483529090881348,0.008377909660339355,0.024962782859802246,0.0020678043365478516,0.011914849281311035
2019-09-05,0.002524137496948242,0.003553152084350586,0.004984498023986816,-0.006965458393096924,0.011592388153076172,0.005517065525054932,0.02138364315032959,-0.004683852195739746,-0.007210075855255127,-0.011566758155822754,0.01997530460357666,-0.006543159484863281,0.016921162605285645,0.04205214977264404
2019-09-06,-0.01199650764465332,0.033097267150878906,0.008059501647949219,0.0012198686599731445,-0.026543259620666504,-0.004831790924072266,-0.006041169166564941,-0.0011655092239379883,0.01758277416229248,0.02234041690826416,0.0032929182052612305,0.0023784637451171875,0.010754942893981934,-0.025020182132720947
2019-09-09,0.0,0.0006705522537231445,0.01291501522064209,0.03563809394836426,-0.03728199005126953,-0.0016028881072998047,-0.01047658920288086,-0.004656553268432617,0.0029299259185791016,0.02081167697906494,0.021247148513793945,0.014783620834350586,0.023288488388061523,0.04470193386077881
2019-09-11,-0.006745636463165283,0.015114307403564453,0.04007291793823242,0.03588235378265381,0.006376862525939941,-0.0007112026214599609,0.0021494626998901367,-0.016222357749938965,0.027827739715576172,0.0023785829544067383,0.03585934638977051,0.026079177856445312,0.06454765796661377,-0.13470685482025146
2019-09-12,0.009508013725280762,-0.027578115463256836,0.02218329906463623,-0.00567859411239624,-0.0005834102630615234,-0.00870656967163086,-0.020527124404907227,0.015963435173034668,0.013190984725952148,-0.011864423751831055,-0.0045722126960754395,0.006310224533081055,-0.009767770767211914,0.05097764730453491
2019-09-13,0.0005979537963867188,0.01712167263031006,-0.012564301490783691,0.0,-0.016326546669006348,0.005812883377075195,-0.026570558547973633,0.019698798656463623,0.006006121635437012,0.018181800842285156,0.005413413047790527,0.016199350357055664,0.003536224365234375,-0.008830070495605469
2019-09-16,-0.0037352442741394043,-0.004968464374542236,-0.011567354202270508,-0.0008566379547119141,0.018932878971099854,0.00602412223815918,0.003023684024810791,-0.00709223747253418,-0.01619476079940796,-0.006064653396606445,-0.005384266376495361,-0.023997247219085693,-0.003523707389831543,0.021881818771362305
2019-09-17,-0.043791234493255615,-0.04538679122924805,-0.04037445783615112,-0.04972851276397705,0.020467817783355713,0.014616787433624268,0.02790248394012451,0.02112668752670288,-0.031505465507507324,-0.017966032028198242,-0.03330051898956299,-0.03775906562805176,-0.052298545837402344,0.029082834720611572
2019-09-18,0.025251030921936035,0.0124131441116333,0.009146332740783691,0.011428594589233398,-0.009552240371704102,0.01067286729812622,0.0032446980476379395,0.004796206951141357,-0.0016508698463439941,0.011391043663024902,0.008823990821838379,0.02354443073272705,0.0106048583984375,0.015361011028289795
2019-09-19,-0.013614833354949951,-0.01573103666305542,-0.015709996223449707,-0.03479039669036865,0.013010144233703613,-0.006582498550415039,0.031926870346069336,0.021686792373657227,-0.036192119121551514,-0.008532404899597168,-0.015811622142791748,-0.02264624834060669,-0.024484992027282715,-0.15600621700286865
2019-09-20,-0.00046521425247192383,-0.06604504585266113,-0.06568455696105957,0.06777572631835938,-0.13600969314575195,-0.08955490589141846,-0.07992756366729736,-0.06157636642456055,-0.10711634159088135,-0.05955243110656738,0.06050252914428711,-0.10089409351348877,0.07709157466888428,0.025878071784973145
2019-09-23,-0.0589604377746582,-0.06636297702789307,-0.004608273506164551,0.04443168640136719,-0.011603355407714844,-0.04801595211029053,-0.06898200511932373,-0.004640340805053711,-0.06477177143096924,-0.06595194339752197,0.017405390739440918,-0.0399402379989624,0.02774178981781006,-0.0009008646011352539
2019-09-24,0.018461525440216064,0.02908337116241455,0.016054987907409668,-0.03342539072036743,0.01668405532836914,0.002704322338104248,0.01209944486618042,0.011547327041625977,-0.0031424760818481445,0.01371532678604126,-0.01045459508895874,0.03553783893585205,-0.019974827766418457,0.010820508003234863
2019-09-25,0.038662493228912354,0.013415694236755371,-0.06235438585281372,-0.061731934547424316,0.023329854011535645,0.011325657367706299,0.015196144580841064,-0.0035047531127929688,0.00817781686782837,0.010197818279266357,-0.04306071996688843,-0.07385987043380737,-0.06316560506820679,-0.041926801204681396
2019-09-26,-0.01583850383758545,-0.0071228742599487305,0.02610325813293457,0.005787372589111328,-0.016286611557006836,-0.002258777618408203,-0.04087972640991211,-0.015133857727050781,-0.029323697090148926,-0.01592254638671875,-0.007862091064453125,0.005709171295166016,0.003920078277587891,-0.04934823513031006
2019-09-27,-0.014215826988220215,-0.001000046730041504,-0.007268369197845459,-0.018473684787750244,-0.0,-0.0014487504959106445,0.006084740161895752,0.025229334831237793,0.04341083765029907,-0.010141372680664062,0.0006743669509887695,-0.0023061633110046387,-0.012299895286560059,-0.045053839683532715
2019-09-30,0.006028652191162109,0.02226656675338745,-0.023794949054718018,-0.040419578552246094,0.03418797254562378,0.01350259780883789,0.03450578451156616,-0.05411761999130249,0.06567394733428955,-0.0006084442138671875,-0.01415330171585083,-0.03698444366455078,-0.059300243854522705,-0.1507691740989685
2019-10-01,0.008491218090057373,0.008540093898773193,-0.019999980926513672,-0.027009665966033936,0.029314160346984863,-0.017435193061828613,0.02098226547241211,-0.03855717182159424,0.06179755926132202,-0.0021283626556396484,-0.05246967077255249,-0.05483746528625488,-0.03866356611251831,-0.22705316543579102
2019-10-03,0.006270110607147217,0.015828609466552734,-0.005102038383483887,0.02181100845336914,-0.01196587085723877,0.020179450511932373,-0.0063588619232177734,-0.03880983591079712,0.0327799916267395,0.01941746473312378,0.005952358245849609,-0.007032632827758789,0.012677669525146484,-0.328125
2019-10-04,0.008156359195709229,0.017953336238861084,-0.02756410837173462,-0.009055674076080322,0.03434687852859497,0.027786850929260254,0.03135967254638672,0.024226069450378418,-0.0078057050704956055,0.032797038555145264,-0.01864802837371826,-0.016525685787200928,-0.02201598882675171,0.008235275745391846
2019-10-07,-0.013033390045166016,-0.02597498893737793,-0.016479909420013428,-0.0032636523246765137,0.009912490844726562,0.002353668212890625,-0.005315303802490234,-0.015768706798553467,0.019165396690368652,0.004798471927642822,-0.012059211730957031,-0.0034006237983703613,-0.018097519874572754,-0.08303678035736084
2019-10-09,0.017920076847076416,-0.019080758094787598,0.04758715629577637,0.029142141342163086,-0.011778593063354492,-0.03488361835479736,-0.04950737953186035,0.025367140769958496,-0.054469943046569824,-0.0366441011428833,0.020898818969726562,0.04757130146026611,0.03371548652648926,0.052573978900909424
2019-10-10,0.003898918628692627,0.01945209503173828,-0.03902757167816162,-0.03722560405731201,0.018626272678375244,0.022471904754638672,0.029768705368041992,-0.03776043653488159,0.06124633550643921,0.017054259777069092,-0.034239113330841064,-0.026058673858642578,-0.04305291175842285,0.053179144859313965
2019-10-11,-0.02364170551300049,0.00037151575088500977,0.037949323654174805,0.00627899169921875,0.0017793774604797363,0.001499176025390625,-0.011446714401245117,0.013531804084777832,0.004314243793487549,-0.0018928050994873047,0.008066058158874512,0.0015739202499389648,-0.002272188663482666,0.03296709060668945
2019-10-14,0.01544809341430664,-0.016054630279541016,-0.030788898468017578,0.0013135671615600586,0.010695219039916992,-0.004671335220336914,-0.0007001161575317383,0.008010625839233398,-0.022400259971618652,0.0015742778778076172,0.007071018218994141,0.003535628318786621,0.011159181594848633,-0.012626290321350098
2019-10-15,0.00031071901321411133,-0.009582996368408203,-0.0033090710639953613,0.007871389389038086,-0.020420432090759277,-0.01544332504272461,-0.006995439529418945,0.018543124198913574,-0.017311692237854004,-0.018921494483947754,0.010347366333007812,0.011744022369384766,0.01306307315826416,-0.012468814849853516
2019-10-16,-0.006060600280761719,-0.004854798316955566,-0.008632183074951172,-0.0029287338256835938,0.031783342361450195,0.0014718174934387207,-0.007988810539245605,0.019505858421325684,-0.0017684698104858398,0.006190061569213867,-0.009509861469268799,-0.009286224842071533,0.0031124353408813477,-0.011083722114562988
2019-10-17,-0.0006177425384521484,-0.024372577667236328,0.020763516426086426,0.03949093818664551,-0.025531888008117676,0.0009825825691223145,-0.012175559997558594,0.019132614135742188,-0.05147111415863037,0.000622868537902832,0.029726743698120117,0.036711692810058594,0.04188823699951172,-0.15468943119049072
2019-10-18,-0.01018834114074707,0.001055896282196045,0.009842514991760254,0.013500690460205078,0.004149377346038818,-0.007377028465270996,0.006354987621307373,-0.006257832050323486,-0.001902937889099121,-0.0065441131591796875,0.020261764526367188,0.015822172164916992,-0.0021271705627441406,-0.0843881368637085
2019-10-22,-0.05317842960357666,-0.004509925842285156,0.004548430442810059,0.0055762529373168945,0.005357086658477783,-0.00829935073852539,-0.03049337863922119,0.002518892288208008,0.001228928565979004,-0.008668661117553711,0.008260011672973633,0.0031522512435913086,0.010232329368591309,-0.007782101631164551
2019-10-23,-0.007254838943481445,-0.0029462575912475586,0.02781367301940918,0.010166406631469727,0.0029922127723693848,-0.001936793327331543,-0.00875544548034668,-0.0037688016891479492,0.0062639713287353516,0.009514987468719482,0.009063959121704102,0.018299460411071777,0.02257859706878662,0.01158297061920166
2019-10-24,0.018006324768066406,0.010002076625823975,-0.030207574367523193,-0.0231778621673584,0.027611076831817627,0.004510283470153809,0.0007690787315368652,-0.02017664909362793,0.03722047805786133,0.00030988454818725586,-0.025220215320587158,-0.04701399803161621,-0.04498553276062012,0.056640625
2019-10-25,-0.009828329086303711,-0.0012717247009277344,0.020116806030273438,0.030908584594726562,0.009259283542633057,0.005663454532623291,-0.031555771827697754,0.04633212089538574,0.008534669876098633,0.015189051628112793,0.01577174663543701,-0.07257139682769775,0.04191875457763672,-0.07971024513244629
2019-10-27,0.002178966999053955,-0.0021167993545532227,0.0006362199783325195,-0.0015141963958740234,-0.007351994514465332,-0.006997585296630859,-0.0009592771530151367,0.02460026741027832,-0.0036162137985229492,-0.0028328895568847656,0.004187107086181641,-0.0008879899978637695,-0.0031107664108276367,-0.04985618591308594
2019-10-29,-0.00393068790435791,-0.039924025535583496,0.01716458797454834,0.015771985054016113,-0.015586376190185547,-0.003878474235534668,-0.016718149185180664,0.0024008750915527344,-0.030274510383605957,0.01098555326461792,0.016504406929016113,0.0040808916091918945,0.019138813018798828,-0.06210052967071533
2019-10-30,-0.0002900362014770508,-0.01212000846862793,0.02937495708465576,0.026575088500976562,0.000608980655670166,-0.00482940673828125,0.013091742992401123,0.01796412467956543,0.01376122236251831,-0.0022214651107788086,0.028200387954711914,-0.0329592227935791,0.056337952613830566,0.023215830326080322
2019-10-31,0.006088733673095703,0.014784634113311768,0.018822193145751953,0.0186154842376709,-0.021328449249267578,0.014418482780456543,0.01719200611114502,0.050588250160217285,-0.012334227561950684,0.002849876880645752,0.02593088150024414,-0.0776129961013794,0.004637718200683594,-0.23943662643432617
2019-11-01,-0.004084110260009766,-0.016228675842285156,0.03098928928375244,0.01884639263153076,-0.02684962749481201,-0.007802367210388184,0.0017276406288146973,-0.016797304153442383,-0.05075395107269287,-0.003493189811706543,0.02754366397857666,-0.003681182861328125,0.028851747512817383,0.05397731065750122
2019-11-04,0.0023242831230163574,0.007617294788360596,0.021387219429016113,0.003923773765563965,-0.027309656143188477,0.002580583095550537,-0.017847537994384766,-0.004555821418762207,0.01996588706970215,0.0056961774826049805,0.015610337257385254,-0.0023919343948364258,-0.002804279327392578,0.006756722927093506
2019-11-05,0.017617881298065186,0.006127119064331055,-0.0005658864974975586,-0.005304276943206787,-0.04524886608123779,-0.0022639036178588867,0.004569590091705322,-0.014874160289764404,0.02381134033203125,0.010821223258972168,-0.05061328411102295,-0.015590310096740723,-0.028121471405029297,-0.032501935958862305
2019-11-06,0.012153565883636475,-0.012465238571166992,-0.026047587394714355,0.022452950477600098,0.0011848211288452148,-0.013714075088500977,-0.026369214057922363,-0.012775838375091553,-0.017347216606140137,-0.010939598083496094,-0.007686018943786621,0.005169272422790527,0.0019289255142211914,-0.0058563947677612305
2019-11-07,-0.02790689468383789,0.016727983951568604,-0.03546518087387085,-0.007685959339141846,-0.006508886814117432,-0.005570530891418457,0.004472672939300537,-0.0011764764785766602,-0.028964996337890625,-0.00827491283416748,-0.03576141595840454,-0.0018894672393798828,-0.02695411443710327,0.03275108337402344
2019-11-08,-0.00642240047454834,0.012589335441589355,-0.027124762535095215,-0.042600274085998535,-0.021441280841827393,0.006331145763397217,-0.022777199745178223,-0.00706714391708374,-0.029596924781799316,-0.010101079940795898,-0.008203744888305664,0.006757795810699463,-0.02196282148361206,-0.03762233257293701
2019-11-11,-0.04191446304321289,-0.011302590370178223,0.031598567962646484,0.011846303939819336,0.012172818183898926,-0.0073271989822387695,-0.015016794204711914,0.009489893913269043,-0.015638232231140137,-0.010625004768371582,0.004135847091674805,-0.007120251655578613,0.00971066951751709,-0.05873823165893555
2019-11-13,-0.12486076354980469,-0.030666470527648926,-0.035435378551483154,-0.03455168008804321,-0.00721585750579834,0.005692660808563232,0.022242307662963867,-0.016451239585876465,0.02134883403778076,0.006802678108215332,-0.02282482385635376,0.03597801923751831,-0.04748547077178955,0.06575345993041992
2019-11-14,-0.034525513648986816,0.00660860538482666,-0.0006226897239685059,0.016858935356140137,0.02362203598022461,-0.013040781021118164,-0.026556849479675293,-0.003584146499633789,0.02764815092086792,0.005292713642120361,0.0,0.0026075243949890137,-0.009255409240722656,-0.008064508438110352
2019-11-15,0.042105257511138916,0.0013968944549560547,0.011837959289550781,0.028213977813720703,-0.0023668408393859863,-0.0031397342681884766,-0.002406477928161621,0.013189435005187988,0.011708199977874756,-0.01596248149871826,0.026694774627685547,-0.05196070671081543,0.025690078735351562,0.0007272958755493164
2019-11-18,0.0007492303848266602,0.008439064025878906,0.018472909927368164,0.029137253761291504,0.030842185020446777,0.012519538402557373,0.003000915050506592,0.005917191505432129,-0.011331915855407715,-0.0024645328521728516,0.008039712905883789,-0.0099409818649292,0.024011611938476562,0.041484713554382324
2019-11-19,-0.021619558334350586,0.03437304496765137,0.03506648540496826,0.05415058135986328,0.010932087898254395,-0.00792396068572998,0.00973212718963623,0.007058858871459961,-0.01335132122039795,0.0018439292907714844,0.027999401092529297,-0.01630258560180664,-0.08227205276489258,0.02581620216369629
2019-11-20,0.001345515251159668,0.0012704133987426758,-0.0011681914329528809,0.0059975385665893555,0.00910651683807373,-0.0011006593704223633,-0.0030394792556762695,0.008177638053894043,-0.05496323108673096,0.015086174011230469,-0.003796696662902832,0.004842638969421387,0.01083308458328247,-0.026500344276428223
2019-11-21,-0.0007349252700805664,-0.015158593654632568,-0.0035088062286376953,-0.0036289095878601074,-0.009024262428283691,-0.007853031158447266,-0.006565690040588379,-0.0011588335037231445,0.015755832195281982,0.0028133392333984375,-0.010273396968841553,-0.0077555179595947266,0.014728069305419922,0.024297595024108887
2019-11-22,0.017992675304412842,-0.007187485694885254,0.00586855411529541,-0.002341330051422119,-0.0005691051483154297,0.01449275016784668,0.0029101967811584473,-0.0023201704025268555,-0.0,0.016300976276397705,0.006361961364746094,0.006186842918395996,0.012840211391448975,-0.00856029987335205
2019-11-25,-0.028792262077331543,0.030938386917114258,0.015752673149108887,0.025293350219726562,0.01936209201812744,-0.005059957504272461,-0.0020128488540649414,0.012790679931640625,-0.03505861759185791,-0.021988630294799805,0.011811614036560059,-0.02064990997314453,-0.020578503608703613,0.016203761100769043
2019-11-26,0.027501821517944336,-0.003312349319458008,-0.006892681121826172,-0.01754826307296753,-0.02067035436630249,-0.0029892921447753906,-0.02591407299041748,-0.009184777736663818,-0.012726783752441406,-0.0006235837936401367,-0.018743813037872314,0.0017852187156677246,0.008369743824005127,0.009411752223968506
2019-11-27,-0.028154969215393066,0.0008641481399536133,0.024291515350341797,0.021744728088378906,-0.0022818446159362793,-0.0026667118072509766,0.01018214225769043,0.009269952774047852,-0.006893515586853027,-0.008413910865783691,0.00804293155670166,-0.023993968963623047,-0.020525574684143066,-0.08076012134552002
2019-11-28,0.019992709159851074,-0.0030549168586730957,0.04460752010345459,0.023562192916870117,0.03945112228393555,0.010325491428375244,-0.027003049850463867,0.017221570014953613,-0.027451157569885254,0.0018541812896728516,-0.050864338874816895,-0.016736984252929688,-0.1125938892364502,-0.026373624801635742
2019-11-29,-0.018422365188598633,-0.015387654304504395,-0.01513516902923584,-0.023019790649414062,-0.022002220153808594,-0.007745862007141113,0.012616872787475586,-0.05756211280822754,-0.0005420446395874023,-0.0,0.020088613033294678,0.021328330039978027,0.028552114963531494,0.024982154369354248
2019-12-02,-0.011533379554748535,0.007103681564331055,-0.004939615726470947,-0.0038003921508789062,-0.018560171127319336,0.007215619087219238,0.0033164024353027344,0.0021344423294067383,-0.004397392272949219,-0.011145472526550293,-0.00225985050201416,0.009799659252166748,0.011652171611785889,0.06222546100616455
2019-12-03,0.02688431739807129,-0.0146445631980896,-0.034197449684143066,-0.04501527547836304,-0.013180553913116455,0.008216142654418945,0.0030338168144226074,0.03422456979751587,0.019860446453094482,-0.008573174476623535,0.043324172496795654,0.006646990776062012,0.05366891622543335,0.07103830575942993
2019-12-04,-0.001973390579223633,0.008794546127319336,0.02855515480041504,0.034886837005615234,0.02090597152709961,0.0030269622802734375,-0.039069414138793945,-0.014396429061889648,0.0002588629722595215,-0.002428770065307617,-0.013468027114868164,-0.016654253005981445,-0.008925199508666992,-0.058823585510253906
2019-12-05,0.005539119243621826,-0.014327168464660645,-0.015546917915344238,-0.031137406826019287,-0.013083040714263916,0.004793882369995117,0.0021729469299316406,0.02620089054107666,0.02237260341644287,0.0009086132049560547,0.022591352462768555,0.01652771234512329,0.027644693851470947,0.014285743236541748
2019-12-06,-0.00012373924255371094,-0.015975356101989746,-0.055273592472076416,-0.04594963788986206,-0.029971182346343994,-0.0003211498260498047,0.006248772144317627,0.029147982597351074,0.029077649116516113,-0.015156149864196777,0.03382056951522827,-0.048185646533966064,0.0585671067237854,0.09822863340377808
2019-12-09,-0.0013613700866699219,0.02006697654724121,-0.001194000244140625,0.02477741241455078,0.0011882781982421875,0.0024077296257019043,-0.0032393932342529297,0.013856768608093262,0.010812819004058838,0.009256541728973389,-0.010026335716247559,-0.010312438011169434,-0.012683749198913574,-0.004464268684387207
2019-12-10,0.014089703559875488,-0.02226775884628296,-0.014943242073059082,-0.011681616306304932,-0.007715165615081787,-0.005309700965881348,-0.004178524017333984,0.014051556587219238,0.026482760906219482,-0.0021097660064697266,0.018982887268066406,-0.010420024394989014,0.031809091567993164,0.10133332014083862
2019-12-11,-0.003134012222290039,0.0011875629425048828,0.0012135505676269531,0.010445237159729004,0.006579041481018066,0.0006401538848876953,-0.009173393249511719,-0.020190119743347168,-0.006411194801330566,-0.014436006546020508,0.0017752647399902344,-0.0019145011901855469,-0.009034872055053711,-0.15331357717514038
2019-12-12,0.0008748173713684082,0.00774538516998291,0.024848580360412598,0.02529919147491455,0.013666033744812012,-0.011851310729980469,-0.0033736228942871094,-0.005820751190185547,-0.016541719436645508,-0.017195463180541992,-0.021163105964660645,0.02893233299255371,-0.027472615242004395,0.05957937240600586
2019-12-13,0.005628526210784912,-0.041406989097595215,0.04257833957672119,0.04961538314819336,0.01934337615966797,-0.0001583099365234375,-0.003175497055053711,-0.010416626930236816,-0.028563499450683594,0.01311570405960083,-0.060083627700805664,0.033245205879211426,-0.07288563251495361,0.028666019439697266
2019-12-16,-0.00025153160095214844,0.006316483020782471,-0.007941067218780518,-0.0010111331939697266,-0.010925769805908203,0.005064129829406738,-0.004096508026123047,0.013745784759521484,-0.005385756492614746,-0.0064972639083862305,0.011664211750030518,-0.0021048784255981445,0.02418309450149536,0.0032154321670532227
2019-12-17,-0.0023893117904663086,0.0021411776542663574,0.013150334358215332,0.007084965705871582,-0.0005814433097839355,-0.010975003242492676,-0.0035234689712524414,0.005807220935821533,0.00043529272079467773,-0.0055751800537109375,-0.015625,0.003164052963256836,-0.0,0.017094016075134277
2019-12-18,0.003638148307800293,0.005096316337585449,-0.03498870134353638,-0.027135610580444336,0.0005817413330078125,-0.016677260398864746,-0.00046193599700927734,0.00467294454574585,-0.005392789840698242,-0.006419539451599121,0.02324056625366211,-0.017873167991638184,0.031025350093841553,-0.017857134342193604
2019-12-19,-0.0,-0.0009436607360839844,-0.004093527793884277,-0.0012913942337036133,0.008139491081237793,0.00278550386428833,0.002216517925262451,-0.026995301246643066,0.007262825965881348,-0.0028994083404541016,-0.006367325782775879,0.003670215606689453,-0.0056618452072143555,0.06737971305847168
2019-12-20,-0.004155158996582031,0.0036361217498779297,0.02407515048980713,0.03387641906738281,0.009227275848388672,-0.0062073469161987305,-0.010921835899353027,0.007999956607818604,0.0013088583946228027,-0.02139347791671753,-0.016483426094055176,0.029559731483459473,-0.04309844970703125,0.030060172080993652
2019-12-23,0.006771206855773926,-0.004460453987121582,-0.010894477367401123,-0.018509209156036377,-0.018285691738128662,-0.004318356513977051,0.008789598941802979,0.008064568042755127,-0.005611777305603027,0.0073854923248291016,0.015397191047668457,-0.016131460666656494,0.012655854225158691,-0.034046709537506104
2019-12-24,0.009594738483428955,0.003364086151123047,0.002318859100341797,-0.0012742877006530762,-0.0029103755950927734,0.010135173797607422,0.0003694891929626465,-0.011614441871643066,-0.017075419425964355,0.0038123130798339844,0.0023290514945983887,-0.0028579235076904297,0.0016965270042419434,0.031218528747558594
2019-12-26,-0.045761704444885254,0.005603194236755371,-0.009253859519958496,-0.026282191276550293,0.0,0.014582633972167969,0.004342973232269287,-0.0011481046676635742,0.004238247871398926,-0.01022493839263916,0.011005520820617676,-0.004827320575714111,0.07137459516525269,-0.0498046875
2019-12-27,0.019868433475494385,-0.032111406326293945,-0.0566258430480957,0.019654035568237305,0.029772281646728516,-0.0036208629608154297,-0.01976799964904785,-0.025229454040527344,-0.006268978118896484,-0.005017638206481934,-0.0406339168548584,0.022434473037719727,-0.020740151405334473,-0.013360798358917236
2019-12-30,0.0011191964149475098,0.00795900821685791,0.01381218433380127,-0.012079179286956787,-0.007369518280029297,-0.005647063255310059,0.009919941425323486,-0.005592823028564453,-0.004262566566467285,0.0029665231704711914,0.01458197832107544,-0.008450746536254883,0.009561717510223389,-0.013541698455810547
2019-12-31,0.0001245737075805664,-0.0,0.010644197463989258,-0.002341330051422119,0.004568696022033691,0.007955014705657959,0.009283900260925293,-0.004449367523193359,0.013974130153656006,-0.0035492777824401855,0.0008220672607421875,-0.0019437670707702637,0.004022538661956787,-0.008447706699371338
2020-01-01,0.006723880767822266,0.007160782814025879,-0.0,0.0023467540740966797,0.009096145629882812,-0.005188703536987305,0.0039896368980407715,-0.014396429061889648,0.017019808292388916,-0.006233334541320801,-0.0054302215576171875,0.0020973682403564453,0.0048465728759765625,-0.006389737129211426
2020-01-02,0.002256453037261963,-0.011019110679626465,-0.027179956436157227,0.03407907485961914,-0.03943657875061035,-0.0064133405685424805,-0.007172703742980957,-0.007642030715942383,-0.030115127563476562,-0.0014934539794921875,-0.030932903289794922,0.014501333236694336,-0.011769533157348633,0.015005350112915039
2020-01-03,-0.0025129318237304688,0.018495261669158936,0.037486135959625244,-0.03295600414276123,0.01409214735031128,0.01429903507232666,0.003237128257751465,0.015167951583862305,9.810924530029297e-05,-0.008674800395965576,0.024765849113464355,-0.016504526138305664,0.007821917533874512,-0.005279839038848877
2020-01-06,0.008021056652069092,0.026515960693359375,-0.05383741855621338,-0.06919872760772705,-0.042330920696258545,-0.02160203456878662,-0.024403750896453857,-0.03960394859313965,-0.038885414600372314,-0.0027157068252563477,-0.05616152286529541,-0.04405158758163452,0.035172879695892334,-0.041401207447052
2020-01-07,-0.011623501777648926,-0.003456592559814453,0.0036319494247436523,0.002515435218811035,0.002870321273803711,0.015793681144714355,-0.005326211452484131,-0.003436446189880371,-0.00527423620223999,0.011195182800292969,0.007416367530822754,-0.0018808841705322266,0.005028247833251953,-0.0022149085998535156
2020-01-08,-0.043961524963378906,0.0017223358154296875,-0.009650230407714844,-0.0013939142227172852,-0.004579305648803711,-0.002697169780731201,0.005832791328430176,-0.009195446968078613,-0.0020866990089416504,-0.009575128555297852,-0.016093134880065918,0.004396915435791016,0.015161097049713135,0.022197604179382324
2020-01-09,-0.00047850608825683594,-0.02532780170440674,0.023142576217651367,0.029871582984924316,0.031052350997924805,0.011294960975646973,-0.03869187831878662,0.02900230884552002,0.033628225326538086,0.0060422420501708984,0.028710603713989258,0.032520413398742676,-0.012401103973388672,0.027144432067871094
2020-01-10,0.013990223407745361,0.0037692785263061523,-0.0029761791229248047,0.0040662288665771484,-0.009481310844421387,0.008966565132141113,0.011074483394622803,-0.009019136428833008,-0.010877847671508789,0.011711716651916504,-0.002368032932281494,0.006208300590515137,-0.001900792121887207,-0.05391120910644531
2020-01-13,-0.016856670379638672,0.003580808639526367,0.005970120429992676,0.010259151458740234,0.014076590538024902,0.0024944543838500977,0.003054201602935791,0.00796353816986084,0.032456040382385254,0.003858804702758789,0.011868476867675781,-0.0045146942138671875,0.0018971562385559082,-0.05921792984008789
2020-01-14,-0.010852694511413574,-0.014239192008972168,0.002373814582824707,-0.004008471965789795,0.012770652770996094,0.002799391746520996,0.001856684684753418,0.006772041320800781,-0.037670910358428955,-0.008279204368591309,-0.0061997175216674805,-0.008314430713653564,0.0010559558868408203,-0.08432304859161377
2020-01-15,-0.011562108993530273,0.0021393895149230957,0.002368330955505371,0.013683915138244629,-0.0016446709632873535,-0.004187345504760742,0.003720223903656006,0.008968591690063477,-0.054770052433013916,-0.0008944272994995117,0.009441852569580078,-0.011432945728302002,-0.0029598474502563477,0.031128406524658203
2020-01-16,-0.02332627773284912,0.012059509754180908,-0.004134654998779297,0.00397038459777832,0.020867586135864258,0.0026476383209228516,-0.0028940439224243164,0.0,-0.010032176971435547,0.015517711639404297,-0.0006680488586425781,-0.002929866313934326,-0.002107977867126465,0.005031466484069824
2020-01-17,-0.0003418922424316406,-0.003526449203491211,-0.002965569496154785,0.01212763786315918,-0.014523923397064209,-0.007300436496734619,0.009494602680206299,-0.03333336114883423,-0.02466726303100586,-0.0020569562911987305,-0.001671433448791504,-0.016393423080444336,0.0031552910804748535,-0.017521917819976807
2020-01-20,-0.009342670440673828,0.01716446876525879,-0.029744207859039307,-0.013284683227539062,0.023471593856811523,-0.0183069109916687,-0.005262613296508789,-0.010344862937927246,-0.015012025833129883,-0.04711425304412842,-0.025950074195861816,-0.012578606605529785,0.012238800525665283,-0.015286564826965332
2020-01-21,-0.002709031105041504,0.013201355934143066,0.000613093376159668,0.002375960350036621,0.00906670093536377,-0.008288204669952393,0.007104754447937012,0.003484368324279785,0.0033034086227416992,0.004326343536376953,-0.002578258514404297,-0.0009554028511047363,0.005127131938934326,-0.0077620744705200195
2020-01-22,0.001463472843170166,0.006967663764953613,-0.004902005195617676,-0.0010535120964050293,-0.008985161781311035,-0.002892911434173584,0.01544111967086792,0.0034722089767456055,-0.006697297096252441,-0.024307668209075928,-0.007409989833831787,0.007809996604919434,0.005153477191925049,0.002607583999633789
2020-01-23,-0.0986471176147461,-0.014594435691833496,0.006773471832275391,0.00843656063079834,0.008000016212463379,0.0032237768173217773,-0.009276151657104492,0.0057669878005981445,0.0033147335052490234,0.012929677963256836,0.013194441795349121,0.022299647331237793,-0.018778324127197266,-0.06501948833465576
2020-01-24,-0.09871721267700195,-0.019917011260986328,0.007951140403747559,-0.00967317819595337,0.015873074531555176,-0.00016075372695922852,-0.011654257774353027,0.009174346923828125,-0.011788606643676758,0.023038625717163086,0.008910179138183594,0.002629876136779785,0.0010592937469482422,-0.04517698287963867
2020-01-27,0.04548424482345581,-0.003864884376525879,-0.03701460361480713,-0.041974663734436035,-0.0036458373069763184,-0.025229036808013916,-0.006368875503540039,-0.005681812763214111,-0.03411597013473511,-0.0149117112159729,-0.01596468687057495,-0.024224579334259033,0.010180354118347168,0.009345769882202148
2020-01-28,-0.021330714225769043,0.00418776273727417,0.010082006454467773,-0.034995853900909424,-0.0036591291427612305,0.008242607116699219,0.01684504747390747,-0.010285735130310059,-0.012940466403961182,0.004633903503417969,-0.013807356357574463,-0.003478825092315674,0.007285118103027344,0.01768869161605835
2020-01-29,-0.0026824474334716797,0.002577543258666992,0.0056143999099731445,0.0028554201126098633,-0.004721999168395996,0.010300874710083008,0.0030292272567749023,0.017320990562438965,0.0027893781661987305,0.008917570114135742,0.007350444793701172,0.004284381866455078,-0.0,0.010804355144500732
2020-01-30,-0.0009554624557495117,0.005916297435760498,-0.00682377815246582,-0.00939631462097168,-0.01950448751449585,-0.007930099964141846,-0.010634303092956543,-0.07491487264633179,-0.021259665489196777,-0.007619619369506836,-0.016504526138305664,-0.018170297145843506,0.01877838373184204,0.05218452215194702
2020-01-31,-0.015941262245178223,0.002189159393310547,-0.004372358322143555,0.0028743743896484375,-0.01774197816848755,0.0003262758255004883,0.012307405471801758,-0.001226961612701416,0.022208690643310547,-0.039312005043029785,0.008479118347167969,0.02494370937347412,0.014958202838897705,-0.005121707916259766
2020-02-01,0.03138214349746704,-0.03270256519317627,-0.04015052318572998,-0.05760955810546875,-0.033935368061065674,-0.022504866123199463,-0.04004567861557007,-0.03808349370956421,-0.03793144226074219,0.026004672050476074,-0.023997187614440918,-0.04977238178253174,-0.029030799865722656,0.03439486026763916
2020-02-03,-0.012610316276550293,0.004961371421813965,-0.04183000326156616,-0.028284668922424316,0.001699686050415039,-0.005005002021789551,0.021700263023376465,0.0012770891189575195,0.04293620586395264,-0.016990303993225098,-0.027997136116027832,-0.01487112045288086,-0.020009160041809082,0.05013197660446167
2020-02-04,-0.007567763328552246,0.008533716201782227,0.01568889617919922,-0.007511794567108154,0.015271425247192383,-0.03101944923400879,0.029580116271972656,0.03443872928619385,0.007560849189758301,-0.013424873352050781,-0.009601175785064697,0.027339816093444824,0.007979393005371094,0.02916663885116577
2020-02-05,-0.04164278507232666,0.0126572847366333,0.013431787490844727,-0.010406792163848877,0.012256264686584473,-0.012034416198730469,0.015636801719665527,0.012330412864685059,0.00011789798736572266,0.005004465579986572,0.001864314079284668,0.015510201454162598,0.011175751686096191,-0.07582259178161621
2020-02-06,0.0019167065620422363,0.01781642436981201,-0.043074846267700195,0.03282344341278076,0.018161773681640625,0.0038565993309020996,0.004637360572814941,0.0243605375289917,0.0482792854309082,0.009467482566833496,-0.030703306198120117,0.035209059715270996,0.011052250862121582,-0.025265932083129883
2020-02-07,-0.031641483306884766,0.01519775390625,-0.005082607269287109,0.0030853748321533203,-0.013513505458831787,-0.001935720443725586,-0.009508788585662842,-0.0011890530586242676,-0.0265691876411438,0.012544751167297363,-0.002527475357055664,-0.004348576068878174,-0.0011386871337890625,-0.0038911104202270508
2020-02-10,0.0021274685859680176,-0.009423315525054932,0.0233880877494812,-0.015995025634765625,-0.013150632381439209,0.001448988914489746,-0.004660248756408691,-0.017857134342193604,-0.01836317777633667,-0.009981870651245117,0.026292085647583008,-0.006395220756530762,-0.04423165321350098,0.029715776443481445
2020-02-11,-0.03304612636566162,0.011941790580749512,-0.0032362937927246094,0.0012503862380981445,0.00444185733795166,-0.00016117095947265625,0.010862469673156738,0.006060600280761719,0.013882994651794434,-0.004791855812072754,0.0051784515380859375,0.018367409706115723,0.02532750368118286,0.01864182949066162
2020-02-12,0.00980311632156372,0.007067084312438965,0.025806427001953125,-0.01592254638671875,-0.0005527138710021973,-0.006770968437194824,0.017693400382995605,-0.013252973556518555,-0.011797487735748291,-0.022354722023010254,0.025469481945037842,-0.012794792652130127,0.020609259605407715,0.044776082038879395
2020-02-13,0.0028658509254455566,-0.009864270687103271,0.0019868016242980957,-0.010152280330657959,-0.01327437162399292,0.006084859371185303,-0.015110135078430176,-0.001221001148223877,-0.036519527435302734,0.014577269554138184,0.001907646656036377,0.022642135620117188,0.007776737213134766,-0.05681812763214111
2020-02-14,0.0019159913063049316,-0.015110969543457031,0.019907116889953613,-0.016666710376739502,-0.022982001304626465,0.017721951007843018,0.008872389793395996,-0.031784892082214355,-0.04448509216308594,0.005325436592102051,0.021788954734802246,-0.024583935737609863,0.01567542552947998,-0.04569900035858154
2020-02-17,0.005061149597167969,0.002579808235168457,0.05280977487564087,-0.033572375774383545,-0.030981123447418213,0.0018042325973510742,-0.007695138454437256,-0.017676711082458496,-0.0025935769081115723,-0.005948781967163086,0.04142242670059204,-0.01628047227859497,0.02248239517211914,0.04498714208602905
2020-02-18,-0.0078057050704956055,-0.006432831287384033,0.017155051231384277,-0.012478888034820557,-0.030905842781066895,0.0032862424850463867,-0.0007385015487670898,-0.011568129062652588,-0.02749478816986084,-0.0,-0.001019120216369629,0.010661959648132324,-0.08121711015701294,0.056527674198150635
2020-02-19,-0.014446020126342773,0.010086536407470703,-0.0007272958755493164,0.0064890384674072266,-0.031891465187072754,-0.011539697647094727,0.006651878356933594,0.037711381912231445,0.0012712478637695312,-0.0059136152267456055,-0.013439178466796875,0.008817553520202637,0.02398967742919922,-0.0071326494216918945
2020-02-20,-0.007634878158569336,0.004385709762573242,-0.01598834991455078,-0.006447196006774902,-0.03611612319946289,0.008148610591888428,0.004038214683532715,0.0100250244140625,0.035065412521362305,0.008818328380584717,-0.002812981605529785,0.02278757095336914,0.0,-0.0042493343353271484
2020-02-24,0.013110876083374023,-0.025325775146484375,0.03147357702255249,-0.046106576919555664,0.009714245796203613,0.005915164947509766,-0.031352877616882324,-0.02481389045715332,-0.010108232498168945,0.0047449469566345215,0.04728513956069946,-0.014344513416290283,-0.049146950244903564,0.014104366302490234
2020-02-25,0.0009489059448242188,0.004548907279968262,-0.0022156238555908203,-0.01718580722808838,0.002885162830352783,0.007933855056762695,0.0020761489868164062,0.0012722015380859375,-0.014014124870300293,0.001191854476928711,0.009043097496032715,0.011921286582946777,-0.0013390183448791504,-0.005722522735595703
2020-02-26,-0.017960548400878906,0.0008919239044189453,-0.0022107362747192383,-0.0204007625579834,0.015625,0.000999748706817627,-0.013654768466949463,-0.010165154933929443,-0.01633661985397339,0.005668342113494873,0.014855682849884033,0.004284024238586426,-0.02225804328918457,-0.039829254150390625
2020-02-27,-0.0005937814712524414,0.008842825889587402,0.026470661163330078,-0.030866503715515137,-0.04467952251434326,-0.00016689300537109375,-0.015944302082061768,-0.008985936641693115,-0.01713651418685913,-0.009901046752929688,0.04480820894241333,-0.019043266773223877,-0.02386176586151123,-0.0068399906158447266
2020-02-28,0.014157295227050781,-0.05238837003707886,0.02794557809829712,-0.08442050218582153,0.03320199251174927,0.018175780773162842,-0.03512173891067505,-0.04663211107254028,-0.010308802127838135,-0.037136077880859375,0.04059535264968872,-0.05886012315750122,-0.0882270336151123,0.05978262424468994
2020-03-02,0.0061914920806884766,-0.018786728382110596,-0.07536906003952026,-0.043168485164642334,0.03608846664428711,-0.0016983747482299805,0.01779794692993164,0.017663121223449707,-0.022462785243988037,-0.013267576694488525,0.05077570676803589,-0.05148518085479736,-0.02372884750366211,0.0881502628326416
2020-03-03,-0.016007661819458008,0.004311680793762207,0.02773106098175049,0.02890932559967041,-0.020531415939331055,-0.0018651485443115234,0.01709151268005371,0.009345769882202148,0.026685237884521484,0.01719820499420166,-0.04086172580718994,0.008524775505065918,-0.0015783309936523438,0.011093437671661377
2020-03-04,0.0180547833442688,-0.00720369815826416,0.00572359561920166,-0.022137105464935303,0.01242607831954956,-0.027923524379730225,-0.012433230876922607,-0.01058197021484375,-0.03799474239349365,-0.011374056339263916,0.001189589500427246,-0.015697836875915527,0.0031615495681762695,0.06089746952056885
2020-03-05,-0.01882040500640869,-0.006303131580352783,0.005691051483154297,0.0,0.002995789051055908,0.002263188362121582,-0.007573544979095459,0.00935828685760498,0.00849008560180664,0.02705216407775879,-0.012148737907409668,0.011216282844543457,-0.09423267841339111,-0.2559727430343628
2020-03-06,-0.03490251302719116,-0.029871642589569092,-0.029102683067321777,-0.06922072172164917,0.03786051273345947,-0.01441723108291626,-0.03597623109817505,-0.03973507881164551,-0.0559999942779541,-0.0124129056930542,0.05860203504562378,-0.062391698360443115,0.07776498794555664,-0.561141312122345
2020-03-09,-0.06236213445663452,-0.05185133218765259,-0.037468791007995605,-0.07623946666717529,-0.09006881713867188,-0.024321556091308594,-0.05880540609359741,-0.08827590942382812,-0.11007094383239746,-0.03249543905258179,0.061499953269958496,-0.06303143501281738,0.08619612455368042,-0.31578946113586426
2020-03-11,-0.031608641147613525,-0.006735622882843018,-0.044117629528045654,-0.04759496450424194,-0.020593106746673584,0.005961060523986816,0.017258286476135254,0.0075643062591552734,-0.05486655235290527,0.00728762149810791,0.03276503086090088,-0.032945334911346436,0.031442224979400635,-0.3552941083908081
2020-03-12,-0.08364099264144897,-0.12287074327468872,-0.1683257818222046,-0.18128657341003418,-0.11550319194793701,-0.08313882350921631,-0.08590143918991089,-0.17267268896102905,-0.08072167634963989,-0.0783265233039856,-0.12228035926818848,-0.13259893655776978,-0.13126319646835327,0.1302083134651184
2020-03-13,0.02099013328552246,0.04703176021575928,-0.17736661434173584,-0.1097402572631836,-0.08557844161987305,-0.04759109020233154,-0.05062854290008545,0.07985484600067139,0.024342060089111328,0.003412961959838867,-0.10825228691101074,-0.13828778266906738,0.07636070251464844,-0.01996004581451416
2020-03-16,-0.04475128650665283,-0.10583680868148804,0.028650641441345215,0.0854300856590271,0.07883214950561523,-0.0656198263168335,-0.09906083345413208,-0.10588234663009644,-0.17368578910827637,-0.05884349346160889,0.04275190830230713,0.07706606388092041,-0.04905658960342407,-0.4520547389984131
2020-03-17,-0.08369565010070801,-0.03981518745422363,-0.04376780986785889,0.005758166313171387,0.07606971263885498,-0.024409711360931396,-0.08848345279693604,-0.05075186491012573,-0.09034103155136108,-0.044091105461120605,0.013901233673095703,0.03671371936798096,0.0015872716903686523,-0.5808626413345337
2020-03-18,-0.18873071670532227,-0.030510902404785156,0.017319917678833008,0.041827499866485596,0.06946825981140137,-0.10090237855911255,-0.03321993350982666,-0.05544555187225342,-0.23727554082870483,-0.11379963159561157,-0.04109179973602295,-0.00023245811462402344,-0.005546748638153076,-0.030690550804138184
2020-03-19,-0.09080278873443604,-0.09546947479248047,0.0640074610710144,-0.04096710681915283,0.03410136699676514,0.02144157886505127,-0.04647231101989746,-0.13626831769943237,-0.0363498330116272,0.03327643871307373,-0.01210033893585205,0.05367100238800049,-0.027091622352600098,0.10918116569519043
2020-03-20,0.0424574613571167,-0.00023353099822998047,-0.03270554542541504,0.03290325403213501,-0.009541988372802734,-0.01429206132888794,0.02111959457397461,0.0,-0.008332371711730957,0.042526841163635254,-0.023057103157043457,-0.03044450283050537,0.011875510215759277,0.14856082201004028
2020-03-23,-0.09996914863586426,-0.27910780906677246,-0.16890591382980347,-0.252835214138031,-0.24196600914001465,-0.12596285343170166,-0.17847847938537598,-0.11893206834793091,-0.23594868183135986,-0.1302970051765442,0.06983858346939087,0.13461995124816895,-0.1311209797859192,0.13304251432418823
2020-03-24,-0.09993153810501099,-0.017819523811340332,0.03348731994628906,0.07410717010498047,-0.05760592222213745,-0.005184054374694824,0.0440140962600708,0.05234169960021973,-0.07163029909133911,0.05009102821350098,-0.025426268577575684,-0.00881052017211914,0.07219386100769043,0.11949688196182251
2020-03-25,-0.09902870655059814,0.07801413536071777,0.05921792984008789,0.05070662498474121,0.013231039047241211,-0.11620640754699707,0.06880271434783936,0.07068061828613281,-0.03537702560424805,-0.1188204288482666,0.05513417720794678,-0.03657197952270508,-0.023023486137390137,0.154285728931427
2020-03-26,0.04988372325897217,0.04467570781707764,-0.044303834438323975,0.05617094039916992,0.09166884422302246,-0.05182075500488281,0.04212689399719238,0.06356966495513916,-0.4467308521270752,-0.06434106826782227,0.026242613792419434,-0.015007972717285156,0.05780351161956787,0.10135132074356079
2020-03-27,0.04992949962615967,0.05374932289123535,-0.034216344356536865,0.03445696830749512,0.06339716911315918,-0.003550887107849121,0.029068946838378906,0.029885053634643555,0.056893765926361084,-0.018936514854431152,-0.001585245132446289,-0.0166018009185791,0.034888625144958496,0.00939851999282837
2020-03-30,-0.0494726300239563,0.023349523544311523,-0.04000002145767212,-0.044170916080474854,-0.08436447381973267,0.08049541711807251,-0.07782846689224243,-0.0625,-0.005594730377197266,0.07541090250015259,0.016460895538330078,0.04618525505065918,-0.02761983871459961,0.05502849817276001
2020-03-31,0.01936650276184082,0.029471755027770996,0.02499997615814209,0.053787827491760254,0.008599519729614258,-0.036556124687194824,0.03302490711212158,0.004761934280395508,0.1502177119255066,-0.0019327402114868164,0.016736388206481934,-0.053237080574035645,0.014202237129211426,0.09839355945587158
2020-04-01,-0.04749655723571777,-0.053693950176239014,-0.04994189739227295,-0.0035945773124694824,0.0060901641845703125,0.03758704662322998,-0.038918912410736084,-0.0236966609954834,0.025761425495147705,0.08834880590438843,0.05891978740692139,0.052324116230010986,0.0020592212677001953,-0.06681513786315918
2020-04-03,-0.0330355167388916,-0.09256929159164429,-0.05867975950241089,-0.08080810308456421,-0.033898234367370605,0.01904529333114624,-0.0787401795387268,-0.046116530895233154,0.08487945795059204,0.0342785120010376,0.02573913335800171,0.05923348665237427,-0.006165206432342529,-0.006263017654418945
2020-04-07,0.02793300151824951,-0.19480717182159424,-0.014285683631896973,0.03610670566558838,0.0701754093170166,-0.10100758075714111,-0.13762438297271729,0.04071247577667236,-0.22557473182678223,-0.04995620250701904,-0.01285254955291748,-0.06210827827453613,0.016129016876220703,-0.01867210865020752
2020-04-08,0.003971576690673828,-0.006429195404052734,0.005270123481750488,0.011363625526428223,-0.043325603008270264,0.008035719394683838,0.021925747394561768,0.004889845848083496,-0.03985929489135742,0.00876462459564209,-0.015156745910644531,0.01824033260345459,0.0,-0.00814664363861084
2020-04-09,0.03352069854736328,-0.07359135150909424,0.06290948390960693,0.059175968170166016,0.0024480819702148438,-0.04072904586791992,-0.0744631290435791,0.07299268245697021,0.009394943714141846,-0.07200002670288086,-0.029861092567443848,-0.025956273078918457,-0.008139967918395996,-0.006060600280761719
2020-04-13,0.006647944450378418,0.0028560757637023926,-0.024660885334014893,-0.04596894979476929,-0.007326006889343262,0.031999945640563965,0.03516197204589844,0.006802797317504883,-0.03793621063232422,0.017282068729400635,0.0016857385635375977,0.022636473178863525,-0.017644643783569336,0.03212851285934448
2020-04-15,0.0050029754638671875,0.003938496112823486,-0.02149176597595215,-0.024462580680847168,0.018450140953063965,0.0359615683555603,0.009980320930480957,0.018018007278442383,-0.03338205814361572,0.06155073642730713,0.008105337619781494,0.0062670111656188965,0.024227261543273926,-0.016597509384155273
2020-04-16,0.023695707321166992,-0.01258087158203125,0.016795754432678223,-0.010638236999511719,0.01932370662689209,-0.01923072338104248,-0.044753313064575195,0.06858408451080322,-0.026644587516784668,0.03662693500518799,0.0013619661331176758,-0.03372633457183838,0.013866186141967773,-0.004081606864929199
2020-04-17,0.049990296363830566,-0.13312029838562012,0.01397716999053955,0.013824820518493652,0.09004735946655273,-0.03478062152862549,-0.09809935092926025,0.09316766262054443,-0.08968770503997803,-0.0486295223236084,-0.02386641502380371,-0.025198936462402344,-0.008045077323913574,-0.020325183868408203
2020-04-20,0.04816603660583496,0.04772341251373291,0.023809432983398438,0.0742424726486206,0.0010869503021240234,-0.03778553009033203,0.03794437646865845,-0.05871206521987915,0.03741174936294556,0.006745338439941406,-0.0329669713973999,0.0038809776306152344,0.015815019607543945,-0.17330682277679443
2020-04-21,-0.010427653789520264,0.07742083072662354,-0.06119948625564575,-0.10155153274536133,-0.058631956577301025,0.024555504322052002,0.08151113986968994,-0.046277642250061035,0.12229037284851074,0.04074704647064209,0.05319148302078247,0.040259718894958496,-0.05189615488052368,-0.006791114807128906
2020-04-22,-0.04983037710189819,-0.024961352348327637,-0.006518900394439697,-0.01805335283279419,0.016147613525390625,-0.007595539093017578,-0.01235496997833252,0.01054847240447998,-0.037545204162597656,-0.019469022750854492,-0.0,-0.021380186080932617,0.012210607528686523,0.0016863346099853516
2020-04-23,-0.048496246337890625,0.0025513172149658203,0.0039370059967041016,0.010391712188720703,0.021566390991210938,-0.028429865837097168,-0.05060279369354248,-0.01043844223022461,0.014306306838989258,-0.08463537693023682,-0.003064274787902832,0.010598838329315186,-0.002079904079437256,0.04391896724700928
2020-04-24,0.02331089973449707,0.06069058179855347,-0.05098038911819458,-0.036392390727996826,-0.04222226142883301,0.01780104637145996,0.05128204822540283,-0.06329113245010376,0.06598371267318726,0.008003175258636475,0.031907618045806885,0.03722548484802246,-0.030429303646087646,0.06007063388824463
2020-04-27,-0.003474891185760498,-0.057804107666015625,0.009641885757446289,0.004104971885681152,0.03248262405395508,0.008955240249633789,-0.03897261619567871,-0.004504501819610596,-0.06398534774780273,-0.05163383483886719,-0.01823282241821289,-0.006397724151611328,-0.008168578147888184,-0.01691722869873047
2020-04-28,-0.0069741010665893555,-0.06587886810302734,0.015006780624389648,0.0376124382019043,0.05056178569793701,-0.0019363164901733398,-0.03434896469116211,0.006787300109863281,-0.1488708257675171,-0.017644762992858887,-0.016184568405151367,-0.018795013427734375,-0.027308166027069092,-0.0073937177658081055
2020-04-29,0.0499415397644043,0.035898566246032715,0.01881718635559082,0.0520094633102417,-0.005347609519958496,-0.04917323589324951,-0.029456734657287598,-0.011235952377319336,-0.006516456604003906,-0.001130819320678711,-0.03354799747467041,-0.031470417976379395,0.010695219039916992,-0.02935779094696045
2020-04-30,0.011148214340209961,-0.013208866119384766,0.027704477310180664,0.006741523742675781,0.049462318420410156,-0.02517390251159668,-0.0261843204498291,-0.004545450210571289,0.006261944770812988,-0.021837353706359863,-0.0,-0.00210416316986084,0.008818268775939941,0.005347609519958496
2020-05-04,-0.049981653690338135,0.09462803602218628,-0.08087295293807983,-0.090029776096344,-0.0973360538482666,-0.07865840196609497,0.11074578762054443,-0.05936068296432495,0.09633666276931763,0.058216631412506104,-0.06655740737915039,0.061154842376708984,-0.048951029777526855,0.03046596050262451
2020-05-05,-0.049903273582458496,0.03426015377044678,-0.047486066818237305,-0.02698284387588501,-0.024971604347229004,-0.012567698955535889,0.021298587322235107,0.0024271011352539062,0.010282397270202637,0.03090769052505493,-0.03126096725463867,0.047246336936950684,-0.026654422283172607,0.01663583517074585
2020-05-06,-0.05008143186569214,0.00038558244705200195,-0.0469207763671875,0.023529529571533203,0.0197904109954834,0.038402438163757324,-0.03188753128051758,0.01452791690826416,-0.016240715980529785,-0.006055712699890137,0.004713535308837891,-0.004108071327209473,-0.04532581567764282,0.011278212070465088
2020-05-07,-0.049935758113861084,-0.021859288215637207,0.00615382194519043,0.0,-0.014840126037597656,-0.022612035274505615,0.013620376586914062,-0.00954657793045044,-0.0678025484085083,0.03691810369491577,0.011909127235412598,0.0020456314086914062,-0.019287824630737305,-0.06844115257263184
2020-05-08,-0.04985332489013672,0.03850513696670532,-0.04128444194793701,-0.022988557815551758,-0.01158750057220459,0.00432431697845459,-0.0028210878372192383,-0.021686792373657227,0.030813276767730713,-0.014583349227905273,-0.016405165195465088,0.024011731147766113,-0.014624238014221191,0.03736656904220581
2020-05-11,-0.05009496212005615,0.006543636322021484,-0.0015949606895446777,-0.015966355800628662,0.010550975799560547,-0.014208853244781494,0.05196923017501831,0.004926085472106934,0.015782952308654785,0.023819327354431152,-0.013778090476989746,0.007200717926025391,0.0025588274002075195,-0.027726411819458008
2020-05-12,-0.04998749494552612,-0.019233345985412598,0.0015975236892700195,0.016225457191467285,-0.03828299045562744,-0.015505611896514893,-0.0032798051834106445,-0.0098038911819458,-0.029533982276916504,0.02650398015975952,-0.003676474094390869,-0.008763909339904785,0.004594206809997559,-0.005395770072937012
2020-05-13,0.049986839294433594,-0.070182204246521,-0.09090912342071533,-0.1453782320022583,0.041013240814208984,0.02883768081665039,-0.0524594783782959,0.08168315887451172,-0.00537872314453125,-0.025496959686279297,-0.06642067432403564,-0.04313969612121582,-0.05691051483154297,-0.025044679641723633
2020-05-14,0.05011272430419922,0.0291062593460083,0.026315808296203613,0.03815114498138428,0.05214369297027588,-0.036653757095336914,0.03150421380996704,-0.043478310108184814,0.04592067003250122,0.011377990245819092,0.04256051778793335,0.0353245735168457,0.012019217014312744,0.015706777572631836
2020-05-15,-0.003817737102508545,0.033337533473968506,0.04354351758956909,0.03203660249710083,-0.03634363412857056,-0.006042957305908203,0.014355480670928955,-0.002392292022705078,0.021728932857513428,-0.004688739776611328,0.01698589324951172,0.009228944778442383,0.006812632083892822,-0.0177304744720459
2020-05-18,-0.04934132099151611,0.07656669616699219,0.08791214227676392,0.09535068273544312,-0.09485715627670288,-0.05809503793716431,0.07499229907989502,-0.047961652278900146,0.10019111633300781,0.05515486001968384,0.050367653369903564,0.06670665740966797,0.052425265312194824,0.040069758892059326
2020-05-19,-0.027966737747192383,0.01198434829711914,0.06884682178497314,0.01655048131942749,-0.03409087657928467,-0.0071718692779541016,-0.006030082702636719,-0.012594461441040039,0.02375584840774536,-0.015267252922058105,0.02748739719390869,0.01609790325164795,0.03464323282241821,0.005444645881652832
2020-05-20,0.041213154792785645,-0.022567033767700195,-0.005545377731323242,-0.012400388717651367,0.022222161293029785,0.03202509880065918,-0.017815589904785156,-0.017857134342193604,0.028548121452331543,-0.026094675064086914,-0.0,-0.003926634788513184,-0.004820585250854492,0.00912410020828247
2020-05-21,0.04779684543609619,0.014620661735534668,-0.03125,-0.007874011993408203,0.004859447479248047,0.0027997493743896484,0.004089653491973877,-0.020779192447662354,0.029387056827545166,0.008620679378509521,-0.015127301216125488,0.009452402591705322,-0.010660886764526367,0.009208083152770996
2020-05-22,-0.049893081188201904,0.05669093132019043,0.0035650134086608887,0.0078125,-0.049376487731933594,-0.024197280406951904,0.043856799602508545,0.0,0.024365603923797607,-0.008695602416992188,0.012941181659698486,0.007239162921905518,0.017932415008544922,0.013011157512664795
2020-05-26,-0.04226052761077881,-0.012909889221191406,0.010733485221862793,-0.024496912956237793,0.02945125102996826,0.016213655471801758,-0.005669236183166504,0.05305039882659912,-0.029111862182617188,0.006034433841705322,-0.0019865036010742188,-0.0036458969116210938,-0.0026851892471313477,-0.032015085220336914
2020-05-27,0.02793741226196289,-0.13389980792999268,-0.047016263008117676,-0.07941937446594238,0.06501948833465576,0.060065627098083496,-0.08934056758880615,0.027707815170288086,-0.05959212779998779,-0.055940985679626465,-0.029738306999206543,-0.047556281089782715,-0.018211007118225098,-0.007299304008483887
2020-05-28,0.011175990104675293,-0.01020669937133789,-0.0034542083740234375,0.0063291192054748535,0.04517698287963867,0.046038150787353516,-0.02509021759033203,-0.007352948188781738,-0.048516035079956055,-0.009856224060058594,0.02695411443710327,0.002522110939025879,-0.007364511489868164,0.02173912525177002
2020-05-29,-0.01632755994796753,0.01534724235534668,-0.01032710075378418,-0.006369471549987793,0.049065470695495605,0.006770968437194824,-0.01560354232788086,-0.09135806560516357,-0.0175778865814209,0.004473328590393066,-0.0,-0.01959550380706787,-0.012532591819763184,0.005555570125579834
2020-06-01,0.04698669910430908,-0.031172871589660645,-0.11243617534637451,-0.12183547019958496,0.03897547721862793,0.03783106803894043,-0.021991252899169922,-0.07013571262359619,-0.041788458824157715,-0.02001631259918213,-0.09141266345977783,-0.05424678325653076,-0.092315673828125,-0.011173129081726074
2020-06-02,0.04975605010986328,-0.033127546310424805,0.010719835758209229,-0.0035260915756225586,0.02036440372467041,0.013568282127380371,-0.02697122097015381,-0.008456707000732422,-0.05998539924621582,-0.0756908655166626,-0.0018129348754882812,-0.0011761188507080078,-0.007082104682922363,-0.0
2020-06-03,0.049953579902648926,0.0013411641120910645,-0.030959725379943848,-0.06605768203735352,-0.010504186153411865,0.021178841590881348,-0.0242537260055542,0.006289303302764893,0.005406022071838379,-0.03239011764526367,-0.03402101993560791,-0.027312755584716797,-0.10173463821411133,-0.029465913772583008
2020-06-04,0.0482407808303833,0.037113845348358154,0.010510444641113281,-0.0,-0.03078550100326538,-0.020152628421783447,0.02522069215774536,0.03375530242919922,0.040013909339904785,0.037504494190216064,-0.024851322174072266,0.004859864711761475,-0.05148935317993164,-0.0
2020-06-05,0.016677260398864746,-0.027767181396484375,-0.10470414161682129,-0.08635461330413818,0.037239789962768555,0.03174924850463867,-0.026879429817199707,-0.0589519739151001,-0.017588257789611816,-0.0026227235794067383,-0.08845627307891846,-0.07900023460388184,-0.046944618225097656,-0.03220033645629883
2020-06-08,0.04464280605316162,-0.061559319496154785,0.019230782985687256,0.04247570037841797,0.016895532608032227,-0.016837656497955322,-0.007278800010681152,-0.06185567378997803,-0.06925535202026367,0.0007474422454833984,0.03420144319534302,0.005324840545654297,0.029764235019683838,-0.06065857410430908
2020-06-09,-0.0355793833732605,0.023707151412963867,-0.001400589942932129,-0.0,0.006230473518371582,-0.02834641933441162,0.03126734495162964,0.027184486389160156,-0.027236461639404297,0.024682164192199707,0.02436649799346924,0.012580335140228271,0.044223129749298096,0.024509787559509277
2020-06-10,0.00309145450592041,-0.017616987228393555,-0.032167911529541016,-0.050063371658325195,0.027863740921020508,0.0046596527099609375,-0.012767195701599121,-0.027944087982177734,-0.07695627212524414,-0.021472454071044922,-0.06460201740264893,-0.017619967460632324,-0.03626513481140137,-0.018425464630126953
2020-06-11,-0.047873497009277344,0.032752394676208496,0.04742544889450073,0.04224503040313721,-0.03614455461502075,-0.02339184284210205,0.033286094665527344,0.03300970792770386,-0.04713773727416992,0.025150060653686523,0.030966520309448242,0.056206703186035156,0.02131938934326172,0.019736826419830322
2020-06-12,0.023521780967712402,0.013181805610656738,-0.008534789085388184,-0.03213608264923096,0.017708301544189453,0.014660358428955078,-0.008644700050354004,-0.03815269470214844,-0.010130882263183594,0.014247238636016846,-0.007424116134643555,-0.011289834976196289,0.004110157489776611,0.010067105293273926
2020-06-15,-0.03837227821350098,0.04509800672531128,-0.012694001197814941,0.010988891124725342,-0.04708290100097656,-0.033577561378479004,0.0380592942237854,0.02321082353591919,0.071719229221344,0.024218738079071045,-0.01826345920562744,0.030421435832977295,-0.023937225341796875,0.016949176788330078
2020-06-16,0.04933130741119385,0.020662248134613037,0.02785515785217285,0.01481485366821289,0.005370616912841797,0.04274582862854004,-0.0357898473739624,0.013861417770385742,0.017837107181549072,-0.022417902946472168,0.014789223670959473,0.004605650901794434,0.013704180717468262,0.020689666271209717
2020-06-17,-0.021103203296661377,-0.02109825611114502,-0.001432657241821289,0.008771955966949463,-0.002136707305908203,-0.011308550834655762,0.0029158592224121094,-0.02208840847015381,-0.019406437873840332,0.02584177255630493,-0.0,-0.0002892017364501953,-0.004086613655090332,0.02640843391418457
2020-06-18,0.011312723159790039,-0.04055440425872803,-0.02718174457550049,-0.032869815826416016,0.03211987018585205,0.041666626930236816,-0.02939021587371826,-0.0058939456939697266,-0.016390085220336914,-0.047829627990722656,-0.022676467895507812,-0.038739562034606934,-0.015466094017028809,-0.012658238410949707
2020-06-19,0.025960326194763184,-0.02873706817626953,-0.02924787998199463,-0.042839646339416504,0.05705392360687256,0.013137221336364746,-0.033522725105285645,-0.009765625,0.031149864196777344,0.0007672309875488281,-0.017489075660705566,-0.026996970176696777,-0.05050098896026611,-0.0
2020-06-22,0.04998970031738281,-0.031411170959472656,-0.05953991413116455,-0.049295663833618164,0.06575071811676025,-0.004451274871826172,-0.010307908058166504,-0.09284329414367676,-0.012922525405883789,-0.04069101810455322,-0.03775322437286377,-0.017344117164611816,-0.07745134830474854,0.00892859697341919
2020-06-23,0.04996085166931152,-0.03138434886932373,-0.025542736053466797,-0.020693540573120117,0.03959488868713379,0.013219237327575684,-0.023398160934448242,-0.005309700965881348,-0.06225764751434326,-0.0254518985748291,-0.046140074729919434,-0.025306344032287598,-0.10800290107727051,0.007207214832305908
2020-06-24,0.05000925064086914,0.04282653331756592,-0.02615189552307129,0.043835580348968506,-0.056687355041503906,-0.00959324836730957,-0.07457131147384644,0.02992957830429077,-0.07436591386795044,0.03309357166290283,0.025445222854614258,0.040789783000946045,-0.09427934885025024,0.018148839473724365
2020-06-25,0.04993772506713867,0.006946861743927002,-0.009708642959594727,0.05042988061904907,-0.019718289375305176,-0.0034869909286499023,0.008330941200256348,0.01996368169784546,-0.013597726821899414,-0.027901768684387207,-0.01653611660003662,-0.0035210847854614258,0.013761401176452637,0.0018483996391296387
2020-06-26,-0.031482696533203125,-0.007469773292541504,0.0036057233810424805,0.0030174851417541504,0.023946404457092285,0.026827335357666016,-0.00541311502456665,0.007407426834106445,0.03662002086639404,0.03003978729248047,0.01369863748550415,0.00350874662399292,0.0184476375579834,0.009259283542633057
2020-06-29,-0.04998260736465454,0.047193169593811035,0.05910736322402954,0.02784508466720581,-0.03554725646972656,0.018553495407104492,-0.017187058925628662,0.031716346740722656,-0.025479614734649658,-0.011567234992980957,0.03414350748062134,0.02898162603378296,-0.03656870126724243,0.024299025535583496
2020-06-30,-0.00018393993377685547,-0.004570126533508301,0.015384554862976074,0.01743459701538086,-0.010669231414794922,-0.009479522705078125,0.024336934089660645,0.009633898735046387,-0.010833382606506348,-0.0036886930465698242,0.016776561737060547,0.004463076591491699,-0.032280921936035156,0.019157111644744873
2020-07-01,0.027598857879638672,-0.06541252136230469,-0.06770825386047363,-0.05893528461456299,0.043137311935424805,0.01763927936553955,0.035851359367370605,-0.025291800498962402,0.03717362880706787,0.00257265567779541,-0.04722726345062256,-0.035584211349487305,0.024560093879699707,-0.05078125
2020-07-02,0.03025960922241211,0.023196756839752197,-0.0024390220642089844,0.011370360851287842,0.006578922271728516,0.004425644874572754,-0.003296196460723877,-0.01707780361175537,0.004772067070007324,0.0036845803260803223,0.00407332181930542,-0.0035172700881958008,-0.0032200217247009277,0.024163544178009033
2020-07-03,-0.014772355556488037,-0.01240551471710205,0.017031550407409668,0.016949176788330078,-0.010270774364471436,-0.014136254787445068,-0.005098521709442139,0.0018656253814697266,-0.015359699726104736,-0.0014792680740356445,0.008179903030395508,0.004044234752655029,-0.012203872203826904,0.003809511661529541
2020-07-06,0.04992055892944336,-0.012953639030456543,-0.01608908176422119,-0.022783279418945312,0.012264132499694824,0.02700185775756836,0.0023546218872070312,-0.016822457313537598,0.017857074737548828,-0.010339856147766113,-0.03210604190826416,-0.018137574195861816,0.005087137222290039,0.0038241147994995117
2020-07-07,0.05006718635559082,-0.03076040744781494,0.014616310596466064,0.00541841983795166,0.042870402336120605,0.001994490623474121,0.03924274444580078,-0.03860294818878174,0.06130266189575195,-0.0,0.008276283740997314,-0.002924799919128418,-0.0018076300621032715,0.011516273021697998
2020-07-08,0.03408002853393555,0.00715327262878418,-0.04573547840118408,-0.05145275592803955,-0.027703285217285156,0.004705071449279785,-0.01888042688369751,0.012389421463012695,0.04997146129608154,0.010964930057525635,-0.012374162673950195,-0.01749730110168457,0.012314438819885254,-0.011650443077087402
2020-07-09,-0.0358966588973999,-0.02161431312561035,-0.0,0.0028786063194274902,0.014705896377563477,0.01314842700958252,0.003794550895690918,-0.005376338958740234,0.007148027420043945,-0.011086463928222656,0.003979504108428955,-0.03751957416534424,0.0071555376052856445,-0.023032665252685547
2020-07-10,-0.001283884048461914,0.03118455410003662,0.026004672050476074,0.046189308166503906,-0.01811593770980835,-0.017600059509277344,-0.027001500129699707,0.03386807441711426,-0.03108435869216919,0.013523459434509277,-0.05536538362503052,0.017579078674316406,-0.022380053997039795,0.04127579927444458
2020-07-13,0.0035352706909179688,-0.0010236501693725586,0.024271845817565918,0.010895907878875732,-0.021217763423919678,-0.022620320320129395,-0.018731772899627686,0.007380127906799316,0.0007418394088745117,0.010374188423156738,-0.014199316501617432,0.01482623815536499,-0.01780521869659424,-0.13698631525039673
2020-07-14,0.018094420433044434,0.05078965425491333,0.03606969118118286,0.028763771057128906,-0.03675776720046997,-0.019811034202575684,-0.0227658748626709,0.03717470169067383,-0.053460657596588135,0.027704954147338867,-0.028807878494262695,0.03450953960418701,-0.03921574354171753,-0.04988652467727661
2020-07-15,-0.009122371673583984,-0.021426796913146973,0.03483867645263672,-0.005671143531799316,-0.0254402756690979,-0.0052890777587890625,0.0007234811782836914,0.025096535682678223,-0.014193415641784668,0.006546080112457275,-0.01672452688217163,0.012093544006347656,-0.011166691780090332,-0.023866355419158936
2020-07-16,0.014444351196289062,-0.01722729206085205,-0.013368964195251465,-0.0,0.044176697731018066,0.008925199508666992,-0.0033255815505981445,-0.013861417770385742,0.029887795448303223,-0.02519381046295166,0.007702231407165527,-0.013329744338989258,-0.009345769882202148,-0.06112468242645264
2020-07-17,0.023157596588134766,0.0020737051963806152,-0.0329815149307251,-0.008771896362304688,0.0009615421295166016,0.03369104862213135,0.02654862403869629,-0.037109375,0.0042421817779541016,-0.0037807226181030273,0.010509610176086426,-0.010469794273376465,0.05306601524353027,0.03124988079071045
2020-07-20,0.05000758171081543,-0.0020780563354492188,0.017879962921142578,-0.008695602416992188,0.03170037269592285,0.03150033950805664,0.026003479957580566,-0.02824854850769043,0.01526498794555664,0.006403088569641113,0.02836441993713379,-0.013549447059631348,-0.008958637714385986,-0.017676711082458496
2020-07-21,0.049956321716308594,-0.028110623359680176,-0.01820552349090576,-0.011699557304382324,0.01396644115447998,0.004942655563354492,0.04352617263793945,0.007325947284698486,-0.009929060935974121,-0.030326008796691895,0.00582277774810791,-0.019134998321533203,0.0037665367126464844,-0.007712185382843018
2020-07-22,0.002080678939819336,-0.07339763641357422,0.01660287380218506,0.022519826889038086,0.04132235050201416,-0.010714888572692871,0.006071805953979492,0.003690063953399658,-0.019006729125976562,0.012141227722167969,-0.014320552349090576,0.012345671653747559,-0.012757956981658936,-0.05440407991409302
2020-07-23,0.04388141632080078,0.03779101371765137,-0.012987017631530762,-0.0024907588958740234,0.007054686546325684,0.0035511255264282227,0.02925741672515869,-0.011111140251159668,0.0006816387176513672,-0.02346360683441162,0.001236557960510254,-0.032552123069763184,0.0019004344940185547,-0.19178080558776855
2020-07-24,0.04933035373687744,0.03309100866317749,0.015384554862976074,0.011801302433013916,0.007880926132202148,-0.009908080101013184,-0.02664119005203247,-0.04212462902069092,0.016248226165771484,0.017467200756072998,-0.021611571311950684,0.03177809715270996,-0.011001527309417725,-0.07457631826400757
2020-07-27,-0.02186274528503418,0.031530559062957764,0.048177123069763184,0.017598986625671387,-0.028670668601989746,-0.03538239002227783,-0.061026692390441895,0.03866434097290039,-0.02987074851989746,0.02037036418914795,-0.037551283836364746,0.025006532669067383,-0.03720748424530029,-0.09890103340148926
2020-07-28,0.014986991882324219,-0.012744784355163574,-0.004104018211364746,-0.009596943855285645,-0.006261229515075684,0.006483912467956543,-0.01785212755203247,-0.01828157901763916,0.040067195892333984,-0.04650282859802246,-0.005901634693145752,-0.012289643287658691,-0.013545811176300049,-0.0325203537940979
2020-07-29,-0.04989808797836304,-0.008809089660644531,-0.014986395835876465,0.0031685829162597656,0.0045005083084106445,-0.02024662494659424,-0.0029821395874023438,-0.012567281723022461,0.04469108581542969,-0.003973960876464844,0.02011871337890625,-0.009237289428710938,0.01938605308532715,-0.016806721687316895
2020-07-30,-0.049973249435424805,0.03413468599319458,0.03624159097671509,0.012078821659088135,-0.02956986427307129,-0.013150453567504883,-0.017376363277435303,0.04255324602127075,-0.05567669868469238,0.0032385587692260742,-0.030391216278076172,0.02432006597518921,-0.015055418014526367,0.021367549896240234
2020-07-31,0.04414057731628418,-0.013619780540466309,-0.02228415012359619,-0.03024458885192871,-0.004616796970367432,-0.016942620277404785,0.005362987518310547,0.014814794063568115,0.007502198219299316,0.013718366622924805,0.006002068519592285,-0.02626633644104004,-0.01166534423828125,0.0
2020-08-03,-0.036466777324676514,0.03312867879867554,-0.0013623237609863281,-0.0,-0.026901662349700928,-0.02982187271118164,-0.01023644208908081,0.018796980381011963,-0.03952270746231079,0.04209369421005249,0.0298309326171875,-0.004178643226623535,0.0020350217819213867,0.004184126853942871
2020-08-04,-0.02340906858444214,-0.028273582458496094,0.009523749351501465,-0.031855106353759766,-0.0028598904609680176,-0.039520978927612305,0.02257823944091797,-0.026819825172424316,-0.020773231983184814,-0.011845588684082031,-0.012230396270751953,0.0033809542655944824,0.0016247034072875977,0.020833373069763184
2020-08-05,0.04191184043884277,-0.013515114784240723,0.0027472972869873047,0.013922512531280518,0.0009560585021972656,0.013440847396850586,0.0034188032150268555,-0.005597114562988281,0.0003044605255126953,-0.0075528621673583984,0.0029325485229492188,0.0007829070091247559,0.013787508010864258,0.04897964000701904
2020-08-06,0.014740228652954102,0.004483282566070557,0.002754807472229004,0.008594334125518799,0.0019102096557617188,-0.012845516204833984,0.01859736442565918,-0.0,0.004363298416137695,-0.0044977664947509766,-0.0074724555015563965,0.0026116371154785156,-0.001999974250793457,0.046692609786987305
2020-08-07,-0.03679060935974121,-0.0006928443908691406,-0.053867459297180176,0.0055727362632751465,0.04194474220275879,-0.00288236141204834,-0.002229928970336914,-0.053803324699401855,0.028490662574768066,-0.0018656253814697266,0.014075279235839844,0.0015711188316345215,0.0,0.04832720756530762
2020-08-10,-0.010570824146270752,0.005077242851257324,-0.005242347717285156,0.003113269805908203,-0.014638662338256836,-0.006514549255371094,0.015644550323486328,-0.0,0.0006875991821289062,-0.013035416603088379,0.0012911558151245117,-0.016522526741027832,0.004007935523986816,0.049645423889160156
2020-08-11,-0.007264912128448486,-0.039201974868774414,0.0352020263671875,0.00624614953994751,0.008356571197509766,-0.015229344367980957,0.010452508926391602,-0.06690144538879395,0.024835586547851562,-0.0033087730407714844,0.0,-0.00644993782043457,-0.04630732536315918,0.04729723930358887
2020-08-12,0.03902995586395264,-0.0069196224212646484,-0.037837862968444824,-0.011942267417907715,-0.005524873733520508,0.002812683582305908,-0.001361072063446045,-0.024752497673034668,-0.002586185932159424,0.02161961793899536,0.029013514518737793,-0.0422968864440918,-0.005723118782043457,0.04838705062866211
2020-08-13,-0.010357677936553955,0.006650388240814209,0.013020813465118408,-0.0,0.0,0.004324913024902344,0.0032709836959838867,-0.00966191291809082,-0.0036493539810180664,-0.0007491111755371094,-0.016290724277496338,0.006886422634124756,0.02200305461883545,-0.024615347385406494
2020-08-14,-0.01214057207107544,0.02733767032623291,0.04881274700164795,0.011801302433013916,-0.025925934314727783,0.02322942018508911,-0.01806819438934326,0.0350877046585083,-0.02226501703262329,0.021332383155822754,-0.030254721641540527,0.026745855808258057,0.02831655740737915,-0.04731863737106323
2020-08-17,-0.0009888410568237305,-0.005277037620544434,-0.0013870000839233398,0.01445627212524414,0.0047528743743896484,0.0015467405319213867,-0.0033203959465026855,0.024793386459350586,0.011731147766113281,-0.015296339988708496,0.0065680742263793945,0.017302751541137695,0.0055887699127197266,-0.049668848514556885
2020-08-18,0.018099546432495117,-0.017459750175476074,-0.008310317993164062,-0.024234652519226074,0.012298941612243652,-0.022850513458251953,0.025957703590393066,-0.06101691722869873,0.016466856002807617,-0.031638383865356445,0.012071847915649414,-0.010357379913330078,-0.0016058683395385742,0.04878044128417969
2020-08-19,0.015972256660461426,0.0035889744758605957,-0.028846144676208496,-0.0435866117477417,0.026168227195739746,-0.009655356407165527,0.013259410858154297,0.004792332649230957,0.001054525375366211,0.010222673416137695,0.041263699531555176,-0.009994864463806152,-0.019639253616333008,0.04983389377593994
2020-08-20,-0.007655441761016846,0.020823955535888672,0.004005372524261475,0.019689738750457764,-0.0054645538330078125,0.007125437259674072,-0.017892956733703613,0.006420493125915527,-0.016757607460021973,0.012541472911834717,0.026315808296203613,0.01167219877243042,-0.0,-0.0031645894050598145
2020-08-21,-0.0034440159797668457,-0.012645125389099121,-0.022788286209106445,-0.0030431747436523438,0.02380955219268799,-0.025117993354797363,0.00924539566040039,0.0016155242919921875,0.00029206275939941406,-0.0007470846176147461,0.01568615436553955,-0.018741965293884277,-0.020833253860473633,-0.01269841194152832
2020-08-24,0.01327061653137207,-0.012146592140197754,-0.0,0.008495092391967773,0.01431131362915039,-0.028924107551574707,0.02478790283203125,-0.040453195571899414,0.030376911163330078,-0.0354609489440918,-0.009800970554351807,-0.015372991561889648,-0.016942620277404785,-0.04823148250579834
2020-08-25,0.007094144821166992,-0.013458967208862305,-0.009174227714538574,-0.036719679832458496,-0.005290985107421875,-0.0023276805877685547,0.015774965286254883,0.006220877170562744,0.01389014720916748,-0.009372711181640625,-0.0029993653297424316,-0.03226602077484131,0.01287388801574707,-0.0033783912658691406
2020-08-26,-0.007044196128845215,-0.02556443214416504,0.006493508815765381,0.005312860012054443,0.005319118499755859,0.0010717511177062988,0.007764935493469238,-0.01564943790435791,-0.05806159973144531,-0.02607142925262451,0.00571596622467041,-0.00913691520690918,0.0019178986549377441,-0.006779670715332031
2020-08-27,-0.0035470128059387207,-0.020934462547302246,-0.006536006927490234,0.008308708667755127,-0.010582029819488525,0.005722463130950928,0.007319927215576172,0.016949176788330078,-0.06729495525360107,0.011486232280731201,-0.0026922225952148438,-0.027638673782348633,-0.001921534538269043,0.003412961959838867
2020-08-28,0.008625388145446777,-0.07641899585723877,-0.0701298713684082,-0.1035308837890625,-0.07754015922546387,-0.0021582841873168945,-0.04462003707885742,-0.054859042167663574,-0.09870433807373047,-0.033098578453063965,-0.04949009418487549,-0.04266178607940674,-0.031453728675842285,0.020408153533935547
2020-08-31,-0.0932537317276001,0.02445012331008911,-0.060679614543914795,-0.07321041822433472,-0.0851944088935852,-0.0012563467025756836,-0.036856234073638916,0.0490342378616333,0.053256213665008545,-0.044648945331573486,-0.054015517234802246,-0.05714923143386841,-0.04313868284225464,-0.04333329200744629
2020-09-01,0.049401164054870605,0.022244572639465332,-0.03359168767929077,-0.008777022361755371,-0.011754035949707031,-0.010216832160949707,-0.009249866008758545,0.018750011920928955,0.004363715648651123,0.02069222927093506,-0.009969711303710938,0.02877366542816162,-0.011270880699157715,0.02090585231781006
2020-09-02,0.0035663843154907227,0.0026766061782836914,-0.006684482097625732,0.011215925216674805,0.02287280559539795,-0.0062100887298583984,0.0037088394165039062,-0.01114654541015625,-0.020878076553344727,-0.004893362522125244,0.0027464628219604492,-0.008482396602630615,-0.011399388313293457,-0.01706486940383911
2020-09-03,-0.021037638187408447,0.019508659839630127,0.0013458728790283203,-0.016345500946044922,-0.0035778284072875977,0.0029976367950439453,-0.024592220783233643,-0.0,0.013582110404968262,-0.018967390060424805,-0.008520960807800293,-0.014335274696350098,0.005566596984863281,0.013888955116271973
2020-09-04,-0.04268914461135864,0.04158329963684082,-0.03629040718078613,-0.03323441743850708,-0.033213675022125244,0.010258316993713379,-0.026649296283721924,0.0015747547149658203,0.024847567081451416,-0.011815190315246582,-0.024554967880249023,-0.030729472637176514,-0.015025734901428223,-0.023972630500793457
2020-09-07,-0.013195812702178955,-0.00768887996673584,0.008368253707885742,-0.014119207859039307,-0.018570125102996826,0.007862687110900879,0.0022815465927124023,-0.0,0.012091219425201416,-0.007971048355102539,0.00440526008605957,0.0062923431396484375,-0.015656352043151855,-0.010526299476623535
2020-09-08,-0.010144472122192383,0.03128409385681152,-0.024896323680877686,-0.026774585247039795,-0.014191091060638428,-0.001801133155822754,0.006159663200378418,0.044164061546325684,0.013635575771331787,-0.013513445854187012,-0.004385948181152344,-0.018518447875976562,-0.007748782634735107,-0.01063835620880127
2020-09-09,-0.004037201404571533,0.02948129177093506,-0.02411341667175293,-0.02303260564804077,-0.015355050563812256,0.014383316040039062,-0.02155977487564087,0.029702961444854736,-0.006995201110839844,-0.01814138889312744,-0.022341132164001465,-0.04508697986602783,-0.020139753818511963,-0.021505415439605713
2020-09-10,0.02556896209716797,-0.03617393970489502,0.03488361835479736,0.030124306678771973,-0.0009746551513671875,0.005290091037750244,0.008433103561401367,-0.04251706600189209,-0.026215791702270508,-0.004902005195617676,0.019954919815063477,0.016936063766479492,0.022231578826904297,0.01831507682800293
2020-09-11,0.023259282112121582,-0.0007833242416381836,0.008427023887634277,0.005721569061279297,0.010731697082519531,0.01100313663482666,-0.0005395412445068359,-0.013050556182861328,0.016278564929962158,0.008336544036865234,0.004102230072021484,0.022962450981140137,-0.005744814872741699,0.04676258563995361
2020-09-14,0.04130148887634277,0.01487034559249878,0.005570888519287109,-0.0025284290313720703,0.0299227237701416,0.01909881830215454,-0.018353521823883057,-0.0,0.0016384124755859375,-0.019541561603546143,-0.0028284192085266113,-0.020720243453979492,-0.0020635128021240234,0.013745665550231934
2020-09-15,-0.0011414885520935059,-0.020429015159606934,0.00969541072845459,0.0,0.016869783401489258,-0.01172029972076416,0.0215836763381958,-0.03542685508728027,-0.03946840763092041,0.014948248863220215,-0.008824408054351807,0.008312344551086426,-0.017783284187316895,-0.013559281826019287
2020-09-16,0.018854498863220215,0.007896780967712402,-0.0013717412948608398,-0.0031685829162597656,-0.012903213500976562,-0.021674036979675293,0.008478045463562012,0.001555323600769043,0.01855069398880005,0.001132965087890625,0.008903026580810547,-0.009742677211761475,-0.010526299476623535,-0.020618557929992676
2020-09-17,-0.011776208877563477,0.006950676441192627,-0.02197808027267456,-0.008900165557861328,-0.01680666208267212,0.009144127368927002,-0.015212178230285645,0.004672825336456299,0.006917178630828857,-0.015465855598449707,-0.010400235652923584,-0.01387488842010498,-0.016170203685760498,-0.010526299476623535
2020-09-18,0.03064262866973877,-0.0010160207748413086,-0.0154494047164917,-0.008980154991149902,-0.014245033264160156,0.024363279342651367,0.001490473747253418,0.026604056358337402,0.006722211837768555,-0.02145594358444214,-0.019745171070098877,-0.014581680297851562,-0.027249157428741455,-0.00709223747253418
2020-09-21,-0.042395055294036865,0.04511106014251709,-0.05848783254623413,-0.03624594211578369,-0.040462493896484375,0.007567167282104492,-0.05100792646408081,0.053054630756378174,-0.08577954769134521,0.008613944053649902,-0.05945420265197754,-0.035306334495544434,-0.03468209505081177,-0.032142817974090576
2020-09-22,-0.04010355472564697,0.026809990406036377,-0.015151500701904297,-0.07857620716094971,-0.01907634735107422,0.013152837753295898,0.010550260543823242,0.0254669189453125,-0.02961111068725586,-0.013586938381195068,-0.0200345516204834,0.0021528005599975586,-0.02441263198852539,-0.02583026885986328
2020-09-23,-0.020215630531311035,-0.018810629844665527,-0.021538496017456055,-0.01676386594772339,-0.008188307285308838,-0.011396527290344238,-0.007195234298706055,0.008710801601409912,-0.0293198823928833,0.003935456275939941,-0.023264050483703613,-0.012889325618743896,-0.01605290174484253,-0.0037878751754760742
2020-09-24,-0.030414104461669922,0.04121500253677368,-0.05031442642211914,-0.0689399242401123,-0.05572754144668579,0.016042709350585938,-0.04590022563934326,0.050966620445251465,-0.07158410549163818,-0.023128211498260498,-0.04402738809585571,-0.04053318500518799,-0.013915598392486572,-0.0152091383934021
2020-09-25,0.03436315059661865,-0.03130817413330078,-0.05298006534576416,-0.05493628978729248,0.042622923851013184,-0.01319873332977295,-0.03857600688934326,-0.0870370864868164,0.0501784086227417,0.005617976188659668,-0.035485148429870605,0.033172607421875,-0.028223812580108643,0.030888080596923828
2020-09-28,0.017068028450012207,-0.058306217193603516,-0.05345916748046875,-0.05660378932952881,-0.05870020389556885,-0.009770035743713379,-0.04115879535675049,-0.035775065422058105,-0.07817816734313965,0.020351171493530273,-0.03791463375091553,0.027716755867004395,-0.027040600776672363,0.014981269836425781
2020-09-29,-0.016631782054901123,0.028229951858520508,0.05671638250350952,0.019999980926513672,0.025742530822753906,-0.00796818733215332,0.016391217708587646,0.011513173580169678,0.03395777940750122,-0.012123525142669678,0.034773409366607666,-0.011748969554901123,0.004875659942626953,-0.014760136604309082
2020-09-30,-0.0030474066734313965,0.005154073238372803,0.007911384105682373,0.010204076766967773,0.012195169925689697,-0.01505744457244873,0.006441652774810791,0.0033277273178100586,0.016503453254699707,0.0039588212966918945,0.018558979034423828,0.0018913745880126953,0.016658484935760498,-0.014981329441070557
2020-10-01,0.01788175106048584,-0.04486048221588135,-0.025518417358398438,-0.013991236686706543,-0.03909468650817871,-0.02633047103881836,-0.0407329797744751,-0.013355612754821777,-0.12286686897277832,-0.029179811477661133,0.019651412963867188,0.026429414749145508,0.004982590675354004,0.011406898498535156
2020-10-05,0.006606698036193848,-0.001014113426208496,0.010886549949645996,-0.006535887718200684,-0.005940556526184082,-0.006684780120849609,-0.010563373565673828,0.00494229793548584,-0.015788555145263672,-0.007279634475708008,-0.010589957237243652,-0.008145034313201904,-0.01452183723449707,0.0037593841552734375
2020-10-06,-0.09546542167663574,-0.012383222579956055,-0.01415097713470459,-0.01370859146118164,-0.018700838088989258,-0.026561379432678223,-0.02010190486907959,-0.031456947326660156,-0.03532540798187256,-0.017877578735351562,-0.001871347427368164,0.015099406242370605,0.004442274570465088,-0.0037453174591064453
2020-10-07,0.013888895511627197,-0.007672667503356934,0.015503883361816406,0.023487567901611328,0.005797088146209717,-0.01590907573699951,-0.005386233329772949,-0.014446258544921875,0.005940914154052734,0.010089755058288574,0.020918965339660645,-0.004697322845458984,0.004957854747772217,-0.011278212070465088
2020-10-08,-0.006489992141723633,0.002648472785949707,-0.03149604797363281,-0.0036443471908569336,-0.014577269554138184,-0.025469064712524414,-0.012674808502197266,0.0031645894050598145,0.0022612810134887695,0.0033974647521972656,-0.0019077062606811523,0.004195094108581543,-0.004982590675354004,-0.0038022398948669434
2020-10-09,-0.016600370407104492,-0.03573799133300781,-0.048854947090148926,-0.03340590000152588,-0.014367818832397461,-0.035072922706604004,-0.036128997802734375,-0.014285683631896973,-0.008661150932312012,-0.0,-0.03960394859313965,0.03550910949707031,-0.021318793296813965,0.0038167238235473633
2020-10-12,0.011066138744354248,0.0001068115234375,0.0684133768081665,0.02951502799987793,0.008498609066009521,0.01621270179748535,-0.006351113319396973,0.02503913640975952,0.01380300521850586,0.005303025245666504,0.015750885009765625,0.0020171403884887695,-0.0,-0.01140683889389038
2020-10-13,-0.016921401023864746,0.014209389686584473,0.01406252384185791,0.00651705265045166,0.0009523630142211914,0.012524664402008057,0.019304513931274414,-0.008025646209716797,0.010171711444854736,-0.024371623992919922,0.020841121673583984,-0.015098154544830322,0.030582547187805176,-0.0038461685180664062
2020-10-14,0.011272192001342773,-0.021567106246948242,-0.022186994552612305,0.013848423957824707,-0.008579611778259277,-0.011014699935913086,-0.026624560356140137,0.004777073860168457,-0.023758649826049805,-0.006319761276245117,-0.010642409324645996,0.022227883338928223,0.007010459899902344,-0.0038610100746154785
2020-10-15,0.015200912952423096,0.018459558486938477,0.04961240291595459,0.010347306728363037,0.021739184856414795,-0.034995079040527344,0.03883969783782959,0.03840005397796631,0.039588868618011475,0.03250837326049805,0.016171514987945557,-0.035991013050079346,0.03429150581359863,-0.019379854202270508
2020-10-16,-0.008544683456420898,-0.021184563636779785,0.001631319522857666,-0.0,-0.008695721626281738,0.025829672813415527,-0.013043522834777832,-0.02163064479827881,-0.01722407341003418,-0.020618557929992676,0.00879204273223877,0.016074657440185547,0.007310688495635986,0.0
2020-10-19,-0.04933047294616699,-0.04350125789642334,-0.10130715370178223,-0.024645209312438965,-0.07662832736968994,0.0035016536712646484,-0.05301690101623535,-0.034201979637145996,-0.030905842781066895,-0.029928922653198242,-0.01774001121520996,0.041081905364990234,-0.027880072593688965,0.019762873649597168
2020-10-20,-0.026696205139160156,-0.0020285844802856445,0.04896146059036255,0.010204076766967773,-0.011565804481506348,0.016949176788330078,0.005993783473968506,0.004724383354187012,0.0029500722885131836,0.005448579788208008,0.021220147609710693,-0.004656851291656494,0.012282609939575195,0.0
2020-10-21,0.018899083137512207,-0.015183687210083008,-0.021840929985046387,-0.0,-0.002638578414916992,0.018627524375915527,-0.0137481689453125,0.011075973510742188,-0.004558086395263672,-0.017896413803100586,0.005807161331176758,0.003447413444519043,-0.042487144470214844,0.0038759708404541016
2020-10-22,-0.006981253623962402,-0.017648816108703613,-0.007633566856384277,0.006627380847930908,0.008771955966949463,-0.010908007621765137,0.01760643720626831,-0.016000032424926758,0.030807137489318848,0.00035881996154785156,-0.0,-0.0022085905075073242,0.0119284987449646,-0.019304990768432617
2020-10-23,-0.013352155685424805,0.006074786186218262,-0.009090900421142578,-0.017049670219421387,0.008849561214447021,0.002108454704284668,-0.009808659553527832,0.009448766708374023,0.000985562801361084,0.0071787238121032715,-0.00778806209564209,-0.002459406852722168,-0.009557366371154785,-0.04724407196044922
2020-10-26,0.021411359310150146,0.027306795120239258,0.013513565063476562,-0.0036443471908569336,0.03303569555282593,-0.020229816436767578,0.029979586601257324,0.027027010917663574,-0.013976812362670898,-0.024584174156188965,-0.02163839340209961,-0.0300789475440979,0.0024912357330322266,0.011278212070465088
2020-10-27,-0.022268176078796387,-0.029897689819335938,-0.0060882568359375,0.02033412456512451,0.0018467903137207031,0.018500089645385742,-0.01359868049621582,-0.016339898109436035,0.004297435283660889,-0.12032461166381836,0.023071110248565674,-0.010421991348266602,0.014485538005828857,0.022813618183135986
2020-10-28,-0.01228475570678711,0.006691575050354004,0.0257185697555542,0.017790913581848145,0.0351526141166687,-0.019137203693389893,0.033906638622283936,0.006430864334106445,0.03444629907608032,0.022677183151245117,0.008904337882995605,-0.021577179431915283,0.007095754146575928,0.027237355709075928
2020-10-29,0.02064305543899536,0.021497905254364014,-0.027950286865234375,0.017358481884002686,0.02205181121826172,-0.018518567085266113,-0.009721040725708008,0.011326849460601807,0.00700002908706665,-0.01256859302520752,0.01874995231628418,-0.00918877124786377,0.012761592864990234,0.008000016212463379
2020-10-30,0.00958096981048584,0.0027336478233337402,0.03474313020706177,-0.006912350654602051,0.010784327983856201,-0.0030323266983032227,0.018254518508911133,-0.0016367435455322266,0.005095958709716797,0.014958679676055908,-0.005971312522888184,0.0029146671295166016,-0.0227508544921875,-0.0
2020-11-02,0.007609903812408447,-0.06121838092803955,-0.09233176708221436,-0.01449275016784668,-0.023785948753356934,0.02669823169708252,-0.06329596042633057,0.01143789291381836,-0.07281875610351562,-0.021324753761291504,-0.044321298599243164,0.03593134880065918,0.005055606365203857,0.012096762657165527
2020-11-03,-0.00363922119140625,-0.02200329303741455,-0.004297971725463867,-0.017293214797973633,-0.03581798076629639,0.02699148654937744,-0.06324112415313721,-0.008264422416687012,-0.029044270515441895,-0.008225321769714355,0.004926085472106934,0.044376373291015625,0.004573166370391846,-0.0
2020-11-04,-0.009582996368408203,0.016849219799041748,-0.0,-0.014042854309082031,0.014953255653381348,0.0075321197509765625,0.015320539474487305,-0.0032787322998046875,-0.04863905906677246,-0.02321934700012207,0.012566626071929932,0.010989069938659668,0.0025522708892822266,-0.0
2020-11-05,0.02796304225921631,-0.026944637298583984,-0.018545031547546387,-0.027696847915649414,-0.027514219284057617,0.009384393692016602,-0.003317713737487793,-0.017973780632019043,-0.05360972881317139,-0.027598857879638672,-0.00887000560760498,0.05628013610839844,-0.014841318130493164,-0.004081606864929199
2020-11-06,-0.019002437591552734,-0.004542946815490723,-0.001400589942932129,-0.005673766136169434,-0.011080265045166016,0.03025531768798828,-0.009806156158447266,-0.016051411628723145,-0.03394460678100586,-0.025365591049194336,-0.0019112825393676758,0.002515435218811035,-0.01966714859008789,-0.0
2020-11-09,-0.04739701747894287,-0.04300880432128906,-0.025174856185913086,-0.010578274726867676,-0.017351627349853516,0.025237083435058594,-0.04494130611419678,-0.041074275970458984,-0.049820542335510254,-0.005820751190185547,-0.030141234397888184,0.0013686418533325195,-0.016320466995239258,-0.04878044128417969
2020-11-10,-0.060089111328125,-0.0328289270401001,-0.03683483600616455,-0.04605722427368164,-0.052962303161621094,0.039534568786621094,-0.045709967613220215,-0.04097115993499756,-0.07705199718475342,-0.014467597007751465,-0.035555481910705566,0.055580854415893555,-0.014111995697021484,-0.04651165008544922
2020-11-11,0.012013137340545654,-0.04292333126068115,0.023684263229370117,0.025350213050842285,0.02046036720275879,-0.0025832056999206543,-0.00558018684387207,0.03061223030090332,0.05657327175140381,-0.03137481212615967,0.0118025541305542,0.010789871215820312,0.00911712646484375,-0.048148155212402344
2020-11-12,0.023846030235290527,0.014704704284667969,0.03908348083496094,0.02943187952041626,0.02001744508743286,-0.013237416744232178,0.0202445387840271,0.009022533893585205,0.023795902729034424,0.029314160346984863,0.0054288506507873535,-0.03159689903259277,0.009200990200042725,-0.01413428783416748
2020-11-13,-0.02092146873474121,-0.017758846282958984,-0.022440314292907715,0.005641758441925049,-0.006216764450073242,-0.009332120418548584,-0.018565058708190918,-0.003034830093383789,0.0008450746536254883,-0.004843354225158691,-0.013828277587890625,0.011684298515319824,0.0024437308311462402,-0.013937234878540039
2020-11-14,-0.00959479808807373,-0.004587650299072266,-0.0027434825897216797,-0.005673766136169434,0.0008826851844787598,0.007948160171508789,-0.002780318260192871,-0.01966726779937744,-0.0024721622467041016,-0.003969311714172363,-0.0035892724990844727,0.0008716583251953125,-0.009309172630310059,-0.0
2020-11-17,-0.04634523391723633,-0.025523900985717773,-0.02325582504272461,-0.007052183151245117,-0.025618433952331543,0.02832949161529541,0.001026928424835205,0.0029674172401428223,-0.017781853675842285,-0.01468503475189209,-0.00822603702545166,0.04593944549560547,-0.0,-0.006872773170471191
2020-11-18,-0.004485368728637695,-0.011927485466003418,-0.05213892459869385,-0.02310919761657715,-0.0663222074508667,0.0002840757369995117,-0.02312910556793213,-0.020833373069763184,-0.05630290508270264,-0.018925786018371582,-0.03334510326385498,0.0491257905960083,-0.03543686866760254,-0.003412961959838867
2020-11-19,0.013284146785736084,0.038975298404693604,0.03939008712768555,0.013004779815673828,0.053311824798583984,-0.0244179368019104,0.03797847032546997,0.026238977909088135,0.012435078620910645,0.002185225486755371,0.027119755744934082,-0.0486111044883728,0.018284082412719727,0.03061223030090332
2020-11-20,0.006675004959106445,0.005968987941741943,0.01058197021484375,-0.0,0.002559661865234375,0.021245598793029785,-0.0030287504196166992,-0.005987882614135742,0.008557438850402832,-0.03449225425720215,0.00705718994140625,0.012513041496276855,-0.013849020004272461,-0.02105259895324707
2020-11-23,0.009567201137542725,0.0201529860496521,0.01604282855987549,-0.006241321563720703,0.0025663375854492188,-0.006412088871002197,0.024885475635528564,-0.0967261791229248,-0.047780513763427734,-0.004498600959777832,-0.008173465728759766,-0.01668381690979004,-0.002355217933654785,-0.0
2020-11-24,-0.005404829978942871,-0.04037952423095703,0.0013586878776550293,0.006202638149261475,-0.003430485725402832,0.03126347064971924,-0.02124941349029541,-0.001356959342956543,-0.004648447036743164,-0.014225482940673828,-0.011984467506408691,0.021575212478637695,-0.004699230194091797,-0.010309219360351562
2020-11-25,0.020702242851257324,0.03195357322692871,-0.055782318115234375,-0.04160892963409424,-0.01196587085723877,-0.024614036083221436,0.011501491069793701,0.02981036901473999,-0.0015813112258911133,-0.032467544078826904,-0.03134799003601074,-0.0034857988357543945,-0.04490184783935547,0.03741496801376343
2020-11-26,-0.005606174468994141,-0.021171927452087402,-0.051546335220336914,-0.043941378593444824,-0.010979652404785156,0.01696598529815674,-0.005500316619873047,-0.0,0.005262851715087891,0.014228105545043945,-0.022289752960205078,0.010082244873046875,-0.024171829223632812,0.0035335421562194824
2020-11-27,0.025551676750183105,0.017876088619232178,-0.0036765336990356445,-0.04464280605316162,-0.04928994178771973,0.009953737258911133,0.004102647304534912,-0.02653634548187256,-0.008347630500793457,0.009528875350952148,-0.043607473373413086,-0.004888951778411865,-0.03146862983703613,-0.04255318641662598
2020-12-01,-0.0404052734375,-0.003407716751098633,-0.05494511127471924,-0.07142853736877441,-0.044426679611206055,-0.0052748918533325195,-0.02482306957244873,-0.009523749351501465,-0.044132232666015625,-0.016255855560302734,-0.02975618839263916,0.01555788516998291,-0.036864399909973145,-0.047618985176086426
2020-12-02,-0.015694737434387207,-0.007371783256530762,-0.008101820945739746,0.04501420259475708,0.008232831954956055,-0.018280744552612305,0.00958561897277832,0.008086204528808594,-0.0020099878311157227,-0.03304910659790039,0.014448106288909912,-0.0044345855712890625,-0.019615888595581055,-0.003246784210205078
2020-12-03,0.007105767726898193,0.008880078792572021,-0.08955228328704834,-0.04713594913482666,-0.008301258087158203,-0.02117985486984253,-0.002913951873779297,-0.004076123237609863,0.0011701583862304688,0.00385892391204834,-0.05458509922027588,0.03786182403564453,-0.060120224952697754,-0.0
2020-12-04,-0.00011360645294189453,-0.01957857608795166,-0.015806078910827637,-0.013105511665344238,-0.006250977516174316,0.006099343299865723,-0.04192173480987549,-0.004059433937072754,-0.019414305686950684,0.013728737831115723,0.0041408538818359375,0.028092145919799805,-0.007561445236206055,0.006472468376159668
2020-12-07,-0.020672321319580078,-0.007729887962341309,-0.020746946334838867,-0.06580424308776855,-0.005151510238647461,-0.009670913219451904,-0.01673150062561035,0.009433925151824951,-0.02353203296661377,-0.013813674449920654,-0.002673029899597168,0.023149967193603516,-0.005253314971923828,-0.026058554649353027
2020-12-08,-0.010238170623779297,-0.0022608041763305664,-0.09654474258422852,-0.1920844316482544,0.012661993503570557,0.0030608177185058594,0.004016101360321045,-0.008163213729858398,0.01972949504852295,0.0074155330657958984,-0.13595974445343018,0.00853109359741211,-0.09219861030578613,-0.09841263294219971
2020-12-09,-0.012227416038513184,-0.021831989288330078,-0.006487488746643066,0.0721558928489685,-0.01664113998413086,0.0223771333694458,-0.006097555160522461,-0.04318499565124512,-0.01287221908569336,0.026990294456481934,0.02972620725631714,-0.005700588226318359,-0.0034176111221313477,-0.0982658863067627
2020-12-10,0.008597254753112793,0.011274099349975586,-0.012891411781311035,0.05152672529220581,0.016368746757507324,-0.015207409858703613,0.008895397186279297,0.02716696262359619,0.013624131679534912,0.01061856746673584,0.025261998176574707,-0.0029591917991638184,0.04121255874633789,-0.07631587982177734
2020-12-11,-0.010208606719970703,0.02200782299041748,0.015454530715942383,-0.026157021522521973,-0.011450409889221191,-0.0021648406982421875,-0.016766905784606934,0.003989279270172119,-0.00862586498260498,0.00893092155456543,-0.054590582847595215,0.010758757591247559,-0.015275359153747559,0.04889976978302002
2020-12-14,-0.009888172149658203,-0.00432133674621582,-0.02677738666534424,-0.020588278770446777,-0.03245282173156738,-0.007665693759918213,-0.020079493522644043,-0.008010625839233398,0.0027063488960266113,0.009893178939819336,-0.01856207847595215,0.006423234939575195,-0.02379286289215088,0.048843204975128174
2020-12-15,0.00731658935546875,0.014288127422332764,-0.0026978254318237305,0.048991382122039795,0.014619886875152588,0.013846397399902344,0.014739453792572021,-0.0,-0.005970120429992676,0.005929470062255859,0.015657126903533936,-0.012946844100952148,0.011619985103607178,0.01081085205078125
2020-12-16,0.007370471954345703,0.00164717435836792,0.012556076049804688,0.019191861152648926,-0.005192875862121582,0.014088630676269531,0.010809719562530518,-0.0,0.005341231822967529,0.0007687807083129883,0.0654497742652893,-0.004618525505065918,0.02351313829421997,-0.030054688453674316
2020-12-17,-0.029809951782226562,0.0011548399925231934,0.04359668493270874,-0.038105010986328125,0.009741723537445068,0.021973371505737305,0.004000425338745117,0.009271502494812012,-0.015187621116638184,0.006658196449279785,0.025111675262451172,-0.006310224533081055,0.02903681993484497,0.03183025121688843
2020-12-18,-0.048881351947784424,-0.006772398948669434,0.013295352458953857,0.02281743288040161,0.011179029941558838,-0.02108478546142578,-0.013224959373474121,0.012032091617584229,0.03269928693771362,-0.0081404447555542,0.012020528316497803,0.014008164405822754,0.02990514039993286,-0.035616397857666016
2020-12-21,-0.063099205493927,-0.04429858922958374,-0.07699710130691528,0.11573606729507446,-0.08953869342803955,-0.02749049663543701,-0.04379779100418091,-0.07307171821594238,-0.0690455436706543,-0.014619112014770508,0.06720739603042603,-0.061705708503723145,-0.08195489645004272,0.0476190447807312
2020-12-22,0.01856255531311035,0.012446403503417969,0.0,-0.06371986865997314,0.023178815841674805,0.00043714046478271484,0.011729001998901367,0.010218977928161621,-0.002373337745666504,-0.009370148181915283,0.020496904850006104,0.01079702377319336,0.008190035820007324,0.03888893127441406
2020-12-23,0.014836430549621582,0.004578232765197754,0.034410834312438965,-0.055585503578186035,0.03964400291442871,0.001747727394104004,0.006596088409423828,0.037572383880615234,0.017425894737243652,0.009458780288696289,0.04787570238113403,0.02155756950378418,0.02355802059173584,-0.017341136932373047
2020-12-24,-0.0010360479354858398,0.029960274696350098,0.005040287971496582,-0.0,0.01478588581085205,0.015702247619628906,0.019757747650146484,0.0,-0.002981245517730713,0.020562171936035156,0.010989010334014893,0.014638781547546387,0.009523749351501465,0.0028409957885742188
2020-12-28,-0.013367116451263428,0.012209177017211914,0.029087305068969727,-0.04294478893280029,0.033742427825927734,0.011165261268615723,0.012754321098327637,0.02924787998199463,0.01659238338470459,0.01453709602355957,-0.030303001403808594,0.03129100799560547,0.022798776626586914,-0.014245033264160156
2020-12-29,-0.009110033512115479,0.020318984985351562,-0.0009746551513671875,-0.009313702583312988,0.0,0.010192513465881348,0.016727566719055176,-0.006765902042388916,0.05300188064575195,0.005279064178466797,-0.02483665943145752,0.009810924530029297,0.05188322067260742,0.0028089284896850586
2020-12-30,0.0047147274017333984,-0.008092701435089111,-0.003902435302734375,-0.027197599411010742,-0.002225518226623535,0.003643512725830078,-9.453296661376953e-05,-0.0013623833656311035,-0.015171468257904053,0.009252309799194336,0.013711750507354736,-0.0035983920097351074,0.0018267631530761719,-0.0
2020-12-31,0.0002346038818359375,-0.007438778877258301,-0.0117531418800354,0.002364039421081543,-0.008178472518920898,0.0027924776077270508,0.011914849281311035,0.010913968086242676,-0.004560351371765137,-0.01114964485168457,-0.009052634239196777,-0.0070421695709228516,-0.014223158359527588,-0.005633831024169922
2021-01-01,0.026624441146850586,0.005399227142333984,0.05649149417877197,-0.03791463375091553,0.020239949226379395,-0.007936537265777588,-0.014110803604125977,0.00944674015045166,0.005810379981994629,-0.0007517337799072266,-0.052867770195007324,0.016184687614440918,0.019977807998657227,-0.008403301239013672
2021-01-04,0.0090254545211792,0.0014427900314331055,0.02251410484313965,-0.005936145782470703,0.036737680435180664,-0.006315767765045166,0.00796210765838623,0.032085537910461426,-0.0025551915168762207,-0.01429283618927002,-0.021606802940368652,0.005905508995056152,0.010518670082092285,-0.0
2021-01-05,0.0015851259231567383,-0.06363058090209961,-0.00366973876953125,-0.012709856033325195,0.024805068969726562,0.007627129554748535,0.010438203811645508,0.02849745750427246,0.026507854461669922,-0.0027982592582702637,-0.001489400863647461,0.0024907588958740234,-0.012203872203826904,-0.0
2021-01-06,0.005539298057556152,0.015351057052612305,-0.0018416047096252441,0.02868664264678955,0.005532383918762207,-0.004345417022705078,0.017589569091796875,0.04282116889953613,0.0007594823837280273,0.005357146263122559,0.011302709579467773,0.011712431907653809,-0.007267475128173828,-0.0
2021-01-07,-0.0016863346099853516,-0.025754690170288086,0.011992573738098145,-0.008306384086608887,0.04057776927947998,-0.0030972957611083984,-0.010243356227874756,-0.10628008842468262,0.03220033645629883,-0.009134769439697266,-0.007220149040222168,0.009296655654907227,0.0018302202224731445,-0.0
2021-01-08,0.006306290626525879,-0.002384185791015625,-0.010938882827758789,0.016933679580688477,0.0013219118118286133,0.010874152183532715,0.0017557144165039062,0.030567646026611328,-0.012866973876953125,0.009218931198120117,0.0014933943748474121,-0.005908966064453125,-0.00328826904296875,-0.002777695655822754
2021-01-11,0.0064907073974609375,0.008547663688659668,-0.02211982011795044,0.017690837383270264,-0.012541234493255615,0.01383066177368164,0.00488889217376709,-0.0011260509490966797,-0.011385440826416016,-0.016493260860443115,0.014059245586395264,-0.012237787246704102,-0.01612907648086548,0.005540072917938232
2021-01-12,0.006003975868225098,-0.01311945915222168,-0.11498594284057617,-0.09099531173706055,0.01871645450592041,0.020394086837768555,0.006058335304260254,-0.06074237823486328,-0.0015605688095092773,-0.01780182123184204,-0.04581320285797119,0.035398244857788086,0.05961251258850098,-0.005570888519287109
2021-01-13,-0.01359415054321289,-0.017907261848449707,-0.07100582122802734,-0.04474365711212158,-0.01837259531021118,-0.0070223212242126465,0.015510916709899902,0.023329854011535645,0.016277670860290527,-0.011295020580291748,-0.002610921859741211,0.04888880252838135,0.006680727005004883,0.013850390911102295
2021-01-14,0.024089694023132324,0.017156124114990234,-0.014206767082214355,0.01372140645980835,0.003342270851135254,-0.001223921775817871,-0.00575023889541626,-0.004343152046203613,0.028586626052856445,0.005579233169555664,-0.010995268821716309,0.0014667510986328125,0.0,-0.0028090476989746094
2021-01-15,0.0067833662033081055,0.0017012357711791992,0.015564203262329102,0.04553121328353882,-0.022651612758636475,-0.0014978647232055664,-0.018615543842315674,-0.04756760597229004,-0.003918707370758057,-0.015059471130371094,0.028334200382232666,-0.011065900325775146,-0.02025848627090454,0.014005601406097412
2021-01-18,-0.03357970714569092,0.026450276374816895,0.030830025672912598,0.034893929958343506,-0.023858189582824707,0.011318683624267578,-0.018139898777008057,0.03715169429779053,-0.03426861763000488,-0.009120166301727295,0.013843894004821777,-0.03093630075454712,-0.026024937629699707,-0.005681872367858887
2021-01-19,0.011244773864746094,-0.017884373664855957,-0.040783047676086426,-0.047139525413513184,0.05307269096374512,0.013888955116271973,0.024946093559265137,-0.0750267505645752,0.007611513137817383,0.02165675163269043,-0.02956998348236084,0.014093995094299316,0.014275193214416504,-0.011299371719360352
2021-01-20,0.023351550102233887,-0.010467290878295898,-0.054859042167663574,-0.028409123420715332,0.025198936462402344,-0.007846832275390625,0.008326411247253418,-0.025922179222106934,0.008298754692077637,-0.00185471773147583,-0.012474656105041504,0.013228297233581543,0.0054132938385009766,0.013966500759124756
2021-01-21,-0.007606208324432373,-0.00014793872833251953,0.04383367300033569,0.047598838806152344,-0.013583481311798096,-0.0115281343460083,0.0030853748321533203,0.03401362895965576,-0.023055851459503174,-0.013538658618927002,0.03524363040924072,-0.025450289249420166,-0.01938265562057495,-0.022662878036499023
2021-01-22,-0.01828533411026001,-0.046386003494262695,0.043512046337127686,0.02275770902633667,-0.038688480854034424,-0.021155476570129395,-0.034195780754089355,0.004024147987365723,-0.035156846046447754,-0.016146421432495117,0.030887961387634277,-0.03781580924987793,-0.026354312896728516,-0.01449275016784668
2021-01-25,-0.013383865356445312,0.021567106246948242,-0.008123517036437988,-0.004109621047973633,-0.02796727418899536,0.013300180435180664,0.007961750030517578,0.029292941093444824,-0.0494234561920166,-0.0183260440826416,0.011645734310150146,-0.009693324565887451,-0.02556389570236206,-0.038235247135162354
2021-01-27,-0.03617453575134277,-0.03994542360305786,-0.0032231807708740234,0.021373331546783447,-0.02035081386566162,-0.03636866807937622,-0.02917945384979248,0.005202889442443848,-0.03415179252624512,-0.016717731952667236,0.02356588840484619,-0.01886463165283203,-0.013117313385009766,-0.03669726848602295
2021-01-28,0.02017354965209961,-0.061066389083862305,-0.11004012823104858,0.027881085872650146,0.025787949562072754,-0.0270998477935791,0.011295199394226074,-0.002092123031616211,-0.021398603916168213,-0.023519396781921387,0.023817062377929688,0.024306178092956543,-0.02071934938430786,-0.04444444179534912
2021-01-29,0.0031042098999023438,0.011629641056060791,0.021660566329956055,-0.0358508825302124,0.009776592254638672,0.013854503631591797,0.016564130783081055,0.014613807201385498,-0.05419886112213135,-0.005803823471069336,-0.024398207664489746,-0.0008854269981384277,-0.05988025665283203,-0.04651165008544922
2021-02-01,-0.07908308506011963,-0.07007086277008057,0.09717309474945068,-0.08814024925231934,-0.06777310371398926,-0.062140464782714844,-0.12439477443695068,0.012711942195892334,-0.14714574813842773,-0.05166363716125488,-0.07208633422851562,-0.10138249397277832,-0.04557442665100098,-0.041269779205322266
2021-02-02,-0.020393013954162598,-0.006837248802185059,0.011272192001342773,-0.033927083015441895,-0.03950786590576172,-0.05674421787261963,-0.02244114875793457,-0.02360522747039795,-0.0052030086517333984,-0.03330552577972412,-0.012737035751342773,-0.07209527492523193,-0.02629685401916504,-0.009146332740783691
2021-02-03,-0.001873612403869629,-0.027443289756774902,0.03662419319152832,-0.04963088035583496,-0.016822457313537598,-0.009099125862121582,-0.008099079132080078,0.0010482072830200195,-0.07471942901611328,0.005103409290313721,-0.059374213218688965,-0.008556008338928223,-0.020357966423034668,0.018126845359802246
2021-02-04,-0.0024935007095336914,-0.013764023780822754,0.07066047191619873,-0.06760454177856445,-0.04840695858001709,-0.00279390811920166,-0.009560585021972656,-0.02938079833984375,0.015640676021575928,-0.03158748149871826,-0.056046366691589355,-0.05700254440307617,-0.029927730560302734,0.0030768513679504395
2021-02-05,-0.017618417739868164,0.03266572952270508,0.006456255912780762,0.010248839855194092,0.027469396591186523,-0.01165151596069336,0.022521018981933594,0.015290498733520508,0.006830453872680664,-0.03768646717071533,0.008627474308013916,-0.10701215267181396,-0.008015990257263184,-0.04320979118347168
2021-02-08,-0.05132913589477539,-0.022998929023742676,-0.020670056343078613,0.015902400016784668,0.004206717014312744,-0.0047571659088134766,-0.025156617164611816,-0.017598390579223633,-0.009755134582519531,0.012862563133239746,0.053533732891082764,-0.010048270225524902,0.025844931602478027,-0.008875727653503418
2021-02-09,-0.030030012130737305,-0.008625984191894531,-0.010189175605773926,0.019165754318237305,-0.0012069940567016602,-0.004111647605895996,-0.005956172943115234,-0.017293930053710938,0.008984565734863281,0.004087924957275391,-0.027584314346313477,0.005666792392730713,0.008163273334503174,0.02346038818359375
2021-02-10,-0.033574700355529785,0.010370373725891113,-0.007352948188781738,-0.03601539134979248,0.0012055039405822754,0.01861274242401123,0.0018945932388305664,-0.01100003719329834,0.002924621105194092,-0.0015392303466796875,-0.010303616523742676,0.006458938121795654,0.0030864477157592773,0.015015006065368652
2021-02-11,-0.02447676658630371,-0.00721287727355957,-0.03481477499008179,0.020710110664367676,-0.006638526916503906,0.005942583084106445,0.0023728609085083008,-0.03956472873687744,0.0008798837661743164,-0.004610657691955566,0.01771336793899536,0.005353748798370361,0.009975910186767578,-0.006097555160522461
2021-02-12,0.023625493049621582,-0.013917088508605957,0.01688408851623535,0.005286991596221924,0.00299757719039917,-0.006105303764343262,-0.02687692642211914,0.00856328010559082,-0.005382180213928223,0.0050994157791137695,-0.0010929107666015625,-0.007689356803894043,0.005212008953094482,0.006060600280761719
2021-02-15,0.007004499435424805,-0.05810236930847168,0.016603708267211914,-0.03910410404205322,-0.024654150009155273,-0.021871089935302734,-0.04068875312805176,-0.03838777542114258,-0.02939450740814209,-0.01793956756591797,-0.019377708435058594,-0.03510117530822754,-0.010129213333129883,0.009146332740783691
2021-02-16,-0.001007676124572754,0.02386653423309326,0.002227187156677246,-0.0,-0.0023474693298339844,-0.006185770034790039,0.023147165775299072,0.00462108850479126,-0.0006146430969238281,-0.016867995262145996,0.001070857048034668,0.011303603649139404,-0.03665280342102051,0.01230776309967041
2021-02-17,-0.0049419403076171875,-0.0034836530685424805,0.06296300888061523,-0.025210022926330566,-0.015222430229187012,0.024714112281799316,0.0015189647674560547,-0.04735386371612549,0.023671209812164307,0.014855146408081055,-0.05548107624053955,-0.02336275577545166,-0.1130753755569458,0.009345769882202148
2021-02-18,-0.03342139720916748,0.0009643435478210449,-0.14912891387939453,-0.01532435417175293,-0.0005767345428466797,0.02017146348953247,0.01931995153427124,-0.030141830444335938,-0.012437224388122559,0.02211606502532959,-0.050533175468444824,-0.008378863334655762,-0.11447405815124512,-0.015723228454589844
2021-02-19,0.022735297679901123,0.03519946336746216,0.05033344030380249,0.0561600923538208,0.0380403995513916,0.009778738021850586,0.03195536136627197,-0.07401037216186523,-0.01897609233856201,0.003341078758239746,0.03988391160964966,0.03769272565841675,0.040333449840545654,0.012383878231048584
2021-02-22,0.03083854913711548,0.040285468101501465,0.019795715808868408,0.03607285022735596,0.041941285133361816,-0.005717277526855469,0.02275460958480835,0.014423072338104248,0.04034149646759033,-0.005415201187133789,0.02416926622390747,0.025153279304504395,0.0311010479927063,0.021943509578704834
2021-02-23,-0.0405656099319458,0.004864811897277832,0.03322482109069824,-0.032407402992248535,-0.016260147094726562,0.012144744396209717,-0.010576367378234863,0.0016260147094726562,-0.024831414222717285,0.03924077749252319,0.0010319352149963379,-0.015661120414733887,0.016772747039794922,-0.0
2021-02-24,-0.06071174144744873,-0.04672110080718994,-0.018867969512939453,-0.010463356971740723,-0.042461514472961426,-0.05048394203186035,-0.04024016857147217,-0.039087891578674316,-0.02070009708404541,-0.02028834819793701,-0.019369840621948242,-0.02692115306854248,-0.06117653846740723,-0.03205132484436035
2021-02-25,0.01652204990386963,-0.028356075286865234,-0.019841313362121582,-0.018860936164855957,-0.01829993724822998,-0.0,0.02043360471725464,-0.014106512069702148,-0.03714954853057861,0.00811094045639038,-0.002533555030822754,-0.002461552619934082,-0.01468956470489502,-0.0
2021-02-26,0.03445613384246826,0.05949527025222778,0.055123209953308105,0.042468249797821045,0.03130429983139038,0.04482072591781616,0.04816877841949463,0.019319891929626465,0.04217171669006348,-0.06067001819610596,0.02501887083053589,0.04198896884918213,0.02239823341369629,0.02173912525177002
2021-03-01,-0.019440770149230957,-0.005173802375793457,0.02608102560043335,0.003411591053009033,0.0059844255447387695,-0.015902042388916016,-0.017733097076416016,-0.0,-0.004703879356384277,0.03650665283203125,0.0012961030006408691,-0.012302994728088379,0.01480865478515625,-0.034920573234558105
2021-03-02,-0.0026993751525878906,-0.0037059783935546875,0.000704646110534668,-0.014073729515075684,-0.003010272979736328,-0.0060302019119262695,-0.0035341978073120117,-0.01654839515686035,-0.0050563812255859375,-0.0005418658256530762,-0.004931330680847168,0.0018990039825439453,0.03431648015975952,-0.0
2021-03-03,-0.04290056228637695,-0.03104269504547119,-0.030324459075927734,-0.049137234687805176,-0.05762302875518799,-0.011860847473144531,-0.03538084030151367,-0.040310025215148926,-0.02459585666656494,0.029818415641784668,-0.061983466148376465,-0.02752399444580078,-0.029662370681762695,-0.003067612648010254
2021-03-04,-0.05587470531463623,0.022746920585632324,-0.0020532608032226562,-0.01859140396118164,-0.02951192855834961,0.021930932998657227,0.0179559588432312,-0.016393423080444336,0.007092595100402832,-0.0010529160499572754,-0.0012159347534179688,0.023207008838653564,0.013690829277038574,-0.015290498733520508
2021-03-05,0.005757153034210205,0.008211195468902588,0.06557369232177734,0.05896806716918945,0.03693491220474243,0.014175236225128174,0.018203794956207275,0.020527780055999756,-0.047666966915130615,0.013175249099731445,0.043478190898895264,0.03032982349395752,0.029496848583221436,0.015060245990753174
2021-03-08,-0.0026175975799560547,-0.017174124717712402,-0.007309913635253906,-0.011935830116271973,0.012020528316497803,0.006797373294830322,0.00229722261428833,-0.0067365169525146484,-0.02081930637359619,-0.0033809542655944824,-0.0010156631469726562,-0.01550900936126709,0.00417172908782959,0.006116211414337158
2021-03-09,0.024920880794525146,-0.0028924942016601562,0.011611104011535645,0.008846282958984375,0.012166917324066162,-0.028165340423583984,-0.028040409088134766,0.008921921253204346,0.006432652473449707,0.03288090229034424,0.003297746181488037,0.005133450031280518,0.017354846000671387,0.01230776309967041
2021-03-10,-0.016795039176940918,-0.02052450180053711,0.004405200481414795,-0.008925199508666992,-0.012316703796386719,0.004224240779876709,-0.0007998943328857422,-0.0030007362365722656,0.014685750007629395,-0.0075795650482177734,0.0025452375411987305,-0.0002579689025878906,-0.008830666542053223,-0.0
2021-03-12,-0.0017555952072143555,0.013342142105102539,0.03687316179275513,0.029119014739990234,0.012166917324066162,0.002442479133605957,0.02038043737411499,-0.0014958381652832031,-0.016540825366973877,-0.014765739440917969,0.010972201824188232,0.01702350378036499,0.006036818027496338,0.009345769882202148
2021-03-15,0.053289830684661865,0.008260011672973633,-0.021439433097839355,-0.008731961250305176,0.017595291137695312,0.015077352523803711,0.015256524085998535,0.02539205551147461,0.015645623207092285,-0.008527100086212158,0.005933940410614014,-0.00734710693359375,0.020346224308013916,0.01572328805923462
2021-03-16,-0.03491795063018799,0.008933424949645996,-0.0,0.005269050598144531,0.0017910599708557129,0.010728776454925537,0.014167308807373047,0.028352439403533936,-0.003803074359893799,-0.008079230785369873,0.024396538734436035,0.01393592357635498,0.015189051628112793,0.012779533863067627
2021-03-17,0.04894304275512695,0.013351380825042725,0.056221842765808105,0.05145668983459473,0.04066985845565796,0.011109590530395508,0.009160459041595459,0.03943216800689697,-0.024886369705200195,-0.01812922954559326,0.035115718841552734,0.02747321128845215,0.03934526443481445,0.022653698921203613
2021-03-18,0.0041887760162353516,0.012570440769195557,0.04289120435714722,0.0275229811668396,0.030548572540283203,0.002942383289337158,0.018490314483642578,0.02463054656982422,-0.006095468997955322,-0.020337164402008057,0.018472611904144287,0.0028520822525024414,-0.0,0.013245105743408203
2021-03-19,-0.02815687656402588,-0.010434746742248535,-0.027385950088500977,-0.03445446491241455,-0.0019292831420898438,-0.00442659854888916,-0.01391303539276123,-0.015993237495422363,0.009074568748474121,0.0019119977951049805,-0.019943952560424805,-0.011032342910766602,-0.0029488801956176758,-0.003355741500854492
2021-03-22,-0.02104043960571289,0.01383817195892334,0.01857835054397583,0.007930159568786621,0.009627699851989746,0.01896369457244873,0.02250063419342041,0.014912962913513184,-0.04323548078536987,-0.006270408630371094,0.01294410228729248,0.011181473731994629,0.025155186653137207,0.006688952445983887
2021-03-23,-0.018317103385925293,-0.02003622055053711,-0.02716052532196045,-0.028377294540405273,-0.013609766960144043,-0.02109992504119873,-0.022582650184631348,-0.03195953369140625,0.022620439529418945,-0.005486965179443359,-0.02120530605316162,-0.015531420707702637,-0.05026805400848389,-0.0033669471740722656
2021-03-24,0.015819549560546875,0.033057212829589844,0.03685903549194336,0.03964245319366455,0.032608628273010254,0.014264702796936035,0.03223061561584473,0.04237973690032959,-0.031665027141571045,-0.016551733016967773,0.04535520076751709,0.03447812795639038,0.0341416597366333,0.016778528690338135
2021-03-25,0.06127607822418213,0.0167044997215271,0.026622295379638672,0.0364224910736084,-0.00859224796295166,0.010413885116577148,-0.00713658332824707,0.02638298273086548,-0.0009387731552124023,-0.01093965768814087,0.040354907512664795,0.012922048568725586,0.007928609848022461,0.03071671724319458
2021-03-26,-0.024337291717529297,-0.005182862281799316,-0.011111140251159668,-0.021839618682861328,-0.0058977603912353516,-0.018996834754943848,-0.012247443199157715,-0.008741259574890137,-0.005272507667541504,0.004537701606750488,-0.014017343521118164,-0.005630612373352051,0.02397608757019043,0.010563373565673828
2021-03-30,-0.10216379165649414,0.0040819644927978516,-0.023668646812438965,-0.005343198776245117,0.012377798557281494,-0.04184556007385254,-0.022297143936157227,-0.00953209400177002,0.008711576461791992,0.0056465864181518555,-0.004117608070373535,-0.0100783109664917,-0.006482481956481934,-0.16014230251312256
2021-03-31,0.05473858118057251,-0.003020167350769043,-0.0280759334564209,-0.0404742956161499,-0.0,0.0386199951171875,0.01580864191055298,0.04377681016921997,-0.006867468357086182,-0.015721499919891357,-0.013766884803771973,-0.009700655937194824,0.0016949176788330078,0.04294472932815552
2021-04-01,-0.03266000747680664,-0.022295475006103516,-0.02249002456665039,-0.02946949005126953,-0.0402374267578125,0.004552721977233887,-0.02113044261932373,-0.02423691749572754,0.04070401191711426,0.029378175735473633,-0.04218435287475586,-0.017430663108825684,-0.027843832969665527,-0.00641024112701416
2021-04-05,0.031075000762939453,0.038920044898986816,0.042419493198394775,0.06793898344039917,0.031071603298187256,0.025020241737365723,0.03894686698913574,0.048203349113464355,-0.05632740259170532,-0.025214731693267822,0.032436907291412354,-0.04613518714904785,0.02708953619003296,0.012738823890686035
2021-04-06,0.004395604133605957,0.010725975036621094,-0.002460956573486328,-0.009827971458435059,-0.005890011787414551,0.006484568119049072,0.009365379810333252,-0.018416166305541992,-0.01077502965927124,0.005400896072387695,-0.0025788545608520508,-0.008485376834869385,-0.03769099712371826,-0.006451606750488281
2021-04-07,-0.008175969123840332,-0.015267729759216309,-0.0188215970993042,-0.0133819580078125,-0.02862727642059326,-0.004860401153564453,-0.020763397216796875,-0.045207977294921875,0.01973581314086914,0.013288021087646484,-0.014861345291137695,0.02282130718231201,-0.0507199764251709,-0.0
2021-04-08,-0.015246152877807617,0.009662210941314697,0.008835315704345703,0.019207656383514404,0.01581275463104248,0.00995016098022461,0.0016446113586425781,0.006055355072021484,-0.011263251304626465,-0.005022287368774414,0.003942549228668213,-0.008227527141571045,0.005917191505432129,0.00320512056350708
2021-04-09,0.06182605028152466,0.019659578800201416,-0.008103728294372559,-0.011423945426940918,0.0012854337692260742,0.007677257061004639,0.018207013607025146,0.0287206768989563,-0.012033343315124512,0.00897359848022461,-0.010460972785949707,-0.007311582565307617,-0.039473652839660645,0.006430864334106445
2021-04-12,0.08343976736068726,-0.048787832260131836,-0.11897110939025879,-0.12424373626708984,-0.08365505933761597,0.038542747497558594,0.048834383487701416,-0.09408605098724365,-0.0858008861541748,-0.031406283378601074,-0.10296589136123657,-0.06841355562210083,-0.10216999053955078,0.06472492218017578
2021-04-13,-0.003994464874267578,-0.0399622917175293,0.04744529724121094,0.04283738136291504,-0.08146071434020996,-0.024433135986328125,-0.040943264961242676,-0.06923842430114746,0.03908097743988037,0.019225239753723145,0.033998727798461914,0.036946892738342285,0.022826433181762695,-0.017301082611083984
2021-04-15,0.023501157760620117,-0.01187586784362793,-0.009581923484802246,-0.012367427349090576,0.014935076236724854,-0.021136760711669922,-0.02604353427886963,0.02960216999053955,-0.02171194553375244,-0.0016891956329345703,-0.00995481014251709,0.004985332489013672,-0.02231699228286743,0.010204076766967773
2021-04-16,-0.020560860633850098,-0.0005233287811279297,-0.0158311128616333,-0.012522399425506592,-0.007251143455505371,0.0009790658950805664,0.014342844486236572,-0.02287900447845459,0.005359172821044922,-0.005076169967651367,0.0012187957763671875,-0.008170485496520996,0.0016783475875854492,-0.003436446189880371
2021-04-19,0.05691206455230713,0.03145545721054077,-0.058981239795684814,-0.04211956262588501,0.05824613571166992,0.011339724063873291,0.012699544429779053,0.05498605966567993,-0.03586536645889282,-0.03571420907974243,-0.04716986417770386,-0.02574288845062256,-0.056635379791259766,0.0273972749710083
2021-04-20,-0.025103449821472168,-0.00555419921875,-0.010446429252624512,-0.010874688625335693,-0.0020848512649536133,0.014868319034576416,0.0011612772941589355,0.0009861588478088379,0.015625,-0.002057671546936035,0.01628875732421875,-0.004982590675354004,0.0014209747314453125,0.010563373565673828
2021-04-22,-0.050993919372558594,-0.010663628578186035,-0.0038387179374694824,0.020076513290405273,0.004854321479797363,-0.022279739379882812,-0.035950660705566406,-0.010858774185180664,-0.011005878448486328,0.02268040180206299,0.006285429000854492,0.02169954776763916,-0.010287344455718994,-0.0
2021-04-23,0.01726973056793213,-0.01920449733734131,-0.0009634494781494141,0.0018743276596069336,-0.004181265830993652,0.005764961242675781,0.015970289707183838,0.0019531846046447754,0.01711142063140869,-0.0011521577835083008,0.0028107166290283203,-0.000594019889831543,0.008960604667663574,0.0035587549209594727
2021-04-26,0.02231520414352417,-0.04334557056427002,0.010607600212097168,0.04209554195404053,-0.026370525360107422,0.0066468119621276855,-0.037108421325683594,-0.02250492572784424,0.011235237121582031,0.014705896377563477,0.013080000877380371,0.023331761360168457,0.012078166007995605,-0.0035713911056518555
2021-04-27,-0.03262007236480713,0.0012848973274230957,0.03148853778839111,0.03725314140319824,-0.016227245330810547,-0.024202704429626465,-0.012941956520080566,-0.02105259895324707,0.026641845703125,-0.005115032196044922,0.014755606651306152,0.025413870811462402,0.027027010917663574,-0.049822092056274414
2021-04-28,-0.05802178382873535,-0.012293696403503418,0.04255318641662598,0.026395440101623535,-0.03592813014984131,-0.026410937309265137,-0.03774523735046387,-0.024367451667785645,0.05037117004394531,0.034847140312194824,0.019993901252746582,0.029315948486328125,0.01811349391937256,-0.0033898353576660156
2021-04-29,0.0211525559425354,-0.015886425971984863,-0.015084266662597656,-0.02740299701690674,0.0038534998893737793,0.002979457378387451,-0.00016105175018310547,-0.0027446746826171875,0.013539791107177734,-0.0035881400108337402,-0.016929030418395996,-0.011007130146026611,0.011413216590881348,0.02027028799057007
2021-04-30,-0.10689198970794678,0.006255209445953369,-0.0018017888069152832,-0.006501913070678711,-0.032881975173950195,0.04074978828430176,0.03371149301528931,0.001824796199798584,-0.004790008068084717,-0.0310249924659729,-0.005740165710449219,-0.01641625165939331,-0.01759040355682373,-0.0034482479095458984
2021-05-03,-0.07995617389678955,0.01699542999267578,-0.0018050670623779297,0.0,0.0031210780143737793,-0.0014160871505737305,0.006244778633117676,0.012797117233276367,-0.022835493087768555,-0.013436198234558105,-0.010027289390563965,-0.008203685283660889,-0.006756782531738281,0.04467356204986572
2021-05-04,-0.009199142456054688,0.0034151673316955566,0.06329119205474854,0.02050602436065674,0.00500941276550293,0.018382370471954346,0.008713901042938232,-0.032407402992248535,-0.0037761926651000977,0.004056811332702637,-0.08563530445098877,0.0025670528411865234,0.05272114276885986,0.003597080707550049
2021-05-05,0.0289459228515625,-0.024059414863586426,0.031462669372558594,0.0337752103805542,-0.007552027702331543,-0.010227560997009277,-0.019017815589904785,-0.00807178020477295,0.02307307720184326,0.022222280502319336,-0.0,0.011095285415649414,0.02810978889465332,-0.0
2021-05-06,0.01581740379333496,0.00202178955078125,-0.02638089656829834,-0.015301942825317383,0.01811373233795166,0.0012832880020141602,-0.008958220481872559,-0.011565804481506348,-0.006658434867858887,0.009599089622497559,0.028272569179534912,0.0004220008850097656,-0.01508486270904541,0.021660685539245605
2021-05-07,-0.029365718364715576,-0.0013971328735351562,-0.001693427562713623,0.005879878997802734,0.012086451053619385,-0.009994268417358398,0.0018087029457092285,0.0017589926719665527,0.001351475715637207,-0.00419461727142334,0.00407332181930542,0.007593870162963867,-0.04467135667800903,0.014760136604309082
2021-05-10,0.019272208213806152,0.0020927786827087402,0.045801520347595215,0.023382067680358887,-0.02446877956390381,-0.003534078598022461,-0.010130167007446289,0.024669647216796875,0.020729899406433105,0.016287565231323242,0.017820656299591064,0.009630203247070312,-0.00167006254196167,0.018726587295532227
2021-05-11,0.02429497241973877,0.011045098304748535,0.009732365608215332,0.020807862281799316,-0.028284072875976562,0.011410117149353027,0.00554424524307251,-0.016260147094726562,0.0036492347717285156,-0.02984243631362915,0.01546698808670044,0.00815582275390625,0.025761127471923828,-0.0038167238235473633
2021-05-12,-0.015468716621398926,0.022690296173095703,0.049799203872680664,0.017186284065246582,0.002445042133331299,0.0028498172760009766,0.024760127067565918,0.018666625022888184,-0.0339357852935791,-0.020791828632354736,-0.05861032009124756,0.008364200592041016,0.06164383888244629,-0.011406898498535156
2021-05-14,-0.008379578590393066,0.00911325216293335,-0.04820197820663452,-0.03497058153152466,0.023896992206573486,0.00914543867111206,-0.0042874813079833984,0.01811593770980835,-0.028146028518676758,-0.0072716474533081055,0.008276283740997314,-0.019717156887054443,0.0043010711669921875,0.00751882791519165
2021-05-17,-0.004859030246734619,-0.03540146350860596,0.04662370681762695,0.04560267925262451,-0.023854374885559082,-0.03850579261779785,-0.044031500816345215,-0.029520273208618164,-0.07363760471343994,0.021974802017211914,-0.02330935001373291,-0.06283807754516602,0.016212940216064453,-0.011363625526428223
2021-05-18,0.04723489284515381,-0.0033838748931884766,-0.005376338958740234,-0.04906541109085083,-0.034334659576416016,-0.025413155555725098,-0.01539456844329834,-0.004480242729187012,-0.01892411708831787,0.006307363510131836,0.008155226707458496,0.002218782901763916,-0.03341364860534668,-0.0
2021-05-19,-0.003243386745452881,-0.007236599922180176,-0.0007722377777099609,-0.0016380548477172852,-0.0005928277969360352,0.012594878673553467,0.012239396572113037,0.008920609951019287,0.007747173309326172,-0.013960123062133789,0.030620992183685303,-0.005624532699584961,-0.004360079765319824,0.0037453174591064453
2021-05-20,-0.023693382740020752,0.015206396579742432,-0.003091156482696533,0.007383108139038086,0.011255979537963867,0.01741868257522583,0.010952174663543701,0.007200658321380615,-0.008790016174316406,-0.01300203800201416,-0.0356830358505249,-0.00039017200469970703,0.0059430599212646484,0.0037593841552734375
2021-05-21,0.02124786376953125,-0.03541576862335205,0.06279075145721436,0.039902329444885254,-0.020371556282043457,-0.044946908950805664,-0.03855490684509277,-0.0380779504776001,-0.04151713848114014,0.02898120880126953,-0.01496744155883789,-0.043297410011291504,0.016480088233947754,-0.007547140121459961
2021-05-24,-0.002141714096069336,-0.014023780822753906,0.0072939395904541016,0.010963201522827148,-0.014680027961730957,-0.008549332618713379,-0.007627010345458984,-0.03493452072143555,0.011072814464569092,-0.00028449296951293945,-0.045909881591796875,-0.027043819427490234,0.029672741889953613,-0.03745317459106445
2021-05-25,-0.014922380447387695,0.012952864170074463,-0.0065171122550964355,-0.027110695838928223,-0.005208253860473633,0.02052980661392212,-0.004557013511657715,0.005063295364379883,0.01079869270324707,-0.00369948148727417,0.011439204216003418,-0.0007281303405761719,-0.09774208068847656,0.018050551414489746
2021-05-26,-0.0008300542831420898,-0.004852652549743652,-0.003644287586212158,-0.0071656107902526855,-0.0017271041870117188,0.0013522505760192871,-0.003383040428161621,0.019508063793182373,-0.0045778751373291016,-0.005712628364562988,0.002691030502319336,-0.002910137176513672,-0.02864670753479004,0.011029481887817383
2021-05-27,0.020041465759277344,-0.020745515823364258,0.04023408889770508,0.03167593479156494,-0.012068986892700195,-0.0037914514541625977,0.00038313865661621094,-0.0017300844192504883,-0.008412957191467285,0.020970940589904785,-0.07393407821655273,-0.02817082405090332,-0.0047457218170166016,0.003717482089996338
2021-05-28,0.01333606243133545,0.013993442058563232,0.004219412803649902,0.05985236167907715,-0.010789275169372559,-0.014029383659362793,0.014105021953582764,-0.021588921546936035,-0.012414932250976562,0.013505935668945312,-0.0025125741958618164,0.007408320903778076,0.012942790985107422,0.0037313103675842285
2021-05-31,-0.006931900978088379,-0.01466512680053711,-0.04131656885147095,-0.008434176445007324,0.019662916660308838,-0.008247971534729004,-0.03063523769378662,0.010989010334014893,0.0062294602394104,0.0036090612411499023,-0.0037593841552734375,-0.005449652671813965,0.011432409286499023,-0.011235952377319336
2021-06-01,0.0006070137023925781,0.007393062114715576,-0.018261492252349854,-0.012204229831695557,0.01719200611114502,0.002770841121673584,0.01908719539642334,0.01623934507369995,0.002912163734436035,-0.005809128284454346,0.017727792263031006,-0.01932358741760254,-0.011303186416625977,0.011111080646514893
2021-06-02,0.020928144454956055,0.01093745231628418,0.02529764175415039,0.03332090377807617,-0.02157437801361084,0.00502777099609375,0.0026918649673461914,-0.05907905101776123,-0.017771363258361816,-0.007790744304656982,-0.05617690086364746,-0.01086580753326416,0.029253602027893066,-0.007490634918212891
2021-06-03,-0.0030698776245117188,-0.01852107048034668,0.00870823860168457,-0.00362318754196167,-0.004566192626953125,-0.011037230491638184,-0.0029305219650268555,0.004922032356262207,0.021643996238708496,0.017386317253112793,0.006738841533660889,-0.005488872528076172,0.004900336265563965,-0.0037175416946411133
2021-06-04,-0.004768013954162598,0.011456787586212158,0.0007194280624389648,-0.014909088611602783,0.001704573631286621,0.012889623641967773,0.011610925197601318,0.014014899730682373,-0.003529667854309082,-0.0016537308692932129,0.013569235801696777,0.013760924339294434,0.0016254186630249023,-0.018518567085266113
2021-06-07,0.02016162872314453,-0.012195944786071777,0.013659238815307617,0.0,0.0034148693084716797,0.0007994174957275391,-0.008557677268981934,-0.010033488273620605,-0.015753507614135742,0.002208709716796875,0.023581385612487793,0.0031135082244873047,0.00454401969909668,-0.09454548358917236
2021-06-08,-0.014284312725067139,0.006324052810668945,-0.014184415340423584,-0.02104097604751587,0.015419840812683105,0.01120150089263916,0.00894784927368164,0.01738417148590088,0.004925787448883057,-0.011845707893371582,0.015345931053161621,0.011683046817779541,0.0016155242919921875,0.019933581352233887
2021-06-09,-0.011612892150878906,0.012862563133239746,0.0007194280624389648,-0.015837132930755615,0.019721567630767822,0.0017532110214233398,0.009807050228118896,-0.0058972835540771484,0.016272127628326416,-0.005854487419128418,0.020183980464935303,0.013459742069244385,-0.010967731475830078,0.037288129329681396
2021-06-10,-0.003313899040222168,-0.010179877281188965,0.03882098197937012,0.009195446968078613,-0.023076891899108887,-0.00040531158447265625,-0.006760001182556152,-0.010887742042541504,-0.020726442337036133,0.009253978729248047,-0.04641461372375488,-0.02562582492828369,0.018917202949523926,-0.031690120697021484
2021-06-11,-0.05390429496765137,0.007793068885803223,-0.0041522979736328125,-0.007213413715362549,0.004626870155334473,-0.003646254539489746,0.007339179515838623,0.004970967769622803,0.00903010368347168,-0.0027785301208496094,0.010216772556304932,0.006130695343017578,0.001600503921508789,0.01706486940383911
2021-06-14,-0.02294456958770752,0.0029792189598083496,0.006949305534362793,-0.008795380592346191,0.00871586799621582,0.004709362983703613,0.0008651614189147949,0.009991645812988281,-0.009063243865966797,-0.014767289161682129,-0.023665666580200195,-0.0017458200454711914,0.044742703437805176,0.020833253860473633
2021-06-15,0.008130788803100586,-0.019898176193237305,0.001380324363708496,-0.003858029842376709,-0.00820624828338623,-0.007300257682800293,-0.01598036289215088,-0.002523064613342285,-0.00990915298461914,0.0016968250274658203,0.01500248908996582,0.0019751787185668945,-0.004282653331756592,-0.0
2021-06-16,0.019598662853240967,0.0014649629592895508,-0.008959352970123291,-0.014329910278320312,0.01220935583114624,0.0037578940391540527,0.008058309555053711,0.017617464065551758,0.020058929920196533,-0.0059288740158081055,0.01573038101196289,0.008265376091003418,0.005837202072143555,0.00709223747253418
2021-06-17,0.013647258281707764,0.014937341213226318,-0.032684266567230225,-0.0070726871490478516,-0.004708647727966309,0.012528598308563232,0.011092007160186768,0.012809574604034424,0.02924931049346924,0.0031241178512573242,0.015474319458007812,0.013381898403167725,0.019242405891418457,0.017857134342193604
2021-06-18,-0.0012665987014770508,0.003113985061645508,-0.022286176681518555,-0.02809661626815796,0.017574667930603027,-0.009413361549377441,0.004107415676116943,0.003460228443145752,-0.011533975601196289,-0.0031144022941589355,0.019324898719787598,0.017489612102508545,-0.008690357208251953,-0.0
2021-06-21,-0.025107145309448242,-0.004413962364196777,0.030147075653076172,0.03623783588409424,-0.01788914203643799,-0.006081938743591309,-0.001348257064819336,-0.014757037162780762,-0.012206077575683594,0.006532192230224609,-0.03468203544616699,-0.016589999198913574,0.05834329128265381,-0.010909080505371094
2021-06-22,0.02202397584915161,0.00027042627334594727,-0.007137775421142578,-0.003929316997528076,0.008787333965301514,0.0033584237098693848,0.0006337165832519531,0.005988061428070068,0.007394194602966309,-0.008464992046356201,0.009395718574523926,0.0026206374168395996,0.009711503982543945,0.007194221019744873
2021-06-23,0.012715935707092285,0.009467780590057373,0.005751132965087891,0.0019723176956176758,-0.0023641586303710938,-0.00121307373046875,0.009748697280883789,0.006024062633514404,0.0005499124526977539,-0.011667609214782715,-0.02281475067138672,-0.00047779083251953125,-0.02602541446685791,0.00724637508392334
2021-06-24,0.006882309913635254,-0.009285211563110352,-0.01929950714111328,-0.022047221660614014,-0.0005896091461181641,-0.013866424560546875,-0.014967203140258789,0.014718592166900635,-0.0011005401611328125,0.0008639097213745117,0.016541361808776855,0.003939330577850342,-0.023816406726837158,0.007299244403839111
2021-06-25,-0.025245070457458496,-0.030034422874450684,0.03571438789367676,-0.03381645679473877,-0.010607004165649414,-0.005975246429443359,-0.023578643798828125,-0.02372574806213379,-0.01224207878112793,-0.0017261505126953125,-0.01809370517730713,-0.02780437469482422,0.03183579444885254,-0.0036764144897460938
2021-06-28,-0.01429128646850586,-0.001379251480102539,-0.05700206756591797,-0.025700926780700684,-0.018658876419067383,0.004487812519073486,-0.0020030736923217773,0.022317588329315186,0.0039490461349487305,-0.0011526942253112793,-0.024780869483947754,0.004780769348144531,-0.002883434295654297,-0.0
2021-06-29,-0.025609254837036133,0.013706743717193604,0.008655130863189697,0.023158729076385498,0.009730935096740723,0.004242897033691406,0.015685081481933594,0.019315242767333984,-0.009168386459350586,-0.01557987928390503,0.0080605149269104,0.012302279472351074,-0.004337787628173828,0.007325947284698486
2021-06-30,0.03852224349975586,0.004854083061218262,0.01544654369354248,0.014768719673156738,-0.006936430931091309,0.002663135528564453,0.014372706413269043,0.029543399810791016,0.0017679333686828613,0.0,0.01625216007232666,0.005456686019897461,-0.018298029899597168,-0.0
2021-07-01,0.012743830680847168,0.002472221851348877,-0.002046346664428711,-0.013017773628234863,0.012629151344299316,0.007476627826690674,7.933378219604492e-05,-0.0,0.008510828018188477,0.005861639976501465,-0.0012515783309936523,-0.00286257266998291,0.004437923431396484,-0.0
2021-07-02,-0.015842080116271973,-0.005626678466796875,0.01089167594909668,-0.0019470453262329102,0.008139491081237793,0.0043045878410339355,-0.014900565147399902,0.003690063953399658,-0.001935124397277832,-0.0005828142166137695,0.00625002384185791,-0.009514689445495605,0.010014772415161133,-0.0
2021-07-05,0.008182525634765625,-0.012922048568725586,-0.015141010284423828,-0.014380097389221191,-0.022860407829284668,-0.010132431983947754,-0.011870384216308594,-0.008333325386047363,-0.010795831680297852,0.009329438209533691,-0.005031466484069824,-0.019439220428466797,-0.004374504089355469,0.007380127906799316
2021-07-06,-0.08152961730957031,0.0026303529739379883,0.010847508907318115,0.01609194278717041,0.0040114521980285645,-0.02634751796722412,-0.0037817955017089844,0.015610694885253906,-0.010288596153259277,0.014153599739074707,0.010763466358184814,0.006702840328216553,-0.03397774696350098,0.0074349045753479
2021-07-07,-0.00960242748260498,-0.005999922752380371,-0.006854057312011719,-0.007398724555969238,0.006904482841491699,-0.0031273365020751953,-0.005689740180969238,-0.0065299272537231445,-0.013432860374450684,0.0037026405334472656,0.003542482852935791,-0.007213473320007324,0.007277131080627441,0.0037453174591064453
2021-07-08,-0.014577746391296387,0.011141717433929443,0.032675206661224365,0.020100533962249756,0.0028968453407287598,0.012470722198486328,0.01850152015686035,0.013901770114898682,-0.0005263090133666992,-0.016742348670959473,0.01574409008026123,0.019406259059906006,-0.026189148426055908,-0.0037593841552734375
2021-07-09,-0.046697020530700684,0.00934523344039917,-0.002111077308654785,0.003155827522277832,0.005229592323303223,0.012102067470550537,0.005218923091888428,-0.010338306427001953,0.005260884761810303,-0.007215023040771484,0.0010319352149963379,0.0016492009162902832,-0.008964359760284424,0.007490694522857666
2021-07-12,0.005608081817626953,-0.008362889289855957,0.004213392734527588,-0.0031658411026000977,-0.04556071758270264,0.009986698627471924,-0.012058615684509277,-0.004651188850402832,-0.008990883827209473,0.006976723670959473,0.002324402332305908,-0.008731603622436523,0.004678606986999512,0.011320710182189941
2021-07-13,0.005303084850311279,-0.022757411003112793,-0.018335580825805664,-0.011045336723327637,0.0027933120727539062,-0.009952902793884277,-0.028936147689819336,-0.0,-0.006289839744567871,0.008660554885864258,-0.0,-0.0038601160049438477,0.003104686737060547,0.007633626461029053
2021-07-14,-0.008547067642211914,0.000908195972442627,0.005540072917938232,0.012485384941101074,-0.006722688674926758,0.0017313361167907715,0.0009023547172546387,0.0037037134170532227,0.0031253695487976074,0.0005724430084228516,0.005177319049835205,-0.004544377326965332,-0.0046425461769104,-0.0038461685180664062
2021-07-15,-0.04749119281768799,-0.005324363708496094,0.007660210132598877,0.007506847381591797,0.01613795757293701,-0.014407753944396973,-0.004666328430175781,0.0074349045753479,-0.0023751258850097656,0.0011441707611083984,0.008587062358856201,-0.0015079975128173828,-0.0121268630027771,-0.038314223289489746
2021-07-16,0.01682150363922119,0.0038751959800720215,0.02596491575241089,-0.005971312522888184,0.005656123161315918,-0.0010520219802856445,0.01071244478225708,-0.012172222137451172,0.010235905647277832,-0.00028574466705322266,-0.012598514556884766,0.003937959671020508,0.004721403121948242,0.0110701322555542
2021-07-19,0.015479862689971924,0.0206834077835083,0.020893454551696777,0.022160708904266357,0.02161550521850586,-0.03376251459121704,0.00666356086730957,0.02682703733444214,-0.027243196964263916,-0.015147149562835693,0.013478517532348633,0.004883706569671631,0.012218117713928223,0.014925360679626465
2021-07-20,0.03856337070465088,0.012513279914855957,0.017660021781921387,0.028733253479003906,0.026162803173065186,-0.018898725509643555,0.02134472131729126,0.026615917682647705,-0.03376483917236328,-0.011897861957550049,0.013662636280059814,0.01635897159576416,-0.03311675786972046,0.01893937587738037
2021-07-22,0.006283402442932129,-0.0013409852981567383,-0.018726587295532227,-0.004166722297668457,-0.005970120429992676,0.0038803815841674805,-0.021888136863708496,-0.0185546875,0.010799288749694824,0.002643108367919922,-0.006126761436462402,-0.0027322769165039062,0.007682442665100098,-0.003861069679260254
2021-07-23,-0.009701132774353027,-0.011583566665649414,0.005147039890289307,-0.0074689388275146484,-0.013649821281433105,-0.004141330718994141,-0.031557321548461914,0.019175469875335693,-0.0028725862503051758,0.009373188018798828,-0.0013238191604614258,-0.016230344772338867,0.012388825416564941,-0.0038461685180664062
2021-07-26,-0.011838436126708984,-0.0011913776397705078,0.0014781951904296875,-0.005766034126281738,-0.02166271209716797,-0.005683422088623047,-0.00014770030975341797,-0.0009775161743164062,-0.00808650255203247,0.010156750679016113,0.017451107501983643,0.013056695461273193,-0.015061259269714355,-0.019157052040100098
2021-07-27,-0.012971639633178711,-0.03252673149108887,-0.0037009716033935547,-0.015151500701904297,0.010888218879699707,0.0036247968673706055,-0.001034379005432129,0.0087890625,-0.005604803562164307,-0.024418294429779053,0.005113005638122559,-0.015709996223449707,-0.0031856894493103027,0.018796980381011963
2021-07-28,0.017325162887573242,-0.012026786804199219,0.027286231517791748,-0.04114562273025513,0.008690595626831055,-0.015696704387664795,-0.011218547821044922,0.0009852051734924316,0.01737034320831299,-0.026501774787902832,0.018934309482574463,0.010350048542022705,-0.014062047004699707,0.0076628923416137695
2021-07-29,-0.016608476638793945,-0.007815778255462646,-0.036391258239746094,-0.051325201988220215,-0.004091143608093262,0.0007055997848510742,-0.0035763978958129883,-0.024654865264892578,-0.0007051229476928711,-0.006957113742828369,-0.025916695594787598,-0.037720322608947754,-0.0739060640335083,0.007721960544586182
2021-07-30,-0.021866559982299805,-0.01164168119430542,0.0036576390266418457,-0.02561020851135254,-0.018044233322143555,0.005782008171081543,0.0072727203369140625,-0.0009624958038330078,-0.011138558387756348,0.008224248886108398,-0.0026874542236328125,0.022081315517425537,0.02927863597869873,0.007782101631164551
2021-08-02,-0.003279447555541992,0.01728034019470215,-0.005873680114746094,-0.01677727699279785,0.010291516780853271,-0.0026640892028808594,0.0016117095947265625,0.0028846263885498047,0.007135629653930664,0.0060422420501708984,-0.03001868724822998,-0.00717926025390625,0.001554727554321289,-0.0
2021-08-03,0.019449174404144287,0.02419734001159668,-0.02627742290496826,-0.012279391288757324,-0.030040383338928223,0.008575916290283203,-0.013208150863647461,0.002892911434173584,-0.03446352481842041,0.01231229305267334,0.009627878665924072,-0.026672840118408203,-0.018062829971313477,-0.0
2021-08-04,-0.0360029935836792,0.02057945728302002,-0.010668516159057617,0.003411591053009033,0.015703856945037842,0.021187543869018555,-0.03512454032897949,-0.03771764039993286,0.0014676451683044434,-0.03826761245727539,0.022333204746246338,-0.023404240608215332,0.02049553394317627,0.007843196392059326
2021-08-05,0.002413332462310791,-0.0059697628021240234,0.013370931148529053,0.003423333168029785,0.020512878894805908,0.013377070426940918,0.017071306705474854,-0.039196014404296875,0.022389888763427734,-0.012571454048156738,0.01397472620010376,0.03304523229598999,0.018113672733306885,0.019762873649597168
2021-08-06,-0.007015585899353027,-0.011277198791503906,-0.012125492095947266,-0.006870150566101074,-0.01396167278289795,0.005253195762634277,0.006833195686340332,0.029288768768310547,-0.031873345375061035,-0.002821683883666992,-0.01798856258392334,0.014031946659088135,0.004770994186401367,-0.008064508438110352
2021-08-09,-0.012732148170471191,0.019774675369262695,0.02959829568862915,0.017437398433685303,-0.0068846940994262695,0.007637739181518555,-0.007453560829162598,-0.036585330963134766,-0.012918949127197266,-0.0022510290145874023,0.0200803279876709,0.005164682865142822,0.00926816463470459,0.0040000081062316895
2021-08-10,-0.0310746431350708,0.00800788402557373,0.04139429330825806,0.014660477638244629,0.01538461446762085,0.0023936033248901367,0.002774357795715332,-0.03270047903060913,0.008822500705718994,-0.01796746253967285,0.03251361846923828,0.01603597402572632,0.03419351577758789,0.012048184871673584
2021-08-11,0.01203984022140503,-0.0009848475456237793,-0.03636360168457031,-0.009397029876708984,0.013888955116271973,-0.008357644081115723,0.01048654317855835,0.022900819778442383,-0.007352948188781738,0.01792609691619873,0.002541661262512207,-0.0037518739700317383,-0.0046759843826293945,0.02845531702041626
2021-08-12,-0.02740037441253662,-0.004534721374511719,-0.01242685317993164,-0.012412667274475098,-0.004694819450378418,0.0042809247970581055,-0.011246442794799805,-0.02132195234298706,0.0056185126304626465,-0.003931403160095215,-0.010758757591247559,0.0021025538444519043,-0.011303186416625977,-0.0
2021-08-13,-0.002115488052368164,0.0033670663833618164,0.007942259311676025,-0.0019156932830810547,0.003504633903503418,0.01651787757873535,-0.0049190521240234375,-0.008714616298675537,0.010817527770996094,-0.0002797842025756836,0.0014005303382873535,-0.009481549263000488,0.0016436576843261719,0.004184126853942871
2021-08-16,-0.0033926963806152344,0.002763509750366211,0.02037835121154785,-0.010707497596740723,0.005861639976501465,0.0028829574584960938,0.0030504465103149414,-0.014285743236541748,0.0050286054611206055,0.0030760765075683594,0.007854223251342773,0.014726340770721436,-0.0,0.016806721687316895
2021-08-17,-0.014501452445983887,-0.006889760494232178,0.020059525966644287,0.03367382287979126,0.01827836036682129,-0.010453402996063232,0.0020636320114135742,-0.01560753583908081,0.01844942569732666,-0.00336611270904541,0.018659889698028564,0.007885158061981201,0.022390544414520264,-0.038461506366729736
2021-08-18,0.008295059204101562,-0.003105342388153076,-0.010614156723022461,-0.032889485359191895,-0.0,-0.001056373119354248,0.018397092819213867,0.01132500171661377,0.010547876358032227,0.021806061267852783,0.006914377212524414,0.004270434379577637,-0.013135671615600586,0.004444479942321777
2021-08-20,-0.02815532684326172,-0.0187566876411438,-0.06526637077331543,0.03184223175048828,-0.04024022817611694,0.0011897087097167969,0.011041641235351562,-0.06382983922958374,0.01030665636062622,0.026293158531188965,0.02465921640396118,0.030974507331848145,0.03856384754180908,-0.01327437162399292
2021-08-23,-0.0056098103523254395,-0.005606234073638916,-0.0144461989402771,-0.0019576549530029297,-0.020650804042816162,0.0064694881439208984,-0.0029381513595581055,-0.020334899425506592,-0.009341955184936523,-0.007924795150756836,-0.015467047691345215,-0.0068846940994262695,0.016597509384155273,-0.03139007091522217
2021-08-24,-0.050772786140441895,0.013924717903137207,0.03583061695098877,-0.01992964744567871,0.02364218235015869,0.02243220806121826,-0.017211079597473145,-0.04761910438537598,-0.01663970947265625,0.006988942623138428,-0.0055654048919677734,-0.019780278205871582,-0.011955022811889648,-0.018518447875976562
2021-08-25,0.006913244724273682,-0.009780943393707275,-0.006289243698120117,0.03371649980545044,0.004369497299194336,-0.0008981227874755859,0.004895985126495361,0.008158564567565918,-0.0004974603652954102,0.00469207763671875,-0.0026215314865112305,0.0032327771186828613,-0.00486445426940918,0.004545450210571289
2021-08-26,-0.00222170352935791,0.009877562522888184,-0.015031635761260986,-0.012688398361206055,-0.02796769142150879,-0.0016694068908691406,-0.011214852333068848,0.008225560188293457,0.004027605056762695,-0.00029468536376953125,0.01772218942642212,0.01321321725845337,-0.0017288923263549805,-0.0
2021-08-27,-0.05009979009628296,0.008106231689453125,0.007228970527648926,0.009005546569824219,-0.0031969547271728516,-0.0041162967681884766,-0.0013594627380371094,-0.00710904598236084,0.011283040046691895,-0.009425640106201172,-0.009760379791259766,-0.004138827323913574,-0.020020723342895508,-0.0091325044631958
2021-08-30,0.007312297821044922,-0.04206538200378418,0.03588509559631348,-0.027657032012939453,-0.04361772537231445,0.012787342071533203,-0.019864320755004883,-0.022352933883666992,-0.015047430992126465,-0.013131022453308105,-0.01669597625732422,-0.024851441383361816,-0.024365544319152832,0.013574719429016113
2021-08-31,-0.12680518627166748,-0.003124833106994629,0.005388855934143066,-0.026912689208984375,0.0012292265892028809,0.008417367935180664,-0.007566690444946289,0.01150745153427124,0.012635529041290283,-0.010080695152282715,0.002880990505218506,-0.007925152778625488,-0.016187667846679688,0.00917428731918335
2021-09-01,0.02246403694152832,-0.015766024589538574,0.014548182487487793,-0.014226913452148438,-0.014153838157653809,-0.0013912320137023926,-0.0011821985244750977,-0.03492438793182373,-0.006398558616638184,0.0039920806884765625,-0.019069671630859375,-0.009036540985107422,0.0016255378723144531,-0.027777791023254395
2021-09-02,0.01409912109375,-0.004756569862365723,0.0007547140121459961,0.01402735710144043,-0.004854440689086914,0.0062056779861450195,-0.007292628288269043,-0.010123729705810547,-0.011364221572875977,-0.017177224159240723,-0.0028352737426757812,0.0003489255905151367,0.00488436222076416,-0.00450444221496582
2021-09-03,-0.0021323561668395996,0.005855262279510498,0.011312246322631836,-0.01235496997833252,-0.000603795051574707,-0.008181273937225342,0.0011722445487976074,-0.01670384407043457,0.006286501884460449,-0.00872504711151123,-0.016115307807922363,-0.0038393735885620117,-0.004908323287963867,0.004484236240386963
2021-09-06,-0.0021369457244873047,-0.0035088062286376953,-0.004474341869354248,0.0055474042892456055,0.005431473255157471,-0.006599009037017822,0.0043489933013916016,0.010952889919281006,0.011755883693695068,0.009765625,0.005564749240875244,0.0008113384246826172,0.006186842918395996,0.009009063243865967
2021-09-07,-0.003255128860473633,0.01617133617401123,-0.011235952377319336,0.027519524097442627,0.010315537452697754,0.0022994279861450195,0.005893349647521973,-0.02768552303314209,-0.009375452995300293,0.0053536295890808105,0.01175159215927124,0.004523813724517822,0.012778520584106445,0.009090960025787354
2021-09-08,0.01495361328125,-0.008694648742675781,0.018181800842285156,-0.012619495391845703,-0.019006729125976562,0.00458836555480957,-0.0056493282318115234,0.00538790225982666,0.00164794921875,-0.02861189842224121,-0.006795048713684082,-0.005243539810180664,-0.0033189058303833008,-0.0
2021-09-09,-0.006181240081787109,0.005725443363189697,-0.0029761195182800293,0.0018882155418395996,0.008423566818237305,-0.004948019981384277,0.0009709596633911133,-0.016251325607299805,0.00010001659393310547,-0.0013769865036010742,0.002812206745147705,-0.0022023916244506836,-0.0013232231140136719,-0.0045871734619140625
2021-09-13,-0.0198516845703125,0.0022780895233154297,-0.012686550617218018,0.0052970051765441895,0.0036408305168151855,-0.008287668228149414,0.017840981483459473,0.0010661482810974121,0.003201603889465332,-0.012101173400878906,-0.0014100074768066406,-0.0012723207473754883,0.007928609848022461,-0.013698697090148926
2021-09-14,-0.014255940914154053,-0.0076743364334106445,0.006046891212463379,0.010650455951690674,-0.0030450820922851562,-0.004499852657318115,-7.069110870361328e-05,-0.023479223251342773,-0.04044961929321289,-0.015217423439025879,-0.005350708961486816,-0.0003465414047241211,0.006327033042907715,-0.12162160873413086
2021-09-15,0.0016754865646362305,0.0037764310836791992,0.036814332008361816,-0.04459822177886963,-0.015786290168762207,-0.0011622905731201172,-0.00975334644317627,-0.014598608016967773,-0.01673734188079834,-0.001873612403869629,-0.025210022926330566,-0.02505779266357422,-0.013069629669189453,-0.0200803279876709
2021-09-16,0.015142083168029785,-0.014152050018310547,-0.06231892108917236,-0.036437273025512695,-0.026897788047790527,0.008533716201782227,-0.01798844337463379,-0.04727649688720703,-0.07305848598480225,-0.018968701362609863,-0.0784153938293457,-0.04472231864929199,-0.059212684631347656,-0.1574803590774536
2021-09-17,-0.03182721138000488,-0.005918264389038086,0.04570269584655762,0.026278376579284668,0.030267715454101562,0.014230728149414062,0.009694695472717285,0.03532874584197998,0.0008399486541748047,-0.0529627799987793,-0.04889792203903198,0.02070307731628418,0.024359822273254395,-0.09863942861557007
2021-09-20,-0.011823773384094238,0.014244139194488525,-0.054324448108673096,-0.05324584245681763,-0.043217360973358154,-0.014157414436340332,0.014094293117523193,0.02644968032836914,0.0354425311088562,0.0032370686531066895,-0.041555702686309814,-0.036665916442871094,-0.040332913398742676,-0.033962249755859375
2021-09-21,-0.016678690910339355,0.0006282329559326172,0.006046891212463379,0.0,0.0043915510177612305,-0.005000650882720947,-0.0026055574417114258,-0.013584136962890625,-0.04367184638977051,-0.004746556282043457,0.0,0.0030859708786010742,0.011340856552124023,0.015625
2021-09-22,0.0001842975616455078,0.008801162242889404,0.014274954795837402,0.012711882591247559,0.013116717338562012,-0.011855661869049072,0.011940717697143555,-0.0,-0.0033844709396362305,0.012680292129516602,0.001389622688293457,0.00011396408081054688,0.003298163414001465,0.011538386344909668
2021-09-23,0.017050743103027344,-0.03018975257873535,-0.0007407665252685547,0.02852797508239746,0.009247899055480957,-0.02373504638671875,-0.019407153129577637,-0.0,-0.024312257766723633,-0.019390583038330078,0.009159088134765625,0.024951577186584473,-0.006245911121368408,-0.01140683889389038
2021-09-24,-0.028817415237426758,0.017361342906951904,-0.024462461471557617,-0.020710110664367676,-0.012217462062835693,-0.020127415657043457,-0.008298516273498535,0.0288659930229187,0.005217432975769043,-0.0019763708114624023,-0.015676558017730713,-0.02012002468109131,-0.008269906044006348,-0.011538445949554443
2021-09-27,0.048987627029418945,0.0013783574104309082,0.0015196800231933594,0.015483379364013672,0.009276390075683594,-0.014735221862792969,-0.009751677513122559,0.0053078532218933105,0.01061868667602539,-0.0027120113372802734,0.012014508247375488,0.013272881507873535,0.0,0.0038909912109375
2021-09-28,0.0030243396759033203,0.009724557399749756,0.021244287490844727,0.02640390396118164,-0.00857841968536377,0.006276130676269531,0.01760268211364746,0.01280677318572998,0.01386106014251709,-0.016965866088867188,0.020706772804260254,-0.003806591033935547,0.013008713722229004,-0.01162785291671753
2021-09-29,0.027758121490478516,0.008933067321777344,0.031203508377075195,0.030434846878051758,0.005562424659729004,0.013126909732818604,0.010667264461517334,-0.044324278831481934,0.01017850637435913,0.018133461475372314,0.012712955474853516,0.03394019603729248,-0.04478096961975098,-0.03529411554336548
2021-09-30,0.004573225975036621,0.019945085048675537,0.0007203817367553711,0.030942320823669434,0.036263108253479004,-0.0007529258728027344,0.012191712856292725,0.013457536697387695,0.010060489177703857,0.012312233448028564,0.011485099792480469,-0.015217363834381104,0.004727363586425781,0.020325183868408203
2021-10-01,0.016921520233154297,-0.0020873546600341797,0.009359240531921387,0.02421557903289795,-0.013641774654388428,0.007648885250091553,0.012128114700317383,0.006295979022979736,0.007059991359710693,0.005983531475067139,0.012674927711486816,-0.002980172634124756,-0.00601649284362793,0.02390444278717041
2021-10-04,0.004645705223083496,-0.014124870300292969,0.024964332580566406,0.03263401985168457,0.02285027503967285,-0.0018954277038574219,-0.011338233947753906,-0.006335854530334473,-0.014265656471252441,0.0012540817260742188,0.01199483871459961,0.02546215057373047,-0.03525340557098389,0.0194551944732666
2021-10-05,0.019841909408569336,-0.004621267318725586,-0.012526094913482666,-0.013544023036956787,0.008230447769165039,-0.0060536861419677734,0.00442737340927124,-0.006295919418334961,-0.0435791015625,0.004269242286682129,-0.0012884140014648438,0.003346681594848633,0.014898061752319336,0.0
2021-10-06,-0.008161604404449463,0.00466388463973999,-0.014094412326812744,-0.03236353397369385,-0.0157434344291687,-0.012159943580627441,0.0109022855758667,0.019812345504760742,0.0314478874206543,0.013366937637329102,-0.027863740921020508,-0.016139447689056396,0.01944446563720703,-0.0038167834281921387
2021-10-07,0.0023273229598999023,0.0023750662803649902,0.022873520851135254,0.0016891956329345703,0.012440681457519531,0.0027248263359069824,-0.01841914653778076,-0.0170212984085083,-0.030790328979492188,0.001789391040802002,0.0,0.0015310049057006836,-0.026125192642211914,0.007662773132324219
2021-10-08,0.009453535079956055,-0.006241202354431152,0.05380845069885254,0.016188859939575195,0.0017554759979248047,0.004843533039093018,-0.001708984375,-0.004184126853942871,-0.006599903106689453,0.00819462537765503,0.010084986686706543,0.00021839141845703125,-0.007362008094787598,0.0038022994995117188
2021-10-11,-0.0045182108879089355,-0.006650090217590332,-0.007957518100738525,-0.0033189058303833008,0.007593512535095215,-0.01946842670440674,-0.014074444770812988,0.004166662693023682,0.0009792447090148926,-0.020139455795288086,0.003678441047668457,0.024563312530517578,-0.017661333084106445,-0.011363625526428223
2021-10-12,0.003465890884399414,-0.012704014778137207,0.008021354675292969,0.06393611431121826,0.02724635601043701,0.0025707483291625977,0.006589114665985107,-0.027196645736694336,-0.007372736930847168,-0.00987088680267334,0.019895195960998535,0.029302120208740234,-0.04338717460632324,0.011494278907775879
2021-10-13,-0.006825685501098633,0.003198981285095215,-0.0033156275749206543,-0.003129899501800537,-0.05643343925476074,-0.006013751029968262,-0.001905202865600586,0.0040732622146606445,-0.0021997690200805664,-0.007268190383911133,0.004620075225830078,-0.002691507339477539,-0.1316317319869995,0.0037878751754760742
2021-10-14,-0.012420296669006348,-0.009375810623168945,0.011310696601867676,0.04113030433654785,0.005341887474060059,-0.029278993606567383,-0.02443826198577881,-0.01022493839263916,-0.021528124809265137,-0.004229903221130371,0.026571273803710938,0.018476247787475586,-0.009883403778076172,-0.0037735700607299805
2021-10-18,0.026159167289733887,-0.014026522636413574,0.05263161659240723,0.03075993061065674,-0.023630499839782715,0.0100746750831604,-0.024955391883850098,-0.03137648105621338,-0.007933855056762695,0.0032210350036621094,-0.08113479614257812,0.014981627464294434,-0.0996236801147461,-0.05681812763214111
2021-10-19,-0.033989667892456055,0.014324307441711426,-0.0431249737739563,-0.04505562782287598,0.025708317756652832,-0.01101529598236084,-0.002682924270629883,-0.0461236834526062,0.020990490913391113,-0.011931419372558594,-0.04005521535873413,-0.019580304622650146,-0.07736194133758545,0.025089561939239502
2021-10-20,-0.021229863166809082,-0.0039293766021728516,0.03461778163909912,0.026041746139526367,-0.01238560676574707,0.00888204574584961,0.002140641212463379,0.001028895378112793,-0.006448864936828613,0.009825587272644043,-0.023741066455841064,0.02396559715270996,0.05515706539154053,0.007352948188781738
2021-10-21,0.019875526428222656,-0.0037276744842529297,0.03851008415222168,0.023589015007019043,-0.027127742767333984,-0.0015532970428466797,-0.012938261032104492,0.021582722663879395,0.014396190643310547,-0.06375586986541748,0.035617828369140625,0.006101250648498535,0.06680727005004883,-0.05925929546356201
2021-10-22,0.02897822856903076,-0.011017560958862305,-0.010334312915802002,-0.005250871181488037,-0.0761263370513916,-0.0026246309280395508,-0.005029797554016113,0.006036162376403809,-0.01013171672821045,-0.01282644271850586,-0.01565462350845337,0.0,-0.032959818840026855,0.03846156597137451
2021-10-25,-0.009881436824798584,-0.034774065017700195,0.022727251052856445,0.01876842975616455,0.013474524021148682,0.014159977436065674,-0.1085209846496582,-0.013000011444091797,0.015588462352752686,0.00782865285873413,0.021927714347839355,0.007058382034301758,-0.017495930194854736,0.02909088134765625
2021-10-26,-0.04865264892578125,0.0037865042686462402,0.03843843936920166,-0.04692000150680542,0.004878044128417969,0.0025346875190734863,0.01461327075958252,-0.07092201709747314,0.019401371479034424,-0.026224255561828613,0.02098560333251953,0.01194465160369873,-0.0011563897132873535,-0.007490634918212891
2021-10-27,-0.005392909049987793,-0.06461578607559204,0.02891850471496582,0.04228317737579346,0.016176462173461914,0.0060503482818603516,-0.006751894950866699,0.009460747241973877,0.010693550109863281,0.010402560234069824,0.009930729866027832,0.01287686824798584,0.05140078067779541,0.029739737510681152
2021-10-28,0.031632065773010254,-0.03701591491699219,-0.05059021711349487,-0.028397560119628906,0.025411009788513184,-0.029948890209197998,0.04347306489944458,-0.05348610877990723,-0.029276609420776367,-0.0409049391746521,-0.10702037811279297,-0.03428685665130615,-0.08081918954849243,0.022988498210906982
2021-10-29,0.009204864501953125,-0.021559953689575195,-0.0029603242874145508,-0.10617363452911377,0.003578782081604004,-0.006777048110961914,-0.0041942596435546875,-0.0010090470314025879,0.030442237854003906,-0.03216582536697388,0.017925739288330078,0.001595616340637207,-0.013895571231842041,-0.003921627998352051
2021-11-01,0.007728397846221924,0.013948798179626465,0.01722097396850586,-0.001078486442565918,-0.005643963813781738,0.014152050018310547,-0.0023065805435180664,0.021212100982666016,-0.07796883583068848,0.022402644157409668,0.0,0.026983976364135742,0.011661767959594727,-0.01953125
2021-11-02,-0.03165125846862793,0.004652142524719238,0.03560996055603027,-0.04793965816497803,-0.04030609130859375,0.0009968280792236328,0.0036696195602416992,0.032640933990478516,0.01346510648727417,0.0,0.0,0.0116347074508667,0.06147933006286621,-0.0
2021-11-03,0.02738732099533081,-0.00694584846496582,-0.015219807624816895,-0.008481144905090332,0.017165303230285645,-0.015807807445526123,0.018727779388427734,-0.03160923719406128,0.028535008430480957,-0.018781602382659912,-0.01761007308959961,0.011404991149902344,-0.038235366344451904,0.0038314461708068848
2021-11-04,-0.010404586791992188,0.0031309127807617188,0.018317103385925293,-0.012996912002563477,-0.008982062339782715,0.007967591285705566,0.004898548126220703,0.010880351066589355,-0.009465575218200684,0.009570479393005371,0.01331627368927002,0.0053064823150634766,0.03646206855773926,-0.011538386344909668
2021-11-08,-0.01708078384399414,-0.0025234222412109375,0.03204059600830078,-0.07270443439483643,-0.00445103645324707,0.0038895606994628906,0.0024932026863098145,0.0048923492431640625,-0.10760235786437988,0.030140995979309082,0.012130379676818848,-0.013573408126831055,0.10213339328765869,0.0038022398948669434
2021-11-09,0.004017651081085205,-0.007988810539245605,0.007080554962158203,0.00656658411026001,-0.004923701286315918,-0.01749783754348755,-0.008203506469726562,0.017526865005493164,0.006690859794616699,-0.010382235050201416,0.011485576629638672,0.011275768280029297,0.00494229793548584,-0.0
2021-11-10,0.023880600929260254,0.0057713985443115234,-0.05678743124008179,0.029745101928710938,0.016658544540405273,-0.010812878608703613,0.007183194160461426,-0.006698548793792725,-0.03374683856964111,-0.010014235973358154,-0.015057921409606934,-0.008976638317108154,-0.0377049446105957,0.007633626461029053
2021-11-11,0.007025361061096191,-0.015079736709594727,0.006307363510131836,0.020437955856323242,0.001494765281677246,-0.004372358322143555,0.012101411819458008,-0.019267797470092773,0.0010657310485839844,-0.0105973482131958,-0.00952380895614624,-0.028222739696502686,-0.052597880363464355,-0.01923072338104248
2021-11-12,-0.012402176856994629,-0.0027098655700683594,0.0005698204040527344,0.0032289624214172363,0.0009979605674743652,0.0029708147048950195,-0.00667572021484375,0.014734745025634766,0.0036292076110839844,0.009980559349060059,-0.002530395984649658,0.0034340620040893555,0.0087660551071167,0.007547199726104736
2021-11-15,0.004850804805755615,-0.0038040876388549805,-0.026195943355560303,0.015200614929199219,0.005494475364685059,0.0027043819427490234,0.004249274730682373,-0.008712530136108398,0.004290938377380371,0.01108705997467041,-0.003297746181488037,-0.009386956691741943,-0.02696084976196289,0.007604539394378662
2021-11-16,-0.026107072830200195,-0.009682893753051758,-0.023391783237457275,0.026062726974487305,0.021597206592559814,-0.005908012390136719,0.011961698532104492,-0.0185546875,-0.01977914571762085,-0.00691300630569458,-0.01221686601638794,-0.022603869438171387,-0.042134106159210205,-0.0
2021-11-17,-0.002173900604248047,-0.019004404544830322,0.008982062339782715,0.009872734546661377,0.003080129623413086,-0.011111080646514893,0.003599226474761963,-0.014925360679626465,0.012831807136535645,-0.014402329921722412,-0.010821998119354248,0.006160378456115723,0.011713981628417969,0.0038314461708068848
2021-11-18,0.024503886699676514,-0.0084228515625,-0.014836788177490234,0.002361595630645752,0.02471679449081421,0.005617976188659668,-0.0021016597747802734,-0.01818186044692993,-0.024709880352020264,-0.013882160186767578,0.024746060371398926,0.01134192943572998,-0.010396957397460938,0.011538445949554443
2021-11-22,0.018942534923553467,-0.028243720531463623,-0.06084340810775757,0.038137853145599365,0.03431892395019531,-0.015590488910675049,0.014287590980529785,-0.028806567192077637,-0.001537024974822998,-0.03408247232437134,-0.04219621419906616,-0.03453749418258667,-0.07043933868408203,0.023346304893493652
2021-11-23,-0.007639408111572266,-0.001092672348022461,0.03078901767730713,-0.021875858306884766,-0.014215469360351562,0.00013196468353271484,0.00019949674606323242,0.03283894062042236,-0.025374948978424072,0.014062881469726562,0.01884281635284424,0.013671875,0.07577705383300781,-0.0
2021-11-24,-0.0037490129470825195,-0.0007292628288269043,-0.0006222128868103027,0.012844502925872803,-0.0032345056533813477,0.0015835762023925781,-0.011106014251708984,0.0,-0.0111580491065979,0.014372110366821289,-0.00494915246963501,0.0002027750015258789,-0.013849139213562012,-0.00398409366607666
2021-11-25,0.01153719425201416,-0.007662534713745117,-0.0037360191345214844,-0.007590055465698242,0.0016120672225952148,0.005270123481750488,0.012036323547363281,-0.004102587699890137,-0.011438608169555664,0.011682868003845215,-0.012565433979034424,-0.005272269248962402,-0.011622250080108643,-0.011904716491699219
2021-11-26,-0.05290114879608154,-0.0266951322555542,-0.04875004291534424,0.061339735984802246,-0.04520994424819946,-0.02359110116958618,-0.03841286897659302,-0.045314133167266846,-0.059939563274383545,-0.03464376926422119,-0.036055147647857666,-0.04087245464324951,-0.04973047971725464,0.023529410362243652
2021-11-29,-0.02198779582977295,-0.016093730926513672,-0.032194435596466064,0.018916606903076172,-0.018601953983306885,0.007516741752624512,-0.005261659622192383,-0.025889873504638672,-0.007041454315185547,0.02799689769744873,-0.023377418518066406,-0.011477112770080566,-0.011343181133270264,0.024096429347991943
2021-11-30,-0.0063457489013671875,0.0069882869720458984,-0.006110012531280518,-0.0,-0.0028719305992126465,-0.005062580108642578,-0.0056375861167907715,-0.012181699275970459,-0.013903617858886719,-0.028472423553466797,-0.007885098457336426,-0.009782910346984863,-0.006258070468902588,-0.020576119422912598
2021-12-01,0.02527153491973877,-0.036528587341308594,0.022541046142578125,-0.04089987277984619,0.02016127109527588,0.007364749908447266,0.018688321113586426,0.03811657428741455,-0.05736124515533447,-0.004332244396209717,0.028101086616516113,0.03202688694000244,0.06218838691711426,-0.004032254219055176
2021-12-02,0.00676274299621582,0.0051500797271728516,0.007348060607910156,-0.002806544303894043,0.003952503204345703,0.014090180397033691,-0.007283210754394531,0.014038920402526855,-0.01274561882019043,0.005374908447265625,0.0038652420043945312,0.0035767555236816406,0.020256876945495605,-0.01204824447631836
2021-12-03,0.004330992698669434,0.004585087299346924,0.0059680938720703125,0.0039182305335998535,0.0033745765686035156,-0.007995843887329102,-0.008444130420684814,0.006389737129211426,-0.005922555923461914,-0.02545827627182007,0.0,-0.008071303367614746,-0.008232474327087402,0.003968298435211182
2021-12-06,-0.014520823955535889,0.014710307121276855,-0.019116640090942383,0.021073341369628906,-0.016255557537078857,-0.006474554538726807,-0.009423434734344482,-0.013756632804870605,0.0373232364654541,-0.015151500701904297,-0.012926340103149414,-0.01659095287322998,-0.0283203125,-0.00398409366607666
2021-12-07,0.0043756961822509766,-0.03604280948638916,0.03158605098724365,-0.03616523742675781,0.0216524600982666,0.014496564865112305,-0.03537464141845703,0.025751113891601562,-0.01201331615447998,0.02758622169494629,0.013095617294311523,0.024500370025634766,0.043718576431274414,-0.03968250751495361
2021-12-08,0.03156399726867676,-0.014701604843139648,0.030618906021118164,-0.028531908988952637,0.007808089256286621,0.01848459243774414,-0.025522351264953613,0.016736388206481934,-0.02012622356414795,-0.0085182785987854,0.022002220153808594,0.031151652336120605,0.010592222213745117,-0.011450409889221191
2021-12-09,0.004223465919494629,0.004518687725067139,0.0018963813781738281,-0.0010771751403808594,0.004980683326721191,-0.01737678050994873,-0.002123713493347168,0.018518567085266113,-0.0011637210845947266,-0.00208282470703125,0.004036664962768555,-0.005899667739868164,0.00214385986328125,-0.05660378932952881
2021-12-10,-0.004463076591491699,0.008502066135406494,0.023343801498413086,-0.03658866882324219,0.019823789596557617,-0.002750873565673828,-0.003973484039306641,-0.05252516269683838,0.0017434954643249512,-0.010174810886383057,0.03135883808135986,0.01238107681274414,0.036843299865722656,-0.03214287757873535
2021-12-13,0.00034487247467041016,-0.023181438446044922,-0.012330472469329834,0.024137020111083984,-0.007019460201263428,-0.007487237453460693,0.005277037620544434,0.01919388771057129,0.006562590599060059,-0.012651503086090088,-0.012214183807373047,-0.013947904109954834,-0.022008240222930908,0.03114187717437744
2021-12-14,0.007411837577819824,-0.009801149368286133,-0.009363293647766113,0.008776545524597168,-0.010331690311431885,-0.0058231353759765625,-0.006167173385620117,0.005870819091796875,-0.00799107551574707,-0.017351865768432617,-0.0023677945137023926,0.0015375614166259766,-0.002344071865081787,0.003571450710296631
2021-12-15,-0.010608255863189697,-0.00225067138671875,-0.024574637413024902,0.021196722984313965,-0.01868128776550293,-0.0015974640846252441,0.008436083793640137,0.011811017990112305,0.00792771577835083,0.01466989517211914,-0.010021030902862549,-0.007675766944885254,-0.01832711696624756,0.014336884021759033
2021-12-16,-0.007782101631164551,0.003999948501586914,-0.019379854202270508,-0.004934191703796387,-0.007838785648345947,0.0,0.014755725860595703,0.009960174560546875,0.010921120643615723,-0.00348055362701416,-0.008790671825408936,-0.007528841495513916,-0.014839589595794678,0.025454580783843994
2021-12-17,-0.03355121612548828,0.029239773750305176,-0.04611331224441528,0.05237311124801636,-0.03837472200393677,-0.018000006675720215,0.01733797788619995,0.0331992506980896,0.04879885911941528,-0.03600221872329712,-0.035474300384521484,-0.02774602174758911,-0.04834794998168945,0.01865673065185547
2021-12-20,-0.09873759746551514,0.021120667457580566,-0.061464130878448486,0.06044912338256836,-0.04870885610580444,-0.03217923641204834,0.025195598602294922,0.05098855495452881,0.041789352893829346,-0.028706789016723633,-0.032878220081329346,-0.0397605299949646,-0.04927229881286621,0.030418217182159424
2021-12-21,0.03711855411529541,0.012604713439941406,-0.016924142837524414,-0.00857841968536377,-0.006169021129608154,0.011363744735717773,-0.014648914337158203,-0.003289461135864258,-0.013119101524353027,-0.0034433603286743164,0.005473971366882324,-0.007123827934265137,0.007787227630615234,-0.019607901573181152
2021-12-22,-0.009164571762084961,-0.0052564144134521484,0.012724518775939941,-0.0312880277633667,0.00931096076965332,0.002358078956604004,-0.017283320426940918,-0.05027318000793457,-0.01697385311126709,0.014972686767578125,0.013466954231262207,0.022085189819335938,0.025846004486083984,-0.04999995231628418
2021-12-23,0.01723301410675049,-0.014118194580078125,0.018477439880371094,-0.015022039413452148,0.010455131530761719,-0.0008302927017211914,0.002046942710876465,0.007284045219421387,0.0007456541061401367,0.007375955581665039,0.0147017240524292,0.01305246353149414,0.027532458305358887,0.007325947284698486
2021-12-24,-0.01636683940887451,0.016646981239318848,-0.023222029209136963,0.03511315584182739,-0.013998806476593018,-0.00360107421875,0.005743205547332764,0.01677149534225464,0.011422276496887207,-0.015206992626190186,-0.030370593070983887,-0.010502338409423828,-0.034125447273254395,0.0221402645111084
2021-12-27,-0.02189350128173828,-0.006966352462768555,0.005200624465942383,-0.008421063423156738,0.0030864477157592773,0.008340239524841309,-0.012240409851074219,0.010661005973815918,0.006851315498352051,0.014297962188720703,0.010919570922851562,0.0024071931838989258,-0.003925621509552002,0.0037735700607299805
2021-12-28,-0.019001245498657227,-0.004909634590148926,0.014781951904296875,-0.012526154518127441,0.008000016212463379,0.006892800331115723,0.00027173757553100586,-0.02155172824859619,0.003040015697479248,0.000845789909362793,0.001421213150024414,0.0068770647048950195,0.030478239059448242,-0.01893937587738037
2021-12-29,0.0253523588180542,0.007328450679779053,0.0007282495498657227,0.005301952362060547,0.0006104707717895508,-0.004791915416717529,0.00013589859008789062,-0.0,-0.020348310470581055,-0.006197214126586914,-0.004257678985595703,-0.014744162559509277,-0.014788448810577393,-0.033457279205322266
2021-12-30,0.03184652328491211,0.0024608969688415527,-0.01091700792312622,0.009772062301635742,0.003050684928894043,0.005365252494812012,-0.0,-0.0021096467971801758,-0.017701148986816406,-0.005101978778839111,0.0,-0.005941867828369141,-0.018633544445037842,0.025179803371429443
2021-12-31,-0.00651782751083374,-0.014502525329589844,0.02428257465362549,-0.028110146522521973,0.009732365608215332,0.012178421020507812,-0.006048679351806641,-0.017894744873046875,-0.0031059980392456055,0.023361802101135254,0.004275918006896973,0.01937127113342285,0.01529538631439209,-0.0110701322555542
2022-01-03,0.027785897254943848,-0.026232361793518066,0.02514362335205078,-0.029668450355529785,-0.05060231685638428,0.027173161506652832,-0.033168911933898926,-0.02688729763031006,-0.02719128131866455,0.015868544578552246,0.018733978271484375,0.02247798442840576,0.01870131492614746,-0.025547504425048828
2022-01-04,0.028724312782287598,-0.018381595611572266,0.0014015436172485352,-0.005367159843444824,-0.014908313751220703,0.005922555923461914,-0.010657668113708496,0.007049381732940674,0.00865936279296875,0.015346646308898926,0.00919485092163086,0.026975393295288086,0.0048444271087646484,-0.0320284366607666
2022-01-05,0.06697690486907959,-0.025030016899108887,0.013296127319335938,-0.02360212802886963,-0.01751410961151123,0.0236818790435791,-0.019667506217956543,-0.010141968727111816,0.0004975795745849609,-0.03751683235168457,0.010491371154785156,0.018407464027404785,0.028419137001037598,-0.0
2022-01-06,-0.001967012882232666,-0.004677295684814453,0.02209937572479248,-0.00768589973449707,-0.0,-0.01597648859024048,0.003806889057159424,-0.0,-0.019636034965515137,0.015608727931976318,0.0010929107666015625,-0.0014215707778930664,0.016530990600585938,0.017241358757019043
2022-01-07,0.04627251625061035,-0.0004107952117919922,0.012162208557128906,0.0013620257377624512,-0.01443636417388916,0.007013797760009766,-0.010445237159729004,0.012048184871673584,-0.0005967617034912109,-0.006342530250549316,0.0024563074111938477,-0.000915229320526123,-0.02330094575881958,0.021052658557891846
2022-01-10,0.010892748832702637,-0.016698598861694336,-0.056742310523986816,-0.038188815116882324,-0.045977115631103516,0.005546212196350098,-0.02206110954284668,-0.012195110321044922,0.0015180706977844238,-0.0231093168258667,-0.037299156188964844,0.025241732597351074,0.019135117530822754,-0.00358426570892334
2022-01-11,0.05225634574890137,-0.0006058216094970703,-0.0006316900253295898,-0.008670449256896973,-0.009419083595275879,0.004361271858215332,0.0001233220100402832,0.01004016399383545,0.0031492114067077637,0.005646824836730957,0.009973704814910889,0.004566669464111328,-0.0187758207321167,0.007142901420593262
2022-01-12,-0.0011548995971679688,-0.004843592643737793,-0.006944537162780762,-0.006251692771911621,-0.021254539489746094,-0.006002545356750488,-0.016159892082214355,-0.004056811332702637,-0.02570939064025879,-0.010067105293273926,-0.0013254880905151367,0.008498787879943848,0.005964159965515137,0.010791361331939697
2022-01-13,0.008556246757507324,0.008234560489654541,-0.013166189193725586,-0.011907815933227539,-0.02131974697113037,-0.01837337017059326,-0.0011532306671142578,-0.006060600280761719,0.015347063541412354,0.01533353328704834,-0.005295276641845703,0.002155780792236328,0.017786622047424316,-0.018181800842285156
2022-01-14,-0.03515744209289551,0.025651395320892334,0.0030940771102905273,-0.012023568153381348,0.01093435287475586,0.01125645637512207,0.005699038505554199,0.012048184871673584,0.007604360580444336,-0.005969405174255371,0.0013169050216674805,-0.005866825580596924,-0.014077723026275635,-0.0035713911056518555
2022-01-17,0.00910961627960205,0.012539803981781006,-0.001241445541381836,-0.0,-0.005025148391723633,-0.015273094177246094,0.0008536577224731445,0.004065036773681641,-0.0004891157150268555,0.000258028507232666,0.007383942604064941,0.011114358901977539,0.0012309551239013672,-0.0035587549209594727
2022-01-18,-0.01224583387374878,-0.01761031150817871,0.01735895872116089,0.02249753475189209,0.01699995994567871,0.004994750022888184,-0.004638075828552246,0.025510191917419434,0.022650718688964844,-0.002322554588317871,0.018862903118133545,-0.014007806777954102,-0.024833977222442627,0.02127659320831299
2022-01-19,0.004609346389770508,-0.0060672760009765625,-0.042902231216430664,-0.02663564682006836,-0.002543210983276367,-0.00706249475479126,0.017616331577301025,-0.025130867958068848,0.007113933563232422,0.018795013427734375,-0.022745728492736816,0.017758488655090332,0.009581446647644043,-0.0
2022-01-20,-0.007989883422851562,0.0009593367576599121,-0.009679317474365234,-0.0,0.007103025913238525,-0.0061907172203063965,-0.0020406246185302734,0.024514853954315186,0.017968058586120605,0.006822347640991211,-0.0,-0.00853043794631958,-0.0009990334510803223,-0.0
2022-01-21,0.00215303897857666,0.022499680519104004,-0.044937074184417725,-0.06120908260345459,-0.04036790132522583,0.008349895477294922,0.007096588611602783,0.021989524364471436,0.02633380889892578,-0.0007926225662231445,-0.02991795539855957,-0.017012059688568115,-0.03275001049041748,0.00362318754196167
2022-01-24,-0.02164393663406372,0.011087775230407715,-0.0012546777725219727,-0.03380739688873291,-0.020234286785125732,-0.02300208806991577,0.007520198822021484,-0.04603856801986694,0.0033368468284606934,-0.03326284885406494,-0.02046942710876465,-0.017008185386657715,-0.03618502616882324,0.021818220615386963
2022-01-25,0.013745427131652832,-0.06755614280700684,-0.06909549236297607,-0.06609272956848145,0.041847825050354004,0.0009417533874511719,-0.004007816314697266,0.01459038257598877,-0.03876650333404541,0.012834429740905762,0.036779046058654785,-0.04148542881011963,0.012872099876403809,-0.011152505874633789
2022-01-27,0.02350759506225586,-0.028782248497009277,-0.05522918701171875,-0.09377443790435791,0.04434013366699219,-0.00873655080795288,0.008731961250305176,0.016592979431152344,-0.004354000091552734,0.01860332489013672,-0.044342994689941406,-0.027785897254943848,-0.09743177890777588,0.003676474094390869
2022-01-28,-0.003292262554168701,0.011823952198028564,0.0022272467613220215,0.0076209306716918945,0.0009989738464355469,-0.008000016212463379,0.016988635063171387,0.014145731925964355,-0.01739668846130371,0.005029201507568359,0.007205307483673096,0.01039797067642212,-0.013992667198181152,0.014760136604309082
2022-01-31,0.02988600730895996,-0.010919332504272461,-0.04464280605316162,-0.06263506412506104,0.0039920806884765625,0.015308976173400879,-0.00979316234588623,0.0032188892364501953,0.03480714559555054,-0.021859407424926758,-0.017107248306274414,-0.028369426727294922,-0.007851600646972656,0.0037453174591064453
2022-02-01,0.028636932373046875,-0.011448264122009277,0.013888835906982422,-0.024164438247680664,-0.0034791231155395508,0.007673740386962891,-0.02725660800933838,0.014973282814025879,-0.05756223201751709,0.013731837272644043,0.005861461162567139,0.011146187782287598,0.01935786008834839,-0.0037593841552734375
2022-02-02,0.036971092224121094,-0.028392314910888672,-0.03304433822631836,-0.04564499855041504,0.011471390724182129,0.02284562587738037,-0.004257678985595703,0.038988351821899414,-0.05751919746398926,0.03187251091003418,-0.03588831424713135,-0.014089822769165039,-0.07583045959472656,-0.022471904754638672
2022-02-03,-0.011454761028289795,0.005658507347106934,-0.0010488033294677734,0.01876842975616455,-0.003944814205169678,-0.010318636894226074,0.005898594856262207,-0.018255531787872314,0.017429649829864502,-0.017245829105377197,0.004454374313354492,-0.0005557537078857422,0.04005366563796997,0.014652013778686523
2022-02-04,-0.02672368288040161,0.0012506842613220215,0.029334664344787598,0.016118645668029785,-0.020792067050933838,0.005675077438354492,0.004821121692657471,-0.010330557823181152,0.002399921417236328,-0.013095855712890625,0.02585136890411377,0.01814478635787964,-0.0011655092239379883,-0.018587350845336914
2022-02-07,-0.0036461353302001953,0.011207818984985352,-0.06475985050201416,0.012232363224029541,0.006066679954528809,-0.036614179611206055,0.023166239261627197,-0.01670151948928833,0.024057328701019287,-0.02945852279663086,-0.0048482418060302734,-0.005562901496887207,0.009080290794372559,-0.01824820041656494
2022-02-08,-0.0035100579261779785,-0.011334896087646484,-0.047643184661865234,-0.011278152465820312,-0.005025148391723633,-0.004359006881713867,-0.007756829261779785,-0.007430970668792725,-0.004983663558959961,-0.005742430686950684,-0.007364034652709961,0.003563106060028076,-0.0023496150970458984,-0.014336943626403809
2022-02-09,0.02443230152130127,-0.006636977195739746,0.02806001901626587,0.002186715602874756,0.03181815147399902,0.0244903564453125,-0.012996792793273926,0.007486581802368164,-0.03140664100646973,0.009350895881652832,0.009578943252563477,-0.007339835166931152,0.011486232280731201,0.0035335421562194824
2022-02-10,0.00804746150970459,-0.007401943206787109,0.001493215560913086,0.00613635778427124,0.02251589298248291,0.01842951774597168,-0.0033632516860961914,0.003184795379638672,-0.005376577377319336,0.017438650131225586,0.01934337615966797,-0.009901881217956543,0.0011856555938720703,0.0177304744720459
2022-02-11,-0.04180270433425903,0.007409214973449707,0.010967135429382324,0.029768407344818115,-0.014360964298248291,-0.004196107387542725,0.018249571323394775,-0.01693117618560791,-0.010335803031921387,-0.020889103412628174,0.025694191455841064,0.020257174968719482,0.019468188285827637,-0.0036100149154663086
2022-02-14,-0.050443172454833984,0.03788256645202637,-0.07006043195724487,0.07113641500473022,-0.06556582450866699,-0.029760360717773438,-0.04691445827484131,-0.05705064535140991,0.04153096675872803,-0.04431074857711792,-0.06659561395645142,-0.053247690200805664,-0.08087170124053955,-0.04676258563995361
2022-02-15,0.042593955993652344,-0.030516624450683594,0.040650367736816406,-0.06068015098571777,0.04417884349822998,0.029994606971740723,0.02965366840362549,0.0365297794342041,-0.029842853546142578,0.03777909278869629,0.0351027250289917,0.0466693639755249,0.021865129470825195,0.018867969512939453
2022-02-16,-0.023487091064453125,-0.00012540817260742188,-0.030208349227905273,0.016378283500671387,-0.00846189260482788,-0.0013176798820495605,-0.015462934970855713,-0.001101374626159668,0.001340627670288086,0.009376764297485352,0.00358426570892334,-0.0154343843460083,0.014952301979064941,0.0037037134170532227
2022-02-17,-0.0053275227546691895,0.017878413200378418,-0.013426423072814941,0.020872414112091064,-0.011044144630432129,-0.006201386451721191,-0.017930805683135986,-0.014332890510559082,0.01301121711730957,-0.006830573081970215,-0.012637436389923096,-0.007257580757141113,-0.013715982437133789,0.018450140953063965
2022-02-18,-0.0066950321197509766,-0.005876421928405762,-0.00326615571975708,0.0055089592933654785,-0.00609135627746582,0.003983020782470703,-0.001932382583618164,-0.006711363792419434,0.00047081708908081055,0.004951834678649902,-0.00806891918182373,0.004581332206726074,-0.009786248207092285,0.00724637508392334
2022-02-21,0.0007137060165405273,-0.001841425895690918,-0.016384482383728027,0.023603081703186035,0.018896818161010742,0.006347537040710449,0.007410883903503418,-0.011261284351348877,0.0030354857444763184,0.00027382373809814453,-0.006732165813446045,-0.006695091724395752,-0.015084564685821533,-0.01798558235168457
2022-02-22,-0.000792384147644043,0.012296319007873535,0.011104941368103027,0.011346817016601562,-0.00300753116607666,-0.007358729839324951,-0.004175245761871338,-0.013667464256286621,0.014016509056091309,0.008210182189941406,-0.007907330989837646,-0.026277244091033936,-0.04726690053939819,-0.0036629438400268555
2022-02-23,0.009833455085754395,0.002502739429473877,0.03020322322845459,0.005738615989685059,0.008547067642211914,-0.0066190361976623535,-0.00891786813735962,0.0,-0.012352347373962402,0.023887157440185547,0.003985166549682617,0.0006020069122314453,0.04406857490539551,0.01838231086730957
2022-02-24,-0.07373958826065063,-0.0603448748588562,-0.07249468564987183,-0.09861981868743896,-0.06430709362030029,-0.05423778295516968,-0.049959659576416016,-0.10161656141281128,-0.07894182205200195,-0.04825031757354736,-0.1431812047958374,-0.05223584175109863,-0.10379612445831299,-0.09025269746780396
2022-02-25,0.046799421310424805,0.037998080253601074,0.06781613826751709,0.05317378044128418,0.03090035915374756,0.02578556537628174,0.03201866149902344,-0.08097684383392334,0.05869925022125244,0.03426182270050049,-0.0923229455947876,0.021792054176330566,0.04561614990234375,0.04365074634552002
2022-02-28,-0.02518826723098755,-0.02064502239227295,-0.0026910901069641113,0.005022406578063965,0.0025839805603027344,-0.020467042922973633,0.01732766628265381,-0.0011889934539794922,-0.00684964656829834,-0.007271707057952881,0.0015146732330322266,0.0005176067352294922,0.0014164447784423828,0.0076045989990234375
2022-03-02,0.004735827445983887,0.010573744773864746,-0.0345386266708374,-0.0157812237739563,-0.009793758392333984,-0.0364605188369751,-0.0374983549118042,0.0035628676414489746,-0.015586018562316895,-0.02007591724395752,-0.012742757797241211,-0.01852238178253174,0.02743995189666748,-0.026415109634399414
2022-03-03,-0.04233860969543457,-0.01679438352584839,-0.005589723587036133,-0.006680905818939209,-0.0031234025955200195,-0.0023285746574401855,-0.023151695728302002,0.008343338966369629,0.006509661674499512,-0.0077520012855529785,0.006890356540679932,-0.01444387435913086,0.0013766288757324219,0.0038759708404541016
2022-03-04,-0.02858126163482666,-0.030705630779266357,-0.02136021852493286,-0.02367490530014038,-0.026109635829925537,-0.0033552050590515137,-0.014678478240966797,0.020432651042938232,-0.01134556531906128,-0.02232140302658081,0.014178037643432617,-0.011660218238830566,-0.02941983938217163,-0.01158297061920166
2022-03-07,-0.05342221260070801,-0.0663636326789856,-0.08328545093536377,-0.04904937744140625,-0.06273454427719116,-0.0304449200630188,-0.04985100030899048,0.01595097780227661,-0.07484197616577148,-0.0228310227394104,0.011627912521362305,-0.04686659574508667,-0.05750703811645508,-0.011718809604644775
2022-03-08,0.03136444091796875,0.00426936149597168,0.054511308670043945,0.0460735559463501,0.025743722915649414,0.0022644996643066406,0.017208456993103027,-0.012468814849853516,0.007550358772277832,0.006425261497497559,-0.020433425903320312,0.0,0.013225078582763672,0.007905125617980957
2022-03-09,0.04261124134063721,0.005668282508850098,0.015448570251464844,0.014127492904663086,0.031232476234436035,0.03268551826477051,0.0036842823028564453,-0.03571426868438721,0.04121565818786621,0.009286046028137207,-0.02002429962158203,0.025891542434692383,0.0329279899597168,0.0
2022-03-10,0.014845848083496094,0.0307772159576416,0.03276777267456055,0.013111114501953125,0.0243375301361084,0.015752673149108887,0.013708829879760742,-0.005945324897766113,0.033072471618652344,0.008913159370422363,-0.009815692901611328,0.03763556480407715,0.012636423110961914,0.00784313678741455
2022-03-11,0.02658987045288086,-0.005899786949157715,0.027195453643798828,0.01752495765686035,0.006335854530334473,0.002871870994567871,0.0019214153289794922,-0.0023641586303710938,-0.002819836139678955,0.00484466552734375,-0.00824737548828125,0.003520369529724121,-0.004254043102264404,-0.007782101631164551
2022-03-14,-0.06026822328567505,0.027791857719421387,0.025923848152160645,0.016163110733032227,-0.004197299480438232,0.03278923034667969,0.026921391487121582,0.011792480945587158,0.006487369537353516,0.0147475004196167,-0.015191316604614258,0.031465888023376465,0.0028481483459472656,-0.003921568393707275
2022-03-15,0.04317188262939453,-0.01675933599472046,-0.010215044021606445,-0.010951697826385498,-0.015279293060302734,-0.012893378734588623,0.001723647117614746,0.028639614582061768,-0.012064754962921143,-0.030743420124053955,0.021582722663879395,0.0014429092407226562,-0.012496411800384521,0.0
2022-03-16,0.007952213287353516,0.0368114709854126,0.018468141555786133,0.026891708374023438,0.052434444427490234,0.016994357109069824,0.015272140502929688,-0.03194105625152588,0.03568840026855469,0.015282630920410156,0.002941131591796875,0.014201879501342773,0.012654542922973633,0.007874011993408203
2022-03-17,-0.013064146041870117,0.02127516269683838,0.0021332502365112305,0.0074454545974731445,-0.0030502676963806152,0.021958351135253906,0.017090320587158203,-0.016666650772094727,0.004091978073120117,0.03379714488983154,-0.002949833869934082,0.018569231033325195,-0.0014200210571289062,0.01171875
2022-03-21,0.012291550636291504,-0.018058836460113525,-0.014369308948516846,-0.005096852779388428,-0.007139265537261963,0.00432431697845459,-0.012984275817871094,0.01990640163421631,-0.020430028438568115,-0.023626387119293213,0.008529424667358398,-0.022514402866363525,-0.00682598352432251,0.0
2022-03-22,0.015538811683654785,0.0075768232345581055,0.003239750862121582,0.005123019218444824,0.01540827751159668,0.00524747371673584,0.010481953620910645,0.029868602752685547,0.0156557559967041,0.01744520664215088,0.002669811248779297,0.006318807601928711,-0.019472956657409668,-0.01158297061920166
2022-03-23,0.03319394588470459,-0.006357729434967041,-0.005920350551605225,-0.0038226842880249023,-0.003034830093383789,-0.010038793087005615,0.0001392364501953125,-0.0036946535110473633,0.003934383392333984,-0.021017730236053467,-0.0026769638061523438,-0.0061779022216796875,-0.0029206275939941406,0.00390625
2022-03-24,0.0046128034591674805,-0.00619196891784668,-0.000541388988494873,0.002558112144470215,-0.00558096170425415,-0.024743080139160156,-0.01962965726852417,0.017177939414978027,-0.007032811641693115,-0.03163844347000122,0.004153072834014893,-0.007235288619995117,-0.012595176696777344,-0.007782101631164551
2022-03-25,-0.02851623296737671,-0.0013845562934875488,0.023835301399230957,-0.0025516152381896973,-0.005102038383483887,-0.00817960500717163,-0.007029294967651367,0.006242215633392334,0.0015679597854614258,0.004667520523071289,0.004170358180999756,0.007390737533569336,-0.0014832019805908203,-0.003921568393707275
2022-03-28,0.0072138309478759766,0.020450592041015625,0.03386235237121582,0.01688408851623535,0.01179492473602295,0.001397848129272461,0.015874147415161133,0.033919572830200195,0.009608626365661621,0.0017421245574951172,-0.007179141044616699,0.013857722282409668,-0.008615612983703613,-0.011811017990112305
2022-03-29,0.0007408857345581055,0.0024455785751342773,-0.0035823583602905273,-0.0012578368186950684,-0.011150538921356201,0.013260722160339355,0.006968379020690918,0.014304280281066895,-0.0064160823822021484,0.002898573875427246,0.01960200071334839,-0.005025148391723633,-0.018879175186157227,0.0
2022-03-30,-0.011023402214050293,0.017145633697509766,0.023626089096069336,0.0,-0.005125582218170166,0.017357707023620605,0.021809101104736328,-0.025065898895263672,-0.0030673742294311523,0.01907515525817871,-0.002726435661315918,-0.001414179801940918,0.04153931140899658,-0.023904383182525635
2022-03-31,0.03659951686859131,0.014258146286010742,-0.02257901430130005,-0.003526449203491211,0.0036063194274902344,-0.00446850061416626,-0.0008209347724914551,-0.021879076957702637,0.009824037551879883,-0.005104959011077881,-0.0,-0.0015172958374023438,-0.004398763179779053,0.004081606864929199
2022-04-01,0.03314077854156494,0.017604947090148926,0.04209446907043457,-0.057886719703674316,0.0431210994720459,0.02421104907989502,0.008147358894348145,-0.050377845764160156,0.035492777824401855,0.012827873229980469,-0.037160277366638184,0.02968299388885498,-0.06833577156066895,-0.028455257415771484
2022-04-04,0.01646602153778076,0.012329697608947754,0.000985264778137207,-0.005495905876159668,0.008858323097229004,-0.10013282299041748,0.014057636260986328,-0.04676258563995361,0.0192030668258667,0.03349292278289795,-0.015146970748901367,0.008264541625976562,-0.017369747161865234,-0.03557312488555908
2022-04-05,0.004661202430725098,-0.0012753605842590332,-0.0009842514991760254,-0.007842183113098145,-0.04146343469619751,0.02933371067047119,-0.006429135799407959,0.00572735071182251,-0.014130890369415283,-0.018518567085266113,-0.0014348030090332031,-0.00585484504699707,-0.043360352516174316,0.007633626461029053
2022-04-06,0.016428351402282715,-0.012003540992736816,0.03596055507659912,-0.02098560333251953,0.010687112808227539,0.035692036151885986,-0.0002696514129638672,-0.00115203857421875,-0.005086064338684082,-0.012486100196838379,-0.017478466033935547,0.008932113647460938,-0.006233811378479004,-0.1307692527770996
2022-04-07,0.01915597915649414,0.023781776428222656,-0.006181657314300537,0.004387974739074707,-0.008560001850128174,0.021924138069152832,0.009371638298034668,0.023014962673187256,0.004440784454345703,-0.007305443286895752,0.003942549228668213,0.0019457340240478516,0.018843650817871094,-0.05782318115234375
2022-04-08,0.019823789596557617,0.0035349130630493164,0.01004791259765625,-0.006494998931884766,0.017775535583496094,0.0014504790306091309,0.007681488990783691,0.012956380844116211,0.013366222381591797,0.010189652442932129,-0.00791633129119873,0.002233147621154785,-0.029202818870544434,-0.006430864334106445
2022-04-11,0.005903482437133789,-0.01113349199295044,0.0,0.009679615497589111,-0.0014969706535339355,0.012148439884185791,0.007026314735412598,-0.011933207511901855,-0.005225181579589844,-0.0005603432655334473,0.007854223251342773,-0.0023250579833984375,0.01482611894607544,0.03514373302459717
2022-04-12,0.0026482343673706055,0.015775084495544434,-0.0014211535453796387,0.019548535346984863,-0.015992045402526855,0.0017377138137817383,0.005595088005065918,0.018867969512939453,0.004742741584777832,0.010372757911682129,0.018659889698028564,-0.003981471061706543,0.03009861707687378,0.029801368713378906
2022-04-13,0.0013562440872192383,-0.006763160228729248,-0.006166994571685791,-0.005459308624267578,0.005078673362731934,0.01914834976196289,-0.0020946264266967773,0.00600963830947876,-0.0017256736755371094,-0.012486100196838379,0.002880990505218506,0.009456992149353027,0.006420612335205078,0.006825923919677734
2022-04-18,-0.016110718250274658,0.00731348991394043,-0.049641966819763184,-0.03753542900085449,-0.020212233066558838,0.04750853776931763,-0.005837976932525635,0.013301074504852295,-0.006050467491149902,-0.016296684741973877,0.01213526725769043,-0.015839338302612305,0.019386112689971924,0.030927836894989014
2022-04-19,0.029198646545410156,-0.001314401626586914,-0.008036196231842041,0.0024527311325073242,-0.006704449653625488,0.03812533617019653,0.01121664047241211,0.018382370471954346,-0.013964951038360596,-0.02456444501876831,0.014039158821105957,0.004514217376708984,-0.0010982751846313477,0.024822711944580078
2022-04-20,-0.00021123886108398438,-0.003885626792907715,-0.0045569539070129395,-0.008074343204498291,-0.002076864242553711,-0.00908958911895752,-0.014028429985046387,-0.001248478889465332,0.009078621864318848,0.008199095726013184,-0.0,-0.0048847198486328125,0.009050965309143066,-0.010909080505371094
2022-04-21,0.010421156883239746,0.0089341402053833,0.012716174125671387,0.02294027805328369,0.005202889442443848,-0.014766693115234375,0.009000062942504883,-0.018703222274780273,0.017171382904052734,0.022945165634155273,-0.007119655609130859,0.013744354248046875,-0.0,-0.01798558235168457
2022-04-22,-0.044111549854278564,-0.02644050121307373,-0.02310401201248169,-0.02122020721435547,-0.008799135684967041,0.01367872953414917,-0.019282400608062744,0.019583821296691895,-0.029719531536102295,-0.01873934268951416,0.015316665172576904,-0.030408620834350586,0.010794341564178467,0.01413428783416748
2022-04-25,-0.0020412206649780273,0.00012814998626708984,-0.003084838390350342,-0.02439028024673462,-0.0036553144454956055,-0.007524371147155762,0.006085753440856934,0.018726587295532227,-0.013856291770935059,0.0005786418914794922,0.014059245586395264,-0.011685967445373535,0.017627358436584473,0.014336884021759033
2022-04-26,0.0340418815612793,-0.007301151752471924,0.0422898530960083,0.0356060266494751,0.02201259136199951,-0.004539370536804199,0.0020606517791748047,-0.021628499031066895,0.03581428527832031,0.00780797004699707,-0.02002429962158203,0.021728157997131348,-0.009683847427368164,-0.0
2022-04-27,-0.03715997934341431,-0.011741876602172852,0.00544285774230957,-0.017068922519683838,-0.004615366458892822,-0.0004372596740722656,-0.022620201110839844,0.011207997798919678,-0.0060686469078063965,-0.0005739331245422363,0.005651354789733887,-0.016320466995239258,0.016361117362976074,0.014545440673828125
2022-04-28,0.03338468074798584,0.01814854145050049,-0.003444850444793701,0.006946086883544922,0.006182312965393066,0.0008742213249206543,0.014184951782226562,-0.0,0.014212369918823242,0.013781309127807617,0.001495659351348877,0.020613431930541992,0.0014338493347167969,-0.007380008697509766
2022-04-29,-0.01306450366973877,-0.0656578540802002,-0.026172876358032227,-0.016260147094726562,-0.016897082328796387,-0.00962519645690918,-0.00515294075012207,0.005037784576416016,-0.009915530681610107,0.014443516731262207,0.006890356540679932,-0.02206897735595703,0.04164278507232666,-0.0
2022-05-02,-0.01359713077545166,-0.0017156004905700684,-0.001521289348602295,0.0,-0.015104115009307861,-0.013722419738769531,-0.003094315528869629,0.01645570993423462,0.04041695594787598,-0.009212791919708252,0.0015084147453308105,-0.010679006576538086,-0.014384150505065918,-0.010989069938659668
2022-05-04,-0.032163918018341064,-0.027703285217285156,-0.04367697238922119,-0.03155529499053955,-0.0010576844215393066,0.0339127779006958,-0.02260458469390869,0.011582911014556885,-0.039092421531677246,0.0005636215209960938,0.0199396014213562,-0.023116111755371094,0.03574591875076294,0.01811593770980835
2022-05-05,0.017407655715942383,-0.006858110427856445,-0.022835910320281982,0.008533835411071777,-0.0031762123107910156,0.0022124052047729492,0.006282329559326172,-0.020833253860473633,-0.04242050647735596,0.012390851974487305,0.002774357795715332,0.000729680061340332,0.016237735748291016,0.003690063953399658
2022-05-06,-0.02496105432510376,-0.041218698024749756,-0.009239137172698975,-0.026410222053527832,-0.032395124435424805,0.026164114475250244,-0.013103723526000977,0.0140305757522583,-0.022843658924102783,-0.012239217758178711,0.011746525764465332,0.00822913646697998,0.033011555671691895,0.02222222089767456
2022-05-09,-0.028258919715881348,-0.014404535293579102,-0.01755344867706299,-0.08849090337753296,-0.029637813568115234,-0.001669764518737793,-0.012374043464660645,0.01811128854751587,-0.02807515859603882,-0.004505813121795654,0.010322153568267822,-0.016633987426757812,-0.0,0.01893937587738037
2022-05-10,-0.012898683547973633,-0.005951523780822754,-0.02345067262649536,-0.00809013843536377,0.014925360679626465,-0.01606297492980957,0.0013374090194702148,0.011857748031616211,0.023659706115722656,0.01669025421142578,0.006004989147186279,-0.0014708638191223145,-0.010950088500976562,-0.003861069679260254
2022-05-11,0.009899377822875977,0.01909816265106201,0.002858757972717285,0.013399362564086914,0.01839834451675415,-0.005667448043823242,0.0040770769119262695,0.019999980926513672,0.013834714889526367,0.007234334945678711,0.006041347980499268,0.002840876579284668,0.034087300300598145,0.011538445949554443
2022-05-12,-0.02838766574859619,-0.03376209735870361,-0.055872201919555664,-0.0508766770362854,-0.05788314342498779,0.03381282091140747,-0.02576315402984619,-0.05306124687194824,-0.05788701772689819,-0.027071774005889893,-0.13627642393112183,-0.02916795015335083,0.03825855255126953,0.023346304893493652
2022-05-13,0.04406774044036865,-0.02108830213546753,-0.011473476886749268,0.0027256011962890625,-0.022820353507995605,0.008902490139007568,-0.026516258716583252,-0.0071839094161987305,0.002816319465637207,0.010505318641662598,0.024814844131469727,-0.0389062762260437,-0.07956099510192871,0.00796818733215332
2022-05-16,0.009740233421325684,0.004717350006103516,-0.05558955669403076,0.025370001792907715,0.021556973457336426,-0.010686039924621582,0.008341312408447266,-0.036179423332214355,0.015532851219177246,0.018825531005859375,0.008673667907714844,0.023276805877685547,-0.024777650833129883,-0.0200803279876709
2022-05-17,0.007043361663818359,0.02504110336303711,-0.02488422393798828,0.027687788009643555,0.01641261577606201,-0.006742358207702637,-0.03953146934509277,-0.02653634548187256,0.02026188373565674,0.015168190002441406,0.013615250587463379,0.027032971382141113,0.0015498995780944824,-0.04724407196044922
2022-05-18,-0.0246313214302063,0.006870746612548828,0.02879732847213745,-0.030954360961914062,-0.0069203972816467285,-0.0,0.003732442855834961,0.008163273334503174,-0.000774383544921875,0.0035315752029418945,-0.00883704423904419,-0.019901514053344727,0.005898773670196533,-0.0451127290725708
2022-05-19,-0.017692863941192627,-0.014026820659637451,0.03430229425430298,-0.055013298988342285,-0.030778169631958008,0.020547926425933838,0.024104058742523193,0.03978055715560913,-0.040857017040252686,-0.03438001871109009,-0.016405165195465088,-0.022925734519958496,0.036539673805236816,0.03237408399581909
2022-05-20,0.03959369659423828,0.03521990776062012,-0.03552079200744629,0.04381835460662842,0.022168993949890137,-0.026417970657348633,-0.027886390686035156,-0.028571486473083496,0.034920692443847656,0.025511622428894043,0.02574336528778076,0.03329610824584961,-0.017503976821899414,-0.03717470169067383
2022-05-23,0.02266836166381836,0.003342747688293457,0.025000035762786865,-0.021289348602294922,-0.0023447275161743164,0.012869060039520264,-0.0021140575408935547,0.00972217321395874,0.0065811872482299805,0.01394200325012207,0.02156233787536621,-0.0032439231872558594,-0.013698697090148926,0.014336884021759033
2022-05-24,-0.012314379215240479,-0.01673203706741333,0.014907598495483398,-0.005514740943908691,-0.0064629316329956055,-0.011503100395202637,0.0040784478187561035,0.018232882022857666,-0.004931330680847168,0.0150984525680542,-0.00968855619430542,0.0024950504302978516,0.0028284192085266113,0.021818220615386963
2022-05-25,-0.026144742965698242,0.0014306306838989258,0.021791696548461914,-0.020332694053649902,-0.012418746948242188,-0.007429957389831543,-0.0073430538177490234,0.031428515911102295,-0.005122840404510498,0.013280153274536133,-0.016771554946899414,-0.017205893993377686,0.0460132360458374,0.029739737510681152
2022-05-26,0.02537238597869873,0.027443647384643555,-0.05198013782501221,0.05597496032714844,0.018562912940979004,-0.028597235679626465,-0.021237850189208984,-0.011799335479736328,0.004757404327392578,0.0005242824554443359,0.015280723571777344,0.032591938972473145,-0.022464513778686523,-0.015325665473937988
2022-05-27,-0.006886124610900879,0.007391095161437988,-0.002941131591796875,0.012507438659667969,0.021751880645751953,-0.01843714714050293,-0.015511274337768555,-0.03790080547332764,0.030971527099609375,0.01964890956878662,0.00630033016204834,0.00010669231414794922,-0.0077544450759887695,-0.011320710182189941
2022-05-30,-0.012496232986450195,0.00777280330657959,-0.03167152404785156,0.06058824062347412,0.0373992919921875,-0.006896495819091797,-0.01175999641418457,-0.023876428604125977,0.011670589447021484,-0.022096633911132812,0.039652109146118164,0.012048125267028809,-0.06380248069763184,-0.003731369972229004
2022-05-31,-0.03449070453643799,-0.01218193769454956,0.013644099235534668,-0.020798683166503906,-0.01442044973373413,0.008989691734313965,-0.005811572074890137,0.004115283489227295,-0.0057146549224853516,-0.02942723035812378,-0.009367644786834717,-0.013695716857910156,0.0015069246292114258,0.022304832935333252
2022-06-01,0.027890920639038086,0.0012404918670654297,-0.01729106903076172,0.01982426643371582,0.005064725875854492,-0.004175662994384766,0.0002655982971191406,0.0041321516036987305,-0.002685725688934326,0.009745597839355469,0.0016885995864868164,0.00042724609375,-0.0262601375579834,-0.0076045989990234375
2022-06-02,0.012206554412841797,0.00801694393157959,-0.019263386726379395,0.024437665939331055,0.0302351713180542,0.006882786750793457,0.0038530826568603516,-0.004149317741394043,0.015726923942565918,-0.00402146577835083,0.018880605697631836,0.0033098459243774414,-0.018529415130615234,-0.007547140121459961
2022-06-03,-0.030032992362976074,-0.020605862140655518,0.015564143657684326,-0.012469470500946045,-0.020108699798583984,0.0034651756286621094,0.007269084453582764,0.026170849800109863,-0.01977837085723877,0.0005383491516113281,-0.0142289400100708,-0.011386632919311523,0.0239676833152771,0.007490694522857666
2022-06-06,0.0041970014572143555,-0.007529854774475098,0.0011293888092041016,-0.0024704933166503906,0.007210254669189453,0.0014488697052001953,-0.0032917261123657227,0.007072150707244873,0.004814505577087402,0.005918741226196289,-0.0030211806297302246,-0.0017222762107849121,0.0026627182960510254,0.007547199726104736
2022-06-07,0.001577138900756836,-0.00944662094116211,0.0016958117485046387,-0.007704973220825195,0.0038546323776245117,0.011462628841400146,0.015400052070617676,0.011395931243896484,-0.005437374114990234,-0.006151318550109863,-0.0063973069190979,-0.0006470084190368652,-0.005636334419250488,0.007604539394378662
2022-06-08,-0.009211838245391846,-0.010888338088989258,-0.01755368709564209,0.010260701179504395,-0.0005486011505126953,-0.0035227537155151367,0.007820487022399902,0.0028818845748901367,-0.010826051235198975,-0.006727635860443115,-0.003388702869415283,0.017047882080078125,0.021238982677459717,-0.011494278907775879
2022-06-09,-0.025190770626068115,0.004099607467651367,-0.015581488609313965,-0.017842471599578857,0.0027441978454589844,-0.007459402084350586,-0.004455089569091797,0.007225453853607178,0.007223367691040039,0.010566234588623047,-0.0013600587844848633,-0.009229719638824463,-0.0012055635452270508,-0.0
2022-06-10,-0.016793012619018555,-0.0009072422981262207,-0.0005480051040649414,0.002515435218811035,0.0038313865661621094,0.019163787364959717,0.01740020513534546,0.008733630180358887,-0.00771486759185791,-0.03914213180541992,-0.0064691901206970215,-0.010921955108642578,0.021673738956451416,0.01893937587738037
2022-06-13,-0.025039315223693848,-0.017784178256988525,-0.05312162637710571,-0.056035637855529785,-0.03271538019180298,0.018206000328063965,-0.04444444179534912,0.03377377986907959,-0.05228865146636963,-0.030412912368774414,-0.026045262813568115,-0.03464329242706299,0.023692309856414795,0.01158297061920166
2022-06-14,0.025512337684631348,0.0027736425399780273,0.006940484046936035,0.0,0.013528823852539062,0.011005580425262451,-0.003633737564086914,-0.0015196800231933594,-0.02455371618270874,0.0011510848999023438,-0.006333589553833008,0.005046486854553223,0.017018556594848633,0.0078125
2022-06-15,0.0405505895614624,-0.0003841519355773926,-0.005169510841369629,-0.049616098403930664,-0.008342623710632324,0.0035060644149780273,0.0025528669357299805,0.007587254047393799,-0.0010661482810974121,-0.0017246603965759277,0.001770615577697754,0.007252812385559082,-0.004809260368347168,-0.0039370059967041016
2022-06-16,-0.0043831467628479,-0.02398151159286499,-0.027713656425476074,-0.04226231575012207,-0.025238335132598877,0.020039856433868408,-0.01273190975189209,0.03211015462875366,-0.039962053298950195,-0.03484010696411133,-0.030399441719055176,-0.021601855754852295,0.024888336658477783,0.019607841968536377
2022-06-17,-0.0018410682678222656,0.0004725456237792969,-0.027315855026245117,-0.001622319221496582,0.004603028297424316,-0.006712555885314941,0.012306571006774902,-0.0,-0.003334939479827881,-0.0014916658401489258,0.0,-0.0013586878776550293,-0.01603400707244873,0.0040000081062316895
2022-06-20,-0.014995932579040527,-0.010862767696380615,-0.044566571712493896,-0.038024067878723145,-0.0286368727684021,-0.025120139122009277,-0.0013102889060974121,-0.056872010231018066,-0.028318285942077637,0.0032864809036254883,-0.02041560411453247,-0.014285683631896973,0.020289838314056396,0.008032083511352539
2022-06-21,-0.0039078593254089355,0.013051152229309082,-0.05814695358276367,0.05067563056945801,0.0353773832321167,-0.010890960693359375,0.014796972274780273,0.018425464630126953,0.018876314163208008,0.0014889240264892578,-0.04540371894836426,-0.03692197799682617,-0.033530592918395996,-0.020242929458618164
2022-06-22,-0.02076011896133423,-0.015239596366882324,0.006642520427703857,-0.01061093807220459,-0.011389493942260742,0.0047882795333862305,-0.01364743709564209,-0.04111844301223755,-0.026538074016571045,-0.0071364641189575195,0.014951944351196289,0.006877422332763672,0.04007631540298462,0.01190483570098877
2022-06-23,0.019280552864074707,0.004068255424499512,-0.011550068855285645,0.006174802780151367,0.001728057861328125,-0.0037587881088256836,0.01827859878540039,0.020583152770996094,0.00938725471496582,0.00868523120880127,0.0014456510543823242,-0.0083770751953125,-0.001656651496887207,-0.0
2022-06-24,0.006305336952209473,0.007388591766357422,-0.0390625,0.025516867637634277,0.027602076530456543,-0.013930559158325195,0.020453333854675293,-0.04201686382293701,0.027454018592834473,0.00861048698425293,-0.010133981704711914,-0.006313681602478027,-0.01587820053100586,-0.024096369743347168
2022-06-27,0.016030550003051758,0.0048896074295043945,-0.0005784034729003906,0.010393738746643066,0.01902639865875244,-0.001772761344909668,0.005466341972351074,-0.03548383712768555,0.02107870578765869,-0.004121363162994385,-0.0,-0.01529991626739502,0.014327526092529297,-0.00784313678741455
2022-06-28,-0.0026429295539855957,0.008240461349487305,-0.016762971878051758,0.0,0.008237242698669434,0.0075209736824035645,-0.009827792644500732,0.003115236759185791,-0.008378922939300537,-0.0133017897605896,-0.006449341773986816,-0.00661313533782959,-0.0033036470413208008,-0.0
2022-06-29,-0.042720675468444824,-0.026153922080993652,0.003979504108428955,-0.008728265762329102,-0.0021787285804748535,0.0014858841896057129,-0.01062929630279541,0.010937511920928955,-0.009551763534545898,-0.015877723693847656,-0.0,0.0110931396484375,0.01909780502319336,0.011673212051391602
2022-06-30,-0.007297992706298828,0.01798415184020996,0.03995436429977417,-0.02924525737762451,-0.01528388261795044,-0.0029761791229248047,0.006332278251647949,0.006319105625152588,-0.017866015434265137,0.011263370513916016,0.02527594566345215,-0.014811515808105469,0.004699587821960449,0.0039370059967041016
2022-07-01,-0.02163255214691162,0.011228084564208984,0.005350708961486816,0.021056056022644043,0.038248419761657715,-0.0043027400970458984,-0.004666268825531006,-0.025437235832214355,0.016176819801330566,0.004214286804199219,-0.015704870223999023,-0.0020390748977661133,-0.008094429969787598,-0.0
2022-07-04,-0.026688575744628906,0.016150236129760742,-0.016736388206481934,0.020939111709594727,0.016550898551940918,-0.0013295412063598633,0.023014545440673828,-0.05581390857696533,0.0307234525680542,0.0017986297607421875,-0.019057869911193848,-0.01413726806640625,-0.006356716156005859,-0.0
2022-07-05,-0.011979758739471436,-0.008940160274505615,-0.002351522445678711,0.004039764404296875,-0.006827652454376221,0.0022130608558654785,-0.0009025931358337402,0.017621099948883057,-0.009555280208587646,-0.004787564277648926,0.0105857253074646,0.0027458667755126953,0.0033245086669921875,-0.0
2022-07-06,-0.04481768608093262,0.0145721435546875,-0.008797645568847656,0.021974563598632812,0.010576367378234863,-0.01375126838684082,0.00903463363647461,-0.017937183380126953,0.015169024467468262,0.024954915046691895,-0.00891578197479248,-0.016520261764526367,-0.009673118591308594,-0.0
2022-07-07,-0.006361126899719238,0.0003039836883544922,-0.060465097427368164,-0.08903694152832031,0.015175223350524902,-0.017940521240234375,0.022108912467956543,-0.007342100143432617,0.029227256774902344,0.019947290420532227,-0.03499472141265869,-0.014168143272399902,-0.03204488754272461,-0.015810370445251465
2022-07-08,0.005637645721435547,0.016713500022888184,-0.006030678749084473,-0.013070106506347656,0.005154609680175781,-0.0010029077529907227,0.018463611602783203,0.016034960746765137,-0.014401912689208984,0.0037387609481811523,0.011270463466644287,-0.003697991371154785,-0.003201007843017578,0.0038910508155822754
2022-07-11,-0.004467010498046875,0.015990376472473145,-0.04032695293426514,-0.030743837356567383,0.022564053535461426,-0.006441473960876465,0.018261194229125977,-0.017777681350708008,0.011489510536193848,-0.0022922158241271973,-0.013126015663146973,0.0007163286209106445,-0.01691126823425293,-0.02734375
2022-07-12,0.013084769248962402,-0.00536876916885376,0.002619147300720215,-0.0,-0.012537598609924316,0.010240316390991211,-0.01247560977935791,0.010189175605773926,-0.013164758682250977,-0.01263648271560669,0.008523702621459961,0.006657123565673828,-0.0015687942504882812,-0.015209197998046875
2022-07-13,0.010138630867004395,0.00547182559967041,0.007878124713897705,-0.006125211715698242,-0.0045708417892456055,-0.02442878484725952,-0.008816957473754883,0.002941131591796875,-0.033055901527404785,0.013379931449890137,-0.0,-0.003196239471435547,-0.019736766815185547,0.007490694522857666
2022-07-14,0.029151737689971924,-0.017134904861450195,0.032292187213897705,0.04314446449279785,-0.008163273334503174,-0.0050081610679626465,-0.0010620951652526855,0.0029498934745788574,0.002258777618408203,0.01607346534729004,0.012723565101623535,0.014696776866912842,0.020890891551971436,-0.0037735700607299805
2022-07-15,0.007844865322113037,-0.009053468704223633,0.012035012245178223,0.01798069477081299,0.015946507453918457,0.00814211368560791,-0.0015949010848999023,0.013313651084899902,-0.0071263909339904785,0.009886980056762695,0.0031347274780273438,0.000521540641784668,0.001568913459777832,-0.0
2022-07-18,-0.012905478477478027,-0.033675551414489746,-0.04097449779510498,-0.04478871822357178,0.043038010597229004,-0.010572731494903564,0.027688980102539062,-0.04347825050354004,0.044169068336486816,-0.03244757652282715,-0.0345911979675293,-0.023377180099487305,-0.019798874855041504,-0.0037593841552734375
2022-07-19,-0.016061067581176758,-0.023520827293395996,-0.046808481216430664,-0.04394721984863281,0.03932046890258789,0.0002968311309814453,0.011204719543457031,-0.012931108474731445,0.020034074783325195,0.005689501762390137,-0.007767677307128906,-0.015602707862854004,-0.02249610424041748,-0.011235952377319336
2022-07-20,-0.018986225128173828,-0.007279515266418457,0.006097555160522461,0.017045438289642334,-0.017748713493347168,0.0126112699508667,0.003138303756713867,0.009929060935974121,0.012901782989501953,0.003814697265625,0.006032168865203857,-0.021387696266174316,0.014768004417419434,-0.007407426834106445
2022-07-21,-0.01698589324951172,-0.013957738876342773,-0.018404841423034668,-0.03205454349517822,0.01949596405029297,-0.003076910972595215,0.0037032365798950195,-0.024355292320251465,-0.07824409008026123,0.01504373550415039,-0.014160513877868652,-0.006783246994018555,-0.02233099937438965,-0.05147051811218262
2022-07-22,0.007498979568481445,-0.021242380142211914,-0.0200803279876709,-0.013238310813903809,0.0,-0.023221611976623535,0.017875313758850098,-0.0,0.005959272384643555,-0.014718055725097656,0.0016621947288513184,-0.003222346305847168,-0.0014961957931518555,-0.027971982955932617
2022-07-25,0.0011160969734191895,0.004652798175811768,0.008366107940673828,0.02010047435760498,0.0013992786407470703,-0.003016352653503418,0.0010625123977661133,-0.005594372749328613,-0.020796775817871094,0.017241358757019043,0.006327033042907715,-0.007981300354003906,0.007469356060028076,-0.03061223030090332
2022-07-26,-0.0011173486709594727,0.02873438596725464,-0.011910676956176758,0.01564103364944458,-0.015370309352874756,0.0020048022270202637,-0.005743563175201416,0.008344888687133789,0.0004677772521972656,0.01893627643585205,-0.0,0.006952464580535889,0.023178815841674805,-0.038596510887145996
2022-07-27,0.000858604907989502,-0.01769411563873291,-0.016184449195861816,-0.026829838752746582,0.016556262969970703,-0.007605075836181641,0.005274415016174316,-0.002804994583129883,-0.01892685890197754,0.0042577385902404785,-0.014410257339477539,-0.027226805686950684,-0.01479196548461914,-0.07299268245697021
2022-07-28,-0.015382051467895508,-0.009666919708251953,0.009652495384216309,0.003551483154296875,-0.0013959407806396484,-0.008829355239868164,0.017614006996154785,-0.02377617359161377,-0.03868138790130615,-0.04247438907623291,-0.018500089645385742,-0.008046150207519531,-0.014879941940307617,0.010204076766967773
2022-07-29,-0.0021157264709472656,0.0015842914581298828,0.008284568786621094,0.019093692302703857,-0.006057798862457275,-0.012281179428100586,0.0049103498458862305,-0.025956273078918457,-0.025351285934448242,0.00984412431716919,-0.03957182168960571,0.007700324058532715,-0.0014961957931518555,-0.027491331100463867
2022-08-01,-0.02145087718963623,-0.008347630500793457,-0.0004913806915283203,-0.013236522674560547,0.0023441314697265625,-0.008367061614990234,0.005863785743713379,-0.11717712879180908,0.003210306167602539,-0.0251312255859375,-0.06518065929412842,-0.010220527648925781,-0.014341235160827637,-0.02006685733795166
2022-08-02,-0.02157914638519287,0.00047892332077026367,-0.05009818077087402,-0.0397028923034668,0.03695034980773926,0.011063456535339355,-0.0068618059158325195,-0.034564971923828125,-0.026053905487060547,-0.015355587005615234,-0.024096369743347168,-0.015643954277038574,-0.027098655700683594,-0.12459015846252441
2022-08-03,0.01327294111251831,-6.842613220214844e-05,0.006080448627471924,0.0056664347648620605,-0.016689181327819824,-0.0023772716522216797,0.0086212158203125,0.005760371685028076,0.008386015892028809,0.017776548862457275,0.005882322788238525,0.0023058652877807617,0.016633152961730957,0.04081624746322632
2022-08-04,-0.04429137706756592,0.01218348741531372,0.021647095680236816,0.034935593605041504,-0.009633064270019531,0.001116037368774414,-0.005516469478607178,0.0023175477981567383,0.0076538920402526855,0.008373856544494629,0.017751455307006836,0.01405191421508789,0.008457303047180176,-0.012158036231994629
2022-08-05,-0.01790761947631836,-0.009562134742736816,0.006252944469451904,0.01540440320968628,0.00926351547241211,0.003491640090942383,0.021883606910705566,-0.008130192756652832,0.013235509395599365,0.0008172392845153809,-0.004755854606628418,0.004125654697418213,-0.004117608070373535,-0.0
2022-08-08,-0.003163576126098633,-0.023404240608215332,-0.002904176712036133,-0.017992258071899414,0.005507111549377441,-0.02452695369720459,-0.0014913082122802734,-0.028801798820495605,-0.013412952423095703,-0.005725264549255371,0.006311178207397461,0.020054519176483154,0.0026361942291259766,0.039039015769958496
2022-08-10,0.007537841796875,0.008785426616668701,-0.003861069679260254,-0.0025614500045776367,0.001825571060180664,-0.0030095577239990234,0.014098763465881348,-0.0033594369888305664,-0.01228344440460205,0.008674383163452148,0.010479509830474854,0.010953128337860107,0.0014684200286865234,0.03750002384185791
2022-08-11,0.001240074634552002,-0.026860594749450684,-0.040865421295166016,-0.026315808296203613,0.01275622844696045,-0.013093233108520508,0.01290130615234375,-0.010044693946838379,-0.01514434814453125,-0.013672351837158203,-0.012195110321044922,-0.019525885581970215,-0.03558826446533203,-0.0
2022-08-12,0.02048569917678833,-0.002240300178527832,0.00046193599700927734,-0.0,-0.0031489133834838867,0.00026929378509521484,0.01709902286529541,0.003314971923828125,-0.0011582374572753906,0.006744027137756348,0.0028535127639770508,-0.01133871078491211,0.0014200210571289062,0.0064934492111206055
2022-08-16,-0.013784289360046387,-0.00539088249206543,0.013863205909729004,-0.005725741386413574,-0.004061400890350342,-0.011446237564086914,0.005546689033508301,-0.0,-0.0037021636962890625,-0.002987384796142578,-0.007631182670593262,0.008950471878051758,-0.006826043128967285,-0.039215683937072754
2022-08-17,-0.010002374649047852,-0.009742975234985352,-0.0445173978805542,-0.032425642013549805,-0.004984080791473389,-0.005192399024963379,0.004549384117126465,-0.01995563507080078,-0.0038268566131591797,0.003790915012359619,-0.026506781578063965,-0.004182934761047363,-0.020621418952941895,-0.040880441665649414
2022-08-18,0.001392662525177002,0.00913095474243164,0.022880196571350098,-0.003356456756591797,0.010928988456726074,-0.0010595321655273438,0.0020945072174072266,0.01086956262588501,-0.015157103538513184,-0.035335659980773926,0.00860738754272461,-0.007952213287353516,-0.009133577346801758,-0.006042361259460449
2022-08-19,0.009917020797729492,0.009868621826171875,0.03030306100845337,0.04109913110733032,-0.031081080436706543,0.012304842472076416,-0.016608238220214844,0.01868128776550293,-0.03782457113265991,0.01443946361541748,0.02356588840484619,0.022541582584381104,-0.029072880744934082,0.006006002426147461
2022-08-22,0.0032083988189697266,0.020660102367401123,0.01893937587738037,0.0408671498298645,-0.008368194103240967,0.015137314796447754,-0.020852506160736084,0.022396445274353027,-0.005736947059631348,0.02397441864013672,0.0282629132270813,0.017392098903656006,-0.020339012145996094,0.012084543704986572
2022-08-23,-0.014994502067565918,-0.0070095062255859375,-0.04729735851287842,-0.03403472900390625,0.03000462055206299,0.0031284093856811523,0.013669729232788086,-0.054982781410217285,0.013100743293762207,-0.013100504875183105,-0.019934654235839844,-0.020731568336486816,0.004036903381347656,0.003058195114135742
2022-08-24,-0.008044004440307617,-0.004149675369262695,-0.0009216070175170898,-0.014070391654968262,0.03777885437011719,-0.004775524139404297,0.010880827903747559,-0.0553746223449707,0.028803467750549316,-0.006196141242980957,-0.015379786491394043,0.004981875419616699,0.023549675941467285,-0.01840496063232422
2022-08-25,0.00483393669128418,0.009064912796020508,-0.02025783061981201,-0.031219005584716797,-0.0008772015571594238,0.005431830883026123,-0.0010878443717956543,-0.007201671600341797,-0.010844945907592773,-0.0008032321929931641,-0.050489068031311035,-0.002118349075317383,-0.05022454261779785,0.00602412223815918
2022-08-26,0.0109483003616333,-0.0020852088928222656,-0.019855618476867676,-0.0031235218048095703,0.0,-0.00027298927307128906,-0.0017194747924804688,0.010214507579803467,-0.018532931804656982,-0.017656564712524414,-0.012616395950317383,-0.006533384323120117,-0.006411910057067871,0.003030240535736084
2022-08-29,0.01192706823348999,0.021747887134552002,0.01637166738510132,0.019880294799804688,-0.007023751735687256,0.017608463764190674,-0.017224550247192383,-0.004127979278564453,-0.009862184524536133,0.027339637279510498,0.012459158897399902,0.017086684703826904,0.026811718940734863,0.015197575092315674
2022-08-30,-0.00023674964904785156,-0.03128862380981445,-0.03823661804199219,-0.027126073837280273,0.034482717514038086,-0.03237462043762207,-0.036747097969055176,-0.010277509689331055,-0.04555320739746094,-0.03540539741516113,-0.017122268676757812,-0.03185403347015381,-0.02236771583557129,-0.015432119369506836
2022-09-01,-0.022243261337280273,0.009780406951904297,-0.021230459213256836,-0.01570308208465576,0.014957308769226074,0.009286701679229736,0.014594852924346924,-0.0,-0.0035668611526489258,0.006525695323944092,0.0014766454696655273,-0.003858804702758789,-0.006403446197509766,0.00607907772064209
2022-09-02,0.004320979118347168,-0.008130073547363281,0.01824355125427246,0.0030451416969299316,0.006736874580383301,-0.0091019868850708,0.0022301673889160156,0.012207567691802979,0.00958251953125,-0.00840771198272705,0.01538008451461792,-0.006375432014465332,0.002386033535003662,0.00917428731918335
2022-09-05,-0.010461926460266113,-0.00786447525024414,-0.021607637405395508,-0.006343960762023926,0.033458828926086426,-0.006327390670776367,-0.011519908905029297,-0.04634392261505127,-0.006586432456970215,-0.009901046752929688,-0.012616395950317383,-0.004099130630493164,-0.01009821891784668,-0.027777671813964844
2022-09-06,0.0028377175331115723,0.008067667484283447,0.002961099147796631,0.004436194896697998,-0.019020676612854004,0.0037457942962646484,-0.0013598203659057617,0.01771646738052368,-0.000722050666809082,0.011609911918640137,-0.042124032974243164,0.0020412802696228027,0.011312723159790039,-0.006006002426147461
2022-09-07,0.014151573181152344,-0.007200002670288086,-0.005939841270446777,0.01313316822052002,-0.020214498043060303,0.004699885845184326,0.008430957794189453,-0.005010008811950684,0.017000436782836914,0.00391542911529541,-0.01081693172454834,0.009204208850860596,-0.007716774940490723,-0.03283572196960449
2022-09-08,-0.012638449668884277,-0.0322345495223999,-0.0328974723815918,-0.016872644424438477,-0.005894720554351807,-0.010253667831420898,-0.02579319477081299,-0.018943071365356445,-0.016835689544677734,-0.011530399322509766,-0.019994497299194336,-0.02214515209197998,-0.017692208290100098,-0.02601158618927002
2022-09-09,-0.005546927452087402,-0.006540536880493164,0.002449929714202881,0.006543636322021484,0.012706518173217773,-0.0006676912307739258,-0.002725839614868164,0.012720108032226562,-0.026030778884887695,0.0018135309219360352,-0.016841530799865723,-0.015973448753356934,-0.0038919448852539062,0.01408451795578003
2022-09-12,-0.012488603591918945,-0.020577192306518555,-0.006139993667602539,-0.015290498733520508,0.0020911693572998047,0.0033364295959472656,-0.006601929664611816,-0.008919715881347656,0.0002638697624206543,0.0012977123260498047,-0.02823781967163086,-0.002801179885864258,-0.03876972198486328,-0.0028570890426635742
2022-09-13,-0.021263718605041504,-0.005680441856384277,0.0016273856163024902,-0.0,-0.005425751209259033,-0.01312267780303955,-0.0030864477157592773,0.01277017593383789,-0.02370595932006836,0.00025981664657592773,0.013731181621551514,-0.005586504936218262,-0.024135351181030273,0.005697906017303467
2022-09-14,-0.004149317741394043,0.003103494644165039,-0.01385498046875,-0.03591287136077881,0.013428449630737305,-0.010177135467529297,-0.008901119232177734,-0.012935400009155273,-0.04463815689086914,-0.01611638069152832,-0.013922333717346191,-0.02464163303375244,0.0036443471908569336,0.011461377143859863
2022-09-15,-0.004796385765075684,0.016250550746917725,0.0028135180473327637,0.011854171752929688,0.010766029357910156,0.005102634429931641,0.0005446076393127441,-0.036345720291137695,0.016368508338928223,0.010488629341125488,-0.008714079856872559,-0.0006996393203735352,-0.010729193687438965,0.005797147750854492
2022-09-16,-0.03260624408721924,0.000886082649230957,0.021362364292144775,0.03485739231109619,-0.004096686840057373,0.018411338329315186,0.009263277053833008,0.03412318229675293,-0.02634108066558838,0.0018096566200256348,0.019895315170288086,0.018089711666107178,0.004825115203857422,0.02332359552383423
2022-09-19,-0.007970869541168213,-0.011149048805236816,-0.02924215793609619,-0.012195110321044922,0.008638381958007812,-0.006564736366271973,0.010889828205108643,-0.0029439926147460938,0.0013036131858825684,0.0005180239677429199,-0.01896369457244873,-0.018600940704345703,-0.01769697666168213,0.023880600929260254
2022-09-20,0.019589781761169434,-0.0183560848236084,-0.004401803016662598,-0.007645964622497559,0.005709648132324219,-0.01211237907409668,-0.01951730251312256,-0.00391387939453125,-0.03128695487976074,-0.005441784858703613,-0.006290912628173828,-0.003145456314086914,-0.008099079132080078,-0.0030580759048461914
2022-09-21,-0.0003002285957336426,0.007628440856933594,0.00199204683303833,0.005518555641174316,-0.004460692405700684,0.0015781521797180176,0.001636207103729248,0.010721206665039062,0.03152436017990112,0.011082470417022705,0.012242794036865234,0.007577717304229736,0.020557641983032227,-0.030487775802612305
2022-09-22,-0.0039038658142089844,0.021511316299438477,0.021556854248046875,0.01942199468612671,0.0012220144271850586,0.021338284015655518,0.012947261333465576,0.0019704103469848633,0.006289541721343994,0.013291656970977783,-0.008702635765075684,0.004212796688079834,0.017611563205718994,0.008875727653503418
2022-09-23,-0.038513779640197754,0.026102423667907715,-0.04569566249847412,-0.0615420937538147,-0.05004072189331055,0.026783347129821777,0.023411571979522705,0.038499534130096436,0.02729034423828125,0.016112029552459717,-0.05803924798965454,-0.029437720775604248,-0.03683692216873169,0.03283578157424927
2022-09-26,-0.06380802392959595,0.03382772207260132,-0.03463011980056763,-0.05527639389038086,-0.04925054311752319,0.013552725315093994,0.02402949333190918,0.029774129390716553,0.028520703315734863,0.017986595630645752,-0.05634188652038574,-0.013258218765258789,-0.04436516761779785,0.04320991039276123
2022-09-27,0.01582503318786621,0.006867706775665283,-0.003542959690093994,-0.014893531799316406,0.03063058853149414,0.008972346782684326,0.00987166166305542,-0.00423276424407959,-0.013482928276062012,0.016129016876220703,0.019411802291870117,-0.0125160813331604,0.018143057823181152,-0.016129016876220703
2022-09-28,-0.040141761302948,0.02854233980178833,-0.01066666841506958,-0.02159827947616577,-0.02229022979736328,0.017117023468017578,0.0035774707794189453,0.015806138515472412,0.020770728588104248,0.0038899779319763184,-0.050490498542785645,-0.021714866161346436,-0.02279871702194214,0.01904761791229248
2022-09-29,0.03117227554321289,-0.0035592317581176758,0.008535504341125488,0.028421640396118164,0.010281682014465332,0.005181312561035156,0.006592094898223877,-0.0224839448928833,-0.0011832714080810547,0.01506274938583374,0.001519322395324707,-0.005906403064727783,0.03888440132141113,-0.0032362937927246094
2022-09-30,0.03131246566772461,-0.01974964141845703,0.040979981422424316,-0.06654143333435059,-0.05088496208190918,-0.02821183204650879,-0.02144801616668701,-0.04397904872894287,-0.03760123252868652,-0.030303001403808594,0.04733014106750488,0.016962051391601562,0.0247805118560791,-0.009677410125732422
2022-10-03,-0.04005163908004761,0.01425260305404663,-0.03465980291366577,0.030691862106323242,0.02063155174255371,0.005769014358520508,0.015835285186767578,0.010030090808868408,0.02442622184753418,0.0192413330078125,-0.03012746572494507,-0.020448505878448486,-0.03652393817901611,0.015974462032318115
2022-10-04,0.02245962619781494,-0.027741193771362305,0.047872304916381836,-0.024396657943725586,-0.039122939109802246,-0.02816307544708252,-0.022750139236450195,-0.07801425457000732,-0.05448651313781738,-0.021300435066223145,0.0280764102935791,0.02491581439971924,0.03555560111999512,-0.05194807052612305
2022-10-06,-0.00444263219833374,-0.01655900478363037,0.008460283279418945,0.0012668371200561523,-0.0,0.011011719703674316,-0.02051520347595215,-0.020676612854003906,0.015050232410430908,0.001646578311920166,0.0055201053619384766,0.008635163307189941,0.004796743392944336,-0.018518447875976562
2022-10-07,-0.023138582706451416,-0.0007946491241455078,0.003355741500854492,-0.009639859199523926,-0.01654946804046631,0.00431448221206665,0.0032752156257629395,0.0239410400390625,-0.010408878326416016,-0.0035734176635742188,0.0,-0.013214170932769775,-0.0035175681114196777,-0.0030303001403808594
2022-10-10,-0.006260037422180176,-0.027987241744995117,-0.02424752712249756,0.006030082702636719,0.01221001148223877,0.01104283332824707,0.0009064674377441406,-0.01415097713470459,0.002554774284362793,0.0095863938331604,-0.002600431442260742,0.0010373592376708984,-0.017145752906799316,0.006042182445526123
2022-10-11,-0.007746636867523193,-0.011199116706848145,-0.020993947982788086,0.02350860834121704,-0.008652687072753906,0.01017671823501587,0.012645363807678223,0.012093067169189453,0.03775930404663086,0.01106196641921997,-0.023464679718017578,-0.006311774253845215,-0.022319138050079346,0.018237173557281494
2022-10-12,0.009694576263427734,-0.029469847679138184,0.027133464813232422,-0.015790820121765137,-0.026143789291381836,-0.0065686702728271484,0.002584397792816162,-0.03766477108001709,-0.02099442481994629,-0.012304186820983887,0.016908884048461914,0.012134909629821777,0.020204663276672363,0.009287893772125244
2022-10-13,-0.011640787124633789,0.008284926414489746,-0.023434162139892578,0.011977612972259521,0.00557321310043335,0.011491060256958008,0.01698625087738037,0.011796712875366211,0.004036903381347656,0.004696190357208252,-0.011085093021392822,-0.0231359601020813,-0.018518567085266113,0.012499988079071045
2022-10-14,0.03404414653778076,0.0018703341484069824,0.003926753997802734,-0.015475869178771973,-0.043634891510009766,-0.0325775146484375,-0.019505620002746582,0.0027548670768737793,0.0022377371788024902,-0.01804053783416748,-0.0011799931526184082,0.011026978492736816,0.0013102293014526367,-0.0
2022-10-17,0.023860931396484375,-0.0170518159866333,0.0465015172958374,-0.05105412006378174,-0.008822321891784668,-0.0052814483642578125,-0.017179012298583984,-0.026703476905822754,-0.015275955200195312,-0.013086199760437012,0.029237985610961914,0.03120255470275879,0.021460294723510742,0.0031645894050598145
2022-10-18,0.015996694564819336,-0.0027021169662475586,0.034883737564086914,-0.05775737762451172,-0.00608372688293457,0.0019355416297912598,-0.013217329978942871,-0.01165926456451416,-0.019672393798828125,-0.0008072853088378906,0.052797675132751465,0.03458106517791748,0.04944920539855957,-0.00634920597076416
2022-10-19,0.0005595684051513672,-0.016537070274353027,-0.021669328212738037,0.005483269691467285,0.007558584213256836,-0.010250687599182129,0.005351841449737549,-0.012411236763000488,0.003964841365814209,-0.005377769470214844,0.012810111045837402,-0.0160902738571167,0.005859375,-0.0031545162200927734
2022-10-20,-0.05367845296859741,0.0048201680183410645,0.022559523582458496,-0.042958974838256836,0.007616162300109863,0.006718695163726807,0.003867208957672119,0.005253911018371582,0.047972798347473145,0.003209352493286133,0.029332637786865234,0.003614068031311035,0.0247572660446167,-0.0031446218490600586
2022-10-21,-0.021946489810943604,-0.09027063846588135,0.021259546279907227,-0.0389866828918457,-0.01765155792236328,0.00704038143157959,-0.020818114280700684,-0.00880277156829834,0.015259265899658203,-0.020928382873535156,0.006013035774230957,0.009812712669372559,0.043581247329711914,-0.006269574165344238
2022-10-24,0.002330303192138672,-0.010051131248474121,0.006677031517028809,-0.008056044578552246,-0.01621413230895996,-0.015570759773254395,-0.021110057830810547,-0.01919722557067871,-0.0031516551971435547,0.0034165382385253906,0.008575916290283203,0.01720607280731201,-0.0065819621086120605,0.018691539764404297
2022-10-25,-0.009987950325012207,0.0072571635246276855,0.02848231792449951,-0.05404841899871826,0.004081666469573975,0.006981492042541504,0.0013494491577148438,0.03253430128097534,0.007330834865570068,0.02610766887664795,0.053594350814819336,0.014110445976257324,0.06191456317901611,0.00952380895614624
2022-10-27,0.010349512100219727,-0.013623595237731934,0.009484052658081055,-0.019553065299987793,-0.0029807090759277344,-0.0024813413619995117,0.0007026195526123047,-0.005309700965881348,-0.004439830780029297,-0.01001894474029541,-0.0068476200103759766,0.001901388168334961,0.025817513465881348,-0.009615302085876465
2022-10-28,-0.011620879173278809,0.013221919536590576,-0.018789947032928467,0.006262242794036865,0.025631606578826904,-0.0030252933502197266,0.017903566360473633,0.01760566234588623,-0.0039386749267578125,-0.010187625885009766,0.0024623870849609375,-0.015354156494140625,0.015310406684875488,0.00634920597076416
2022-10-31,0.02691173553466797,-0.0032666921615600586,0.00497889518737793,-0.01004338264465332,-0.00266873836517334,-0.026048779487609863,-0.0009362697601318359,-0.005376338958740234,0.0037924647331237793,-0.009554147720336914,-0.010562539100646973,0.005343794822692871,0.004957675933837891,0.006389737129211426
2022-11-01,0.040793776512145996,0.0378035306930542,0.0,-0.005459189414978027,-0.0030417442321777344,-0.010956645011901855,0.00011008977890014648,0.007130086421966553,-0.0074388980865478516,-0.0036803483963012695,-0.059831202030181885,0.005402684211730957,-0.02589935064315796,0.0032154321670532227
2022-11-02,0.004889130592346191,0.00940638780593872,-0.00457310676574707,0.0019390583038330078,-0.009855985641479492,-0.0006608963012695312,0.00429224967956543,0.006283700466156006,0.011249661445617676,-0.0005239248275756836,-0.021388888359069824,-0.005286991596221924,-0.014137983322143555,-0.0
2022-11-03,-0.003243565559387207,-0.0005789995193481445,0.0076569318771362305,-0.012822985649108887,-0.030405402183532715,0.00435870885848999,-0.004366159439086914,-0.033423662185668945,-0.008610129356384277,0.005235612392425537,0.05261731147766113,0.019255995750427246,0.04130995273590088,-0.03870975971221924
2022-11-04,0.002847433090209961,-0.004687190055847168,-0.025455951690673828,-0.007289409637451172,0.006557345390319824,0.006898403167724609,0.003686845302581787,0.0008741021156311035,-0.0040940046310424805,-0.0,0.01179194450378418,0.015472650527954102,0.02692699432373047,-0.02173912525177002
2022-11-07,0.0,-0.005586981773376465,-0.10058474540710449,-0.04437255859375,-0.004767060279846191,-0.0077478885650634766,-0.013476252555847168,-0.0026246309280395508,0.00741732120513916,0.009210526943206787,0.0012667179107666016,0.034009575843811035,0.06385111808776855,-0.006078958511352539
2022-11-09,0.04250836372375488,-0.0008591413497924805,-0.052780866622924805,-0.015317320823669434,-0.00802922248840332,0.0002651214599609375,0.007629454135894775,-0.0017452239990234375,-0.0042389631271362305,-0.0058432817459106445,-0.07413971424102783,0.002279520034790039,-0.10009407997131348,-0.0
2022-11-10,-0.022021591663360596,0.034336745738983154,0.005383610725402832,0.023347675800323486,0.0007241368293762207,-0.010872483253479004,-0.00021970272064208984,-0.0034842491149902344,0.01884251832962036,-0.00977027416229248,0.020023584365844727,-0.015920698642730713,-0.04634857177734375,0.0030211210250854492
2022-11-11,-0.007718086242675781,-0.008296847343444824,0.0233423113822937,0.008826792240142822,0.02137678861618042,-0.0566631555557251,0.0045569539070129395,0.0008680224418640137,-0.011221051216125488,0.006799161434173584,-0.015865325927734375,-0.0073462724685668945,-0.0,-0.021212100982666016
2022-11-14,0.020206928253173828,-0.00035262107849121094,-0.013855218887329102,0.0007421374320983887,-0.007404685020446777,-0.002358555793762207,0.012795746326446533,0.0017375946044921875,-0.011359572410583496,-0.012638330459594727,0.017983853816986084,-0.014551818370819092,0.03318077325820923,-0.014836788177490234
2022-11-15,-0.0035368800163269043,-0.008989453315734863,0.006149709224700928,-0.01726698875427246,-0.0003675222396850586,-0.002476811408996582,-0.018716096878051758,0.005221903324127197,8.672475814819336e-05,0.005460262298583984,-0.0,0.014007210731506348,0.027049899101257324,0.002924025058746338
2022-11-16,-0.014355659484863281,0.0037850141525268555,-0.0024063587188720703,0.007483124732971191,0.02167534828186035,-0.008523821830749512,-0.002084016799926758,0.000874936580657959,0.007589876651763916,-0.02797389030456543,-0.004819273948669434,-0.0018306970596313477,-0.04952216148376465,-0.0
2022-11-17,-0.0222470760345459,-0.0032732486724853516,-0.002400517463684082,-0.0007355213165283203,-0.013518571853637695,0.00894176959991455,-0.006786346435546875,0.014010488986968994,-0.0020977258682250977,0.007884025573730469,-0.0031175613403320312,-0.0011671781539916992,-0.06738412380218506,0.005865037441253662
2022-11-18,0.002128005027770996,-0.0011652708053588867,0.0037631988525390625,-0.007717728614807129,0.016672849655151367,0.0025954246520996094,-0.0005979537963867188,0.007992923259735107,0.015569090843200684,-0.004614114761352539,-0.03514218330383301,0.006093025207519531,-0.05475413799285889,0.0058997273445129395
2022-11-21,0.004655241966247559,-0.012627959251403809,0.0075550079345703125,-0.015317320823669434,0.002260744571685791,0.010285019874572754,-0.0011409521102905273,-0.008952498435974121,-0.009170174598693848,0.007910192012786865,-0.038106322288513184,-0.0076323747634887695,-0.03191173076629639,0.011869490146636963
2022-11-22,0.0043898820877075195,-0.0,-0.03148794174194336,-0.015984177589416504,0.0071752071380615234,0.0015024542808532715,-0.0024962425231933594,-0.007985830307006836,-0.026690125465393066,0.0020575523376464844,-0.012680768966674805,0.001671910285949707,-0.00826561450958252,-0.024024009704589844
2022-11-23,0.009955525398254395,-0.005344510078430176,-0.01308286190032959,-0.020682334899902344,-0.022061705589294434,-0.002633213996887207,-0.004059791564941406,-0.0035210847854614258,-0.004232883453369141,-0.0069588422775268555,-0.04459571838378906,0.01427149772644043,0.013003528118133545,0.0117301344871521
2022-11-24,0.019955039024353027,-0.004401445388793945,-0.009602665901184082,-0.011257290840148926,0.007443249225616455,-0.0162581205368042,-0.012291669845581055,0.0035088062286376953,-0.0010218620300292969,0.004351198673248291,-0.009884357452392578,0.0027976036071777344,-0.038808465003967285,-0.005934715270996094
2022-11-25,0.0022001266479492188,-0.010471820831298828,0.015742838382720947,0.005651593208312988,0.005999267101287842,0.004676342010498047,0.009106874465942383,-0.022006988525390625,-0.00982511043548584,0.00848323106765747,-0.05414402484893799,-0.003200054168701172,0.027984559535980225,-0.0
2022-11-28,0.0015679597854614258,-0.00444948673248291,-0.0,0.007922887802124023,-0.009430408477783203,0.01075667142868042,-0.007632017135620117,-0.012919902801513672,-0.009055733680725098,0.0002592802047729492,0.0037534236907958984,0.001975536346435547,-0.040419816970825195,-0.011799335479736328
2022-11-29,-0.017847418785095215,-0.0009531974792480469,0.000333249568939209,0.007986068725585938,0.010089755058288574,0.001499772071838379,-0.009974360466003418,0.01360541582107544,0.014400780200958252,0.001296699047088623,0.01685500144958496,-8.213520050048828e-05,-0.03625953197479248,0.005830943584442139
2022-11-30,0.019048452377319336,-0.00974738597869873,0.009666621685028076,0.02310115098953247,0.00755000114440918,-0.006634116172790527,-0.006495952606201172,-0.010344743728637695,0.010841906070709229,-0.011165857315063477,0.02279144525527954,-0.010023772716522217,0.006971836090087891,-0.0058650970458984375
2022-12-01,-0.000156402587890625,-0.0028848648071289062,-0.0346684455871582,-0.020960211753845215,-0.00950932502746582,-0.006963372230529785,0.01332777738571167,-0.0025597810745239258,-0.005223512649536133,0.006420135498046875,-0.03797733783721924,0.009378314018249512,0.001854538917541504,0.005830943584442139
2022-12-02,0.014314651489257812,-0.0014383792877197266,0.0032531023025512695,0.005790531635284424,-0.0041446685791015625,0.007656216621398926,0.010210633277893066,-0.0042552947998046875,-0.004088878631591797,0.0018091797828674316,-0.014118075370788574,-0.0009044408798217773,-0.007033824920654297,-0.02052783966064453
2022-12-05,0.004318714141845703,0.006573498249053955,-0.0045691728591918945,-0.010766029357910156,-0.03039407730102539,-0.0036088228225708008,-0.0032237768173217773,-0.02372884750366211,-0.014253020286560059,-0.003883957862854004,-0.021372556686401367,0.016048073768615723,-0.010806560516357422,-0.002873659133911133
2022-12-06,-0.003148376941680908,-0.006060957908630371,-0.014944791793823242,0.012222826480865479,0.018208324909210205,0.0011159777641296387,0.011728763580322266,0.0008278489112854004,0.009535789489746094,0.0018055438995361328,-0.005375266075134277,-0.013526618480682373,-0.06623208522796631,-0.002865314483642578
2022-12-07,-0.034740447998046875,-0.011054039001464844,-0.012483954429626465,0.01573270559310913,0.020029664039611816,0.0004965066909790039,0.0005419254302978516,0.017398476600646973,0.016425907611846924,0.012144744396209717,-0.0,-0.0031201839447021484,0.01650768518447876,0.0028570890426635742
2022-12-08,-0.0019354820251464844,-0.02700483798980713,-0.06955420970916748,-0.03538072109222412,-0.02763056755065918,-0.00571286678314209,-0.010573148727416992,-0.006745338439941406,-0.02249598503112793,0.007585644721984863,-0.0406721830368042,0.007577657699584961,-0.021012067794799805,-0.01719188690185547
2022-12-09,-0.013671159744262695,0.006014764308929443,-0.002069234848022461,0.022896766662597656,0.013996243476867676,-0.00703883171081543,0.002146124839782715,0.01842552423477173,-0.009782910346984863,0.004744291305541992,0.025137603282928467,0.007929325103759766,0.05650264024734497,-0.10985922813415527
2022-12-12,0.00703662633895874,-0.005301475524902344,-0.007964611053466797,-0.009941339492797852,-0.0011205673217773438,-0.007848024368286133,-0.00043010711669921875,-0.008532404899597168,-0.0035343170166015625,0.011652529239654541,-0.032561659812927246,-0.0055961012840271,-0.04865765571594238,-0.07106602191925049
2022-12-13,0.019635319709777832,-0.006338834762573242,-0.016095995903015137,-0.019862890243530273,-0.01679098606109619,-0.00279843807220459,-0.0028486251831054688,-0.017766594886779785,-0.023368477821350098,-0.0013397932052612305,-0.031170248985290527,0.006035447120666504,-0.07323074340820312,-0.13507115840911865
2022-12-14,-0.01219797134399414,0.0023289918899536133,0.007200479507446289,-0.00396418571472168,-0.00366973876953125,-0.008371710777282715,0.012004971504211426,-0.042394042015075684,-0.014737486839294434,-0.0024083852767944336,0.010959863662719727,0.014187216758728027,-0.006078004837036133,-0.07724428176879883
2022-12-15,0.004686474800109863,0.00450974702835083,-0.038584351539611816,0.023347675800323486,-0.008043885231018066,-0.01828896999359131,0.014049351215362549,0.0015949606895446777,0.010812819004058838,0.00533902645111084,-0.0008935928344726562,-0.015267789363861084,0.046848297119140625,0.01583707332611084
2022-12-16,0.0029148459434509277,0.0032511353492736816,-0.014483988285064697,0.0311126708984375,0.013057708740234375,0.004779934883117676,0.007482409477233887,0.010383367538452148,0.008107423782348633,0.012077271938323975,-0.043035686016082764,-0.020456254482269287,0.06194692850112915,-0.055679261684417725
2022-12-19,-0.005321979522705078,-0.011870384216308594,0.0024493932723999023,-0.023766398429870605,-0.005880236625671387,0.003171563148498535,-0.004933476448059082,-0.008878111839294434,0.0048798322677612305,-0.009508252143859863,-0.012315750122070312,0.0018231868743896484,-0.004971981048583984,0.009433865547180176
2022-12-20,-0.008648991584777832,-0.0037518739700317383,0.00702512264251709,-0.013999700546264648,0.013883888721466064,-0.006930947303771973,-0.0035854578018188477,0.016799986362457275,-0.004168152809143066,0.005920350551605225,-0.008879661560058594,0.0,0.01534944772720337,-0.00467294454574585
2022-12-21,0.00931406021118164,-0.01837325096130371,-0.03457695245742798,0.025166094303131104,0.030011117458343506,-0.009673118591308594,0.019182145595550537,-0.04068350791931152,0.021853208541870117,0.017596125602722168,-0.04327106475830078,-0.01828104257583618,0.032981276512145996,-0.06807506084442139
2022-12-22,-0.002089262008666992,-0.013675868511199951,-0.0056549906730651855,0.00932234525680542,0.022536277770996094,-0.003461897373199463,0.001793205738067627,-0.033927083015441895,0.01801466941833496,-0.006337881088256836,0.011356830596923828,0.0,0.06514787673950195,-0.045340001583099365
2022-12-23,-0.04050636291503906,-0.01408296823501587,-0.044549763202667236,-0.06858479976654053,-0.04298555850982666,-0.008933007717132568,0.013192594051361084,-0.06935912370681763,0.027369439601898193,0.0021906495094299316,-0.0752561092376709,-0.03269296884536743,-0.11856919527053833,-0.07915568351745605
2022-12-26,0.016684770584106445,0.024376869201660156,0.04960322380065918,0.04721200466156006,-0.06778275966644287,-0.01990485191345215,-0.01627027988433838,0.05000007152557373,-0.04168665409088135,0.0046651363372802734,-0.07626760005950928,-0.04024386405944824,-0.19870662689208984,0.12320911884307861
2022-12-27,0.012670755386352539,0.0037686824798583984,0.0031505823135375977,0.008905410766601562,-0.01682603359222412,-0.0011047124862670898,-0.008340835571289062,0.005390763282775879,-0.0055615901947021484,-0.004135608673095703,-0.013064146041870117,-0.008038878440856934,-0.032640933990478516,0.0280611515045166
2022-12-28,-0.00022608041763305664,-0.008045494556427002,0.024497509002685547,0.030893683433532715,-0.0052651166915893555,0.0008581876754760742,0.0018875598907470703,-0.0017873644828796387,-0.009814143180847168,0.0005491971969604492,-0.012895703315734863,0.0014122724533081055,0.04231971502304077,0.0
2022-12-29,0.00331723690032959,0.01065206527709961,0.020539522171020508,0.017481207847595215,-0.029928922653198242,-0.00699460506439209,-0.010122895240783691,0.01611459255218506,-0.014001607894897461,0.0005494952201843262,-0.009259223937988281,-0.017885327339172363,0.01854884624481201,0.0
2022-12-30,-0.016456305980682373,-0.0008560419082641602,0.0021027326583862305,0.039270639419555664,-0.010170817375183105,0.007921040058135986,0.01894170045852661,0.03612327575683594,0.008975386619567871,-0.004397988319396973,-0.018922090530395508,-0.003105640411376953,-0.03224015235900879,0.02233254909515381
2023-01-02,0.003896355628967285,0.008406877517700195,0.0029976367950439453,0.009615421295166016,0.009708762168884277,-0.0003685951232910156,-0.013021349906921387,0.03996598720550537,-0.005122542381286621,0.0010946989059448242,-0.012380361557006836,0.0024442076683044434,-0.013058662414550781,0.05097079277038574
2023-01-03,-0.009056329727172852,0.021983861923217773,0.0068738460540771484,0.0013366937637329102,-0.0003631114959716797,-0.00650787353515625,0.0012189149856567383,0.0032706260681152344,-0.011905193328857422,-0.004383563995361328,-0.011302590370178223,-0.0003267526626586914,-0.010897040367126465,0.018475770950317383
2023-01-04,-0.014515042304992676,-0.005039989948272705,-0.02671414613723755,-0.03036874532699585,0.009800434112548828,0.017933428287506104,0.0024962425231933594,-0.01874488592147827,0.014384150505065918,0.006546616554260254,0.026566505432128906,0.0117570161819458,0.021559059619903564,-0.031745970249176025
2023-01-05,-0.00857234001159668,-0.0082511305809021,0.007929205894470215,0.0017209053039550781,-0.002199411392211914,0.006459653377532959,0.022188782691955566,0.0024917125701904297,0.005927562713623047,0.0002745985984802246,-0.00865793228149414,0.0001652836799621582,-0.0006718635559082031,0.004683852195739746
2023-01-06,-0.016192376613616943,-0.010162651538848877,-0.004538595676422119,-0.022676527500152588,0.015362024307250977,0.0032507777214050293,0.010294079780578613,-0.014084458351135254,0.02792280912399292,-0.01840156316757202,0.006157875061035156,0.007354080677032471,-0.002550959587097168,-0.016317009925842285
2023-01-09,0.011824846267700195,0.020055294036865234,0.01063835620880127,0.02056598663330078,-0.0078008174896240234,-0.002007007598876953,-0.003735184669494629,0.003361344337463379,-0.031093955039978027,0.013989925384521484,-0.012392044067382812,-0.011737227439880371,-0.0025445222854614258,0.00710904598236084
2023-01-10,-0.012634217739105225,-0.0068839192390441895,-0.02496236562728882,-0.030485689640045166,0.0029487013816833496,0.018277406692504883,0.013740181922912598,-0.015075385570526123,-0.0073032379150390625,-0.009105920791625977,0.034866392612457275,0.020651638507843018,0.024445652961730957,-0.028235316276550293
2023-01-11,-0.005038440227508545,-0.002520620822906494,0.003084540367126465,0.0024870634078979492,0.0044362545013427734,-0.01428210735321045,-0.0057468414306640625,0.017006754875183105,0.011649250984191895,0.003620147705078125,-0.02344346046447754,-0.002604365348815918,0.008626580238342285,-0.02905571460723877
2023-01-12,0.009806394577026367,-0.01495128870010376,0.0027675628662109375,-0.002480924129486084,-0.0029706954956054688,-0.005406022071838379,0.006521940231323242,-0.0033444762229919434,0.003379344940185547,-0.012486100196838379,0.00957566499710083,0.0030165910720825195,0.005386710166931152,-0.007481276988983154
2023-01-13,-0.013372659683227539,-0.001496434211730957,0.018092632293701172,0.02416062355041504,-0.025175809860229492,-0.0007503032684326172,-0.014872431755065918,0.010067105293273926,-0.020882487297058105,0.0005619525909423828,-0.016872048377990723,-0.008740901947021484,-0.009443163871765137,0.012562870979309082
2023-01-16,0.006857633590698242,-0.022480309009552002,0.005120515823364258,-0.0048569440841674805,-0.013362288475036621,0.009621381759643555,0.009388089179992676,0.005813956260681152,-0.003929018974304199,0.0025273561477661133,-0.03691279888153076,-0.004832625389099121,-0.05585360527038574,0.0
2023-01-17,0.00641024112701416,0.004982709884643555,-0.02247530221939087,-0.011504292488098145,0.01639348268508911,-0.014887809753417969,0.00011557340621948242,-0.022295594215393066,0.007181763648986816,0.007002830505371094,0.019597291946411133,0.016666650772094727,0.01889246702194214,-0.0024813413619995117
2023-01-18,0.002388477325439453,0.006865024566650391,-0.020232975482940674,-0.006700694561004639,0.009420335292816162,-0.01765286922454834,-0.0050280094146728516,0.0016891956329345703,0.005973875522613525,0.0008344650268554688,0.017238199710845947,0.002529740333557129,0.0025232434272766113,0.012437820434570312
2023-01-19,-0.013105630874633789,0.005086541175842285,-0.0021902918815612793,0.009231209754943848,0.005120694637298584,-0.00415349006652832,0.0038527846336364746,0.0016863346099853516,0.01835644245147705,-0.01750969886779785,-0.008023858070373535,0.0027052760124206543,-0.004393577575683594,-0.009828031063079834
2023-01-20,-0.00788736343383789,0.0019919872283935547,0.008780241012573242,-0.004221618175506592,0.012867629528045654,-0.010340690612792969,-0.004848957061767578,-0.0008417963981628418,-0.001582503318786621,-0.002545952796936035,0.004257678985595703,-0.00398409366607666,0.004374384880065918,-0.019851088523864746
2023-01-23,-0.03983139991760254,0.002310514450073242,0.006838560104370117,0.013425111770629883,-0.013035416603088379,-0.007344961166381836,-0.0015511512756347656,-0.0008424520492553711,-0.0018712282180786133,0.011911511421203613,0.0027886629104614258,-0.01393115520477295,-0.0031952857971191406,-0.08101266622543335
2023-01-24,0.009673893451690674,-0.02412348985671997,-0.015128135681152344,-0.009063959121704102,0.007352948188781738,-0.013387560844421387,0.0010898113250732422,-0.008431732654571533,-0.0063086748123168945,-0.013452887535095215,0.02274423837661743,0.010159134864807129,0.010882556438446045,0.0027549266815185547
2023-01-25,0.02962028980255127,-0.019611120223999023,-0.04796236753463745,-0.04696565866470337,0.02037036418914795,-0.027718782424926758,0.017743349075317383,-0.032312870025634766,-0.04631692171096802,-0.005681812763214111,0.032430291175842285,-0.043156325817108154,0.029249966144561768,-0.016483604907989502
2023-01-27,0.019402503967285156,-0.020843803882598877,-0.07704979181289673,-0.05167955160140991,0.0018903613090515137,-0.019895613193511963,-0.044545769691467285,-0.021089673042297363,-0.034381330013275146,-0.02114284038543701,-0.05421924591064453,-0.05055391788482666,-0.04685556888580322,-0.0223463773727417
2023-01-30,-0.003808259963989258,-0.002174556255340576,0.01105964183807373,0.004670977592468262,-0.007954597473144531,-0.0009902715682983398,0.0077092647552490234,0.012567281723022461,-0.024498343467712402,0.007589101791381836,-0.0018761754035949707,-0.0032410621643066406,0.0021752119064331055,-0.02285712957382202
2023-01-31,-0.020866036415100098,-0.0002867579460144043,-0.058927297592163086,-0.04242551326751709,-0.01052236557006836,-0.0065667033195495605,0.0102003812789917,-0.03191483020782471,-0.005601286888122559,0.002896904945373535,-0.056182146072387695,0.028428077697753906,-0.04832875728607178,0.008771896362304688
2023-02-01,0.011391282081604004,-0.016463935375213623,-0.08263915777206421,-0.06764549016952515,0.02305680513381958,0.014966368675231934,0.01929318904876709,0.029209613800048828,-0.037951886653900146,0.007798910140991211,0.060707926750183105,-0.0472448468208313,-0.06086951494216919,-0.020289897918701172
2023-02-02,-0.022064208984375,0.013065099716186523,-0.0036324262619018555,0.0017938613891601562,-0.014845848083496094,-0.014868497848510742,0.011734247207641602,-0.05486726760864258,0.03268229961395264,0.010031580924987793,-0.009894728660583496,0.0014221668243408203,-0.007789492607116699,-0.002958536148071289
2023-02-03,-0.006076693534851074,0.01629340648651123,0.06525707244873047,0.04277753829956055,-0.0007500648498535156,-0.03455162048339844,0.00687718391418457,0.013422787189483643,0.025699377059936523,0.01049947738647461,-0.019804000854492188,0.030486702919006348,0.007258176803588867,-0.023738861083984375
2023-02-06,-0.004609346389770508,5.6743621826171875e-05,0.027378559112548828,-0.0062964558601379395,0.0037481188774108887,0.0042198896408081055,-0.011692464351654053,-0.016156435012817383,0.02319788932800293,-0.01881498098373413,0.007767736911773682,0.0022051334381103516,0.0013234615325927734,0.012158036231994629
2023-02-07,-0.02681756019592285,-0.004022061824798584,0.003997325897216797,0.0,0.014296412467956543,-0.0014529228210449219,-0.001112818717956543,-0.0025104284286499023,0.012177348136901855,0.016313672065734863,0.0018541216850280762,0.0031168460845947266,-0.010574162006378174,0.012012004852294922
2023-02-08,-0.0,-0.008360803127288818,-0.0033178329467773438,0.003840208053588867,-0.00267183780670166,0.00012087821960449219,0.0074465274810791016,0.006677806377410889,0.0021436214447021484,-0.005632221698760986,-0.005779147148132324,0.004843711853027344,-0.007867097854614258,0.014836788177490234
2023-02-09,0.012557804584503174,-0.004645824432373047,0.008988022804260254,-0.010137677192687988,0.010658621788024902,0.002055644989013672,0.0019788742065429688,0.012605071067810059,0.01610863208770752,0.0031152963638305664,0.011697113513946533,0.0019099712371826172,-0.0022440552711486816,-0.014619886875152588
2023-02-10,-0.014199972152709961,-0.0005186200141906738,-0.0009898543357849121,0.003864765167236328,-0.011542916297912598,-0.003998517990112305,-0.008073925971984863,0.011063873767852783,-0.002234160900115967,0.0005645751953125,-0.004983425140380859,0.004084944725036621,0.014544963836669922,0.011869311332702637
2023-02-13,0.02346336841583252,-0.009397566318511963,-0.025098979473114014,-0.033493757247924805,0.0079878568649292,-0.0007241964340209961,-0.003747701644897461,0.011187553405761719,-0.0033155083656311035,0.0011286735534667969,0.020454585552215576,-0.02811676263809204,-0.02926403284072876,-0.020527780055999756
2023-02-14,0.0026784539222717285,0.013560771942138672,0.022696375846862793,0.022505521774291992,0.004984617233276367,-0.009165406227111816,0.017222046852111816,0.0034813284873962402,-0.00043201446533203125,-0.0019729137420654297,-0.01181185245513916,0.006232500076293945,0.004415392875671387,-0.01796412467956543
2023-02-15,-0.001500844955444336,-0.00281369686126709,0.004637241363525391,0.018893718719482422,0.0007707476615905762,0.0019119977951049805,0.0063561201095581055,-0.004366755485534668,-0.0062670111656188965,0.008472204208374023,-0.0020846128463745117,0.002588510513305664,0.00576019287109375,0.0
2023-02-16,0.011830568313598633,-0.004088461399078369,0.003297090530395508,-0.003441035747528076,-0.00462794303894043,0.003711700439453125,-0.0015502572059631348,0.008695662021636963,-0.0010873079299926758,0.0014001131057739258,0.002080261707305908,-0.003965020179748535,0.0007536411285400391,-0.009146332740783691
2023-02-17,0.020672082901000977,-0.0113905668258667,-0.020045936107635498,-0.004412055015563965,0.02418428659439087,0.004927277565002441,-0.00782102346420288,0.019298195838928223,-0.02930295467376709,-0.01621931791305542,0.021471798419952393,-0.01684868335723877,-0.019729018211364746,-0.009230732917785645
2023-02-20,0.01703345775604248,-0.009533286094665527,-0.016096651554107666,-0.01714843511581421,0.008654594421386719,0.009420275688171387,-0.0122298002243042,0.01610022783279419,-0.004844248294830322,-0.012222826480865479,0.004047691822052002,-0.011016905307769775,-0.0073743462562561035,0.031055927276611328
2023-02-21,-0.003399372100830078,-0.0031886696815490723,-0.02794814109802246,-0.03665947914123535,-0.010714292526245117,-0.003657698631286621,0.0024645328521728516,0.007272779941558838,-0.006806135177612305,-0.004316568374633789,0.009197890758514404,-0.0032371878623962402,-0.01269155740737915,0.00602412223815918
2023-02-22,0.016030311584472656,-0.012677013874053955,-0.018232882022857666,-0.01811152696609497,0.016882598400115967,0.0195578932762146,-0.017501771450042725,0.02197796106338501,-0.008168816566467285,-0.017051994800567627,0.025474965572357178,-0.013563930988311768,-0.029628455638885498,-0.023952186107635498
2023-02-23,0.003359079360961914,0.013199687004089355,-0.010714292526245117,-0.0018652677536010742,-0.021166205406188965,0.006814539432525635,0.0005958080291748047,-0.006554245948791504,-0.015694379806518555,0.00382232666015625,-0.009525895118713379,0.009005546569824219,0.006300449371337891,0.006134986877441406
2023-02-24,-0.007836103439331055,0.00834965705871582,-0.006137251853942871,-0.010589659214019775,0.005475163459777832,0.008857250213623047,-5.9545040130615234e-05,-0.01023256778717041,0.0033005475997924805,-0.005565285682678223,0.01470261812210083,9.59634780883789e-05,-0.017819881439208984,-0.015243887901306152
2023-02-27,0.0014212727546691895,0.003464818000793457,0.029785752296447754,0.01951730251312256,-0.011797070503234863,-0.0023914575576782227,0.01988804340362549,-0.0018416643142700195,0.002594590187072754,0.01678943634033203,-0.011803984642028809,0.012762784957885742,-0.0063745975494384766,0.0154799222946167
2023-02-28,0.0072002410888671875,-0.011997401714324951,0.0,0.013585805892944336,-0.0038864612579345703,-0.004269123077392578,-0.0018099546432495117,-0.013786792755126953,-0.003928065299987793,0.0017380714416503906,-0.005062699317932129,-0.00928562879562378,0.012666583061218262,-0.06402444839477539
2023-03-01,-0.031371235847473145,-0.024937868118286133,0.03597891330718994,0.03493094444274902,-0.04026341438293457,0.00100022554397583,0.0016962289810180664,-0.009972810745239258,0.021109819412231445,0.009253978729248047,-0.0372316837310791,0.026587605476379395,0.0008121728897094727,-0.04871046543121338
2023-03-02,0.0002453327178955078,0.02277064323425293,0.0013619661331176758,0.006475687026977539,0.007443249225616455,0.00851064920425415,-0.0026859641075134277,0.009874284267425537,0.001453995704650879,-0.013467073440551758,0.008023679256439209,-0.005496561527252197,-0.006979405879974365,0.043715834617614746
2023-03-03,-0.019465208053588867,-0.008516192436218262,-0.052703142166137695,-0.05381166934967041,-0.0063741207122802734,-0.019944429397583008,0.017037510871887207,-0.02266550064086914,0.022095203399658203,0.017136335372924805,-0.041294097900390625,-0.05142855644226074,-0.08777379989624023,0.037142813205718994
2023-03-06,-0.0020858049392700195,-0.00803375244140625,-0.0012919902801513672,-0.0016651153564453125,0.0003725886344909668,-0.006930708885192871,-0.0009210705757141113,-0.0132979154586792,-0.005149185657501221,0.0,0.009607493877410889,-0.0008909702301025391,0.0030053257942199707,-0.002967357635498047
2023-03-08,-0.010487556457519531,-0.0016870498657226562,-0.005161285400390625,-0.019948363304138184,-0.013045072555541992,-0.0020895004272460938,0.005012989044189453,-0.008748888969421387,-0.04787611961364746,-0.006282150745391846,-0.0039215087890625,-0.005518913269042969,-0.017483115196228027,0.011834263801574707
2023-03-09,0.011646270751953125,-0.007956266403198242,0.014762520790100098,0.004165172576904297,0.012509167194366455,-0.0001226663589477539,-0.018518447875976562,0.007805764675140381,0.0037896037101745605,-0.013505756855010986,0.01171875,0.010446131229400635,0.01644200086593628,0.00898212194442749
2023-03-10,-0.0012024641036987305,0.0183221697807312,0.02280128002166748,0.040916502475738525,0.008941829204559326,-0.025876939296722412,-0.015538275241851807,0.019230782985687256,0.021371185779571533,-0.00990384817123413,0.019762873649597168,0.02066570520401001,0.02469879388809204,0.0030211210250854492
2023-03-13,-0.04491591453552246,0.022948741912841797,0.024333298206329346,0.03450900316238403,0.026315808296203613,-0.012589693069458008,-0.016910910606384277,0.02406412363052368,-0.07398676872253418,-0.015004456043243408,0.03501695394515991,0.03169816732406616,0.01945650577545166,0.051515161991119385
2023-03-14,-0.009724199771881104,-0.0006006956100463867,0.009566187858581543,0.008444547653198242,0.013513505458831787,-0.0026775002479553223,0.0023539066314697266,-0.0009132623672485352,0.00367891788482666,-0.015531599521636963,-0.0,0.008679211139678955,0.04645669460296631,0.006389737129211426
2023-03-15,-0.012613236904144287,0.010566115379333496,0.020696818828582764,0.018419504165649414,0.009001970291137695,-0.014318585395812988,-0.0053591132164001465,0.0009123682975769043,-0.018468081951141357,0.01092231273651123,0.009236931800842285,0.014941036701202393,0.009578824043273926,0.01286172866821289
2023-03-16,0.0013717412948608398,-0.007887840270996094,-0.0035223960876464844,-0.0018160343170166016,-0.005529284477233887,0.006485104560852051,-0.0024216175079345703,-0.01095890998840332,-0.025422513484954834,-0.0015006065368652344,-0.006215333938598633,-0.013428688049316406,0.017842233180999756,0.0293160080909729
2023-03-17,0.010702013969421387,-0.008247613906860352,-0.0021060705184936523,-0.0,-0.008640885353088379,0.013273239135742188,0.014989614486694336,0.00270998477935791,0.002652764320373535,0.01773369312286377,0.0011031031608581543,-0.010104894638061523,-0.004923582077026367,-0.010067105293273926
2023-03-20,-0.02227872610092163,-0.00017905235290527344,0.008406281471252441,0.013897359371185303,-0.005451798439025879,-0.006867587566375732,0.0002391338348388672,0.016304373741149902,-0.01783442497253418,0.003839254379272461,0.019655466079711914,0.02000749111175537,0.021118462085723877,-0.019933581352233887
2023-03-21,0.00433194637298584,-0.021550893783569336,-0.028258562088012695,-0.02287590503692627,0.0023238062858581543,0.011268973350524902,0.01906871795654297,-0.02578270435333252,0.020502805709838867,0.004413008689880371,-0.015994548797607422,-0.005103945732116699,-0.024163007736206055,0.0065146684646606445
2023-03-22,-0.0002587437629699707,0.0069541335105896,-0.028168916702270508,-0.0025957822799682617,-0.002329230308532715,-0.002279341220855713,0.00915062427520752,-0.007181286811828613,0.00811457633972168,-0.0011716485023498535,-0.001995563507080078,0.0005748271942138672,-0.013818621635437012,-0.0032787322998046875
2023-03-23,-0.01691257953643799,0.0010004639625549316,0.02940189838409424,0.015733957290649414,0.01626652479171753,-0.007996022701263428,-0.005521953105926514,0.017825305461883545,-0.012510299682617188,-0.014956057071685791,0.021022260189056396,0.016872763633728027,0.018450796604156494,0.006535947322845459
2023-03-24,-0.017115771770477295,0.010485351085662842,0.018932878971099854,0.025495707988739014,0.0011811256408691406,-0.0016632676124572754,-0.003565371036529541,0.018148839473724365,-0.008544087409973145,0.0074427127838134766,0.02870708703994751,0.014431953430175781,0.02049112319946289,0.009868383407592773
2023-03-27,0.012502193450927734,0.007798612117767334,-0.009824514389038086,-0.013496756553649902,0.011036694049835205,0.004357337951660156,-0.004340708255767822,0.019408464431762695,0.003268718719482422,0.007683277130126953,-0.0011636018753051758,-0.009498357772827148,0.02264869213104248,-0.0
2023-03-28,-0.005909383296966553,0.0010799169540405273,0.0034746527671813965,0.007580459117889404,-0.00199282169342041,0.008166313171386719,0.007128477096557617,0.005655050277709961,0.02300441265106201,-0.003519117832183838,0.014179468154907227,0.004018425941467285,0.007606565952301025,0.019933581352233887
2023-03-29,-0.03903818130493164,-0.012192845344543457,-0.02405869960784912,-0.022295713424682617,-0.027048587799072266,0.00480961799621582,-0.004387259483337402,-0.03317534923553467,0.020219087600708008,0.012948870658874512,-0.03112471103668213,-0.016532182693481445,-0.08270955085754395,-0.013559341430664062
2023-03-31,0.01084446907043457,-0.018870234489440918,-0.028260111808776855,-0.013126015663146973,-0.024786949157714844,0.013729691505432129,-0.030846118927001953,-0.010091781616210938,0.010263919830322266,0.006972670555114746,-0.006402850151062012,-0.014036774635314941,-0.0024695396423339844,-0.006688952445983887
2023-04-03,0.028314948081970215,-0.007105350494384766,-0.0023179054260253906,-0.01016545295715332,-0.006424665451049805,0.0006213188171386719,-0.007466554641723633,-0.009082674980163574,0.010112881660461426,0.00721287727355957,-0.016132712364196777,-0.005727887153625488,-0.0190507173538208,-0.019933581352233887
2023-04-05,0.007817983627319336,0.004742026329040527,0.013875186443328857,0.011049747467041016,-0.03454744815826416,-0.026822328567504883,-0.000905156135559082,0.011701107025146484,-0.010706901550292969,0.0037238597869873047,0.013864099979400635,0.007119119167327881,0.007091045379638672,0.0065146684646606445
2023-04-06,-0.019788622856140137,0.009936094284057617,0.0006700754165649414,-0.0009975433349609375,-0.011668622493743896,-0.0076187849044799805,0.010852336883544922,-0.0027321577072143555,0.013868093490600586,0.002853870391845703,-0.010657668113708496,-0.008891105651855469,0.0038955211639404297,-0.009836077690124512
2023-04-10,0.008692622184753418,0.0053994059562683105,0.0043579936027526855,0.004783689975738525,-0.0003935694694519043,0.0048007965087890625,0.007485687732696533,0.01725703477859497,-0.011737465858459473,0.001422882080078125,0.0029168128967285156,0.002558588981628418,0.007006704807281494,0.012987017631530762
2023-04-11,-0.020726323127746582,-0.007021903991699219,-0.029292941093444824,-0.017824888229370117,0.010236263275146484,-0.002894282341003418,-0.015487432479858398,0.00739365816116333,0.004582405090332031,-0.04944586753845215,-0.0040503740310668945,-0.011020302772521973,-0.024614334106445312,-0.0
2023-04-12,-0.0068552494049072266,0.002636849880218506,0.0026170015335083008,0.007280588150024414,-0.008183956146240234,-0.012987017631530762,-0.009354829788208008,-0.0027933120727539062,0.0005120038986206055,0.001353919506072998,0.004034101963043213,0.007329404354095459,0.008648276329040527,-0.013157844543457031
2023-04-13,-0.17073166370391846,-0.015627741813659668,-0.006231546401977539,-0.019425153732299805,0.0066797733306884766,-0.0045108795166015625,-0.009942173957824707,-0.0027855634689331055,0.03214704990386963,-0.013828635215759277,-0.01485145092010498,-0.008992791175842285,-0.032794833183288574,0.0032467246055603027
2023-04-17,-0.013913393020629883,-0.0002313852310180664,-0.029986977577209473,-0.022554874420166016,0.02537083625793457,0.015244662761688232,-0.0025583505630493164,-0.021296381950378418,0.013567090034484863,-0.013640046119689941,-0.02195119857788086,-0.02073359489440918,-0.05005466938018799,-0.0
2023-04-18,-0.006389260292053223,0.0013880133628845215,-0.009177207946777344,-0.0062749385833740234,0.002283930778503418,0.004200160503387451,0.004937350749969482,-0.024478673934936523,0.02005612850189209,0.0034300684928894043,-0.006075024604797363,-0.0034006834030151367,-0.007150411605834961,-0.08469045162200928
2023-04-19,0.020849883556365967,-0.011640787124633789,0.0037629008293151855,0.014928162097930908,0.00037980079650878906,-0.0036153793334960938,0.005519270896911621,0.0026549100875854492,-0.023105740547180176,0.001853346824645996,0.011214137077331543,0.010167598724365234,0.013607442378997803,0.006006002426147461
2023-04-20,-0.0011789798736572266,0.005324065685272217,-0.003147602081298828,-0.006330251693725586,0.004555821418762207,-0.003842473030090332,-0.0028029680252075195,-0.0008873939514160156,0.005176663398742676,0.000530540943145752,-0.0010905265808105469,-0.008328676223754883,0.0028490424156188965,0.0030211210250854492
2023-04-21,0.019796907901763916,0.005237400531768799,0.007844388484954834,0.005337357521057129,-0.009826183319091797,-0.0015549659729003906,0.00978308916091919,-0.0008865594863891602,-0.008746206760406494,-0.005042552947998047,0.007189571857452393,0.003028571605682373,0.015338301658630371,0.018181800842285156
2023-04-24,0.003078281879425049,-0.02094423770904541,-0.022137880325317383,-0.027788400650024414,0.00839698314666748,-0.008121371269226074,-0.021566033363342285,-0.03188657760620117,-0.012854397296905518,-0.0018483400344848633,-0.020627617835998535,-0.021080613136291504,-0.03329265117645264,0.030864238739013672
2023-04-25,0.005648434162139893,0.004476964473724365,-0.022586584091186523,-0.016408681869506836,0.009840965270996094,0.014216303825378418,-0.009615898132324219,-0.006866931915283203,0.017921924591064453,0.0039536356925964355,-0.011180400848388672,-0.012982368469238281,-0.004286050796508789,0.009554088115692139
2023-04-26,0.02537304162979126,-0.01058804988861084,0.0030257105827331543,-0.006971240043640137,0.011994004249572754,-0.004566788673400879,-0.0016421079635620117,-0.004262566566467285,0.01430809497833252,0.005821585655212402,-0.008930563926696777,-0.008098959922790527,-0.014863848686218262,0.0032154321670532227
2023-04-27,-0.0016319751739501953,0.007041037082672119,-0.012443065643310547,0.002732694149017334,-0.007777810096740723,-0.005503058433532715,-0.003715991973876953,-0.009337902069091797,0.006108283996582031,-0.015970230102539062,-0.003161191940307617,0.0028250813484191895,0.009715735912322998,-0.006451606750488281
2023-04-28,-0.030103087425231934,-0.02427959442138672,-0.0113908052444458,-0.02904641628265381,0.007465481758117676,-0.003926277160644531,0.0007621645927429199,-0.033641695976257324,0.007032155990600586,-0.0154571533203125,-0.03676474094390869,-0.02399289608001709,-0.023283004760742188,-0.00641024112701416
2023-05-02,-0.030353307723999023,0.012383699417114258,-0.0017783641815185547,-0.008521199226379395,0.011115193367004395,0.00023704767227172852,-0.0048493146896362305,-0.03905606269836426,-0.0016481876373291016,0.008771896362304688,-0.009321212768554688,0.005187630653381348,-0.009015560150146484,-0.015923619270324707
2023-05-03,-0.0011695623397827148,-0.012404561042785645,0.019526660442352295,0.0017603039741516113,0.009160876274108887,-0.0035561323165893555,-0.0008133649826049805,-0.004698514938354492,-0.004127204418182373,-0.005205631256103516,0.003613710403442383,0.00834345817565918,0.010211348533630371,-0.012539148330688477
2023-05-04,-0.0005841255187988281,0.007094264030456543,-0.0036209821701049805,-0.013930559158325195,0.012345671653747559,-0.02043473720550537,0.0012460947036743164,0.005455970764160156,-0.010077238082885742,-0.00854480266571045,-0.015111804008483887,-0.01665210723876953,-0.022782564163208008,0.00619196891784668
2023-05-05,0.016199707984924316,-0.0007506608963012695,0.01022249460220337,0.01686960458755493,-0.0835723876953125,-0.05915039777755737,-0.005695939064025879,0.008620679378509521,-0.05402779579162598,0.009756088256835938,0.018658220767974854,0.006034493446350098,0.013589143753051758,0.006230473518371582
2023-05-08,-0.025218844413757324,0.015197038650512695,0.0021263957023620605,0.017512798309326172,0.0070449113845825195,0.011564970016479492,-0.011812925338745117,-0.015019655227661133,-0.049426913261413574,-0.015815377235412598,0.004854321479797363,-0.012315630912780762,0.03422814607620239,-0.009404420852661133
2023-05-09,-0.013022661209106445,0.011155962944030762,-0.02952820062637329,-0.035289883613586426,-0.0007772445678710938,0.0,0.0037317276000976562,-0.0038940906524658203,-0.012651443481445312,0.0022971034049987793,-0.03556913137435913,0.01730632781982422,0.02558821439743042,-0.0
2023-05-10,0.010498464107513428,0.0018576383590698242,0.0037641525268554688,-0.00709223747253418,0.005445361137390137,0.004621744155883789,-0.0017658472061157227,0.0062062740325927734,-0.028011679649353027,-0.0020465850830078125,-0.03477346897125244,0.0022667646408081055,0.024901926517486572,0.009316802024841309
2023-05-11,-0.020064949989318848,0.006798505783081055,0.00031256675720214844,0.0009398460388183594,-0.011218547821044922,0.0007263422012329102,-0.0033652782440185547,-0.01170957088470459,-0.012707233428955078,0.00025528669357299805,0.0,-0.0021845102310180664,-0.0007739067077636719,-0.009404420852661133
2023-05-12,-0.008915305137634277,0.016407132148742676,0.001249551773071289,-0.013896763324737549,-0.014867007732391357,0.008831381797790527,-0.005004286766052246,-0.011574029922485352,-0.017853498458862305,-0.001276850700378418,0.0010917186737060547,-0.008195996284484863,-0.015001416206359863,0.009316802024841309
2023-05-15,-0.005610466003417969,0.0056552886962890625,0.0299532413482666,0.023043274879455566,0.012708544731140137,0.004796743392944336,-0.0019599199295043945,-0.018306612968444824,-0.009018301963806152,-0.006375908851623535,0.008287906646728516,-0.006486177444458008,0.010361135005950928,0.006269574165344238
2023-05-16,-0.016667842864990234,0.0021839141845703125,0.014843940734863281,0.006142973899841309,-0.004313766956329346,-0.017066538333892822,-0.0006344318389892578,-0.009737849235534668,-0.0006150007247924805,0.013177931308746338,0.0008652210235595703,-0.007561326026916504,-0.01262509822845459,-0.0031545162200927734
2023-05-17,-0.002675175666809082,-0.0032686591148376465,-0.0032836198806762695,-0.008695602416992188,0.005514025688171387,-0.005342364311218262,0.007396817207336426,0.006676614284515381,-0.012988567352294922,-0.019517242908477783,0.006267547607421875,-0.0,0.010339081287384033,-0.0
2023-05-18,-0.0229184627532959,-0.0001093149185180664,-0.031147003173828125,-0.026129186153411865,-0.007050514221191406,0.0040283203125,-0.007611632347106934,0.003734111785888672,-0.0022246837615966797,0.009690999984741211,-0.01718217134475708,-0.020637869834899902,0.011061489582061768,0.012578606605529785
2023-05-19,-0.0082932710647583,0.01022195816040039,0.0089644193649292,0.008815646171569824,-0.004733741283416748,0.001094222068786621,-0.008240818977355957,-0.0014992952346801758,-0.0073451995849609375,0.007263302803039551,0.016389846801757812,0.001654505729675293,0.011962175369262695,0.0031847357749938965
2023-05-22,-0.0062351226806640625,-0.007034242153167725,-0.004902005195617676,0.011588215827941895,0.00039637088775634766,-0.003522038459777832,0.0041391849517822266,0.005988061428070068,0.0014823675155639648,-0.0007725954055786133,0.026445984840393066,0.003477334976196289,-0.010534524917602539,-0.0
2023-05-23,-0.005537271499633789,-0.0015257596969604492,0.013239026069641113,0.0035680532455444336,-0.004358112812042236,-0.002315700054168701,-0.003209352493286133,0.0052710771560668945,-0.01127469539642334,-0.00953608751296997,0.001047372817993164,0.00771021842956543,0.0052901506423950195,0.006389737129211426
2023-05-24,-0.004195690155029297,0.0016918182373046875,-0.003950238227844238,-0.008794844150543213,-0.014723420143127441,-0.013071060180664062,-0.013373196125030518,0.0007570385932922363,-0.009165287017822266,-0.005724668502807617,-0.01401972770690918,0.0018913745880126953,0.011262357234954834,-0.0032154321670532227
2023-05-25,-0.0052225589752197266,0.0036504268646240234,-0.004880964756011963,0.0009438991546630859,-0.004442691802978516,-0.0038371682167053223,-0.0008504986763000488,-0.030303001403808594,0.006565749645233154,0.01020669937133789,-0.004881143569946289,-0.002488434314727783,-0.005378842353820801,0.0064103007316589355
2023-05-26,-0.010780572891235352,0.0064057111740112305,0.01011645793914795,0.024707674980163574,0.016227126121520996,0.0038518905639648438,0.011544466018676758,-0.027205824851989746,-0.003680586814880371,0.007771968841552734,0.014075517654418945,0.008172035217285156,-0.010542869567871094,-0.006451606750488281
2023-05-29,-0.015677213668823242,0.0030745267868041992,0.0012139081954956055,0.0009202957153320312,0.0019960403442382812,0.012253999710083008,-0.002682209014892578,-0.004294991493225098,-0.013327479362487793,0.0041130781173706055,0.008832812309265137,0.015358328819274902,-0.0045157670974731445,-0.01923072338104248
2023-05-30,-0.018028855323791504,0.00822758674621582,-0.0006061792373657227,0.0023905038833618164,-0.0015935897827148438,0.0007337331771850586,0.0018984079360961914,-0.021382808685302734,-0.006459474563598633,0.011008620262145996,0.012924671173095703,-0.003697514533996582,-0.0015500783920288086,-0.0
2023-05-31,0.0009663105010986328,-0.02410799264907837,0.007582664489746094,0.006971240043640137,-0.00039905309677124023,-0.0158846378326416,-0.0008421540260314941,-0.0,0.005142092704772949,0.020258307456970215,0.007820606231689453,-0.021845519542694092,-0.010524749755859375,-0.018867969512939453
2023-06-01,-0.00920325517654419,0.005301475524902344,-0.0009031295776367188,-0.0009108781814575195,0.0019960403442382812,-0.004221558570861816,-0.013749182224273682,-0.013258814811706543,-0.002759218215942383,-0.04194587469100952,-0.0030631422996520996,0.0050013065338134766,-0.017766833305358887,-0.006172776222229004
2023-06-02,0.0048067569732666016,0.006958723068237305,0.010846614837646484,0.014405608177185059,0.005179286003112793,0.0014963150024414062,0.0021899938583374023,-0.004132270812988281,0.0015115141868591309,0.004663228988647461,0.011675477027893066,0.0076361894607543945,-0.006471037864685059,-0.006134986877441406
2023-06-05,-0.029090464115142822,-0.026724934577941895,-0.005961239337921143,-0.005752265453338623,0.009116172790527344,-0.0012450218200683594,0.009166955947875977,-0.010973930358886719,-0.010557413101196289,-0.007220208644866943,-0.0028345584869384766,0.0,0.0020933151245117188,0.015243887901306152
2023-06-06,0.0012650489807128906,-0.018246889114379883,-0.002098977565765381,-0.0009040236473083496,-0.009033799171447754,-0.003116428852081299,-0.004911541938781738,-0.001356959342956543,-0.0032262802124023438,0.01766228675842285,-0.0020304322242736816,-0.0031505823135375977,0.006592690944671631,0.009287893772125244
2023-06-07,0.014164090156555176,-0.008830785751342773,0.01171886920928955,0.011038780212402344,0.00039637088775634766,0.005126833915710449,-0.002016723155975342,0.002710103988647461,-0.003981590270996094,-0.00995403528213501,0.005900263786315918,0.0065773725509643555,-0.0030165910720825195,-0.00937497615814209
2023-06-08,-0.0093764066696167,0.01499873399734497,0.0002969503402709961,-0.009307324886322021,-0.000792384147644043,0.0007464885711669922,-0.002446293830871582,0.01902174949645996,0.005605518817901611,-0.027326643466949463,-0.007686018943786621,-0.0011880993843078613,0.00872182846069336,-0.03715169429779053
2023-06-09,0.009068012237548828,-0.013148307800292969,-0.014548659324645996,-0.004155337810516357,-0.007930219173431396,0.001118779182434082,0.00015985965728759766,0.006925225257873535,-0.020861387252807617,-0.007686197757720947,-0.011618435382843018,-0.016652464866638184,-0.0,0.008955180644989014
2023-06-12,-0.0010495185852050781,0.0005642175674438477,0.012353181838989258,0.013606667518615723,0.0007992982864379883,-0.006084620952606201,-0.002238631248474121,-0.015341758728027344,-0.001051783561706543,0.004006385803222656,0.003918290138244629,-8.636713027954102e-05,0.0007584095001220703,0.01204824447631836
2023-06-13,0.0030862092971801758,-0.011958479881286621,0.0011904239654541016,0.0,-0.005191624164581299,0.0017490386962890625,0.008120059967041016,-0.027472496032714844,-0.0028519630432128906,-0.012503266334533691,0.008833169937133789,-0.003888368606567383,-0.008046150207519531,-0.0
2023-06-14,0.010997653007507324,0.008266925811767578,0.0011889934539794922,-0.03526037931442261,-0.001204371452331543,-0.0011224150657653809,-0.0039743781089782715,-0.0260695219039917,0.009728729724884033,0.004579663276672363,-0.0038689374923706055,0.0002601146697998047,0.0036144256591796875,0.012195050716400146
2023-06-15,0.004532456398010254,0.0005625486373901367,-0.022565245628356934,-0.026716172695159912,-0.018890678882598877,-0.012361109256744385,-0.014045536518096924,-0.029315948486328125,-0.019761979579925537,-0.016626417636871338,-0.02698284387588501,-0.017431259155273438,-0.025544166564941406,0.006172835826873779
2023-06-16,0.003931879997253418,-0.00450289249420166,-0.026731491088867188,0.024971485137939453,0.013928651809692383,0.013147950172424316,0.008202075958251953,-0.034177184104919434,0.013029098510742188,0.013089656829833984,0.022689104080200195,0.0083848237991333,0.012719035148620605,-0.012422323226928711
2023-06-19,-0.008539378643035889,0.016198813915252686,-0.03136098384857178,0.004277467727661133,-0.005252540111541748,0.0008734464645385742,-0.011828303337097168,0.0048958659172058105,-0.009589016437530518,-0.017765820026397705,0.007806062698364258,-0.004201352596282959,0.005973339080810547,0.0030674338340759277
2023-06-20,-0.00589299201965332,-0.009527206420898438,-0.006597757339477539,0.005185127258300781,0.002437114715576172,0.00211942195892334,0.0025997161865234375,-0.018450140953063965,-0.0023052096366882324,0.010687828063964844,-0.0010192394256591797,-0.0025489330291748047,-0.009591937065124512,-0.0
2023-06-21,-0.023451268672943115,0.00907832384109497,-0.01681387424468994,0.0009212493896484375,0.00040519237518310547,-0.017417311668395996,-0.0009183287620544434,0.007246434688568115,-0.00908815860748291,0.0008134841918945312,0.018363595008850098,-0.0018506050109863281,0.0,0.0030768513679504395
2023-06-22,-0.011673688888549805,-0.0006210803985595703,-0.02522420883178711,-0.0198785662651062,0.0028351545333862305,-0.004891157150268555,0.0011354684829711914,-0.05596107244491577,-0.010803699493408203,-0.0051476359367370605,-0.035063087940216064,-0.006003260612487793,-0.01122218370437622,0.012345731258392334
2023-06-23,-0.005534529685974121,0.008483290672302246,-0.006037890911102295,-0.015774667263031006,-0.013327956199645996,-0.0,-0.002430438995361328,0.001932978630065918,-0.028286337852478027,-0.004084944725036621,-0.009759187698364258,-0.014832615852355957,-0.0172574520111084,-0.0
2023-06-26,0.011809468269348145,-0.0022432804107666016,-0.0078102946281433105,-0.009730935096740723,-0.006958663463592529,0.004867374897003174,0.004277229309082031,0.0,-0.004852175712585449,-0.003007948398590088,-0.003984034061431885,0.0044176578521728516,-0.004587888717651367,-0.00625002384185791
2023-06-27,0.005902767181396484,-0.0132216215133667,0.0011661052703857422,0.007899761199951172,0.0144270658493042,-0.014062166213989258,0.009326577186584473,0.006430864334106445,-0.0006842613220214844,0.011793732643127441,0.010947346687316895,0.016246318817138672,-0.027654290199279785,0.003105640411376953
2023-06-28,-0.002667367458343506,-0.005086064338684082,-0.005241692066192627,0.0019116401672363281,-0.007314085960388184,-0.010611295700073242,0.0014421939849853516,0.01853036880493164,-0.01375436782836914,-0.002168595790863037,-0.00874638557434082,0.006536006927490234,-0.003711700439453125,-0.0093458890914917
2023-06-30,0.007822990417480469,-0.009456157684326172,0.002049088478088379,0.018698692321777344,-0.03274667263031006,-0.015034079551696777,-0.0030401945114135742,-0.003764033317565918,-0.03043365478515625,0.003259897232055664,0.024789929389953613,0.00535273551940918,-0.02311253547668457,-0.0030863285064697266
2023-07-03,0.008757352828979492,0.005418062210083008,-0.04761910438537598,-0.058812499046325684,-0.011097908020019531,-0.010814666748046875,0.008506298065185547,0.032115817070007324,-0.004146456718444824,-0.001353919506072998,-0.042435407638549805,-0.02199530601501465,-0.03855419158935547,-0.00615382194519043
2023-07-04,0.022295355796813965,0.011607766151428223,-0.01701056957244873,-0.010790705680847168,-0.034888267517089844,-0.004884243011474609,0.0022810697555541992,-0.0402684211730957,0.009417891502380371,0.009490251541137695,-0.05939042568206787,-0.0064907073974609375,-0.018271446228027344,-0.027522921562194824
2023-07-05,-0.010486364364624023,0.004326760768890381,-0.014806628227233887,-0.0005249977111816406,-0.009848475456237793,-0.03182500600814819,0.014078497886657715,0.021614670753479004,-0.023549199104309082,0.0018802881240844727,-0.027287960052490234,-0.002290964126586914,-0.01993739604949951,-0.020833373069763184
2023-07-06,-0.0270463228225708,-0.014950871467590332,-0.0010807514190673828,-0.01241910457611084,-0.015753865242004395,0.0010758638381958008,0.0014613866806030273,0.0018668174743652344,0.006680786609649658,0.006702423095703125,-0.0068666934967041016,-0.0032171010971069336,-0.027785539627075195,-0.03790080547332764
2023-07-07,-0.03570294380187988,0.004332542419433594,-0.018083691596984863,-0.02574288845062256,0.0018463730812072754,-0.008716404438018799,-0.013550162315368652,-0.009937942028045654,0.023809492588043213,-0.012782931327819824,-0.023689866065979004,-0.0018564462661743164,-0.0039397478103637695,0.019662857055664062
2023-07-10,0.0027571916580200195,0.012951791286468506,0.02783668041229248,-0.0008422136306762695,0.009248971939086914,-0.002409040927886963,0.0021132230758666992,-0.005646109580993652,-0.007295012474060059,0.007283449172973633,-0.0033309459686279297,0.0016846656799316406,-0.012990474700927734,0.02292269468307495
2023-07-11,-0.0002619028091430664,0.011254549026489258,-0.007362961769104004,0.0055536627769470215,-0.008215188980102539,-0.004829764366149902,-0.0036377310752868652,0.04479503631591797,-0.010204792022705078,-0.0002678036689758301,0.0024462342262268066,0.006834268569946289,-0.002003788948059082,-0.008797764778137207
2023-07-12,0.009429693222045898,0.003357112407684326,0.0008121132850646973,0.0030462145805358887,0.005555570125579834,-0.009342432022094727,-0.0005820393562316895,0.0036231279373168945,0.006879329681396484,0.006161332130432129,-0.015589356422424316,-0.0011893510818481445,-0.01479804515838623,-0.0058138370513916016
2023-07-13,-0.013687968254089355,-0.01068425178527832,0.039013803005218506,0.03004586696624756,-0.05586594343185425,0.005021452903747559,0.011965274810791016,-0.021058976650238037,-0.0035364627838134766,-0.0045261383056640625,0.0372542142868042,0.006109416484832764,0.01839202642440796,0.008670508861541748
2023-07-14,0.02769005298614502,0.0032287240028381348,-0.007330060005187988,-0.01540076732635498,0.020118355751037598,0.0019497871398925781,0.00455164909362793,0.014136433601379395,-0.0005085468292236328,-0.00026744604110717773,-0.02687203884124756,0.002134382724761963,-0.002542853355407715,-0.011661887168884277
2023-07-17,-0.017663955688476562,-0.008149981498718262,-0.016232967376708984,-0.02326786518096924,0.02552211284637451,0.020919442176818848,0.009009957313537598,-0.009697020053863525,-0.0098038911819458,0.014981269836425781,-0.02721560001373291,-0.028576254844665527,-0.0252302885055542,-0.020172953605651855
2023-07-18,0.003192424774169922,0.0012436509132385254,0.0181768536567688,0.016506671905517578,0.017345309257507324,-0.0007148385047912598,0.006968140602111816,-0.007343947887420654,0.00017976760864257812,-0.003162860870361328,0.011888623237609863,0.014556646347045898,-0.0,0.011299490928649902
2023-07-19,-0.000714421272277832,-0.0006744861602783203,-0.010659098625183105,-0.032026052474975586,0.0063010454177856445,0.00453031063079834,-0.002050340175628662,0.008631348609924316,-0.02107536792755127,0.008196711540222168,-0.041251301765441895,-0.01536262035369873,-0.02578115463256836,0.0028570890426635742
2023-07-20,0.0038994550704956055,-0.014103531837463379,0.004995822906494141,-0.0046465396881103516,0.008103132247924805,0.0021363496780395508,-0.02275407314300537,-0.004889965057373047,-0.003944873809814453,-0.026488304138183594,0.004622042179107666,-0.014298796653747559,-0.022721529006958008,-0.014326691627502441
2023-07-21,-0.006538450717926025,0.006749212741851807,0.012552320957183838,0.0054509639739990234,-0.01972973346710205,-0.007697761058807373,-0.0014061927795410156,0.01781320571899414,0.01248997449874878,-0.006642818450927734,0.019568800926208496,-0.0082780122756958,-0.04145467281341553,-0.01977396011352539
2023-07-24,-0.03668701648712158,-0.00020587444305419922,-0.009039640426635742,-0.004650473594665527,-0.0014908313751220703,0.001551508903503418,0.005015015602111816,0.010259509086608887,-0.020144224166870117,-0.0370558500289917,0.008119046688079834,-0.0041457414627075195,0.01966392993927002,-0.03601104021072388
2023-07-25,-0.010620355606079102,0.009264051914215088,0.011478185653686523,0.02149122953414917,-0.0100783109664917,0.010843634605407715,-0.0027217864990234375,-0.007765769958496094,0.014104604721069336,-0.011333644390106201,0.022510230541229248,0.01303333044052124,0.007658720016479492,-0.0201149582862854
2023-07-26,0.0009572505950927734,-0.014857172966003418,-0.00849616527557373,-0.014191627502441406,0.00980377197265625,-0.003418564796447754,-0.0017592906951904297,0.01926553249359131,-0.008654475212097168,0.010663866996765137,-0.040474534034729004,-0.009104371070861816,-0.03564870357513428,-0.0029324889183044434
2023-07-27,-0.0038251280784606934,0.01730138063430786,-0.00786292552947998,-0.02332174777984619,0.0,-0.010409355163574219,0.006222128868103027,-0.024807989597320557,0.008475124835968018,-0.01134270429611206,0.011904776096343994,-0.002275824546813965,-0.012538433074951172,-0.002941131591796875
2023-07-28,-0.005485475063323975,0.010365664958953857,-0.009752035140991211,0.0045580267906188965,0.011575818061828613,-0.017690658569335938,-0.006008625030517578,0.016959309577941895,0.009642601013183594,0.0016008615493774414,0.007127106189727783,0.0008109807968139648,0.02313077449798584,0.0
2023-07-31,0.006412029266357422,-0.004158139228820801,-0.0057947635650634766,-0.0031070709228515625,0.0014765262603759766,0.004624009132385254,-0.002107977867126465,0.03871357440948486,-0.01127004623413086,-0.010921716690063477,0.0017091035842895508,-0.0067365169525146484,0.012198090553283691,0.0
2023-08-01,-0.01123511791229248,-0.006289958953857422,0.005761325359344482,0.010759711265563965,-0.0040544867515563965,0.006661772727966309,0.003756403923034668,0.014908313751220703,0.01632869243621826,-0.0035011768341064453,0.008046567440032959,0.013463437557220459,-0.00883781909942627,0.008849501609802246
2023-08-02,0.005889296531677246,0.015262007713317871,0.03283661603927612,-0.04152935743331909,-0.017394542694091797,-0.013115108013153076,0.007641613483428955,-0.015819251537322998,0.009572625160217285,-0.014324307441711426,0.030203640460968018,0.021900713443756104,0.022080957889556885,-0.0058479905128479
2023-08-03,0.0032373666763305664,0.010261833667755127,0.007703304290771484,0.0,-0.004519820213317871,-0.007193386554718018,-0.02224022150039673,-0.0017221570014953613,0.012126684188842773,-0.00027424097061157227,0.0007117986679077148,0.01328432559967041,0.006503880023956299,0.0
2023-08-04,0.01462411880493164,-0.017850518226623535,0.010638236999511719,0.004814267158508301,0.0185396671295166,0.014490962028503418,0.005699515342712402,0.005750417709350586,-0.03305232524871826,0.008502483367919922,-0.008192300796508789,-0.029127895832061768,-0.010128498077392578,-0.002941131591796875
2023-08-07,-0.017526090145111084,0.0050931572914123535,0.01046210527420044,0.0,-0.004086196422576904,-0.0006052255630493164,0.005306601524353027,0.0022870302200317383,-0.004008293151855469,-0.003807544708251953,-0.00759577751159668,-0.009419083595275879,0.021888017654418945,-0.0029498934745788574
2023-08-08,-0.007094204425811768,-0.005805373191833496,-0.02995598316192627,0.031998634338378906,0.010443806648254395,-0.0007266998291015625,0.004356026649475098,-0.0022818446159362793,0.007984519004821777,-0.0019109249114990234,-0.028926968574523926,0.009156465530395508,-0.0460057258605957,-0.002958536148071289
2023-08-09,-0.004716932773590088,0.00304335355758667,0.004277169704437256,-0.00845634937286377,-0.006275296211242676,0.00024247169494628906,-0.007347702980041504,0.00800466537475586,-0.0032052993774414062,0.0019146203994750977,0.009541630744934082,0.0011342763900756836,-0.011473655700683594,0.005934715270996094
2023-08-10,-0.02160578966140747,0.010789453983306885,0.011454761028289795,-0.014882922172546387,-0.002971827983856201,-0.00884634256362915,-0.008841395378112793,-0.006806552410125732,-0.015442490577697754,-0.016652941703796387,0.004816830158233643,-0.0001742243766784668,0.014297544956207275,0.0
2023-08-11,0.004345297813415527,0.002713501453399658,-0.004055619239807129,0.0022068023681640625,-0.00745159387588501,-0.010392487049102783,-0.011668920516967773,0.006853222846984863,0.02303868532180786,-0.0052748918533325195,-0.02108907699584961,0.0008716583251953125,-0.017981290817260742,0.005899667739868164
2023-08-14,0.002340555191040039,-0.0029342174530029297,0.02106177806854248,-0.007791340351104736,-0.0015015006065368652,-0.0049419403076171875,0.007031559944152832,0.0,0.0059760212898254395,0.0013954639434814453,0.0032165050506591797,-0.023251831531524658,-0.009185075759887695,-0.005865037441253662
2023-08-16,-0.008349776268005371,0.007340848445892334,0.011199474334716797,-0.004779815673828125,-0.00601506233215332,-0.0028557777404785156,-0.003178536891937256,0.0022687911987304688,0.005904018878936768,-0.004459261894226074,0.01036006212234497,0.008113384246826172,-0.01855313777923584,-0.0058997273445129395
2023-08-17,-0.0032824277877807617,-0.0037511587142944336,-0.0175856351852417,0.005660414695739746,0.018154382705688477,-0.005603313446044922,-0.0050705671310424805,0.002263784408569336,0.004635274410247803,-0.011478185653686523,-0.025055766105651855,0.012027978897094727,-0.007217288017272949,0.00890207290649414
2023-08-18,0.018112778663635254,-0.006940364837646484,-0.009958982467651367,-0.0047757625579833984,-0.003343343734741211,-0.004006922245025635,-0.0010508298873901367,0.004517197608947754,0.0018919706344604492,-0.008212924003601074,0.007031619548797607,0.0013982057571411133,-0.0,-0.005882382392883301
2023-08-21,-0.003094017505645752,-0.010126709938049316,0.0043503642082214355,0.0,0.0007455348968505859,-0.0007543563842773438,0.004786133766174316,0.008431673049926758,-0.01902759075164795,0.005425453186035156,0.007250070571899414,-0.002181708812713623,0.0296860933303833,0.00295865535736084
2023-08-22,-0.027721047401428223,-0.004671454429626465,0.003495454788208008,-0.00651240348815918,0.01340782642364502,-0.00427776575088501,-0.00335007905960083,0.02508366107940674,-0.0023965835571289062,0.0014200210571289062,-0.0016983747482299805,-0.005597352981567383,0.020396173000335693,0.0
2023-08-23,-0.003774881362915039,-0.02319633960723877,-0.01695406436920166,0.02018284797668457,-0.04152882099151611,0.0024007558822631836,-0.015598654747009277,0.003262639045715332,0.00010704994201660156,0.009642601013183594,-0.014411687850952148,0.014775753021240234,-0.027761101722717285,0.002949833869934082
2023-08-24,-0.0198974609375,-0.002144455909729004,0.00804823637008667,-0.002367258071899414,0.00705718994140625,-0.004664063453674316,-0.0021719932556152344,-0.008672118186950684,-0.01723766326904297,0.000561833381652832,0.008022785186767578,8.666515350341797e-05,0.012341320514678955,-0.002941131591796875
2023-08-25,0.01106196641921997,-0.0017832517623901367,0.011590838432312012,-0.01983046531677246,-0.0,-0.011144876480102539,-0.001496434211730957,-0.003827214241027832,0.016840338706970215,-0.0011230111122131348,0.021398425102233887,-0.012132763862609863,0.0205116868019104,-0.0058997273445129395
2023-08-28,-0.001694798469543457,-0.0072220563888549805,-0.0023453235626220703,0.003977179527282715,-0.02274346351623535,0.010374069213867188,-0.0001544952392578125,-0.0005487799644470215,-0.005923628807067871,0.006464362144470215,-0.016184568405151367,0.005088090896606445,-0.02960658073425293,-0.0029674172401428223
2023-08-29,0.009948551654815674,0.00959402322769165,-0.0055571794509887695,-0.0006889700889587402,-0.0038220882415771484,0.007985830307006836,0.0028849244117736816,-0.008237242698669434,0.006598293781280518,-0.0041887760162353516,-0.007285714149475098,0.0034912824630737305,-0.06557571887969971,0.0029762983322143555
2023-08-30,0.0034178495407104492,-0.0027021169662475586,-0.0026178359985351562,-0.0032747387886047363,0.007268965244293213,-0.007293760776519775,0.009144902229309082,-0.021594643592834473,0.005499482154846191,-0.00448685884475708,-0.007905721664428711,-0.012959837913513184,0.008506417274475098,-0.0029674172401428223
2023-08-31,0.007407963275909424,0.01001673936843872,0.02436906099319458,-0.01625460386276245,-0.003835439682006836,-0.004687130451202393,0.0001564621925354004,-0.011924147605895996,0.010269641876220703,-0.009014129638671875,0.007009327411651611,-0.010662734508514404,-0.012651979923248291,0.0
2023-09-01,-0.002902388572692871,-0.01813054084777832,-0.01903069019317627,0.026366710662841797,0.001042008399963379,0.0021636486053466797,-0.010378122329711914,-0.0005356073379516602,-0.027863502502441406,0.006822109222412109,-0.03798317909240723,0.014607667922973633,0.0025125741958618164,-0.03273820877075195
2023-09-04,0.012333810329437256,0.008979499340057373,-0.026553750038146973,0.025518059730529785,0.005215585231781006,0.006222963333129883,0.0013936758041381836,-0.05406844615936279,-0.003706216812133789,-0.00508195161819458,-0.030602335929870605,0.01053464412689209,0.0241854190826416,-0.07204616069793701
2023-09-05,0.0024417638778686523,0.0008144378662109375,-0.0019898414611816406,0.006345987319946289,-0.011534333229064941,-0.0061844587326049805,-0.001085519790649414,-0.007618069648742676,-0.0013715028762817383,0.005107879638671875,0.0007855892181396484,-0.004430532455444336,0.020677804946899414,0.02419358491897583
2023-09-06,-0.006154179573059082,0.016709983348846436,0.0042552947998046875,-0.013109803199768066,0.006219744682312012,-0.01320803165435791,0.01125568151473999,0.015624940395355225,0.01060575246810913,-0.0002823472023010254,0.024371087551116943,-0.004363000392913818,-0.021457672119140625,0.008264422416687012
2023-09-07,-0.008340835571289062,-0.01362621784210205,-0.006552696228027344,0.014124751091003418,-0.008344888687133789,-0.009526252746582031,-0.008511781692504883,0.01894521713256836,-0.02197134494781494,0.010448932647705078,-0.01353752613067627,0.014986872673034668,0.008942842483520508,-0.03055548667907715
2023-09-08,-0.013166069984436035,-0.0021467208862304688,-0.008208394050598145,0.0008289813995361328,-0.017241358757019043,-0.007822155952453613,-0.005074262619018555,0.004697322845458984,-0.006425380706787109,0.002235889434814453,-0.00381624698638916,0.0075986385345458984,-0.0076493024826049805,0.010781586170196533
2023-09-11,-0.0002720355987548828,-0.020503997802734375,-0.026389598846435547,-0.06494367122650146,-0.009491443634033203,-0.005174398422241211,-0.007933616638183594,-0.012585282325744629,-0.0009317398071289062,0.008365869522094727,-0.03437352180480957,0.014140009880065918,0.019576668739318848,-0.002724766731262207
2023-09-12,0.022649943828582764,-0.0004998445510864258,0.014770209789276123,0.0326695442199707,-0.04231017827987671,-0.0030641555786132812,-0.012522339820861816,0.032107770442962646,0.014515161514282227,0.0016592741012573242,0.033231258392333984,-0.005661725997924805,-0.024960994720458984,-0.04619568586349487
2023-09-13,-0.006959438323974609,-0.013537764549255371,-0.04525256156921387,-0.04808616638183594,0.017882108688354492,-0.004398822784423828,0.0007067322731018066,0.0037453174591064453,-0.01812267303466797,0.007454395294189453,-0.08537936210632324,0.013767361640930176,0.0344616174697876,0.008547067642211914
2023-09-14,-0.021148681640625,-0.006358146667480469,-0.01620185375213623,-0.0007672309875488281,0.016190171241760254,0.0007299184799194336,0.0021216273307800293,-0.005907654762268066,-0.0021991729736328125,-0.0016443133354187012,-0.015761852264404297,0.001425027847290039,0.046043992042541504,-0.011299490928649902
2023-09-15,0.00846022367477417,-0.006121993064880371,0.005227386951446533,0.0007666945457458496,0.0050847530364990234,-0.011565566062927246,-0.004809141159057617,-0.009610295295715332,0.005657494068145752,-0.004117488861083984,-0.006034493446350098,0.002511262893676758,0.01762974262237549,0.04571425914764404
2023-09-18,0.004709899425506592,0.002336561679840088,-0.03205454349517822,-0.021482348442077637,-0.014502465724945068,-0.019737660884857178,0.002267122268676758,0.014806985855102539,-0.004758596420288086,-0.008544564247131348,-0.0371323823928833,0.008600592613220215,0.030289530754089355,0.01366114616394043
2023-09-20,-0.036211490631103516,-0.0024884939193725586,0.018584489822387695,0.003605186939239502,0.002737760543823242,-0.040147364139556885,0.0030801892280578613,-0.004830837249755859,0.011291146278381348,-0.005004227161407471,0.0057836174964904785,-0.0047190189361572266,0.007268309593200684,-0.029649555683135986
2023-09-21,0.01700979471206665,0.012508571147918701,0.030609548091888428,0.01824212074279785,-0.004778146743774414,-0.0065233707427978516,-0.028212547302246094,0.002136707305908203,0.020236670970916748,-0.018999695777893066,0.018975019454956055,-0.02154374122619629,-0.0332794189453125,-0.016666650772094727
2023-09-22,-0.0026259422302246094,-0.0037459135055541992,-0.04120945930480957,-0.05313265323638916,0.0010287761688232422,-0.01532125473022461,-0.00938183069229126,-0.002141237258911133,-0.029476404190063477,0.0005695819854736328,-0.03331923484802246,0.017002463340759277,0.058712124824523926,-0.0028249025344848633
2023-09-25,0.002954840660095215,-0.0006874799728393555,-0.009766101837158203,0.021726548671722412,0.007879495620727539,0.0009152889251708984,0.006366372108459473,-0.0074787139892578125,0.006986021995544434,0.01594078540802002,-0.03484070301055908,-0.006854534149169922,0.001999378204345703,-0.011331379413604736
2023-09-26,-0.010439872741699219,0.004710733890533447,0.017816245555877686,0.014010965824127197,0.005098581314086914,0.0043108463287353516,-0.007999122142791748,-0.013255596160888672,0.013654470443725586,-0.011487841606140137,0.010562419891357422,0.0005892515182495117,-0.023839592933654785,-0.005730688571929932
2023-09-27,0.0057991743087768555,-0.010895729064941406,-0.005700945854187012,-0.011942625045776367,0.01826167106628418,-0.007023870944976807,-0.00590282678604126,-0.020931482315063477,-0.009416341781616211,0.0005669593811035156,-0.02695488929748535,-0.007823050022125244,0.028079628944396973,0.0
2023-09-28,-0.03399258852005005,-0.0055599212646484375,0.020097970962524414,-0.0007468461990356445,-0.030222535133361816,-0.002095937728881836,-0.0005301833152770996,0.03075343370437622,0.016324937343597412,-0.01813030242919922,0.02260911464691162,0.00033915042877197266,0.0010465383529663086,-0.005763709545135498
2023-09-29,-0.009578049182891846,-0.005626082420349121,-0.016302943229675293,-0.004926085472106934,0.008219122886657715,0.0018377304077148438,0.00986635684967041,-0.010047554969787598,-0.011217236518859863,0.001442551612854004,-0.0069130659103393555,0.014577507972717285,0.038469552993774414,0.0
2023-10-03,-0.012193441390991211,-0.004196047782897949,-0.01888740062713623,-0.02287578582763672,0.023777127265930176,-0.012054502964019775,-0.012186169624328613,0.014136135578155518,-0.004584193229675293,-0.004897773265838623,-0.03749680519104004,0.0073511600494384766,0.05637216567993164,-0.0028985142707824707
2023-10-04,-0.0017026066780090332,-0.04370594024658203,0.025901436805725098,0.030496656894683838,-0.022893130779266357,0.014323592185974121,-0.010900795459747314,0.02549123764038086,0.023756444454193115,-0.002895176410675049,0.04161369800567627,-0.02769714593887329,-0.03363823890686035,0.0
2023-10-05,0.015349745750427246,0.007734417915344238,-0.0005213022232055664,0.005692124366760254,-0.011884570121765137,0.004053354263305664,0.011612296104431152,-0.002179861068725586,-0.0003924369812011719,0.0069686174392700195,0.03319615125656128,0.010064005851745605,-0.028103768825531006,-0.0029070377349853516
2023-10-06,-0.001189887523651123,-0.0022925138473510742,-0.013548731803894043,-0.011449217796325684,0.006872892379760742,-0.0011720657348632812,0.004623532295227051,0.0059814453125,-0.02350473403930664,0.0057669878005981445,0.004532277584075928,0.0035463571548461914,-0.0019277334213256836,0.00874638557434082
2023-10-09,-0.0035736560821533203,-0.004695534706115723,0.017223656177520752,0.028001129627227783,-0.010580241680145264,-0.01160365343093872,-0.006982684135437012,0.014770209789276123,0.004356026649475098,-0.014048159122467041,0.04428815841674805,-0.015397608280181885,-0.05855447053909302,-0.023121356964111328
2023-10-10,0.005907177925109863,0.016060233116149902,-0.012555599212646484,-0.02068650722503662,0.02069675922393799,0.005672097206115723,0.013424277305603027,-0.0022209882736206055,0.005600094795227051,-0.021227121353149414,-0.0258408784866333,0.011194705963134766,0.05021059513092041,0.008875727653503418
2023-10-11,0.0007690191268920898,0.0067670345306396484,0.034358084201812744,0.007656514644622803,-0.006421089172363281,0.00970613956451416,0.0019974708557128906,-0.01440441608428955,-0.00045752525329589844,-0.008826851844787598,-0.010695219039916992,-0.005577683448791504,-0.0005140900611877441,0.0
2023-10-12,0.0007684230804443359,-0.0006377696990966797,-0.002675175666809082,0.0013614892959594727,0.01564633846282959,0.006625175476074219,0.0012066364288330078,0.008192241191864014,-0.002146124839782715,0.004233717918395996,0.00389862060546875,-0.0039092302322387695,-0.0029832124710083008,0.0029326677322387695
2023-10-13,0.0009074211120605469,-0.023958027362823486,0.021077871322631836,0.007726132869720459,0.0006697177886962891,-0.009033441543579102,-0.00309145450592041,0.006057322025299072,-0.027698755264282227,0.001133739948272705,0.007268726825714111,-0.016892671585083008,-0.008976399898529053,0.0
2023-10-16,-0.010600507259368896,0.010814309120178223,-0.011719822883605957,-0.013435125350952148,-0.005689382553100586,-0.004037022590637207,0.00010514259338378906,-0.007756233215332031,0.011819303035736084,0.006810426712036133,-0.0005632638931274414,-0.0008678436279296875,0.02165532112121582,-0.002924025058746338
2023-10-17,-0.003876805305480957,0.0032345056533813477,-0.0078125,-0.017625927925109863,-0.001009821891784668,0.0075836181640625,0.002627730369567871,-0.0071468353271484375,0.007190287113189697,-0.012285709381103516,-0.00745844841003418,0.0013897418975830078,0.002955317497253418,0.0029326677322387695
2023-10-18,-0.0030426979064941406,-0.015078604221343994,0.0184442400932312,0.015840113162994385,-0.012466251850128174,-0.013885200023651123,-0.010640561580657959,0.00709611177444458,0.010898351669311523,0.01016080379486084,0.02123194932937622,-0.0065920352935791016,-0.03149765729904175,-0.002924025058746338
2023-10-19,0.0009937286376953125,-0.0014603734016418457,-0.007625222206115723,-0.006167173385620117,0.0020470619201660156,-0.0031583309173583984,-0.008476793766021729,0.0016492009162902832,-0.021121501922607422,0.008554339408874512,0.002568840980529785,-0.0025321245193481445,0.0035669803619384766,0.0
2023-10-20,-0.007587075233459473,-0.01114588975906372,0.014594554901123047,0.013155877590179443,-0.006809651851654053,0.005148530006408691,-0.0032059550285339355,0.02092510461807251,-0.012927889823913574,-0.01783144474029541,0.02360856533050537,-0.01418071985244751,-0.013694405555725098,-0.014662742614746094
2023-10-23,-0.0062160491943359375,-0.01637166738510132,0.036478400230407715,0.03893357515335083,-0.01679813861846924,-0.011032342910766602,-0.003001868724822998,0.027559101581573486,0.02321147918701172,0.01610618829727173,0.0360492467880249,-0.01802515983581543,-0.0629570484161377,-0.054913222789764404
2023-10-25,0.015529513359069824,-0.009177625179290771,0.001992523670196533,0.005201756954193115,-0.010808825492858887,-0.006374478340148926,-0.014893293380737305,-0.008097171783447266,0.015540122985839844,0.0074669718742370605,0.0022803544998168945,0.0058776140213012695,0.001017928123474121,-0.02140676975250244
2023-10-26,-0.02789384126663208,0.017374038696289062,0.030233919620513916,-0.01632070541381836,-0.02608400583267212,-0.02205294370651245,-0.008132219314575195,0.02524387836456299,-0.0013804435729980469,0.01909726858139038,-0.005028247833251953,-0.016540825366973877,-0.0038417577743530273,-0.00625002384185791
2023-10-27,0.0051708221435546875,0.03158271312713623,-0.042352914810180664,-0.06267547607421875,0.010133981704711914,0.003963351249694824,0.004512190818786621,-0.012948870658874512,-0.01883864402770996,-0.0044248104095458984,-0.047301411628723145,-0.02586841583251953,0.05648815631866455,0.0031446218490600586
2023-10-30,-0.03499490022659302,-0.013512849807739258,-0.007618546485900879,-0.004841446876525879,0.009673833847045898,0.01089024543762207,0.013311505317687988,0.03312033414840698,-0.009262442588806152,-0.00881052017211914,-0.0,-0.007217288017272949,-0.002039968967437744,0.0
2023-10-31,0.0047299861907958984,-0.00743025541305542,0.010921299457550049,-0.0046721696853637695,-0.0017743110656738281,-0.0059250593185424805,-0.010325491428375244,0.00600963830947876,0.009177446365356445,-0.012809276580810547,0.0020266175270080566,-0.0006191730499267578,0.019795656204223633,0.0
2023-11-01,-0.000672459602355957,-0.010235786437988281,0.003680706024169922,0.0026159286499023438,-0.001066446304321289,-0.0013546347618103027,-0.0014201998710632324,0.019347012042999268,0.006036281585693359,0.008623182773590088,0.0013055205345153809,-0.00150299072265625,0.01677393913269043,0.0031348466873168945
2023-11-02,-0.0028415918350219727,0.011473536491394043,-0.023302078247070312,-0.013696670532226562,0.0067615509033203125,0.001627802848815918,0.006454825401306152,-0.014796614646911621,-0.019963741302490234,-0.007538437843322754,-0.018445968627929688,-0.010063529014587402,0.026146531105041504,0.0031249523162841797
2023-11-03,0.0037494897842407227,0.006002306938171387,-0.020272135734558105,0.0021561384201049805,0.01449275016784668,0.004739999771118164,0.015055179595947266,-0.006075382232666016,0.007493793964385986,0.002589881420135498,-0.0067026615142822266,-0.010575175285339355,-0.013245761394500732,0.02492225170135498
2023-11-06,0.007022857666015625,0.020781755447387695,0.04164397716522217,0.006626307964324951,0.004181265830993652,0.007143855094909668,0.012475967407226562,0.0006039142608642578,-0.013790726661682129,-0.004039168357849121,-0.0019834041595458984,0.00657278299331665,-0.0063530802726745605,0.015197515487670898
2023-11-07,-0.006009340286254883,0.011392951011657715,0.023288846015930176,-0.006670475006103516,0.022206783294677734,-0.00481802225112915,0.0028028488159179688,-0.004833817481994629,-0.010984539985656738,-0.006321907043457031,-0.01682448387145996,-0.009401917457580566,0.00989997386932373,0.005987882614135742
2023-11-08,0.008135437965393066,0.0007835626602172852,-0.006978750228881836,0.006626307964324951,-0.001697242259979248,0.00295865535736084,-0.013025999069213867,-0.0066144466400146484,-0.001715540885925293,0.002855539321899414,0.004588484764099121,-0.0009486675262451172,-0.008883953094482422,-0.06845247745513916
2023-11-09,0.02250683307647705,0.0001957416534423828,-0.002599000930786133,0.0029001832008361816,0.0034002065658569336,-0.004022538661956787,0.0017098188400268555,-0.011350154876708984,-0.012357711791992188,0.0005728006362915039,-0.002514362335205078,0.0033603310585021973,0.0,-0.02228415012359619
2023-11-10,0.012598633766174316,0.007143497467041016,-0.010080695152282715,-0.009598493576049805,0.015587925910949707,0.004038810729980469,0.0013335943222045898,-0.008269309997558594,0.005672156810760498,-0.0002865791320800781,-0.0033440589904785156,-0.0019884109497070312,0.0005152225494384766,0.002724885940551758
2023-11-12,0.012513399124145508,0.0007287263870239258,-0.0017107725143432617,-0.002160787582397461,-0.002669394016265869,0.005631566047668457,0.003995299339294434,-0.009958982467651367,-0.002201676368713379,-0.004010319709777832,-0.0012497901916503906,-0.0031061172485351562,0.005457758903503418,-0.0054645538330078125
2023-11-13,0.03072035312652588,-0.004466235637664795,-0.007970452308654785,-0.04355323314666748,0.023084640502929688,-0.007466614246368408,-0.00838327407836914,-0.001740097999572754,-0.004992961883544922,0.002567768096923828,-0.03606104850769043,-8.594989776611328e-05,-0.07384264469146729,-0.054347872734069824
2023-11-15,-0.004385054111480713,0.015604376792907715,-0.005365729331970215,-0.0077135562896728516,-0.017985641956329346,0.01047825813293457,0.007116436958312988,-0.005790352821350098,0.010366976261138916,-0.012299776077270508,0.0018741488456726074,-0.005762457847595215,-0.005531787872314453,-0.048969149589538574
2023-11-16,0.004197955131530762,-0.014404356479644775,-0.0033707618713378906,0.003827333450317383,0.0003330707550048828,0.002658843994140625,-0.005419135093688965,-0.01784694194793701,-0.003146052360534668,-0.0019780397415161133,-0.008181333541870117,8.547306060791016e-05,0.021151483058929443,0.009828031063079834
2023-11-17,0.0008224248886108398,-0.03117847442626953,0.008118748664855957,0.021130621433258057,-0.013981282711029053,-0.0021215081214904785,-0.015117526054382324,0.03733032941818237,0.000133514404296875,0.004794180393218994,0.021285057067871094,-0.036945223808288574,0.015406966209411621,-0.032258033752441406
2023-11-20,0.0054094791412353516,-0.005682051181793213,-0.004516005516052246,-0.003924965858459473,-0.004726588726043701,0.0,-0.00043386220932006836,0.008225560188293457,-0.004237771034240723,-0.003400444984436035,-0.006388545036315918,0.0012432336807250977,0.0033461451530456543,0.03125
2023-11-21,-0.019546449184417725,0.0031354427337646484,0.009834229946136475,0.005305826663970947,-0.004748940467834473,0.008503913879394531,0.005046367645263672,-0.0023696422576904297,0.0018274784088134766,0.0019768476486206055,0.004457056522369385,-0.003991127014160156,-0.011454582214355469,0.022332429885864258
2023-11-22,-0.003751039505004883,0.006352066993713379,0.005959153175354004,0.006457030773162842,-0.008520781993865967,-0.0035573244094848633,-0.0036172866821289062,0.016548454761505127,-0.021071195602416992,0.01216745376586914,0.021842360496520996,-0.0045413970947265625,0.02694523334503174,0.025380730628967285
2023-11-23,0.0030679702758789062,0.0009517669677734375,0.0017127394676208496,0.0040972232818603516,0.011687874794006348,0.005685567855834961,0.0002709627151489258,-0.011418342590332031,0.010677337646484375,0.0034374594688415527,-0.0026352405548095703,0.001789093017578125,0.005317509174346924,-0.049479126930236816
2023-11-24,0.004031777381896973,0.00945901870727539,0.006577134132385254,0.009079277515411377,0.0016989707946777344,0.007099747657775879,0.006933927536010742,-0.001782536506652832,-0.006661772727966309,-0.002586960792541504,0.0078849196434021,0.0007143020629882812,-0.008271098136901855,0.017369747161865234
2023-11-28,0.020700693130493164,0.012543439865112305,-0.01871037483215332,-0.016607046127319336,0.017299890518188477,-0.0022193193435668945,-0.004196286201477051,-0.011269211769104004,0.0009145736694335938,0.0011467933654785156,-0.03430008888244629,0.007316946983337402,-0.01210486888885498,0.0025252103805541992
2023-11-29,0.015057921409606934,-0.0381922721862793,-0.004521012306213379,-0.01788473129272461,0.0020006895065307617,-0.020018339157104492,0.015234947204589844,0.004105567932128906,0.0040607452392578125,-0.006601691246032715,-0.007683992385864258,0.007352232933044434,-0.02006518840789795,-0.005063295364379883
2023-11-30,-0.009154677391052246,-0.013299942016601562,0.001687765121459961,-0.0004150867462158203,-0.019301116466522217,0.00025647878646850586,-0.004948854446411133,-0.003533482551574707,-0.011762380599975586,-0.001140594482421875,0.019665539264678955,-0.006770968437194824,0.022965073585510254,0.025188922882080078
2023-12-01,0.0014162063598632812,-0.02829885482788086,-0.025077462196350098,-0.01880788803100586,0.009501099586486816,0.0021811723709106445,0.012567520141601562,-0.010563373565673828,-0.0034444332122802734,0.002848207950592041,-0.03998363018035889,0.012394905090332031,-0.009124279022216797,0.0025840401649475098
2023-12-04,0.015219807624816895,-0.01896524429321289,-0.03710830211639404,-0.04262244701385498,-0.035630226135253906,-0.03471779823303223,-0.047005414962768555,-0.009872198104858398,-0.036685943603515625,-0.03884601593017578,-0.03779029846191406,-0.04013991355895996,-0.05140054225921631,-0.012953400611877441
2023-12-05,0.009552240371704102,-0.006085634231567383,-0.00874638557434082,-0.01822686195373535,-0.016228437423706055,-0.008823156356811523,-0.022447586059570312,-0.026452064514160156,0.005314767360687256,-0.005499005317687988,-0.015046238899230957,-0.02278459072113037,-0.003552079200744629,-0.0025576353073120117
2023-12-06,-0.017675280570983887,0.010552287101745605,0.006305813789367676,-0.0070323944091796875,0.008942902088165283,-0.002586841583251953,0.010064661502838135,-0.012885212898254395,0.0033187270164489746,0.0038283467292785645,-0.00510716438293457,-0.0003287792205810547,-0.02347242832183838,-0.007652997970581055
2023-12-07,0.004682302474975586,0.0023650527000427246,-0.007932305335998535,0.004697859287261963,0.0032227039337158203,-0.001597285270690918,0.0042362213134765625,-0.02986729145050049,-0.0020977258682250977,-0.0030194520950317383,-0.015987157821655273,-0.0053414106369018555,0.005278408527374268,-0.015189886093139648
2023-12-08,-0.013981342315673828,-0.011942505836486816,-0.004197239875793457,-0.007271289825439453,0.0009698867797851562,-0.013984203338623047,-0.011861801147460938,0.003990888595581055,-0.002791166305541992,-0.0062944889068603516,0.0030495524406433105,-0.0040051937103271484,-0.004849076271057129,0.007481276988983154
2023-12-11,-0.0010128021240234375,0.012995004653930664,-0.01567399501800537,-0.01937687397003174,0.0022653937339782715,0.001330733299255371,-0.00618290901184082,-0.007950067520141602,-0.008548974990844727,-0.0029915571212768555,-0.022023677825927734,-0.0001628398895263672,-0.026859641075134277,-0.017587900161743164
2023-12-12,0.002230525016784668,-0.012987017631530762,-0.0043724775314331055,0.005093753337860107,0.010379433631896973,0.009933412075042725,0.0013764500617980957,-0.005724072456359863,0.016328811645507812,0.010574817657470703,0.003352046012878418,0.003011763095855713,-0.020570993423461914,-0.051851868629455566
2023-12-13,-0.007957935333251953,0.014279425144195557,-0.023815631866455078,-0.010988950729370117,0.0013110041618347168,0.002324700355529785,0.001772165298461914,0.0074841976165771484,-0.006613254547119141,-0.0008221864700317383,-0.006726741790771484,-0.012165188789367676,0.006689786911010742,0.004694759845733643
2023-12-14,-0.033310651779174805,-0.0050231218338012695,0.004502236843109131,0.0022233128547668457,-0.0019690990447998047,-0.011895895004272461,-0.01947927474975586,0.007428646087646484,-0.029729843139648438,-0.015334010124206543,-0.013005614280700684,-0.006130576133728027,-0.015656471252441406,-0.009433865547180176
2023-12-15,0.0022368431091308594,8.922815322875977e-05,-0.02160811424255371,-0.002228260040283203,-0.028824210166931152,-0.003878355026245117,-0.0036278963088989258,0.02098691463470459,-0.01230919361114502,0.0018877387046813965,-0.014958739280700684,-0.03944516181945801,-0.03866684436798096,-0.025701045989990234
2023-12-18,0.012725770473480225,0.008033215999603271,0.00196760892868042,0.017168939113616943,0.003183722496032715,0.0006036162376403809,0.015374958515167236,-0.0027777552604675293,0.009199202060699463,0.0018914341926574707,-0.0011605024337768555,-0.00038564205169677734,-0.041704654693603516,-0.038724303245544434
2023-12-19,0.02317512035369873,-0.008008241653442383,-0.00837862491607666,-0.009928345680236816,-0.005429506301879883,0.0016911625862121582,0.005873978137969971,0.004456877708435059,-0.0065538883209228516,0.0002707242965698242,-0.0005795955657958984,-0.01064002513885498,-0.007094621658325195,0.028508782386779785
2023-12-20,-0.039313554763793945,0.008926570415496826,-0.031036198139190674,-0.0466650128364563,0.026683568954467773,-0.002541065216064453,0.00866609811782837,-0.0310593843460083,0.006638824939727783,0.010831296443939209,-0.049814701080322266,-0.028913676738739014,-0.04888463020324707,-0.07449209690093994
2023-12-21,-0.014801621437072754,0.013375341892242432,0.026229500770568848,0.014750003814697266,-0.004895567893981934,-0.017984390258789062,0.002235114574432373,0.011448144912719727,-0.008900165557861328,-0.01423490047454834,0.034503817558288574,0.011469841003417969,0.018598198890686035,0.0317072868347168
2023-12-22,0.007584571838378906,0.006481647491455078,-0.005898237228393555,-0.014535605907440186,-0.0003248453140258789,0.009485423564910889,0.010055780410766602,0.001131892204284668,0.004872620105743408,-0.0043184757232666016,-0.006599843502044678,-0.010873794555664062,-0.0026084184646606445,-0.004728138446807861
2023-12-26,-0.005356311798095703,-0.00546717643737793,0.008158206939697266,-0.0010442733764648438,0.00032466650009155273,-0.0069427490234375,-0.0008045434951782227,0.0005652904510498047,-0.005408525466918945,-0.014243483543395996,-0.008423268795013428,0.0020415782928466797,-0.00955897569656372,-0.004750549793243408
2023-12-27,-0.006562232971191406,-0.011057734489440918,0.030407071113586426,0.016986846923828125,-0.0003248453140258789,-0.012363195419311523,-0.007185220718383789,0.003954768180847168,-0.016965866088867188,-0.008214116096496582,0.03720986843109131,0.01645636558532715,0.016753077507019043,0.0
2023-12-28,-0.018138408660888672,-0.0013557672500610352,0.0042836666107177734,0.020429134368896484,-0.009740233421325684,-0.0011742115020751953,-0.003641843795776367,-0.001688241958618164,-0.008200645446777344,-0.00998687744140625,0.040373802185058594,0.00439453125,-0.010835468769073486,-0.004773259162902832
2023-12-29,0.0015850067138671875,0.005009651184082031,-0.008056879043579102,-0.008310198783874512,-0.0041800737380981445,-0.0023458003997802734,0.009245514869689941,0.0022548437118530273,0.007202565670013428,0.007025718688964844,0.0025501251220703125,-0.014353752136230469,0.011406898498535156,0.028777003288269043
2024-01-01,0.0017780065536499023,0.004173159599304199,0.011705636978149414,0.011934876441955566,-0.0025616884231567383,0.006552755832672119,-0.0028096437454223633,-0.01237344741821289,6.252527236938477e-05,-0.0005240440368652344,0.02145540714263916,-0.0010902881622314453,0.01423192024230957,0.055943965911865234
2024-01-02,0.02436387538909912,0.004053890705108643,-0.013459324836730957,0.0035132169723510742,-0.02970302104949951,-0.0007066726684570312,0.01716029644012451,-0.019362211227416992,0.014541685581207275,-0.023048698902130127,-0.008120417594909668,-0.002962470054626465,0.0013238191604614258,0.02428257465362549
2024-01-03,-0.004564166069030762,-0.004893660545349121,0.009813308715820312,0.03325831890106201,-0.0009874701499938965,-0.015536665916442871,-0.0018324851989746094,0.0,-0.016216039657592773,0.0005362033843994141,-0.00578540563583374,0.006255388259887695,0.018332481384277344,-0.012931108474731445
2024-01-04,-0.0350489616394043,-0.022574186325073242,0.021569132804870605,0.015851855278015137,0.02042841911315918,0.01076042652130127,-0.0031502246856689453,0.011033773422241211,-0.02960371971130371,-0.0013397932052612305,0.009991168975830078,-0.0010879039764404297,0.008308768272399902,0.015283823013305664
2024-01-05,-0.004640340805053711,-0.012061476707458496,-0.013457059860229492,-0.007147073745727539,-0.0016144514083862305,-0.005086421966552734,-0.006635308265686035,-0.004020750522613525,0.0032453536987304688,-0.00858604907989502,-0.0016306042671203613,-0.0012446045875549316,0.000858306884765625,0.032258033752441406
2024-01-08,-0.000811457633972168,0.0131492018699646,-0.04938852787017822,-0.025914788246154785,-0.02846062183380127,-0.011175811290740967,0.011774182319641113,-0.014417529106140137,0.009797930717468262,-0.011637330055236816,-0.02319246530532837,-0.023288428783416748,-0.013293266296386719,0.008333325386047363
2024-01-09,0.030435383319854736,0.004857361316680908,-0.000989675521850586,0.0,0.00832223892211914,-0.007815301418304443,0.002291262149810791,-0.014043271541595459,0.0012291669845581055,0.00027370452880859375,-0.00044590234756469727,-0.0025517940521240234,0.0025205612182617188,0.0
2024-01-10,0.006239533424377441,0.008553147315979004,0.0029717683792114258,-0.003941357135772705,0.001980900764465332,0.0033930540084838867,-0.013574838638305664,-0.0041542649269104,-0.009261012077331543,-0.003011167049407959,-0.005798995494842529,-0.005836308002471924,0.004595160484313965,0.0537189245223999
2024-01-11,-0.005372524261474609,-0.016937613487243652,0.010123491287231445,0.013354659080505371,-0.009225666522979736,-0.004227042198181152,0.0019132494926452637,-0.03277707099914551,-0.010791659355163574,0.0010982751846313477,0.004262447357177734,-0.002492964267730713,0.00880289077758789,0.00196075439453125
2024-01-12,-0.015130043029785156,0.004796802997589111,0.01759958267211914,0.017571687698364258,0.004988312721252441,-0.004730165004730225,-0.01246023178100586,-0.005770325660705566,-0.009741544723510742,0.005485415458679199,0.030604243278503418,0.021605849266052246,-0.05586445331573486,-0.0254402756690979
2024-01-15,0.020676076412200928,0.0007586479187011719,0.005524873733520508,0.00731503963470459,0.012243509292602539,-0.019254207611083984,-0.00632786750793457,0.00458979606628418,-0.008870959281921387,0.010092735290527344,0.004985451698303223,0.010258793830871582,-0.02268683910369873,-0.006024062633514404
2024-01-16,-0.00453341007232666,0.0003573298454284668,0.0007166862487792969,-0.001190483570098877,-0.02124875783920288,-0.0038259029388427734,0.0007922053337097168,-0.017867445945739746,0.01290816068649292,-0.0018903017044067383,0.0005391836166381836,-0.0049991607666015625,-0.01418149471282959,0.03636360168457031
2024-01-17,0.023402690887451172,-0.032883524894714355,-0.02578181028366089,-0.018355190753936768,-0.025384128093719482,-0.08432585000991821,-0.02705514430999756,-0.03510767221450806,0.013886809349060059,-0.03706711530685425,-0.010670363903045654,-0.01711416244506836,0.030231952667236328,-0.0350877046585083
2024-01-18,0.030763208866119385,0.01404416561126709,0.010046601295471191,0.0033997297286987305,0.0065114498138427734,-0.033428728580474854,0.004685521125793457,0.014084577560424805,0.018857598304748535,-0.001404881477355957,0.013509035110473633,0.003674149513244629,-0.007813811302185059,0.008080840110778809
2024-01-19,0.004835844039916992,0.017357707023620605,0.013343095779418945,0.019240140914916992,-0.0020429491996765137,-0.010496556758880615,0.01302790641784668,-0.008101880550384521,-0.0321161150932312,-0.0070343017578125,0.0374072790145874,-0.0008753538131713867,-0.022859930992126465,0.008015990257263184
2024-01-20,-0.023201704025268555,0.003985404968261719,0.008379220962524414,0.022794723510742188,-0.006823599338531494,0.005576014518737793,0.00950765609741211,0.023337244987487793,-0.0164947509765625,0.0240861177444458,0.0274583101272583,0.0058144330978393555,-0.04454171657562256,0.003976106643676758
2024-01-23,0.04147160053253174,-0.028322935104370117,-0.04487186670303345,-0.04550200700759888,-0.036413609981536865,-0.034757912158966064,0.020174503326416016,-0.06727474927902222,-0.06099587678909302,-0.012451589107513428,-0.05949980020523071,-0.041653573513031006,0.01339113712310791,-0.04752480983734131
2024-01-24,-0.028960227966308594,-0.0276336669921875,0.029082775115966797,-0.004013180732727051,0.01390373706817627,0.02003645896911621,-0.029007375240325928,-0.02689492702484131,0.03409171104431152,0.0022416114807128906,0.034848809242248535,0.021814584732055664,-0.02130722999572754,0.027027130126953125
2024-01-25,0.03987795114517212,-0.015956223011016846,-0.00724637508392334,0.02503049373626709,-0.0028129220008850098,-0.014560401439666748,0.010758638381958008,0.00565338134765625,0.014186501502990723,-0.011182546615600586,0.022588372230529785,-0.008976221084594727,0.017967164516448975,0.006072878837585449
2024-01-29,-0.11513739824295044,0.01822984218597412,0.032846689224243164,0.020607590675354004,0.025740385055541992,0.013799786567687988,0.006386518478393555,0.04309797286987305,0.0097883939743042,-0.030817031860351562,0.028675556182861328,0.016646265983581543,-0.012776970863342285,-0.020120739936828613
2024-01-30,-0.0017561912536621094,-0.006737351417541504,0.01413428783416748,0.006069064140319824,-0.0024062395095825195,-0.00701218843460083,0.0004919767379760742,-0.009580850601196289,-0.004519283771514893,-0.00027430057525634766,0.016252994537353516,0.0060999393463134766,0.007912933826446533,-0.018480539321899414
2024-01-31,0.018152713775634766,0.012949466705322266,0.04413473606109619,0.010324835777282715,0.015161991119384766,0.012600302696228027,0.011062979698181152,0.019951701164245605,0.009309887886047363,-0.0008225440979003906,0.047203660011291504,0.021938562393188477,0.008352160453796387,0.008368253707885742
2024-02-01,-0.002591848373413086,0.015453100204467773,0.034705281257629395,0.041795969009399414,-0.003054976463317871,0.0025981664657592773,-0.0029178857803344727,-0.01126253604888916,0.004628300666809082,0.001095890998840332,0.03887450695037842,0.01116323471069336,-0.03482818603515625,-0.008298814296722412
2024-02-02,-0.009370863437652588,-0.015863478183746338,-0.0027951598167419434,0.02623164653778076,-0.006809651851654053,-0.013775289058685303,-0.001121819019317627,-0.010191857814788818,-0.004801630973815918,-0.0,0.05514967441558838,0.0030881166458129883,-0.02976977825164795,-0.008368134498596191
2024-02-05,-0.010174930095672607,-0.005201280117034912,0.008840084075927734,0.012028813362121582,0.009598851203918457,-0.0009679794311523438,-0.00048828125,0.008479714393615723,0.0026406049728393555,0.007953882217407227,-0.029975533485412598,-0.010313272476196289,0.014098525047302246,-0.037974774837493896
2024-02-06,-0.00979757308959961,-0.010786592960357666,-0.028638601303100586,0.002440810203552246,-0.0023769736289978027,-0.0005537271499633789,0.0028334856033325195,-0.0030030012130737305,-0.017167389392852783,0.011888384819030762,0.0020891427993774414,0.011353850364685059,0.012566864490509033,-0.11403512954711914
2024-02-07,0.0038930177688598633,0.018141865730285645,-0.023322343826293945,-0.06087231636047363,0.01565694808959961,-0.009695291519165039,-0.004140675067901611,0.0018072128295898438,0.0026134252548217773,-0.0030777454376220703,0.016417622566223145,-0.038446784019470215,-0.011995315551757812,-0.17322838306427002
2024-02-08,-0.037647545337677,-0.031054139137268066,0.03581881523132324,-0.03173339366912842,-0.01709115505218506,-0.018881142139434814,-0.032138168811798096,-0.02585691213607788,-0.02510964870452881,-0.035146474838256836,0.0032476186752319336,-0.03598666191101074,-0.019586682319641113,-0.006711483001708984
2024-02-09,0.013935565948486328,0.01496279239654541,0.04219233989715576,-0.003191828727722168,0.0044324398040771484,0.00042760372161865234,0.021631479263305664,0.0030864477157592773,0.006058335304260254,0.007516622543334961,-0.0032370686531066895,-0.036737918853759766,0.00411146879196167,-0.046666622161865234
2024-02-12,-0.01523435115814209,-0.0044702887535095215,-0.034223735332489014,-0.04550713300704956,-0.004412829875946045,-0.0096893310546875,-0.014445483684539795,-0.025230824947357178,-0.02630782127380371,-0.018938302993774414,-0.04563713073730469,0.023922741413116455,-0.06263792514801025,0.09872615337371826
2024-02-13,-0.0015134215354919434,0.022976994514465332,0.019662976264953613,0.01222217082977295,0.0071599483489990234,0.0031654834747314453,0.02379286289215088,0.016414165496826172,0.011574506759643555,0.016086578369140625,0.03259599208831787,-0.00784003734588623,-0.026425659656524658,0.015901029109954834
2024-02-14,-0.005136370658874512,0.024375438690185547,0.03263401985168457,0.026643991470336914,0.0118483304977417,-0.00745844841003418,0.0028437376022338867,0.004347801208496094,0.012022614479064941,0.006908416748046875,0.006937861442565918,-0.041979074478149414,0.021839022636413574,-0.03052067756652832
2024-02-15,-0.014980912208557129,-0.022473454475402832,0.030371427536010742,0.03722786903381348,-0.04784214496612549,0.021676301956176758,-0.005915701389312744,0.0049474239349365234,-0.0030712485313415527,-0.005717575550079346,0.04797172546386719,-0.024616599082946777,0.049461960792541504,-0.010452985763549805
2024-02-16,-0.00025779008865356445,-0.003217637538909912,-0.00019919872283935547,-0.0021553635597229004,-0.05172407627105713,0.004243254661560059,0.006491899490356445,0.019692301750183105,0.011307120323181152,-0.0023001432418823242,0.010108470916748047,0.009189963340759277,-0.007346034049987793,0.020689666271209717
2024-02-19,0.03025352954864502,-0.005426943302154541,-0.018525898456573486,-0.02282118797302246,0.010625362396240234,-0.0019718408584594727,0.020034193992614746,-0.008448958396911621,-0.006728529930114746,-0.0020173192024230957,-0.01309901475906372,-0.006028890609741211,-0.02520519495010376,0.045774638652801514
2024-02-20,-0.0004171133041381836,0.024130940437316895,0.009742259979248047,-0.00672757625579834,-0.05247008800506592,0.026249051094055176,0.0047904253005981445,-0.0048691630363464355,0.013885140419006348,0.017903566360473633,0.008161544799804688,-0.0011194944381713867,-0.0003757476806640625,0.01845020055770874
2024-02-21,-0.018277347087860107,-0.004041910171508789,0.0070351362228393555,-0.003193080425262451,-0.0042098164558410645,-0.010451078414916992,0.003051161766052246,-0.009785950183868408,0.008675694465637207,-0.009361684322357178,-0.008749663829803467,-0.014998078346252441,0.02909994125366211,0.03947371244430542
2024-02-22,0.00739598274230957,0.015403151512145996,0.0017963647842407227,0.027179241180419922,-0.0009755492210388184,-0.013618648052215576,0.010219097137451172,0.002470731735229492,-0.018520355224609375,-0.012027502059936523,0.005032181739807129,0.0072585344314575195,0.015563368797302246,-0.0626223087310791
2024-02-23,0.012573838233947754,-0.003724217414855957,-0.025104641914367676,-0.003023982048034668,-0.007487058639526367,0.0007044076919555664,-0.0013173222541809082,0.02094876766204834,-0.005943000316619873,-0.0005797743797302246,-0.008126139640808105,0.008943796157836914,-0.00971299409866333,0.03499072790145874
2024-02-26,-0.02291858196258545,-0.010576307773590088,0.0026569366455078125,-0.012890994548797607,-0.006231546401977539,0.001267075538635254,-0.006690025329589844,0.013276934623718262,-0.00932246446609497,-0.010150790214538574,-0.024329662322998047,0.00019758939743041992,0.008791089057922363,0.036259591579437256
2024-02-27,0.0071648359298706055,-0.00566709041595459,0.0030574798583984375,-0.002304553985595703,0.017821788787841797,-0.0015467405319213867,0.0056915283203125,-0.007742643356323242,0.01810431480407715,0.0002930164337158203,-0.011620044708251953,0.011925220489501953,-0.007346093654632568,0.005940556526184082
2024-02-28,-0.032604992389678955,-0.004494786262512207,-0.03271692991256714,-0.03869110345840454,-0.025291800498962402,-0.007604539394378662,-0.01320505142211914,-0.033013224601745605,-0.029369473457336426,-0.013766765594482422,-0.021453678607940674,0.009801924228668213,-0.036857008934020996,0.05179286003112793
2024-02-29,-0.002276182174682617,0.0008378028869628906,0.01449573040008545,0.026331663131713867,0.0006653070449829102,-0.004257142543792725,0.005735039710998535,0.0062073469161987305,0.01773393154144287,0.003564000129699707,0.009120464324951172,-0.007542014122009277,0.03969871997833252,-0.027310967445373535
2024-03-01,0.010002613067626953,0.022463083267211914,0.022157788276672363,0.025948643684387207,0.014627695083618164,0.019523978233337402,-0.03297853469848633,0.014188647270202637,-0.03508710861206055,0.022491931915283203,0.024593710899353027,-0.028138041496276855,0.002825617790222168,-0.02044987678527832
2024-03-02,0.004256844520568848,-0.002319812774658203,0.00263369083404541,0.014167547225952148,0.005242347717285156,0.0,0.002070128917694092,0.0042580366134643555,0.00042575597763061523,-0.0023154616355895996,0.007718324661254883,-0.00539553165435791,0.0017338991165161133,-0.01202404499053955
2024-03-04,0.00363314151763916,0.009163856506347656,0.0050514936447143555,0.009281754493713379,0.0013039112091064453,0.001397848129272461,-0.007099032402038574,-0.005451321601867676,-0.0034731626510620117,0.0020307302474975586,0.0019358396530151367,0.0016164779663085938,0.013270854949951172,0.017821788787841797
2024-03-05,-0.014394044876098633,-0.005376040935516357,0.018496155738830566,0.018114209175109863,0.010416626930236816,0.005583524703979492,0.003936409950256348,-0.006699085235595703,-0.007281303405761719,-0.00665891170501709,0.028981804847717285,-0.015413522720336914,0.06228196620941162,0.012096762657165527
2024-03-06,-0.008657634258270264,0.021983981132507324,0.016383767127990723,-0.004197061061859131,0.013208746910095215,0.0012493133544921875,-0.00831758975982666,0.0030655860900878906,-0.007844686508178711,-0.02593994140625,0.004979968070983887,6.377696990966797e-05,-0.018761754035949707,0.036734700202941895
2024-03-07,0.007851123809814453,-0.01204448938369751,-0.002913177013397217,-0.003481745719909668,-0.005723357200622559,0.002356886863708496,0.008340179920196533,-0.012224912643432617,-0.005918025970458984,0.006818175315856934,-0.003899216651916504,-0.0052939653396606445,0.015501260757446289,-0.010593175888061523
2024-03-11,0.022669553756713867,-0.005713224411010742,-0.015777230262756348,-0.020136117935180664,-0.006076216697692871,-0.012586414813995361,0.00850224494934082,-0.003712892532348633,0.014516353607177734,0.010583579540252686,-0.007258176803588867,0.018209457397460938,-0.023401319980621338,0.008385777473449707
2024-03-12,-0.013950765132904053,-0.0073296427726745605,-0.021571338176727295,-0.033780574798583984,-0.023487746715545654,0.02227199077606201,0.0017150044441223145,-0.012422382831573486,0.0051912665367126465,0.0052037835121154785,-0.02291959524154663,0.018094897270202637,-0.02230936288833618,0.033826589584350586
2024-03-13,0.0014755725860595703,-0.015132129192352295,-0.04045307636260986,-0.055355966091156006,-0.021416783332824707,0.0005481243133544922,-0.006593227386474609,-0.02515721321105957,0.019829750061035156,-0.005231022834777832,-0.0567513108253479,0.01638805866241455,-0.06028604507446289,-0.08315098285675049
2024-03-14,0.012220501899719238,-0.020501673221588135,-0.006745338439941406,0.02025294303894043,-0.016498267650604248,-0.0034236907958984375,0.000322878360748291,0.012258052825927734,0.01723623275756836,-0.007516622543334961,0.015598535537719727,0.008297085762023926,0.015214085578918457,-0.1193317174911499
2024-03-15,-0.009761154651641846,-0.011197686195373535,-0.02058577537536621,0.004131436347961426,0.030126571655273438,-0.0019239187240600586,0.002999246120452881,0.0031867027282714844,-0.005146384239196777,0.0022954940795898438,-0.024047791957855225,0.012347280979156494,0.03107917308807373,-0.014925360679626465
2024-03-18,-0.014526605606079102,0.014286994934082031,0.0019501447677612305,0.007124900817871094,-0.02060478925704956,-0.0045435428619384766,-0.0007867813110351562,-0.00952988862991333,0.0024589896202087402,0.00028759241104125977,0.019064784049987793,0.0012980103492736816,0.036371469497680664,0.014705836772918701
2024-03-19,-0.01702195405960083,-0.009940087795257568,-0.021842598915100098,-0.008369922637939453,0.001017928123474121,0.0023512840270996094,-0.0025434494018554688,-0.01667732000350952,0.0314716100692749,-0.006616711616516113,-0.028679847717285156,0.009781837463378906,-0.027426600456237793,0.02132195234298706
2024-03-20,-0.000446319580078125,-0.015274107456207275,0.003095388412475586,0.004622220993041992,-0.0003390312194824219,-0.012694895267486572,-0.0005074739456176758,-0.003913938999176025,-0.005194902420043945,-0.009145498275756836,0.0009084939956665039,-0.017200946807861328,-0.030899345874786377,-0.0043572187423706055
2024-03-21,0.010805487632751465,0.0008214712142944336,0.02402472496032715,0.024304866790771484,0.016954898834228516,0.01034247875213623,0.0024895668029785156,0.020301342010498047,-0.02951681613922119,-0.003681659698486328,0.03766906261444092,-0.010933756828308105,0.015245914459228516,-0.015184402465820312
2024-03-22,-0.003003835678100586,-0.0022208690643310547,0.016573309898376465,0.01689279079437256,-0.0023340582847595215,-0.0020749568939208984,-0.007857322692871094,0.0019255876541137695,-0.018866658210754395,-0.002539515495300293,0.013995766639709473,-0.003224492073059082,0.009096860885620117,-0.021367549896240234
2024-03-26,-0.0022153258323669434,0.007016301155090332,0.006987094879150391,-0.0026887059211730957,0.0013369321823120117,-0.012059926986694336,0.006053447723388672,-0.004484355449676514,-0.004364728927612305,0.012946724891662598,0.0098344087600708,0.008905887603759766,0.013092994689941406,0.014644384384155273
2024-03-27,-0.002664327621459961,0.011820554733276367,-0.011143863201141357,-0.01347970962524414,0.0,0.010804057121276855,-4.6133995056152344e-05,0.0012871026992797852,-0.009778141975402832,-0.012546300888061523,-0.009738564491271973,0.00912100076675415,0.008192062377929688,0.01698511838912964
2024-03-28,0.006233334541320801,-0.005366384983062744,0.0212630033493042,0.030548453330993652,0.0026701688766479492,0.004997134208679199,-0.0088120698928833,-0.030848324298858643,-0.012682914733886719,-0.005632162094116211,0.013457655906677246,-0.025978446006774902,0.015620708465576172,-0.0021598339080810547
2024-04-01,-0.04309725761413574,0.0056340694427490234,0.010410189628601074,0.0142059326171875,0.01431429386138916,0.015469670295715332,-0.005808115005493164,-0.027851462364196777,0.006825506687164307,-0.0028003454208374023,0.009618639945983887,-0.00790858268737793,0.02165663242340088,-0.0538792610168457
2024-04-02,-0.0038177967071533203,-0.005602538585662842,0.017514944076538086,0.009991645812988281,0.011158466339111328,0.006664752960205078,-0.016778111457824707,-0.021290302276611328,-0.011021733283996582,0.018430650234222412,0.008768200874328613,-0.010681867599487305,0.0003374814987182617,-0.006134986877441406
2024-04-03,-0.022734999656677246,0.015326619148254395,0.011340618133544922,0.021172285079956055,0.0029211044311523438,0.0014863014221191406,-0.0036996006965637207,0.0094757080078125,0.01074129343032837,0.015078186988830566,-0.06669449806213379,-0.0060672760009765625,0.004589080810546875,-0.032520294189453125
2024-04-04,-0.02627885341644287,-0.0002822279930114746,-0.01802164316177368,0.0008149147033691406,-0.013268649578094482,-0.030491113662719727,0.0015317201614379883,-0.013392806053161621,-0.0011668205261230469,-0.010398507118225098,0.0003134012222290039,0.015238940715789795,0.010412454605102539,0.019685029983520508
2024-04-05,-0.022223949432373047,-0.003621995449066162,-0.0020391345024108887,0.012755513191223145,0.013774991035461426,-0.014401674270629883,0.00421750545501709,-0.015103936195373535,-0.005147457122802734,-0.020583271980285645,-0.010659098625183105,-0.00717771053314209,0.007047414779663086,-0.01204824447631836
2024-04-08,0.0013390779495239258,0.016004204750061035,-0.005108296871185303,-0.004287600517272949,-0.0009706020355224609,0.0019359588623046875,0.0034613609313964844,-0.02293860912322998,-0.010274410247802734,-0.0019608736038208008,0.026676952838897705,-0.004642009735107422,-0.03320789337158203,0.01785719394683838
2024-04-09,0.002602994441986084,0.003670811653137207,-0.008009850978851318,-0.007087111473083496,0.009067416191101074,-0.001293182373046875,-0.01830470561981201,0.004242420196533203,0.00854402780532837,0.0044730305671691895,0.003027677536010742,0.005336403846740723,-0.023422598838806152,0.008080840110778809
2024-04-10,-0.003479599952697754,0.007222294807434082,0.020496845245361328,0.008041143417358398,0.020539164543151855,0.00787806510925293,-0.0021227598190307617,-0.031040668487548828,0.0013505220413208008,-0.025554656982421875,-0.028690218925476074,-0.01943206787109375,-0.0037758946418762207,0.0040732622146606445
2024-04-12,-0.006777524948120117,-0.01319187879562378,-0.010752677917480469,-0.012189686298370361,-0.01918238401412964,0.011325180530548096,0.004506945610046387,0.004132211208343506,-0.0018031597137451172,0.007119417190551758,0.010643303394317627,0.01636606454849243,-0.01151120662689209,0.008179962635040283
2024-04-15,0.010097861289978027,-0.014439404010772705,-0.02522563934326172,-0.021595120429992676,-0.006091654300689697,0.01593148708343506,-0.023587524890899658,0.018968582153320312,0.010124385356903076,0.008273601531982422,0.014840960502624512,0.011483728885650635,-0.02676987648010254,0.01237112283706665
2024-04-16,0.029890835285186768,-0.005718529224395752,-0.02629917860031128,-0.015580058097839355,-0.018709659576416016,-0.009633302688598633,-0.0104789137840271,0.0006042718887329102,-0.03178781270980835,0.0030589699745178223,0.03236091136932373,0.007656753063201904,-0.014519095420837402,-0.0
2024-04-18,-0.012552857398986816,-0.026523470878601074,0.017286062240600586,-0.0009420514106750488,0.0003286600112915039,0.00954139232635498,-0.010871171951293945,0.0012091994285583496,-0.011100232601165771,0.0030683279037475586,-0.0077430009841918945,0.009179234504699707,-0.004960477352142334,0.002087712287902832
2024-04-19,0.01030421257019043,0.00498044490814209,-0.008071362972259521,-0.008298039436340332,-0.0019716620445251465,-0.024351000785827637,0.01118016242980957,0.00907987356185913,0.005188584327697754,-0.0030777454376220703,0.009972155094146729,-0.007586002349853516,-0.013318419456481934,-0.002092123031616211
2024-04-22,0.011550426483154297,0.02414727210998535,0.01734471321105957,-0.03727293014526367,0.010865926742553711,0.012408554553985596,0.01817762851715088,-0.016493558883666992,-0.0030701160430908203,-0.009762883186340332,-0.037813663482666016,-0.02085411548614502,-0.07216644287109375,-0.052192091941833496
2024-04-23,-0.0031270980834960938,0.001707911491394043,-0.004420161247253418,-0.003025054931640625,0.0016286373138427734,0.0030419230461120605,0.0033129453659057617,-0.003004789352416992,-0.0020304322242736816,-0.0016574859619140625,0.0019093155860900879,-0.009006738662719727,0.025179266929626465,-0.017857074737548828
2024-04-24,-0.01550447940826416,0.007103919982910156,-0.004228353500366211,0.0076767802238464355,-0.0009755492210388184,-0.0026532411575317383,0.005961894989013672,0.0011982917785644531,0.00010180473327636719,-0.016547203063964844,-0.0011159181594848633,-0.00012934207916259766,-0.001443028450012207,0.0077972412109375
2024-04-25,0.016318023204803467,-0.05995762348175049,-0.038004279136657715,-0.03398406505584717,0.015299439430236816,0.000529170036315918,0.015500307083129883,-0.0005998611450195312,0.014545798301696777,-0.10879004001617432,-0.02181529998779297,-0.05122244358062744,-0.020172953605651855,-0.019646406173706055
2024-04-26,0.014864087104797363,-0.00292813777923584,0.0022499561309814453,-0.0012470483779907227,0.007374167442321777,0.0006619095802307129,-0.005252480506896973,-0.016786575317382812,-0.03321969509124756,-0.02070009708404541,-0.004051804542541504,0.01402735710144043,-0.006144046783447266,-0.007707118988037109
2024-04-29,-0.06360459327697754,-0.025612592697143555,-0.017425179481506348,-0.005426526069641113,0.02132391929626465,-0.013114213943481445,-0.04716134071350098,-0.03714627027511597,-0.02824246883392334,0.01989424228668213,-0.005820274353027344,-0.031448960304260254,-0.03972768783569336,-0.036328911781311035
2024-04-30,0.0068187713623046875,-0.0057364702224731445,-0.03364908695220947,-0.0020350217819213867,0.013399839401245117,0.006276130676269531,0.008404076099395752,0.006123661994934082,-0.019129276275634766,-0.010057985782623291,-0.02777564525604248,0.0003024935722351074,0.01660710573196411,0.03505539894104004
2024-05-02,-0.018465876579284668,0.013766229152679443,0.0077972412109375,-0.010684370994567871,-0.03321027755737305,-0.00802624225616455,0.00951850414276123,-0.007303714752197266,0.006927490234375,-0.029864490032196045,0.021319806575775146,-0.004599094390869141,-0.002951979637145996,0.026768624782562256
2024-05-03,0.0004648566246032715,0.007261812686920166,0.013359487056732178,0.004455745220184326,0.01220238208770752,0.008223474025726318,-0.0022819042205810547,-0.007970571517944336,0.014283835887908936,-0.018406927585601807,0.016261398792266846,-0.001686692237854004,0.014236807823181152,0.01964634656906128
2024-05-06,0.017209291458129883,-0.0018835067749023438,0.037435293197631836,-0.05572617053985596,0.01355832815170288,-0.0019742250442504883,-0.0037213563919067383,-0.010506808757781982,-0.009301066398620605,0.05043649673461914,-0.06409358978271484,0.028444290161132812,0.03221774101257324,0.034068167209625244
2024-05-07,0.0059157609939575195,0.01394665241241455,0.025858521461486816,-0.026115238666534424,0.024129509925842285,0.010771036148071289,0.012562155723571777,-0.02748286724090576,0.030016660690307617,0.012003660202026367,-0.03774052858352661,0.007303714752197266,0.04096716642379761,0.05186724662780762
2024-05-08,0.008410751819610596,-0.0008424520492553711,-0.013803362846374512,-0.03387731313705444,0.01564943790435791,0.01566857099533081,0.00786292552947998,-0.01156073808670044,0.006918907165527344,0.002737283706665039,0.02043294906616211,-0.011098623275756836,-0.016682863235473633,-0.004376411437988281
2024-05-09,-0.004961252212524414,0.01151818037033081,-0.0006284713745117188,-0.022520720958709717,0.0012718439102172852,0.023607194423675537,0.0065004825592041016,-0.014294981956481934,0.028457581996917725,-0.0033363699913024902,-0.021211624145507812,-0.011100172996520996,0.014275133609771729,0.015250563621520996
2024-05-10,-0.01138615608215332,-0.00398862361907959,0.03077244758605957,0.005153656005859375,-0.018465399742126465,0.006631672382354736,-0.0012100934982299805,0.009228825569152832,-0.006207942962646484,-0.009129643440246582,0.014303088188171387,0.002988576889038086,0.0006719231605529785,0.0044248104095458984
2024-05-13,0.001968204975128174,-0.010624051094055176,-0.017062664031982422,0.0018095970153808594,-0.010940909385681152,-0.011960983276367188,-0.009802579879760742,0.007838010787963867,0.003971219062805176,0.007985234260559082,-0.006495177745819092,0.010460615158081055,0.040487051010131836,0.011111140251159668
2024-05-14,-0.007651686668395996,0.008083045482635498,-0.007220149040222168,0.032413363456726074,-0.013605475425720215,-0.003985762596130371,0.006604552268981934,0.004536628723144531,-0.011711955070495605,0.003351569175720215,0.0215914249420166,-0.011622190475463867,0.020708441734313965,-0.013483166694641113
2024-05-15,0.024659454822540283,-0.004631161689758301,-0.01201772689819336,-0.05180799961090088,0.007016420364379883,0.015468835830688477,-0.0033911466598510742,-0.0077419281005859375,0.0027445554733276367,0.0027331113815307617,-0.011535882949829102,-0.0025665760040283203,-0.04078221321105957,-0.0022172927856445312
2024-05-16,0.002086818218231201,-0.009972929954528809,0.003958344459533691,0.045836806297302246,-0.008294939994812012,-0.015155673027038574,-0.005959033966064453,0.0019506216049194336,0.005892276763916016,0.012719511985778809,0.0068149566650390625,0.01017916202545166,-0.012908697128295898,-0.0022124052047729492
2024-05-17,-0.004343152046203613,-0.0017993450164794922,0.005856573581695557,-0.0009684562683105469,0.001523435115814209,-0.0026024580001831055,0.0004863142967224121,0.0019466876983642578,-0.0025554895401000977,0.01465308666229248,-0.00042307376861572266,-0.007266402244567871,0.011311352252960205,-0.01545250415802002
2024-05-18,8.004903793334961e-05,-0.0021028518676757812,-0.0044182538986206055,-0.006289362907409668,-0.0,-0.0013661384582519531,-0.00022113323211669922,0.0032383203506469727,-0.0035048723220825195,0.00029468536376953125,0.00804126262664795,-0.0038515329360961914,-0.01548314094543457,-0.015217423439025879
2024-05-21,0.014095783233642578,0.005333304405212402,-0.011730194091796875,-0.015288472175598145,0.001220703125,0.004911303520202637,0.00866687297821045,0.0,0.0076201558113098145,0.0005893707275390625,0.0023511648178100586,-0.011754035949707031,-0.010890722274780273,0.004282653331756592
2024-05-22,0.01982128620147705,0.010240435600280762,0.008281588554382324,0.0017993450164794922,0.007638275623321533,-0.0002741813659667969,0.008787155151367188,-0.0038734078407287598,0.0011020898818969727,0.0008833408355712891,-0.004356265068054199,0.014326155185699463,-0.03915596008300781,0.012903213500976562
2024-05-23,-0.026769518852233887,-0.034857869148254395,-0.0229644775390625,-0.015085339546203613,-0.002463102340698242,-0.022889256477355957,-0.02106022834777832,0.011665582656860352,-0.02555251121520996,0.005589842796325684,0.006310462951660156,-0.01630532741546631,-0.030459046363830566,-0.006535887718200684
2024-05-24,-0.001937270164489746,-0.007509112358093262,0.001224517822265625,0.004299461841583252,-0.003992557525634766,-0.01648128032684326,0.002247750759124756,-0.004484355449676514,-0.0006593465805053711,-0.0032181739807128906,-0.0015050172805786133,0.004206240177154541,-0.026158809661865234,0.004329025745391846
2024-05-27,-0.02247631549835205,-0.01107323169708252,-0.0063343048095703125,0.0018773674964904785,-0.0012235641479492188,-0.0068547725677490234,0.0018993020057678223,0.012226581573486328,-0.016160249710083008,0.004402756690979004,0.024451494216918945,-0.0061550140380859375,-0.022922396659851074,-0.002173900604248047
2024-05-28,-0.0027576684951782227,0.003032863140106201,0.02375638484954834,0.009216606616973877,0.022303640842437744,-0.0018329620361328125,0.0025226473808288574,-0.008900225162506104,0.003924667835235596,-0.004383385181427002,-0.010380864143371582,0.00305861234664917,0.0134848952293396,0.010845959186553955
2024-05-29,-0.01877903938293457,0.019984781742095947,0.003535747528076172,-0.005410552024841309,0.003125011920928955,0.01437532901763916,-0.022139370441436768,-0.010262906551361084,-0.0006167888641357422,-0.009098947048187256,-0.0012389421463012695,0.010226786136627197,0.018761754035949707,0.002192974090576172
2024-05-30,0.014962255954742432,-0.007070422172546387,0.002295970916748047,0.013311922550201416,-0.005015730857849121,-0.004242897033691406,0.01061701774597168,0.005184769630432129,0.009210705757141113,0.0011848211288452148,-0.004631161689758301,-0.003889799118041992,0.015842735767364502,0.00879126787185669
2024-05-31,-0.022705912590026855,0.0049659013748168945,-0.008159041404724121,-0.026408910751342773,-0.010917067527770996,-0.011090517044067383,0.0065996646881103516,-0.014829158782958984,-0.010402202606201172,-0.0056212544441223145,0.01570284366607666,-0.00544893741607666,-0.050652265548706055,-0.01995563507080078
2024-06-03,0.01309138536453247,-0.05313432216644287,-0.12450718879699707,-0.08940064907073975,-0.014193177223205566,-0.026508212089538574,-0.03474414348602295,-0.022251248359680176,-0.04641377925872803,-0.022314786911010742,-0.05832314491271973,-0.09068477153778076,-0.06293749809265137,-0.023913025856018066
2024-06-04,0.024513185024261475,-0.07570064067840576,-0.16829675436019897,-0.14727020263671875,-0.05902045965194702,-0.05660855770111084,-0.07633626461029053,-0.07106268405914307,-0.09034448862075806,-0.04656577110290527,-0.15806156396865845,-0.14404022693634033,-0.18633109331130981,-0.07218676805496216
2024-06-05,-0.06489062309265137,0.04707181453704834,0.04881298542022705,0.05027604103088379,-0.07371485233306885,-0.04625141620635986,0.03471934795379639,-0.06478285789489746,-0.07865607738494873,-0.04884004592895508,0.0563664436340332,0.018769383430480957,0.01443183422088623,0.03661322593688965
2024-06-06,0.013441860675811768,-0.01143944263458252,0.03532886505126953,0.024937868118286133,0.009033441543579102,-0.005026340484619141,0.0015784502029418945,-0.0,0.013224959373474121,-0.009604096412658691,0.01685929298400879,0.034441351890563965,0.02619493007659912,0.011037468910217285
2024-06-07,-0.012792348861694336,0.01353609561920166,0.007151603698730469,0.00783073902130127,-0.003038644790649414,-0.008848428726196289,0.010176420211791992,-0.005825161933898926,-0.007426857948303223,-0.01095426082611084,0.00965726375579834,0.015912890434265137,0.013496637344360352,0.010917067527770996
2024-06-10,-0.0006726980209350586,0.011122345924377441,0.021302461624145508,0.018407106399536133,0.0012117624282836914,0.007753968238830566,0.0018723011016845703,0.0021879076957702637,0.004188716411590576,0.004562318325042725,0.0019469261169433594,0.002228975296020508,0.005355715751647949,0.031101584434509277
2024-06-11,-0.003211498260498047,-0.004500031471252441,-0.005959451198577881,0.0017256736755371094,-0.016621112823486328,-0.0023059844970703125,-0.004983186721801758,0.00025790929794311523,0.003230452537536621,0.014609038829803467,0.006420493125915527,0.004508256912231445,-0.006407022476196289,-0.010473370552062988
2024-06-12,0.006774842739105225,-0.005608558654785156,0.03217422962188721,0.013147115707397461,-0.03741276264190674,-0.006007075309753418,0.0012073516845703125,-0.003999471664428711,-0.0021605491638183594,0.0023255348205566406,0.010576725006103516,0.0042487382888793945,0.007607579231262207,0.02116847038269043
2024-06-13,-0.0016491413116455078,-0.011154115200042725,-0.00251692533493042,-0.007248938083648682,0.009202837944030762,-0.004192709922790527,-0.010897278785705566,0.004626095294952393,-0.015496015548706055,-0.0061187744140625,-0.00714343786239624,0.00572049617767334,-0.007909715175628662,-0.013267040252685547
2024-06-14,0.010327041149139404,0.005448460578918457,0.013004660606384277,0.017849087715148926,-0.012423038482666016,-0.010121464729309082,-0.001535177230834961,-0.0069713592529296875,0.0032509565353393555,0.005502462387084961,0.018740057945251465,-0.005569398403167725,0.00913238525390625,0.0004202127456665039
2024-06-18,-0.00491487979888916,0.009186744689941406,0.0036405324935913086,0.008768081665039062,-0.003956437110900879,-0.006888747215270996,0.0155564546585083,-0.04435896873474121,-0.003694295883178711,-0.0014560222625732422,-0.0023815035820007324,0.006792187690734863,-0.0034474730491638184,-0.00041997432708740234
2024-06-19,0.011361896991729736,0.02915513515472412,-0.012027442455291748,-0.005882322788238525,0.0030840635299682617,-0.031098365783691406,0.01923668384552002,-0.00871586799621582,-0.013462424278259277,-0.015702247619628906,-0.0026341676712036133,0.009113430976867676,0.0013693571090698242,0.0004202127456665039
2024-06-20,-0.014917373657226562,0.010475635528564453,0.004637718200683594,0.00035321712493896484,-0.024806618690490723,-0.006997227668762207,0.010791301727294922,-0.020323753356933594,0.00022900104522705078,-0.011165261268615723,0.001485586166381836,-0.010379970073699951,-0.009284615516662598,0.006299853324890137
2024-06-21,-0.0012748241424560547,-0.001653909683227539,-0.02115797996520996,-0.017127156257629395,0.013193190097808838,0.0021564364433288574,0.0015991926193237305,0.004413127899169922,0.00045812129974365234,-0.005379319190979004,-0.02085047960281372,-0.008829653263092041,0.007192134857177734,-0.005008280277252197
2024-06-24,-0.01782512664794922,-0.007555842399597168,0.004716038703918457,-0.007185876369476318,0.0038523077964782715,-0.003962039947509766,0.009882092475891113,0.0063495635986328125,0.02406442165374756,0.0016896724700927734,-0.00580751895904541,-0.004304647445678711,-0.038012146949768066,0.0050334930419921875
2024-06-25,-0.003973484039306641,0.03529846668243408,0.00019562244415283203,-0.0018094182014465332,-0.0009099245071411133,-0.023319721221923828,0.023801326751708984,0.0003616809844970703,-0.003455519676208496,-0.005359649658203125,-0.007619380950927734,0.011468648910522461,-0.009297370910644531,0.0025042295455932617
2024-06-26,-0.015024900436401367,0.010971784591674805,0.0009777545928955078,0.005347609519958496,-0.006647706031799316,0.005726337432861328,0.016736984252929688,0.002050459384918213,-0.0015712976455688477,-0.008978724479675293,0.0018768310546875,0.003680586814880371,0.0019676685333251953,-0.009575307369232178
2024-06-27,0.03805333375930786,0.0027617216110229492,-0.00390702486038208,-0.0048683881759643555,0.0008466243743896484,0.0031734704971313477,0.0015599727630615234,0.006526470184326172,-0.0032378435134887695,-0.01807558536529541,-0.041468024253845215,-0.0015969276428222656,-0.015257954597473145,-0.011769652366638184
2024-06-28,-0.00893259048461914,-0.018387019634246826,0.011570930480957031,0.011596322059631348,-0.0012992620468139648,0.007310390472412109,-0.01664072275161743,0.00048655271530151367,0.02545332908630371,0.015296399593353271,0.03411209583282471,0.005864977836608887,-0.012579560279846191,0.0076563358306884766
2024-07-01,-0.002678394317626953,-0.002647697925567627,-0.01182621717453003,-0.009314000606536865,-0.002764463424682617,-0.012709259986877441,0.010211706161499023,0.012414872646331787,0.005189478397369385,-0.003051280975341797,-0.006528675556182861,-0.008245468139648438,-0.009710192680358887,0.015618324279785156
2024-07-02,0.0008161664009094238,-0.006735861301422119,-0.02628999948501587,-0.017808735370635986,0.015303254127502441,-0.01489567756652832,-0.017535150051116943,0.02772986888885498,0.018841445446014404,0.02129429578781128,-0.014958977699279785,-0.018765926361083984,-0.009805440902709961,-0.00872814655303955
2024-07-03,0.010470807552337646,0.021222233772277832,0.010679006576538086,0.006810784339904785,-0.036795854568481445,-0.021957755088806152,0.0092390775680542,-0.025224924087524414,-0.018223881721496582,-0.02317047119140625,0.008339166641235352,0.01670396327972412,0.015923380851745605,0.003354310989379883
2024-07-04,-0.010806798934936523,0.0007030963897705078,0.008572578430175781,0.001828312873840332,0.002700328826904297,-0.023408353328704834,0.026131868362426758,-0.0035855770111083984,0.008691191673278809,-0.012979745864868164,-0.0008705854415893555,-0.0007739067077636719,-0.0019495487213134766,0.0008357763290405273
2024-07-05,0.0012621879577636719,0.004801273345947266,0.013639092445373535,0.004288673400878906,-0.028844594955444336,-0.04585450887680054,0.00032448768615722656,-0.00024640560150146484,0.005960404872894287,-0.010087251663208008,0.010455727577209473,-0.024365544319152832,-0.0014844536781311035,-0.11231732368469238
2024-07-08,-0.04445427656173706,0.0006215572357177734,-0.041926681995391846,-0.024350345134735107,-0.010043501853942871,-0.007645606994628906,0.0013377666473388672,0.017612993717193604,-0.002649545669555664,-0.00026988983154296875,-0.01172715425491333,0.004070937633514404,-0.018857598304748535,0.036036014556884766
2024-07-09,-0.004123270511627197,0.0012035369873046875,-0.002442479133605957,0.009592175483703613,0.0016484260559082031,0.000611424446105957,0.010687828063964844,0.00714641809463501,0.002642512321472168,0.0026983022689819336,0.008463501930236816,-0.0058977603912353516,-0.05048251152038574,-0.004672884941101074
2024-07-10,-0.015779972076416016,0.001744985580444336,-0.01958787441253662,-0.01070016622543335,-0.004846930503845215,-0.006355404853820801,-0.004045724868774414,0.012375354766845703,0.005787014961242676,0.009740293025970459,-0.025869548320770264,0.014280736446380615,0.010400831699371338,0.0325581431388855
2024-07-11,0.005476593971252441,0.0039484500885009766,0.0006242990493774414,-0.0053147077560424805,-0.0212022066116333,-0.002460002899169922,-0.00382077693939209,-0.00012791156768798828,-0.002664923667907715,-0.007923483848571777,0.0015099048614501953,-0.009069561958312988,0.011737644672393799,-0.03485584259033203
2024-07-12,0.016419291496276855,0.015847325325012207,-0.023918449878692627,-0.01256096363067627,-0.014637112617492676,0.0004932880401611328,-0.004481375217437744,-0.0006392002105712891,-0.0033572912216186523,0.006234705448150635,-0.013923346996307373,-0.0035017728805541992,0.005045890808105469,0.008904337882995605
2024-07-15,-0.00458216667175293,-0.007477462291717529,-0.03174948692321777,-0.04025065898895264,0.0037343502044677734,-0.0004929900169372559,-0.0023927688598632812,0.0014052987098693848,-0.006622314453125,-0.005728363990783691,0.02707076072692871,-0.02518320083618164,-0.023172378540039062,-0.03046870231628418
2024-07-16,-0.009986698627471924,-0.002638697624206543,0.001239180564880371,0.010312139987945557,-0.0030808448791503906,-0.0013563036918640137,0.008089780807495117,0.0026868581771850586,-0.001281142234802246,0.02061295509338379,-0.008844077587127686,0.0007374882698059082,-0.0034314393997192383,0.0072023868560791016
2024-07-18,-0.0022066831588745117,0.004141092300415039,0.010752737522125244,0.0023052096366882324,-0.006398797035217285,-0.0030868053436279297,0.00838780403137207,0.0026940107345581055,-0.007607698440551758,-0.01190805435180664,-0.008481323719024658,-0.014590620994567871,-0.001139998435974121,0.016800343990325928
2024-07-19,0.0009478330612182617,-0.013021290302276611,0.01902174949645996,0.02486133575439453,-0.026093602180480957,-0.0047065019607543945,-0.0013197064399719238,0.022125065326690674,0.016782283782958984,0.003010392189025879,-0.019602656364440918,0.004700362682342529,0.004023075103759766,0.03805822134017944
2024-07-22,0.03432488441467285,-0.00762176513671875,-0.00958871841430664,-0.016491293907165527,0.007625222206115723,0.0220259428024292,-0.006006479263305664,-0.020652413368225098,0.006317794322967529,-0.035135865211486816,0.014177918434143066,0.01411139965057373,-0.0038106441497802734,-0.03633427619934082
2024-07-23,0.0012968778610229492,-0.015009760856628418,0.007387101650238037,0.016503453254699707,0.026071667671203613,-0.014732718467712402,-0.011602163314819336,0.01288825273513794,0.007165968418121338,0.006543397903442383,-0.0034949183464050293,0.01471257209777832,0.010553479194641113,0.02765876054763794
2024-07-24,0.0050286054611206055,-0.01899862289428711,0.008717775344848633,0.00360262393951416,0.016518473625183105,-0.008897662162780762,-0.0030568838119506836,0.012142479419708252,0.011710941791534424,-0.013001620769500732,-0.010161817073822021,0.013774752616882324,0.001611471176147461,0.0024037957191467285
2024-07-25,-0.04230153560638428,-0.05111962556838989,0.014371514320373535,0.0050427913665771484,0.017094850540161133,0.00785529613494873,-0.0205233097076416,0.013217031955718994,0.012565791606903076,0.0166093111038208,0.009993672370910645,0.004107952117919922,0.018522799015045166,0.01124495267868042
2024-07-26,0.02968418598175049,0.0012331008911132812,-0.017627835273742676,-0.017595887184143066,-0.03258901834487915,0.000989675521850586,0.007763504981994629,0.0024109482765197754,-0.01798272132873535,0.021971821784973145,0.018979907035827637,-0.016440749168395996,-0.006421327590942383,-0.014216065406799316
2024-07-29,-0.000538170337677002,-0.006200313568115234,-0.02480757236480713,-0.0180433988571167,0.015202045440673828,-0.008157193660736084,0.004555940628051758,-0.004699230194091797,-0.005413532257080078,-0.01102536916732788,-0.05870413780212402,-0.010609269142150879,-0.030034184455871582,0.0008009076118469238
2024-07-30,0.002153754234313965,-4.279613494873047e-05,-0.0014606714248657227,0.0012000799179077148,0.004129171371459961,0.006604313850402832,-0.0026799440383911133,-0.016170024871826172,-0.012894034385681152,-0.004459261894226074,0.011673510074615479,-0.0013767480850219727,0.014352679252624512,-0.030460834503173828
2024-07-31,-0.008289217948913574,-0.0033333301544189453,0.01021045446395874,0.009242117404937744,-0.002229452133178711,0.00012385845184326172,0.004506230354309082,0.0006576180458068848,0.001328885555267334,0.012318015098571777,0.012401938438415527,0.0004582405090332031,0.0007663369178771973,-0.031116366386413574
2024-08-01,-0.002012193202972412,0.005316972732543945,0.009473681449890137,0.017537295818328857,-0.0031778812408447266,0.014234423637390137,-0.003950953483581543,0.00789576768875122,0.005568087100982666,-0.008573055267333984,0.00811547040939331,0.011176049709320068,-0.0034514665603637695,0.008675932884216309
2024-08-02,-0.011089622974395752,-0.00976717472076416,0.02996814250946045,0.01955944299697876,-0.015143156051635742,0.01244807243347168,-0.011197388172149658,0.014325559139251709,0.010951817035675049,0.006136655807495117,0.02187579870223999,0.017156481742858887,0.014752030372619629,0.03158295154571533
2024-08-05,-0.008782923221588135,-0.023560285568237305,0.01533740758895874,-0.04735618829727173,-0.024581432342529297,-0.026157140731811523,-0.020015954971313477,-0.030951380729675293,0.010574758052825928,-0.016634345054626465,-0.052566707134246826,-0.04269617795944214,-0.05655539035797119,-0.07504910230636597
2024-08-06,0.006170868873596191,-0.006528496742248535,0.0020026564598083496,-0.0021347999572753906,-0.00767439603805542,-0.009035825729370117,-0.004903614521026611,-0.0034717321395874023,0.006081521511077881,-0.001691579818725586,-0.0012081265449523926,-0.01718723773956299,-0.023846745491027832,-0.012319505214691162
2024-08-07,-0.007941603660583496,0.009501934051513672,-0.01627647876739502,0.030358552932739258,0.006949901580810547,0.013989567756652832,0.004799246788024902,0.010730147361755371,-0.025959432125091553,0.0033887624740600586,0.01879596710205078,0.013726949691772461,-0.004548907279968262,0.0344085693359375
2024-08-08,-0.007529497146606445,0.0011875629425048828,0.008336961269378662,-0.009887278079986572,0.0056046247482299805,0.0118255615234375,-0.006695389747619629,-0.0068936944007873535,0.001598358154296875,-0.0019701123237609863,-0.016531169414520264,-0.0007420182228088379,-0.014470696449279785,-0.00540536642074585
2024-08-09,-0.00023949146270751953,0.0040416717529296875,-0.018584012985229492,0.0326542854309082,0.01950669288635254,0.00450444221496582,0.006010651588439941,0.011523008346557617,0.001855611801147461,-0.0019741058349609375,0.010865569114685059,0.020110130310058594,0.021724224090576172,0.0008361339569091797
2024-08-12,-0.02588069438934326,0.01885807514190674,0.004126846790313721,-0.009960412979125977,0.018627285957336426,0.0059386491775512695,0.0010242462158203125,-0.01468569040298462,0.0007778406143188477,0.001695394515991211,-0.0057877302169799805,-0.014193892478942871,-0.011765718460083008,0.020050048828125
2024-08-13,0.003608107566833496,-0.004036843776702881,0.012431859970092773,-0.026079297065734863,0.004770398139953613,-0.034216880798339844,-0.003794372081756592,-0.005850374698638916,-0.0001850724220275879,-0.011565625667572021,-0.0025873184204101562,-0.018520772457122803,-0.018113791942596436,-0.012694478034973145
2024-08-14,-0.014543712139129639,-0.0056053996086120605,0.009717285633087158,-0.00972825288772583,0.002621173858642578,0.0028693675994873047,-0.005734562873840332,-0.010788917541503906,-0.009255170822143555,-0.0022830963134765625,-0.006392478942871094,0.006833434104919434,-0.022345423698425293,-0.004977226257324219
2024-08-16,0.016831159591674805,0.011924386024475098,-0.016726136207580566,0.018634796142578125,0.0046367645263671875,0.015051603317260742,-0.022037625312805176,0.019263505935668945,-0.019467949867248535,0.0168764591217041,-0.004568755626678467,0.011332511901855469,0.007087230682373047,0.01167154312133789
2024-08-19,0.0033431053161621094,-0.011655271053314209,-0.01601231098175049,0.021177172660827637,-0.004811704158782959,-0.00024509429931640625,0.009559869766235352,0.0006948709487915039,0.012132108211517334,0.0022503137588500977,0.01920187473297119,0.0019702911376953125,0.02260732650756836,0.0074166059494018555
2024-08-20,0.009589672088623047,0.01278996467590332,-0.02849733829498291,0.013338565826416016,0.004982948303222656,0.0036773681640625,-0.0030188560485839844,0.018608450889587402,-0.02500748634338379,0.013471841812133789,0.018564462661743164,0.008111119270324707,-0.04473114013671875,0.002453923225402832
2024-08-21,0.0065201520919799805,0.00547945499420166,0.0037783384323120117,0.0024019479751586914,-0.0022091269493103027,-0.007205605506896973,0.0039001107215881348,0.003817319869995117,-0.00195467472076416,0.0041539669036865234,-0.008120536804199219,-0.005790591239929199,0.005599021911621094,-0.002447962760925293
2024-08-22,0.013115763664245605,-0.003789246082305908,-0.0027390718460083008,0.0062302350997924805,0.00034439563751220703,0.003321409225463867,-0.013831496238708496,0.023495912551879883,0.0015172958374023438,0.004688262939453125,0.0082780122756958,0.00582432746887207,-0.022604942321777344,0.005316972732543945
2024-08-23,-0.011998772621154785,-0.0034189224243164062,0.006303846836090088,-0.002095639705657959,-0.018493056297302246,-0.0038008689880371094,-0.010410547256469727,-0.012473464012145996,-0.0048122406005859375,-0.0019214153289794922,-0.009292662143707275,-0.006034374237060547,0.004696369171142578,-0.007729887962341309
2024-08-26,0.012224435806274414,0.0037308931350708008,0.004440724849700928,-0.006013810634613037,-0.004159152507781982,0.009230732917785645,-0.008142948150634766,-0.004165530204772949,0.0029167532920837402,-0.0030252933502197266,-0.0010017156600952148,-0.00036793947219848633,0.01985025405883789,-0.012710094451904297
2024-08-27,0.0026047229766845703,0.009356498718261719,0.000849604606628418,-0.005089759826660156,-0.009107828140258789,-0.0013414621353149414,-0.010755777359008789,0.0063419342041015625,0.0009390115737915039,-0.004965484142303467,-0.0017319321632385254,0.0010429620742797852,0.00024902820587158203,-0.0024916529655456543
2024-08-28,-0.004015088081359863,-0.00871962308883667,0.005314648151397705,-0.005598485469818115,-0.006906390190124512,-0.00036638975143432617,0.00203859806060791,-0.006570219993591309,-0.023532390594482422,-0.006653785705566406,-0.010410010814666748,-0.00796663761138916,0.00954747200012207,-0.0024979710578918457
2024-08-29,0.012331008911132812,0.0038003921508789062,0.00021374225616455078,0.00048542022705078125,0.001840829849243164,0.0008550882339477539,0.0015932917594909668,-0.01160740852355957,-0.0012007951736450195,-0.008093774318695068,0.006828427314758301,0.006300926208496094,0.0009220242500305176,-0.00959932804107666
2024-08-30,-0.07550561428070068,-0.00012761354446411133,-0.0012825727462768555,0.011254549026489258,-0.006227016448974609,-0.0010984539985656738,-0.005974292755126953,0.00832986831665039,-0.005502820014953613,0.0022510290145874023,0.008981704711914062,0.0013505220413208008,0.013675689697265625,-0.005056858062744141
2024-09-02,0.011470913887023926,0.01152944564819336,-0.01515805721282959,0.011129140853881836,0.00010275840759277344,-0.005987346172332764,-0.0006101131439208984,0.015845179557800293,-0.016698837280273438,-0.0005615353584289551,-0.00045412778854370117,0.008031010627746582,-0.007230401039123535,0.01101231575012207
2024-09-03,0.009621024131774902,0.002355217933654785,0.012618303298950195,-0.011955618858337402,-0.0005649328231811523,0.006392121315002441,-0.014431476593017578,0.0007998943328857422,0.008522868156433105,0.0022472143173217773,-0.007997095584869385,0.0032231807708740234,-0.0009288787841796875,-0.006703019142150879
2024-09-04,-0.020022273063659668,-0.011664986610412598,-0.028753995895385742,-0.025352895259857178,-0.03463339805603027,0.002687215805053711,0.009096741676330566,-0.005594730377197266,0.0016008615493774414,0.0,-0.022902190685272217,-0.0100630521774292,0.003881216049194336,-0.00927877426147461
2024-09-05,-0.022028446197509766,0.00242006778717041,0.0015350580215454102,-0.003645658493041992,0.009474635124206543,0.0021927356719970703,0.0003235340118408203,0.005224347114562988,0.008017301559448242,-0.003363192081451416,0.004125237464904785,0.0027556419372558594,-0.007538557052612305,-0.004257142543792725
2024-09-06,-0.00014221668243408203,-0.01846599578857422,-0.03284430503845215,-0.044600486755371094,-0.032691776752471924,-0.005105137825012207,-0.02249276638031006,-0.018390178680419922,0.009522855281829834,-0.007874071598052979,-0.03006535768508911,-0.04427480697631836,0.014459788799285889,-0.010688304901123047
2024-09-09,-0.01593172550201416,0.010442256927490234,-0.0013583898544311523,0.0062105655670166016,0.008394718170166016,0.005742192268371582,0.022224068641662598,-0.01411890983581543,-0.013303995132446289,0.014739274978637695,-0.003369271755218506,0.0022363662719726562,0.009212672710418701,-0.010803818702697754
2024-09-10,-0.005600690841674805,0.013964176177978516,0.000680088996887207,-0.0038062334060668945,0.0020540952682495117,0.002429485321044922,0.0018624067306518555,-0.0004131793975830078,-0.005216717720031738,0.0008379220962524414,-0.00038635730743408203,-0.0020401477813720703,-0.009126067161560059,0.003931879997253418
2024-09-11,-0.005639076232910156,-0.0009265542030334473,-0.01223379373550415,-0.01807105541229248,-0.011814236640930176,-0.003877878189086914,-0.0007678866386413574,-0.014740347862243652,0.009996235370635986,-0.0013954639434814453,-0.01942211389541626,-0.017951905727386475,0.02986091375350952,-0.03655350208282471
2024-09-12,0.0024229884147644043,0.014543414115905762,0.0183485746383667,0.021979212760925293,0.002183675765991211,0.013746976852416992,0.012779593467712402,0.01747763156890869,-0.01558542251586914,-0.021520495414733887,0.01172637939453125,0.024915456771850586,-0.005540370941162109,0.01637279987335205
2024-09-13,-0.0033310651779174805,0.01171731948852539,0.009909868240356445,0.023152947425842285,0.016014814376831055,-0.0003600120544433594,-0.001437544822692871,0.008932232856750488,-0.01434171199798584,0.0038303732872009277,0.02201235294342041,0.00393521785736084,-0.016704559326171875,0.0055484771728515625
2024-09-16,0.005464136600494385,0.01117098331451416,-0.0011150836944580078,0.0028160810470581055,-0.00981128215789795,0.0030012130737304688,0.009997248649597168,0.004358530044555664,-0.004200577735900879,-0.0060422420501708984,-0.002668440341949463,-0.006701648235321045,-0.025118231773376465,-0.008583664894104004
2024-09-17,-0.0006954669952392578,0.0008528232574462891,0.001339554786682129,-0.010731101036071777,-0.0019491910934448242,-0.0013165473937988281,0.004157304763793945,-0.006238102912902832,0.0026186704635620117,-0.008190035820007324,-0.0251314640045166,-0.003373384475708008,-0.0074683427810668945,0.004255354404449463
2024-09-18,-0.006671786308288574,0.006777048110961914,-0.006688952445983887,-0.0009123682975769043,0.008571624755859375,-0.015580058097839355,0.015968799591064453,-0.0066866278648376465,-0.009479284286499023,0.003790915012359619,0.006665349006652832,0.012581348419189453,0.009162068367004395,0.0034188032150268555
2024-09-19,-0.03900587558746338,0.0018138885498046875,-0.008529722690582275,-0.007001519203186035,0.0015598535537719727,-0.00802457332611084,0.002833127975463867,0.014150261878967285,-0.0030400753021240234,-0.01766788959503174,-0.01382666826248169,-0.0035319924354553223,0.003026247024536133,0.01586616039276123
2024-09-20,0.028172791004180908,0.0018508434295654297,-0.0015848278999328613,0.0023502111434936523,-0.006229877471923828,-0.019199252128601074,-0.035951972007751465,-0.013410985469818115,0.0030645132064819336,-0.017361164093017578,0.010860919952392578,-0.010443687438964844,-0.006661057472229004,-0.002178668975830078
2024-09-23,-0.006085038185119629,0.001445770263671875,-0.03832197189331055,-0.04139065742492676,0.014105081558227539,-0.010682344436645508,0.012364983558654785,0.01633930206298828,0.010201334953308105,-0.015752196311950684,0.028618931770324707,0.025777101516723633,-0.03191220760345459,0.0030434727668762207
2024-09-24,-0.0006116628646850586,-0.005814909934997559,0.0037125349044799805,9.79304313659668e-05,0.01630699634552002,-0.004659533500671387,0.0024964213371276855,-0.004593312740325928,0.011466741561889648,0.01033860445022583,-0.03304523229598999,-0.004489600658416748,0.0005681514739990234,-0.0008722543716430664
2024-09-25,0.006519973278045654,-0.023032546043395996,0.0015344619750976562,0.008126139640808105,0.010696887969970703,-0.006334781646728516,-0.003981471061706543,-0.00895768404006958,0.00607609748840332,0.008618414402008057,-0.02572917938232422,-0.006451666355133057,0.002355217933654785,0.0069716572761535645
2024-09-26,-0.0062209367752075195,-0.0070972442626953125,-0.007903456687927246,-0.016286611557006836,-0.0009338259696960449,-0.002360701560974121,-0.003927946090698242,0.013831853866577148,-0.009169816970825195,-0.0023709535598754883,0.021268010139465332,0.011032700538635254,0.0003255605697631836,0.0021939873695373535
2024-09-27,0.0065901875495910645,0.0030928850173950195,-0.01807880401611328,-0.026612281799316406,0.005919933319091797,-0.017270386219024658,0.016891837120056152,0.002161383628845215,-0.006883740425109863,0.015768706798553467,0.017962932586669922,0.000997781753540039,0.027198731899261475,-0.0
2024-09-30,-0.012446999549865723,-0.03216439485549927,0.00706028938293457,0.015610158443450928,0.015590310096740723,-0.011753976345062256,0.02571558952331543,0.0021566152572631836,0.01032334566116333,0.009879887104034424,-0.018324613571166992,-0.018376648426055908,0.005943417549133301,0.011433601379394531
2024-10-01,0.010132372379302979,-0.004504084587097168,-0.004524946212768555,0.007592499256134033,0.001982450485229492,-0.0033487677574157715,-0.0010998249053955078,-0.012239336967468262,-0.026181280612945557,-0.013754010200500488,-0.01866668462753296,0.011486172676086426,0.007410526275634766,0.002669036388397217
2024-10-03,0.0013648271560668945,-0.04153597354888916,0.015444040298461914,0.022854924201965332,-0.01684248447418213,-0.025605320930480957,0.014163553714752197,-0.019880175590515137,-0.015570640563964844,-0.03006112575531006,-0.001408994197845459,-0.0035761594772338867,0.02367013692855835,0.024977684020996094
2024-10-04,0.017425179481506348,0.0022965669631958008,-0.022440075874328613,0.0031714439392089844,-0.0006707906723022461,-0.01450657844543457,0.013212859630584717,-0.0020839571952819824,-0.0035309195518493652,-0.00767970085144043,0.007458209991455078,0.0032112598419189453,0.0009558796882629395,-0.004117131233215332
2024-10-07,-0.019542336463928223,-0.02774953842163086,-0.0315362811088562,-0.03837740421295166,-0.048897624015808105,-0.02401059865951538,0.004718661308288574,0.005429506301879883,-0.02314060926437378,-0.010502994060516357,-0.035614192485809326,-0.03263664245605469,-0.04061925411224365,0.03143513202667236
2024-10-08,0.007708072662353516,0.006633639335632324,0.018701910972595215,0.014061212539672852,0.01932680606842041,0.02052164077758789,-0.00218808650970459,0.012600302696228027,0.006440401077270508,0.0075418949127197266,0.004045605659484863,0.014014124870300293,0.0046236515045166016,-0.013170361518859863
2024-10-09,0.030315518379211426,0.0146101713180542,-0.003671705722808838,-0.005199849605560303,-0.010225832462310791,-0.010781347751617432,-0.006105542182922363,-0.010118961334228516,-0.013239681720733643,-0.0013861656188964844,0.015704035758972168,0.020410776138305664,0.002075672149658203,-0.0004642009735107422
2024-10-10,0.007585406303405762,0.012049674987792969,-0.0010839104652404785,-0.002562284469604492,-0.0008609890937805176,0.017879009246826172,0.0005224943161010742,0.01036059856414795,0.011069297790527344,-0.041643500328063965,-0.0039670467376708984,-0.000376284122467041,-0.006934463977813721,0.006032466888427734
2024-10-11,0.013643801212310791,-0.009964168071746826,-0.014756917953491211,-0.0007192492485046387,0.010071158409118652,-0.006857573986053467,0.016485750675201416,-0.010527729988098145,-0.006487786769866943,-0.003464818000793457,0.011846423149108887,0.0033246278762817383,0.0009975433349609375,0.0009337067604064941
2024-10-14,-0.01535344123840332,-0.006908595561981201,0.00881052017211914,0.00421595573425293,-0.04900026321411133,0.02241063117980957,-0.007154583930969238,0.007876157760620117,0.016956090927124023,-0.015139460563659668,0.0009083747863769531,0.006752133369445801,-0.0006341934204101562,0.016355156898498535
2024-10-15,0.0074179768562316895,-0.009017884731292725,-0.003056764602661133,-0.0006144046783447266,-0.009555697441101074,-0.0023696422576904297,-0.019281506538391113,-0.0027420520782470703,-0.006968438625335693,0.008372604846954346,-0.0003024935722351074,-0.0006210207939147949,-0.0075241923332214355,-0.007125973701477051
2024-10-16,-0.0009342432022094727,-0.0005633234977722168,0.0015330314636230469,-0.0006147027015686035,0.021246612071990967,0.009382486343383789,0.009836673736572266,-0.007148683071136475,-0.010728180408477783,0.009762585163116455,0.0007060766220092773,0.0009942054748535156,-0.01086956262588501,0.002358555793762207
2024-10-17,0.01364058256149292,-0.01851367950439453,-0.009184300899505615,-0.01794135570526123,0.004063725471496582,-0.015648961067199707,0.009572505950927734,-0.006646394729614258,0.0007798671722412109,0.006661355495452881,-0.02469503879547119,0.006952643394470215,-0.003786146640777588,0.011820316314697266
2024-10-18,0.004803836345672607,-0.05742812156677246,0.024939298629760742,0.021192193031311035,-0.008728861808776855,0.005139946937561035,-0.02700507640838623,-0.0023696422576904297,-7.420778274536133e-05,-0.0037554502487182617,0.007854461669921875,0.011528253555297852,0.0061179399490356445,-0.009090900421142578
2024-10-21,0.027499496936798096,0.005472660064697266,-0.008828580379486084,-0.017276644706726074,0.009779870510101318,0.02794623374938965,0.004309952259063721,-0.01634758710861206,-0.028947830200195312,-0.0438268780708313,-0.009433925151824951,-0.00786203145980835,-0.00497514009475708,0.003319084644317627
2024-10-22,-0.039632976055145264,0.01222383975982666,-0.04931563138961792,-0.05898261070251465,0.02094215154647827,-0.008213818073272705,-0.006711363792419434,-0.029545485973358154,-0.02591252326965332,-0.01453322172164917,-0.07173913717269897,-0.02893298864364624,-0.021666646003723145,-0.04662221670150757
2024-10-23,0.021221637725830078,0.013055503368377686,0.01828157901763916,0.009285926818847656,0.0032745003700256348,0.012364387512207031,0.012544393539428711,-0.02546834945678711,-3.916025161743164e-05,0.0028361082077026367,0.01828932762145996,-0.005566835403442383,0.0010410547256469727,-0.0009980201721191406
2024-10-24,-0.00981515645980835,-0.0059893131256103516,0.028725266456604004,0.0050383806228637695,-0.0007418394088745117,0.007950186729431152,-0.0009188652038574219,0.022078752517700195,0.004512310028076172,-0.003393709659576416,0.021355867385864258,0.010877847671508789,0.008414506912231445,0.0
2024-10-25,-0.06373423337936401,-0.01884615421295166,-0.021378695964813232,-0.04021364450454712,0.013872683048248291,-0.0035436153411865234,-0.0021551847457885742,-0.03747248649597168,-0.18628185987472534,0.003972768783569336,-0.030774235725402832,-0.017116546630859375,-0.018469929695129395,-0.031968116760253906
2024-10-28,0.02564108371734619,0.014924108982086182,0.043245673179626465,-0.06858181953430176,0.006711781024932861,-0.005277097225189209,-0.029790163040161133,0.02488541603088379,0.012672901153564453,-0.010740518569946289,0.03053438663482666,0.0142134428024292,-0.0427929162979126,-0.05985558032989502
2024-10-29,0.0024193525314331055,-0.013016343116760254,0.01858973503112793,-0.030390024185180664,-0.08492350578308105,0.010148882865905762,-0.030165910720825195,0.007001399993896484,-0.01578497886657715,0.005714297294616699,0.027375102043151855,-0.0513225793838501,-0.027113676071166992,-0.009250164031982422
2024-10-30,-0.019468963146209717,0.013860166072845459,-0.011957228183746338,0.003918766975402832,-0.01265573501586914,-0.009818494319915771,0.014791429042816162,0.017603635787963867,0.017579317092895508,-0.014488637447357178,-0.01358407735824585,0.012309372425079346,-0.006510376930236816,0.00048238039016723633
2024-10-31,0.0050048828125,0.009270310401916504,-0.002123117446899414,0.006729423999786377,-0.0032966136932373047,0.0005764961242675781,0.015165984630584717,-0.04157578945159912,-0.0007573366165161133,-0.002017796039581299,-0.020656824111938477,0.002735733985900879,-0.004164457321166992,0.015443980693817139
2024-11-01,0.008000612258911133,-0.008624076843261719,0.010851025581359863,-0.012716293334960938,-0.0012750625610351562,0.0009218454360961914,0.00034821033477783203,0.01850450038909912,0.006536602973937988,0.007798910140991211,0.031584739685058594,-0.0012192726135253906,-0.005823612213134766,-0.015196084976196289
2024-11-04,0.013120651245117188,0.025907456874847412,-0.003999173641204834,0.019761264324188232,-0.0005877017974853516,-0.013354778289794922,0.01130211353302002,-0.019657492637634277,0.0012235641479492188,-0.0085984468460083,0.02631843090057373,-0.010533332824707031,0.015966296195983887,0.0183485746383667
2024-11-05,-0.018626630306243896,-0.02848362922668457,0.020709991455078125,-0.0172196626663208,9.78708267211914e-05,0.025554299354553223,-0.015267729759216309,0.007291436195373535,0.024722576141357422,0.015900492668151855,0.010216593742370605,-0.023317456245422363,-0.012124419212341309,-0.014264702796936035
2024-11-06,-0.006516754627227783,0.00443798303604126,0.018012404441833496,-0.015379905700683594,-0.002300858497619629,-0.0014791488647460938,-0.0043572187423706055,0.008746862411499023,-0.011420905590057373,0.003130316734313965,0.0217435359954834,-0.006594419479370117,-0.0292433500289917,-0.010669231414794922
2024-11-07,-0.012299120426177979,0.00565791130065918,0.0008134841918945312,0.0017282366752624512,-0.0062029361724853516,-0.004899740219116211,0.01815950870513916,-0.005531489849090576,-0.01934760808944702,-0.00879436731338501,-0.0025734901428222656,-0.005615353584289551,0.006076157093048096,0.002879023551940918
2024-11-08,-0.03594547510147095,-0.000905156135559082,-0.023369252681732178,0.013238251209259033,-0.0036891698837280273,0.004465818405151367,0.015523552894592285,-0.013379454612731934,-0.002838730812072754,-0.0005723834037780762,-0.01796168088912964,0.01913672685623169,0.021267473697662354,0.029836416244506836
2024-11-11,-0.007922232151031494,-0.008656740188598633,0.006658315658569336,-0.0020639896392822266,-0.004642844200134277,0.0068399906158447266,-0.008301258087158203,0.014170408248901367,0.006642580032348633,-0.0011455416679382324,0.003334641456604004,-0.005337119102478027,-0.013899922370910645,0.013392865657806396
2024-11-12,0.005555152893066406,0.010973513126373291,-0.02170318365097046,0.02306896448135376,0.002214372158050537,-0.027287185192108154,-0.0010241270065307617,-0.004807710647583008,-0.0011783838272094727,-0.012901365756988525,-0.013395130634307861,0.024715423583984375,0.0013015270233154297,0.0070386528968811035
2024-11-13,-0.03185153007507324,0.016405463218688965,-0.03739696741104126,0.031203866004943848,0.03806626796722412,-0.021417737007141113,0.013300836086273193,-0.03955310583114624,-0.02156585454940796,-0.01945972442626953,-0.030522644519805908,0.02183377742767334,0.028062522411346436,0.03443038463592529
2024-11-14,0.02335953712463379,-0.0013606548309326172,-0.007243216037750244,0.008596301078796387,0.012037336826324463,0.006780028343200684,-0.002592325210571289,-0.0033008456230163574,-0.018857836723327637,0.0118483304977417,-0.010634958744049072,0.005441188812255859,0.015196263790130615,-0.012585163116455078
2024-11-18,0.008886575698852539,0.01271146535873413,-0.00044214725494384766,-0.007024526596069336,-0.016600728034973145,0.0073250532150268555,0.0027844905853271484,0.03343319892883301,-0.012338459491729736,0.008782148361206055,0.010429978370666504,-0.012496113777160645,-0.011255383491516113,0.0015535354614257812
2024-11-19,0.020725369453430176,-0.006881594657897949,-0.017473995685577393,0.0037056803703308105,-0.03196001052856445,0.021698355674743652,0.0034704208374023438,-0.013886690139770508,-0.0043798089027404785,0.002901911735534668,0.0032651424407958984,0.013876914978027344,-0.007270455360412598,-0.014522790908813477
2024-11-21,0.004907011985778809,-0.004585862159729004,-0.036695241928100586,0.03424137830734253,-0.02046942710876465,-0.0005739927291870117,-0.0011608600616455078,-0.025998234748840332,-0.018746256828308105,0.005208253860473633,-0.04451441764831543,0.027708590030670166,0.0069506168365478516,0.021983683109283447
2024-11-22,0.0030307769775390625,-0.0028530359268188477,0.03295159339904785,-0.026959776878356934,0.007160544395446777,0.002526998519897461,-0.021990299224853516,0.01922476291656494,0.017066597938537598,0.014104723930358887,0.0358201265335083,-0.04521286487579346,0.0015255212783813477,-0.004181861877441406
2024-11-25,0.0010071992874145508,-0.011817216873168945,0.047058820724487305,-0.04103231430053711,-0.01676464080810547,0.022914767265319824,-0.017917871475219727,0.0077942609786987305,0.005309581756591797,0.016747117042541504,0.042961716651916504,-0.03480184078216553,-0.04134094715118408,0.0015616416931152344
2024-11-26,-0.00788193941116333,0.009602904319763184,0.0015125274658203125,-0.007946610450744629,-0.003570079803466797,0.0,-0.00307464599609375,0.007579207420349121,0.0060787200927734375,-0.004187583923339844,0.009560585021972656,0.005980193614959717,-0.013377070426940918,-0.05005204677581787
2024-11-27,-0.00304257869720459,-0.004236578941345215,-0.004099249839782715,0.002207517623901367,0.0035573840141296387,0.015009045600891113,0.003256857395172119,-0.015197992324829102,-0.007577240467071533,-0.0002803802490234375,-0.006951451301574707,0.006314098834991455,-0.012178540229797363,-0.0059583187103271484
2024-11-28,-0.006781935691833496,0.014917612075805664,0.010181903839111328,-0.013168931007385254,0.008596420288085938,-0.010593712329864502,0.011032521724700928,0.0017147064208984375,-0.008333802223205566,-0.013460516929626465,0.01836252212524414,-0.005694746971130371,0.009676098823547363,-0.004935860633850098
2024-11-29,-0.004182338714599609,-0.0033555030822753906,-0.010293781757354736,0.008630573749542236,0.0012793540954589844,0.0015615224838256836,-0.010689139366149902,-0.0028011202812194824,0.0022644996643066406,0.0034110546112060547,-0.013050377368927002,-0.00011920928955078125,0.0005097389221191406,0.01964646577835083
2024-12-02,-0.00299990177154541,-0.0007039308547973633,0.0,0.003041684627532959,0.008065283298492432,0.004899859428405762,-0.003499746322631836,0.004837632179260254,-0.004920363426208496,-0.006232321262359619,0.0009084939956665039,0.0030394792556762695,0.015555977821350098,-0.006513118743896484
2024-12-03,0.022781968116760254,-0.020578742027282715,0.03293609619140625,-0.03356122970581055,-0.004208922386169434,0.011968016624450684,-0.0028743743896484375,0.012579560279846191,0.007467508316040039,-0.0022804737091064453,0.028337955474853516,-0.020982742309570312,-0.05284523963928223,-0.03733205795288086
2024-12-04,0.001344919204711914,0.0009047985076904297,0.0237046480178833,-0.03338766098022461,-0.02610015869140625,0.018396854400634766,-0.005846858024597168,0.015490889549255371,0.000500798225402832,0.004285693168640137,0.0188291072845459,-0.006733417510986328,-0.018043160438537598,-0.018713951110839844
2024-12-05,0.0035254955291748047,-0.005994319915771484,-0.0022541284561157227,0.004137098789215088,0.0021815896034240723,0.003118276596069336,-0.015538930892944336,-0.0037758350372314453,-0.0006507039070129395,0.009957313537597656,-0.008470475673675537,-0.006688356399536133,0.004189133644104004,0.0028261542320251465
2024-12-06,-0.017314910888671875,-0.015560746192932129,0.017662763595581055,-0.01058351993560791,0.007303357124328613,-0.005359649658203125,0.005798757076263428,-0.0009096264839172363,-0.007864177227020264,0.0011267662048339844,0.009416580200195312,0.0020798444747924805,-0.00873720645904541,-0.015115737915039062
2024-12-09,-0.010555028915405273,0.017981529235839844,-0.0062563419342041016,0.0030341148376464844,-0.0017338991165161133,0.007651686668395996,0.004854142665863037,-0.01031869649887085,-0.007825493812561035,0.005064725875854492,-0.012117743492126465,0.0064841508865356445,-0.0026465654373168945,-0.016286611557006836
2024-12-10,0.017377853393554688,0.008252739906311035,0.0,-0.00638127326965332,-0.0026663541793823242,-0.0010695457458496094,-0.006163477897644043,0.009966254234313965,0.0017300844192504883,0.00475919246673584,0.01567363739013672,-0.011013388633728027,-0.0017597675323486328,0.010989010334014893
2024-12-11,-0.0020294189453125,0.005547642707824707,-0.008123457431793213,0.00848698616027832,-0.0015861988067626953,-0.0025696158409118652,0.002217233180999756,-0.010171651840209961,0.0005587339401245117,0.0,-0.01715707778930664,0.006801187992095947,0.002235710620880127,0.0009259581565856934
2024-12-12,0.0016099214553833008,0.0013946294784545898,-0.0061424970626831055,0.01151120662689209,0.009316205978393555,-0.0021468400955200195,-0.001318216323852539,-0.013343513011932373,0.013301610946655273,-0.014488637447357178,-0.007021665573120117,0.009168922901153564,0.0024007558822631836,0.0176088809967041
2024-12-13,-0.010997354984283447,-0.0021821260452270508,-0.004532277584075928,0.008659303188323975,-0.002209901809692383,0.006777167320251465,-0.01177358627319336,-0.0015544891357421875,-0.011323213577270508,0.020921707153320312,-0.0007857084274291992,-0.009195208549499512,0.012674510478973389,0.005188703536987305
2024-12-16,-0.010948538780212402,-0.002395153045654297,0.004139065742492676,-0.007228970527648926,-0.0011729001998901367,-0.0035260915756225586,-0.0008922815322875977,0.0017124414443969727,0.012871742248535156,-0.0005539059638977051,0.004128217697143555,0.0006964206695556641,-0.012999653816223145,-0.007586479187011719
2024-12-17,-0.025944828987121582,0.012729167938232422,-0.011953890323638916,0.020334959030151367,0.01457357406616211,-0.017156362533569336,0.009174644947052002,-0.011345922946929932,-0.02371537685394287,-0.011360526084899902,-0.02016448974609375,0.012079715728759766,0.029675960540771484,0.013647079467773438
2024-12-18,-0.00852358341217041,0.012321233749389648,-0.020650804042816162,0.01872199773788452,-0.04878973960876465,-0.012219011783599854,0.014695405960083008,0.01650691032409668,-0.010710835456848145,-0.002242147922515869,-0.027971982955932617,0.014578759670257568,0.01768893003463745,0.016221284866333008
2024-12-19,-0.01728302240371704,0.011895716190338135,-0.009584665298461914,0.002799689769744873,0.004599332809448242,-0.00949859619140625,-0.020735859870910645,0.006340742111206055,-0.0008288025856018066,-0.010112404823303223,0.004727602005004883,0.006383121013641357,0.015146374702453613,0.012609124183654785
2024-12-20,-0.020229697227478027,-0.033411502838134766,-0.03096771240234375,0.03202664852142334,-0.03229653835296631,-0.01226586103439331,0.001165628433227539,-0.05209773778915405,-0.03624016046524048,-0.010499358177185059,-0.026595711708068848,0.024975955486297607,0.03494536876678467,0.026031494140625
2024-12-23,0.02157747745513916,0.006810665130615234,0.023524165153503418,-0.0147169828414917,0.013164639472961426,0.016595125198364258,0.006519675254821777,0.004377484321594238,0.01748347282409668,0.001147150993347168,0.006200075149536133,-0.0112684965133667,-0.021159768104553223,-0.004034280776977539
2024-12-24,0.012654781341552734,-0.00023168325424194336,-0.00542062520980835,0.005187332630157471,-0.0015227198600769043,-0.0016657710075378418,0.0003470182418823242,0.005488276481628418,-0.010997176170349121,0.0020051002502441406,0.0025064945220947266,0.011082053184509277,0.009103477001190186,0.005524873733520508
2024-12-26,-0.014114975929260254,-0.002039194107055664,0.007194161415100098,-0.004895210266113281,0.004879951477050781,-0.004004418849945068,7.700920104980469e-05,-0.008669137954711914,-0.003581702709197998,0.0022870302200317383,0.005000591278076172,-0.0004925727844238281,-0.007524728775024414,-0.0
2024-12-27,0.007112979888916016,0.0006965398788452148,-0.006926417350769043,0.006671607494354248,-0.00480574369430542,0.0041321516036987305,0.007862210273742676,0.012469649314880371,0.02301621437072754,0.0039931535720825195,-0.007048845291137695,0.0157548189163208,0.009900152683258057,-0.0010101795196533203
2024-12-30,-0.045273423194885254,-0.006960868835449219,-0.016346991062164307,0.009275078773498535,0.02195906639099121,-0.01123344898223877,-0.009865820407867432,0.02079331874847412,0.010593652725219727,-0.011079549789428711,0.0032361745834350586,0.01419377326965332,-0.008946537971496582,0.014127075672149658
2024-12-31,0.03135836124420166,-0.004906773567199707,-0.0017726421356201172,-0.006886839866638184,-0.0051230788230896,-0.002924621105194092,-0.010041296482086182,-0.010654985904693604,-0.003476858139038086,-0.026141881942749023,0.01009368896484375,-0.008435964584350586,-0.012170791625976562,-0.0025588274002075195
2025-01-01,-0.01690220832824707,0.006668686866760254,0.002663731575012207,-0.00267183780670166,0.0024497509002685547,0.005640745162963867,0.0015604496002197266,0.016629815101623535,0.009633898735046387,-0.0013997554779052734,-0.001236259937286377,0.002201378345489502,-0.02233099937438965,-0.0020418167114257812
2025-01-02,-0.004309177398681641,0.013808488845825195,-0.00022137165069580078,-0.007034778594970703,0.028078436851501465,0.006170034408569336,0.005414247512817383,0.007633566856384277,0.022642850875854492,-0.027117609977722168,-0.02743685245513916,-0.010085701942443848,0.013441979885101318,0.002037644386291504
2025-01-03,-0.004465818405151367,-0.0015644431114196777,0.001992940902709961,-0.00349271297454834,-0.00431746244430542,-0.024863481521606445,-0.019796907901763916,0.00618433952331543,0.006607174873352051,-0.0008165836334228516,-0.00873410701751709,0.009735405445098877,-0.021885395050048828,-0.01888716220855713
2025-01-06,0.023188889026641846,-0.019817471504211426,-0.05657458305358887,-0.0406075119972229,-0.0376126766204834,-0.02218151092529297,-0.0007510185241699219,-0.037953317165374756,-0.027908623218536377,-0.03209143877029419,-0.043789803981781006,0.021426796913146973,-0.0753333568572998,-0.05310618877410889
2025-01-07,-0.013654708862304688,0.003855586051940918,0.01991093158721924,0.005496978759765625,-0.0011137723922729492,0.0017539262771606445,0.011984825134277344,-0.0027152299880981445,0.013968348503112793,-0.004214644432067871,0.013530373573303223,-0.003026723861694336,-0.01667267084121704,0.00634920597076416
2025-01-08,0.002553284168243408,0.006978869438171387,0.002067089080810547,-0.007325589656829834,-0.009173393249511719,-0.011089086532592773,-0.012116491794586182,0.0033632516860961914,-0.0025925040245056152,-0.001975119113922119,-0.011090517044067383,0.009759187698364258,-0.01493901014328003,-0.013144075870513916
2025-01-09,-0.00635528564453125,-0.01227957010269165,-0.0082511305809021,-0.014428853988647461,-0.01053708791732788,-0.015698730945587158,-0.0010682344436645508,-0.004469335079193115,-0.00015288591384887695,0.012157201766967773,0.0006229877471923828,0.013875424861907959,-0.027540087699890137,-0.014917433261871338
2025-01-10,-0.008946657180786133,-0.01982581615447998,-0.02449733018875122,-0.030397891998291016,-0.022435903549194336,-0.006595492362976074,-0.009941399097442627,-0.0317460298538208,-0.0441431999206543,-0.018994390964508057,-0.03331255912780762,0.02261817455291748,-0.04114043712615967,-0.02866417169570923
2025-01-13,0.02581942081451416,0.008263707160949707,-0.03411513566970825,-0.04644995927810669,-0.0072977542877197266,-0.01569288969039917,-0.016081929206848145,-0.017552554607391357,0.004372954368591309,-0.009965837001800537,-0.03263556957244873,0.01849985122680664,-0.022849738597869873,-0.04677051305770874
2025-01-14,-0.02641439437866211,0.0022395849227905273,0.027716398239135742,-0.05318498611450195,0.025783061981201172,0.009688496589660645,0.008579015731811523,-0.04399120807647705,0.02166295051574707,0.006902456283569336,0.03140604496002197,-0.025565505027770996,0.027979135513305664,-0.05257010459899902
2025-01-15,-0.02060520648956299,-0.023629486560821533,-0.0076372623443603516,-0.015608906745910645,0.008205294609069824,-0.002186298370361328,-0.001652836799621582,-0.0012916326522827148,0.0003638267517089844,0.02227926254272461,-0.0017215609550476074,-0.007418274879455566,0.019270896911621094,0.0027747750282287598
2025-01-16,-0.028026223182678223,0.010907649993896484,0.030784130096435547,-0.02791273593902588,0.006593227386474609,0.005477786064147949,0.008762359619140625,-0.010641694068908691,0.01340329647064209,0.008941054344177246,0.02015519142150879,-0.01671755313873291,0.03625380992889404,-0.017807602882385254
2025-01-17,0.00961226224899292,-0.04523122310638428,-0.0037330985069274902,-0.005606889724731445,-0.019649982452392578,-0.00920093059539795,-0.018933653831481934,0.0019144415855407715,-0.0045111775398254395,-0.026031553745269775,-0.000950932502746582,0.0028709769248962402,-0.011191606521606445,0.0016402602195739746
2025-01-20,-0.01405632495880127,-0.0030270814895629883,0.01803278923034668,-0.03236031532287598,0.01278841495513916,0.008797645568847656,0.006120204925537109,-0.020140647888183594,-0.0002574920654296875,-0.09212398529052734,0.008777499198913574,-0.01982724666595459,0.02691650390625,-0.036692261695861816
2025-01-21,-0.0011551380157470703,-0.01806586980819702,-0.010812103748321533,0.015567123889923096,-0.008658409118652344,-0.005329430103302002,-0.02984708547592163,0.007677793502807617,-0.010559380054473877,0.014058828353881836,-0.006814122200012207,0.02592235803604126,-0.018801510334014893,0.022715270519256592
2025-01-22,0.0037909746170043945,-0.011234819889068604,-0.005348801612854004,0.01656627655029297,-0.01169741153717041,0.01436924934387207,0.0035947561264038086,0.008053064346313477,0.010932326316833496,-0.012674927711486816,-0.02121591567993164,0.00737762451171875,0.004342079162597656,0.008108079433441162
2025-01-23,0.0363997220993042,-0.008599996566772461,0.0035071372985839844,-0.0033910274505615234,0.0034192800521850586,-0.0007202625274658203,0.0010830163955688477,-0.004616379737854004,0.0,0.0117340087890625,0.012617230415344238,0.010020554065704346,-0.0027256011962890625,-0.006539463996887207
2025-01-24,-0.021033644676208496,-0.002681255340576172,-0.01724141836166382,0.014281094074249268,-0.013840079307556152,-0.009010076522827148,0.006199240684509277,0.013310074806213379,-0.020752906799316406,0.004749298095703125,-0.01821082830429077,0.0023461580276489258,-0.021958351135253906,0.01245260238647461
2025-01-27,-0.05246788263320923,-0.00042176246643066406,-0.024893343448638916,0.04976773262023926,0.016107559204101562,-0.012122690677642822,0.015506148338317871,-0.08896744251251221,-0.025609970092773438,0.0023860931396484375,-0.021585941314697266,-0.006786227226257324,-0.01589900255203247,-0.013706088066101074
2025-01-28,0.04481315612792969,-0.03765428066253662,0.009725213050842285,0.0012802481651306152,-0.03683161735534668,-0.024911046028137207,0.015432238578796387,0.027146100997924805,0.008311271667480469,-0.0034546852111816406,0.044678568840026855,-0.004271268844604492,0.047194719314575195,0.006489932537078857
2025-01-29,0.01231527328491211,0.00040656328201293945,0.0038526058197021484,-0.0012818574905395508,0.011298179626464844,-0.004070878028869629,0.0038094520568847656,0.026600241661071777,0.01514744758605957,-0.017213940620422363,-0.020057380199432373,-0.008040904998779297,0.017765283584594727,-0.023952007293701172
2025-01-30,0.0003355741500854492,-0.0013219118118286133,-0.0009594559669494629,0.011056780815124512,-0.006552696228027344,-0.008585810661315918,0.003155827522277832,0.02290201187133789,0.00922703742980957,0.009893298149108887,-0.012887120246887207,-0.005471587181091309,-0.013229191303253174,-0.007442951202392578
2025-01-31,0.008051633834838867,-0.0014216899871826172,-0.04057621955871582,-0.02577388286590576,0.012164831161499023,-0.0042563676834106445,-0.002229928970336914,0.03350222110748291,0.0356825590133667,-0.0,-0.048491477966308594,-0.013506531715393066,0.04003345966339111,-0.014775633811950684
2025-02-01,0.00016641616821289062,-0.012219905853271484,-0.011761784553527832,0.006883978843688965,-0.01666581630706787,0.004591524600982666,0.002195119857788086,-0.020398497581481934,0.018361568450927734,-0.0007889270782470703,0.01831120252609253,0.008927464485168457,-0.02640765905380249,0.010400354862213135
2025-02-03,0.013060569763183594,0.008766233921051025,-0.013674318790435791,0.02160346508026123,-0.019175410270690918,0.007687747478485107,-0.0020310282707214355,0.0050040483474731445,0.0032693147659301758,0.009721517562866211,0.010338962078094482,0.006592690944671631,-0.029330670833587646,0.012611627578735352
2025-02-04,-0.01486295461654663,-0.026177406311035156,0.023620009422302246,-0.024560093879699707,0.003710627555847168,-0.02550661563873291,0.01213085651397705,-0.0022486448287963867,0.03401803970336914,-0.023348450660705566,-0.007431387901306152,-0.023983120918273926,0.04338359832763672,-0.017562508583068848
2025-02-05,-0.007085084915161133,0.0019698739051818848,0.03360927104949951,-0.03226923942565918,0.014567136764526367,-0.009879112243652344,-0.000394284725189209,0.019478440284729004,0.013417243957519531,0.008555948734283447,-0.012294173240661621,0.01687633991241455,0.046845197677612305,-0.015690326690673828
2025-02-06,-0.01569843292236328,-0.00730288028717041,-0.0014559626579284668,0.010159611701965332,-0.0013596415519714355,-0.0034526586532592773,0.0037075281143188477,0.006316065788269043,0.004099249839782715,-0.002092123031616211,0.005491673946380615,0.018014490604400635,0.001300811767578125,0.00720900297164917
2025-02-07,0.009978652000427246,-0.0033310651779174805,-0.015552818775177002,0.008459270000457764,0.024616122245788574,0.006308078765869141,-0.012181699275970459,0.0056487321853637695,0.012716412544250488,-0.006784915924072266,0.004566192626953125,0.020006656646728516,-0.012731671333312988,0.008298754692077637
2025-02-10,-0.020857930183410645,0.012059330940246582,-0.0049370527267456055,0.009441494941711426,-0.008397996425628662,0.009810686111450195,0.00453495979309082,-0.018411576747894287,-0.010286331176757812,-0.01607048511505127,0.009601056575775146,0.0005426406860351562,-0.025440871715545654,0.02771967649459839
2025-02-11,-0.015610158443450928,0.004299461841583252,-0.020590484142303467,0.0331878662109375,-0.015491008758544922,0.008392572402954102,-0.007801353931427002,-0.020187556743621826,-0.012968122959136963,0.021173417568206787,0.03134423494338989,0.007736146450042725,-0.03690701723098755,0.02582031488418579
2025-02-12,-0.028561413288116455,0.0004963278770446777,0.00810539722442627,-0.005107522010803223,0.0015244483947753906,-0.003173828125,-0.0007582902908325195,0.008436083793640137,-0.01375514268875122,-0.013291597366333008,-0.004670262336730957,-0.0028040409088134766,0.03944289684295654,-0.0011042356491088867
2025-02-13,-0.002435147762298584,-0.001291036605834961,-0.008040249347686768,0.020208001136779785,-0.011687934398651123,0.0053902268409729,-0.0023166537284851074,-0.010778605937957764,0.007310152053833008,-0.014917731285095215,0.01084667444229126,0.0075019001960754395,-0.016994893550872803,-0.0022063255310058594
2025-02-14,-0.032817959785461426,0.010612964630126953,-0.026848971843719482,0.03485715389251709,-0.0043454766273498535,0.001649320125579834,0.008967876434326172,-0.014473974704742432,-0.02181905508041382,0.010390281677246094,0.02517622709274292,0.007558584213256836,-0.0317416787147522,0.02256464958190918
2025-02-17,-0.024023234844207764,0.004561364650726318,0.008849501609802246,0.0061234235763549805,0.002928018569946289,-0.013334870338439941,-0.007102549076080322,0.014851570129394531,0.02328193187713623,0.0035851597785949707,-0.010100960731506348,-0.007685422897338867,-0.0038733482360839844,0.005630671977996826
2025-02-18,-0.0376400351524353,-0.0012085437774658203,-0.004127979278564453,0.005281031131744385,-0.00468212366104126,-0.0032607316970825195,-0.006474018096923828,-0.032195091247558594,-0.02303844690322876,-0.009252190589904785,0.014204561710357666,0.0026109814643859863,0.006543993949890137,0.011325061321258545
2025-02-19,0.04627788066864014,-0.017301201820373535,0.013471484184265137,-0.010744571685791016,0.002711772918701172,-0.002437591552734375,0.014963150024414062,0.0078965425491333,0.011424779891967773,-0.010949850082397461,-0.010835766792297363,-0.0020667314529418945,0.04730057716369629,-0.03092789649963379
2025-02-20,0.017882585525512695,-0.005784392356872559,0.022494912147521973,-0.02926468849182129,0.01766204833984375,-0.02315884828567505,-0.009273648262023926,0.022837162017822266,0.011440396308898926,0.007304787635803223,-0.030106067657470703,-0.0032999515533447266,0.01880335807800293,-0.011666655540466309
2025-02-21,0.004765868186950684,0.008110523223876953,-0.015500009059906006,0.008262455463409424,-0.024568796157836914,0.0030820369720458984,-0.013600528240203857,-0.011896967887878418,-0.003722667694091797,0.008880972862243652,0.014613091945648193,0.010552287101745605,-0.011921584606170654,0.015376091003417969
2025-02-24,-0.008556485176086426,-0.0010901689529418945,-0.007871925830841064,0.004410684108734131,0.007728695869445801,-0.00898134708404541,-0.01184147596359253,-0.012040257453918457,-0.013988018035888672,-0.0066564083099365234,0.002808690071105957,0.007756173610687256,0.014031648635864258,0.0039040446281433105
2025-02-25,-0.016416490077972412,0.0009405612945556641,-0.018428504467010498,0.022151172161102295,-0.013959407806396484,0.0031003952026367188,0.004760622978210449,-0.01819700002670288,0.0049555301666259766,-0.0005085468292236328,0.009238362312316895,0.007677257061004639,-0.00863736867904663,0.003919363021850586
2025-02-27,-0.061897993087768555,-0.007531523704528809,-0.007822692394256592,0.01837402582168579,0.0,0.010936737060546875,-0.0013887882232666016,0.006971597671508789,0.01203763484954834,0.00991356372833252,0.012508571147918701,0.009846687316894531,-0.009957373142242432,0.024170875549316406
2025-02-28,-0.01616668701171875,0.0011311173439025879,-0.029960572719573975,0.030641019344329834,-0.006099343299865723,0.018579483032226562,-0.015010833740234375,-0.014015555381774902,-0.05407470464706421,0.02284979820251465,-0.049631476402282715,0.021451950073242188,-0.026311039924621582,0.03513830900192261
2025-03-03,0.014318585395812988,0.008172869682312012,-0.0059604644775390625,-0.006348252296447754,0.010471820831298828,-0.01777881383895874,0.0017440319061279297,-0.011988341808319092,-0.0061609745025634766,-0.006043076515197754,-0.0012116432189941406,-0.009436726570129395,-0.027022063732147217,0.02626866102218628
2025-03-04,0.016588926315307617,0.00541079044342041,0.0,-0.006439805030822754,-0.016547799110412598,0.004936575889587402,0.0034821033477783203,-0.01490718126296997,0.0036585330963134766,0.0033951401710510254,-0.002183675765991211,-0.02984321117401123,0.032985806465148926,-0.0018393993377685547
2025-03-05,0.0034648776054382324,-0.012627243995666504,-0.04742431640625,-0.037607669830322266,-0.028326988220214844,-0.011695921421051025,0.004378676414489746,0.019707918167114258,-0.01594775915145874,-0.01310276985168457,0.030395150184631348,-0.01997065544128418,0.029271364212036133,-0.035495758056640625
2025-03-06,-0.012352466583251953,-0.019370079040527344,-0.009627938270568848,-0.003901362419128418,-0.0012671947479248047,0.0007100105285644531,0.0019330978393554688,-0.0031061172485351562,-0.00015431642532348633,0.00594937801361084,0.013923287391662598,-0.0023276805877685547,0.008023500442504883,-0.00354611873626709
2025-03-07,0.016088247299194336,-0.0034329891204833984,0.0061855316162109375,0.0038861632347106934,0.006767988204956055,-0.0011826157569885254,-0.0028734207153320312,-0.0074433088302612305,-0.035967886447906494,-0.00728607177734375,0.001978278160095215,-0.0009561777114868164,0.007517457008361816,0.005889296531677246
2025-03-10,0.01001286506652832,0.0017347335815429688,0.00907677412033081,0.02970045804977417,0.00770038366317749,-0.0009471774101257324,0.00024700164794921875,-0.016916632652282715,-0.03869760036468506,0.006974995136260986,-0.028222978115081787,0.005254149436950684,-0.030547738075256348,0.021326959133148193
2025-03-11,0.031084716320037842,0.009846925735473633,0.007066249847412109,-0.009468317031860352,-0.0,-0.0011851191520690918,-0.025147199630737305,-0.017917275428771973,-0.2715713381767273,-0.006763815879821777,-0.004780709743499756,-0.0013033151626586914,0.005885481834411621,0.00907987356185913
2025-03-12,0.028538525104522705,0.014088630676269531,0.000790715217590332,0.009764909744262695,0.005024552345275879,0.015187501907348633,0.0011643171310424805,-0.013186395168304443,0.04382956027984619,-0.024547815322875977,-0.01453101634979248,0.009316980838775635,-0.010892033576965332,0.013439297676086426
2025-03-13,0.008576512336730957,0.0009889006614685059,-0.015299320220947266,-0.005190134048461914,0.009089887142181396,-0.002688169479370117,-0.0049037933349609375,-0.021050751209259033,-0.018037140369415283,-0.001260995864868164,0.00353395938873291,-0.006638526916503906,0.000819087028503418,-0.002476811408996582
2025-03-17,0.021974802017211914,-0.023708224296569824,-0.001039266586303711,0.004776060581207275,-0.004190206527709961,0.002226710319519043,-0.015159368515014648,-0.011032164096832275,0.007511019706726074,-0.0040302276611328125,0.0031572580337524414,0.006457328796386719,-0.010184645652770996,0.004941344261169434
2025-03-18,-0.024806857109069824,-0.010733485221862793,-0.01764857769012451,-0.01725029945373535,-0.016014456748962402,0.012745499610900879,-0.032190680503845215,-0.032709360122680664,0.005978703498840332,-0.02057194709777832,0.016947150230407715,-0.018737435340881348,0.045842885971069336,-0.020484209060668945
2025-03-19,-0.04325389862060547,-0.006505608558654785,-0.020913004875183105,-0.019635319709777832,-0.03335559368133545,0.0068122148513793945,-0.002481222152709961,-0.014646649360656738,0.016508936882019043,0.00614553689956665,0.02321147918701172,-0.011402130126953125,0.016865849494934082,-0.035888075828552246
2025-03-20,0.00104600191116333,-0.0021861791610717773,-0.008993268013000488,-0.0031261444091796875,-0.0018796920776367188,0.014220237731933594,-0.006549358367919922,-0.005232810974121094,-0.01241523027420044,-0.0069255828857421875,0.0030246973037719727,-0.005972385406494141,-0.0041465163230896,0.005284786224365234
2025-03-21,-0.03341269493103027,-0.01498556137084961,-0.004704117774963379,-0.019820451736450195,-0.004074215888977051,0.0009045600891113281,-0.01619124412536621,-0.01041114330291748,0.004093050956726074,-0.021370649337768555,0.020180940628051758,-0.004869580268859863,0.028018712997436523,-0.01357734203338623
2025-03-24,-0.013356685638427734,-0.025884151458740234,-0.03597831726074219,-0.04314875602722168,-0.045381784439086914,0.016719341278076172,-0.011205434799194336,-0.02842426300048828,-0.025403976440429688,-0.04665708541870117,0.030013680458068848,-0.0366436243057251,0.04024970531463623,-0.015142679214477539
2025-03-25,-0.01427149772644043,-0.01885509490966797,0.006184577941894531,0.03128659725189209,0.004851877689361572,0.011888861656188965,0.010639548301696777,0.009328067302703857,-0.048397958278656006,0.0027573704719543457,-0.022185444831848145,0.010181903839111328,-0.032122015953063965,0.022948920726776123
2025-03-26,-0.02841007709503174,0.019936561584472656,0.012206733226776123,0.013789772987365723,0.013035714626312256,-0.008125662803649902,0.005804836750030518,0.006102859973907471,0.028647661209106445,0.011520743370056152,-0.010159075260162354,0.01145106554031372,-0.025561511516571045,0.004110515117645264
2025-03-27,0.03372544050216675,-0.001915574073791504,-0.04821908473968506,-0.027719855308532715,-0.027403712272644043,0.010406255722045898,-0.0005614757537841797,0.0010526776313781738,0.027849793434143066,0.007692277431488037,0.038202762603759766,-0.010863900184631348,0.033284664154052734,-0.017688751220703125
2025-03-28,0.03571438789367676,-0.003323197364807129,0.010633409023284912,0.007280111312866211,0.024547040462493896,0.0015338659286499023,-0.008753180503845215,0.034773409366607666,-0.035186707973480225,-0.019967079162597656,-0.0028558969497680664,0.0010358691215515137,0.01589810848236084,0.022016286849975586
2025-04-01,0.008791506290435791,0.014882028102874756,-0.00023365020751953125,-0.011300802230834961,0.0015565752983093262,-0.03303790092468262,-0.022175252437591553,-0.04021108150482178,0.050550222396850586,0.011515438556671143,0.0012117624282836914,-0.0002592802047729492,-0.011142969131469727,-0.02665877342224121
2025-04-02,-0.01811659336090088,0.0010593533515930176,-0.012847423553466797,-0.012125492095947266,0.001662909984588623,0.01640462875366211,0.009708404541015625,-0.00034987926483154297,0.02892923355102539,-0.003960847854614258,0.011442422866821289,-0.005507349967956543,0.020299911499023438,-0.004039168357849121
2025-04-03,-0.044392943382263184,-0.004979491233825684,-0.02260148525238037,-0.03605830669403076,-0.0105668306350708,-0.00111311674118042,-0.0012769699096679688,-0.055254459381103516,0.009894013404846191,0.010211169719696045,0.01696944236755371,-0.004188418388366699,0.0312652587890625,-0.031609296798706055
2025-04-04,0.02014380693435669,-0.0013304948806762695,0.010374367237091064,-0.042398810386657715,-0.004429817199707031,0.012480497360229492,0.004324793815612793,0.04208779335021973,-0.03862422704696655,0.00023448467254638672,-0.0240667462348938,0.0150795578956604,-0.06992673873901367,-0.042339861392974854
2025-04-07,0.0188370943069458,-0.039723336696624756,0.021194159984588623,-0.036344289779663086,0.021487176418304443,-0.03279769420623779,-0.03575974702835083,0.022833406925201416,-0.008944272994995117,-0.04409003257751465,-0.017536163330078125,-0.02677696943283081,-0.03420543670654297,-0.019778966903686523
2025-04-08,-0.007199525833129883,0.028531908988952637,-0.028405189514160156,0.026781320571899414,0.0014674067497253418,0.006599903106689453,0.009591817855834961,-0.02496016025543213,0.00554811954498291,0.008341550827026367,0.020972728729248047,0.029053330421447754,0.02463400363922119,0.01899111270904541
2025-04-09,-0.015945792198181152,-0.015029847621917725,0.0239982008934021,-0.011366426944732666,0.002991616725921631,-0.002373933792114258,0.0006923675537109375,-0.023316025733947754,-0.001618504524230957,-0.0012165307998657227,-0.011909902095794678,-0.034348130226135254,-0.03388088941574097,-0.0005823969841003418
2025-04-11,-0.005051374435424805,0.0068759918212890625,-0.009974479675292969,0.024083375930786133,-0.00252687931060791,0.023682713508605957,0.008340954780578613,-0.011307954788208008,0.016137361526489258,0.02850186824798584,0.0033174753189086914,0.01569652557373047,0.00929868221282959,-0.0005827546119689941
2025-04-15,-0.033925771713256836,0.04102170467376709,-0.010565042495727539,0.023635029792785645,-0.007666468620300293,0.03210091590881348,0.029390454292297363,-0.03354477882385254,-0.06729519367218018,0.004263401031494141,0.005400657653808594,0.012800931930541992,0.03878211975097656,0.02157437801361084
2025-04-16,-0.011024236679077148,0.04358375072479248,-0.02499997615814209,0.02170395851135254,-0.015737414360046387,0.00707852840423584,0.004591941833496094,-0.022444725036621094,-0.07113730907440186,0.0016509294509887695,0.02324044704437256,0.010805487632751465,0.03969931602478027,0.019977211952209473
2025-04-17,-0.007212162017822266,0.025402545928955078,-0.008203983306884766,0.014011263847351074,0.0003590583801269531,0.015335440635681152,0.03708338737487793,0.005053699016571045,-0.008182644844055176,0.03037440776824951,0.006749629974365234,0.03330099582672119,-0.005280613899230957,0.012311100959777832
2025-04-21,-0.06316590309143066,0.027040600776672363,-0.02727067470550537,0.03108978271484375,-0.03690016269683838,0.010698556900024414,0.002203822135925293,-0.0577777624130249,-0.04215431213378906,0.024451494216918945,0.028094053268432617,0.024139404296875,0.016252875328063965,0.04035377502441406
2025-04-22,0.015715181827545166,-0.005069434642791748,-0.012202858924865723,0.016751408576965332,0.0019797682762145996,0.01784968376159668,0.004752397537231445,-0.008403301239013672,0.04914271831512451,0.012268543243408203,0.010557889938354492,0.00697934627532959,-0.005545318126678467,-0.006907522678375244
2025-04-23,-0.08414793014526367,-0.008136093616485596,0.004018604755401611,-0.012117326259613037,0.009273946285247803,-0.01916801929473877,0.00557708740234375,-0.018601179122924805,-0.008507966995239258,-0.01851034164428711,-0.003584921360015869,-0.010882794857025146,0.010667562484741211,-0.014446258544921875
2025-04-24,-0.023442745208740234,0.00016570091247558594,-0.0023359060287475586,-0.0005379915237426758,-0.010662198066711426,-0.0037421584129333496,-0.015234529972076416,0.011687278747558594,-0.032170772552490234,-0.001796126365661621,-0.0029810667037963867,-6.145238876342773e-05,-0.005997121334075928,0.0005428791046142578
2025-04-25,0.008663058280944824,-0.033799946308135986,0.02076268196105957,-0.028851330280303955,0.026795387268066406,-0.002921581268310547,0.0014971494674682617,0.023207664489746094,-0.003171682357788086,-0.00832211971282959,-0.033302366733551025,-0.01813375949859619,-0.027833640575408936,-0.03581118583679199
2025-04-28,-0.019625306129455566,0.022721409797668457,-0.023366451263427734,0.01984262466430664,-0.016998291015625,0.004709124565124512,0.017084240913391113,-0.006355881690979004,-0.009971380233764648,0.00952601432800293,0.029010295867919922,0.0234144926071167,0.02887880802154541,0.018007874488830566
2025-04-29,-0.025639057159423828,-0.004611015319824219,-0.0025370121002197266,0.009021759033203125,-0.017965197563171387,-0.005936801433563232,0.0006998777389526367,-0.0064661502838134766,-0.007705807685852051,-0.009211421012878418,0.0045604705810546875,-0.005872607231140137,-0.0014475584030151367,-0.005527913570404053
2025-04-30,0.03887826204299927,-0.0019372105598449707,0.012863755226135254,-0.018851637840270996,0.03313344717025757,0.00848698616027832,-0.0019583702087402344,0.030479609966278076,-0.001732468605041504,0.0013605356216430664,-0.02352452278137207,-0.02941352128982544,-0.02013528347015381,-0.015008389949798584
2025-05-02,0.003241896629333496,-0.0023629069328308105,0.005340754985809326,-0.006258249282836914,0.03559082746505737,0.0,0.0037841796875,-0.018338799476623535,-0.017414093017578125,-0.010416686534881592,-0.0049661993980407715,0.014391660690307617,0.0034521818161010742,-0.0011286139488220215
2025-05-05,-0.003252387046813965,-0.007612943649291992,-0.0021477937698364258,0.0032041072845458984,-0.009647846221923828,0.006129860877990723,-0.0020943880081176758,-0.014225125312805176,0.007327079772949219,-0.045766592025756836,-0.0031856894493103027,-0.012499988079071045,-8.195638656616211e-05,0.001694798469543457
2025-05-06,0.010094285011291504,-0.010057926177978516,-0.1013716459274292,-0.04922908544540405,0.022035419940948486,-0.0026848912239074707,0.0015391111373901367,0.022381365299224854,0.01765573024749756,-0.00527578592300415,-0.04953658580780029,-0.020126640796661377,-0.06324243545532227,0.011280417442321777
2025-05-07,-0.023595094680786133,-8.606910705566406e-05,0.002623438835144043,0.014016032218933105,-0.020716547966003418,0.0072479248046875,0.002654433250427246,-0.021978020668029785,-0.002404451370239258,0.010125398635864258,-0.0023537278175354004,0.002583622932434082,0.0020987987518310547,0.018962621688842773
2025-05-08,-0.0020360946655273438,0.009385943412780762,-0.032112300395965576,0.018163084983825684,0.02322542667388916,-0.008840441703796387,6.961822509765625e-05,0.008064508438110352,0.00839531421661377,0.008353233337402344,-0.030670762062072754,-0.00914829969406128,-0.024434924125671387,-0.002189457416534424
2025-05-09,0.0029027462005615234,-0.018000304698944092,0.013025403022766113,0.02378547191619873,-0.0034810304641723633,-0.020120322704315186,-0.03246253728866577,0.0031616687774658203,0.010401546955108643,-0.004497051239013672,0.006606340408325195,0.013329029083251953,-0.06333303451538086,-0.0981898307800293
2025-05-12,-0.023871898651123047,0.045087337493896484,0.030567646026611328,0.03298628330230713,-0.03773081302642822,-0.03577470779418945,-0.042911648750305176,-0.04334700107574463,0.03629922866821289,0.019971489906311035,0.04145073890686035,0.028745651245117188,-0.04239928722381592,-0.019480466842651367
2025-05-13,0.005189120769500732,-0.007813811302185059,0.026129961013793945,0.03893482685089111,-0.01871943473815918,0.01767832040786743,0.012357652187347412,0.0011581182479858398,0.02333545684814453,-0.013752877712249756,0.01990056037902832,0.0001246929168701172,-0.020821571350097656,-0.022538065910339355
2025-05-14,0.013218998908996582,0.001591801643371582,0.0034412145614624023,0.008373379707336426,-0.000706791877746582,0.006241559982299805,0.0030756592750549316,-0.006811618804931641,-0.014608502388000488,-0.010872125625610352,0.0019512176513671875,-0.0013096332550048828,-0.03178119659423828,-0.004312276840209961
2025-05-15,0.0005792975425720215,0.011376023292541504,0.003429412841796875,-0.004759490489959717,-0.003077268600463867,-0.012142777442932129,-0.01724874973297119,-0.00014400482177734375,0.0010878443717956543,0.006690502166748047,0.004543900489807129,0.008804798126220703,0.0204581618309021,-0.02624046802520752
2025-05-16,0.007607579231262207,-0.0002480745315551758,0.010936498641967773,0.02472531795501709,-0.0009555816650390625,-0.0005171298980712891,-0.0022056102752685547,0.003166377544403076,0.00038433074951171875,0.0007121562957763672,0.00592350959777832,-0.019374847412109375,-0.006414294242858887,-0.0018595457077026367
2025-05-19,-0.002628326416015625,-0.004963576793670654,0.01284646987915039,0.001886606216430664,-0.014419913291931152,-0.0020674467086791992,0.0034387707710266113,0.008662998676300049,-0.004934549331665039,0.0014231204986572266,0.020342588424682617,0.0036611557006835938,-0.02969062328338623,0.016241252422332764
2025-05-20,-0.0012378692626953125,-0.005819737911224365,-0.014686286449432373,-0.008523285388946533,0.018523991107940674,0.012378811836242676,0.007453441619873047,0.021555542945861816,0.0022957324981689453,-0.009947896003723145,-0.004197299480438232,-0.011760950088500977,-0.010718584060668945,0.017924606800079346
2025-05-21,-0.007854580879211426,0.001672506332397461,0.020551085472106934,0.007496953010559082,-0.013423562049865723,-0.006266951560974121,-0.0045195817947387695,0.007591605186462402,0.015723884105682373,-0.008851706981658936,0.014014720916748047,0.0018455982208251953,-0.007393598556518555,-0.007684946060180664
2025-05-22,0.005412042140960693,-0.007764279842376709,-0.0002213120460510254,-0.009326338768005371,-0.0017428398132324219,0.003529191017150879,0.0017996430397033691,-0.00299990177154541,-0.0195467472076416,-0.002655029296875,-0.015068113803863525,-0.0023503899574279785,-0.0034102201461791992,0.00047665834426879883
2025-05-23,-0.010229945182800293,0.018174171447753906,0.0075255632400512695,0.0034050941467285156,-0.011234283447265625,-0.007083296775817871,-0.005339503288269043,-0.00328981876373291,-0.010700702667236328,0.016940951347351074,0.0001055002212524414,0.006685733795166016,-0.0035463571548461914,-0.008583664894104004
2025-05-26,-0.0038782358169555664,0.00421452522277832,-0.006370902061462402,0.002595067024230957,0.00752103328704834,-0.0034133195877075195,-0.0074492692947387695,0.0070053935050964355,-0.008444547653198242,-0.005473613739013672,0.005907773971557617,0.004933595657348633,0.00014728307723999023,0.007565021514892578
2025-05-27,-0.003290891647338867,-0.016129016876220703,0.0,0.008860111236572266,-0.0028727054595947266,0.007112622261047363,0.009721994400024414,-0.02251577377319336,-0.025746822357177734,-0.005742967128753662,0.010487675666809082,-0.000881195068359375,-0.004859805107116699,-0.006669759750366211
2025-05-28,-0.007487177848815918,-0.0007528066635131836,0.006190657615661621,0.023090600967407227,0.004247307777404785,0.0014535188674926758,-0.00511622428894043,0.0019084811210632324,0.018947243690490723,-0.0014440417289733887,0.0025947093963623047,0.003590703010559082,-0.013629317283630371,0.0009464621543884277
2025-05-29,0.011607348918914795,0.005859255790710449,0.0008789300918579102,-0.0018326044082641602,0.0026286840438842773,-0.002079486846923828,-0.001857161521911621,0.001323699951171875,-0.023598074913024902,0.003374338150024414,0.00020706653594970703,0.001004338264465332,0.013301491737365723,-0.00947415828704834
2025-05-30,0.007447183132171631,-0.00790548324584961,0.026125073432922363,0.036332011222839355,-0.0048236846923828125,-0.008923053741455078,0.00734633207321167,-0.0010309219360351562,0.00873631238937378,-0.0033629536628723145,0.03425788879394531,0.018749594688415527,-0.0402226448059082,-0.007977485656738281
2025-06-02,-0.03693819046020508,0.0018453598022460938,0.020753145217895508,0.018181800842285156,-0.0207364559173584,0.006581664085388184,-0.003250718116760254,-0.010592937469482422,0.005202293395996094,-0.00530242919921875,0.025017499923706055,0.0016620159149169922,-0.0434567928314209,-0.08379888534545898
2025-06-03,-0.01342785358428955,-0.010800421237945557,-0.004191994667053223,-0.007966995239257812,-0.024484872817993164,0.003830254077911377,0.008686661720275879,0.024894416332244873,0.014581084251403809,-0.009207725524902344,0.008981704711914062,-0.0047318339347839355,0.00998985767364502,-0.10395187139511108
2025-06-04,0.00425642728805542,-0.008886992931365967,0.00357818603515625,0.0120927095413208,0.0015617609024047852,-0.008625149726867676,0.004798710346221924,-0.0076141357421875,-0.016857147216796875,0.000978231430053711,0.0009676218032836914,-0.004075050354003906,-0.009954333305358887,0.013422727584838867
2025-06-05,0.007101535797119141,-0.010247647762298584,-0.015520095825195312,-0.00802624225616455,0.01848602294921875,-0.004327178001403809,-0.016631722450256348,0.010223686695098877,0.013691842555999756,-0.0031761527061462402,-0.004736542701721191,-0.0006199479103088379,0.0039154887199401855,-0.009933710098266602
2025-06-06,-0.0409693717956543,0.03071606159210205,0.015977859497070312,-0.005700647830963135,-0.0034286975860595703,-0.014977455139160156,-0.0033681392669677734,-0.07110774517059326,-0.02446460723876953,0.01642155647277832,0.01058661937713623,0.008746862411499023,-0.004811882972717285,-0.0038222670555114746
2025-06-09,-0.02995133399963379,0.021178722381591797,0.007548809051513672,0.017107486724853516,-0.023678898811340332,-0.0,0.017058253288269043,-0.010621905326843262,-0.01677107810974121,-0.03110682964324951,0.0183565616607666,0.008609533309936523,-0.013759613037109375,0.008153438568115234
2025-06-10,0.008549213409423828,0.010574698448181152,-0.004370450973510742,0.0006364583969116211,0.007945477962493896,0.006872892379760742,0.008293867111206055,0.012308120727539062,-0.010040044784545898,-0.006080508232116699,-0.003869354724884033,-0.003658294677734375,0.006986021995544434,-0.009039044380187988
2025-06-11,-0.011170625686645508,-0.0011356472969055176,-0.017558515071868896,-0.005724132061004639,0.013696014881134033,0.00753098726272583,-0.005692601203918457,0.001680135726928711,0.010354399681091309,0.0025569796562194824,-0.01316910982131958,-0.002447843551635742,0.009648263454437256,-0.00576096773147583
2025-06-12,-0.006137371063232422,-0.015023529529571533,-0.008085072040557861,-0.012428045272827148,0.007976114749908447,0.003589034080505371,0.0040531158447265625,0.0063114166259765625,0.007652699947357178,0.008622705936431885,-0.020641326904296875,-0.01116490364074707,0.015154540538787842,-0.014002859592437744
2025-06-13,0.012970387935638428,-0.005853712558746338,-0.0057915449142456055,-0.001573026180267334,0.0056185126304626465,0.013275742530822754,0.00638502836227417,0.00578683614730835,0.01572483777999878,0.009167850017547607,-0.01303797960281372,-0.01687455177307129,0.02830260992050171,-0.012732625007629395
2025-06-16,-0.016718745231628418,0.007961511611938477,0.0058252811431884766,-0.0019462108612060547,-0.001510024070739746,-0.009282469749450684,-0.007626652717590332,-0.006530404090881348,-0.0053865909576416016,-0.014946579933166504,0.0016884803771972656,0.00018930435180664062,-0.004948735237121582,0.003968238830566406
2025-06-17,0.010621249675750732,-0.00024688243865966797,-0.010725021362304688,-0.018107593059539795,0.004085361957550049,0.00299680233001709,0.002593100070953369,0.010578274726867676,0.014733612537384033,0.0009350180625915527,-0.008527517318725586,-0.0002523660659790039,0.01364743709564209,-0.014822125434875488
2025-06-18,-0.027614235877990723,0.004855632781982422,-0.00650477409362793,-0.009267985820770264,-0.01128089427947998,-0.0022802352905273438,0.007447957992553711,-0.008980751037597656,-0.05110299587249756,0.002105712890625,-0.003800332546234131,-0.0005047917366027832,0.005777120590209961,-0.0025075674057006836
2025-06-19,0.0055381059646606445,-0.002866506576538086,-0.020515084266662598,-0.030736923217773438,0.015259802341461182,-0.0006204843521118164,0.0009202361106872559,0.015117287635803223,0.015285134315490723,-0.006565093994140625,-0.023692429065704346,-0.008587002754211426,0.03084641695022583,-0.024132728576660156
2025-06-20,-0.006644725799560547,0.002628326416015625,0.010695219039916992,0.022257208824157715,-0.017604947090148926,-0.015295624732971191,-0.01119530200958252,-0.0068857669830322266,-0.0032836198806762695,-0.0109480619430542,0.02961432933807373,0.01407468318939209,-0.027239084243774414,0.016486287117004395
2025-06-23,-0.0015088319778442383,-0.005406737327575684,-0.0013227462768554688,0.005587577819824219,0.002698659896850586,0.008346915245056152,0.004905045032501221,-0.011682629585266113,0.0004165172576904297,-0.006451606750488281,0.008389115333557129,-0.007473468780517578,0.004467487335205078,0.007602572441101074
2025-06-24,-0.0052100419998168945,0.005847930908203125,0.016997814178466797,0.025867104530334473,-0.010968804359436035,-0.006364226341247559,-0.0028166770935058594,-0.014223217964172363,0.009465456008911133,-0.01808619499206543,0.01267707347869873,0.0065805912017822266,-0.029748082160949707,0.0045272111892700195
2025-06-25,-0.007930517196655273,-0.00646895170211792,0.005209445953369141,0.0008404254913330078,-0.005639910697937012,-0.00989389419555664,-0.0011937618255615234,-0.0011107921600341797,0.0025843381881713867,0.01124352216720581,0.006845951080322266,0.0058460235595703125,0.018977999687194824,0.013019561767578125
2025-06-26,-0.015674352645874023,0.01664876937866211,0.0012956857681274414,0.003265857696533203,0.001806020736694336,-0.021008014678955078,-0.009328007698059082,0.002773880958557129,-0.007592201232910156,-0.0025016069412231445,0.0029140710830688477,-0.0037497878074645996,-0.026510000228881836,-0.007414698600769043
2025-06-27,0.013053596019744873,-0.006809890270233154,0.008194923400878906,-0.0007439851760864258,0.007761180400848389,0.0034622550010681152,-0.016051650047302246,-0.006397724151611328,-0.025834321975708008,-0.0018149614334106445,0.0008716583251953125,0.010476231575012207,-0.006351590156555176,0.0049800872802734375
2025-06-30,-0.010506749153137207,-0.0211411714553833,-0.031015992164611816,0.028946399688720703,-0.022697806358337402,0.006551563739776611,0.011215925216674805,-0.006633400917053223,-0.01678907871246338,0.02015399932861328,-0.03909420967102051,-0.0185621976852417,-0.030448198318481445,0.007928609848022461
2025-07-01,-0.025504589080810547,-0.021597623825073242,0.004979252815246582,0.010673880577087402,-0.026276350021362305,-0.0051958560943603516,0.009544909000396729,-0.06040644645690918,-0.008026599884033203,-0.009244322776794434,-0.02328181266784668,6.091594696044922e-05,-0.006730794906616211,0.0044248104095458984
2025-07-02,0.023975610733032227,0.001704573631286621,0.018140137195587158,-0.01029270887374878,0.0044348835945129395,0.012922465801239014,0.002932906150817871,-0.00012946128845214844,0.024399876594543457,0.006640791893005371,-0.006825685501098633,0.00902104377746582,0.008089900016784668,-0.007342100143432617
2025-07-03,0.007821619510650635,-0.003573596477508545,0.002973020076751709,-0.0006330013275146484,0.0034902095794677734,-0.0006041526794433594,0.001330733299255371,-0.005307435989379883,-0.005538344383239746,0.019594311714172363,0.03172731399536133,0.00713503360748291,0.011728286743164062,-0.0064103007316589355
2025-07-04,-0.009422898292541504,0.005550384521484375,0.006389796733856201,0.001900315284729004,0.007696211338043213,-0.001006484031677246,-0.011852145195007324,-0.002832770347595215,0.0071312785148620605,-0.0016459226608276367,-0.005601167678833008,-0.0058852434158325195,-0.009889602661132812,-0.004962801933288574
2025-07-07,0.006894469261169434,-0.002122938632965088,-0.001286149024963379,-0.0005418658256530762,0.001253962516784668,0.0009048581123352051,0.004921078681945801,0.0021828413009643555,0.002102196216583252,-0.009389638900756836,-0.0149461030960083,0.006158769130706787,0.006010770797729492,-0.002493739128112793
2025-07-08,-0.007372379302978516,-0.008254587650299072,0.005566298961639404,-0.004970192909240723,0.007207632064819336,-0.007044434547424316,-0.004388093948364258,-0.00193023681640625,0.0048569440841674805,-0.03465116024017334,0.004390418529510498,-0.007188558578491211,0.012569606304168701,0.0
2025-07-09,-0.0071964263916015625,-0.0006006956100463867,-0.0058127641677856445,0.0019072294235229492,-0.001826643943786621,-0.00489652156829834,0.007004141807556152,0.0052658915519714355,0.011231303215026855,-0.0022476911544799805,0.009095072746276855,0.0020919442176818848,0.03770726919174194,-0.004500031471252441
2025-07-10,-0.0029670000076293945,-0.00034332275390625,0.009631872177124023,-0.013778090476989746,0.013605117797851562,0.0024860501289367676,0.005447328090667725,0.010587453842163086,-0.014391899108886719,0.011437535285949707,0.011125504970550537,0.0036377310752868652,0.005005478858947754,-0.005022644996643066
2025-07-11,0.008693575859069824,0.008159399032592773,0.005835354328155518,-0.004136085510253906,0.0170632004737854,0.011265039443969727,0.0015447735786437988,0.01826953887939453,-0.007035255432128906,-0.007486462593078613,-0.004125237464904785,-0.0008045434951782227,0.0008623600006103516,-0.0075719356536865234
2025-07-14,0.019549310207366943,-0.0009372234344482422,-0.014565229415893555,0.01559758186340332,-0.01538240909576416,0.0003024935722351074,-0.0007735490798950195,0.012760937213897705,-0.010187983512878418,0.0074307918548583984,-0.004575133323669434,-0.0002472400665283203,-0.022728919982910156,0.016785383224487305
2025-07-15,-0.006335735321044922,-0.005798518657684326,-0.01414179801940918,0.010541558265686035,-0.005223870277404785,-0.006353974342346191,-0.005481362342834473,0.01804220676422119,-0.01544487476348877,0.007259488105773926,-0.0137559175491333,-0.009396076202392578,0.005274653434753418,-0.023511767387390137
2025-07-16,0.015184223651885986,0.0021442174911499023,-0.019649267196655273,0.018795013427734375,-0.014267563819885254,-0.00040090084075927734,0.003075242042541504,-0.012751936912536621,0.0014188289642333984,0.0038848519325256348,-0.024296283721923828,-0.01867842674255371,-0.014423012733459473,0.010752677917480469
2025-07-17,0.0010027885437011719,-0.0073604583740234375,0.010360538959503174,-0.01279902458190918,0.009781599044799805,0.004808664321899414,0.005398273468017578,0.005144834518432617,0.016652464866638184,0.0038999319076538086,0.01029360294342041,0.0032463669776916504,0.01366037130355835,0.00494074821472168
2025-07-18,0.002572298049926758,-0.05216413736343384,0.007328331470489502,-0.009298920631408691,0.0005644559860229492,0.014797687530517578,-0.0050046443939208984,0.005307674407958984,-0.005721926689147949,0.01404881477355957,0.0037984848022460938,0.006815493106842041,-0.0009891986846923828,-0.0014896392822265625
2025-07-21,-0.052836835384368896,0.0002728700637817383,0.005484104156494141,-0.021209418773651123,-0.0014590024948120117,-0.02196788787841797,-0.028054475784301758,-0.012313604354858398,0.01293027400970459,-0.011445879936218262,0.006627380847930908,-0.0010324716567993164,0.02604830265045166,0.0004957914352416992
2025-07-22,-0.03599423170089722,-0.001455068588256836,0.015906691551208496,-0.03550022840499878,0.0017859339714050293,-0.0033992528915405273,-0.0053212642669677734,0.020948708057403564,0.018164873123168945,0.002309441566467285,0.029062330722808838,0.011162340641021729,-0.0020294189453125,0.008432567119598389
2025-07-23,0.015086770057678223,0.0061931610107421875,-0.014870643615722656,-0.0022944211959838867,-0.0019303560256958008,-0.00856924057006836,-0.01017916202545166,-0.003589153289794922,-0.00942838191986084,-0.004861116409301758,-0.005365252494812012,-0.006932497024536133,-0.0031102895736694336,0.004502236843109131
2025-07-24,0.011808633804321289,-0.008779942989349365,-0.015714526176452637,-0.05298960208892822,0.0005168914794921875,0.005038559436798096,0.003493189811706543,-0.002613544464111328,0.0038183927536010742,0.013130664825439453,-0.006834626197814941,0.006031811237335205,-0.011104822158813477,-0.005527615547180176
2025-07-25,-0.016164720058441162,-0.00821840763092041,0.014007925987243652,0.024296998977661133,0.021438658237457275,0.0047661662101745605,0.004247009754180908,0.03004533052444458,0.028541088104248047,0.008169949054718018,0.02036452293395996,0.01121741533279419,0.028526604175567627,0.020489752292633057
2025-07-28,-0.008249342441558838,-0.011509060859680176,0.012722671031951904,0.003171086311340332,0.010281562805175781,-0.0018956661224365234,-0.007650136947631836,-0.0002830028533935547,0.026283860206604004,-0.07437044382095337,0.014997661113739014,0.011654555797576904,0.020408153533935547,0.013775527477264404
2025-07-29,0.01732325553894043,-0.008755624294281006,-0.00794672966003418,0.002900421619415283,0.0038349032402038574,-0.006572365760803223,0.0014781355857849121,0.00579756498336792,-0.007667899131774902,0.003051161766052246,-0.023417234420776367,-0.002571702003479004,0.00532078742980957,-0.003621339797973633
2025-07-30,0.00858163833618164,0.00855112075805664,0.010654151439666748,0.017171800136566162,0.0025827884674072266,-0.0020775794982910156,0.0025568008422851562,0.01521831750869751,0.007795095443725586,-0.006590664386749268,0.010828554630279541,-0.0030655860900878906,0.01484215259552002,0.009278357028961182
2025-07-31,-0.006431698799133301,-0.0045653581619262695,0.007538259029388428,0.008688151836395264,0.010992765426635742,0.0037516355514526367,0.0006746053695678711,0.006932318210601807,0.0037410855293273926,0.009696364402770996,0.025226116180419922,0.006361901760101318,-0.0015295743942260742,0.015608727931976318
2025-08-01,-0.0006068944931030273,-0.005615890026092529,0.011501729488372803,0.012713074684143066,-0.03146761655807495,0.0029729604721069336,0.006615400314331055,0.017161130905151367,0.01902616024017334,0.0070760250091552734,0.020898401737213135,0.003201305866241455,0.021838724613189697,0.016913294792175293
2025-08-04,0.0151137113571167,0.005835771560668945,-0.025686144828796387,-0.017559170722961426,0.002040266990661621,0.01003873348236084,0.005708098411560059,-0.025895237922668457,-0.025966525077819824,0.0022584199905395508,-0.014362573623657227,-0.002141118049621582,-0.00733792781829834,-0.01559138298034668
2025-08-05,-0.012761712074279785,0.002058863639831543,0.0021404027938842773,0.002684295177459717,-0.002137899398803711,0.00722891092300415,0.012848496437072754,-0.0,-0.018779993057250977,0.0030045509338378906,0.009537816047668457,-0.006157994270324707,0.008214414119720459,0.0015881061553955078
2025-08-06,-0.010031640529632568,0.00018668174743652344,-0.0047190189361572266,-0.012208104133605957,0.006784319877624512,-0.003843069076538086,0.0005539059638977051,0.008510053157806396,0.019288361072540283,-0.00024962425231933594,-0.0016876459121704102,-0.005683302879333496,-0.023753762245178223,0.006892979145050049
2025-08-07,0.010949373245239258,0.0048552751541137695,-0.001067519187927246,-0.0002849102020263672,0.006384015083312988,-0.005138039588928223,0.002285897731781006,-0.007128357887268066,-0.004979133605957031,-0.005243480205535889,-0.00822603702545166,-0.0,-0.010914325714111328,-0.002135634422302246
2025-08-08,-0.005718111991882324,-0.01681840419769287,0.011516273021697998,0.00844961404800415,-0.011478602886199951,0.010724663734436035,0.0030549168586730957,0.0017333626747131348,0.030841588973999023,-0.019829273223876953,0.007077574729919434,0.0010557770729064941,0.01109856367111206,0.01225358247756958
2025-08-11,-0.006427586078643799,0.014365434646606445,-0.019848942756652832,-0.014745354652404785,0.0017316341400146484,-0.010942220687866211,-0.00048744678497314453,-0.008247733116149902,-0.0010224580764770508,0.012035846710205078,-0.02494800090789795,-0.02380955219268799,-0.029012084007263184,-0.012405633926391602
2025-08-12,-0.012870311737060547,-0.00307464599609375,0.003807961940765381,-0.0006605386734008789,-0.003609776496887207,0.012828230857849121,0.010162889957427979,0.008897840976715088,0.00025534629821777344,-0.008603274822235107,-0.0010625123977661133,0.0034610629081726074,-0.005638718605041504,0.002663910388946533
2025-08-13,0.018211960792541504,-0.0037383437156677246,0.005096614360809326,0.005091965198516846,0.0010715723037719727,-0.005279183387756348,0.0008438229560852051,-0.012163400650024414,0.012259721755981445,0.014548301696777344,9.649991989135742e-05,-0.0015232563018798828,-0.0011067390441894531,-0.005876064300537109
2025-08-14,0.01707315444946289,0.002063751220703125,-0.003841996192932129,-0.0024641752243041992,-0.0016820430755615234,-0.005453348159790039,-0.004574894905090332,0.01616603136062622,0.004783749580383301,-0.0047798752784729,0.003377377986907959,-0.005718827247619629,0.006264328956604004,0.0026552677154541016
2025-08-18,0.014588356018066406,0.013480663299560547,-0.0,-0.000756382942199707,-0.0003574490547180176,-0.006227374076843262,-0.005114555358886719,-0.016431689262390137,-0.024553418159484863,0.011880636215209961,-0.0045506954193115234,-0.0013308525085449219,-0.007045388221740723,-0.01650691032409668
2025-08-19,-0.004004955291748047,0.000554203987121582,-0.01764833927154541,-0.021256446838378906,-0.021758079528808594,0.006188869476318359,-0.0011850595474243164,-0.019885540008544922,0.0039942264556884766,0.014239311218261719,-0.010602355003356934,-0.003322601318359375,-0.012813925743103027,-0.013619661331176758
2025-08-20,0.0008569955825805664,-0.0027695894241333008,0.008775591850280762,-0.0054579973220825195,0.0016995668411254883,0.0015066266059875488,0.003968596458435059,0.0005611181259155273,0.009293437004089355,-0.006157636642456055,0.007343769073486328,0.0017461776733398438,0.004508078098297119,-0.0005167722702026367
2025-08-21,-0.009154975414276123,-0.0012034177780151367,0.006112992763519287,0.010764598846435547,0.0014020800590515137,-0.001508951187133789,-0.010764718055725098,0.016421020030975342,0.013813912868499756,0.0002478361129760742,-0.00048041343688964844,0.003920614719390869,0.0027756094932556152,-0.003615736961364746
2025-08-22,-0.013493776321411133,-0.0074149370193481445,0.012937426567077637,0.010230660438537598,0.015494167804718018,0.013358771800994873,0.006639003753662109,0.005707800388336182,0.00957721471786499,-0.015609562397003174,0.01747816801071167,0.01144486665725708,0.012964189052581787,0.007719993591308594
2025-08-25,0.01017451286315918,-0.0008404254913330078,-0.003652811050415039,0.010148465633392334,0.006773948669433594,0.00030541419982910156,0.0022278428077697754,-0.008610725402832031,-0.014142870903015137,-0.0015101432800292969,0.0005864500999450684,-0.00024509429931640625,0.012763440608978271,-0.014004111289978027
2025-08-26,-0.005803048610687256,-0.01859813928604126,0.024834096431732178,0.02582108974456787,0.013076186180114746,0.008757591247558594,0.011582434177398682,0.021627724170684814,0.018745481967926025,-0.009074866771697998,0.02327626943588257,0.010533452033996582,0.025330662727355957,-0.030690431594848633
2025-08-28,-0.021469295024871826,0.0017141103744506836,0.00790339708328247,0.012960433959960938,0.0036371946334838867,0.016026318073272705,0.01235353946685791,0.010325729846954346,0.01295614242553711,-0.010684311389923096,0.012916803359985352,0.007303297519683838,0.0199737548828125,-0.014248073101043701
2025-08-29,-0.015358269214630127,-0.006369471549987793,0.0017702579498291016,0.007700622081756592,0.0002606511116027832,0.006473183631896973,0.0009291172027587891,0.0008817911148071289,0.009509742259979248,0.008228421211242676,0.005579233169555664,-0.0006858110427856445,0.01778411865234375,0.0224839448928833
2025-09-01,0.0048743486404418945,0.015595197677612305,-0.006872057914733887,-0.012635469436645508,-0.009754300117492676,0.0010508894920349121,-0.009443402290344238,-0.013972759246826172,-0.01805269718170166,0.004080653190612793,-0.013975381851196289,-0.004423618316650391,-0.026758551597595215,0.023560166358947754
2025-09-02,-0.018363237380981445,-0.004992961883544922,-0.009467124938964844,-0.009726881980895996,0.00010335445404052734,0.006416976451873779,0.01190650463104248,-0.007977843284606934,0.002191603183746338,-0.01320803165435791,-0.005533099174499512,0.0026673078536987305,0.003901362419128418,0.0
2025-09-03,0.007976889610290527,-0.0014201998710632324,-0.007415413856506348,-0.020434021949768066,0.0017049312591552734,-0.01053464412689209,-0.0020083189010620117,-0.01582956314086914,-0.02249729633331299,0.009009003639221191,-0.014006972312927246,-0.010262489318847656,-0.0062667131423950195,-0.04092073440551758
2025-09-04,-0.0247916579246521,-0.004076898097991943,0.01883518695831299,0.02078765630722046,0.01723337173461914,-0.007124543190002441,-0.006084442138671875,-0.02323281764984131,0.017250359058380127,-0.005357146263122559,0.008386790752410889,0.003386080265045166,0.012688815593719482,0.0029484033584594727
2025-09-05,-0.00280076265335083,0.005236148834228516,-0.0013238191604614258,-0.010030150413513184,-0.003264904022216797,-0.0022367238998413086,0.0019209980964660645,-0.00512242317199707,-0.0029145479202270508,-0.0020517706871032715,-0.003184080123901367,0.0034593939781188965,-0.004021048545837402,-0.007392764091491699
2025-09-08,0.007849693298339844,-0.0003788471221923828,-0.001762986183166504,-0.009062886238098145,-0.0005248785018920898,-0.0026987791061401367,7.134675979614258e-05,0.004545450210571289,0.008321762084960938,0.0023130178451538086,-0.004463315010070801,-0.002727508544921875,-0.005575656890869141,0.012720167636871338
2025-09-09,-0.003286898136138916,-0.00312650203704834,0.000659942626953125,0.0006688833236694336,-0.005298495292663574,0.0008798837661743164,-0.0007128715515136719,-0.01743459701538086,0.00612717866897583,0.005384683609008789,-0.0005924701690673828,-6.175041198730469e-05,0.006325721740722656,-0.007928609848022461
2025-09-10,0.023442506790161133,-0.01701200008392334,-0.014968156814575195,-0.024094104766845703,-0.023221850395202637,-0.000777125358581543,-0.00014257431030273438,0.011423885822296143,-0.0068351030349731445,0.006631016731262207,-0.019046664237976074,-0.011559724807739258,-0.041417717933654785,-0.021140575408935547
2025-09-11,-0.003992676734924316,-0.0161668062210083,-0.0010843276977539062,-0.012883901596069336,-0.0029069185256958008,-0.0019670724868774414,0.0016383528709411621,0.0034392476081848145,0.0035274624824523926,-0.0005067586898803711,-0.014139056205749512,-0.006660938262939453,-0.009131431579589844,-0.010110735893249512
2025-09-12,-0.0060482025146484375,-0.01646125316619873,0.0032495856285095215,0.009862661361694336,0.011645019054412842,0.0005166530609130859,-0.01148688793182373,0.005521833896636963,0.010820150375366211,0.0,0.004201710224151611,0.0001214742660522461,-0.0011965036392211914,0.005719661712646484
2025-09-15,0.00955212116241455,0.0008142590522766113,-0.006520271301269531,-0.013963937759399414,-0.009827136993408203,0.00025844573974609375,-0.0011991262435913086,0.005830049514770508,0.0008102059364318848,-0.0007604360580444336,-0.011123895645141602,-0.0014570951461791992,-0.005676627159118652,-0.007190823554992676
2025-09-16,-0.00308382511138916,-0.015211820602416992,-0.006478071212768555,-0.006334900856018066,-0.000713348388671875,0.00020682811737060547,-0.0015499591827392578,0.0009773969650268555,-0.003176093101501465,-0.025621414184570312,0.0005691051483154297,-0.008244872093200684,0.0025995969772338867,-0.0
2025-09-17,-0.0034449100494384766,-0.004281163215637207,-0.022098183631896973,-0.026731133460998535,-0.01303398609161377,0.00036197900772094727,0.001688241958618164,-0.004052996635437012,0.004311203956604004,-0.014345884323120117,-0.03254890441894531,-0.03078591823577881,-0.020403623580932617,-0.0066634416580200195
2025-09-18,0.015379190444946289,-0.006216645240783691,-0.012384533882141113,0.0072863101959228516,0.0027140378952026367,-0.01076054573059082,-0.0017615556716918945,-0.0015312433242797852,0.004871070384979248,-0.0019507408142089844,0.0010109543800354004,0.0032666921615600586,0.0032110214233398438,0.003782510757446289
2025-09-19,-0.0013201236724853516,-0.0025595426559448242,-0.012647747993469238,-0.020408153533935547,0.0025701522827148438,0.01023644208908081,0.013715982437133789,0.002779662609100342,-0.012169480323791504,0.011438250541687012,-0.012879490852355957,-0.009363889694213867,-0.027161598205566406,-0.004746079444885254
2025-09-22,-0.01760125160217285,-0.007483005523681641,0.00389021635055542,-0.009385943412780762,0.014753401279449463,0.0027924180030822754,0.0004991888999938965,0.011567950248718262,0.01356804370880127,0.004677534103393555,0.002270638942718506,0.008233308792114258,0.0106201171875,-0.0018894672393798828
2025-09-23,-0.03625810146331787,-0.023068904876708984,-0.00842750072479248,-0.025549650192260742,-0.0006667375564575195,0.0072599053382873535,0.005137324333190918,0.005781114101409912,-0.028530597686767578,-0.01286172866821289,-0.0033682584762573242,-0.017947912216186523,-0.010013699531555176,-0.008015036582946777
2025-09-24,-0.006150484085083008,0.010164022445678711,-0.004484295845031738,-0.008219599723815918,0.007943451404571533,0.006425023078918457,0.008319675922393799,0.00666576623916626,0.019198954105377197,0.007814466953277588,-0.021320998668670654,0.0050539374351501465,0.007346630096435547,0.008886754512786865
2025-09-25,-0.007403373718261719,-0.006644129753112793,0.006087660789489746,0.011934816837310791,0.0012914538383483887,0.0012617707252502441,0.0049901604652404785,0.0015705227851867676,-0.0,0.008860409259796143,0.0035227537155151367,0.005830049514770508,0.002874135971069336,-0.007550716400146484
2025-09-26,-0.00215756893157959,0.010800600051879883,-0.01735401153564453,-0.027645468711853027,0.007810473442077637,0.005053400993347168,0.011775016784667969,0.01916205883026123,-0.03779953718185425,0.00918799638748169,-0.032424986362457275,0.004877209663391113,-0.03379696607589722,0.017798662185668945
2025-09-29,0.0064585208892822266,-0.018890857696533203,0.022439241409301758,0.02029573917388916,0.009071052074432373,-0.005555272102355957,0.008458375930786133,-0.013267278671264648,0.014942169189453125,0.0017544031143188477,0.016039729118347168,-0.016103625297546387,0.009844779968261719,-0.0033382177352905273
2025-09-30,0.009479939937591553,-0.000529944896697998,0.017882466316223145,0.02683699131011963,-0.014993667602539062,-0.0007365942001342773,7.414817810058594e-05,-0.0038847923278808594,0.016795635223388672,-0.0005021095275878906,0.030257463455200195,-0.0019524097442626953,0.02296900749206543,-0.009980916976928711
2025-10-01,0.009365677833557129,0.02465534210205078,0.003992795944213867,0.00041747093200683594,-0.0043021440505981445,-0.01498425006866455,-0.01780414581298828,0.010749578475952148,0.010332465171813965,-0.03563368320465088,-0.0024625658988952637,0.009570777416229248,0.0017327070236206055,-0.024000048637390137
2025-10-03,-0.023945927619934082,0.01854252815246582,0.01690196990966797,0.01727735996246338,0.0071738362312316895,0.0001035928726196289,0.004956305027008057,-0.0002897977828979492,0.00571894645690918,-0.01793062686920166,0.01618361473083496,-0.0037032365798950195,-0.007495462894439697,-0.004136085510253906
2025-10-06,-0.028373122215270996,0.026926398277282715,0.009972691535949707,0.00680994987487793,-0.006705880165100098,-0.008599638938903809,0.0013184547424316406,-0.029692888259887695,-0.0108376145362854,-0.02166152000427246,0.0014396905899047852,-0.0077828168869018555,-0.007479608058929443,-0.0036612749099731445
2025-10-07,-0.0013762712478637695,-0.021438002586364746,-0.01781219244003296,0.010268092155456543,-0.028451919555664062,-0.009296774864196777,-0.009168267250061035,-0.012660026550292969,0.013120532035827637,0.008853733539581299,-0.0032345056533813477,0.01069730520248413,0.013608455657958984,-0.013223886489868164
2025-10-08,-0.004842996597290039,-0.005224168300628662,0.0001971721649169922,-0.015810251235961914,-0.01727163791656494,0.0038676857948303223,0.0040700435638427734,-0.0,-0.010747671127319336,0.004231274127960205,-0.009013891220092773,0.00745922327041626,-0.018189609050750732,0.008100748062133789
2025-10-09,0.010029971599578857,-0.011180698871612549,0.008474588394165039,0.0010654926300048828,-0.023345351219177246,0.001634836196899414,-0.004305601119995117,-0.02028059959411621,0.011066913604736328,-0.012511730194091797,0.01027834415435791,-0.0044858455657958984,0.013306856155395508,-0.017241358757019043
2025-10-10,-0.004276275634765625,0.01113581657409668,0.010748505592346191,0.009661078453063965,-0.004630088806152344,-0.0038890838623046875,-0.002979278564453125,-0.013342499732971191,0.018954753875732422,-0.002564668655395508,0.025749564170837402,-0.021517276763916016,0.01044762134552002,-0.0704728364944458
2025-10-13,-0.005044221878051758,0.007793903350830078,0.004253745079040527,0.001946091651916504,-0.022659659385681152,0.003975987434387207,0.0006520748138427734,0.009673535823822021,-0.004519462585449219,-0.0009301900863647461,-0.0024576187133789062,-0.0026116371154785156,0.004523515701293945,-0.0012500286102294922
2025-10-14,-0.007235050201416016,-0.010759830474853516,-0.015402436256408691,-0.018938124179840088,-0.011360406875610352,-0.00015354156494140625,-0.0034072399139404297,0.012345612049102783,-0.012501657009124756,-0.0,-0.01443028450012207,0.006795406341552734,-0.02072906494140625,0.02954643964767456
2025-10-15,-0.038115501403808594,-0.006118357181549072,0.01681661605834961,0.025490760803222656,-0.0041310787200927734,-0.0011256933212280273,-0.01033163070678711,-0.002335190773010254,-0.01372605562210083,0.0011616945266723633,0.00982058048248291,-0.010433793067932129,0.01781022548675537,-0.0
2025-10-16,0.004488170146942139,0.022828340530395508,-0.008461594581604004,-0.008124828338623047,0.008459329605102539,-0.01645791530609131,-0.013515472412109375,0.016171038150787354,-0.0008106827735900879,-0.02605259418487549,-0.002475440502166748,-0.0009592771530151367,-0.004518091678619385,0.008576273918151855
2025-10-17,0.007576704025268555,0.003260016441345215,-0.0062062740325927734,-0.014760732650756836,0.009883403778076172,-0.008246660232543945,-0.013617396354675293,-0.0012536048889160156,0.015551090240478516,-0.00022673606872558594,-0.020739197731018066,-0.0024803876876831055,-0.01527261734008789,0.037629783153533936
2025-10-20,-0.0918039083480835,0.02149641513824463,0.026346564292907715,0.016792774200439453,-0.06921553611755371,-0.00039899349212646484,-0.032228827476501465,-0.07025599479675293,0.011651158332824707,-0.0036264657974243164,-0.03864610195159912,-0.0206376314163208,-0.033945441246032715,-0.017528057098388672
2025-10-21,0.004449903964996338,0.009217023849487305,-0.004563629627227783,-0.0037240982055664062,-0.0015853643417358398,-0.004736065864562988,-0.00596994161605835,0.0020798444747924805,-0.0017110705375671387,0.007678389549255371,0.003572702407836914,-0.00038564205169677734,-0.0023349523544311523,-0.004858732223510742
2025-10-23,-0.01085507869720459,0.01737654209136963,-0.012225449085235596,-0.006907165050506592,-0.0018466711044311523,-0.001091599464416504,-0.013241708278656006,-0.028526782989501953,0.0015162229537963867,-0.012972235679626465,-0.004634857177734375,-0.004075527191162109,-0.008400440216064453,0.0013186931610107422
2025-10-24,0.011887013912200928,-0.01342552900314331,-0.002707362174987793,-0.004254937171936035,0.0020188093185424805,-0.0139274001121521,0.01026618480682373,0.009625136852264404,-0.005989968776702881,0.017299532890319824,0.010793864727020264,0.007734060287475586,0.007560372352600098,0.0022006630897521973
2025-10-27,-0.004474997520446777,0.00982356071472168,0.02811717987060547,0.0272824764251709,-0.029199600219726562,0.008243322372436523,-7.253885269165039e-05,0.002173900604248047,0.019866228103637695,0.01760399341583252,-0.022967219352722168,-0.02017688751220703,-0.022501230239868164,-0.004411101341247559
2025-10-28,-0.01816713809967041,-0.0062195658683776855,0.011882305145263672,0.006559491157531738,-0.0074346065521240234,0.0005981922149658203,-0.010525524616241455,-0.014994263648986816,-0.038568973541259766,-0.005818009376525879,-0.012559175491333008,-0.008127927780151367,-0.014555692672729492,0.0017567276954650879
2025-10-29,-0.002898097038269043,0.002005934715270996,-0.00838768482208252,-0.009298264980316162,0.003689885139465332,0.0042847394943237305,0.005355477333068848,-0.0018939971923828125,-0.009628057479858398,0.004858851432800293,0.0002548694610595703,-0.010212302207946777,0.006459593772888184,0.0017597675323486328
2025-10-30,0.004702866077423096,-0.008167922496795654,-0.006766855716705322,0.03200697898864746,0.00042569637298583984,-0.0096244215965271,-0.005837738513946533,0.005293011665344238,0.008050024509429932,0.006277620792388916,0.008327722549438477,0.005746245384216309,0.026005923748016357,0.020273268222808838
2025-10-31,0.0005123615264892578,-0.004682660102844238,0.02081751823425293,0.030858874320983887,-0.007665753364562988,-0.010870158672332764,-0.012551367282867432,-0.035981178283691406,0.007678389549255371,0.01637810468673706,-0.0233076810836792,-0.0028362274169921875,-0.044617652893066406,-0.022941946983337402
2025-11-03,0.012416660785675049,0.0007299184799194336,-0.045976996421813965,0.01900172233581543,-0.005409717559814453,0.005418896675109863,0.0008176565170288086,-0.002690434455871582,-0.0026422739028930664,-0.005470991134643555,-0.005107998847961426,-0.013553857803344727,-0.01486515998840332,-0.010114312171936035
2025-11-04,-0.015398740768432617,-0.005755007266998291,0.010811805725097656,0.0,0.00016814470291137695,-0.007454812526702881,-0.007055878639221191,0.010489106178283691,0.0084075927734375,0.00804358720779419,0.002166152000427246,-0.008318424224853516,-0.004374265670776367,-0.0021767616271972656
2025-11-06,-0.0007952451705932617,0.0015490055084228516,0.005912899971008301,-0.0025899410247802734,0.008492767810821533,-0.000608980655670166,-0.012341976165771484,0.009367585182189941,0.005061984062194824,0.006439268589019775,0.02262669801712036,-0.003289461135864258,0.009172499179840088,0.016941845417022705
2025-11-07,-0.031441569328308105,-0.004639744758605957,-0.009372711181640625,0.010312318801879883,-0.006063699722290039,-0.0023866891860961914,0.01711595058441162,-0.013686656951904297,-0.01405489444732666,-0.0026404857635498047,-0.015889286994934082,0.00510019063949585,-0.02097904682159424,-0.009721636772155762
2025-11-10,-0.006492733955383301,-0.0047432780265808105,0.004642784595489502,0.002643585205078125,-0.005057811737060547,0.002239704132080078,0.0037230253219604492,0.0031914114952087402,-0.0026340484619140625,-0.0019152164459228516,0.0003363490104675293,0.004917025566101074,-0.006131768226623535,0.004814028739929199
2025-11-11,0.02755296230316162,0.004519343376159668,0.006458640098571777,-0.0012450218200683594,0.010777533054351807,0.007313370704650879,0.007640957832336426,0.006403088569641113,-0.033464670181274414,0.0026284456253051758,0.0026076436042785645,-0.0022603273391723633,0.010503172874450684,0.004837334156036377
2025-11-12,0.00826406478881836,-0.000736236572265625,0.0030696988105773926,0.01921248435974121,-0.012929797172546387,-0.0022184252738952637,0.00044167041778564453,-0.011029839515686035,-0.04636251926422119,0.0011978745460510254,-0.003542184829711914,-0.004038691520690918,-0.024046659469604492,-0.005302786827087402
2025-11-13,-0.005271792411804199,0.0029469728469848633,0.005977153778076172,-0.0008634328842163086,0.013183236122131348,-0.0028802156448364258,0.019868969917297363,0.019367516040802002,0.0010990500450134277,0.004557430744171143,0.011261403560638428,0.0032910704612731934,0.028088808059692383,0.011868178844451904
2025-11-14,-0.004398345947265625,0.013385534286499023,-0.01220846176147461,0.01829051971435547,-0.0019932985305786133,0.0029898881912231445,-0.009308040142059326,-0.005375027656555176,0.017603814601898193,-0.0021686553955078125,-0.009434819221496582,-0.014517784118652344,-0.005661606788635254,-0.0008896589279174805
2025-11-17,-0.024814724922180176,0.0064432621002197266,-0.004320502281188965,0.020861268043518066,-0.011851310729980469,0.0070230960845947266,0.004369974136352539,-0.007211208343505859,-0.006837606430053711,-0.011300802230834961,-0.006399393081665039,-0.005682706832885742,-0.00864100456237793,-0.02933335304260254
2025-11-18,-0.008162617683410645,0.012644052505493164,-0.0016131401062011719,-0.0008312463760375977,-0.022797584533691406,-0.0041141510009765625,-0.004060924053192139,0.011109769344329834,0.007142424583435059,0.004755139350891113,0.005020081996917725,0.0009245872497558594,0.006295442581176758,0.00734025239944458
2025-11-19,-0.005977272987365723,0.003951311111450195,-0.016821861267089844,0.009290099143981934,-0.006175637245178223,0.002166271209716797,0.007062673568725586,0.006241440773010254,0.00984734296798706,-0.0062111616134643555,-0.021947503089904785,-0.010591745376586914,-0.00894773006439209,0.0026097893714904785
2025-11-20,0.006860077381134033,0.011649847030639648,0.017247438430786133,-0.01621103286743164,0.004430592060089111,-0.014327406883239746,-7.230043411254883e-05,0.008541643619537354,0.012148559093475342,0.003561258316040039,0.009627223014831543,0.0012210607528686523,0.008350551128387451,0.013083338737487793
2025-11-21,0.004296779632568359,-0.007313966751098633,0.014147579669952393,-0.014732599258422852,-0.0005308389663696289,0.010705232620239258,-0.009761393070220947,0.007601678371429443,-0.020677566528320312,0.005003571510314941,0.012047171592712402,0.009118258953094482,0.015014052391052246,0.008837759494781494
2025-11-24,-0.010651707649230957,-0.005330026149749756,0.007992804050445557,0.00623631477355957,-0.01269078254699707,-0.0011022090911865234,-0.0008031725883483887,0.004595935344696045,0.012403309345245361,0.00023949146270751953,0.005045890808105469,0.0020563602447509766,-0.0006628036499023438,0.010254085063934326
2025-11-25,-0.020484328269958496,-0.0021276473999023438,-0.019044160842895508,0.013733386993408203,-0.03151071071624756,0.009357988834381104,-0.007746279239654541,-0.017699122428894043,-0.00460505485534668,0.008383214473724365,-0.010650038719177246,-0.013393759727478027,-0.012318730354309082,-0.022522568702697754
2025-11-26,-0.010274887084960938,-0.01887381076812744,-0.003953337669372559,0.009865164756774902,-0.0014843940734863281,-0.014245390892028809,0.012667536735534668,-0.012854456901550293,-0.01285862922668457,-0.016425132751464844,-0.01580667495727539,-0.0003050565719604492,-0.016682982444763184,-0.010132193565368652
2025-11-27,0.006920039653778076,0.002247631549835205,0.0016109347343444824,0.010663151741027832,0.0058509111404418945,-0.005578279495239258,0.01250910758972168,-0.001617431640625,-0.00793468952178955,-0.002851724624633789,0.0004939436912536621,0.011230885982513428,0.007207155227661133,0.003925025463104248
2025-11-28,-0.008551955223083496,0.005903899669647217,-0.006453990936279297,-0.0011571645736694336,-0.011966943740844727,0.0018821358680725098,-0.0024421215057373047,0.004596292972564697,-0.001282811164855957,-0.006872057914733887,0.003459632396697998,-0.00632166862487793,0.006546497344970703,-0.003940463066101074
2025-12-01,0.004972517490386963,0.0031257271766662598,-0.019950032234191895,-0.0071555376052856445,0.005117893218994141,0.005458533763885498,0.0009360313415527344,-0.007238268852233887,0.013278186321258545,-0.01082611083984375,-0.006447315216064453,0.006026566028594971,-0.0060024261474609375,0.02093327045440674
2025-12-02,-0.002682805061340332,0.013874709606170654,-0.004540801048278809,0.010158538818359375,-0.007209658622741699,0.012274205684661865,-0.012301266193389893,-0.015735387802124023,-0.003718256950378418,0.0023282766342163086,-0.0004105567932128906,0.005960345268249512,-0.010247111320495605,-0.011581182479858398
2025-12-03,0.0045642852783203125,-0.010095357894897461,-0.03337973356246948,-0.0390704870223999,0.0007739067077636719,-0.010810256004333496,0.013474106788635254,0.017077326774597168,0.003998517990112305,-0.0016336441040039062,-0.04433131217956543,-0.016799330711364746,0.028182566165924072,0.013650357723236084
2025-12-04,-5.269050598144531e-05,-0.007318854331970215,0.00413668155670166,0.00890958309173584,-0.0015488862991333008,0.003298342227935791,-0.003449559211730957,0.008687078952789307,-0.019010424613952637,0.004892826080322266,-0.0022335052490234375,-0.003101825714111328,-0.006936073303222656,-0.016071438789367676
2025-12-05,-0.012595534324645996,-0.001953125,0.015403985977172852,0.008480548858642578,-0.002126455307006836,-0.006117105484008789,0.004182577133178711,-0.012393712997436523,-0.008227109909057617,-0.009131312370300293,0.018252253532409668,-0.0246809720993042,-0.0057076215744018555,0.007029891014099121
2025-12-08,0.008483409881591797,0.006783604621887207,-0.02540135383605957,-0.03898811340332031,0.006751537322998047,0.00019937753677368164,-0.0020825862884521484,0.021639645099639893,0.03298467397689819,0.010904908180236816,-0.04692649841308594,0.015542924404144287,0.032224416732788086,0.030973494052886963
2025-12-09,-0.02047133445739746,-0.001648545265197754,0.016289591789245605,0.023430705070495605,-0.01320648193359375,0.0059814453125,-0.010362684726715088,-0.022623896598815918,-0.0035059452056884766,0.0018765926361083984,0.01579129695892334,-0.003084421157836914,-0.013952493667602539,-0.00547945499420166
2025-12-10,-0.022272586822509766,-0.002116084098815918,-0.01282280683517456,-0.0043103694915771484,0.00479203462600708,0.0073212385177612305,-0.00843513011932373,0.0072920918464660645,0.012435615062713623,-0.0009400844573974609,-0.005676865577697754,-0.0004169940948486328,0.0157548189163208,0.013624012470245361
2025-12-11,-0.02083122730255127,0.004614412784576416,-0.003969013690948486,0.008516073226928711,-0.005007624626159668,-0.010608196258544922,-0.002640068531036377,-0.0036106109619140625,-0.002038717269897461,-0.023714542388916016,0.0035134553909301758,-0.0036467313766479492,-0.01668238639831543,-0.010128974914550781
2025-12-12,-0.005087375640869141,-0.010528802871704102,-0.0018112659454345703,-0.001125931739807129,-0.001724839210510254,-0.0011996030807495117,0.004411816596984863,-0.020841121673583984,-0.01268625259399414,0.0016055107116699219,0.0020132064819335938,0.00010377168655395508,-0.014681458473205566,0.0009115934371948242
2025-12-15,0.011363029479980469,0.0010107755661010742,0.0021774768829345703,0.01127159595489502,-0.014922499656677246,0.005391955375671387,-0.0005856752395629883,-0.019200444221496582,-0.0060272216796875,-0.0022972822189331055,0.007861614227294922,-0.004256844520568848,-0.0059577226638793945,0.007299244403839111
2025-12-16,0.001583099365234375,-0.05074727535247803,-0.007785618305206299,-0.007523536682128906,0.011498510837554932,0.0018070340156555176,0.0005860328674316406,0.0048885345458984375,0.007283449172973633,-0.0004584789276123047,-0.014387190341949463,0.0063065290451049805,0.0029287338256835938,0.01194852590560913
2025-12-17,0.009891867637634277,0.004181623458862305,0.016788363456726074,0.02063596248626709,-0.005339384078979492,0.010359048843383789,-0.009956061840057373,-0.0058710575103759766,0.01325368881225586,0.0043528079986572266,0.01969742774963379,-0.015294075012207031,0.0010443925857543945,-0.002790689468383789
2025-12-18,-0.0026758909225463867,0.004164338111877441,0.0016151666641235352,-0.002475738525390625,-0.006828427314758301,0.004369914531707764,0.003253459930419922,0.0019058585166931152,-0.0012593269348144531,0.0039116740226745605,-0.0036219358444213867,-0.0017421245574951172,-0.007253050804138184,0.005565822124481201
2025-12-19,-0.002531290054321289,0.0006504058837890625,0.013796806335449219,-0.008341968059539795,-0.00923144817352295,-0.0059201717376708984,-0.001990020275115967,-0.010621786117553711,-0.011737942695617676,0.0023099780082702637,0.007702946662902832,-0.002813100814819336,0.0007784366607666016,-0.012126922607421875
2025-12-22,-0.0007105469703674316,0.002112746238708496,0.006716132164001465,0.011540651321411133,-0.004853367805480957,-0.0022324323654174805,0.010634422302246094,-0.007912158966064453,-0.013851046562194824,0.004630684852600098,0.012453794479370117,0.006120562553405762,0.007985413074493408,-0.003686666488647461
2025-12-23,-0.0041648149490356445,-0.006649315357208252,-0.005091249942779541,-0.0005498528480529785,0.013746917247772217,-0.009010791778564453,-0.004019021987915039,0.0041007399559021,0.007589936256408691,-0.006047964096069336,-0.003393232822418213,0.0024632811546325684,0.002879619598388672,0.0018365979194641113
2025-12-24,-0.00642627477645874,0.0010613203048706055,-0.00670546293258667,-0.003644585609436035,0.013938665390014648,-0.0006021261215209961,-0.002347707748413086,0.008941173553466797,0.0021767616271972656,-0.00046241283416748047,0.00025534629821777344,0.003035306930541992,0.010501503944396973,0.0022998452186584473
2025-12-26,0.0009239912033081055,0.0015492439270019531,-0.008172035217285156,0.0026917457580566406,-0.0009551048278808594,0.005114376544952393,-0.006912827491760254,-0.010446429252624512,-0.00212252140045166,-0.00023102760314941406,-0.004595339298248291,0.002734959125518799,0.003581821918487549,0.00783771276473999
2025-12-29,0.012000679969787598,0.0030939579010009766,-0.001970231533050537,0.005644321441650391,-0.0034351348876953125,0.0004031658172607422,-0.005257666110992432,0.006813943386077881,0.012060940265655518,0.0025415420532226562,0.001367807388305664,0.0012935996055603027,0.007122933864593506,0.007434964179992676
2025-12-30,0.009932637214660645,0.011363625526428223,0.01866471767425537,0.02060234546661377,-0.017877578735351562,0.0008066892623901367,-0.0005955696105957031,-0.0034303665161132812,-0.0022630691528320312,0.002779722213745117,0.015282154083251953,-0.008704185485839844,-0.0167616605758667,-0.00046813488006591797
2025-12-31,-0.001956939697265625,0.018780112266540527,0.010042309761047363,0.005700588226318359,0.0018684864044189453,-0.0003027915954589844,0.0002980232238769531,-0.00919485092163086,-0.026975631713867188,-0.022531986236572266,0.009838581085205078,-0.008988618850708008,-0.013913631439208984,-0.010762691497802734
2026-01-01,0.0049773454666137695,0.003938913345336914,0.016396403312683105,-0.004334568977355957,0.003182351589202881,5.042552947998047e-05,-0.003648817539215088,-0.0,-0.03008568286895752,-0.007723689079284668,0.0029145479202270508,-0.002596259117126465,0.0011706352233886719,0.005092620849609375
2026-01-02,-5.0008296966552734e-05,-0.005885124206542969,0.0142439603805542,0.004085421562194824,-0.0026291608810424805,-0.010543227195739746,-0.013004541397094727,-0.0036211013793945312,-0.013760924339294434,0.010369718074798584,0.011374950408935547,-0.014419913291931152,-0.020315170288085938,-0.03722667694091797
2026-01-05,0.01555931568145752,0.014918327331542969,0.005922198295593262,-0.004135489463806152,0.01198732852935791,-0.024061501026153564,-0.011878371238708496,0.011522293090820312,0.00277024507522583,0.0018222928047180176,-0.0021344423294067383,-0.006606936454772949,-0.036120057106018066,-0.024226069450378418
2026-01-06,-0.006108701229095459,0.006221771240234375,-0.005887329578399658,-0.0022103190422058105,-0.026729822158813477,-0.015652179718017578,-0.028946399688720703,0.002354860305786133,-0.015889763832092285,-0.020310401916503906,0.0030440092086791992,-0.013276338577270508,-0.020817995071411133,0.0008760690689086914
2026-01-07,-0.004163563251495361,0.001313924789428711,0.010490655899047852,-0.0059743523597717285,0.0072067975997924805,-0.013666629791259766,-0.011692166328430176,0.0038947463035583496,0.01793825626373291,-0.0011646747589111328,0.0017224550247192383,0.011532068252563477,-0.0035598278045654297,-0.030249953269958496
2026-01-08,-0.012393593788146973,-0.006715536117553711,-0.028298795223236084,-0.016342520713806152,-0.010829567909240723,-0.0024761557579040527,-0.005113124847412109,-0.019786715507507324,0.01603829860687256,-0.0051305294036865234,-0.02284449338912964,0.00908505916595459,-0.029279112815856934,-0.0331915020942688
2026-01-09,0.0071566104888916016,-0.011501431465148926,0.003791213035583496,0.0004805326461791992,-0.0017595291137695312,-0.008133530616760254,-0.02139371633529663,0.0008133053779602051,0.001358330249786377,-0.002812981605529785,0.000754237174987793,-0.002505064010620117,0.004954695701599121,0.005281686782836914
2026-01-12,0.008606910705566406,0.0017294883728027344,0.005150198936462402,-0.0034310221672058105,-0.009400725364685059,-0.0021831393241882324,0.006266355514526367,0.014302372932434082,-0.026296377182006836,0.003056049346923828,0.0020933151245117188,-0.014642715454101562,0.01060032844543457,0.005253911018371582
2026-01-13,-0.03557252883911133,-0.009574592113494873,-0.0011956095695495605,0.0055773258209228516,-0.014234840869903564,0.00042688846588134766,0.016913175582885742,-0.021351873874664307,-0.005632519721984863,-0.0004687309265136719,0.011029362678527832,-0.013101458549499512,0.013477325439453125,-0.0074040889739990234
2026-01-14,0.004526972770690918,-0.029160141944885254,0.019322872161865234,0.020131468772888184,-0.009827494621276855,-0.0126953125,-0.012943625450134277,0.0013259649276733398,-0.0372852087020874,-0.012895643711090088,-0.033388495445251465,9.721517562866211e-05,-0.0787050724029541,0.00702059268951416
2026-01-16,-0.05023813247680664,0.0035418272018432617,0.0018453598022460938,0.02100956439971924,-0.0947943925857544,0.00610506534576416,-0.00535815954208374,0.008667349815368652,-0.009899377822875977,-0.006650805473327637,-0.028630733489990234,-0.013565540313720703,0.01740396022796631,0.022222161293029785
2026-01-19,0.004339754581451416,-0.0102766752243042,-0.0035164952278137207,-0.001709282398223877,-0.034967660903930664,-0.003436744213104248,-0.021406352519989014,-0.007996141910552979,0.004245936870574951,-0.020803451538085938,-0.032576560974121094,0.003741741180419922,-0.007266521453857422,-0.029837965965270996
2026-01-20,0.01929575204849243,0.010707437992095947,-0.016635775566101074,-0.020283162593841553,0.02306044101715088,0.003556370735168457,-0.0034766793251037598,-0.012391805648803711,-0.04700988531112671,0.007261693477630615,-0.0177609920501709,0.0019260644912719727,0.009581208229064941,-0.04657292366027832
2026-01-21,0.006342053413391113,0.006648600101470947,-0.009911119937896729,-0.018955469131469727,-0.010429978370666504,-0.011651694774627686,-0.01947963237762451,-0.0070653557777404785,0.0022095441818237305,0.00519108772277832,-0.01415485143661499,0.007477819919586182,0.018551170825958252,-0.0018433332443237305
2026-01-22,-0.005678892135620117,-0.0077048540115356445,0.020883679389953613,0.025967836380004883,-0.02209341526031494,-0.0017927289009094238,-0.0025945305824279785,-0.03300201892852783,-0.005181074142456055,-0.010436415672302246,0.009378433227539062,-0.01915121078491211,-0.013393640518188477,-0.0013850927352905273
2026-01-23,0.0344310998916626,-0.028421401977539062,-0.030092954635620117,-0.018565475940704346,0.01293414831161499,-0.0028301477432250977,-0.0015607476234436035,0.014370560646057129,-0.011080920696258545,0.007511794567108154,-0.040042757987976074,-0.017980635166168213,0.011500120162963867,-0.03282475471496582
2026-01-27,0.002639472484588623,-0.04594600200653076,0.019870996475219727,0.019188880920410156,-0.022976160049438477,0.011243343353271484,0.013398885726928711,-0.006145358085632324,0.00257718563079834,-0.033349037170410156,0.023383378982543945,0.02297234535217285,-0.014122843742370605,0.004780173301696777
2026-01-28,0.0012453794479370117,-0.0030399560928344727,0.013843894004821777,0.019495248794555664,0.0017547011375427246,0.006800532341003418,0.004627585411071777,0.006826341152191162,0.0077675580978393555,0.00905299186706543,0.012554407119750977,0.009827613830566406,-0.038353919982910156,0.021883845329284668
2026-01-29,-0.026549696922302246,-0.03326249122619629,-0.0123060941696167,-0.04702025651931763,-0.011073946952819824,0.0030020475387573242,0.011625409126281738,-0.006511569023132324,-0.0036597251892089844,0.0,0.0060340166091918945,0.0025388002395629883,0.013686537742614746,-0.007914364337921143
2026-01-30,0.005618035793304443,-0.004913210868835449,-0.01007002592086792,-0.019310057163238525,-0.000521540641784668,-0.006680905818939209,-0.020670711994171143,-0.0013178586959838867,-0.002560138702392578,-0.010669231414794922,-0.0004929304122924805,0.010270237922668457,-0.007356166839599609,0.004692673683166504
2026-02-01,0.002799391746520996,0.021891415119171143,-0.06568962335586548,-0.04316449165344238,0.00920933485031128,-0.007694423198699951,-0.015350580215454102,0.018545150756835938,-0.0005579590797424316,-0.0018382072448730469,-0.028771042823791504,-0.054727792739868164,-0.06301170587539673,-0.012610971927642822
2026-02-02,0.014699816703796387,0.021560728549957275,-0.00756603479385376,0.03837418556213379,0.013328731060028076,0.006506919860839844,0.013941049575805664,0.009996354579925537,0.016357779502868652,0.0023328065872192383,0.003554821014404297,0.010312199592590332,0.010391473770141602,0.0023652315139770508
2026-02-03,-0.017716526985168457,-0.03408312797546387,0.028077363967895508,0.005924344062805176,-0.01493072509765625,-0.022195935249328613,0.02727663516998291,-0.044822096824645996,0.013347983360290527,0.018618226051330566,0.015096545219421387,0.03450953960418701,0.01916670799255371,0.005663037300109863
2026-02-04,0.0013743042945861816,0.012903690338134766,0.019171595573425293,0.0011217594146728516,-0.006654977798461914,-0.0046378374099731445,0.013456225395202637,-0.0034178495407104492,-0.0011925697326660156,-0.008297204971313477,-0.0016616582870483398,0.003758668899536133,0.009747147560119629,0.011262297630310059
2026-02-05,-0.005148053169250488,0.0060506463050842285,-0.001419663429260254,0.005322575569152832,-0.0006959438323974609,0.0035672783851623535,-0.008449316024780273,-0.003993511199951172,-0.007489383220672607,-0.008730471134185791,0.0035785436630249023,0.004961609840393066,0.010277628898620605,-0.007888615131378174
2026-02-06,-0.005121707916259766,-0.008266925811767578,-0.004265189170837402,-0.006548285484313965,0.002781689167022705,0.009055554866790771,0.0068743228912353516,0.004328548908233643,-0.01181107759475708,-0.0332721471786499,-0.010033965110778809,-0.0066138505935668945,0.0011802911758422852,-0.004209458827972412
2026-02-09,-0.014378666877746582,0.00014901161193847656,0.004818916320800781,0.0042073726654052734,0.0005229711532592773,0.00409090518951416,-0.006969571113586426,0.004112303256988525,0.026892542839050293,-0.015271663665771484,0.004774689674377441,-0.07464361190795898,0.010385632514953613,0.012681961059570312
2026-02-10,0.004128098487854004,-0.01140594482421875,-0.0008881092071533203,-0.007471621036529541,0.01534968614578247,0.005174696445465088,0.007305026054382324,0.011680126190185547,-0.00032335519790649414,-0.0011659860610961914,-0.0038349032402038574,0.0016579627990722656,-0.004000425338745117,-0.007421135902404785
2026-02-11,0.010887503623962402,0.006928503513336182,0.0030221939086914062,-0.009005188941955566,-0.029229402542114258,0.005684316158294678,-0.00028443336486816406,0.014444291591644287,-0.002802908420562744,-0.0005823373794555664,-0.0004184246063232422,-0.03391313552856445,0.005969047546386719,-0.0037383437156677246
2026-02-12,-0.010451912879943848,0.005418300628662109,-0.0047855377197265625,-0.004756510257720947,0.011703908443450928,0.007011115550994873,0.016997337341308594,0.004966020584106445,-0.0024864673614501953,0.007682442665100098,-0.015907585620880127,-0.008031129837036133,0.0037153959274291992,-0.010318934917449951
2026-02-13,0.005696535110473633,0.005746245384216309,-0.008192300796508789,-0.021042823791503906,-0.004179716110229492,0.018140316009521484,-0.010769248008728027,0.007425427436828613,0.0036306381225585938,0.0131378173828125,-0.018206536769866943,-0.005199551582336426,-0.011767983436584473,-0.011374413967132568
2026-02-16,-0.015177369117736816,-0.019515156745910645,0.017776966094970703,0.028708696365356445,-0.0024280548095703125,-0.024228334426879883,-0.0021207332611083984,-0.01680159568786621,0.006317138671875,-0.01176750659942627,0.0152512788772583,-0.007925868034362793,0.023592591285705566,0.004793763160705566
2026-02-17,0.01014852523803711,0.0008099079132080078,0.03652083873748779,0.022453665733337402,0.0005190372467041016,0.00010800361633300781,-0.0029044747352600098,-0.005306839942932129,0.012769579887390137,0.002702057361602783,-0.03525090217590332,-0.0043871402740478516,0.03167843818664551,0.005725264549255371
2026-02-18,-0.022305607795715332,-0.01458895206451416,0.006297945976257324,0.018981575965881348,-0.006924033164978027,0.0010802745819091797,0.0004973411560058594,-0.015117049217224121,0.0009006261825561523,-0.004476308822631836,-0.026877760887145996,-0.0045326948165893555,0.022341012954711914,0.007590174674987793
2026-02-19,0.004892110824584961,0.01481485366821289,-0.0023680925369262695,-0.01658850908279419,0.008767485618591309,0.009841084480285645,-0.01377636194229126,0.019264817237854004,-0.018313705921173096,0.02333766222000122,0.016138136386871338,0.010829508304595947,-0.018590450286865234,-0.01318269968032837
2026-02-20,-0.012388825416564941,-0.008624553680419922,0.015089869499206543,0.031662702560424805,-0.014915108680725098,0.004095673561096191,0.004104256629943848,-0.006387114524841309,-0.0014018416404724121,-0.011887669563293457,-0.0276644229888916,-0.00862574577331543,0.023533105850219727,0.003816843032836914
2026-02-23,-0.05395042896270752,-0.013447284698486328,0.0140303373336792,0.014809370040893555,-0.012303471565246582,-0.0128859281539917,0.003513813018798828,-0.16129803657531738,-0.00680309534072876,-0.022190570831298828,-0.005240917205810547,-0.009621024131774902,0.019589662551879883,-0.007129371166229248
2026-02-24,0.028847217559814453,-0.0006490945816040039,-0.0008236169815063477,0.0038299560546875,0.0018569231033325195,0.014183580875396729,-0.010433018207550049,0.01327812671661377,0.012666463851928711,0.0069653987884521484,-0.00584566593170166,0.0036650896072387695,0.014359354972839355,-0.00335085391998291
2026-02-25,-0.02005589008331299,-0.011098265647888184,0.008737325668334961,0.012037873268127441,-0.011669278144836426,0.003185093402862549,0.01133739948272705,-0.010567843914031982,0.006388187408447266,0.006429731845855713,0.0037697553634643555,0.01896512508392334,-0.006579577922821045,-0.004803121089935303
2026-02-26,-0.009571313858032227,0.005345702171325684,0.02729201316833496,-0.0002600550651550293,-0.001337289810180664,0.009916245937347412,0.00314176082611084,0.03688406944274902,-0.029071331024169922,0.0009413361549377441,0.0004729628562927246,-0.007832646369934082,0.011239290237426758,0.015444040298461914
2026-02-27,-0.014752805233001709,0.008312404155731201,-0.0077950358390808105,-0.009557247161865234,-0.0011686086654663086,0.012074291706085205,-0.018506646156311035,0.009202122688293457,0.008138060569763184,0.022023260593414307,0.007965922355651855,0.006448984146118164,0.0036221742630004883,-0.015209197998046875
2026-03-02,-0.007408559322357178,0.008382081985473633,-0.02100372314453125,-0.02415645122528076,0.01634150743484497,0.009405791759490967,-0.0035535693168640137,-0.023135602474212646,0.014894187450408936,0.005057811737060547,0.02615678310394287,0.009819388389587402,-0.020467698574066162,-0.026061713695526123
2026-03-04,-0.005413949489593506,0.015302777290344238,-0.0504421591758728,-0.0431857705116272,-0.02881842851638794,0.012224256992340088,-0.0062590837478637695,-0.02396214008331299,0.015862107276916504,0.023602008819580078,-0.03714585304260254,0.012942254543304443,-0.035330355167388916,-0.008424162864685059
2026-03-05,0.028908133506774902,0.001628100872039795,0.008623719215393066,0.010756492614746094,0.011345744132995605,-0.010475993156433105,-0.005712628364562988,0.004853010177612305,-0.010403752326965332,-0.009792923927307129,0.006867885589599609,0.004257142543792725,0.0003662109375,0.010994434356689453
2026-03-06,-0.009450912475585938,-0.024683058261871338,-0.021545767784118652,-0.017110705375671387,-0.01104593276977539,0.023583054542541504,-0.03255742788314819,-0.005965888500213623,0.020646631717681885,0.018413960933685303,-0.02366316318511963,0.022659242153167725,-0.01333683729171753,-0.00543743371963501
2026-03-09,-0.03380864858627319,-0.020899832248687744,-0.024641811847686768,-0.04153984785079956,-0.046073317527770996,0.019077062606811523,-0.026648402214050293,-0.04601317644119263,-0.03993022441864014,0.0336417555809021,-0.03553563356399536,0.038932621479034424,-0.050834834575653076,-0.02335989475250244
2026-03-10,0.007352471351623535,0.020492076873779297,0.022039175033569336,0.016907811164855957,0.009879350662231445,-0.01040804386138916,-0.026204586029052734,0.007639169692993164,0.01985931396484375,-0.014235854148864746,0.021373629570007324,-0.012471556663513184,0.040433406829833984,0.013231515884399414
2026-03-11,-0.02141714096069336,-0.04480099678039551,-0.017356276512145996,-0.02011173963546753,-0.02373182773590088,0.018247127532958984,0.013186991214752197,-0.01650059223175049,-0.0239790678024292,0.022074759006500244,-0.014359533786773682,0.018971383571624756,-0.02887815237045288,-0.019085824489593506
2026-03-12,-0.0176393985748291,-0.016961336135864258,-0.00035685300827026367,0.006668567657470703,0.002968907356262207,0.0014389753341674805,0.0217055082321167,-0.020858585834503174,-0.052214622497558594,0.02061593532562256,0.006662487983703613,0.005407392978668213,0.0065222978591918945,-0.011264801025390625
2026-03-13,-0.019784986972808838,-0.030133605003356934,-0.02819913625717163,-0.04033559560775757,-0.026642024517059326,0.01891326904296875,0.009238004684448242,-0.03411543369293213,-0.020388484001159668,0.022515296936035156,-0.042181432247161865,0.03520083427429199,-0.04514002799987793,-0.02641117572784424
2026-03-16,0.0010741949081420898,0.01453256607055664,-0.0038567185401916504,-0.00130385160446167,-0.00836336612701416,-0.028886079788208008,-0.014424562454223633,0.0038356781005859375,0.013077020645141602,-0.008177757263183594,-0.0065413713455200195,-0.01881563663482666,0.009891867637634277,-0.013829708099365234
2026-03-17,0.018920183181762695,0.011031508445739746,0.011799335479736328,0.015436530113220215,0.014184355735778809,-0.005650758743286133,-0.012412548065185547,0.013532876968383789,-0.005090594291687012,-0.01176154613494873,0.009366512298583984,0.0018749237060546875,0.0026764869689941406,0.005393624305725098
2026-03-18,0.031151294708251953,0.020438075065612793,-0.00036448240280151367,0.006806850433349609,0.02627110481262207,0.002720773220062256,-0.00046563148498535156,0.025133609771728516,0.025948762893676758,-0.0032068490982055664,0.00992286205291748,-0.004790186882019043,0.010450363159179688,0.016094446182250977
2026-03-19,-0.03074777126312256,-0.03686559200286865,-0.037367820739746094,-0.03335338830947876,-0.020626187324523926,-0.0531996488571167,0.03040415048599243,-0.040606796741485596,-0.03069525957107544,0.019312739372253418,-0.03202325105667114,0.019536375999450684,-0.032319724559783936,-0.02903914451599121
2026-03-20,-5.543231964111328e-05,-0.0025683045387268066,0.02707827091217041,0.02642226219177246,0.0045130252838134766,-0.022237539291381836,0.0037596821784973145,0.005430459976196289,0.0028176307678222656,0.003802776336669922,0.018608927726745605,-0.008675694465637207,0.031772732734680176,0.01033174991607666
2026-03-23,-0.057626187801361084,-0.027660131454467773,-0.050331950187683105,-0.050424039363861084,-0.04773491621017456,-0.04651159048080444,0.01822715997695923,-0.04305005073547363,-0.049169301986694336,0.027811884880065918,-0.05360764265060425,0.024669170379638672,-0.0509486198425293,-0.05005383491516113
2026-03-24,0.03289973735809326,0.018879175186157227,0.017472386360168457,0.02774679660797119,0.03204238414764404,0.02788412570953369,-0.02330911159515381,0.030710458755493164,0.024282217025756836,-0.02888798713684082,0.016184091567993164,0.001065969467163086,0.031083226203918457,0.02379608154296875
2026-03-25,0.03749287128448486,0.024649977684020996,0.008013725280761719,0.025368571281433105,0.032190561294555664,0.02274799346923828,-0.006793498992919922,0.018521547317504883,0.02652871608734131,-0.011585116386413574,0.026192069053649902,-0.02890956401824951,0.03739500045776367,0.02213609218597412
2026-03-27,-0.03037130832672119,-0.013828694820404053,-0.04542875289916992,-0.04456382989883423,-0.006089746952056885,-0.03336310386657715,0.020560383796691895,-0.021663546562194824,-0.03158605098724365,0.013338744640350342,-0.0448765754699707,0.03875160217285156,-0.02684122323989868,-0.018949568271636963
2026-03-30,-0.04536956548690796,-0.03642541170120239,-0.04878044128417969,-0.05361098051071167,-0.03676193952560425,-0.032597243785858154,0.022613108158111572,-0.048812031745910645,-0.05059611797332764,0.03482180833816528,-0.04346126317977905,0.03933298587799072,-0.06428080797195435,-0.048013269901275635
2026-04-01,0.038210511207580566,0.027383089065551758,0.01792776584625244,0.031127095222473145,0.03161144256591797,0.014626502990722656,-0.005638837814331055,0.02259981632232666,0.04412257671356201,-0.007498621940612793,0.0341792106628418,-0.03920769691467285,0.0453106164932251,0.038260817527770996
2026-04-02,-0.007600903511047363,0.004023194313049316,-0.009829998016357422,-0.0020287036895751953,-0.0076607465744018555,0.011653780937194824,-0.002556324005126953,0.0006647109985351562,-0.0088462233543396,-0.005476832389831543,0.004650712013244629,-0.0005894899368286133,0.002039194107055664,-0.0022333264350891113
2026-04-06,0.017621636390686035,0.03956925868988037,0.04074454307556152,0.027321457862854004,0.022406339645385742,0.026767849922180176,-0.01283109188079834,0.014281034469604492,0.00963139533996582,-0.0071228742599487305,0.019304633140563965,-0.014090657234191895,0.012384414672851562,0.015668630599975586
2026-04-07,0.005545854568481445,0.00385439395904541,-0.0063593387603759766,-0.007677674293518066,0.013443827629089355,0.0012969970703125,-0.011450409889221191,0.0018008947372436523,-0.0017807483673095703,-0.006656527519226074,-0.018069326877593994,0.0022754669189453125,-0.012864649295806885,-0.0011019706726074219
2026-04-08,-0.08931279182434082,-0.066314697265625,-0.06940007209777832,-0.07481849193572998,0.03379976749420166,-0.05712437629699707,-0.05114412307739258,-0.07648313045501709,-0.06517589092254639,-0.04738938808441162,-0.062782883644104,-0.030133843421936035,-0.08017218112945557,0.050193190574645996
2026-04-09,0.004959702491760254,0.010877728462219238,0.006358742713928223,0.009202241897583008,-0.004042983055114746,0.022546231746673584,0.021310627460479736,0.008957087993621826,0.025599658489227295,0.021701931953430176,0.013981521129608154,0.01931321620941162,0.00522458553314209,-0.0057773590087890625
2026-04-10,-0.01952230930328369,-0.024497628211975098,-0.007152199745178223,-0.016178607940673828,0.02965068817138672,-0.015795350074768066,-0.03168654441833496,-0.014246344566345215,-0.020072460174560547,-0.007125496864318848,-0.020189762115478516,-0.024737000465393066,-0.0234987735748291,0.00792396068572998
2026-04-13,0.0028010010719299316,-0.0020728111267089844,0.0016818642616271973,0.009803235530853271,-0.011998653411865234,0.019252121448516846,-0.022089362144470215,0.020389676094055176,0.014442145824432373,0.007075130939483643,0.009572923183441162,0.0029529333114624023,0.023012280464172363,-0.010482192039489746
2026-04-15,-0.0020939111709594727,-0.0014036893844604492,-0.012167692184448242,-0.021140336990356445,-0.004684269428253174,-0.0191267728805542,0.0022203922271728516,-0.03160655498504639,-0.02588832378387451,-0.02823340892791748,-0.021189570426940918,-0.0074748992919921875,-0.02182161808013916,0.025423765182495117
2026-04-16,-0.0029048919677734375,0.0043526291847229,-0.0011096000671386719,0.004738271236419678,-0.008541107177734375,0.017841696739196777,0.0019286274909973145,-0.013600349426269531,-0.009284615516662598,0.008498966693878174,-0.004277348518371582,0.004059731960296631,0.0011658072471618652,0.030475258827209473
2026-04-17,-0.006758451461791992,-0.007039070129394531,-0.003694772720336914,-0.009448528289794922,0.03287625312805176,-0.005594372749328613,-0.000966191291809082,-0.010468840599060059,-0.007076263427734375,-0.011736869812011719,-0.00815582275390625,-0.01227569580078125,-0.002228260040283203,0.01203000545501709
2026-04-20,-0.007116913795471191,0.003237426280975342,-0.0020247697830200195,-0.002611994743347168,0.002042531967163086,0.005563199520111084,-0.006979465484619141,0.0150299072265625,0.002283632755279541,0.011470258235931396,0.0064719319343566895,-0.025549650192260742,-0.002011537551879883,-0.017335355281829834
2026-04-21,-0.040344834327697754,-0.016977906227111816,-0.010837554931640625,-0.01063835620880127,0.00475621223449707,-0.020491480827331543,-0.0237429141998291,-0.00651860237121582,-0.005223274230957031,-0.007779479026794434,-0.0032570362091064453,-0.0036106109619140625,-0.01104128360748291,-0.0035282373428344727
2026-04-22,-0.005106449127197266,-0.0013791322708129883,0.004543006420135498,-0.006731152534484863,0.0023669004440307617,0.014598071575164795,0.014981329441070557,-0.006476283073425293,-0.01599717140197754,0.013868868350982666,-0.004869699478149414,0.007689833641052246,-0.013951301574707031,0.011127948760986328
2026-04-23,-0.012509584426879883,0.0072484612464904785,0.022635936737060547,0.03001636266708374,-0.0035419464111328125,0.019439995288848877,0.014331638813018799,0.008043229579925537,0.011205613613128662,0.01711559295654297,0.017051100730895996,0.008202731609344482,-0.07389843463897705,0.002001047134399414
2026-04-24,-0.008899450302124023,0.0027014613151550293,0.008031487464904785,0.00014656782150268555,-0.00812453031539917,-0.0006374120712280273,0.016172170639038086,0.008845627307891846,0.01441270112991333,-0.0012149810791015625,-0.00328671932220459,-0.006259918212890625,-0.015079915523529053,-0.009485781192779541
2026-04-27,0.021254658699035645,0.030529379844665527,0.0005648136138916016,0.002346932888031006,0.003583550453186035,-0.006307005882263184,0.009123802185058594,-0.04521775245666504,-0.06156027317047119,-0.016044139862060547,-0.007007002830505371,-0.009763002395629883,-0.005084693431854248,0.005040287971496582
2026-04-28,0.019367218017578125,0.026582062244415283,0.02241891622543335,0.024332821369171143,-0.011732637882232666,0.009179532527923584,0.016817569732666016,0.022200047969818115,0.01621955633163452,-0.0030521154403686523,0.02186882495880127,0.018482625484466553,-0.03191375732421875,0.0015044212341308594
2026-04-29,0.0050351619720458984,-0.0057408809661865234,-0.001541733741760254,0.0003014802932739258,-0.020130813121795654,0.004536449909210205,0.008513927459716797,-0.02095770835876465,-0.0318446159362793,-0.010715723037719727,0.0018477439880371094,0.0040318965911865234,-0.018594563007354736,0.015022635459899902
2026-04-30,0.001670539379119873,0.021675407886505127,0.017894983291625977,0.017560958862304688,0.007726073265075684,0.009370982646942139,0.013739228248596191,0.007270157337188721,-0.002517104148864746,-0.0034030675888061523,0.016382873058319092,0.016974925994873047,-0.008188366889953613,-0.016773581504821777
2026-05-04,0.0009350776672363281,-0.005361437797546387,-0.006269574165344238,-0.0011507272720336914,0.007666826248168945,-0.009977936744689941,-0.005857229232788086,0.0007179975509643555,0.0023469924926757812,0.03039395809173584,0.0062105655670166016,4.673004150390625e-05,-0.013077020645141602,0.0015052556991577148
2026-05-05,0.007783293724060059,0.012077510356903076,0.006425201892852783,0.00367814302444458,0.011931538581848145,0.00910961627960205,0.015344679355621338,0.012070655822753906,0.0035014748573303223,0.0008071660995483398,0.007291018962860107,0.007955849170684814,-0.0001831650733947754,0.026052117347717285
2026-05-06,-0.016780853271484375,-0.027387499809265137,-0.02625906467437744,-0.02776491641998291,0.0013670921325683594,-0.03139972686767578,-0.022536516189575195,-0.012218117713928223,-0.03958487510681152,-0.014137625694274902,-0.0212705135345459,-0.034059762954711914,0.030597209930419922,-0.08056640625
2026-05-07,-0.00820314884185791,0.0011590123176574707,-0.00019085407257080078,0.015266120433807373,0.013822436332702637,0.0006276965141296387,0.00039076805114746094,-0.01149594783782959,-0.00021123886108398438,-0.007434964179992676,0.009713292121887207,0.0036496520042419434,-0.008711099624633789,-0.017171263694763184
2026-05-08,-0.017435073852539062,0.0188751220703125,0.02386409044265747,0.011702954769134521,0.0006732940673828125,0.01909428834915161,0.011102378368377686,-0.012501716613769531,-0.0040128231048583984,-0.003690004348754883,0.017164945602416992,-0.06657510995864868,-0.006217062473297119,-0.01910269260406494
2026-05-11,0.027608513832092285,-0.0031538009643554688,-0.00782322883605957,-0.036524415016174316,-0.016147971153259277,0.022027194499969482,-0.0012650489807128906,0.028763771057128906,0.029923737049102783,-0.0006564855575561523,0.02446979284286499,-0.044834673404693604,-0.014617443084716797,0.010462045669555664
2026-05-12,0.02134329080581665,0.009589016437530518,0.02270519733428955,0.00446927547454834,-0.026158392429351807,0.017285406589508057,0.020609557628631592,0.022247910499572754,0.03193104267120361,0.013252794742584229,0.017509400844573975,0.0010271072387695312,-0.009889483451843262,0.028193891048431396
2026-05-13,0.004801928997039795,0.003491818904876709,-0.0065528154373168945,-0.005800127983093262,-0.01667839288711548,0.0011327266693115234,0.0037894845008850098,-0.009160757064819336,0.00039196014404296875,-0.004388332366943359,0.00010007619857788086,-0.004617273807525635,0.0016647577285766602,-0.0022666454315185547
2026-05-14,-0.00995182991027832,0.000876009464263916,-0.023476004600524902,0.012227296829223633,0.0007141828536987305,-0.02661418914794922,-0.008417010307312012,-0.003513932228088379,-0.017254948616027832,-0.014696240425109863,-0.017923355102539062,0.010102152824401855,0.015019059181213379,-0.0036182403564453125
2026-05-15,0.014133572578430176,0.007811188697814941,0.023901283740997314,-0.021158993244171143,0.003746628761291504,0.002663850784301758,0.0012038350105285645,0.01298511028289795,0.023681044578552246,-0.010046958923339844,0.02449345588684082,-0.017042577266693115,-0.017950236797332764,0.005407869815826416
2026-05-18,0.011610269546508789,0.005543053150177002,0.005134284496307373,-0.02476203441619873,0.009420633316040039,-0.0014984607696533203,-0.0053032636642456055,0.0008869767189025879,-0.0064868927001953125,-0.012272357940673828,0.025108397006988525,-0.02470928430557251,-0.018834173679351807,0.01178067922592163
2026-05-19,0.0072522759437561035,-0.00032317638397216797,-0.0021834373474121094,0.010007381439208984,0.009332656860351562,0.008066117763519287,0.008232712745666504,-0.0032548904418945312,-0.003474712371826172,0.025140345096588135,-0.018204450607299805,0.010006308555603027,0.0004405975341796875,-0.007336020469665527
2026-05-20,-0.00216066837310791,-0.009286880493164062,-0.011289358139038086,0.011955499649047852,0.01151430606842041,0.0038691163063049316,0.0028207898139953613,-0.005898833274841309,-0.0021222829818725586,-0.0032726526260375977,-0.009041070938110352,0.0022133588790893555,0.0002516508102416992,-0.0013655424118041992
2026-05-21,0.01570838689804077,-0.002800464630126953,0.0017626285552978516,0.0024275779724121094,-0.021214187145233154,0.0004608035087585449,-0.004445195198059082,-0.0013195276260375977,-0.003121018409729004,0.006132602691650391,0.0029195547103881836,0.0,0.007043957710266113,0.01954549551010132
2026-05-22,-0.02002716064453125,-0.025612354278564453,-0.00882875919342041,0.0020987987518310547,0.012158632278442383,-0.01007699966430664,-0.017299652099609375,-0.008491873741149902,-0.011333942413330078,-0.008664846420288086,-0.007269859313964844,-0.0017877817153930664,0.003747224807739258,-0.0139082670211792
2026-05-25,-0.021883606910705566,-0.02007150650024414,-0.025671005249023438,-0.04261314868927002,0.007137894630432129,-0.02614760398864746,-0.02175116539001465,-0.008420467376708984,-0.01752448081970215,-0.022647380828857422,-0.03508424758911133,0.02149176597595215,-0.05070924758911133,-0.019204378128051758
2026-05-26,-0.012508749961853027,0.009075582027435303,0.006257176399230957,0.004094839096069336,0.003284454345703125,0.01010352373123169,0.00983130931854248,-0.010941624641418457,-0.006694793701171875,0.01069110631942749,0.003292679786682129,-0.0011344552040100098,0.007757425308227539,-0.024226069450378418
2026-05-27,0.0067206621170043945,-0.003694295883178711,-0.001526474952697754,-0.0076029300689697266,-0.004479706287384033,0.025998175144195557,0.005003511905670166,-0.017943620681762695,-0.0,-0.00012874603271484375,-0.007190108299255371,-0.0007227659225463867,-0.00692296028137207,0.003066122531890869
2026-05-29,0.0201990008354187,0.01341921091079712,0.008954107761383057,0.025100111961364746,0.00017309188842773438,0.018585681915283203,0.012807369232177734,0.002238452434539795,0.01925349235534668,0.011577069759368896,0.005884647369384766,-0.0035130977630615234,0.004978656768798828,-0.017135262489318848
